account_id,customer_id,account_type,balance,interest_rate,status
A200001,C100000,Savings,80080.56,3.01,Active
A200002,C100001,Salary,363790.11,4.75,Active
A200003,C100001,Savings,253010.43,4.02,Dormant
A200004,C100002,Savings,60787.47,6.03,Active
A200005,C100003,Savings,49784.32,4.88,Active
A200006,C100003,Premium,21330.93,3.38,Active
A200007,C100004,Savings,45934.24,4.83,Dormant
A200008,C100005,Savings,175546.47,5.46,Active
A200009,C100006,Current,96193.3,2.7,Active
A200010,C100006,Salary,184369.29,3.73,Active
A200011,C100007,Savings,321576.52,4.67,Dormant
A200012,C100008,Savings,288723.53,5.83,Dormant
A200013,C100008,Savings,77822.84,4.32,Active
A200014,C100009,Savings,171035.43,2.58,Dormant
A200015,C100010,Savings,131086.82,2.53,Active
A200016,C100011,Savings,196507.61,5.79,Active
A200017,C100012,Current,144906.05,4.46,Dormant
A200018,C100012,Savings,211897.22,4.13,Dormant
A200019,C100013,Salary,125784.35,6.22,Active
A200020,C100013,Premium,94411.42,5.23,Active
A200021,C100014,Savings,118388.19,2.64,Active
A200022,C100015,Savings,170284.47,4.29,Active
A200023,C100016,Savings,342636.05,6.28,Active
A200024,C100016,Salary,244519.8,6.46,Active
A200025,C100017,Current,126605.8,5.83,Active
A200026,C100018,Savings,322228.77,3.81,Active
A200027,C100018,Savings,85619.78,3.83,Active
A200028,C100019,Savings,38737.95,6.29,Active
A200029,C100020,Current,73908.93,3.3,Active
A200030,C100020,Salary,35797.38,4.23,Dormant
A200031,C100021,Savings,154883.61,5.43,Active
A200032,C100021,Savings,67869.24,4.96,Active
A200033,C100022,Current,14822.17,5.79,Active
A200034,C100023,Savings,53374.64,3.09,Active
A200035,C100024,Salary,48540.1,4.12,Dormant
A200036,C100025,Savings,331958.23,4.37,Active
A200037,C100026,Savings,116850.35,3.33,Dormant
A200038,C100026,Salary,255654.08,6.22,Active
A200039,C100027,Savings,70263.78,5.1,Active
A200040,C100028,Savings,241732.11,3.57,Active
A200041,C100028,Savings,231475.25,6.13,Active
A200042,C100029,Savings,307264.06,5.18,Active
A200043,C100030,Savings,21476.21,3.71,Active
A200044,C100031,Salary,26664.14,3.94,Active
A200045,C100031,Premium,14171.82,5.19,Active
A200046,C100032,Savings,76261.61,5.76,Active
A200047,C100033,Salary,100249.43,2.83,Dormant
A200048,C100034,Current,390248.0,4.44,Active
A200049,C100035,Savings,128612.23,4.31,Active
A200050,C100035,Salary,165140.04,2.77,Dormant
A200051,C100036,Savings,51035.57,2.63,Dormant
A200052,C100037,Savings,197409.24,4.49,Active
A200053,C100037,Savings,96450.98,4.14,Active
A200054,C100038,Savings,32470.32,3.37,Active
A200055,C100038,Savings,51987.86,6.45,Active
A200056,C100039,Current,262495.48,4.07,Active
A200057,C100039,Salary,57285.05,6.09,Dormant
A200058,C100040,Savings,85088.2,3.72,Dormant
A200059,C100040,Salary,143245.04,4.47,Active
A200060,C100041,Salary,144900.62,4.46,Dormant
A200061,C100042,Savings,198707.55,3.92,Dormant
A200062,C100043,Current,246456.92,5.98,Active
A200063,C100043,Savings,80794.51,4.59,Active
A200064,C100044,Salary,155368.9,4.05,Active
A200065,C100044,Premium,118510.43,6.34,Active
A200066,C100045,Current,133728.84,4.69,Dormant
A200067,C100046,Current,263048.59,5.09,Active
A200068,C100047,Salary,132870.32,4.66,Active
A200069,C100048,Savings,118080.59,3.19,Active
A200070,C100048,Savings,45699.77,4.91,Active
A200071,C100049,Savings,249164.28,3.35,Active
A200072,C100050,Premium,267346.85,3.09,Active
A200073,C100051,Premium,72070.48,4.49,Active
A200074,C100052,Savings,32857.83,6.44,Active
A200075,C100053,Salary,115928.56,4.53,Dormant
A200076,C100054,Savings,257041.51,3.42,Active
A200077,C100055,Savings,65569.81,4.74,Dormant
A200078,C100056,Savings,37010.35,3.33,Dormant
A200079,C100056,Current,103218.12,3.7,Active
A200080,C100057,Salary,141558.27,4.83,Active
A200081,C100058,Savings,305077.62,2.95,Active
A200082,C100059,Savings,94476.48,4.84,Active
A200083,C100060,Savings,334656.99,4.85,Active
A200084,C100061,Salary,77873.83,6.13,Dormant
A200085,C100062,Savings,170420.32,4.55,Dormant
A200086,C100063,Savings,167382.59,5.34,Active
A200087,C100064,Savings,24165.59,4.14,Dormant
A200088,C100064,Savings,45408.25,5.58,Active
A200089,C100065,Savings,149518.23,5.77,Active
A200090,C100066,Savings,135840.78,5.57,Active
A200091,C100067,Salary,265489.51,4.49,Active
A200092,C100068,Savings,203672.82,3.03,Active
A200093,C100069,Savings,21392.75,5.17,Active
A200094,C100070,Savings,132764.77,5.37,Active
A200095,C100070,Savings,87716.32,4.06,Active
A200096,C100071,Salary,273302.65,6.46,Active
A200097,C100072,Savings,189210.47,2.74,Active
A200098,C100073,Savings,160901.31,6.14,Active
A200099,C100073,Premium,59857.91,6.03,Active
A200100,C100074,Salary,67588.88,3.31,Active
A200101,C100074,Premium,41938.73,3.18,Dormant
A200102,C100075,Premium,296645.63,3.81,Active
A200103,C100076,Salary,251483.12,3.1,Dormant
A200104,C100077,Savings,133489.68,5.8,Active
A200105,C100078,Salary,10975.81,3.93,Active
A200106,C100079,Savings,277570.46,3.65,Active
A200107,C100080,Current,42728.51,4.23,Active
A200108,C100081,Current,81312.78,2.85,Active
A200109,C100081,Premium,125991.89,5.65,Active
A200110,C100082,Salary,196788.9,3.13,Active
A200111,C100083,Savings,213063.22,4.0,Dormant
A200112,C100083,Savings,180123.01,3.26,Active
A200113,C100084,Salary,61557.46,3.62,Active
A200114,C100085,Savings,194099.33,3.01,Active
A200115,C100086,Savings,109764.37,3.04,Dormant
A200116,C100087,Salary,278598.52,6.0,Active
A200117,C100087,Premium,170792.58,2.67,Active
A200118,C100088,Salary,51630.46,5.67,Dormant
A200119,C100089,Premium,121704.75,5.93,Active
A200120,C100090,Savings,370973.58,3.49,Active
A200121,C100091,Savings,53169.92,4.94,Active
A200122,C100092,Salary,119632.62,2.97,Dormant
A200123,C100093,Savings,292917.91,3.66,Active
A200124,C100094,Salary,142295.29,4.07,Dormant
A200125,C100094,Savings,115603.62,4.86,Active
A200126,C100095,Savings,83190.1,5.39,Active
A200127,C100096,Salary,215186.57,4.6,Active
A200128,C100096,Premium,96432.41,2.74,Active
A200129,C100097,Savings,122381.02,6.23,Active
A200130,C100097,Savings,203574.19,3.03,Active
A200131,C100098,Salary,58666.85,3.83,Dormant
A200132,C100099,Savings,9471.41,3.19,Active
A200133,C100100,Savings,15668.82,5.61,Active
A200134,C100101,Savings,178254.79,3.87,Active
A200135,C100101,Savings,93446.28,2.62,Active
A200136,C100102,Savings,123190.38,3.17,Dormant
A200137,C100103,Salary,121416.97,2.61,Active
A200138,C100104,Savings,112797.25,6.19,Dormant
A200139,C100104,Savings,89366.38,3.33,Active
A200140,C100105,Savings,138442.24,4.85,Dormant
A200141,C100106,Savings,229996.44,5.23,Active
A200142,C100107,Current,65601.33,6.44,Active
A200143,C100107,Premium,81528.94,2.52,Active
A200144,C100108,Savings,50221.15,3.92,Dormant
A200145,C100108,Current,30074.34,4.05,Active
A200146,C100109,Savings,144023.12,4.84,Active
A200147,C100110,Savings,35725.38,5.25,Active
A200148,C100111,Savings,117976.72,2.74,Dormant
A200149,C100112,Savings,71619.43,5.94,Active
A200150,C100113,Salary,65068.33,5.03,Active
A200151,C100114,Savings,68331.25,4.05,Dormant
A200152,C100115,Savings,41244.81,3.72,Active
A200153,C100116,Salary,110646.62,4.99,Dormant
A200154,C100116,Savings,132451.88,6.27,Dormant
A200155,C100117,Savings,105826.89,4.61,Active
A200156,C100117,Savings,171326.03,6.24,Dormant
A200157,C100118,Savings,137217.95,4.06,Dormant
A200158,C100118,Savings,257496.98,4.76,Active
A200159,C100119,Savings,13337.2,5.56,Active
A200160,C100120,Premium,125475.18,3.45,Dormant
A200161,C100120,Savings,104547.16,4.43,Active
A200162,C100121,Salary,169430.58,4.37,Dormant
A200163,C100122,Savings,65120.35,3.4,Active
A200164,C100123,Savings,132990.98,2.96,Active
A200165,C100123,Savings,221196.42,3.54,Active
A200166,C100124,Savings,3535.24,6.4,Dormant
A200167,C100125,Savings,243997.34,2.69,Active
A200168,C100126,Savings,50939.15,6.41,Active
A200169,C100127,Salary,76460.5,2.7,Dormant
A200170,C100127,Savings,245855.22,5.11,Active
A200171,C100128,Savings,49567.01,2.89,Active
A200172,C100128,Savings,57941.49,3.52,Active
A200173,C100129,Salary,61495.2,5.99,Active
A200174,C100130,Savings,245520.37,4.98,Dormant
A200175,C100130,Savings,161679.83,2.58,Active
A200176,C100131,Salary,134174.89,6.39,Active
A200177,C100132,Savings,99489.11,2.88,Active
A200178,C100133,Savings,38809.4,5.91,Active
A200179,C100134,Premium,11254.0,6.06,Active
A200180,C100135,Salary,132592.64,4.68,Active
A200181,C100136,Savings,108808.8,5.73,Dormant
A200182,C100137,Salary,135826.18,3.37,Active
A200183,C100138,Savings,378644.89,2.97,Active
A200184,C100139,Salary,42192.97,2.54,Active
A200185,C100140,Savings,262271.97,4.58,Active
A200186,C100141,Savings,36631.86,3.18,Active
A200187,C100142,Salary,154334.24,4.75,Active
A200188,C100142,Premium,63422.38,5.02,Active
A200189,C100143,Savings,53160.65,5.06,Dormant
A200190,C100143,Current,37982.9,5.44,Active
A200191,C100144,Salary,198828.02,2.54,Active
A200192,C100145,Savings,211047.12,5.92,Dormant
A200193,C100146,Savings,28875.67,5.14,Active
A200194,C100147,Savings,307718.88,6.14,Active
A200195,C100148,Savings,22747.71,2.72,Active
A200196,C100149,Salary,72795.18,2.86,Active
A200197,C100150,Savings,189641.74,4.87,Active
A200198,C100151,Current,150994.09,4.07,Active
A200199,C100151,Premium,132863.29,5.36,Active
A200200,C100152,Savings,246127.33,4.73,Active
A200201,C100152,Savings,328355.88,5.23,Active
A200202,C100153,Savings,228644.85,5.91,Active
A200203,C100154,Savings,135437.56,5.3,Active
A200204,C100155,Salary,81144.62,2.64,Dormant
A200205,C100156,Savings,151145.5,4.0,Active
A200206,C100156,Salary,36801.11,5.08,Active
A200207,C100157,Savings,35976.5,4.11,Active
A200208,C100158,Savings,313512.9,5.28,Active
A200209,C100159,Salary,179381.12,6.11,Active
A200210,C100160,Savings,129300.76,6.05,Active
A200211,C100160,Savings,100122.07,5.54,Active
A200212,C100161,Savings,64712.71,4.73,Active
A200213,C100161,Savings,47270.95,6.26,Active
A200214,C100162,Savings,57266.25,5.69,Active
A200215,C100163,Savings,323060.92,4.68,Active
A200216,C100164,Premium,239711.12,6.38,Active
A200217,C100165,Salary,337714.12,3.67,Active
A200218,C100166,Premium,55824.07,3.29,Active
A200219,C100167,Salary,7609.26,2.91,Active
A200220,C100167,Salary,191150.69,4.97,Active
A200221,C100168,Savings,154380.4,2.84,Active
A200222,C100168,Premium,226935.79,3.86,Active
A200223,C100169,Savings,163361.54,2.67,Dormant
A200224,C100170,Savings,61019.39,5.22,Dormant
A200225,C100171,Premium,91293.66,4.24,Active
A200226,C100171,Savings,63027.93,6.32,Active
A200227,C100172,Salary,91291.82,4.03,Dormant
A200228,C100172,Premium,131190.09,5.02,Active
A200229,C100173,Savings,149239.6,2.52,Active
A200230,C100173,Savings,80193.52,4.14,Dormant
A200231,C100174,Savings,21132.97,6.35,Active
A200232,C100174,Savings,263611.49,6.42,Dormant
A200233,C100175,Salary,0.0,5.56,Active
A200234,C100176,Premium,192824.77,4.46,Active
A200235,C100177,Savings,124850.61,6.45,Active
A200236,C100178,Savings,33498.93,5.06,Active
A200237,C100179,Salary,146047.49,2.86,Active
A200238,C100180,Savings,344390.07,2.53,Active
A200239,C100181,Savings,11508.74,6.4,Active
A200240,C100182,Salary,169964.09,3.72,Active
A200241,C100183,Current,220180.39,6.15,Active
A200242,C100184,Premium,366068.49,3.78,Active
A200243,C100185,Savings,35008.37,6.27,Dormant
A200244,C100186,Savings,110582.18,4.75,Active
A200245,C100186,Premium,138301.42,3.72,Dormant
A200246,C100187,Premium,175255.78,4.24,Active
A200247,C100188,Savings,25244.0,2.55,Active
A200248,C100189,Savings,47077.71,5.4,Active
A200249,C100190,Premium,138187.49,4.31,Active
A200250,C100191,Salary,375882.1,5.56,Dormant
A200251,C100192,Savings,144611.9,4.06,Active
A200252,C100192,Salary,63364.8,4.49,Active
A200253,C100193,Premium,544451.75,3.31,Active
A200254,C100194,Savings,27804.64,3.9,Active
A200255,C100195,Salary,208925.82,3.75,Dormant
A200256,C100196,Current,208106.56,4.68,Active
A200257,C100197,Salary,168280.56,6.31,Active
A200258,C100198,Salary,176256.05,4.14,Dormant
A200259,C100199,Savings,159174.35,4.03,Active
A200260,C100200,Premium,178994.09,5.73,Active
A200261,C100200,Savings,120282.78,3.19,Active
A200262,C100201,Salary,250601.19,3.03,Active
A200263,C100202,Salary,166264.68,5.66,Active
A200264,C100202,Savings,247995.82,4.68,Dormant
A200265,C100203,Premium,23955.41,3.04,Active
A200266,C100204,Savings,215303.96,3.8,Active
A200267,C100205,Savings,167815.2,3.79,Active
A200268,C100206,Salary,258674.27,5.85,Active
A200269,C100207,Savings,32957.06,4.86,Active
A200270,C100207,Salary,55909.17,6.15,Active
A200271,C100208,Savings,150858.22,5.17,Dormant
A200272,C100208,Premium,171044.73,4.23,Active
A200273,C100209,Salary,33012.92,5.29,Active
A200274,C100209,Salary,214880.42,5.43,Active
A200275,C100210,Savings,80574.33,6.13,Active
A200276,C100211,Savings,102635.64,4.71,Active
A200277,C100212,Premium,68425.93,5.23,Dormant
A200278,C100212,Savings,237026.97,4.62,Active
A200279,C100213,Savings,45216.14,6.3,Active
A200280,C100213,Savings,49533.57,5.15,Active
A200281,C100214,Savings,55003.72,6.45,Dormant
A200282,C100214,Premium,237504.08,3.47,Active
A200283,C100215,Savings,96849.66,4.63,Active
A200284,C100216,Salary,49214.66,2.89,Dormant
A200285,C100216,Current,170268.1,3.37,Active
A200286,C100217,Salary,143636.09,3.25,Dormant
A200287,C100218,Current,215013.72,2.98,Active
A200288,C100218,Salary,57141.04,4.0,Active
A200289,C100219,Salary,246651.79,4.52,Active
A200290,C100219,Savings,329714.03,3.58,Dormant
A200291,C100220,Salary,51720.63,2.81,Active
A200292,C100221,Savings,136033.89,4.18,Dormant
A200293,C100222,Savings,188335.0,4.97,Active
A200294,C100223,Savings,143511.13,3.13,Active
A200295,C100224,Savings,157156.76,5.41,Active
A200296,C100224,Salary,54219.28,2.53,Active
A200297,C100225,Salary,98647.67,6.23,Dormant
A200298,C100225,Savings,63166.96,6.23,Active
A200299,C100226,Savings,285848.79,3.49,Active
A200300,C100227,Savings,23836.15,3.3,Active
A200301,C100228,Savings,298571.82,5.68,Active
A200302,C100228,Savings,146739.62,3.13,Active
A200303,C100229,Salary,209283.35,5.79,Active
A200304,C100230,Current,25826.19,6.37,Active
A200305,C100231,Savings,11384.68,2.65,Active
A200306,C100232,Savings,166860.18,4.77,Active
A200307,C100233,Premium,83055.71,3.66,Active
A200308,C100234,Savings,248681.32,6.38,Dormant
A200309,C100235,Savings,335855.21,2.92,Dormant
A200310,C100236,Savings,193469.55,2.63,Active
A200311,C100236,Savings,190277.06,6.18,Active
A200312,C100237,Salary,62154.54,3.51,Active
A200313,C100238,Savings,48261.71,5.81,Dormant
A200314,C100239,Savings,164563.29,2.82,Active
A200315,C100239,Savings,198272.43,3.07,Active
A200316,C100240,Savings,85967.01,3.32,Dormant
A200317,C100240,Current,68665.57,4.42,Dormant
A200318,C100241,Salary,33064.91,5.96,Active
A200319,C100241,Savings,115707.9,6.08,Active
A200320,C100242,Savings,143924.75,4.08,Active
A200321,C100243,Savings,110000.46,6.44,Active
A200322,C100243,Premium,263392.87,4.53,Active
A200323,C100244,Savings,98653.33,3.6,Active
A200324,C100245,Current,42907.49,3.09,Active
A200325,C100246,Current,111271.71,5.2,Active
A200326,C100247,Savings,61705.59,4.53,Active
A200327,C100248,Premium,49274.57,3.87,Active
A200328,C100248,Current,107207.23,6.12,Active
A200329,C100249,Salary,129827.61,5.29,Active
A200330,C100250,Savings,134045.21,6.27,Active
A200331,C100251,Savings,193926.78,6.46,Active
A200332,C100252,Premium,226394.94,5.67,Active
A200333,C100253,Salary,159299.99,4.62,Active
A200334,C100254,Salary,191009.59,4.11,Dormant
A200335,C100255,Savings,825.51,4.24,Active
A200336,C100256,Premium,266942.65,5.1,Active
A200337,C100257,Salary,184020.24,2.87,Active
A200338,C100258,Savings,135664.69,3.39,Active
A200339,C100259,Savings,100069.45,3.37,Active
A200340,C100260,Savings,392405.75,4.21,Active
A200341,C100260,Savings,390226.77,2.62,Dormant
A200342,C100261,Savings,204122.5,3.62,Active
A200343,C100262,Savings,100046.55,2.74,Active
A200344,C100263,Premium,91860.43,4.51,Active
A200345,C100264,Salary,18951.82,4.4,Active
A200346,C100265,Savings,19819.24,3.03,Dormant
A200347,C100266,Savings,19724.82,5.01,Dormant
A200348,C100267,Current,17314.88,5.03,Active
A200349,C100268,Savings,45679.95,5.63,Dormant
A200350,C100268,Savings,29356.05,4.75,Active
A200351,C100269,Savings,53111.02,4.7,Active
A200352,C100270,Current,25970.41,6.37,Active
A200353,C100270,Salary,110616.46,4.43,Active
A200354,C100271,Savings,17064.66,2.97,Active
A200355,C100272,Salary,104336.22,6.28,Dormant
A200356,C100273,Salary,58309.19,5.29,Active
A200357,C100274,Salary,320215.03,4.56,Active
A200358,C100275,Savings,97972.98,4.76,Active
A200359,C100276,Savings,190493.87,4.13,Active
A200360,C100276,Salary,25194.05,4.35,Active
A200361,C100277,Salary,232301.04,3.06,Dormant
A200362,C100277,Savings,266706.99,3.32,Active
A200363,C100278,Savings,77687.84,5.01,Active
A200364,C100278,Salary,31006.61,5.57,Active
A200365,C100279,Savings,94456.7,4.24,Dormant
A200366,C100280,Savings,244308.3,3.85,Dormant
A200367,C100281,Savings,198694.99,5.62,Active
A200368,C100282,Savings,80109.79,6.46,Active
A200369,C100283,Salary,197217.95,4.95,Active
A200370,C100284,Salary,269614.74,3.29,Active
A200371,C100285,Salary,329298.08,2.58,Dormant
A200372,C100286,Savings,24816.79,3.2,Active
A200373,C100286,Current,63890.07,6.19,Dormant
A200374,C100287,Savings,22048.07,3.23,Dormant
A200375,C100288,Salary,93935.28,5.3,Dormant
A200376,C100288,Current,226774.82,3.82,Active
A200377,C100289,Savings,218818.44,3.26,Active
A200378,C100290,Salary,181357.99,3.15,Active
A200379,C100291,Salary,164090.07,3.59,Active
A200380,C100291,Savings,190986.51,5.44,Active
A200381,C100292,Salary,83729.69,6.32,Active
A200382,C100293,Savings,274191.02,3.5,Active
A200383,C100294,Salary,92409.64,6.17,Active
A200384,C100295,Salary,141798.72,5.67,Active
A200385,C100296,Savings,173627.54,4.94,Dormant
A200386,C100297,Savings,159193.33,5.0,Active
A200387,C100298,Savings,220936.59,6.14,Active
A200388,C100299,Salary,102526.6,3.49,Active
A200389,C100299,Premium,63773.55,3.25,Active
A200390,C100300,Savings,21117.76,5.39,Active
A200391,C100301,Savings,13413.14,3.99,Active
A200392,C100302,Current,70781.84,3.95,Dormant
A200393,C100303,Savings,42156.24,4.61,Active
A200394,C100304,Savings,120443.7,5.24,Active
A200395,C100304,Savings,36745.9,6.34,Active
A200396,C100305,Savings,120642.03,5.51,Dormant
A200397,C100305,Savings,45452.03,4.52,Active
A200398,C100306,Current,18166.92,5.0,Dormant
A200399,C100307,Salary,120720.3,5.43,Dormant
A200400,C100308,Salary,7001.58,4.71,Active
A200401,C100308,Savings,129975.37,6.5,Active
A200402,C100309,Salary,122782.52,4.28,Active
A200403,C100309,Savings,33269.87,3.51,Active
A200404,C100310,Savings,222672.2,2.6,Dormant
A200405,C100311,Salary,65324.47,3.32,Active
A200406,C100311,Savings,208125.53,5.39,Active
A200407,C100312,Savings,165544.65,3.56,Active
A200408,C100313,Salary,157921.5,5.61,Active
A200409,C100314,Savings,168945.25,3.06,Dormant
A200410,C100315,Savings,147394.98,3.61,Dormant
A200411,C100316,Savings,204944.61,4.39,Active
A200412,C100317,Savings,68081.74,2.87,Active
A200413,C100318,Savings,208911.17,2.8,Active
A200414,C100319,Salary,65480.24,5.51,Active
A200415,C100320,Premium,122195.44,4.38,Active
A200416,C100321,Savings,63140.49,5.71,Active
A200417,C100322,Savings,3947.13,2.91,Active
A200418,C100323,Salary,161144.32,2.6,Active
A200419,C100324,Savings,57665.82,5.23,Active
A200420,C100324,Savings,62187.55,5.56,Active
A200421,C100325,Savings,225633.07,6.03,Active
A200422,C100326,Salary,41511.07,4.05,Active
A200423,C100326,Salary,128322.09,6.16,Active
A200424,C100327,Savings,25487.89,2.65,Active
A200425,C100328,Savings,43791.63,4.65,Active
A200426,C100328,Savings,96911.31,4.2,Dormant
A200427,C100329,Salary,206323.8,4.37,Dormant
A200428,C100329,Savings,126629.22,2.54,Active
A200429,C100330,Savings,32087.42,6.45,Active
A200430,C100331,Savings,63007.2,5.44,Active
A200431,C100332,Savings,93578.53,4.45,Active
A200432,C100333,Premium,92236.93,4.53,Active
A200433,C100334,Premium,24357.18,5.01,Dormant
A200434,C100335,Savings,24129.66,4.1,Active
A200435,C100336,Current,305302.37,4.69,Active
A200436,C100337,Savings,374675.32,5.76,Active
A200437,C100338,Savings,52879.63,4.65,Dormant
A200438,C100339,Savings,179587.63,2.79,Dormant
A200439,C100340,Savings,137888.25,3.33,Active
A200440,C100341,Savings,288470.82,2.96,Active
A200441,C100341,Premium,304158.18,3.74,Active
A200442,C100342,Salary,19343.9,4.64,Active
A200443,C100343,Premium,73330.62,5.3,Dormant
A200444,C100343,Savings,104109.56,5.44,Active
A200445,C100344,Current,350961.4,4.64,Active
A200446,C100345,Savings,107983.9,3.28,Dormant
A200447,C100345,Savings,52950.06,2.74,Dormant
A200448,C100346,Savings,227616.93,4.6,Active
A200449,C100346,Salary,297575.79,3.64,Active
A200450,C100347,Savings,72816.09,3.16,Active
A200451,C100348,Savings,398218.48,5.6,Active
A200452,C100348,Savings,90702.71,6.36,Dormant
A200453,C100349,Salary,0.0,5.69,Active
A200454,C100350,Savings,28101.5,2.72,Dormant
A200455,C100351,Savings,7087.0,4.51,Dormant
A200456,C100352,Current,124577.69,6.44,Active
A200457,C100353,Premium,176244.05,5.94,Active
A200458,C100354,Current,114823.82,3.1,Active
A200459,C100354,Savings,85651.18,5.65,Dormant
A200460,C100355,Savings,80575.61,2.94,Active
A200461,C100356,Savings,281986.75,2.61,Active
A200462,C100357,Premium,50139.48,5.24,Active
A200463,C100357,Savings,82502.07,5.32,Active
A200464,C100358,Savings,61756.14,3.35,Dormant
A200465,C100359,Savings,41287.79,4.33,Active
A200466,C100360,Savings,234168.33,5.06,Dormant
A200467,C100360,Premium,226779.35,5.12,Active
A200468,C100361,Savings,125630.15,5.04,Active
A200469,C100362,Salary,249984.81,2.76,Dormant
A200470,C100362,Savings,228861.15,6.25,Active
A200471,C100363,Premium,64866.73,4.47,Active
A200472,C100364,Premium,0.0,3.49,Active
A200473,C100364,Savings,44703.14,2.54,Dormant
A200474,C100365,Savings,70584.04,4.31,Active
A200475,C100366,Savings,64409.88,3.32,Dormant
A200476,C100367,Salary,46760.71,5.73,Active
A200477,C100368,Savings,158859.41,4.58,Dormant
A200478,C100369,Premium,43274.9,2.71,Active
A200479,C100369,Savings,117782.77,3.76,Active
A200480,C100370,Current,160240.28,2.56,Dormant
A200481,C100371,Savings,29138.35,5.11,Active
A200482,C100372,Current,332961.26,4.36,Active
A200483,C100373,Salary,179255.07,2.74,Dormant
A200484,C100374,Savings,59259.5,3.99,Active
A200485,C100375,Current,95308.49,4.9,Active
A200486,C100376,Savings,136626.48,3.11,Active
A200487,C100377,Savings,229849.12,2.64,Dormant
A200488,C100378,Premium,209273.32,3.19,Dormant
A200489,C100379,Savings,131384.22,3.77,Dormant
A200490,C100380,Savings,152609.78,3.64,Dormant
A200491,C100380,Savings,72640.28,6.1,Dormant
A200492,C100381,Salary,192751.4,5.76,Active
A200493,C100382,Savings,141107.42,3.17,Active
A200494,C100382,Savings,164568.9,5.99,Active
A200495,C100383,Current,184808.07,3.05,Active
A200496,C100384,Salary,82938.38,5.89,Active
A200497,C100385,Savings,994.15,2.67,Active
A200498,C100386,Salary,144403.03,6.47,Active
A200499,C100387,Premium,108875.81,4.29,Dormant
A200500,C100387,Savings,117588.31,4.28,Active
A200501,C100388,Current,201036.88,4.77,Active
A200502,C100388,Savings,86857.46,4.66,Active
A200503,C100389,Savings,28737.74,5.49,Active
A200504,C100390,Savings,292503.18,3.08,Active
A200505,C100391,Salary,54683.68,3.61,Active
A200506,C100392,Salary,79294.19,5.62,Active
A200507,C100392,Salary,74218.28,4.69,Active
A200508,C100393,Salary,86017.97,5.05,Active
A200509,C100393,Premium,43296.77,5.72,Active
A200510,C100394,Salary,61576.58,3.51,Dormant
A200511,C100395,Savings,358325.68,4.78,Active
A200512,C100396,Premium,121389.9,2.63,Dormant
A200513,C100396,Current,44434.16,2.86,Dormant
A200514,C100397,Savings,190917.02,3.44,Active
A200515,C100397,Salary,122839.34,2.51,Dormant
A200516,C100398,Current,95017.68,2.76,Active
A200517,C100399,Salary,212192.86,2.51,Active
A200518,C100400,Savings,24501.91,5.92,Active
A200519,C100401,Salary,189998.05,4.46,Dormant
A200520,C100402,Savings,54963.69,4.01,Dormant
A200521,C100402,Savings,24018.29,3.93,Active
A200522,C100403,Salary,72117.4,5.14,Active
A200523,C100404,Current,87751.98,4.73,Active
A200524,C100405,Savings,238767.43,4.45,Dormant
A200525,C100405,Savings,377704.39,5.94,Active
A200526,C100406,Salary,194064.03,5.04,Active
A200527,C100406,Savings,198087.58,3.41,Dormant
A200528,C100407,Savings,133248.61,4.25,Active
A200529,C100407,Salary,156438.56,3.5,Active
A200530,C100408,Salary,101421.5,4.82,Active
A200531,C100408,Savings,42779.35,5.26,Dormant
A200532,C100409,Savings,30353.48,6.11,Dormant
A200533,C100410,Savings,128681.36,2.58,Active
A200534,C100410,Savings,182144.98,3.12,Active
A200535,C100411,Salary,184901.72,4.38,Dormant
A200536,C100411,Premium,96039.7,3.5,Active
A200537,C100412,Savings,117030.65,3.89,Active
A200538,C100413,Savings,179150.49,5.45,Active
A200539,C100414,Savings,191567.97,2.59,Active
A200540,C100415,Current,50238.94,4.01,Active
A200541,C100416,Premium,257074.46,3.59,Active
A200542,C100417,Savings,209730.24,2.77,Active
A200543,C100417,Salary,122866.08,3.23,Dormant
A200544,C100418,Salary,42833.1,5.17,Dormant
A200545,C100418,Savings,83334.04,4.66,Active
A200546,C100419,Savings,157357.24,6.03,Active
A200547,C100419,Salary,79026.27,4.88,Active
A200548,C100420,Savings,98809.04,3.79,Active
A200549,C100420,Salary,327095.04,4.78,Active
A200550,C100421,Savings,99609.04,5.69,Active
A200551,C100421,Salary,114869.3,3.9,Active
A200552,C100422,Salary,195777.86,4.27,Active
A200553,C100422,Salary,189691.06,5.69,Dormant
A200554,C100423,Salary,81307.07,4.09,Active
A200555,C100424,Premium,14338.46,4.54,Active
A200556,C100425,Savings,280755.41,4.73,Active
A200557,C100426,Savings,93959.34,5.0,Active
A200558,C100427,Salary,235611.62,5.67,Active
A200559,C100428,Savings,32683.28,2.95,Active
A200560,C100428,Savings,29455.65,3.02,Dormant
A200561,C100429,Salary,245680.13,4.36,Active
A200562,C100430,Salary,95833.51,4.94,Dormant
A200563,C100431,Savings,115357.14,4.8,Active
A200564,C100432,Salary,106147.28,4.53,Active
A200565,C100433,Salary,253008.79,6.29,Dormant
A200566,C100433,Savings,113204.13,5.3,Active
A200567,C100434,Savings,245613.44,4.9,Dormant
A200568,C100435,Savings,184404.05,5.08,Active
A200569,C100435,Salary,357115.13,5.21,Active
A200570,C100436,Current,17646.82,2.8,Active
A200571,C100437,Current,217213.32,5.3,Active
A200572,C100438,Salary,35322.9,5.35,Dormant
A200573,C100439,Savings,121800.65,3.12,Dormant
A200574,C100440,Savings,51940.65,3.22,Active
A200575,C100441,Current,86204.42,5.05,Active
A200576,C100441,Premium,82329.74,5.97,Dormant
A200577,C100442,Savings,28624.52,5.24,Active
A200578,C100443,Salary,21709.42,4.38,Active
A200579,C100444,Salary,47460.58,5.24,Active
A200580,C100445,Savings,88996.52,4.56,Active
A200581,C100445,Premium,225524.01,3.05,Active
A200582,C100446,Savings,142718.52,3.53,Dormant
A200583,C100447,Salary,38247.11,2.66,Active
A200584,C100448,Savings,180377.52,4.08,Active
A200585,C100449,Savings,73134.87,5.3,Dormant
A200586,C100450,Salary,245197.69,5.37,Active
A200587,C100451,Savings,75234.26,3.08,Active
A200588,C100452,Savings,212122.27,4.71,Active
A200589,C100453,Salary,82672.54,6.28,Active
A200590,C100454,Savings,61427.74,6.04,Active
A200591,C100455,Savings,64196.96,3.6,Active
A200592,C100455,Savings,116167.37,6.39,Dormant
A200593,C100456,Savings,134604.7,3.68,Active
A200594,C100457,Premium,136761.55,4.06,Active
A200595,C100458,Current,49434.59,5.44,Dormant
A200596,C100459,Savings,153874.64,5.44,Dormant
A200597,C100460,Salary,85864.45,4.1,Active
A200598,C100461,Salary,160737.13,2.94,Active
A200599,C100462,Savings,0.0,3.25,Active
A200600,C100463,Savings,159389.22,6.47,Active
A200601,C100464,Salary,80300.92,2.83,Active
A200602,C100464,Savings,102851.98,6.23,Active
A200603,C100465,Savings,80596.96,4.35,Active
A200604,C100466,Premium,62237.84,3.17,Active
A200605,C100466,Savings,85807.98,5.12,Active
A200606,C100467,Salary,86423.67,2.61,Dormant
A200607,C100468,Salary,196633.38,2.72,Active
A200608,C100469,Savings,247903.65,4.49,Active
A200609,C100470,Savings,99021.06,3.29,Active
A200610,C100471,Savings,0.0,5.58,Active
A200611,C100472,Savings,75766.17,6.34,Active
A200612,C100473,Savings,39438.95,3.9,Active
A200613,C100474,Savings,157014.45,2.58,Dormant
A200614,C100475,Savings,155091.92,6.11,Active
A200615,C100476,Savings,199455.31,4.84,Active
A200616,C100477,Savings,242233.78,3.25,Active
A200617,C100477,Savings,169475.44,2.91,Dormant
A200618,C100478,Savings,71457.26,4.82,Dormant
A200619,C100478,Savings,182023.59,5.99,Dormant
A200620,C100479,Premium,125855.61,3.81,Active
A200621,C100480,Salary,17963.58,4.97,Active
A200622,C100480,Savings,109110.74,4.3,Active
A200623,C100481,Savings,196190.83,5.23,Active
A200624,C100482,Salary,16069.72,4.33,Dormant
A200625,C100483,Savings,271476.7,3.12,Active
A200626,C100484,Premium,64115.82,2.58,Dormant
A200627,C100485,Savings,29223.05,4.54,Active
A200628,C100486,Savings,26200.22,2.96,Active
A200629,C100487,Premium,77125.4,2.59,Active
A200630,C100488,Savings,53121.84,6.18,Active
A200631,C100489,Savings,202382.2,6.28,Active
A200632,C100489,Savings,214070.84,2.75,Dormant
A200633,C100490,Savings,194478.42,3.22,Active
A200634,C100491,Savings,397931.08,5.56,Dormant
A200635,C100491,Salary,332969.73,3.62,Active
A200636,C100492,Savings,326413.26,3.69,Active
A200637,C100493,Savings,185124.68,4.12,Active
A200638,C100494,Premium,36299.35,3.56,Dormant
A200639,C100495,Salary,199130.47,6.22,Active
A200640,C100496,Salary,180716.31,4.02,Active
A200641,C100496,Savings,115041.51,4.59,Active
A200642,C100497,Savings,359666.23,4.5,Active
A200643,C100498,Savings,234348.97,3.87,Dormant
A200644,C100499,Savings,28662.74,6.33,Active
A200645,C100500,Savings,42183.52,4.05,Dormant
A200646,C100501,Savings,45030.15,5.04,Dormant
A200647,C100502,Current,89663.62,5.04,Dormant
A200648,C100503,Savings,107663.56,3.55,Active
A200649,C100504,Current,41883.81,4.12,Dormant
A200650,C100505,Current,9225.1,2.73,Dormant
A200651,C100506,Savings,206169.15,5.33,Dormant
A200652,C100506,Savings,176745.07,2.6,Active
A200653,C100507,Salary,18489.0,4.17,Active
A200654,C100507,Savings,5320.79,6.43,Active
A200655,C100508,Savings,151935.78,3.03,Dormant
A200656,C100509,Premium,108166.93,5.54,Active
A200657,C100510,Savings,245336.03,4.26,Active
A200658,C100511,Savings,213128.61,4.89,Active
A200659,C100512,Savings,22626.95,3.92,Active
A200660,C100513,Salary,68067.84,4.84,Active
A200661,C100514,Savings,220633.72,2.83,Active
A200662,C100515,Salary,45565.07,5.18,Active
A200663,C100516,Savings,347853.09,4.12,Active
A200664,C100517,Salary,127815.85,5.64,Active
A200665,C100518,Current,81299.85,4.06,Active
A200666,C100519,Savings,200267.32,3.06,Dormant
A200667,C100520,Savings,194314.22,6.1,Active
A200668,C100521,Salary,227714.44,2.84,Active
A200669,C100522,Savings,105742.08,3.7,Active
A200670,C100523,Premium,393022.36,3.74,Dormant
A200671,C100524,Savings,70372.48,3.8,Dormant
A200672,C100524,Savings,49752.04,3.71,Dormant
A200673,C100525,Premium,40477.45,3.69,Active
A200674,C100525,Savings,30856.6,3.16,Active
A200675,C100526,Savings,218882.17,5.94,Active
A200676,C100527,Premium,42604.01,4.71,Active
A200677,C100527,Savings,66345.11,4.66,Active
A200678,C100528,Salary,17324.94,4.68,Active
A200679,C100529,Salary,219483.86,4.27,Dormant
A200680,C100529,Current,142246.21,5.81,Active
A200681,C100530,Savings,65697.04,2.67,Active
A200682,C100530,Savings,194289.5,5.92,Active
A200683,C100531,Savings,70040.01,4.46,Active
A200684,C100531,Savings,62317.14,5.73,Active
A200685,C100532,Premium,170933.49,6.47,Dormant
A200686,C100532,Savings,137513.17,4.55,Active
A200687,C100533,Salary,28431.5,4.93,Active
A200688,C100533,Salary,239234.92,5.3,Dormant
A200689,C100534,Savings,185325.85,2.78,Active
A200690,C100535,Current,291934.87,4.79,Active
A200691,C100536,Salary,219593.09,6.25,Dormant
A200692,C100536,Savings,124436.82,5.7,Active
A200693,C100537,Savings,8327.27,6.26,Dormant
A200694,C100538,Savings,258690.89,2.72,Dormant
A200695,C100538,Savings,109757.3,3.18,Active
A200696,C100539,Premium,31600.44,5.14,Active
A200697,C100539,Current,35444.95,5.44,Active
A200698,C100540,Current,116066.15,2.61,Active
A200699,C100541,Salary,259559.8,4.33,Active
A200700,C100542,Salary,27568.33,3.71,Dormant
A200701,C100542,Savings,172475.43,4.1,Dormant
A200702,C100543,Premium,217231.05,3.46,Active
A200703,C100544,Salary,121772.63,3.24,Active
A200704,C100545,Savings,30288.99,5.53,Dormant
A200705,C100546,Salary,67441.09,2.91,Active
A200706,C100547,Savings,321928.71,4.62,Active
A200707,C100548,Salary,320869.28,3.43,Active
A200708,C100549,Savings,90228.68,4.84,Active
A200709,C100550,Salary,177433.95,4.05,Active
A200710,C100550,Salary,85038.31,4.66,Dormant
A200711,C100551,Premium,103493.5,4.62,Dormant
A200712,C100552,Current,138932.04,2.77,Dormant
A200713,C100553,Savings,179068.76,3.67,Dormant
A200714,C100554,Savings,87597.13,4.17,Active
A200715,C100555,Premium,7701.38,3.23,Dormant
A200716,C100556,Salary,135679.67,5.02,Active
A200717,C100557,Current,298892.9,5.47,Active
A200718,C100558,Salary,319944.22,4.12,Dormant
A200719,C100559,Savings,44950.51,3.71,Dormant
A200720,C100559,Savings,336262.08,5.94,Active
A200721,C100560,Savings,54233.08,5.0,Active
A200722,C100560,Savings,11492.55,3.55,Active
A200723,C100561,Savings,38797.55,5.04,Active
A200724,C100562,Salary,186769.71,6.23,Dormant
A200725,C100563,Savings,38438.35,4.57,Active
A200726,C100564,Savings,32045.95,4.51,Dormant
A200727,C100564,Premium,87398.53,6.47,Dormant
A200728,C100565,Salary,9989.98,3.14,Dormant
A200729,C100566,Savings,178594.51,4.54,Dormant
A200730,C100566,Savings,86668.96,4.31,Active
A200731,C100567,Savings,289688.99,3.72,Active
A200732,C100568,Savings,147417.95,3.86,Active
A200733,C100569,Savings,29588.88,5.8,Active
A200734,C100570,Savings,186898.47,5.98,Active
A200735,C100571,Savings,99975.98,4.09,Active
A200736,C100572,Savings,215016.09,3.92,Active
A200737,C100573,Savings,34514.48,5.49,Active
A200738,C100573,Savings,4593.88,5.42,Dormant
A200739,C100574,Savings,32590.48,2.81,Active
A200740,C100575,Current,149104.07,5.72,Active
A200741,C100576,Savings,220443.22,5.39,Active
A200742,C100577,Savings,2130.77,5.55,Active
A200743,C100577,Savings,177207.1,5.2,Active
A200744,C100578,Savings,77462.25,4.04,Active
A200745,C100579,Savings,96829.58,5.92,Active
A200746,C100580,Salary,609538.04,4.49,Dormant
A200747,C100581,Salary,154717.44,3.65,Active
A200748,C100581,Savings,95390.72,4.18,Active
A200749,C100582,Salary,80953.19,2.61,Active
A200750,C100583,Salary,198098.71,2.89,Active
A200751,C100583,Salary,45969.49,4.29,Dormant
A200752,C100584,Savings,167862.42,6.19,Active
A200753,C100584,Premium,150918.8,2.71,Active
A200754,C100585,Savings,56349.04,6.34,Dormant
A200755,C100586,Savings,210998.18,5.12,Active
A200756,C100587,Current,74598.53,5.55,Dormant
A200757,C100587,Savings,69021.5,6.36,Dormant
A200758,C100588,Savings,330809.69,3.51,Active
A200759,C100589,Savings,0.0,5.33,Active
A200760,C100590,Salary,190461.19,3.11,Active
A200761,C100591,Current,97461.22,5.74,Active
A200762,C100591,Savings,58088.18,5.59,Active
A200763,C100592,Salary,90119.98,3.08,Active
A200764,C100593,Premium,184480.79,4.75,Dormant
A200765,C100594,Savings,101479.14,4.78,Active
A200766,C100594,Savings,79211.81,6.15,Active
A200767,C100595,Savings,97203.59,6.45,Active
A200768,C100596,Premium,31591.29,3.25,Active
A200769,C100597,Savings,252338.1,4.53,Active
A200770,C100598,Salary,259114.18,6.47,Active
A200771,C100599,Salary,113198.76,6.11,Active
A200772,C100600,Current,218117.55,2.64,Dormant
A200773,C100601,Savings,416733.89,5.71,Active
A200774,C100601,Salary,203322.25,4.83,Active
A200775,C100602,Current,75225.88,6.41,Active
A200776,C100603,Premium,39766.48,6.34,Active
A200777,C100604,Savings,302325.34,5.4,Dormant
A200778,C100605,Savings,153485.16,3.78,Active
A200779,C100606,Savings,28003.26,4.84,Dormant
A200780,C100606,Salary,25365.24,4.76,Active
A200781,C100607,Current,104333.45,3.65,Active
A200782,C100608,Salary,170573.28,4.64,Active
A200783,C100609,Savings,372337.57,4.99,Active
A200784,C100610,Current,123616.57,4.65,Active
A200785,C100611,Salary,141546.98,4.3,Active
A200786,C100612,Savings,152402.9,4.97,Active
A200787,C100613,Savings,161371.38,4.68,Dormant
A200788,C100614,Savings,97354.42,5.24,Dormant
A200789,C100615,Current,223513.25,3.77,Active
A200790,C100616,Savings,44385.53,5.54,Active
A200791,C100617,Savings,183089.98,2.97,Dormant
A200792,C100617,Savings,138983.27,4.55,Active
A200793,C100618,Savings,78599.28,6.09,Dormant
A200794,C100619,Current,68016.37,2.64,Active
A200795,C100620,Savings,292993.26,5.74,Active
A200796,C100621,Savings,186556.92,5.1,Active
A200797,C100622,Premium,234905.32,3.89,Active
A200798,C100622,Savings,53654.87,4.34,Active
A200799,C100623,Premium,67157.12,4.33,Active
A200800,C100624,Savings,77388.48,5.16,Dormant
A200801,C100625,Salary,191690.71,2.68,Active
A200802,C100626,Salary,146278.34,5.88,Active
A200803,C100627,Premium,77707.43,4.68,Dormant
A200804,C100628,Salary,68088.4,4.6,Active
A200805,C100629,Savings,334541.67,3.91,Active
A200806,C100630,Salary,43571.77,3.06,Active
A200807,C100631,Savings,45493.78,3.94,Active
A200808,C100632,Savings,164354.1,5.58,Active
A200809,C100632,Savings,201518.43,2.59,Active
A200810,C100633,Savings,384715.62,6.21,Active
A200811,C100634,Savings,99950.94,6.26,Active
A200812,C100635,Current,431844.64,5.01,Active
A200813,C100636,Savings,148599.31,5.15,Dormant
A200814,C100637,Premium,50073.99,2.55,Dormant
A200815,C100638,Savings,195514.91,5.08,Dormant
A200816,C100639,Savings,211585.44,3.59,Dormant
A200817,C100640,Salary,82919.61,3.66,Active
A200818,C100641,Savings,112685.36,2.78,Active
A200819,C100641,Savings,144534.35,6.49,Active
A200820,C100642,Current,141193.37,2.99,Active
A200821,C100643,Savings,119850.6,2.59,Active
A200822,C100644,Savings,314496.68,3.37,Active
A200823,C100645,Savings,72910.48,3.0,Dormant
A200824,C100646,Savings,113552.12,2.65,Active
A200825,C100647,Savings,235133.65,3.61,Active
A200826,C100648,Savings,46348.54,3.98,Active
A200827,C100649,Savings,33394.26,3.11,Active
A200828,C100650,Salary,15611.76,5.01,Active
A200829,C100651,Savings,185465.7,5.03,Active
A200830,C100652,Current,60727.36,5.79,Active
A200831,C100653,Savings,256835.2,4.25,Active
A200832,C100653,Savings,322664.3,5.89,Active
A200833,C100654,Premium,257594.07,3.95,Active
A200834,C100654,Salary,260606.76,4.97,Active
A200835,C100655,Salary,187439.61,4.44,Active
A200836,C100656,Savings,4454.02,5.59,Dormant
A200837,C100656,Salary,44029.73,6.47,Active
A200838,C100657,Savings,46396.85,3.36,Active
A200839,C100658,Salary,0.0,6.18,Dormant
A200840,C100659,Savings,86396.67,2.87,Active
A200841,C100659,Salary,49741.65,5.56,Active
A200842,C100660,Salary,192878.34,2.99,Active
A200843,C100661,Salary,143609.56,4.65,Active
A200844,C100661,Salary,69065.78,5.71,Active
A200845,C100662,Current,140254.7,2.87,Active
A200846,C100662,Salary,302740.45,5.52,Active
A200847,C100663,Current,186138.83,5.46,Dormant
A200848,C100664,Savings,301587.26,4.13,Active
A200849,C100664,Current,195652.61,5.21,Active
A200850,C100665,Savings,297639.46,4.96,Active
A200851,C100665,Savings,250512.19,3.02,Dormant
A200852,C100666,Salary,156303.67,5.71,Active
A200853,C100667,Savings,64443.62,4.51,Active
A200854,C100668,Savings,198926.67,4.34,Active
A200855,C100669,Savings,193836.93,5.85,Active
A200856,C100670,Savings,191137.56,5.47,Dormant
A200857,C100671,Savings,67893.09,3.91,Active
A200858,C100672,Salary,197971.25,5.58,Active
A200859,C100673,Savings,156799.73,5.77,Active
A200860,C100673,Savings,81378.45,3.2,Dormant
A200861,C100674,Savings,83100.34,5.51,Active
A200862,C100675,Salary,76371.53,5.82,Dormant
A200863,C100676,Savings,148813.69,4.46,Active
A200864,C100677,Salary,230590.05,6.11,Active
A200865,C100678,Salary,17165.95,3.89,Active
A200866,C100679,Salary,129677.62,4.58,Active
A200867,C100679,Savings,170140.69,3.03,Active
A200868,C100680,Savings,15009.15,4.2,Active
A200869,C100681,Savings,76203.01,3.91,Active
A200870,C100681,Salary,143282.45,3.37,Dormant
A200871,C100682,Savings,169447.7,3.08,Dormant
A200872,C100682,Current,252792.52,3.78,Active
A200873,C100683,Current,186892.66,3.38,Active
A200874,C100684,Savings,382932.92,5.69,Dormant
A200875,C100685,Salary,99565.22,5.74,Active
A200876,C100685,Savings,114947.18,4.27,Active
A200877,C100686,Salary,121060.26,5.15,Active
A200878,C100687,Salary,0.0,5.99,Dormant
A200879,C100688,Savings,59754.09,4.86,Dormant
A200880,C100688,Savings,64953.53,4.58,Active
A200881,C100689,Salary,69698.37,5.23,Active
A200882,C100689,Current,42796.15,3.78,Dormant
A200883,C100690,Savings,282457.18,4.64,Dormant
A200884,C100691,Salary,228834.84,3.0,Active
A200885,C100692,Savings,79483.02,4.48,Active
A200886,C100692,Savings,141897.69,4.54,Dormant
A200887,C100693,Salary,77236.7,4.68,Active
A200888,C100693,Savings,43119.85,6.43,Active
A200889,C100694,Current,73738.01,4.59,Active
A200890,C100694,Savings,88573.07,3.95,Active
A200891,C100695,Savings,54420.95,4.48,Active
A200892,C100696,Salary,134004.64,5.4,Active
A200893,C100697,Savings,25632.09,4.26,Active
A200894,C100698,Savings,24326.63,6.38,Dormant
A200895,C100699,Salary,24036.66,3.13,Active
A200896,C100700,Current,13177.52,2.62,Active
A200897,C100701,Salary,133956.33,2.73,Active
A200898,C100702,Savings,172832.51,4.02,Active
A200899,C100703,Savings,88311.08,3.58,Active
A200900,C100703,Savings,77854.68,3.92,Active
A200901,C100704,Savings,211768.6,4.51,Active
A200902,C100705,Savings,151598.46,3.82,Active
A200903,C100706,Savings,13595.35,2.54,Active
A200904,C100707,Savings,92619.16,2.81,Active
A200905,C100708,Savings,194519.24,4.33,Active
A200906,C100708,Salary,69436.52,5.8,Dormant
A200907,C100709,Current,57509.12,2.51,Active
A200908,C100709,Premium,81163.78,2.92,Active
A200909,C100710,Savings,168229.64,5.77,Dormant
A200910,C100710,Savings,224133.37,4.31,Dormant
A200911,C100711,Savings,117416.21,4.91,Active
A200912,C100712,Premium,182336.75,5.75,Dormant
A200913,C100712,Savings,88121.5,4.81,Active
A200914,C100713,Salary,42821.11,4.74,Active
A200915,C100714,Salary,235684.82,5.44,Active
A200916,C100715,Savings,216116.43,5.53,Dormant
A200917,C100716,Savings,112044.31,4.6,Dormant
A200918,C100717,Current,58055.85,4.55,Active
A200919,C100717,Savings,202504.26,5.53,Active
A200920,C100718,Salary,88291.31,3.67,Active
A200921,C100719,Salary,83567.03,3.34,Active
A200922,C100719,Savings,52064.24,2.73,Active
A200923,C100720,Savings,18586.58,3.14,Dormant
A200924,C100721,Savings,158336.45,5.47,Dormant
A200925,C100722,Savings,148084.25,4.13,Active
A200926,C100723,Salary,10936.54,4.38,Dormant
A200927,C100723,Current,22614.54,3.65,Active
A200928,C100724,Savings,95059.23,4.74,Dormant
A200929,C100725,Current,33831.48,4.26,Dormant
A200930,C100726,Savings,171659.69,2.52,Active
A200931,C100727,Savings,145810.85,3.62,Active
A200932,C100727,Savings,185601.78,5.73,Active
A200933,C100728,Savings,75928.26,4.03,Active
A200934,C100729,Salary,228518.63,3.58,Active
A200935,C100730,Premium,168773.21,5.51,Active
A200936,C100730,Savings,59485.34,2.71,Active
A200937,C100731,Savings,3261.6,3.86,Active
A200938,C100732,Premium,85455.33,5.63,Dormant
A200939,C100733,Savings,73568.22,6.17,Active
A200940,C100734,Savings,40401.76,3.65,Active
A200941,C100735,Savings,172800.76,4.22,Active
A200942,C100735,Salary,206268.52,5.31,Active
A200943,C100736,Current,54740.54,2.86,Active
A200944,C100737,Savings,124014.8,3.31,Active
A200945,C100737,Savings,37930.13,3.73,Active
A200946,C100738,Savings,29048.57,3.72,Active
A200947,C100738,Current,52789.27,4.66,Active
A200948,C100739,Savings,356134.2,3.9,Active
A200949,C100739,Savings,161530.43,4.79,Dormant
A200950,C100740,Savings,244784.21,4.18,Active
A200951,C100741,Premium,84964.76,5.39,Dormant
A200952,C100741,Salary,161690.74,3.45,Active
A200953,C100742,Savings,194716.86,4.72,Active
A200954,C100742,Premium,71728.85,4.3,Active
A200955,C100743,Savings,36611.23,4.95,Active
A200956,C100743,Savings,41883.51,5.88,Active
A200957,C100744,Savings,145237.58,6.12,Active
A200958,C100745,Premium,152879.26,4.44,Active
A200959,C100745,Savings,8683.55,4.67,Active
A200960,C100746,Savings,227023.05,3.93,Active
A200961,C100747,Salary,35447.48,2.68,Active
A200962,C100747,Savings,101428.77,4.39,Dormant
A200963,C100748,Savings,145053.09,5.08,Active
A200964,C100749,Savings,129332.57,4.71,Active
A200965,C100750,Salary,259537.35,3.6,Active
A200966,C100751,Savings,224109.08,3.94,Active
A200967,C100752,Savings,172785.17,3.8,Dormant
A200968,C100753,Current,123067.81,2.85,Active
A200969,C100754,Savings,266071.94,2.97,Active
A200970,C100755,Savings,156483.82,3.2,Active
A200971,C100756,Salary,53510.63,4.06,Active
A200972,C100757,Savings,229772.25,5.18,Active
A200973,C100758,Savings,197659.36,6.46,Active
A200974,C100758,Savings,182260.01,5.59,Active
A200975,C100759,Savings,223112.54,5.49,Active
A200976,C100760,Salary,3082.94,5.63,Dormant
A200977,C100760,Premium,34199.3,2.54,Active
A200978,C100761,Savings,12758.31,5.18,Active
A200979,C100762,Savings,103317.84,3.14,Active
A200980,C100763,Salary,39048.81,3.29,Active
A200981,C100764,Savings,148513.29,4.47,Active
A200982,C100765,Current,0.0,5.13,Active
A200983,C100765,Salary,214036.49,5.84,Active
A200984,C100766,Salary,127540.94,5.38,Active
A200985,C100767,Premium,170859.09,4.33,Active
A200986,C100767,Savings,105597.21,4.67,Active
A200987,C100768,Savings,114430.39,5.17,Active
A200988,C100768,Savings,114162.8,3.39,Active
A200989,C100769,Premium,153414.46,4.07,Active
A200990,C100769,Salary,49470.28,6.25,Active
A200991,C100770,Savings,20623.27,3.31,Active
A200992,C100771,Premium,70489.58,4.97,Dormant
A200993,C100772,Salary,84683.81,5.83,Active
A200994,C100773,Savings,35114.2,2.67,Active
A200995,C100774,Savings,170484.92,3.79,Dormant
A200996,C100775,Savings,132193.0,4.62,Dormant
A200997,C100776,Savings,127059.19,3.22,Dormant
A200998,C100777,Salary,133615.79,3.66,Active
A200999,C100777,Savings,223147.34,4.9,Active
A201000,C100778,Savings,119299.53,4.32,Dormant
A201001,C100779,Salary,34909.31,3.72,Active
A201002,C100780,Current,190437.29,5.37,Active
A201003,C100780,Savings,39900.03,4.75,Active
A201004,C100781,Salary,239744.01,5.68,Dormant
A201005,C100781,Savings,86637.32,3.23,Active
A201006,C100782,Savings,78095.08,2.78,Active
A201007,C100783,Premium,15198.96,4.99,Active
A201008,C100784,Savings,277800.14,6.45,Active
A201009,C100785,Savings,365075.1,2.62,Dormant
A201010,C100786,Premium,30365.64,5.55,Active
A201011,C100787,Current,157957.17,3.0,Dormant
A201012,C100788,Premium,119427.92,5.01,Active
A201013,C100788,Savings,188735.8,3.0,Active
A201014,C100789,Salary,90536.79,4.0,Dormant
A201015,C100790,Savings,155012.63,5.76,Active
A201016,C100790,Salary,90411.04,4.34,Dormant
A201017,C100791,Premium,300176.96,2.65,Dormant
A201018,C100792,Savings,180360.27,2.6,Active
A201019,C100793,Premium,334706.48,4.07,Active
A201020,C100793,Salary,129808.09,6.34,Active
A201021,C100794,Savings,20632.22,4.58,Active
A201022,C100795,Savings,202517.28,2.93,Active
A201023,C100796,Savings,278122.15,5.37,Active
A201024,C100796,Current,132862.72,5.76,Active
A201025,C100797,Premium,18900.9,4.95,Dormant
A201026,C100798,Savings,37359.12,3.69,Active
A201027,C100799,Salary,145617.71,3.85,Active
A201028,C100800,Premium,224662.24,4.63,Dormant
A201029,C100800,Salary,70936.99,3.58,Active
A201030,C100801,Savings,36726.44,5.2,Active
A201031,C100802,Savings,116000.27,2.53,Dormant
A201032,C100803,Salary,42768.31,5.59,Active
A201033,C100803,Current,49741.61,4.54,Active
A201034,C100804,Savings,169633.68,2.6,Active
A201035,C100805,Premium,172264.99,4.94,Active
A201036,C100806,Savings,298229.19,5.43,Active
A201037,C100807,Premium,23590.89,4.6,Active
A201038,C100807,Premium,58449.49,4.3,Active
A201039,C100808,Savings,137427.08,2.72,Active
A201040,C100809,Savings,75777.95,2.76,Active
A201041,C100810,Current,103310.47,5.0,Dormant
A201042,C100811,Savings,95155.21,4.81,Active
A201043,C100812,Savings,224448.74,3.25,Dormant
A201044,C100813,Salary,183438.91,3.94,Dormant
A201045,C100814,Salary,212237.61,5.21,Active
A201046,C100815,Salary,238790.02,6.09,Active
A201047,C100815,Savings,285388.04,4.87,Active
A201048,C100816,Savings,79351.88,4.89,Active
A201049,C100817,Salary,188119.79,3.56,Dormant
A201050,C100818,Savings,171828.76,4.71,Active
A201051,C100818,Current,187851.52,5.77,Dormant
A201052,C100819,Salary,306234.27,6.37,Active
A201053,C100820,Salary,165947.04,6.05,Active
A201054,C100821,Savings,87547.37,3.16,Active
A201055,C100822,Salary,269834.76,5.28,Active
A201056,C100823,Salary,241189.57,2.58,Active
A201057,C100823,Salary,271067.72,6.46,Active
A201058,C100824,Salary,345368.98,4.38,Dormant
A201059,C100824,Savings,315352.25,2.89,Dormant
A201060,C100825,Savings,73951.48,2.6,Active
A201061,C100826,Current,43388.57,3.78,Dormant
A201062,C100827,Savings,125386.78,3.82,Active
A201063,C100827,Savings,123843.9,3.34,Active
A201064,C100828,Savings,288488.33,2.82,Active
A201065,C100829,Savings,63049.43,3.24,Active
A201066,C100830,Premium,189366.34,5.26,Active
A201067,C100831,Salary,230519.15,4.22,Dormant
A201068,C100832,Savings,101349.61,3.35,Dormant
A201069,C100833,Premium,338424.44,5.22,Dormant
A201070,C100833,Savings,37864.4,4.18,Active
A201071,C100834,Savings,217569.7,4.57,Active
A201072,C100835,Savings,47506.56,6.19,Active
A201073,C100836,Savings,20856.33,4.23,Active
A201074,C100837,Savings,87322.87,2.58,Active
A201075,C100837,Premium,115998.58,5.23,Active
A201076,C100838,Savings,60745.97,2.8,Active
A201077,C100838,Salary,89286.61,3.11,Active
A201078,C100839,Savings,34881.49,3.16,Active
A201079,C100840,Salary,56580.58,5.18,Active
A201080,C100841,Savings,233612.59,4.45,Active
A201081,C100841,Salary,142625.92,2.78,Active
A201082,C100842,Savings,190263.39,6.39,Active
A201083,C100843,Current,308428.79,3.94,Active
A201084,C100843,Premium,107521.96,3.99,Dormant
A201085,C100844,Salary,101472.01,4.39,Active
A201086,C100845,Salary,23208.21,6.35,Active
A201087,C100846,Premium,36518.74,6.0,Active
A201088,C100847,Savings,139020.75,4.9,Active
A201089,C100848,Current,21012.94,5.95,Active
A201090,C100848,Savings,64163.92,3.5,Active
A201091,C100849,Savings,285504.64,3.11,Dormant
A201092,C100849,Current,153429.81,5.65,Active
A201093,C100850,Premium,124692.31,4.69,Dormant
A201094,C100851,Savings,46801.79,6.39,Active
A201095,C100851,Savings,39334.29,4.07,Active
A201096,C100852,Savings,135099.68,5.84,Active
A201097,C100853,Savings,150660.47,4.91,Dormant
A201098,C100854,Savings,36446.73,5.42,Active
A201099,C100855,Savings,32242.13,4.78,Active
A201100,C100855,Salary,121214.04,3.68,Active
A201101,C100856,Savings,126518.22,3.28,Active
A201102,C100857,Salary,313632.72,5.94,Active
A201103,C100858,Salary,119694.66,4.01,Dormant
A201104,C100859,Salary,78566.15,3.76,Active
A201105,C100860,Savings,71793.36,3.25,Active
A201106,C100861,Current,235643.5,2.85,Active
A201107,C100861,Savings,185155.64,5.0,Active
A201108,C100862,Salary,245248.77,4.42,Active
A201109,C100862,Premium,158066.8,5.66,Active
A201110,C100863,Current,447512.45,5.56,Dormant
A201111,C100864,Premium,117474.89,5.54,Active
A201112,C100865,Savings,69552.28,2.52,Active
A201113,C100865,Premium,194177.67,5.17,Active
A201114,C100866,Savings,81266.42,6.12,Dormant
A201115,C100867,Savings,157977.89,4.56,Active
A201116,C100867,Premium,196702.16,5.68,Active
A201117,C100868,Salary,184726.71,6.36,Active
A201118,C100869,Premium,144389.62,3.09,Active
A201119,C100869,Savings,154037.42,6.05,Dormant
A201120,C100870,Savings,55123.8,4.86,Active
A201121,C100870,Salary,147915.75,2.83,Active
A201122,C100871,Salary,110668.57,5.23,Active
A201123,C100872,Savings,274649.61,5.2,Dormant
A201124,C100873,Salary,177594.23,4.23,Active
A201125,C100873,Savings,130517.5,3.09,Active
A201126,C100874,Savings,298264.28,3.21,Active
A201127,C100874,Savings,92297.5,3.16,Active
A201128,C100875,Current,32238.71,5.22,Active
A201129,C100876,Savings,122159.53,6.47,Dormant
A201130,C100877,Savings,172930.89,3.56,Dormant
A201131,C100878,Salary,180173.35,4.48,Dormant
A201132,C100879,Salary,62984.09,4.98,Active
A201133,C100880,Current,185230.99,2.98,Active
A201134,C100881,Salary,131836.25,3.01,Active
A201135,C100882,Savings,150285.6,5.88,Active
A201136,C100883,Premium,77518.71,3.69,Active
A201137,C100883,Savings,115700.78,6.11,Active
A201138,C100884,Savings,93286.97,4.73,Dormant
A201139,C100885,Current,287345.85,3.88,Active
A201140,C100886,Savings,91460.45,3.44,Dormant
A201141,C100887,Savings,157627.76,5.57,Dormant
A201142,C100887,Savings,111001.12,5.97,Active
A201143,C100888,Salary,196623.44,5.97,Active
A201144,C100888,Savings,63113.63,5.64,Dormant
A201145,C100889,Salary,45982.3,3.73,Active
A201146,C100890,Savings,126791.77,3.94,Active
A201147,C100891,Savings,100360.81,2.6,Active
A201148,C100892,Salary,271484.87,3.51,Dormant
A201149,C100893,Premium,250638.79,5.79,Active
A201150,C100894,Savings,40987.37,4.01,Active
A201151,C100895,Savings,28003.91,3.18,Active
A201152,C100895,Savings,117101.18,2.98,Active
A201153,C100896,Savings,227088.31,3.59,Active
A201154,C100897,Savings,48849.98,4.19,Active
A201155,C100898,Savings,188044.81,5.92,Active
A201156,C100899,Premium,122447.27,3.88,Active
A201157,C100899,Premium,101015.88,3.74,Dormant
A201158,C100900,Salary,85053.56,6.05,Active
A201159,C100901,Salary,49733.22,3.79,Active
A201160,C100901,Current,134525.14,5.81,Dormant
A201161,C100902,Savings,72645.68,3.15,Active
A201162,C100903,Salary,282143.15,4.97,Active
A201163,C100904,Savings,175694.08,3.93,Dormant
A201164,C100905,Salary,65998.88,3.96,Active
A201165,C100905,Salary,65435.61,4.05,Dormant
A201166,C100906,Savings,144655.22,5.0,Active
A201167,C100907,Current,82086.75,4.96,Active
A201168,C100907,Savings,54119.79,6.21,Dormant
A201169,C100908,Premium,317400.74,3.37,Active
A201170,C100909,Salary,81345.78,5.8,Active
A201171,C100910,Current,60484.9,6.4,Dormant
A201172,C100911,Salary,226398.95,6.34,Active
A201173,C100912,Savings,152979.4,2.72,Active
A201174,C100913,Savings,148689.74,2.95,Active
A201175,C100914,Savings,190942.6,3.16,Active
A201176,C100914,Savings,131877.08,5.67,Active
A201177,C100915,Premium,349512.92,3.08,Active
A201178,C100915,Savings,349113.19,3.39,Active
A201179,C100916,Savings,224700.76,5.89,Active
A201180,C100917,Current,57727.3,6.23,Dormant
A201181,C100917,Current,178928.51,3.87,Dormant
A201182,C100918,Savings,22752.48,6.11,Active
A201183,C100918,Salary,45014.35,4.09,Dormant
A201184,C100919,Savings,280479.3,3.07,Active
A201185,C100920,Savings,81503.13,6.44,Active
A201186,C100921,Savings,39700.58,4.29,Active
A201187,C100922,Savings,104062.03,5.0,Active
A201188,C100923,Salary,156957.46,3.65,Active
A201189,C100924,Savings,141219.52,2.57,Dormant
A201190,C100925,Savings,78641.63,3.43,Active
A201191,C100926,Premium,28918.7,5.23,Active
A201192,C100927,Salary,105810.51,4.69,Active
A201193,C100927,Savings,38453.28,2.89,Dormant
A201194,C100928,Salary,16812.17,3.87,Active
A201195,C100928,Savings,15633.4,3.46,Active
A201196,C100929,Savings,144240.27,4.7,Dormant
A201197,C100929,Savings,103796.1,6.33,Active
A201198,C100930,Savings,13486.07,6.39,Active
A201199,C100931,Salary,196624.75,6.28,Active
A201200,C100932,Savings,123941.95,4.82,Dormant
A201201,C100933,Savings,129308.04,5.58,Active
A201202,C100934,Savings,184520.96,5.79,Dormant
A201203,C100935,Savings,216856.0,5.96,Active
A201204,C100936,Current,175033.64,2.52,Active
A201205,C100937,Salary,29303.98,4.02,Dormant
A201206,C100938,Savings,210458.68,6.25,Active
A201207,C100939,Current,276148.97,2.74,Active
A201208,C100939,Savings,253018.67,3.41,Dormant
A201209,C100940,Savings,104822.88,3.66,Dormant
A201210,C100941,Savings,124836.12,5.14,Active
A201211,C100942,Salary,104357.36,3.02,Active
A201212,C100943,Salary,27160.99,6.14,Dormant
A201213,C100944,Savings,33945.18,5.07,Active
A201214,C100945,Salary,187355.31,2.86,Dormant
A201215,C100946,Savings,153412.02,5.64,Active
A201216,C100947,Salary,80551.38,3.41,Active
A201217,C100947,Savings,164793.18,5.33,Active
A201218,C100948,Current,75356.01,3.21,Active
A201219,C100949,Savings,183617.21,5.48,Active
A201220,C100950,Savings,118973.55,2.84,Dormant
A201221,C100951,Premium,86464.03,4.95,Active
A201222,C100952,Premium,77755.69,5.6,Active
A201223,C100952,Savings,268369.0,2.54,Active
A201224,C100953,Premium,130845.09,5.48,Dormant
A201225,C100954,Savings,63791.55,3.67,Active
A201226,C100954,Savings,157389.87,5.69,Active
A201227,C100955,Current,64654.56,2.67,Active
A201228,C100955,Savings,79581.37,5.4,Active
A201229,C100956,Salary,278934.84,2.75,Active
A201230,C100957,Savings,161109.07,5.94,Active
A201231,C100958,Premium,157311.47,6.22,Active
A201232,C100959,Savings,226944.31,4.33,Active
A201233,C100960,Savings,136091.39,5.92,Dormant
A201234,C100960,Savings,181517.07,5.33,Active
A201235,C100961,Premium,131814.18,4.14,Active
A201236,C100962,Savings,92134.77,6.14,Active
A201237,C100963,Salary,144332.71,2.65,Active
A201238,C100964,Savings,372823.21,5.11,Active
A201239,C100964,Savings,372586.6,4.4,Dormant
A201240,C100965,Salary,103943.71,4.21,Dormant
A201241,C100966,Salary,35364.07,5.79,Active
A201242,C100966,Current,155904.15,4.59,Active
A201243,C100967,Savings,142621.51,3.1,Dormant
A201244,C100968,Premium,149127.7,3.98,Active
A201245,C100969,Salary,47047.02,3.95,Active
A201246,C100970,Savings,294295.4,3.08,Active
A201247,C100971,Salary,62612.85,2.65,Dormant
A201248,C100972,Savings,160124.3,3.22,Active
A201249,C100972,Current,69071.89,4.78,Active
A201250,C100973,Savings,28875.28,3.72,Active
A201251,C100974,Savings,76376.39,3.56,Active
A201252,C100975,Savings,21252.99,4.31,Active
A201253,C100975,Savings,86758.89,4.04,Active
A201254,C100976,Savings,7165.22,3.12,Dormant
A201255,C100976,Savings,82254.78,3.22,Active
A201256,C100977,Current,141036.22,3.13,Active
A201257,C100978,Savings,41611.14,3.14,Active
A201258,C100979,Salary,360969.57,5.54,Active
A201259,C100980,Current,297164.88,3.28,Active
A201260,C100981,Savings,419945.06,2.54,Active
A201261,C100982,Savings,77440.36,5.48,Active
A201262,C100983,Salary,35426.52,3.48,Active
A201263,C100984,Savings,79200.27,4.58,Active
A201264,C100985,Savings,110499.33,5.83,Active
A201265,C100986,Savings,239266.12,4.76,Active
A201266,C100987,Savings,118564.05,5.19,Active
A201267,C100988,Salary,128728.18,6.42,Dormant
A201268,C100989,Savings,46596.9,5.02,Active
A201269,C100990,Salary,80122.98,6.49,Active
A201270,C100991,Savings,273052.86,5.85,Active
A201271,C100992,Savings,31765.95,3.59,Active
A201272,C100993,Savings,42964.13,3.08,Active
A201273,C100994,Savings,236145.32,3.11,Dormant
A201274,C100994,Salary,284538.19,6.26,Dormant
A201275,C100995,Salary,184911.21,4.63,Active
A201276,C100996,Savings,123514.22,6.31,Active
A201277,C100997,Premium,112056.22,3.63,Active
A201278,C100998,Savings,66299.42,5.37,Active
A201279,C100998,Premium,98476.09,6.34,Active
A201280,C100999,Salary,354660.04,5.36,Active
A201281,C101000,Premium,113214.4,4.02,Dormant
A201282,C101001,Current,16352.46,4.13,Active
A201283,C101001,Salary,142369.89,2.56,Active
A201284,C101002,Savings,119002.7,5.7,Active
A201285,C101002,Premium,134074.35,3.06,Dormant
A201286,C101003,Savings,111383.57,4.77,Active
A201287,C101004,Savings,186027.99,5.39,Active
A201288,C101004,Current,170195.24,4.1,Active
A201289,C101005,Salary,267633.83,4.52,Active
A201290,C101005,Savings,328228.01,4.78,Dormant
A201291,C101006,Premium,198371.55,5.61,Active
A201292,C101006,Savings,167132.55,5.59,Active
A201293,C101007,Savings,16195.99,6.35,Active
A201294,C101008,Salary,72533.21,3.82,Active
A201295,C101008,Premium,91241.56,3.09,Active
A201296,C101009,Premium,34988.89,5.25,Active
A201297,C101009,Savings,51317.44,5.6,Active
A201298,C101010,Salary,81988.92,5.86,Active
A201299,C101011,Salary,24099.45,2.9,Active
A201300,C101012,Premium,120906.46,4.59,Active
A201301,C101013,Current,50616.33,4.95,Active
A201302,C101014,Premium,197380.53,3.62,Active
A201303,C101015,Savings,13745.09,6.17,Dormant
A201304,C101016,Savings,151263.8,6.3,Active
A201305,C101017,Savings,88146.55,3.57,Dormant
A201306,C101017,Savings,171169.36,4.74,Active
A201307,C101018,Savings,39272.53,3.8,Active
A201308,C101019,Premium,18357.25,5.47,Active
A201309,C101020,Premium,90489.88,4.78,Active
A201310,C101020,Current,103639.57,2.68,Dormant
A201311,C101021,Salary,31608.79,4.86,Active
A201312,C101022,Savings,54003.56,2.69,Active
A201313,C101023,Savings,138.55,3.87,Dormant
A201314,C101024,Savings,288450.88,4.89,Dormant
A201315,C101025,Salary,12179.64,2.52,Active
A201316,C101026,Salary,259183.67,3.18,Active
A201317,C101027,Savings,89330.59,4.2,Active
A201318,C101028,Salary,85062.74,3.38,Active
A201319,C101028,Premium,79885.89,6.21,Dormant
A201320,C101029,Savings,90678.85,4.05,Dormant
A201321,C101030,Savings,216303.32,2.53,Active
A201322,C101031,Salary,149244.0,3.19,Active
A201323,C101032,Savings,148926.44,3.28,Dormant
A201324,C101033,Salary,107004.5,4.25,Active
A201325,C101033,Premium,50368.28,4.15,Dormant
A201326,C101034,Current,91597.98,4.34,Active
A201327,C101035,Salary,12217.03,6.17,Active
A201328,C101035,Savings,8627.0,5.54,Active
A201329,C101036,Savings,63498.41,5.78,Dormant
A201330,C101037,Salary,74919.66,5.12,Active
A201331,C101038,Savings,185523.75,5.36,Active
A201332,C101039,Premium,239030.47,4.65,Active
A201333,C101040,Premium,95991.24,2.59,Dormant
A201334,C101040,Salary,98741.17,5.33,Dormant
A201335,C101041,Salary,123402.0,3.85,Active
A201336,C101041,Salary,207999.47,4.3,Active
A201337,C101042,Salary,108439.49,3.14,Dormant
A201338,C101043,Savings,52695.49,3.41,Active
A201339,C101044,Current,425597.55,5.04,Active
A201340,C101045,Current,76825.11,4.3,Active
A201341,C101046,Savings,68269.77,5.82,Active
A201342,C101046,Savings,14735.83,4.92,Active
A201343,C101047,Savings,79982.76,4.84,Active
A201344,C101048,Savings,120316.47,4.06,Dormant
A201345,C101049,Salary,41860.9,4.37,Dormant
A201346,C101050,Savings,400101.22,5.33,Dormant
A201347,C101050,Salary,323989.38,5.57,Active
A201348,C101051,Salary,205101.12,5.78,Active
A201349,C101052,Salary,179832.89,2.65,Active
A201350,C101053,Salary,46459.58,3.37,Active
A201351,C101054,Salary,108807.96,5.31,Dormant
A201352,C101054,Savings,126924.01,3.56,Active
A201353,C101055,Premium,176154.07,3.44,Active
A201354,C101056,Savings,88273.65,5.19,Active
A201355,C101057,Savings,103456.2,3.89,Active
A201356,C101057,Savings,277558.85,5.97,Active
A201357,C101058,Salary,49317.1,4.7,Active
A201358,C101059,Savings,51252.48,4.18,Dormant
A201359,C101059,Savings,31778.59,5.8,Active
A201360,C101060,Savings,107190.01,3.11,Dormant
A201361,C101060,Current,54291.94,2.83,Active
A201362,C101061,Savings,132172.83,5.89,Dormant
A201363,C101062,Savings,65756.38,4.13,Active
A201364,C101063,Savings,91021.77,3.15,Dormant
A201365,C101063,Savings,112478.1,3.59,Active
A201366,C101064,Salary,63748.64,3.44,Active
A201367,C101064,Savings,227573.56,5.09,Active
A201368,C101065,Current,36973.01,3.29,Active
A201369,C101066,Savings,348429.89,6.31,Active
A201370,C101066,Savings,178826.06,3.05,Dormant
A201371,C101067,Premium,193623.15,5.99,Dormant
A201372,C101068,Salary,142624.15,4.94,Active
A201373,C101068,Salary,90545.21,6.33,Dormant
A201374,C101069,Salary,31140.67,5.22,Active
A201375,C101070,Savings,24892.86,2.66,Active
A201376,C101071,Salary,91385.6,5.7,Dormant
A201377,C101071,Premium,175637.51,3.07,Active
A201378,C101072,Salary,86353.84,4.19,Active
A201379,C101072,Salary,246068.25,5.3,Active
A201380,C101073,Current,144835.27,3.1,Active
A201381,C101074,Savings,133527.65,4.93,Dormant
A201382,C101075,Savings,42402.03,4.63,Active
A201383,C101075,Current,152337.94,2.96,Active
A201384,C101076,Salary,143895.11,5.48,Dormant
A201385,C101077,Savings,306875.87,6.01,Active
A201386,C101078,Savings,317699.62,3.49,Active
A201387,C101078,Savings,307258.71,3.05,Active
A201388,C101079,Savings,71330.61,6.0,Active
A201389,C101080,Savings,83438.27,5.05,Active
A201390,C101080,Salary,176564.23,5.16,Active
A201391,C101081,Savings,0.0,2.91,Active
A201392,C101082,Savings,124297.69,4.56,Active
A201393,C101083,Savings,150215.65,4.17,Active
A201394,C101083,Savings,51923.51,6.01,Active
A201395,C101084,Salary,104513.6,3.08,Dormant
A201396,C101085,Savings,64623.69,4.85,Dormant
A201397,C101086,Savings,100920.27,4.42,Active
A201398,C101087,Savings,90597.02,5.47,Active
A201399,C101087,Savings,171887.99,5.16,Active
A201400,C101088,Savings,169075.36,5.04,Dormant
A201401,C101088,Salary,117654.68,4.39,Dormant
A201402,C101089,Salary,163224.02,3.44,Dormant
A201403,C101090,Savings,185758.33,5.39,Dormant
A201404,C101091,Savings,243425.59,4.17,Active
A201405,C101091,Savings,35430.94,6.25,Active
A201406,C101092,Salary,273758.86,5.17,Active
A201407,C101092,Savings,119554.92,3.15,Active
A201408,C101093,Savings,258805.89,6.17,Dormant
A201409,C101094,Salary,51762.16,4.99,Active
A201410,C101095,Savings,275086.97,2.54,Active
A201411,C101095,Savings,142191.19,5.23,Active
A201412,C101096,Savings,142851.57,4.16,Active
A201413,C101097,Savings,239638.6,6.32,Active
A201414,C101098,Current,70151.12,4.45,Active
A201415,C101099,Salary,48942.6,4.84,Active
A201416,C101100,Savings,205711.14,3.26,Active
A201417,C101101,Salary,190347.97,6.36,Dormant
A201418,C101101,Savings,148118.25,3.14,Active
A201419,C101102,Salary,105599.06,4.1,Active
A201420,C101102,Savings,61141.29,2.87,Active
A201421,C101103,Salary,112410.71,3.18,Active
A201422,C101104,Current,0.0,6.35,Active
A201423,C101105,Salary,74128.0,3.12,Active
A201424,C101105,Salary,71687.76,4.78,Dormant
A201425,C101106,Premium,9852.48,3.14,Active
A201426,C101106,Savings,119130.89,4.64,Active
A201427,C101107,Salary,236850.48,3.53,Active
A201428,C101108,Savings,173455.87,5.84,Active
A201429,C101108,Salary,85917.01,3.48,Active
A201430,C101109,Savings,146046.87,4.09,Dormant
A201431,C101110,Salary,124230.43,5.42,Dormant
A201432,C101110,Savings,148299.52,6.08,Active
A201433,C101111,Premium,216817.7,5.34,Dormant
A201434,C101112,Savings,110469.46,2.58,Dormant
A201435,C101113,Premium,83504.86,4.97,Active
A201436,C101113,Current,41485.83,5.43,Active
A201437,C101114,Premium,373436.32,5.04,Dormant
A201438,C101115,Salary,75899.26,2.57,Dormant
A201439,C101115,Savings,74066.19,4.08,Active
A201440,C101116,Savings,86004.72,5.56,Active
A201441,C101117,Savings,201529.67,5.43,Dormant
A201442,C101118,Salary,33233.22,4.41,Active
A201443,C101119,Salary,159549.48,6.3,Active
A201444,C101120,Current,122353.04,4.87,Active
A201445,C101121,Current,85636.33,2.6,Active
A201446,C101122,Savings,255209.33,4.76,Active
A201447,C101122,Savings,59707.94,3.65,Active
A201448,C101123,Savings,129816.79,4.51,Dormant
A201449,C101124,Premium,66102.69,2.56,Active
A201450,C101125,Salary,83776.97,3.38,Active
A201451,C101126,Savings,70341.55,6.06,Dormant
A201452,C101127,Salary,111002.41,5.77,Active
A201453,C101128,Savings,53777.72,4.28,Active
A201454,C101129,Savings,34118.82,2.64,Active
A201455,C101130,Salary,179623.7,6.1,Dormant
A201456,C101131,Savings,104579.97,5.99,Active
A201457,C101131,Savings,31080.83,5.06,Active
A201458,C101132,Current,0.0,5.15,Active
A201459,C101132,Current,11845.91,2.87,Active
A201460,C101133,Savings,127603.66,6.35,Dormant
A201461,C101134,Savings,200985.03,4.95,Active
A201462,C101134,Salary,126509.64,6.09,Active
A201463,C101135,Salary,156921.67,6.4,Active
A201464,C101136,Savings,12310.37,6.08,Dormant
A201465,C101136,Savings,12858.06,6.35,Active
A201466,C101137,Salary,84782.35,4.99,Active
A201467,C101138,Savings,141003.44,3.81,Active
A201468,C101139,Salary,30916.05,6.41,Dormant
A201469,C101140,Salary,252716.84,5.82,Active
A201470,C101141,Salary,100230.35,2.77,Active
A201471,C101142,Savings,185503.82,6.34,Active
A201472,C101142,Salary,148211.6,4.26,Dormant
A201473,C101143,Savings,290919.95,5.37,Dormant
A201474,C101144,Savings,167330.23,3.89,Active
A201475,C101144,Salary,153483.75,6.13,Active
A201476,C101145,Salary,181581.14,5.28,Active
A201477,C101146,Savings,240797.29,6.13,Dormant
A201478,C101147,Premium,25370.99,5.33,Active
A201479,C101148,Savings,85198.53,4.7,Active
A201480,C101149,Salary,174841.9,3.37,Dormant
A201481,C101150,Savings,203296.94,3.05,Active
A201482,C101150,Salary,141526.02,5.48,Dormant
A201483,C101151,Savings,173975.59,4.3,Dormant
A201484,C101151,Salary,107156.79,2.55,Active
A201485,C101152,Savings,0.0,3.63,Active
A201486,C101153,Savings,114142.12,6.17,Dormant
A201487,C101154,Savings,164839.58,3.1,Active
A201488,C101154,Salary,219328.76,3.16,Dormant
A201489,C101155,Savings,52233.6,6.02,Active
A201490,C101156,Savings,179925.88,5.61,Active
A201491,C101156,Savings,118721.51,3.93,Active
A201492,C101157,Savings,33027.85,2.79,Active
A201493,C101158,Savings,196932.06,2.62,Active
A201494,C101159,Salary,46971.2,4.98,Active
A201495,C101159,Savings,17082.31,5.34,Dormant
A201496,C101160,Salary,213683.91,4.48,Active
A201497,C101161,Salary,100592.07,5.06,Active
A201498,C101162,Salary,62752.26,3.83,Active
A201499,C101163,Savings,124673.57,4.05,Active
A201500,C101164,Salary,22338.36,3.37,Active
A201501,C101164,Savings,34481.96,5.77,Active
A201502,C101165,Savings,158351.35,4.71,Dormant
A201503,C101166,Savings,115166.93,5.14,Dormant
A201504,C101166,Savings,436074.61,4.95,Active
A201505,C101167,Premium,167891.29,3.95,Active
A201506,C101168,Savings,59660.78,4.74,Active
A201507,C101169,Savings,347103.74,3.9,Active
A201508,C101170,Current,49655.64,4.11,Active
A201509,C101170,Salary,85947.07,4.61,Active
A201510,C101171,Savings,230520.58,2.64,Active
A201511,C101172,Salary,13752.19,5.55,Dormant
A201512,C101173,Current,229557.44,2.7,Active
A201513,C101174,Salary,10667.15,3.18,Active
A201514,C101175,Salary,13719.82,5.36,Active
A201515,C101176,Savings,58760.26,3.83,Active
A201516,C101177,Current,129032.05,6.08,Active
A201517,C101178,Savings,141601.1,5.53,Active
A201518,C101179,Savings,91375.63,6.32,Active
A201519,C101180,Salary,83983.85,5.42,Active
A201520,C101181,Savings,284499.01,5.97,Active
A201521,C101181,Salary,200404.78,3.68,Active
A201522,C101182,Salary,119238.71,3.06,Active
A201523,C101183,Current,280210.28,3.5,Dormant
A201524,C101183,Savings,209568.75,6.03,Dormant
A201525,C101184,Salary,143993.51,5.82,Dormant
A201526,C101184,Salary,306831.36,4.9,Dormant
A201527,C101185,Savings,237419.01,6.24,Active
A201528,C101186,Salary,403066.45,4.37,Active
A201529,C101187,Savings,18164.14,3.01,Active
A201530,C101188,Salary,60945.29,3.06,Active
A201531,C101189,Savings,34783.74,4.65,Dormant
A201532,C101190,Salary,140330.8,5.49,Active
A201533,C101190,Savings,220559.39,3.05,Dormant
A201534,C101191,Savings,71773.82,4.25,Active
A201535,C101192,Savings,167045.3,4.17,Active
A201536,C101193,Savings,66814.05,3.35,Dormant
A201537,C101193,Savings,150618.23,3.21,Dormant
A201538,C101194,Savings,89576.7,5.85,Active
A201539,C101194,Current,134315.18,3.87,Active
A201540,C101195,Savings,152437.39,3.9,Active
A201541,C101195,Savings,146504.72,5.99,Active
A201542,C101196,Savings,166303.41,2.78,Active
A201543,C101197,Salary,274649.3,3.62,Active
A201544,C101198,Savings,238018.65,3.4,Active
A201545,C101199,Current,51640.95,3.13,Dormant
A201546,C101200,Current,283708.0,4.3,Active
A201547,C101201,Savings,130468.03,4.98,Dormant
A201548,C101202,Savings,363617.51,5.2,Active
A201549,C101203,Salary,75889.21,4.59,Active
A201550,C101204,Savings,319286.41,5.82,Active
A201551,C101204,Premium,54611.37,6.08,Active
A201552,C101205,Savings,337445.32,4.27,Active
A201553,C101206,Current,101038.95,4.99,Dormant
A201554,C101207,Salary,55523.05,4.8,Active
A201555,C101207,Savings,24759.73,5.02,Active
A201556,C101208,Salary,14911.07,3.6,Active
A201557,C101209,Salary,178701.18,3.91,Active
A201558,C101210,Savings,120793.33,2.55,Active
A201559,C101210,Current,109147.58,2.77,Active
A201560,C101211,Savings,213846.11,6.21,Active
A201561,C101212,Savings,129917.55,4.29,Dormant
A201562,C101213,Savings,62884.0,5.17,Active
A201563,C101214,Savings,72931.45,3.49,Active
A201564,C101215,Savings,181557.08,5.55,Active
A201565,C101216,Current,187893.06,3.09,Active
A201566,C101217,Salary,481990.51,3.56,Active
A201567,C101218,Savings,137653.38,5.0,Active
A201568,C101219,Salary,342580.45,4.8,Active
A201569,C101219,Current,98624.39,6.06,Dormant
A201570,C101220,Salary,129426.0,4.82,Dormant
A201571,C101220,Savings,130868.69,5.13,Active
A201572,C101221,Savings,83306.74,4.49,Active
A201573,C101221,Savings,95420.87,4.58,Active
A201574,C101222,Salary,415301.32,2.9,Active
A201575,C101222,Savings,471383.21,6.16,Dormant
A201576,C101223,Savings,53751.51,6.44,Active
A201577,C101224,Savings,287351.93,2.84,Active
A201578,C101224,Savings,231513.54,6.44,Active
A201579,C101225,Salary,103642.13,6.05,Dormant
A201580,C101226,Salary,152897.96,4.93,Active
A201581,C101227,Savings,161343.83,4.01,Active
A201582,C101228,Current,254808.09,3.42,Active
A201583,C101228,Salary,69002.5,5.38,Active
A201584,C101229,Savings,90264.55,3.9,Active
A201585,C101230,Savings,50210.7,5.29,Active
A201586,C101231,Savings,165534.07,4.1,Dormant
A201587,C101231,Salary,49107.65,3.85,Active
A201588,C101232,Current,72259.37,3.3,Active
A201589,C101233,Salary,163274.45,2.68,Active
A201590,C101233,Savings,153520.65,5.58,Dormant
A201591,C101234,Salary,93958.39,4.35,Active
A201592,C101234,Salary,231010.84,5.63,Active
A201593,C101235,Savings,104933.39,5.21,Active
A201594,C101235,Savings,68448.32,4.29,Dormant
A201595,C101236,Savings,121391.4,5.0,Active
A201596,C101237,Current,103740.59,6.36,Dormant
A201597,C101238,Savings,165794.12,4.62,Active
A201598,C101239,Savings,99806.91,2.85,Dormant
A201599,C101240,Savings,61951.04,2.53,Active
A201600,C101241,Current,331660.23,5.82,Active
A201601,C101242,Savings,304148.26,6.42,Active
A201602,C101243,Savings,124949.49,4.96,Active
A201603,C101244,Salary,252400.41,4.27,Active
A201604,C101245,Premium,209396.55,6.24,Dormant
A201605,C101246,Savings,66278.59,4.69,Active
A201606,C101247,Savings,22579.54,3.48,Active
A201607,C101247,Salary,19977.94,4.13,Dormant
A201608,C101248,Salary,76510.31,2.59,Dormant
A201609,C101248,Premium,139440.88,4.39,Dormant
A201610,C101249,Savings,238565.12,4.16,Active
A201611,C101250,Savings,29906.5,4.54,Active
A201612,C101251,Premium,190227.16,2.57,Active
A201613,C101252,Savings,176546.42,3.52,Active
A201614,C101252,Salary,122671.17,2.59,Active
A201615,C101253,Salary,52417.08,4.41,Active
A201616,C101253,Savings,132609.23,6.24,Active
A201617,C101254,Salary,96356.72,3.06,Active
A201618,C101255,Salary,18898.17,3.35,Active
A201619,C101256,Salary,34117.16,4.13,Active
A201620,C101257,Current,123637.56,3.21,Active
A201621,C101258,Savings,179249.46,2.83,Active
A201622,C101259,Savings,175717.6,4.48,Dormant
A201623,C101259,Salary,29410.36,4.62,Active
A201624,C101260,Savings,23635.61,4.21,Active
A201625,C101261,Savings,244287.46,6.15,Active
A201626,C101262,Salary,193353.75,4.03,Active
A201627,C101263,Salary,24618.86,5.83,Active
A201628,C101264,Premium,87046.29,5.74,Active
A201629,C101264,Salary,162533.98,4.83,Active
A201630,C101265,Current,167072.56,2.67,Active
A201631,C101266,Salary,130439.75,5.72,Active
A201632,C101267,Current,281279.36,5.22,Active
A201633,C101268,Savings,166303.27,6.18,Active
A201634,C101269,Savings,234110.77,5.3,Active
A201635,C101270,Salary,194415.91,3.96,Active
A201636,C101270,Savings,383829.25,3.34,Active
A201637,C101271,Savings,340167.35,4.65,Active
A201638,C101271,Savings,126698.07,3.63,Active
A201639,C101272,Savings,238220.06,5.25,Dormant
A201640,C101273,Savings,218410.95,3.58,Dormant
A201641,C101274,Savings,265994.43,3.8,Dormant
A201642,C101274,Savings,0.0,5.68,Active
A201643,C101275,Savings,254132.34,3.66,Dormant
A201644,C101276,Savings,18321.0,3.05,Active
A201645,C101276,Savings,66777.16,3.01,Active
A201646,C101277,Savings,217093.6,4.69,Active
A201647,C101277,Savings,250293.69,4.41,Active
A201648,C101278,Savings,320876.43,3.8,Dormant
A201649,C101279,Premium,173018.45,2.66,Active
A201650,C101279,Savings,116789.53,3.81,Active
A201651,C101280,Premium,83735.07,4.16,Active
A201652,C101280,Salary,165272.0,3.82,Active
A201653,C101281,Savings,277470.1,2.95,Active
A201654,C101282,Salary,34041.4,4.14,Active
A201655,C101283,Savings,203566.61,3.44,Dormant
A201656,C101283,Savings,114693.15,4.33,Active
A201657,C101284,Salary,26352.46,3.02,Active
A201658,C101284,Premium,44492.98,5.08,Active
A201659,C101285,Savings,181375.9,4.88,Active
A201660,C101285,Current,96531.16,4.42,Active
A201661,C101286,Premium,222903.89,4.24,Active
A201662,C101287,Salary,75952.39,4.32,Active
A201663,C101288,Savings,100981.19,6.22,Active
A201664,C101289,Salary,20723.42,4.46,Active
A201665,C101289,Salary,47476.82,3.03,Active
A201666,C101290,Savings,56380.53,3.06,Active
A201667,C101290,Savings,154484.5,3.97,Active
A201668,C101291,Savings,22916.46,6.45,Active
A201669,C101292,Premium,23937.04,3.14,Active
A201670,C101293,Salary,24288.9,3.34,Active
A201671,C101294,Savings,223518.12,4.56,Active
A201672,C101295,Salary,87898.57,5.06,Dormant
A201673,C101295,Salary,161983.43,3.65,Active
A201674,C101296,Savings,179199.63,5.5,Active
A201675,C101297,Salary,282768.89,4.92,Dormant
A201676,C101298,Salary,198674.28,3.87,Active
A201677,C101299,Savings,65141.26,5.7,Active
A201678,C101299,Savings,52536.84,5.87,Dormant
A201679,C101300,Savings,10073.69,3.54,Active
A201680,C101301,Savings,178362.53,5.12,Active
A201681,C101302,Salary,67203.9,5.26,Active
A201682,C101303,Savings,121583.94,3.26,Active
A201683,C101303,Premium,157071.11,4.69,Dormant
A201684,C101304,Current,129232.34,6.2,Active
A201685,C101304,Salary,208504.33,2.89,Active
A201686,C101305,Premium,115442.58,4.98,Active
A201687,C101306,Savings,195305.53,5.9,Active
A201688,C101306,Savings,293387.3,3.89,Active
A201689,C101307,Savings,5977.53,4.13,Dormant
A201690,C101308,Salary,89090.89,3.8,Active
A201691,C101309,Savings,246181.46,3.49,Active
A201692,C101310,Salary,255425.31,2.95,Active
A201693,C101311,Savings,84211.17,2.62,Active
A201694,C101312,Savings,35328.01,4.3,Active
A201695,C101312,Premium,48817.9,5.38,Active
A201696,C101313,Savings,204134.66,6.08,Dormant
A201697,C101313,Salary,29404.42,6.12,Dormant
A201698,C101314,Salary,11186.53,6.25,Active
A201699,C101314,Current,252887.77,3.47,Active
A201700,C101315,Savings,160426.18,5.52,Active
A201701,C101316,Savings,55246.96,2.58,Dormant
A201702,C101317,Current,314440.47,3.02,Active
A201703,C101318,Current,139462.91,4.21,Active
A201704,C101318,Salary,32502.16,4.7,Dormant
A201705,C101319,Savings,66895.18,5.67,Active
A201706,C101320,Salary,233440.35,5.72,Active
A201707,C101321,Savings,3982.07,3.45,Dormant
A201708,C101322,Premium,22997.69,5.73,Active
A201709,C101323,Savings,265674.44,5.66,Active
A201710,C101323,Premium,75819.4,5.41,Active
A201711,C101324,Savings,43497.15,5.49,Active
A201712,C101324,Savings,163110.63,3.37,Active
A201713,C101325,Savings,105621.47,6.44,Active
A201714,C101326,Savings,147884.13,2.66,Dormant
A201715,C101327,Salary,196054.57,6.18,Active
A201716,C101327,Savings,201450.16,6.28,Dormant
A201717,C101328,Salary,265423.97,3.26,Active
A201718,C101328,Savings,142332.96,4.39,Active
A201719,C101329,Salary,137656.06,4.57,Active
A201720,C101330,Current,338323.31,5.88,Dormant
A201721,C101331,Salary,42203.74,2.54,Active
A201722,C101332,Salary,116313.68,4.55,Active
A201723,C101333,Savings,230933.5,5.18,Active
A201724,C101334,Current,300279.02,5.17,Active
A201725,C101335,Savings,128054.57,6.32,Dormant
A201726,C101336,Salary,167216.01,5.41,Active
A201727,C101337,Savings,146223.14,5.33,Active
A201728,C101338,Salary,203759.29,3.18,Active
A201729,C101338,Savings,215433.07,3.29,Active
A201730,C101339,Savings,211567.78,4.25,Active
A201731,C101340,Savings,56743.26,4.11,Active
A201732,C101341,Current,35523.01,4.25,Dormant
A201733,C101342,Savings,16531.92,5.42,Active
A201734,C101343,Savings,157129.14,4.8,Active
A201735,C101344,Salary,105762.98,6.45,Active
A201736,C101345,Salary,202151.98,5.03,Active
A201737,C101346,Savings,40278.35,3.22,Active
A201738,C101346,Premium,47043.46,6.14,Dormant
A201739,C101347,Salary,161692.47,4.36,Dormant
A201740,C101348,Current,173673.34,3.85,Dormant
A201741,C101349,Current,188319.24,3.28,Active
A201742,C101349,Salary,87378.83,5.9,Active
A201743,C101350,Premium,272354.86,3.85,Active
A201744,C101351,Savings,25575.8,5.98,Active
A201745,C101352,Salary,58478.29,5.16,Dormant
A201746,C101353,Savings,45342.64,3.99,Active
A201747,C101353,Savings,208665.65,5.61,Dormant
A201748,C101354,Savings,265886.01,4.42,Active
A201749,C101355,Savings,59657.76,5.0,Active
A201750,C101356,Savings,134217.16,4.44,Dormant
A201751,C101357,Salary,33638.66,3.55,Active
A201752,C101358,Premium,63238.02,3.06,Dormant
A201753,C101359,Salary,89694.85,3.21,Active
A201754,C101359,Savings,105171.26,3.36,Active
A201755,C101360,Current,38776.17,5.18,Active
A201756,C101361,Current,152135.08,5.77,Active
A201757,C101362,Savings,297671.39,3.22,Active
A201758,C101363,Current,85994.04,6.33,Dormant
A201759,C101363,Savings,46860.89,3.9,Active
A201760,C101364,Current,12910.11,4.37,Active
A201761,C101365,Savings,73062.74,2.64,Dormant
A201762,C101366,Savings,124212.0,5.14,Active
A201763,C101366,Savings,148698.89,4.74,Dormant
A201764,C101367,Premium,102060.12,6.39,Active
A201765,C101367,Salary,84254.08,5.53,Active
A201766,C101368,Savings,93205.87,6.22,Dormant
A201767,C101369,Savings,278746.48,5.89,Active
A201768,C101370,Premium,23039.99,6.28,Active
A201769,C101371,Savings,35228.25,4.88,Active
A201770,C101372,Savings,24806.58,3.62,Active
A201771,C101373,Salary,122959.68,4.6,Active
A201772,C101373,Savings,64897.42,4.92,Active
A201773,C101374,Savings,188772.39,3.43,Active
A201774,C101375,Salary,118279.71,3.78,Active
A201775,C101376,Premium,187000.44,5.0,Active
A201776,C101376,Salary,103108.43,3.29,Dormant
A201777,C101377,Salary,39792.85,4.3,Active
A201778,C101378,Savings,109090.99,4.74,Active
A201779,C101378,Savings,167711.57,5.71,Active
A201780,C101379,Salary,141783.43,3.62,Active
A201781,C101379,Savings,33417.29,4.35,Active
A201782,C101380,Premium,300115.91,6.33,Active
A201783,C101381,Savings,53832.32,6.02,Active
A201784,C101382,Salary,310926.09,3.89,Active
A201785,C101383,Savings,63003.14,4.97,Active
A201786,C101384,Savings,286482.76,6.21,Dormant
A201787,C101384,Salary,207905.31,2.62,Active
A201788,C101385,Savings,11367.68,3.47,Dormant
A201789,C101386,Savings,171827.46,4.64,Active
A201790,C101386,Savings,273331.9,2.8,Active
A201791,C101387,Premium,261210.41,6.4,Active
A201792,C101387,Savings,190632.12,5.75,Active
A201793,C101388,Savings,57149.12,4.75,Active
A201794,C101389,Current,242358.94,3.67,Active
A201795,C101390,Savings,73294.65,4.95,Active
A201796,C101390,Current,169823.82,5.68,Active
A201797,C101391,Savings,125352.89,4.58,Active
A201798,C101391,Savings,138281.83,2.79,Dormant
A201799,C101392,Savings,163680.94,4.77,Active
A201800,C101393,Premium,193682.78,4.23,Active
A201801,C101394,Savings,484493.78,3.57,Dormant
A201802,C101395,Savings,170495.14,2.61,Active
A201803,C101396,Premium,32059.52,3.33,Active
A201804,C101396,Savings,158807.09,2.88,Active
A201805,C101397,Salary,45248.12,3.18,Dormant
A201806,C101398,Salary,0.0,3.29,Dormant
A201807,C101398,Savings,205652.4,6.34,Active
A201808,C101399,Savings,164700.9,2.66,Active
A201809,C101400,Savings,306125.96,5.23,Dormant
A201810,C101400,Savings,86332.94,2.87,Active
A201811,C101401,Savings,26109.09,5.16,Dormant
A201812,C101402,Savings,62474.1,3.89,Active
A201813,C101403,Premium,44882.37,2.53,Active
A201814,C101404,Savings,67333.11,3.69,Dormant
A201815,C101405,Salary,275383.35,5.14,Active
A201816,C101405,Savings,128645.16,3.56,Active
A201817,C101406,Savings,96174.62,3.54,Active
A201818,C101406,Savings,80586.3,5.4,Active
A201819,C101407,Salary,183714.77,6.42,Dormant
A201820,C101407,Savings,265136.26,5.47,Dormant
A201821,C101408,Savings,108244.49,3.11,Active
A201822,C101408,Savings,112400.38,2.77,Dormant
A201823,C101409,Salary,60858.29,4.89,Active
A201824,C101409,Savings,124747.48,5.39,Active
A201825,C101410,Current,89052.37,5.32,Active
A201826,C101411,Savings,5595.18,5.51,Active
A201827,C101412,Savings,244875.95,3.69,Active
A201828,C101412,Salary,53009.99,3.54,Active
A201829,C101413,Savings,96686.65,5.12,Active
A201830,C101414,Savings,110243.13,3.68,Active
A201831,C101415,Savings,29455.71,3.97,Active
A201832,C101415,Current,164999.93,3.6,Dormant
A201833,C101416,Current,70636.17,5.02,Active
A201834,C101417,Salary,48152.92,5.64,Active
A201835,C101418,Savings,35733.46,4.44,Active
A201836,C101418,Salary,94846.6,5.96,Active
A201837,C101419,Savings,352761.7,2.57,Dormant
A201838,C101420,Salary,74785.38,6.37,Active
A201839,C101421,Salary,88784.09,6.29,Active
A201840,C101422,Salary,242834.25,2.6,Dormant
A201841,C101423,Savings,191839.01,4.53,Active
A201842,C101424,Savings,86349.09,5.64,Active
A201843,C101425,Premium,188383.38,6.24,Dormant
A201844,C101426,Savings,45677.21,4.49,Active
A201845,C101426,Savings,248396.43,2.63,Active
A201846,C101427,Savings,51645.23,3.1,Active
A201847,C101428,Premium,84689.58,4.16,Active
A201848,C101429,Salary,325660.42,2.62,Dormant
A201849,C101430,Salary,146873.25,3.57,Active
A201850,C101431,Savings,134309.56,3.44,Active
A201851,C101432,Savings,217221.03,3.6,Dormant
A201852,C101433,Salary,70336.46,3.57,Active
A201853,C101434,Salary,59808.97,3.18,Active
A201854,C101435,Salary,272128.58,3.64,Dormant
A201855,C101435,Savings,24540.47,2.92,Active
A201856,C101436,Salary,190188.95,2.61,Active
A201857,C101437,Savings,67974.16,2.98,Active
A201858,C101437,Salary,126222.82,6.06,Dormant
A201859,C101438,Savings,20007.89,5.92,Active
A201860,C101438,Savings,15827.87,4.34,Dormant
A201861,C101439,Premium,209281.21,6.24,Active
A201862,C101440,Salary,198265.98,2.94,Active
A201863,C101441,Salary,42275.3,4.5,Active
A201864,C101442,Current,211605.17,2.78,Active
A201865,C101443,Savings,238678.15,4.65,Active
A201866,C101444,Premium,164064.3,5.04,Active
A201867,C101444,Salary,26043.14,3.16,Active
A201868,C101445,Savings,172189.46,6.19,Active
A201869,C101446,Savings,170185.96,4.06,Active
A201870,C101447,Savings,286997.95,2.97,Dormant
A201871,C101448,Savings,252038.38,2.77,Active
A201872,C101449,Salary,268839.18,3.72,Active
A201873,C101450,Savings,194118.57,3.17,Active
A201874,C101451,Savings,42968.92,2.57,Active
A201875,C101452,Savings,40990.19,2.7,Active
A201876,C101453,Savings,364371.55,2.65,Dormant
A201877,C101454,Current,294060.68,3.55,Active
A201878,C101454,Savings,213458.57,4.61,Dormant
A201879,C101455,Savings,376750.23,4.5,Dormant
A201880,C101455,Salary,233506.04,2.81,Dormant
A201881,C101456,Premium,70105.69,6.41,Active
A201882,C101457,Current,125609.03,5.8,Dormant
A201883,C101457,Current,92158.39,5.05,Dormant
A201884,C101458,Premium,306940.43,5.13,Active
A201885,C101459,Salary,73807.69,6.06,Dormant
A201886,C101460,Savings,306487.18,4.82,Active
A201887,C101461,Savings,202588.41,3.66,Active
A201888,C101462,Current,113804.26,4.51,Active
A201889,C101463,Savings,143863.34,6.17,Dormant
A201890,C101464,Current,260697.21,2.79,Dormant
A201891,C101465,Savings,30861.89,4.3,Active
A201892,C101466,Premium,188089.17,6.12,Dormant
A201893,C101467,Savings,131891.22,6.44,Active
A201894,C101468,Current,52677.79,3.62,Active
A201895,C101469,Salary,51877.94,4.71,Dormant
A201896,C101469,Savings,54745.53,2.7,Active
A201897,C101470,Savings,157310.38,4.1,Dormant
A201898,C101470,Savings,118393.9,3.01,Active
A201899,C101471,Savings,148111.04,2.66,Active
A201900,C101471,Savings,399308.1,2.73,Active
A201901,C101472,Savings,58286.42,5.67,Active
A201902,C101473,Savings,190856.66,3.79,Active
A201903,C101474,Premium,90118.01,5.85,Dormant
A201904,C101474,Salary,95213.22,4.12,Active
A201905,C101475,Savings,16590.7,5.53,Active
A201906,C101475,Savings,53571.89,5.41,Dormant
A201907,C101476,Savings,48140.14,5.12,Active
A201908,C101477,Savings,49588.15,3.22,Active
A201909,C101477,Savings,55986.62,3.64,Active
A201910,C101478,Savings,109372.38,5.95,Dormant
A201911,C101479,Salary,106568.36,4.52,Dormant
A201912,C101480,Salary,20434.54,6.29,Dormant
A201913,C101481,Salary,6974.84,2.71,Dormant
A201914,C101482,Current,20958.16,5.27,Active
A201915,C101483,Salary,300698.08,3.01,Active
A201916,C101484,Savings,25824.74,3.64,Active
A201917,C101485,Savings,50917.85,5.26,Active
A201918,C101485,Savings,2497.11,6.02,Active
A201919,C101486,Salary,227554.65,4.52,Dormant
A201920,C101487,Savings,206918.36,5.0,Active
A201921,C101488,Savings,342365.0,4.25,Active
A201922,C101489,Salary,186119.63,3.04,Active
A201923,C101490,Savings,96237.51,6.22,Active
A201924,C101490,Current,117071.87,5.45,Active
A201925,C101491,Current,242908.71,6.3,Active
A201926,C101492,Current,157742.44,5.76,Dormant
A201927,C101493,Salary,66220.79,5.67,Active
A201928,C101494,Savings,25436.35,2.84,Active
A201929,C101495,Savings,109028.32,4.0,Active
A201930,C101496,Premium,191979.74,5.53,Active
A201931,C101497,Savings,229443.7,6.3,Active
A201932,C101498,Savings,45449.8,3.1,Active
A201933,C101499,Savings,70244.29,4.52,Dormant
A201934,C101500,Savings,56875.59,5.77,Active
A201935,C101500,Savings,63790.84,5.39,Active
A201936,C101501,Savings,86408.4,3.49,Active
A201937,C101502,Current,108284.94,3.65,Active
A201938,C101503,Salary,35541.82,4.27,Dormant
A201939,C101504,Salary,210253.18,4.13,Active
A201940,C101505,Savings,269315.18,3.86,Active
A201941,C101506,Savings,53855.68,3.09,Active
A201942,C101507,Salary,39612.21,4.95,Active
A201943,C101508,Savings,282459.39,5.76,Active
A201944,C101509,Savings,192321.16,3.23,Dormant
A201945,C101510,Savings,68762.31,6.4,Active
A201946,C101511,Salary,166873.96,6.02,Active
A201947,C101512,Savings,68851.48,6.36,Active
A201948,C101512,Premium,71397.38,4.71,Active
A201949,C101513,Savings,77326.97,3.26,Active
A201950,C101514,Savings,94467.75,6.07,Active
A201951,C101515,Savings,96006.65,4.6,Active
A201952,C101516,Savings,78407.06,3.25,Active
A201953,C101516,Savings,150742.25,2.87,Active
A201954,C101517,Premium,141229.83,6.13,Active
A201955,C101518,Savings,83712.13,2.53,Active
A201956,C101518,Premium,85895.13,2.99,Active
A201957,C101519,Savings,278514.56,5.66,Active
A201958,C101520,Savings,111071.08,5.69,Dormant
A201959,C101521,Salary,293443.75,3.02,Active
A201960,C101522,Savings,204499.03,5.58,Active
A201961,C101523,Savings,211135.59,3.52,Active
A201962,C101523,Savings,219999.11,4.05,Active
A201963,C101524,Savings,147369.06,3.04,Active
A201964,C101525,Savings,75089.85,5.33,Dormant
A201965,C101526,Current,40915.78,3.68,Active
A201966,C101526,Salary,228571.77,6.34,Dormant
A201967,C101527,Premium,59563.86,6.49,Active
A201968,C101527,Current,118537.21,3.62,Active
A201969,C101528,Savings,304000.85,3.66,Active
A201970,C101529,Savings,76198.72,6.45,Active
A201971,C101530,Savings,213177.92,3.77,Active
A201972,C101531,Savings,88428.6,3.84,Active
A201973,C101532,Savings,552861.25,3.68,Active
A201974,C101533,Savings,85341.57,3.15,Dormant
A201975,C101534,Savings,82043.87,6.49,Active
A201976,C101534,Current,154173.16,3.45,Active
A201977,C101535,Salary,238987.19,4.69,Active
A201978,C101536,Savings,0.0,3.07,Active
A201979,C101537,Savings,128303.97,4.55,Active
A201980,C101538,Savings,218919.11,3.92,Active
A201981,C101538,Current,244574.64,4.63,Dormant
A201982,C101539,Salary,264981.27,4.97,Active
A201983,C101540,Savings,65487.5,5.73,Active
A201984,C101541,Savings,52980.37,4.15,Active
A201985,C101542,Premium,11932.06,3.13,Active
A201986,C101543,Salary,161737.66,2.69,Active
A201987,C101543,Savings,201107.93,4.95,Active
A201988,C101544,Savings,293176.46,6.06,Dormant
A201989,C101545,Current,173618.79,4.24,Active
A201990,C101545,Current,150923.25,6.39,Active
A201991,C101546,Salary,55150.3,6.24,Dormant
A201992,C101546,Savings,220279.81,5.82,Dormant
A201993,C101547,Savings,36580.96,6.28,Active
A201994,C101548,Savings,141006.1,4.38,Active
A201995,C101549,Premium,64794.26,3.89,Dormant
A201996,C101550,Premium,16647.43,5.33,Active
A201997,C101550,Salary,66594.35,5.44,Active
A201998,C101551,Salary,222046.39,5.32,Active
A201999,C101552,Salary,114423.5,5.47,Active
A202000,C101553,Savings,158560.35,3.77,Active
A202001,C101554,Savings,66230.91,5.17,Active
A202002,C101554,Salary,16930.02,3.66,Active
A202003,C101555,Premium,209957.46,6.07,Active
A202004,C101556,Savings,46618.99,4.03,Dormant
A202005,C101557,Current,174216.11,4.48,Active
A202006,C101558,Savings,42666.54,2.76,Active
A202007,C101559,Premium,201847.75,5.87,Active
A202008,C101560,Salary,138356.35,3.54,Active
A202009,C101561,Salary,50390.18,4.9,Active
A202010,C101562,Savings,266192.74,4.13,Dormant
A202011,C101563,Savings,53307.53,4.04,Active
A202012,C101564,Savings,200622.7,4.7,Active
A202013,C101565,Savings,111544.13,4.84,Active
A202014,C101565,Current,314244.33,5.16,Active
A202015,C101566,Savings,376749.57,6.06,Dormant
A202016,C101567,Premium,280014.39,5.57,Active
A202017,C101568,Savings,107572.36,5.81,Dormant
A202018,C101569,Current,103946.55,5.47,Active
A202019,C101569,Savings,87490.25,3.14,Active
A202020,C101570,Savings,163463.07,5.87,Dormant
A202021,C101571,Salary,85399.72,3.06,Active
A202022,C101572,Savings,121640.12,2.51,Active
A202023,C101572,Salary,82815.04,3.28,Active
A202024,C101573,Savings,340404.37,5.39,Active
A202025,C101573,Salary,165446.17,2.78,Active
A202026,C101574,Savings,173049.13,3.31,Dormant
A202027,C101575,Savings,133786.95,5.33,Dormant
A202028,C101576,Salary,69863.33,4.47,Dormant
A202029,C101577,Savings,106106.97,3.27,Dormant
A202030,C101578,Savings,98198.04,3.1,Active
A202031,C101578,Savings,62563.69,2.66,Active
A202032,C101579,Salary,153473.07,6.24,Active
A202033,C101580,Savings,87969.63,2.99,Active
A202034,C101580,Savings,179758.99,5.77,Active
A202035,C101581,Salary,59724.44,4.48,Active
A202036,C101582,Savings,159583.98,2.87,Active
A202037,C101582,Salary,388404.96,6.37,Dormant
A202038,C101583,Savings,135995.26,5.63,Active
A202039,C101584,Current,59168.7,5.63,Active
A202040,C101585,Savings,65780.32,4.98,Dormant
A202041,C101586,Savings,138324.9,5.87,Active
A202042,C101586,Savings,259799.57,5.6,Dormant
A202043,C101587,Savings,34052.16,4.77,Dormant
A202044,C101587,Savings,79557.73,4.94,Dormant
A202045,C101588,Savings,13715.34,2.55,Active
A202046,C101589,Current,198923.71,4.77,Active
A202047,C101590,Current,182451.38,4.08,Active
A202048,C101591,Salary,359356.87,5.64,Active
A202049,C101592,Savings,112520.76,5.04,Dormant
A202050,C101593,Savings,108933.23,3.49,Active
A202051,C101594,Salary,182270.17,5.91,Dormant
A202052,C101594,Savings,64360.85,3.49,Active
A202053,C101595,Premium,126912.79,2.72,Active
A202054,C101596,Premium,113922.52,5.48,Dormant
A202055,C101596,Salary,237416.25,4.85,Active
A202056,C101597,Premium,273380.19,5.0,Active
A202057,C101598,Savings,71137.11,4.95,Active
A202058,C101599,Savings,253141.18,5.83,Active
A202059,C101600,Savings,260839.58,3.77,Dormant
A202060,C101600,Savings,160107.22,5.79,Dormant
A202061,C101601,Savings,286054.52,6.32,Dormant
A202062,C101602,Salary,129053.54,3.14,Active
A202063,C101603,Premium,40682.69,4.8,Active
A202064,C101604,Savings,209806.55,5.71,Active
A202065,C101604,Savings,158444.22,2.89,Active
A202066,C101605,Savings,215403.71,3.18,Active
A202067,C101605,Premium,318464.7,4.52,Dormant
A202068,C101606,Premium,15260.05,2.79,Active
A202069,C101607,Salary,116373.25,3.55,Dormant
A202070,C101608,Savings,147467.73,6.22,Dormant
A202071,C101609,Savings,71559.62,5.04,Dormant
A202072,C101610,Savings,393094.1,5.28,Active
A202073,C101611,Savings,315827.21,6.31,Active
A202074,C101611,Savings,61933.12,3.7,Active
A202075,C101612,Savings,255745.62,2.9,Active
A202076,C101613,Premium,150738.21,4.02,Active
A202077,C101614,Salary,80813.64,6.33,Active
A202078,C101614,Savings,66715.17,4.69,Dormant
A202079,C101615,Savings,120934.3,3.52,Active
A202080,C101615,Savings,156616.75,6.48,Active
A202081,C101616,Current,108707.67,5.3,Active
A202082,C101616,Savings,494498.29,3.31,Active
A202083,C101617,Salary,78605.54,2.51,Active
A202084,C101617,Savings,33895.56,4.55,Active
A202085,C101618,Savings,67468.94,4.37,Active
A202086,C101618,Current,61101.92,4.6,Active
A202087,C101619,Savings,56097.42,2.7,Active
A202088,C101620,Current,201896.08,2.64,Dormant
A202089,C101620,Savings,199020.15,6.43,Active
A202090,C101621,Savings,155326.19,4.93,Active
A202091,C101622,Salary,102739.29,4.88,Dormant
A202092,C101622,Savings,67930.7,3.06,Active
A202093,C101623,Salary,88689.78,5.49,Active
A202094,C101624,Current,55066.85,5.07,Active
A202095,C101625,Salary,92037.88,3.81,Active
A202096,C101626,Premium,192157.67,5.86,Active
A202097,C101626,Salary,113470.78,5.99,Dormant
A202098,C101627,Savings,280349.36,5.52,Dormant
A202099,C101628,Savings,169483.77,3.78,Active
A202100,C101629,Salary,80828.88,6.08,Dormant
A202101,C101630,Current,170916.3,6.25,Active
A202102,C101630,Savings,348109.84,5.9,Active
A202103,C101631,Savings,157995.35,3.42,Active
A202104,C101632,Premium,8863.87,3.46,Active
A202105,C101633,Savings,59923.4,3.2,Active
A202106,C101634,Salary,43493.27,3.08,Active
A202107,C101635,Savings,153179.58,4.98,Active
A202108,C101635,Savings,131772.53,4.75,Active
A202109,C101636,Savings,19515.76,5.36,Dormant
A202110,C101636,Savings,8353.9,6.31,Active
A202111,C101637,Savings,158586.83,4.34,Active
A202112,C101638,Savings,31843.93,5.94,Dormant
A202113,C101639,Savings,130342.05,5.36,Active
A202114,C101639,Savings,81882.23,3.46,Active
A202115,C101640,Premium,299351.13,3.74,Active
A202116,C101641,Salary,87250.92,5.88,Dormant
A202117,C101641,Savings,28020.24,5.9,Active
A202118,C101642,Salary,141044.44,5.35,Active
A202119,C101643,Current,87620.72,2.84,Active
A202120,C101644,Savings,67340.61,2.82,Active
A202121,C101645,Salary,83769.11,3.38,Dormant
A202122,C101645,Savings,21871.95,2.83,Dormant
A202123,C101646,Salary,187488.95,2.53,Dormant
A202124,C101646,Salary,125221.39,3.01,Active
A202125,C101647,Savings,347801.53,3.04,Active
A202126,C101648,Salary,39601.55,4.4,Active
A202127,C101648,Savings,97580.77,3.61,Active
A202128,C101649,Savings,230495.77,2.94,Active
A202129,C101650,Savings,125427.54,3.39,Active
A202130,C101650,Premium,131984.02,4.17,Active
A202131,C101651,Salary,48656.97,5.61,Active
A202132,C101652,Salary,475053.65,4.98,Active
A202133,C101653,Salary,67286.13,4.78,Active
A202134,C101654,Savings,142272.33,3.09,Dormant
A202135,C101655,Premium,25934.65,6.06,Active
A202136,C101656,Current,84436.24,3.66,Active
A202137,C101657,Salary,142879.72,5.4,Active
A202138,C101658,Savings,131231.01,3.22,Dormant
A202139,C101658,Premium,48523.7,4.5,Dormant
A202140,C101659,Current,199886.71,2.73,Active
A202141,C101659,Savings,112302.96,5.14,Active
A202142,C101660,Salary,259615.94,5.39,Active
A202143,C101661,Savings,44450.42,5.58,Active
A202144,C101662,Savings,117231.8,5.68,Active
A202145,C101663,Savings,108527.38,2.75,Active
A202146,C101664,Salary,96374.68,3.25,Active
A202147,C101664,Current,53913.76,2.83,Active
A202148,C101665,Savings,37505.1,2.52,Dormant
A202149,C101666,Savings,119708.0,6.23,Active
A202150,C101667,Savings,76013.35,3.2,Active
A202151,C101667,Salary,169850.22,6.45,Dormant
A202152,C101668,Savings,421527.02,4.14,Dormant
A202153,C101669,Premium,220340.86,4.17,Active
A202154,C101669,Salary,100723.7,4.6,Active
A202155,C101670,Salary,347508.61,5.55,Active
A202156,C101671,Current,140327.56,4.12,Active
A202157,C101672,Savings,79921.35,4.89,Active
A202158,C101672,Savings,90877.85,6.37,Active
A202159,C101673,Salary,139526.59,5.63,Active
A202160,C101674,Savings,490980.22,3.36,Dormant
A202161,C101675,Salary,218797.42,5.07,Dormant
A202162,C101676,Savings,233264.2,3.63,Active
A202163,C101677,Savings,41883.4,2.72,Active
A202164,C101677,Premium,12112.0,5.22,Active
A202165,C101678,Savings,132997.55,4.01,Dormant
A202166,C101678,Savings,223220.02,5.61,Active
A202167,C101679,Savings,133168.58,3.05,Dormant
A202168,C101680,Salary,545911.33,3.22,Dormant
A202169,C101680,Salary,651702.14,5.06,Active
A202170,C101681,Salary,6116.56,2.88,Active
A202171,C101682,Savings,242270.11,3.24,Dormant
A202172,C101683,Savings,273009.53,5.74,Dormant
A202173,C101684,Savings,201008.54,3.7,Active
A202174,C101685,Salary,212350.89,4.94,Active
A202175,C101686,Savings,47764.43,6.45,Active
A202176,C101686,Premium,43637.2,5.5,Active
A202177,C101687,Savings,10906.75,6.29,Active
A202178,C101688,Savings,191387.52,6.08,Dormant
A202179,C101689,Savings,232007.77,5.58,Dormant
A202180,C101689,Savings,192532.1,2.97,Active
A202181,C101690,Savings,131385.85,3.18,Active
A202182,C101691,Savings,434241.31,3.26,Active
A202183,C101692,Savings,15172.27,3.19,Active
A202184,C101693,Savings,80200.05,4.79,Active
A202185,C101694,Savings,269771.5,2.85,Active
A202186,C101695,Current,28820.37,4.39,Active
A202187,C101695,Premium,102746.47,4.62,Active
A202188,C101696,Savings,5560.9,3.32,Active
A202189,C101696,Salary,108952.5,3.2,Dormant
A202190,C101697,Savings,141162.49,4.99,Active
A202191,C101697,Savings,11013.37,3.46,Active
A202192,C101698,Savings,348766.68,3.92,Active
A202193,C101699,Salary,184667.63,5.46,Active
A202194,C101699,Savings,203815.53,5.34,Dormant
A202195,C101700,Savings,70236.13,3.83,Active
A202196,C101701,Savings,363271.73,3.59,Active
A202197,C101701,Savings,258992.46,3.92,Dormant
A202198,C101702,Salary,112480.2,6.09,Active
A202199,C101702,Current,17245.47,3.82,Active
A202200,C101703,Savings,77373.71,5.56,Dormant
A202201,C101703,Savings,158016.53,6.46,Active
A202202,C101704,Savings,228961.61,3.38,Active
A202203,C101705,Savings,223789.91,4.29,Dormant
A202204,C101706,Savings,132343.94,4.5,Active
A202205,C101707,Premium,123372.04,5.77,Active
A202206,C101707,Premium,93954.26,2.98,Active
A202207,C101708,Savings,158189.6,3.96,Active
A202208,C101709,Premium,223999.84,4.38,Active
A202209,C101710,Savings,86404.49,5.52,Dormant
A202210,C101711,Salary,39172.88,3.79,Dormant
A202211,C101712,Savings,70873.16,4.44,Active
A202212,C101712,Savings,176723.66,5.96,Active
A202213,C101713,Premium,221414.58,5.64,Active
A202214,C101714,Savings,34305.67,5.03,Active
A202215,C101715,Current,102949.25,3.3,Active
A202216,C101715,Savings,29917.31,3.46,Active
A202217,C101716,Savings,103877.2,2.51,Active
A202218,C101717,Salary,129787.38,4.91,Active
A202219,C101717,Savings,38935.14,5.97,Active
A202220,C101718,Savings,29097.38,3.81,Active
A202221,C101719,Premium,211239.43,3.76,Active
A202222,C101719,Savings,150009.64,4.0,Active
A202223,C101720,Savings,41438.75,4.18,Dormant
A202224,C101721,Current,103946.24,4.19,Active
A202225,C101722,Savings,252752.55,5.19,Active
A202226,C101723,Premium,322594.59,4.1,Active
A202227,C101723,Savings,117639.56,3.63,Active
A202228,C101724,Savings,160194.23,4.06,Active
A202229,C101725,Salary,0.0,4.72,Active
A202230,C101726,Savings,252970.79,5.8,Active
A202231,C101726,Savings,114807.72,6.39,Active
A202232,C101727,Current,216988.96,2.99,Active
A202233,C101727,Savings,132838.76,3.7,Active
A202234,C101728,Current,149066.99,2.74,Dormant
A202235,C101729,Savings,61115.75,5.8,Active
A202236,C101730,Salary,244510.93,5.73,Active
A202237,C101731,Savings,261894.41,5.15,Active
A202238,C101732,Salary,11542.76,3.49,Active
A202239,C101733,Savings,53530.15,2.83,Active
A202240,C101734,Current,155182.35,2.76,Dormant
A202241,C101735,Premium,78371.41,3.69,Active
A202242,C101736,Savings,108779.72,4.88,Active
A202243,C101737,Salary,78490.59,6.06,Dormant
A202244,C101738,Savings,149671.95,2.62,Dormant
A202245,C101738,Savings,63403.65,6.44,Dormant
A202246,C101739,Savings,123800.55,3.62,Active
A202247,C101740,Salary,127107.59,4.49,Active
A202248,C101741,Salary,303676.94,2.89,Active
A202249,C101742,Savings,139590.48,3.87,Active
A202250,C101743,Savings,73557.78,4.64,Dormant
A202251,C101744,Savings,225827.6,5.05,Active
A202252,C101744,Savings,176874.76,2.72,Active
A202253,C101745,Savings,236836.92,6.4,Active
A202254,C101746,Premium,90342.94,4.36,Dormant
A202255,C101746,Salary,137341.62,3.27,Active
A202256,C101747,Savings,162558.55,5.17,Active
A202257,C101748,Salary,133451.13,5.11,Active
A202258,C101749,Savings,30754.49,2.79,Dormant
A202259,C101750,Savings,141323.07,4.39,Active
A202260,C101750,Savings,188575.45,5.58,Active
A202261,C101751,Savings,213514.63,5.65,Dormant
A202262,C101752,Savings,65457.25,6.33,Active
A202263,C101753,Savings,14997.03,3.19,Dormant
A202264,C101754,Salary,935.7,3.14,Active
A202265,C101755,Savings,74067.99,2.57,Dormant
A202266,C101756,Savings,28551.17,4.54,Active
A202267,C101756,Savings,84641.01,6.49,Dormant
A202268,C101757,Savings,66924.32,2.59,Active
A202269,C101758,Savings,222412.71,2.84,Dormant
A202270,C101759,Savings,271517.01,4.47,Dormant
A202271,C101760,Savings,74849.11,5.59,Active
A202272,C101760,Current,148948.66,3.09,Active
A202273,C101761,Savings,273263.8,2.76,Active
A202274,C101762,Savings,17547.29,3.56,Active
A202275,C101762,Savings,1156.37,2.72,Active
A202276,C101763,Savings,129006.29,6.17,Active
A202277,C101764,Salary,45548.2,3.85,Active
A202278,C101765,Salary,152812.47,3.08,Active
A202279,C101765,Current,207835.82,3.57,Active
A202280,C101766,Savings,43564.03,3.2,Active
A202281,C101767,Salary,139437.85,6.02,Active
A202282,C101768,Savings,36768.44,3.97,Dormant
A202283,C101769,Salary,142399.99,4.08,Active
A202284,C101770,Premium,86886.86,4.32,Dormant
A202285,C101771,Savings,220895.75,3.82,Active
A202286,C101771,Salary,263598.9,2.77,Active
A202287,C101772,Salary,371804.3,5.55,Active
A202288,C101772,Savings,71019.8,6.33,Active
A202289,C101773,Savings,111026.76,6.12,Active
A202290,C101774,Savings,68762.05,2.89,Active
A202291,C101774,Salary,228190.4,4.65,Dormant
A202292,C101775,Savings,60554.8,3.46,Active
A202293,C101775,Savings,183676.37,5.12,Active
A202294,C101776,Current,291381.27,3.8,Dormant
A202295,C101777,Savings,40096.57,4.47,Active
A202296,C101777,Salary,164809.24,5.68,Active
A202297,C101778,Salary,122871.61,3.7,Active
A202298,C101778,Savings,54188.47,3.34,Dormant
A202299,C101779,Savings,74237.12,4.26,Active
A202300,C101780,Current,0.0,6.11,Active
A202301,C101780,Salary,62146.67,3.6,Dormant
A202302,C101781,Savings,206009.82,5.14,Dormant
A202303,C101781,Savings,42106.39,5.93,Dormant
A202304,C101782,Current,76377.69,4.62,Active
A202305,C101783,Savings,334085.82,5.43,Active
A202306,C101784,Savings,378257.57,5.18,Active
A202307,C101784,Savings,230367.08,3.88,Active
A202308,C101785,Savings,286762.58,6.1,Active
A202309,C101786,Savings,74622.54,3.34,Active
A202310,C101787,Savings,164825.17,4.93,Active
A202311,C101788,Savings,101294.01,6.1,Active
A202312,C101788,Savings,33188.72,5.86,Active
A202313,C101789,Current,170680.56,2.86,Dormant
A202314,C101790,Savings,196926.33,3.8,Active
A202315,C101791,Salary,179131.47,5.58,Dormant
A202316,C101792,Premium,722569.97,5.72,Active
A202317,C101793,Savings,211756.82,2.71,Active
A202318,C101794,Savings,89377.45,6.21,Active
A202319,C101795,Salary,217762.99,4.68,Active
A202320,C101795,Current,117087.12,6.22,Active
A202321,C101796,Savings,320171.44,5.09,Dormant
A202322,C101797,Savings,206288.56,5.6,Dormant
A202323,C101797,Savings,107682.42,3.03,Active
A202324,C101798,Savings,10557.51,4.42,Dormant
A202325,C101799,Salary,88155.15,2.52,Active
A202326,C101800,Premium,141016.49,5.86,Active
A202327,C101800,Savings,121377.63,4.12,Active
A202328,C101801,Salary,135758.64,5.15,Dormant
A202329,C101802,Savings,198636.61,2.88,Active
A202330,C101803,Premium,236653.32,2.94,Active
A202331,C101803,Current,137682.33,5.87,Active
A202332,C101804,Savings,3160.2,3.75,Dormant
A202333,C101804,Salary,14720.63,5.44,Active
A202334,C101805,Savings,21640.84,5.65,Active
A202335,C101805,Savings,17468.15,5.28,Active
A202336,C101806,Salary,75713.71,5.08,Dormant
A202337,C101807,Savings,33644.22,4.71,Active
A202338,C101807,Savings,163656.54,3.58,Dormant
A202339,C101808,Salary,218809.27,3.43,Dormant
A202340,C101809,Salary,112345.05,4.52,Active
A202341,C101810,Savings,156719.12,3.47,Active
A202342,C101811,Premium,265754.19,5.7,Active
A202343,C101811,Salary,196313.89,5.53,Active
A202344,C101812,Premium,110167.5,2.78,Active
A202345,C101812,Savings,159950.13,6.39,Active
A202346,C101813,Savings,96359.32,3.51,Active
A202347,C101814,Savings,245247.86,3.19,Active
A202348,C101815,Current,123655.24,3.63,Active
A202349,C101816,Salary,38219.32,4.66,Active
A202350,C101816,Savings,155912.76,2.56,Active
A202351,C101817,Current,96581.93,5.25,Active
A202352,C101818,Savings,198030.16,5.61,Active
A202353,C101819,Salary,67709.88,6.5,Active
A202354,C101820,Salary,57280.64,5.78,Dormant
A202355,C101821,Salary,76340.36,5.9,Active
A202356,C101822,Savings,58386.53,5.8,Active
A202357,C101822,Salary,50815.09,6.05,Dormant
A202358,C101823,Current,148191.48,6.07,Active
A202359,C101824,Salary,67940.33,2.67,Dormant
A202360,C101824,Savings,175564.05,2.83,Active
A202361,C101825,Salary,150408.6,6.33,Active
A202362,C101825,Savings,195357.05,6.5,Active
A202363,C101826,Salary,167037.94,6.35,Active
A202364,C101827,Current,49674.57,3.25,Active
A202365,C101827,Salary,0.0,4.6,Dormant
A202366,C101828,Savings,174158.9,3.47,Active
A202367,C101829,Savings,167247.48,5.36,Active
A202368,C101830,Savings,353933.45,6.5,Active
A202369,C101831,Current,334450.21,4.57,Dormant
A202370,C101832,Savings,65824.43,3.92,Active
A202371,C101832,Savings,100336.82,5.32,Dormant
A202372,C101833,Savings,97437.27,2.65,Active
A202373,C101834,Savings,131020.45,5.63,Dormant
A202374,C101835,Current,249438.59,3.1,Active
A202375,C101835,Savings,332091.88,3.56,Active
A202376,C101836,Savings,446519.14,4.23,Active
A202377,C101837,Savings,236612.36,4.97,Active
A202378,C101838,Salary,83779.31,3.85,Dormant
A202379,C101838,Savings,141534.32,3.42,Active
A202380,C101839,Savings,42817.98,3.03,Active
A202381,C101840,Savings,184176.81,6.29,Active
A202382,C101840,Savings,119557.1,3.28,Active
A202383,C101841,Savings,122727.71,5.66,Active
A202384,C101842,Salary,202816.41,3.18,Dormant
A202385,C101842,Savings,335649.55,4.51,Active
A202386,C101843,Salary,113571.81,3.62,Dormant
A202387,C101844,Current,278564.32,5.7,Active
A202388,C101845,Current,30875.91,2.51,Active
A202389,C101846,Salary,143735.85,4.94,Active
A202390,C101846,Current,24449.07,4.56,Active
A202391,C101847,Salary,206237.54,4.74,Active
A202392,C101847,Savings,209397.1,6.35,Dormant
A202393,C101848,Premium,113287.84,3.87,Active
A202394,C101848,Savings,266559.73,4.26,Active
A202395,C101849,Salary,44601.83,3.31,Active
A202396,C101850,Savings,68920.02,2.86,Active
A202397,C101851,Savings,433834.97,4.59,Active
A202398,C101852,Savings,168887.05,6.18,Dormant
A202399,C101853,Savings,199637.32,3.38,Active
A202400,C101853,Savings,164745.79,5.28,Active
A202401,C101854,Salary,12481.87,6.24,Active
A202402,C101854,Salary,47855.89,3.63,Dormant
A202403,C101855,Savings,132846.62,4.78,Active
A202404,C101856,Savings,216059.08,4.16,Dormant
A202405,C101856,Savings,326285.3,2.91,Active
A202406,C101857,Salary,43567.98,3.6,Dormant
A202407,C101857,Savings,90674.04,4.82,Dormant
A202408,C101858,Savings,208813.78,3.73,Active
A202409,C101859,Premium,86409.59,3.83,Active
A202410,C101860,Savings,78170.67,6.19,Active
A202411,C101861,Salary,19909.99,4.76,Active
A202412,C101862,Savings,0.0,5.88,Active
A202413,C101863,Savings,87861.18,4.27,Dormant
A202414,C101864,Premium,179807.22,5.73,Dormant
A202415,C101864,Savings,203588.16,4.78,Active
A202416,C101865,Salary,115375.49,5.76,Active
A202417,C101866,Premium,148254.56,4.66,Dormant
A202418,C101866,Savings,138999.89,6.38,Active
A202419,C101867,Savings,75384.29,2.97,Active
A202420,C101868,Savings,456742.6,4.39,Active
A202421,C101869,Savings,314135.39,3.61,Active
A202422,C101870,Premium,75607.69,5.82,Active
A202423,C101871,Current,113634.39,3.27,Active
A202424,C101871,Salary,190578.31,3.57,Active
A202425,C101872,Savings,68338.59,3.17,Dormant
A202426,C101873,Savings,184527.35,6.4,Active
A202427,C101874,Savings,158910.94,6.32,Active
A202428,C101875,Savings,60159.27,4.72,Active
A202429,C101875,Salary,111031.22,5.07,Dormant
A202430,C101876,Savings,107795.66,5.44,Active
A202431,C101877,Savings,165488.59,6.06,Active
A202432,C101878,Salary,164149.31,2.64,Active
A202433,C101879,Premium,156841.82,4.02,Active
A202434,C101880,Salary,228044.44,5.15,Dormant
A202435,C101881,Savings,651818.45,2.65,Active
A202436,C101881,Savings,84139.32,5.62,Dormant
A202437,C101882,Savings,142527.34,5.25,Active
A202438,C101883,Premium,283142.95,4.61,Active
A202439,C101883,Savings,150590.75,5.96,Active
A202440,C101884,Current,20355.62,5.35,Active
A202441,C101885,Savings,90321.56,4.2,Dormant
A202442,C101886,Salary,205834.06,6.26,Active
A202443,C101887,Savings,81213.24,2.88,Active
A202444,C101888,Salary,309098.87,2.6,Dormant
A202445,C101889,Salary,56962.98,4.62,Active
A202446,C101889,Savings,61014.99,4.9,Active
A202447,C101890,Savings,270138.17,6.13,Active
A202448,C101891,Salary,250875.62,4.53,Dormant
A202449,C101892,Savings,69674.77,4.8,Active
A202450,C101892,Premium,72945.98,2.79,Active
A202451,C101893,Premium,260779.73,5.22,Dormant
A202452,C101894,Current,156904.56,6.13,Active
A202453,C101895,Savings,73477.9,3.13,Dormant
A202454,C101895,Savings,65253.2,2.74,Active
A202455,C101896,Savings,29716.05,4.08,Dormant
A202456,C101897,Salary,97595.56,6.3,Active
A202457,C101898,Savings,57181.57,4.88,Active
A202458,C101899,Savings,26805.47,6.08,Dormant
A202459,C101900,Savings,148922.09,3.88,Active
A202460,C101901,Savings,123990.27,4.77,Active
A202461,C101902,Current,541880.43,3.63,Active
A202462,C101903,Savings,163662.1,3.38,Dormant
A202463,C101903,Savings,195610.46,6.48,Active
A202464,C101904,Salary,11336.96,2.81,Dormant
A202465,C101904,Savings,143955.58,6.26,Active
A202466,C101905,Salary,64493.62,3.38,Active
A202467,C101905,Savings,58610.8,4.22,Dormant
A202468,C101906,Current,272525.29,4.5,Active
A202469,C101906,Salary,435140.72,4.92,Active
A202470,C101907,Savings,253021.94,3.03,Dormant
A202471,C101908,Savings,76393.11,4.02,Active
A202472,C101908,Savings,41887.7,4.57,Active
A202473,C101909,Savings,300883.83,3.12,Active
A202474,C101910,Savings,61129.94,5.11,Dormant
A202475,C101910,Current,216179.17,3.35,Active
A202476,C101911,Savings,154398.87,2.93,Active
A202477,C101912,Savings,325700.84,5.66,Active
A202478,C101913,Salary,450223.59,2.89,Dormant
A202479,C101914,Savings,351515.49,6.16,Active
A202480,C101915,Savings,36758.33,3.73,Dormant
A202481,C101916,Premium,132245.63,3.84,Dormant
A202482,C101916,Savings,100091.41,3.77,Dormant
A202483,C101917,Savings,228784.61,3.55,Active
A202484,C101918,Savings,106467.2,5.14,Active
A202485,C101919,Premium,62844.03,5.43,Active
A202486,C101919,Savings,86661.98,3.57,Dormant
A202487,C101920,Salary,132688.51,4.57,Active
A202488,C101920,Savings,45347.94,5.24,Active
A202489,C101921,Savings,263983.85,3.55,Active
A202490,C101922,Savings,63412.09,4.69,Active
A202491,C101923,Savings,254126.56,3.27,Active
A202492,C101924,Savings,233315.65,3.62,Active
A202493,C101924,Salary,50409.41,4.4,Dormant
A202494,C101925,Savings,166972.59,5.72,Active
A202495,C101926,Savings,184025.78,5.93,Active
A202496,C101927,Savings,27761.45,6.41,Active
A202497,C101928,Savings,134060.74,4.11,Dormant
A202498,C101929,Savings,72200.08,5.51,Active
A202499,C101930,Salary,31204.7,6.22,Dormant
A202500,C101930,Savings,87386.68,5.19,Active
A202501,C101931,Current,161842.64,5.7,Dormant
A202502,C101932,Savings,183243.93,3.29,Dormant
A202503,C101933,Savings,93120.06,3.37,Active
A202504,C101933,Current,310865.76,4.27,Dormant
A202505,C101934,Salary,56555.02,3.07,Active
A202506,C101934,Savings,81511.48,4.32,Dormant
A202507,C101935,Savings,342210.99,6.26,Dormant
A202508,C101936,Savings,43160.69,3.63,Active
A202509,C101937,Savings,139887.34,4.25,Dormant
A202510,C101938,Salary,119182.14,6.38,Dormant
A202511,C101939,Premium,143961.9,3.15,Active
A202512,C101940,Savings,381695.97,4.27,Active
A202513,C101941,Premium,95440.51,5.01,Active
A202514,C101942,Savings,299232.58,4.67,Dormant
A202515,C101943,Savings,55582.58,5.08,Active
A202516,C101944,Current,155784.12,6.24,Active
A202517,C101945,Salary,71906.89,6.0,Active
A202518,C101946,Salary,115279.89,4.63,Dormant
A202519,C101947,Savings,313996.79,2.93,Active
A202520,C101948,Savings,61671.77,6.1,Active
A202521,C101949,Salary,35924.1,2.69,Active
A202522,C101950,Savings,152983.99,5.77,Dormant
A202523,C101951,Savings,18648.14,4.66,Dormant
A202524,C101951,Current,73406.37,3.45,Active
A202525,C101952,Savings,55760.62,3.41,Active
A202526,C101953,Savings,37260.77,5.24,Active
A202527,C101954,Premium,261765.06,5.8,Active
A202528,C101955,Savings,63248.24,5.79,Active
A202529,C101956,Savings,112566.22,5.16,Dormant
A202530,C101956,Savings,1563.88,5.87,Active
A202531,C101957,Salary,206518.98,4.37,Dormant
A202532,C101957,Savings,217565.52,4.79,Active
A202533,C101958,Savings,58966.04,5.4,Dormant
A202534,C101958,Savings,324493.89,4.17,Dormant
A202535,C101959,Savings,44814.2,2.65,Active
A202536,C101960,Savings,71483.54,3.53,Dormant
A202537,C101961,Salary,350085.91,2.67,Active
A202538,C101961,Current,212556.91,2.64,Active
A202539,C101962,Salary,164438.22,4.27,Active
A202540,C101963,Salary,181259.79,3.18,Active
A202541,C101963,Savings,103160.07,4.28,Active
A202542,C101964,Savings,88649.68,6.1,Active
A202543,C101965,Salary,61459.14,5.26,Active
A202544,C101966,Savings,103177.97,3.89,Dormant
A202545,C101966,Savings,100362.99,3.34,Active
A202546,C101967,Salary,21513.05,3.5,Dormant
A202547,C101967,Savings,83917.26,3.59,Active
A202548,C101968,Savings,143392.18,4.38,Dormant
A202549,C101968,Salary,184021.37,3.6,Active
A202550,C101969,Salary,179890.63,3.52,Active
A202551,C101970,Savings,69456.34,3.13,Active
A202552,C101970,Savings,138660.8,2.91,Active
A202553,C101971,Savings,204915.82,2.53,Dormant
A202554,C101972,Savings,34583.15,5.25,Active
A202555,C101973,Savings,146262.6,4.75,Active
A202556,C101974,Savings,72378.92,4.5,Active
A202557,C101974,Savings,25051.62,3.14,Active
A202558,C101975,Salary,70708.99,5.8,Active
A202559,C101976,Savings,130745.72,4.38,Active
A202560,C101977,Savings,127901.2,4.43,Active
A202561,C101978,Savings,82916.78,6.27,Active
A202562,C101979,Savings,114497.93,4.07,Active
A202563,C101979,Savings,275290.4,4.29,Active
A202564,C101980,Current,125547.84,6.49,Active
A202565,C101980,Savings,93099.06,2.9,Active
A202566,C101981,Salary,67220.58,3.18,Active
A202567,C101982,Savings,237604.23,2.52,Active
A202568,C101983,Salary,154014.87,2.92,Active
A202569,C101984,Salary,128097.61,4.25,Dormant
A202570,C101985,Savings,68642.72,6.28,Dormant
A202571,C101986,Savings,192673.67,4.13,Active
A202572,C101986,Salary,67274.53,3.28,Dormant
A202573,C101987,Premium,88126.66,4.81,Dormant
A202574,C101987,Salary,84804.88,3.77,Active
A202575,C101988,Savings,99674.8,4.41,Active
A202576,C101989,Savings,196142.73,2.86,Active
A202577,C101989,Savings,87273.99,5.05,Active
A202578,C101990,Savings,49456.72,6.26,Active
A202579,C101991,Savings,204670.07,4.61,Dormant
A202580,C101992,Savings,25249.74,2.75,Active
A202581,C101992,Salary,25783.7,4.02,Active
A202582,C101993,Salary,78209.27,4.9,Active
A202583,C101993,Savings,24703.99,4.3,Active
A202584,C101994,Salary,92016.71,4.3,Active
A202585,C101994,Savings,67623.5,3.0,Active
A202586,C101995,Savings,38850.09,5.82,Active
A202587,C101996,Current,285604.52,5.22,Dormant
A202588,C101997,Premium,91992.38,4.36,Dormant
A202589,C101998,Savings,9747.23,4.07,Active
A202590,C101998,Salary,31908.3,6.3,Dormant
A202591,C101999,Savings,41675.91,6.06,Active
A202592,C102000,Salary,252084.6,3.85,Active
A202593,C102001,Salary,31041.59,4.87,Dormant
A202594,C102002,Salary,236154.3,2.85,Active
A202595,C102003,Salary,127352.41,3.91,Active
A202596,C102004,Salary,88774.65,3.43,Active
A202597,C102004,Savings,566.21,3.8,Active
A202598,C102005,Premium,273881.57,5.54,Active
A202599,C102006,Current,112893.16,5.6,Active
A202600,C102006,Savings,168990.48,4.87,Active
A202601,C102007,Savings,109582.1,4.67,Active
A202602,C102008,Savings,83798.99,4.16,Active
A202603,C102008,Current,127529.12,2.88,Dormant
A202604,C102009,Premium,84878.75,6.25,Active
A202605,C102009,Savings,383198.52,3.88,Active
A202606,C102010,Savings,82651.21,4.61,Dormant
A202607,C102011,Savings,148457.08,6.04,Active
A202608,C102012,Premium,36979.7,4.77,Active
A202609,C102013,Savings,275013.54,2.87,Active
A202610,C102013,Salary,334482.74,6.1,Dormant
A202611,C102014,Salary,276155.41,6.16,Active
A202612,C102015,Savings,111041.41,6.41,Active
A202613,C102015,Salary,164859.72,5.38,Active
A202614,C102016,Savings,145565.8,5.04,Active
A202615,C102016,Salary,4814.85,2.88,Active
A202616,C102017,Salary,198875.8,4.8,Dormant
A202617,C102018,Salary,114457.49,3.23,Active
A202618,C102019,Salary,195173.91,4.54,Dormant
A202619,C102019,Savings,165857.79,3.15,Active
A202620,C102020,Salary,120973.92,3.38,Active
A202621,C102021,Salary,130888.55,5.93,Active
A202622,C102022,Salary,79814.17,4.02,Active
A202623,C102023,Savings,73514.37,3.99,Active
A202624,C102024,Premium,241707.17,5.37,Active
A202625,C102025,Savings,302476.97,5.18,Active
A202626,C102026,Current,281279.98,4.06,Active
A202627,C102026,Salary,434424.95,4.94,Active
A202628,C102027,Savings,153125.57,4.0,Active
A202629,C102028,Premium,105732.52,4.98,Active
A202630,C102029,Savings,18742.63,4.37,Active
A202631,C102030,Premium,140725.5,5.31,Active
A202632,C102031,Salary,76324.06,3.27,Active
A202633,C102032,Savings,93249.61,2.53,Active
A202634,C102033,Premium,165243.92,5.28,Active
A202635,C102034,Savings,22457.7,3.59,Dormant
A202636,C102035,Salary,67750.62,5.32,Dormant
A202637,C102036,Savings,119746.46,2.64,Dormant
A202638,C102036,Current,147537.02,4.47,Dormant
A202639,C102037,Savings,206657.19,4.53,Dormant
A202640,C102038,Salary,68295.87,5.52,Active
A202641,C102039,Salary,59750.93,5.79,Dormant
A202642,C102039,Salary,43177.89,6.16,Active
A202643,C102040,Salary,298181.99,5.57,Active
A202644,C102041,Salary,164589.44,5.12,Active
A202645,C102042,Savings,47867.45,5.52,Active
A202646,C102042,Current,221846.47,4.83,Active
A202647,C102043,Current,153555.93,4.19,Dormant
A202648,C102043,Current,117850.79,6.5,Active
A202649,C102044,Salary,164235.5,4.02,Active
A202650,C102045,Savings,110790.25,3.83,Active
A202651,C102046,Savings,312951.14,5.84,Active
A202652,C102047,Premium,50058.58,4.2,Active
A202653,C102048,Current,279741.38,3.12,Dormant
A202654,C102049,Current,160014.06,3.9,Dormant
A202655,C102050,Salary,28227.31,2.82,Active
A202656,C102051,Savings,13648.15,2.75,Active
A202657,C102052,Savings,199897.64,4.61,Active
A202658,C102052,Salary,257973.44,5.06,Dormant
A202659,C102053,Salary,179389.2,3.93,Active
A202660,C102053,Salary,220065.9,5.56,Active
A202661,C102054,Savings,275950.3,3.7,Active
A202662,C102055,Savings,98363.7,3.74,Active
A202663,C102056,Savings,111329.06,5.02,Active
A202664,C102057,Salary,133077.18,4.21,Active
A202665,C102057,Savings,65495.61,2.57,Dormant
A202666,C102058,Salary,184127.86,5.45,Active
A202667,C102059,Savings,39765.47,5.99,Active
A202668,C102060,Salary,172508.57,5.22,Active
A202669,C102061,Salary,176299.09,2.92,Active
A202670,C102061,Savings,122500.0,3.98,Active
A202671,C102062,Current,40953.06,3.83,Active
A202672,C102063,Savings,63177.48,4.8,Active
A202673,C102064,Current,51435.74,6.14,Active
A202674,C102065,Savings,55449.49,5.06,Active
A202675,C102066,Current,84669.64,3.7,Active
A202676,C102067,Salary,0.0,6.3,Active
A202677,C102068,Savings,235884.84,3.41,Dormant
A202678,C102068,Premium,284401.06,4.93,Active
A202679,C102069,Savings,348161.78,4.22,Active
A202680,C102070,Salary,371142.0,3.92,Dormant
A202681,C102071,Salary,78935.28,3.2,Active
A202682,C102072,Savings,81748.6,6.42,Dormant
A202683,C102073,Salary,215293.62,6.02,Active
A202684,C102074,Salary,125231.18,6.02,Dormant
A202685,C102075,Savings,386708.11,6.27,Active
A202686,C102076,Salary,57505.21,6.0,Active
A202687,C102077,Salary,84117.95,3.93,Active
A202688,C102078,Premium,276192.43,5.96,Dormant
A202689,C102078,Savings,282144.61,3.7,Active
A202690,C102079,Premium,21635.48,3.36,Active
A202691,C102079,Savings,49306.14,2.99,Active
A202692,C102080,Salary,102363.66,5.69,Active
A202693,C102080,Current,285617.8,2.53,Active
A202694,C102081,Savings,85532.82,4.98,Active
A202695,C102082,Savings,98843.71,6.36,Active
A202696,C102083,Savings,161730.96,3.93,Active
A202697,C102084,Salary,59764.91,3.33,Active
A202698,C102085,Savings,96673.61,2.58,Dormant
A202699,C102086,Salary,601058.67,3.4,Dormant
A202700,C102086,Salary,285324.17,4.73,Active
A202701,C102087,Savings,165396.0,4.63,Dormant
A202702,C102088,Savings,137912.54,4.07,Active
A202703,C102088,Savings,66298.16,4.06,Active
A202704,C102089,Savings,106071.71,3.31,Active
A202705,C102090,Savings,142255.92,2.99,Dormant
A202706,C102091,Savings,171698.5,4.39,Active
A202707,C102092,Premium,24443.97,4.75,Active
A202708,C102092,Salary,66716.57,5.52,Active
A202709,C102093,Savings,7223.92,5.62,Active
A202710,C102093,Savings,9116.3,3.63,Dormant
A202711,C102094,Salary,130538.97,4.07,Active
A202712,C102095,Savings,90532.32,3.46,Active
A202713,C102096,Salary,160952.99,5.0,Dormant
A202714,C102096,Current,252489.09,5.1,Active
A202715,C102097,Savings,121500.82,4.46,Active
A202716,C102098,Savings,50315.25,5.86,Active
A202717,C102098,Savings,241521.5,4.48,Dormant
A202718,C102099,Savings,263179.64,6.28,Active
A202719,C102099,Premium,211701.07,5.01,Active
A202720,C102100,Savings,30354.46,5.42,Active
A202721,C102100,Savings,277408.16,6.19,Active
A202722,C102101,Salary,142745.93,5.96,Dormant
A202723,C102102,Salary,271131.46,4.01,Dormant
A202724,C102103,Savings,23178.08,3.43,Active
A202725,C102104,Premium,99707.29,4.6,Active
A202726,C102105,Premium,125140.03,5.92,Active
A202727,C102106,Savings,115574.51,6.11,Active
A202728,C102107,Salary,115863.52,6.37,Active
A202729,C102108,Savings,215391.91,4.47,Active
A202730,C102109,Salary,77697.48,3.5,Dormant
A202731,C102109,Savings,5952.84,5.78,Active
A202732,C102110,Current,155452.97,4.44,Dormant
A202733,C102111,Premium,62448.73,3.39,Active
A202734,C102112,Savings,339407.77,5.19,Dormant
A202735,C102113,Premium,191299.08,5.55,Active
A202736,C102114,Savings,38781.42,4.24,Active
A202737,C102114,Savings,208265.94,5.98,Active
A202738,C102115,Salary,48260.25,6.03,Active
A202739,C102115,Salary,58750.79,4.15,Active
A202740,C102116,Salary,92289.73,2.9,Active
A202741,C102117,Premium,59036.13,4.61,Active
A202742,C102117,Salary,529239.14,4.18,Dormant
A202743,C102118,Savings,112768.84,3.74,Active
A202744,C102118,Savings,248031.37,6.36,Active
A202745,C102119,Salary,230061.02,4.91,Active
A202746,C102120,Savings,169940.72,6.34,Dormant
A202747,C102121,Savings,103706.43,3.52,Dormant
A202748,C102121,Salary,173692.94,3.1,Active
A202749,C102122,Salary,33585.05,4.66,Active
A202750,C102123,Savings,71440.44,4.95,Dormant
A202751,C102124,Salary,73038.6,2.53,Active
A202752,C102125,Savings,47832.88,3.67,Active
A202753,C102125,Savings,77499.64,6.27,Active
A202754,C102126,Savings,118276.38,3.79,Dormant
A202755,C102127,Savings,25410.11,3.62,Active
A202756,C102127,Savings,124693.26,6.44,Active
A202757,C102128,Salary,15956.34,4.32,Active
A202758,C102129,Salary,143284.62,3.39,Active
A202759,C102130,Savings,46983.8,5.63,Active
A202760,C102131,Salary,339784.88,3.02,Active
A202761,C102132,Current,84840.68,3.59,Active
A202762,C102133,Savings,104363.58,5.55,Active
A202763,C102134,Savings,180374.76,4.64,Active
A202764,C102134,Salary,189085.62,4.9,Active
A202765,C102135,Savings,134658.14,4.91,Active
A202766,C102136,Savings,204387.17,4.26,Active
A202767,C102136,Savings,302260.6,3.89,Active
A202768,C102137,Savings,149260.1,4.39,Active
A202769,C102137,Salary,211671.28,5.37,Active
A202770,C102138,Savings,644741.95,3.8,Active
A202771,C102139,Savings,202665.09,4.29,Dormant
A202772,C102140,Savings,146071.76,3.59,Active
A202773,C102141,Salary,182051.74,5.76,Active
A202774,C102141,Salary,248660.76,4.47,Active
A202775,C102142,Savings,232641.39,5.23,Active
A202776,C102143,Current,118569.98,2.88,Active
A202777,C102144,Savings,15877.23,4.04,Dormant
A202778,C102144,Current,40217.51,5.43,Active
A202779,C102145,Savings,381953.59,4.93,Active
A202780,C102145,Salary,75179.37,6.05,Dormant
A202781,C102146,Salary,61338.68,2.79,Active
A202782,C102146,Savings,47128.66,3.33,Active
A202783,C102147,Savings,98741.7,4.85,Active
A202784,C102148,Salary,146772.05,2.56,Active
A202785,C102149,Savings,116797.15,6.45,Active
A202786,C102150,Savings,175184.9,4.19,Active
A202787,C102151,Premium,179331.66,5.31,Active
A202788,C102151,Savings,66287.57,5.09,Active
A202789,C102152,Savings,49352.08,5.95,Active
A202790,C102153,Savings,214627.67,5.61,Active
A202791,C102154,Savings,79165.54,3.46,Active
A202792,C102154,Salary,32696.09,4.41,Active
A202793,C102155,Savings,37832.49,3.44,Dormant
A202794,C102155,Savings,30501.04,2.98,Active
A202795,C102156,Savings,46455.59,5.59,Active
A202796,C102157,Savings,195063.08,5.54,Active
A202797,C102158,Current,136095.28,3.9,Dormant
A202798,C102158,Savings,248435.61,5.04,Active
A202799,C102159,Current,109954.46,6.01,Active
A202800,C102160,Savings,316568.53,3.52,Active
A202801,C102161,Current,242960.84,2.58,Active
A202802,C102161,Savings,170603.61,3.8,Active
A202803,C102162,Salary,139828.74,4.51,Dormant
A202804,C102163,Savings,71434.76,3.85,Active
A202805,C102164,Current,40410.42,4.03,Dormant
A202806,C102164,Salary,94056.52,3.8,Active
A202807,C102165,Salary,116905.63,3.12,Active
A202808,C102166,Savings,416253.32,6.24,Active
A202809,C102167,Savings,277887.37,4.14,Active
A202810,C102168,Savings,0.0,5.06,Active
A202811,C102169,Savings,170287.83,5.19,Active
A202812,C102170,Current,88988.01,6.28,Active
A202813,C102171,Current,80504.99,2.86,Active
A202814,C102172,Savings,127756.22,5.82,Active
A202815,C102172,Savings,20965.21,4.19,Active
A202816,C102173,Salary,220636.65,5.04,Active
A202817,C102174,Savings,204267.27,5.68,Active
A202818,C102174,Salary,117079.55,3.51,Dormant
A202819,C102175,Savings,273096.08,4.8,Active
A202820,C102176,Savings,131239.06,6.06,Active
A202821,C102176,Savings,58277.58,2.72,Active
A202822,C102177,Savings,128935.0,5.08,Active
A202823,C102177,Savings,127442.0,6.35,Dormant
A202824,C102178,Salary,63603.32,6.48,Active
A202825,C102179,Savings,24241.89,5.05,Active
A202826,C102180,Salary,101844.78,4.79,Dormant
A202827,C102181,Salary,281194.78,3.97,Active
A202828,C102182,Savings,41243.73,3.7,Active
A202829,C102183,Savings,39010.57,4.14,Active
A202830,C102184,Salary,82215.13,5.13,Dormant
A202831,C102184,Premium,48825.51,4.66,Active
A202832,C102185,Savings,66908.72,4.94,Active
A202833,C102185,Savings,183587.43,4.05,Active
A202834,C102186,Premium,226744.43,3.84,Active
A202835,C102187,Premium,253951.72,5.35,Active
A202836,C102188,Savings,145745.37,2.54,Active
A202837,C102189,Savings,89128.33,2.95,Active
A202838,C102190,Current,339126.09,3.67,Dormant
A202839,C102190,Salary,351769.45,6.24,Active
A202840,C102191,Salary,86692.74,6.11,Active
A202841,C102191,Savings,101549.33,4.21,Active
A202842,C102192,Salary,371641.34,5.74,Active
A202843,C102193,Salary,121567.36,3.71,Active
A202844,C102194,Savings,169333.88,5.09,Active
A202845,C102195,Savings,64232.26,2.6,Active
A202846,C102196,Savings,219309.33,3.0,Active
A202847,C102196,Savings,24906.97,6.05,Active
A202848,C102197,Savings,23193.59,3.64,Dormant
A202849,C102197,Savings,61831.71,2.6,Dormant
A202850,C102198,Current,16800.76,3.24,Active
A202851,C102199,Salary,703.71,5.48,Active
A202852,C102200,Savings,43390.34,6.33,Active
A202853,C102201,Savings,68950.95,2.64,Active
A202854,C102202,Current,86967.21,4.71,Active
A202855,C102203,Salary,73060.63,5.5,Active
A202856,C102204,Salary,312697.42,2.97,Dormant
A202857,C102205,Savings,191664.58,3.34,Active
A202858,C102205,Salary,168733.92,3.55,Active
A202859,C102206,Salary,299396.53,4.5,Active
A202860,C102207,Salary,309341.22,3.97,Active
A202861,C102208,Savings,98324.17,3.54,Dormant
A202862,C102209,Savings,61200.04,2.79,Active
A202863,C102210,Savings,218835.26,2.78,Active
A202864,C102211,Savings,32470.8,3.83,Active
A202865,C102212,Savings,232907.93,3.81,Active
A202866,C102213,Premium,227491.47,3.21,Active
A202867,C102213,Current,339560.02,4.33,Active
A202868,C102214,Savings,188346.11,5.41,Dormant
A202869,C102215,Savings,29325.19,3.67,Dormant
A202870,C102216,Salary,45035.5,4.12,Active
A202871,C102217,Savings,262140.47,3.11,Dormant
A202872,C102217,Savings,240259.52,2.96,Active
A202873,C102218,Premium,314337.97,3.1,Active
A202874,C102219,Savings,362948.36,5.61,Active
A202875,C102220,Savings,138942.75,4.41,Active
A202876,C102221,Savings,49212.52,3.67,Active
A202877,C102221,Savings,179001.96,3.82,Dormant
A202878,C102222,Salary,256433.27,5.78,Active
A202879,C102223,Salary,79712.53,3.23,Active
A202880,C102224,Savings,451183.67,2.53,Active
A202881,C102224,Salary,355754.19,2.61,Active
A202882,C102225,Savings,121220.28,5.12,Dormant
A202883,C102226,Salary,195830.51,5.59,Active
A202884,C102227,Savings,126777.91,2.6,Dormant
A202885,C102228,Salary,31272.98,2.87,Active
A202886,C102229,Current,66677.13,5.53,Dormant
A202887,C102230,Salary,229316.45,5.03,Active
A202888,C102231,Current,58615.84,4.04,Active
A202889,C102232,Current,177101.27,4.66,Active
A202890,C102232,Salary,413038.91,3.35,Active
A202891,C102233,Savings,57682.24,2.61,Active
A202892,C102234,Savings,95491.65,3.3,Active
A202893,C102235,Premium,92810.06,3.13,Active
A202894,C102236,Salary,112075.94,3.67,Dormant
A202895,C102237,Savings,181118.85,4.54,Active
A202896,C102237,Current,127282.42,4.38,Active
A202897,C102238,Savings,116050.06,3.87,Active
A202898,C102239,Savings,9779.95,4.37,Active
A202899,C102239,Savings,78042.74,5.97,Active
A202900,C102240,Savings,237891.86,3.42,Active
A202901,C102240,Premium,352500.06,5.16,Dormant
A202902,C102241,Savings,193704.55,6.43,Active
A202903,C102242,Savings,159749.33,4.66,Dormant
A202904,C102243,Salary,0.0,6.25,Dormant
A202905,C102243,Salary,21092.35,4.44,Active
A202906,C102244,Current,240510.35,2.62,Active
A202907,C102245,Savings,55563.27,5.21,Active
A202908,C102246,Salary,45345.7,4.9,Dormant
A202909,C102247,Savings,185941.72,4.7,Active
A202910,C102248,Savings,127340.91,5.6,Dormant
A202911,C102249,Salary,243898.93,4.7,Active
A202912,C102250,Salary,177893.62,4.03,Active
A202913,C102251,Savings,333743.77,4.09,Active
A202914,C102252,Salary,35626.15,5.66,Dormant
A202915,C102252,Savings,25265.25,3.64,Active
A202916,C102253,Savings,25047.83,6.06,Active
A202917,C102254,Salary,361285.08,3.59,Active
A202918,C102255,Premium,341822.88,3.37,Dormant
A202919,C102256,Savings,80937.08,5.03,Dormant
A202920,C102257,Savings,11443.84,3.97,Active
A202921,C102258,Savings,108807.34,4.28,Active
A202922,C102259,Salary,54897.73,2.9,Active
A202923,C102260,Salary,38809.32,3.35,Active
A202924,C102261,Salary,248359.06,3.52,Active
A202925,C102262,Savings,229949.08,4.18,Active
A202926,C102263,Savings,32628.35,4.84,Active
A202927,C102264,Salary,223759.77,6.3,Dormant
A202928,C102265,Savings,21058.34,5.48,Active
A202929,C102266,Salary,81030.75,3.56,Active
A202930,C102267,Premium,116245.2,4.73,Dormant
A202931,C102268,Savings,2915.79,6.02,Active
A202932,C102269,Savings,200973.38,5.86,Active
A202933,C102270,Salary,41518.68,5.31,Active
A202934,C102271,Salary,41311.9,3.69,Active
A202935,C102272,Savings,156854.67,3.15,Active
A202936,C102273,Savings,121688.25,5.98,Active
A202937,C102274,Savings,163943.4,5.37,Active
A202938,C102275,Salary,143138.77,3.43,Active
A202939,C102275,Current,48375.86,2.71,Dormant
A202940,C102276,Savings,48647.88,4.57,Active
A202941,C102276,Savings,288354.89,3.02,Active
A202942,C102277,Premium,25653.29,5.49,Active
A202943,C102277,Premium,43181.13,4.64,Dormant
A202944,C102278,Savings,223180.31,5.78,Dormant
A202945,C102279,Salary,157387.58,5.84,Active
A202946,C102279,Current,55442.36,4.09,Active
A202947,C102280,Savings,27033.78,3.69,Active
A202948,C102281,Salary,135418.72,4.94,Dormant
A202949,C102282,Savings,115547.14,6.03,Dormant
A202950,C102283,Savings,182134.26,3.26,Active
A202951,C102283,Savings,120564.38,4.3,Active
A202952,C102284,Salary,62675.1,4.31,Active
A202953,C102285,Savings,83200.5,2.96,Active
A202954,C102286,Salary,265455.05,4.14,Dormant
A202955,C102287,Savings,78692.57,6.46,Active
A202956,C102288,Savings,213994.96,3.35,Active
A202957,C102289,Savings,136944.29,6.45,Active
A202958,C102290,Salary,240582.57,5.88,Active
A202959,C102291,Savings,139204.96,3.5,Dormant
A202960,C102292,Savings,136978.34,5.27,Dormant
A202961,C102292,Savings,16319.48,2.62,Active
A202962,C102293,Savings,171803.78,2.99,Active
A202963,C102294,Savings,272942.35,6.46,Dormant
A202964,C102295,Savings,79965.39,2.69,Active
A202965,C102295,Current,187408.0,3.51,Dormant
A202966,C102296,Current,261772.4,4.22,Active
A202967,C102297,Premium,102078.46,5.8,Active
A202968,C102297,Salary,152957.57,4.91,Active
A202969,C102298,Savings,3593.53,5.67,Dormant
A202970,C102299,Salary,167535.12,5.82,Active
A202971,C102299,Salary,72276.93,2.62,Active
A202972,C102300,Salary,451232.4,6.28,Active
A202973,C102301,Premium,115346.7,4.33,Active
A202974,C102302,Savings,14032.5,4.93,Dormant
A202975,C102303,Savings,177219.52,2.64,Dormant
A202976,C102304,Premium,177596.73,2.88,Active
A202977,C102305,Savings,123339.71,3.71,Active
A202978,C102306,Salary,314516.16,6.29,Active
A202979,C102307,Savings,49792.75,3.43,Dormant
A202980,C102308,Salary,195434.17,5.09,Active
A202981,C102309,Salary,190811.61,3.52,Active
A202982,C102310,Savings,146613.39,4.16,Active
A202983,C102311,Savings,88409.86,2.85,Dormant
A202984,C102311,Salary,107830.95,3.97,Active
A202985,C102312,Salary,303460.44,3.51,Active
A202986,C102313,Savings,44186.61,5.73,Active
A202987,C102314,Savings,84735.71,3.83,Active
A202988,C102315,Salary,66989.48,4.03,Active
A202989,C102315,Savings,263325.15,4.11,Active
A202990,C102316,Savings,1368.22,3.47,Dormant
A202991,C102316,Savings,13077.25,5.49,Active
A202992,C102317,Savings,86570.8,2.71,Active
A202993,C102317,Savings,167126.62,4.97,Active
A202994,C102318,Savings,373627.24,3.95,Active
A202995,C102319,Salary,288289.55,5.58,Active
A202996,C102320,Savings,95017.38,3.74,Active
A202997,C102321,Savings,58699.35,4.24,Dormant
A202998,C102322,Current,351364.79,4.77,Active
A202999,C102323,Savings,56340.99,6.31,Active
A203000,C102324,Premium,302007.09,3.94,Active
A203001,C102325,Current,191251.44,5.14,Dormant
A203002,C102326,Savings,0.0,4.6,Active
A203003,C102326,Salary,63137.38,5.12,Active
A203004,C102327,Savings,88910.17,4.75,Dormant
A203005,C102328,Premium,36492.02,3.84,Active
A203006,C102329,Current,309058.1,2.87,Active
A203007,C102329,Premium,184324.96,4.3,Active
A203008,C102330,Savings,41449.22,4.5,Active
A203009,C102331,Premium,24225.53,3.88,Dormant
A203010,C102331,Savings,37172.67,4.56,Active
A203011,C102332,Premium,269636.73,3.31,Active
A203012,C102333,Savings,465936.19,6.27,Active
A203013,C102334,Salary,271000.55,3.35,Active
A203014,C102335,Salary,42186.78,3.74,Active
A203015,C102336,Salary,187982.55,4.37,Dormant
A203016,C102336,Savings,33720.45,3.19,Active
A203017,C102337,Savings,270376.94,3.58,Dormant
A203018,C102337,Savings,92682.58,2.58,Active
A203019,C102338,Current,168775.77,2.61,Active
A203020,C102339,Salary,5918.16,3.88,Dormant
A203021,C102340,Savings,21701.12,5.46,Active
A203022,C102341,Savings,346345.09,6.36,Active
A203023,C102341,Savings,90123.49,6.03,Dormant
A203024,C102342,Savings,93186.36,3.54,Active
A203025,C102343,Premium,69945.82,6.37,Active
A203026,C102344,Savings,220612.85,5.2,Active
A203027,C102345,Savings,168974.52,3.1,Active
A203028,C102346,Premium,99208.7,2.89,Dormant
A203029,C102347,Salary,74717.79,5.72,Dormant
A203030,C102347,Current,111563.7,2.82,Active
A203031,C102348,Savings,241012.05,5.62,Active
A203032,C102348,Salary,54468.39,6.12,Active
A203033,C102349,Savings,66590.27,5.67,Dormant
A203034,C102349,Salary,99649.34,3.29,Dormant
A203035,C102350,Salary,23058.96,3.41,Active
A203036,C102350,Savings,135416.0,3.31,Active
A203037,C102351,Premium,170249.05,2.59,Dormant
A203038,C102351,Savings,184313.52,2.55,Active
A203039,C102352,Current,206476.63,6.5,Active
A203040,C102353,Premium,290740.74,4.16,Dormant
A203041,C102354,Salary,137858.84,5.07,Active
A203042,C102355,Savings,107584.04,3.08,Active
A203043,C102356,Savings,149229.34,3.49,Active
A203044,C102357,Salary,100471.91,2.79,Dormant
A203045,C102358,Savings,40464.79,2.99,Active
A203046,C102359,Salary,263337.97,4.76,Dormant
A203047,C102360,Premium,213464.75,4.81,Active
A203048,C102361,Savings,59317.77,4.1,Active
A203049,C102362,Savings,5141.8,3.7,Active
A203050,C102363,Savings,155322.11,5.67,Active
A203051,C102364,Salary,217477.43,4.51,Active
A203052,C102365,Savings,49229.82,4.19,Active
A203053,C102365,Current,57071.0,6.34,Active
A203054,C102366,Premium,203322.47,3.29,Active
A203055,C102366,Salary,196248.89,5.73,Dormant
A203056,C102367,Savings,120309.69,3.88,Active
A203057,C102367,Salary,88861.22,3.69,Dormant
A203058,C102368,Savings,43859.96,3.48,Dormant
A203059,C102368,Savings,14272.24,3.67,Active
A203060,C102369,Salary,31325.44,4.9,Active
A203061,C102370,Current,220401.62,3.39,Active
A203062,C102370,Savings,66497.79,4.11,Active
A203063,C102371,Premium,0.0,5.38,Dormant
A203064,C102371,Savings,92952.38,3.11,Dormant
A203065,C102372,Premium,347637.77,4.57,Active
A203066,C102372,Savings,115602.28,2.57,Active
A203067,C102373,Savings,66799.75,5.07,Active
A203068,C102374,Savings,273721.43,6.16,Dormant
A203069,C102375,Salary,178078.6,4.15,Dormant
A203070,C102376,Savings,97311.31,4.74,Dormant
A203071,C102377,Savings,25147.55,5.48,Active
A203072,C102378,Savings,242019.09,4.52,Active
A203073,C102378,Savings,300207.52,3.69,Active
A203074,C102379,Salary,314174.37,4.29,Active
A203075,C102380,Premium,184905.39,3.93,Active
A203076,C102381,Salary,57016.97,4.38,Dormant
A203077,C102381,Salary,279376.38,4.25,Active
A203078,C102382,Salary,21367.34,4.27,Active
A203079,C102382,Salary,66825.57,5.61,Dormant
A203080,C102383,Savings,261770.23,6.16,Dormant
A203081,C102384,Savings,225363.36,2.76,Active
A203082,C102385,Premium,61473.19,6.22,Dormant
A203083,C102386,Savings,117232.47,3.98,Active
A203084,C102387,Savings,50922.56,3.54,Active
A203085,C102388,Salary,142160.97,5.18,Active
A203086,C102389,Savings,155623.78,2.54,Active
A203087,C102390,Salary,95915.88,4.83,Dormant
A203088,C102391,Savings,142241.3,5.77,Dormant
A203089,C102392,Current,161368.97,4.77,Active
A203090,C102393,Salary,263350.68,5.02,Active
A203091,C102394,Current,54977.08,5.94,Active
A203092,C102395,Savings,51776.42,4.38,Active
A203093,C102396,Current,161845.12,6.22,Active
A203094,C102396,Salary,126377.57,4.7,Active
A203095,C102397,Savings,108664.25,3.48,Active
A203096,C102398,Salary,43999.88,6.14,Dormant
A203097,C102399,Savings,177595.5,2.82,Active
A203098,C102400,Salary,14848.43,3.7,Active
A203099,C102401,Savings,242504.75,6.04,Dormant
A203100,C102401,Premium,55931.43,4.67,Active
A203101,C102402,Premium,141789.98,2.77,Active
A203102,C102403,Savings,172000.22,4.32,Active
A203103,C102404,Savings,171426.52,4.73,Active
A203104,C102404,Savings,32834.72,4.66,Active
A203105,C102405,Salary,107001.47,4.78,Active
A203106,C102406,Salary,76959.04,4.51,Active
A203107,C102407,Premium,353623.48,4.04,Dormant
A203108,C102408,Salary,299767.01,2.68,Active
A203109,C102409,Savings,102714.65,5.9,Dormant
A203110,C102410,Savings,111196.04,4.5,Dormant
A203111,C102411,Savings,171738.72,5.96,Dormant
A203112,C102412,Salary,136700.65,3.93,Dormant
A203113,C102412,Salary,99494.88,6.5,Active
A203114,C102413,Savings,135298.89,3.58,Active
A203115,C102414,Savings,621650.08,4.37,Active
A203116,C102414,Current,505045.74,6.07,Active
A203117,C102415,Savings,26152.48,3.49,Active
A203118,C102415,Savings,187678.66,4.47,Dormant
A203119,C102416,Savings,16181.55,5.7,Dormant
A203120,C102416,Savings,310545.17,4.39,Active
A203121,C102417,Current,27219.79,3.6,Active
A203122,C102417,Savings,12247.26,6.42,Dormant
A203123,C102418,Savings,16253.08,2.63,Active
A203124,C102419,Savings,192077.74,5.84,Active
A203125,C102420,Savings,32711.73,6.35,Active
A203126,C102420,Savings,56696.91,3.52,Active
A203127,C102421,Savings,249217.74,5.74,Dormant
A203128,C102422,Salary,339626.21,4.89,Active
A203129,C102423,Salary,260339.93,2.95,Active
A203130,C102423,Salary,192458.62,5.93,Active
A203131,C102424,Premium,31051.07,6.44,Active
A203132,C102425,Savings,139524.86,5.7,Active
A203133,C102426,Savings,22648.67,4.72,Active
A203134,C102427,Current,299966.55,3.12,Active
A203135,C102427,Premium,156233.19,4.57,Active
A203136,C102428,Savings,330117.72,4.2,Dormant
A203137,C102428,Salary,178948.27,3.97,Active
A203138,C102429,Savings,33828.7,5.28,Active
A203139,C102430,Savings,128340.2,6.14,Active
A203140,C102431,Salary,148284.7,4.29,Active
A203141,C102431,Salary,238550.39,6.13,Dormant
A203142,C102432,Savings,222968.48,4.25,Active
A203143,C102433,Salary,143011.28,2.51,Dormant
A203144,C102433,Premium,94407.78,6.42,Active
A203145,C102434,Current,157876.28,5.0,Dormant
A203146,C102435,Savings,154784.77,3.98,Active
A203147,C102435,Savings,141112.5,6.41,Active
A203148,C102436,Savings,76084.9,2.53,Active
A203149,C102436,Savings,216034.65,3.66,Active
A203150,C102437,Savings,2445.75,4.83,Active
A203151,C102438,Savings,237145.03,3.37,Dormant
A203152,C102439,Salary,3711.69,5.85,Active
A203153,C102439,Savings,26976.68,5.44,Dormant
A203154,C102440,Savings,18142.39,4.69,Active
A203155,C102441,Savings,60605.66,5.93,Active
A203156,C102442,Premium,0.0,6.21,Active
A203157,C102443,Current,199596.41,6.35,Active
A203158,C102444,Savings,180597.56,5.9,Active
A203159,C102444,Savings,168979.93,2.77,Active
A203160,C102445,Savings,272454.24,2.53,Active
A203161,C102446,Savings,110148.67,6.39,Active
A203162,C102447,Salary,179520.79,3.91,Active
A203163,C102448,Savings,338758.63,5.18,Active
A203164,C102448,Salary,10097.33,4.82,Active
A203165,C102449,Salary,39340.67,3.13,Active
A203166,C102450,Premium,150201.7,5.35,Active
A203167,C102451,Savings,253918.81,4.87,Dormant
A203168,C102452,Savings,92007.65,4.12,Active
A203169,C102453,Current,8551.52,4.33,Active
A203170,C102454,Current,121978.24,3.66,Dormant
A203171,C102454,Savings,63987.53,3.88,Active
A203172,C102455,Savings,201108.51,3.28,Active
A203173,C102456,Savings,311795.79,5.2,Active
A203174,C102457,Premium,163078.67,6.43,Dormant
A203175,C102458,Savings,290959.1,5.73,Active
A203176,C102459,Salary,329162.31,5.78,Active
A203177,C102459,Salary,250200.35,6.38,Active
A203178,C102460,Savings,259854.67,5.23,Active
A203179,C102461,Current,63436.49,4.52,Active
A203180,C102461,Savings,271158.68,4.74,Active
A203181,C102462,Savings,149590.65,6.43,Active
A203182,C102463,Savings,19958.55,4.42,Active
A203183,C102464,Savings,61221.43,2.84,Active
A203184,C102464,Savings,62000.47,6.34,Active
A203185,C102465,Salary,151886.14,2.51,Active
A203186,C102466,Salary,271535.08,5.22,Active
A203187,C102467,Premium,176300.3,5.32,Dormant
A203188,C102468,Salary,45949.0,4.22,Dormant
A203189,C102468,Premium,52813.93,5.42,Active
A203190,C102469,Salary,143178.89,5.05,Active
A203191,C102469,Savings,404098.02,4.64,Active
A203192,C102470,Current,123125.84,6.08,Active
A203193,C102471,Savings,136039.21,3.95,Active
A203194,C102471,Savings,46170.3,3.2,Active
A203195,C102472,Current,280654.44,5.98,Active
A203196,C102473,Savings,171317.76,3.91,Dormant
A203197,C102474,Savings,163825.79,4.46,Active
A203198,C102475,Salary,259718.0,3.25,Dormant
A203199,C102475,Salary,253230.07,5.72,Dormant
A203200,C102476,Savings,137720.77,4.42,Active
A203201,C102477,Savings,133661.83,3.67,Active
A203202,C102478,Savings,38281.58,4.87,Dormant
A203203,C102478,Savings,30024.39,3.91,Active
A203204,C102479,Savings,26953.7,4.67,Active
A203205,C102479,Premium,32895.9,3.14,Active
A203206,C102480,Premium,75009.1,5.85,Active
A203207,C102481,Current,55733.69,5.32,Active
A203208,C102482,Savings,39864.38,5.37,Active
A203209,C102483,Savings,21681.15,4.3,Dormant
A203210,C102483,Savings,76296.84,5.49,Active
A203211,C102484,Salary,13602.7,4.21,Active
A203212,C102485,Savings,109685.63,3.98,Active
A203213,C102486,Current,437949.27,5.62,Active
A203214,C102486,Savings,278121.63,4.37,Active
A203215,C102487,Current,162085.87,3.96,Dormant
A203216,C102488,Savings,109706.87,4.25,Active
A203217,C102488,Savings,136698.78,6.31,Dormant
A203218,C102489,Premium,335088.21,4.43,Active
A203219,C102490,Current,45207.34,5.44,Active
A203220,C102491,Salary,67694.67,4.67,Dormant
A203221,C102492,Savings,129360.74,5.18,Active
A203222,C102492,Current,158714.2,2.99,Active
A203223,C102493,Savings,140836.75,4.22,Dormant
A203224,C102494,Savings,15994.12,5.86,Active
A203225,C102494,Savings,40964.79,3.24,Active
A203226,C102495,Salary,66780.29,6.21,Active
A203227,C102496,Current,184199.26,2.91,Dormant
A203228,C102497,Savings,82609.33,3.25,Active
A203229,C102497,Savings,50802.6,6.04,Active
A203230,C102498,Current,342511.76,3.88,Active
A203231,C102499,Savings,92576.02,5.43,Active
A203232,C102500,Salary,103582.95,5.54,Active
A203233,C102501,Savings,62234.85,4.67,Active
A203234,C102502,Premium,161988.29,3.96,Active
A203235,C102503,Salary,128031.37,4.17,Dormant
A203236,C102504,Savings,354548.73,4.33,Active
A203237,C102504,Current,365607.48,6.27,Active
A203238,C102505,Savings,216209.19,4.35,Active
A203239,C102505,Savings,79475.16,6.18,Active
A203240,C102506,Savings,141162.41,5.93,Active
A203241,C102506,Current,271622.12,3.87,Active
A203242,C102507,Savings,166643.09,4.21,Active
A203243,C102507,Current,96331.22,5.11,Active
A203244,C102508,Salary,175269.43,4.55,Active
A203245,C102508,Savings,390823.01,2.64,Active
A203246,C102509,Savings,142929.11,2.81,Dormant
A203247,C102510,Salary,236702.87,3.23,Active
A203248,C102510,Premium,223540.61,4.19,Dormant
A203249,C102511,Savings,87458.84,5.63,Dormant
A203250,C102511,Savings,278807.15,4.64,Active
A203251,C102512,Savings,294525.22,3.11,Active
A203252,C102512,Savings,281373.27,5.98,Active
A203253,C102513,Salary,174660.84,5.19,Active
A203254,C102514,Savings,459022.83,5.49,Active
A203255,C102515,Savings,177443.06,3.05,Dormant
A203256,C102515,Salary,117988.31,5.74,Active
A203257,C102516,Salary,68264.37,5.68,Active
A203258,C102517,Salary,22957.33,3.72,Active
A203259,C102518,Savings,36187.43,3.48,Active
A203260,C102519,Current,208889.22,4.8,Active
A203261,C102520,Savings,14080.51,4.65,Active
A203262,C102521,Savings,216359.47,5.32,Dormant
A203263,C102522,Savings,88806.34,3.29,Active
A203264,C102522,Savings,208688.41,2.79,Active
A203265,C102523,Savings,260172.35,4.23,Active
A203266,C102524,Savings,4110.16,5.74,Dormant
A203267,C102524,Salary,22271.07,3.85,Dormant
A203268,C102525,Savings,171514.51,6.46,Active
A203269,C102526,Premium,50488.99,5.69,Dormant
A203270,C102526,Savings,73263.62,3.94,Active
A203271,C102527,Salary,121808.06,3.24,Dormant
A203272,C102528,Savings,89708.91,2.54,Dormant
A203273,C102529,Savings,129174.2,6.37,Dormant
A203274,C102529,Savings,308035.21,6.39,Active
A203275,C102530,Current,156600.07,4.44,Active
A203276,C102531,Salary,177377.89,4.85,Active
A203277,C102532,Premium,30115.7,6.43,Active
A203278,C102532,Savings,196283.43,2.92,Active
A203279,C102533,Savings,69432.0,6.06,Active
A203280,C102533,Savings,15572.94,3.78,Active
A203281,C102534,Savings,72328.22,2.59,Dormant
A203282,C102534,Savings,136302.06,4.07,Active
A203283,C102535,Salary,75283.03,5.61,Active
A203284,C102536,Salary,103102.7,2.52,Active
A203285,C102536,Savings,135861.09,6.09,Active
A203286,C102537,Savings,60089.49,4.95,Active
A203287,C102538,Savings,162374.84,4.08,Active
A203288,C102539,Savings,209646.61,3.79,Active
A203289,C102540,Savings,31327.45,2.98,Dormant
A203290,C102541,Savings,182062.75,4.67,Active
A203291,C102542,Savings,84735.5,3.42,Active
A203292,C102542,Savings,215839.02,2.89,Active
A203293,C102543,Salary,40740.84,4.23,Dormant
A203294,C102544,Savings,199977.49,2.73,Dormant
A203295,C102545,Current,100480.48,5.62,Active
A203296,C102546,Current,357733.25,3.02,Dormant
A203297,C102547,Savings,76337.12,3.91,Active
A203298,C102547,Savings,69152.72,3.61,Active
A203299,C102548,Salary,74342.88,6.2,Dormant
A203300,C102549,Current,273247.28,5.12,Active
A203301,C102549,Savings,304893.48,3.13,Dormant
A203302,C102550,Savings,39390.53,2.66,Active
A203303,C102551,Savings,339893.64,5.09,Active
A203304,C102552,Savings,42050.93,4.29,Active
A203305,C102553,Savings,44193.25,4.46,Active
A203306,C102554,Salary,385751.41,4.48,Dormant
A203307,C102555,Savings,28713.15,2.84,Active
A203308,C102556,Savings,296147.3,4.4,Active
A203309,C102556,Savings,44778.83,6.29,Dormant
A203310,C102557,Current,247454.22,4.68,Active
A203311,C102558,Savings,25564.13,3.68,Active
A203312,C102559,Salary,55885.15,6.11,Active
A203313,C102560,Salary,48965.82,4.13,Dormant
A203314,C102561,Savings,48250.24,5.46,Dormant
A203315,C102562,Current,101662.57,2.75,Dormant
A203316,C102563,Savings,104608.98,4.64,Active
A203317,C102563,Current,148465.74,5.18,Active
A203318,C102564,Savings,47658.11,6.11,Active
A203319,C102565,Salary,41117.11,4.62,Active
A203320,C102566,Current,192944.45,4.79,Active
A203321,C102566,Savings,185122.08,3.47,Active
A203322,C102567,Savings,57828.97,4.42,Active
A203323,C102568,Savings,36552.55,3.79,Active
A203324,C102569,Premium,221616.62,3.2,Active
A203325,C102570,Salary,311183.19,3.84,Dormant
A203326,C102571,Savings,72359.99,3.52,Active
A203327,C102572,Savings,99950.23,5.97,Active
A203328,C102573,Savings,91785.7,6.2,Active
A203329,C102574,Salary,63566.96,2.72,Active
A203330,C102574,Premium,113020.58,3.75,Active
A203331,C102575,Salary,44222.25,4.48,Active
A203332,C102575,Savings,153899.41,4.49,Active
A203333,C102576,Savings,33587.64,3.01,Active
A203334,C102577,Savings,64087.1,3.53,Dormant
A203335,C102577,Savings,126623.5,5.43,Active
A203336,C102578,Savings,243081.41,4.78,Active
A203337,C102579,Savings,207792.19,2.58,Active
A203338,C102580,Savings,24481.17,2.66,Active
A203339,C102581,Salary,82398.04,2.99,Active
A203340,C102582,Savings,355521.9,6.5,Active
A203341,C102582,Savings,342012.86,3.18,Dormant
A203342,C102583,Savings,71744.42,4.89,Dormant
A203343,C102584,Savings,35502.61,5.16,Dormant
A203344,C102585,Savings,316342.71,6.38,Active
A203345,C102586,Savings,213119.74,3.25,Active
A203346,C102587,Savings,0.0,3.37,Active
A203347,C102588,Savings,266268.36,3.28,Active
A203348,C102589,Savings,110486.95,5.2,Active
A203349,C102590,Savings,192179.53,5.35,Active
A203350,C102591,Savings,57931.99,6.21,Active
A203351,C102592,Savings,68450.92,6.45,Active
A203352,C102592,Savings,95165.0,3.26,Active
A203353,C102593,Savings,7845.07,3.92,Active
A203354,C102593,Savings,12824.71,2.53,Active
A203355,C102594,Savings,325025.52,4.32,Active
A203356,C102595,Salary,35218.25,6.38,Dormant
A203357,C102596,Salary,131690.76,3.22,Dormant
A203358,C102597,Salary,149071.75,2.71,Active
A203359,C102598,Savings,37174.38,4.4,Dormant
A203360,C102599,Savings,36057.96,5.95,Active
A203361,C102600,Savings,236140.51,5.08,Active
A203362,C102600,Current,271924.32,5.98,Active
A203363,C102601,Salary,85092.58,3.73,Active
A203364,C102602,Current,94919.17,2.71,Active
A203365,C102603,Salary,417425.31,4.22,Active
A203366,C102603,Premium,321555.01,5.61,Active
A203367,C102604,Savings,43187.36,6.0,Dormant
A203368,C102604,Current,17388.64,6.47,Active
A203369,C102605,Savings,128231.26,3.62,Active
A203370,C102606,Salary,22635.65,3.92,Dormant
A203371,C102607,Salary,65466.49,5.48,Dormant
A203372,C102608,Savings,101915.04,5.28,Active
A203373,C102609,Savings,50470.92,3.44,Dormant
A203374,C102609,Savings,51822.7,5.13,Active
A203375,C102610,Savings,207548.46,4.7,Active
A203376,C102611,Savings,250735.29,2.86,Active
A203377,C102611,Salary,130499.79,4.81,Active
A203378,C102612,Salary,209407.91,5.64,Dormant
A203379,C102613,Current,89182.45,5.11,Active
A203380,C102613,Salary,76179.08,6.43,Active
A203381,C102614,Salary,235020.22,5.05,Dormant
A203382,C102614,Salary,0.0,3.6,Dormant
A203383,C102615,Savings,196998.24,5.85,Active
A203384,C102616,Savings,155218.95,6.18,Dormant
A203385,C102616,Savings,146631.75,4.12,Active
A203386,C102617,Savings,291253.66,4.35,Dormant
A203387,C102617,Savings,184429.78,3.02,Active
A203388,C102618,Premium,73044.89,5.35,Dormant
A203389,C102619,Savings,63791.03,6.27,Active
A203390,C102619,Current,138825.63,2.59,Active
A203391,C102620,Salary,164176.98,5.46,Dormant
A203392,C102621,Premium,241725.77,2.85,Active
A203393,C102622,Savings,303486.0,3.45,Active
A203394,C102623,Salary,313579.78,2.67,Active
A203395,C102623,Current,97970.18,6.07,Active
A203396,C102624,Savings,202887.54,5.14,Dormant
A203397,C102625,Savings,54853.48,5.7,Active
A203398,C102626,Savings,93838.45,4.3,Active
A203399,C102627,Savings,14000.2,5.08,Active
A203400,C102627,Current,42460.95,6.3,Active
A203401,C102628,Savings,49704.29,4.92,Active
A203402,C102629,Savings,92651.68,6.27,Active
A203403,C102629,Salary,18255.83,3.17,Active
A203404,C102630,Savings,107466.28,2.61,Active
A203405,C102630,Savings,306088.26,4.36,Dormant
A203406,C102631,Savings,219737.9,5.36,Active
A203407,C102631,Savings,164610.03,5.5,Dormant
A203408,C102632,Salary,16472.04,3.77,Active
A203409,C102633,Savings,71550.49,4.25,Dormant
A203410,C102634,Premium,122018.71,5.67,Dormant
A203411,C102635,Savings,19163.39,5.54,Active
A203412,C102636,Savings,154814.74,2.9,Active
A203413,C102637,Savings,23738.12,3.28,Active
A203414,C102637,Salary,43620.58,3.17,Active
A203415,C102638,Current,172590.87,2.87,Active
A203416,C102639,Salary,11948.02,5.57,Active
A203417,C102639,Savings,240398.77,5.84,Active
A203418,C102640,Salary,75684.55,5.82,Active
A203419,C102640,Current,88837.4,5.18,Active
A203420,C102641,Premium,85564.38,5.93,Active
A203421,C102642,Salary,60005.68,4.42,Active
A203422,C102643,Premium,73079.14,6.33,Active
A203423,C102643,Savings,0.0,3.85,Active
A203424,C102644,Salary,391595.24,4.51,Active
A203425,C102645,Savings,76943.26,5.65,Active
A203426,C102645,Salary,157337.35,5.47,Active
A203427,C102646,Current,124324.58,6.15,Dormant
A203428,C102647,Savings,239678.95,6.25,Active
A203429,C102648,Premium,110586.95,3.43,Active
A203430,C102648,Savings,253202.02,5.47,Active
A203431,C102649,Savings,111148.91,3.89,Active
A203432,C102649,Savings,327697.79,6.01,Active
A203433,C102650,Savings,65653.38,5.57,Active
A203434,C102651,Savings,12735.69,5.65,Active
A203435,C102652,Savings,84679.37,5.2,Active
A203436,C102652,Salary,112304.09,5.18,Active
A203437,C102653,Premium,120962.5,4.27,Active
A203438,C102654,Salary,144291.58,4.44,Active
A203439,C102655,Premium,150741.57,4.52,Active
A203440,C102656,Savings,56740.89,4.29,Active
A203441,C102657,Savings,86708.87,3.9,Active
A203442,C102658,Salary,282276.07,3.38,Active
A203443,C102659,Salary,85225.58,6.33,Dormant
A203444,C102659,Current,360048.26,5.6,Active
A203445,C102660,Savings,15112.96,6.39,Active
A203446,C102660,Savings,17859.8,3.56,Active
A203447,C102661,Savings,294976.11,4.7,Dormant
A203448,C102661,Premium,236279.99,5.63,Dormant
A203449,C102662,Savings,110639.15,2.69,Active
A203450,C102663,Savings,54222.36,3.02,Active
A203451,C102663,Savings,53037.51,5.83,Dormant
A203452,C102664,Savings,0.0,6.33,Active
A203453,C102665,Savings,43825.62,4.7,Dormant
A203454,C102666,Premium,72852.65,3.09,Active
A203455,C102667,Savings,143865.54,5.41,Active
A203456,C102668,Salary,154978.78,3.1,Dormant
A203457,C102669,Salary,169552.98,5.49,Active
A203458,C102670,Savings,157262.96,6.03,Active
A203459,C102671,Premium,64775.4,3.02,Active
A203460,C102672,Savings,76324.36,4.04,Active
A203461,C102673,Savings,278618.05,4.24,Active
A203462,C102674,Savings,347692.88,6.1,Active
A203463,C102675,Savings,30916.5,4.58,Active
A203464,C102675,Savings,61309.51,4.21,Dormant
A203465,C102676,Savings,217415.34,5.63,Active
A203466,C102677,Savings,9233.24,4.95,Active
A203467,C102678,Salary,56050.34,6.28,Dormant
A203468,C102678,Savings,19298.54,6.24,Dormant
A203469,C102679,Savings,0.0,5.92,Dormant
A203470,C102680,Salary,115326.59,3.68,Dormant
A203471,C102681,Savings,243975.42,6.06,Dormant
A203472,C102682,Savings,39471.48,4.46,Dormant
A203473,C102683,Salary,54976.84,5.21,Active
A203474,C102683,Savings,52667.42,2.99,Active
A203475,C102684,Savings,163675.98,5.21,Active
A203476,C102685,Savings,88985.67,6.37,Active
A203477,C102686,Savings,195009.9,5.51,Active
A203478,C102687,Premium,88559.71,3.26,Active
A203479,C102688,Savings,106320.54,5.57,Active
A203480,C102689,Salary,105684.7,4.3,Dormant
A203481,C102689,Premium,105579.67,2.76,Dormant
A203482,C102690,Current,156838.33,2.55,Dormant
A203483,C102691,Savings,21244.48,4.0,Active
A203484,C102691,Premium,90969.68,2.66,Dormant
A203485,C102692,Savings,238433.57,4.27,Active
A203486,C102693,Salary,88875.78,3.62,Active
A203487,C102694,Salary,297769.34,3.93,Dormant
A203488,C102695,Salary,114845.91,4.31,Active
A203489,C102696,Savings,201432.37,4.81,Active
A203490,C102697,Savings,238091.54,3.4,Dormant
A203491,C102698,Savings,77864.87,2.8,Active
A203492,C102699,Current,95468.41,5.52,Dormant
A203493,C102700,Salary,205493.8,4.61,Active
A203494,C102701,Savings,133148.28,4.38,Active
A203495,C102702,Savings,19367.57,4.2,Active
A203496,C102703,Savings,189479.84,5.77,Dormant
A203497,C102704,Savings,92290.81,5.39,Active
A203498,C102704,Savings,278418.7,2.56,Active
A203499,C102705,Savings,134550.61,6.46,Active
A203500,C102705,Salary,110893.68,5.76,Active
A203501,C102706,Savings,80943.17,4.15,Dormant
A203502,C102707,Current,141089.78,4.27,Active
A203503,C102707,Savings,190431.04,3.42,Dormant
A203504,C102708,Savings,92915.33,6.39,Active
A203505,C102709,Current,125336.41,5.22,Active
A203506,C102710,Savings,145614.18,5.61,Active
A203507,C102711,Savings,49391.4,3.71,Active
A203508,C102712,Savings,143322.67,4.01,Active
A203509,C102713,Salary,137396.33,4.43,Active
A203510,C102714,Premium,67249.48,5.0,Active
A203511,C102715,Savings,50528.21,2.71,Active
A203512,C102715,Savings,135248.62,6.28,Active
A203513,C102716,Savings,400581.17,5.43,Active
A203514,C102716,Savings,398897.66,4.62,Active
A203515,C102717,Savings,94198.67,3.24,Dormant
A203516,C102718,Salary,23268.32,4.77,Active
A203517,C102719,Premium,73277.21,6.43,Dormant
A203518,C102720,Savings,136705.28,3.9,Active
A203519,C102721,Savings,7287.9,3.14,Active
A203520,C102722,Savings,11102.23,5.11,Dormant
A203521,C102722,Salary,214218.37,3.02,Active
A203522,C102723,Savings,226825.82,4.97,Active
A203523,C102723,Savings,183174.22,3.29,Dormant
A203524,C102724,Savings,71938.97,3.0,Active
A203525,C102725,Premium,167602.8,4.75,Active
A203526,C102725,Current,196037.19,5.3,Dormant
A203527,C102726,Salary,212334.37,3.83,Active
A203528,C102726,Salary,286429.51,4.13,Dormant
A203529,C102727,Salary,30830.32,5.74,Active
A203530,C102728,Premium,63156.07,4.99,Dormant
A203531,C102729,Salary,192476.16,6.37,Active
A203532,C102729,Salary,154644.0,4.62,Dormant
A203533,C102730,Salary,284529.77,5.65,Dormant
A203534,C102731,Savings,227401.18,5.12,Active
A203535,C102731,Premium,59972.83,5.08,Active
A203536,C102732,Savings,128696.54,4.3,Active
A203537,C102733,Savings,94547.83,4.02,Dormant
A203538,C102734,Savings,235536.95,3.32,Dormant
A203539,C102734,Current,191373.55,5.21,Active
A203540,C102735,Savings,79213.43,5.6,Active
A203541,C102735,Salary,332851.82,3.06,Dormant
A203542,C102736,Current,55735.3,6.41,Active
A203543,C102737,Savings,170938.34,2.8,Active
A203544,C102738,Savings,140355.05,3.16,Dormant
A203545,C102739,Salary,446456.27,6.39,Active
A203546,C102740,Savings,123553.22,2.53,Dormant
A203547,C102741,Salary,59347.37,3.26,Dormant
A203548,C102742,Savings,189063.54,2.91,Active
A203549,C102743,Salary,38520.29,2.76,Active
A203550,C102744,Savings,144299.08,3.15,Active
A203551,C102745,Savings,30221.91,3.11,Dormant
A203552,C102745,Salary,252919.82,5.26,Active
A203553,C102746,Savings,42791.47,4.79,Active
A203554,C102747,Savings,376467.58,3.35,Active
A203555,C102748,Salary,0.0,5.62,Dormant
A203556,C102749,Savings,136711.99,6.3,Dormant
A203557,C102750,Salary,0.0,5.24,Dormant
A203558,C102750,Salary,51696.86,5.22,Active
A203559,C102751,Salary,112557.98,2.53,Dormant
A203560,C102752,Savings,48657.79,5.05,Dormant
A203561,C102753,Savings,80202.88,5.02,Active
A203562,C102754,Savings,162127.69,2.84,Active
A203563,C102754,Salary,134418.03,6.35,Active
A203564,C102755,Savings,74216.6,3.76,Active
A203565,C102755,Premium,16573.3,5.14,Active
A203566,C102756,Savings,169228.81,3.12,Active
A203567,C102756,Savings,146553.51,5.32,Active
A203568,C102757,Current,168258.72,5.5,Dormant
A203569,C102758,Savings,83262.49,5.48,Active
A203570,C102758,Savings,103158.71,3.6,Active
A203571,C102759,Salary,300223.49,3.07,Dormant
A203572,C102760,Premium,85556.61,3.48,Dormant
A203573,C102761,Savings,75271.03,3.85,Dormant
A203574,C102762,Premium,307378.13,5.05,Active
A203575,C102762,Premium,246109.95,6.18,Active
A203576,C102763,Savings,182163.65,6.08,Active
A203577,C102764,Savings,78559.45,3.84,Dormant
A203578,C102765,Savings,46634.88,4.87,Active
A203579,C102765,Salary,110902.72,2.56,Active
A203580,C102766,Salary,257390.85,4.47,Active
A203581,C102767,Savings,210240.23,3.98,Active
A203582,C102768,Savings,27747.05,4.98,Dormant
A203583,C102769,Savings,218285.85,3.05,Active
A203584,C102770,Savings,71077.63,4.04,Dormant
A203585,C102771,Savings,46516.54,4.73,Dormant
A203586,C102772,Savings,304170.68,4.51,Active
A203587,C102773,Savings,73883.7,5.59,Dormant
A203588,C102773,Savings,56814.05,2.87,Dormant
A203589,C102774,Savings,90589.0,3.52,Dormant
A203590,C102775,Current,88964.11,3.59,Dormant
A203591,C102776,Salary,29852.07,4.16,Active
A203592,C102776,Salary,313594.06,5.29,Active
A203593,C102777,Savings,10032.29,5.41,Active
A203594,C102778,Savings,79290.94,4.02,Active
A203595,C102778,Salary,49042.5,5.34,Active
A203596,C102779,Savings,121525.76,3.4,Active
A203597,C102780,Savings,0.0,3.11,Active
A203598,C102781,Savings,42043.1,3.38,Active
A203599,C102782,Savings,144148.55,3.54,Dormant
A203600,C102782,Savings,257553.65,3.81,Active
A203601,C102783,Savings,121506.23,4.73,Active
A203602,C102783,Savings,213007.15,4.82,Active
A203603,C102784,Salary,212696.49,2.64,Active
A203604,C102785,Savings,205980.02,4.78,Active
A203605,C102786,Current,397632.8,2.81,Active
A203606,C102786,Salary,226415.22,4.9,Active
A203607,C102787,Savings,69784.5,5.05,Active
A203608,C102788,Salary,297530.26,6.42,Dormant
A203609,C102788,Premium,73782.43,4.02,Active
A203610,C102789,Premium,183240.43,2.73,Active
A203611,C102790,Savings,312811.11,3.02,Active
A203612,C102791,Premium,225859.01,6.25,Active
A203613,C102791,Premium,195386.15,3.5,Active
A203614,C102792,Savings,252661.35,4.42,Dormant
A203615,C102793,Current,7029.69,2.94,Dormant
A203616,C102794,Current,206647.17,2.51,Active
A203617,C102795,Savings,41852.09,4.81,Active
A203618,C102796,Premium,259872.12,3.15,Active
A203619,C102797,Premium,20714.88,5.05,Dormant
A203620,C102797,Salary,21092.23,6.06,Active
A203621,C102798,Current,186973.84,5.02,Active
A203622,C102799,Current,415220.02,4.01,Active
A203623,C102799,Savings,163053.28,5.66,Active
A203624,C102800,Salary,259830.07,6.34,Active
A203625,C102800,Current,112576.89,6.13,Active
A203626,C102801,Savings,40972.78,5.51,Active
A203627,C102802,Savings,12826.82,2.56,Active
A203628,C102803,Salary,66410.75,3.57,Active
A203629,C102803,Savings,126984.48,4.66,Active
A203630,C102804,Savings,47748.85,5.14,Active
A203631,C102805,Current,205324.64,4.29,Active
A203632,C102806,Savings,122186.55,2.99,Active
A203633,C102807,Savings,25889.02,5.53,Active
A203634,C102808,Salary,132375.18,4.03,Active
A203635,C102809,Savings,201320.81,6.15,Active
A203636,C102809,Salary,58767.21,3.18,Active
A203637,C102810,Savings,58114.1,6.34,Dormant
A203638,C102811,Premium,189023.53,6.34,Dormant
A203639,C102812,Savings,44547.58,3.72,Active
A203640,C102813,Salary,68357.46,3.42,Active
A203641,C102814,Savings,91849.32,4.02,Dormant
A203642,C102815,Current,206251.08,3.67,Active
A203643,C102816,Savings,246379.23,3.45,Active
A203644,C102817,Savings,0.0,5.62,Dormant
A203645,C102818,Savings,92709.92,5.14,Active
A203646,C102819,Salary,174291.72,3.72,Active
A203647,C102819,Savings,83034.63,5.2,Active
A203648,C102820,Current,369687.59,5.2,Active
A203649,C102821,Savings,70462.0,5.55,Active
A203650,C102821,Salary,149205.41,4.63,Dormant
A203651,C102822,Savings,35116.34,2.61,Active
A203652,C102823,Current,265875.09,4.87,Active
A203653,C102823,Savings,66723.0,3.18,Active
A203654,C102824,Premium,169243.54,5.91,Active
A203655,C102824,Premium,161634.57,4.45,Active
A203656,C102825,Savings,108939.05,5.06,Active
A203657,C102826,Savings,148234.82,2.93,Dormant
A203658,C102827,Savings,99762.25,5.5,Active
A203659,C102828,Savings,215371.79,5.13,Active
A203660,C102828,Premium,60109.35,4.7,Active
A203661,C102829,Salary,227909.79,3.95,Active
A203662,C102830,Salary,57762.4,5.35,Dormant
A203663,C102831,Salary,208408.19,2.63,Active
A203664,C102832,Savings,183280.56,3.96,Active
A203665,C102832,Savings,208891.33,5.62,Dormant
A203666,C102833,Salary,359831.26,4.49,Active
A203667,C102834,Premium,210150.51,6.26,Active
A203668,C102834,Savings,235103.09,3.84,Active
A203669,C102835,Salary,97048.47,5.96,Active
A203670,C102836,Salary,63011.77,4.62,Active
A203671,C102837,Salary,116246.32,5.75,Active
A203672,C102838,Savings,492539.13,4.11,Active
A203673,C102839,Savings,211391.7,3.55,Active
A203674,C102840,Savings,19699.99,6.04,Dormant
A203675,C102841,Premium,10439.66,3.92,Active
A203676,C102842,Savings,61191.93,3.21,Active
A203677,C102843,Premium,0.0,4.97,Active
A203678,C102844,Savings,140237.82,4.89,Active
A203679,C102845,Savings,204722.38,3.74,Active
A203680,C102846,Savings,181472.31,3.63,Active
A203681,C102847,Salary,177774.25,5.25,Active
A203682,C102848,Savings,88482.11,2.72,Active
A203683,C102848,Savings,154478.15,2.5,Active
A203684,C102849,Current,52119.8,5.05,Active
A203685,C102850,Savings,313275.86,6.07,Active
A203686,C102851,Savings,169545.63,2.76,Dormant
A203687,C102851,Savings,91611.87,4.53,Active
A203688,C102852,Savings,75960.51,5.66,Active
A203689,C102852,Savings,49840.84,3.72,Dormant
A203690,C102853,Savings,112344.03,3.33,Dormant
A203691,C102854,Savings,135422.08,3.21,Dormant
A203692,C102854,Salary,184980.39,5.52,Active
A203693,C102855,Savings,233156.83,5.92,Active
A203694,C102856,Savings,80542.57,3.3,Active
A203695,C102856,Savings,90212.1,2.55,Active
A203696,C102857,Savings,210897.42,4.31,Dormant
A203697,C102858,Savings,43949.27,4.32,Active
A203698,C102859,Savings,188661.93,5.86,Dormant
A203699,C102860,Savings,410233.09,4.26,Active
A203700,C102861,Savings,145739.36,3.44,Dormant
A203701,C102861,Savings,22422.08,5.28,Active
A203702,C102862,Salary,306321.71,5.47,Active
A203703,C102863,Salary,363027.69,3.57,Active
A203704,C102864,Salary,120581.48,2.59,Dormant
A203705,C102865,Savings,58153.26,4.8,Active
A203706,C102866,Savings,211433.93,2.71,Active
A203707,C102866,Savings,141623.76,3.96,Active
A203708,C102867,Salary,77959.96,3.08,Dormant
A203709,C102868,Savings,254027.15,2.69,Dormant
A203710,C102868,Salary,216379.46,4.37,Active
A203711,C102869,Salary,121367.64,2.6,Active
A203712,C102869,Savings,101991.9,6.02,Active
A203713,C102870,Salary,27436.23,5.0,Active
A203714,C102871,Savings,300081.38,3.47,Dormant
A203715,C102872,Current,134982.68,6.26,Dormant
A203716,C102872,Salary,162877.09,5.38,Active
A203717,C102873,Salary,85694.67,4.68,Active
A203718,C102873,Salary,201574.9,5.38,Dormant
A203719,C102874,Salary,124340.99,3.52,Dormant
A203720,C102874,Premium,59476.87,5.47,Active
A203721,C102875,Premium,95213.62,4.43,Active
A203722,C102876,Savings,487991.05,4.25,Active
A203723,C102877,Premium,104507.81,4.58,Active
A203724,C102877,Savings,140043.02,3.2,Active
A203725,C102878,Savings,186955.12,2.83,Active
A203726,C102879,Savings,31268.67,5.8,Active
A203727,C102880,Salary,131691.6,3.66,Dormant
A203728,C102881,Savings,185469.16,5.18,Active
A203729,C102882,Savings,217071.75,3.23,Active
A203730,C102883,Current,257787.6,3.3,Active
A203731,C102883,Current,101269.25,4.77,Dormant
A203732,C102884,Current,146591.72,4.38,Dormant
A203733,C102885,Current,88313.88,5.55,Active
A203734,C102886,Salary,186206.33,5.7,Active
A203735,C102887,Savings,105001.46,5.75,Dormant
A203736,C102888,Salary,98603.06,3.54,Dormant
A203737,C102889,Current,140725.54,4.88,Active
A203738,C102890,Savings,111381.42,3.17,Active
A203739,C102891,Salary,3455.75,2.71,Dormant
A203740,C102891,Savings,38378.67,3.48,Dormant
A203741,C102892,Savings,96950.5,4.88,Active
A203742,C102892,Savings,161184.91,3.18,Active
A203743,C102893,Salary,95821.06,2.55,Active
A203744,C102893,Salary,127459.89,5.1,Dormant
A203745,C102894,Savings,242407.43,5.23,Dormant
A203746,C102894,Savings,102583.13,2.88,Active
A203747,C102895,Savings,153831.64,3.16,Active
A203748,C102896,Premium,82166.27,4.34,Active
A203749,C102897,Savings,115947.62,5.67,Active
A203750,C102898,Salary,65164.54,2.58,Active
A203751,C102898,Salary,141556.27,3.13,Active
A203752,C102899,Salary,13747.95,3.26,Dormant
A203753,C102900,Current,197181.06,3.34,Active
A203754,C102901,Savings,101314.72,5.91,Active
A203755,C102902,Savings,96963.94,3.91,Active
A203756,C102903,Savings,314325.61,5.86,Active
A203757,C102903,Savings,247012.2,5.71,Active
A203758,C102904,Current,32542.52,5.16,Active
A203759,C102905,Savings,421347.77,4.76,Active
A203760,C102906,Savings,155154.19,5.5,Active
A203761,C102907,Savings,149420.34,5.77,Dormant
A203762,C102908,Current,161266.42,3.56,Dormant
A203763,C102909,Salary,166074.04,4.54,Active
A203764,C102909,Salary,82121.71,3.89,Active
A203765,C102910,Savings,114266.33,3.99,Active
A203766,C102911,Savings,218778.71,2.99,Dormant
A203767,C102912,Salary,187469.18,4.76,Active
A203768,C102912,Salary,181389.62,5.61,Active
A203769,C102913,Salary,53121.66,4.78,Active
A203770,C102914,Savings,42500.1,4.09,Active
A203771,C102915,Savings,53434.78,2.75,Active
A203772,C102916,Salary,20583.27,5.76,Active
A203773,C102917,Savings,38130.87,5.77,Active
A203774,C102918,Savings,27277.71,5.6,Active
A203775,C102918,Savings,52676.44,5.37,Active
A203776,C102919,Savings,293878.57,6.1,Active
A203777,C102920,Current,43022.95,4.04,Active
A203778,C102921,Savings,214470.01,4.16,Active
A203779,C102922,Current,223471.03,4.02,Active
A203780,C102923,Premium,91044.14,4.46,Active
A203781,C102924,Savings,195844.71,3.2,Active
A203782,C102925,Premium,146263.09,5.61,Active
A203783,C102925,Premium,208002.36,6.43,Active
A203784,C102926,Savings,279631.9,4.96,Active
A203785,C102927,Salary,66498.3,5.99,Active
A203786,C102928,Savings,228659.28,3.09,Active
A203787,C102928,Savings,0.0,5.1,Active
A203788,C102929,Salary,81273.9,6.0,Dormant
A203789,C102930,Salary,163178.39,6.25,Active
A203790,C102931,Salary,397028.08,6.17,Active
A203791,C102932,Salary,117012.35,3.71,Active
A203792,C102933,Savings,26275.5,6.26,Active
A203793,C102934,Premium,194395.81,4.27,Active
A203794,C102935,Savings,156262.37,3.92,Active
A203795,C102936,Premium,200472.65,3.64,Active
A203796,C102936,Savings,48581.2,4.65,Dormant
A203797,C102937,Savings,65873.69,5.42,Active
A203798,C102938,Salary,182573.16,3.52,Dormant
A203799,C102939,Savings,224254.18,5.8,Dormant
A203800,C102940,Salary,192985.28,3.08,Active
A203801,C102941,Savings,316532.04,6.22,Active
A203802,C102941,Savings,273569.24,4.45,Active
A203803,C102942,Savings,415061.59,5.37,Active
A203804,C102943,Salary,48569.91,6.15,Active
A203805,C102944,Savings,143181.64,4.15,Dormant
A203806,C102945,Salary,48441.98,4.05,Active
A203807,C102946,Savings,20895.24,6.04,Active
A203808,C102947,Salary,136275.91,6.15,Active
A203809,C102948,Savings,92372.33,3.26,Dormant
A203810,C102949,Salary,25529.02,5.21,Dormant
A203811,C102950,Salary,116190.96,5.84,Active
A203812,C102951,Savings,109516.4,3.23,Active
A203813,C102952,Savings,115950.35,3.82,Dormant
A203814,C102953,Savings,178026.43,2.81,Dormant
A203815,C102954,Savings,29407.96,3.56,Active
A203816,C102954,Premium,41538.64,5.43,Active
A203817,C102955,Savings,331438.67,4.88,Active
A203818,C102955,Salary,189987.99,6.25,Active
A203819,C102956,Savings,244761.34,5.8,Active
A203820,C102957,Salary,83337.91,2.76,Active
A203821,C102957,Savings,146643.84,3.34,Active
A203822,C102958,Salary,250500.11,5.26,Active
A203823,C102959,Savings,68404.36,2.57,Active
A203824,C102960,Current,74176.24,4.12,Active
A203825,C102960,Premium,184476.67,4.09,Dormant
A203826,C102961,Salary,226955.98,4.14,Active
A203827,C102962,Savings,338559.97,2.78,Active
A203828,C102962,Savings,97857.08,3.1,Dormant
A203829,C102963,Salary,157117.77,5.75,Active
A203830,C102964,Savings,196506.0,5.73,Dormant
A203831,C102965,Savings,148333.37,6.42,Active
A203832,C102966,Salary,50815.17,6.33,Active
A203833,C102967,Savings,23740.79,2.74,Active
A203834,C102967,Savings,30913.31,6.36,Active
A203835,C102968,Savings,0.0,4.89,Active
A203836,C102968,Current,63568.4,4.18,Active
A203837,C102969,Savings,149495.3,4.62,Active
A203838,C102970,Salary,196708.47,2.71,Dormant
A203839,C102971,Salary,219726.98,5.77,Active
A203840,C102972,Savings,228304.25,4.01,Active
A203841,C102973,Savings,32799.09,4.75,Dormant
A203842,C102974,Savings,44141.14,3.44,Active
A203843,C102974,Salary,46855.24,3.46,Active
A203844,C102975,Salary,37448.9,4.63,Active
A203845,C102976,Salary,88336.2,4.91,Active
A203846,C102977,Premium,115329.95,6.42,Active
A203847,C102978,Savings,21389.68,2.82,Dormant
A203848,C102979,Salary,170201.5,4.43,Dormant
A203849,C102979,Premium,53658.99,4.02,Active
A203850,C102980,Savings,101178.84,4.75,Dormant
A203851,C102981,Salary,21828.12,3.19,Active
A203852,C102982,Premium,29948.83,4.51,Active
A203853,C102983,Salary,136473.05,5.23,Active
A203854,C102984,Savings,233817.59,6.25,Active
A203855,C102985,Savings,245626.11,6.47,Dormant
A203856,C102986,Savings,49992.69,6.28,Active
A203857,C102987,Savings,59260.19,3.6,Active
A203858,C102988,Savings,0.0,4.69,Active
A203859,C102989,Savings,64887.2,4.09,Active
A203860,C102989,Current,28182.15,2.99,Active
A203861,C102990,Savings,148668.0,5.3,Active
A203862,C102991,Savings,45708.91,4.2,Active
A203863,C102992,Salary,221045.0,4.78,Active
A203864,C102993,Salary,34456.07,3.43,Active
A203865,C102993,Savings,62015.26,6.42,Active
A203866,C102994,Savings,79019.96,2.98,Active
A203867,C102995,Premium,102778.13,5.01,Dormant
A203868,C102996,Salary,165666.92,5.05,Dormant
A203869,C102997,Salary,73455.96,5.18,Active
A203870,C102997,Savings,72678.89,5.54,Active
A203871,C102998,Salary,115326.63,5.41,Active
A203872,C102998,Current,154063.87,5.26,Active
A203873,C102999,Savings,135119.26,5.76,Dormant
A203874,C103000,Savings,202812.2,5.67,Active
A203875,C103000,Salary,423270.11,5.77,Dormant
A203876,C103001,Premium,22888.75,4.84,Active
A203877,C103002,Savings,208993.33,4.55,Active
A203878,C103002,Savings,202255.2,4.33,Dormant
A203879,C103003,Salary,52034.7,3.98,Active
A203880,C103003,Savings,126162.99,5.17,Active
A203881,C103004,Salary,155204.79,4.27,Dormant
A203882,C103005,Savings,243199.9,4.21,Active
A203883,C103005,Salary,144413.65,3.12,Active
A203884,C103006,Savings,194310.01,5.95,Active
A203885,C103006,Savings,184115.99,4.0,Active
A203886,C103007,Salary,200569.11,4.99,Active
A203887,C103008,Savings,104294.36,4.38,Active
A203888,C103008,Savings,148793.2,4.46,Active
A203889,C103009,Salary,297850.12,5.15,Dormant
A203890,C103010,Current,55102.95,3.89,Dormant
A203891,C103010,Salary,80962.58,3.82,Dormant
A203892,C103011,Savings,28217.51,4.09,Active
A203893,C103011,Salary,118763.4,6.32,Dormant
A203894,C103012,Savings,103469.19,2.68,Active
A203895,C103013,Salary,272865.79,3.52,Dormant
A203896,C103014,Salary,176295.39,5.63,Active
A203897,C103015,Savings,97654.42,3.6,Active
A203898,C103016,Salary,44367.67,2.94,Active
A203899,C103017,Premium,127224.23,3.9,Active
A203900,C103017,Salary,403993.84,5.54,Active
A203901,C103018,Salary,26422.65,4.26,Active
A203902,C103018,Savings,355297.4,3.23,Dormant
A203903,C103019,Savings,176074.87,2.76,Active
A203904,C103020,Salary,265188.93,5.61,Active
A203905,C103021,Savings,247332.79,6.34,Active
A203906,C103022,Current,61217.61,2.77,Dormant
A203907,C103023,Savings,202324.04,3.18,Active
A203908,C103024,Current,72988.85,5.5,Active
A203909,C103025,Savings,153463.43,5.5,Active
A203910,C103026,Salary,180727.28,2.94,Active
A203911,C103027,Savings,491416.08,5.06,Dormant
A203912,C103027,Savings,204829.46,6.08,Dormant
A203913,C103028,Salary,79656.87,3.08,Active
A203914,C103029,Premium,76814.51,3.28,Active
A203915,C103029,Premium,212927.83,5.88,Active
A203916,C103030,Premium,218206.33,3.43,Active
A203917,C103031,Current,100327.61,5.63,Active
A203918,C103032,Savings,101086.51,3.79,Active
A203919,C103033,Savings,28781.96,3.56,Active
A203920,C103034,Salary,54818.79,5.28,Dormant
A203921,C103035,Savings,53574.28,2.98,Active
A203922,C103036,Salary,186084.61,2.74,Active
A203923,C103037,Savings,350650.79,6.15,Active
A203924,C103038,Savings,156805.97,3.73,Active
A203925,C103039,Salary,94104.41,3.96,Active
A203926,C103040,Salary,287406.91,6.2,Active
A203927,C103041,Savings,83903.62,5.21,Dormant
A203928,C103042,Savings,141647.57,5.91,Dormant
A203929,C103043,Savings,155990.63,6.42,Active
A203930,C103043,Savings,251723.71,4.57,Active
A203931,C103044,Premium,29073.74,3.37,Active
A203932,C103044,Savings,9787.63,4.28,Dormant
A203933,C103045,Current,76300.42,4.9,Dormant
A203934,C103046,Savings,423661.08,6.4,Dormant
A203935,C103047,Current,102785.21,4.72,Active
A203936,C103048,Premium,104074.04,5.86,Dormant
A203937,C103049,Savings,13589.16,3.18,Active
A203938,C103049,Salary,285398.06,2.65,Active
A203939,C103050,Savings,168825.6,6.07,Dormant
A203940,C103051,Savings,108816.34,5.79,Active
A203941,C103052,Savings,77980.12,3.65,Active
A203942,C103052,Savings,14187.75,4.86,Active
A203943,C103053,Salary,194074.01,4.67,Active
A203944,C103054,Current,59475.56,3.84,Active
A203945,C103054,Salary,47491.02,2.81,Active
A203946,C103055,Savings,199495.89,5.56,Active
A203947,C103056,Savings,187731.88,4.39,Active
A203948,C103057,Salary,151685.93,3.06,Active
A203949,C103057,Savings,306200.77,4.6,Dormant
A203950,C103058,Salary,123199.65,4.06,Active
A203951,C103059,Current,31139.3,6.21,Active
A203952,C103060,Salary,164840.7,6.21,Active
A203953,C103061,Savings,127847.11,6.04,Active
A203954,C103062,Savings,431889.87,6.47,Active
A203955,C103063,Current,141986.66,3.83,Dormant
A203956,C103064,Current,72567.66,4.81,Active
A203957,C103064,Premium,45831.92,3.7,Active
A203958,C103065,Savings,182326.6,6.44,Active
A203959,C103066,Savings,105971.99,5.11,Active
A203960,C103067,Savings,288254.78,3.25,Active
A203961,C103067,Premium,336849.72,4.19,Dormant
A203962,C103068,Current,112563.45,6.37,Active
A203963,C103069,Savings,26352.8,3.2,Active
A203964,C103069,Salary,36458.24,5.26,Dormant
A203965,C103070,Current,175606.45,6.29,Active
A203966,C103070,Current,228629.71,2.9,Dormant
A203967,C103071,Savings,156232.07,3.52,Dormant
A203968,C103072,Current,222865.15,5.37,Active
A203969,C103073,Salary,53778.98,3.95,Active
A203970,C103074,Salary,33860.91,5.13,Dormant
A203971,C103074,Salary,63678.26,6.39,Active
A203972,C103075,Premium,428088.44,6.1,Active
A203973,C103076,Current,264279.76,4.13,Dormant
A203974,C103077,Savings,154675.97,5.0,Active
A203975,C103078,Salary,93651.4,4.93,Active
A203976,C103078,Premium,77705.4,3.38,Dormant
A203977,C103079,Savings,86077.4,5.28,Active
A203978,C103080,Savings,327574.6,2.92,Active
A203979,C103080,Salary,270708.9,6.1,Active
A203980,C103081,Salary,145403.11,6.09,Active
A203981,C103082,Current,120984.35,3.07,Dormant
A203982,C103082,Premium,60232.23,5.15,Dormant
A203983,C103083,Salary,156304.36,3.61,Active
A203984,C103083,Salary,153765.76,4.31,Active
A203985,C103084,Savings,135671.64,6.41,Active
A203986,C103085,Savings,166572.45,4.38,Active
A203987,C103086,Premium,27872.6,3.01,Dormant
A203988,C103087,Savings,35773.73,3.05,Active
A203989,C103088,Premium,158204.54,4.63,Dormant
A203990,C103089,Savings,146171.99,3.28,Active
A203991,C103089,Savings,114210.0,4.87,Active
A203992,C103090,Savings,329349.75,4.56,Active
A203993,C103090,Savings,196682.01,5.12,Active
A203994,C103091,Current,89829.67,4.17,Active
A203995,C103091,Savings,7822.33,4.81,Dormant
A203996,C103092,Savings,187085.8,5.65,Active
A203997,C103093,Savings,55440.34,5.24,Dormant
A203998,C103094,Savings,51119.24,2.52,Active
A203999,C103095,Current,91242.75,3.62,Dormant
A204000,C103096,Savings,88689.04,6.47,Active
A204001,C103096,Savings,103750.96,4.96,Active
A204002,C103097,Savings,265095.88,6.13,Active
A204003,C103097,Salary,265473.02,4.92,Active
A204004,C103098,Savings,278675.38,5.59,Active
A204005,C103099,Savings,0.0,3.05,Active
A204006,C103100,Savings,223718.88,3.76,Active
A204007,C103101,Savings,243140.43,4.81,Active
A204008,C103102,Savings,70358.89,6.15,Active
A204009,C103103,Salary,154746.98,4.88,Active
A204010,C103104,Savings,312970.2,4.69,Dormant
A204011,C103105,Salary,265310.19,5.27,Active
A204012,C103106,Savings,96659.7,6.13,Active
A204013,C103107,Savings,51101.31,4.29,Active
A204014,C103108,Savings,68361.17,4.67,Active
A204015,C103108,Savings,308009.27,5.56,Active
A204016,C103109,Salary,186186.16,3.34,Dormant
A204017,C103109,Premium,123164.44,3.32,Active
A204018,C103110,Current,207204.49,4.11,Active
A204019,C103111,Salary,65344.55,2.69,Active
A204020,C103111,Premium,43971.53,3.97,Active
A204021,C103112,Savings,48479.85,2.83,Dormant
A204022,C103113,Current,92243.57,4.94,Active
A204023,C103114,Premium,103293.68,3.8,Dormant
A204024,C103115,Savings,31660.25,4.24,Active
A204025,C103115,Premium,48684.92,2.82,Active
A204026,C103116,Premium,221927.5,5.38,Active
A204027,C103117,Savings,241975.13,5.32,Dormant
A204028,C103118,Savings,10268.6,3.54,Active
A204029,C103119,Savings,258924.06,4.28,Active
A204030,C103120,Salary,92959.65,5.81,Active
A204031,C103121,Current,261556.97,4.31,Active
A204032,C103122,Salary,156680.37,6.33,Active
A204033,C103123,Savings,188241.56,3.56,Dormant
A204034,C103124,Current,35260.16,3.7,Active
A204035,C103124,Current,4400.99,2.68,Dormant
A204036,C103125,Savings,7953.92,4.27,Active
A204037,C103125,Savings,109259.29,4.16,Dormant
A204038,C103126,Current,216786.69,3.07,Active
A204039,C103126,Savings,253867.09,3.28,Active
A204040,C103127,Savings,155305.73,5.28,Active
A204041,C103128,Premium,126470.7,5.46,Active
A204042,C103128,Savings,274085.11,4.16,Active
A204043,C103129,Savings,57426.87,4.15,Active
A204044,C103130,Premium,243701.0,3.13,Active
A204045,C103130,Savings,254261.55,4.62,Active
A204046,C103131,Savings,25097.54,6.05,Active
A204047,C103132,Savings,104457.4,3.05,Active
A204048,C103133,Savings,28862.5,5.05,Active
A204049,C103134,Current,0.0,4.64,Active
A204050,C103134,Current,23441.4,3.37,Active
A204051,C103135,Savings,8742.89,5.33,Active
A204052,C103136,Savings,114078.71,3.49,Active
A204053,C103137,Savings,279545.57,4.4,Active
A204054,C103138,Savings,82783.39,6.04,Active
A204055,C103139,Savings,72779.38,6.31,Dormant
A204056,C103140,Savings,195183.18,4.54,Dormant
A204057,C103140,Current,144845.95,6.33,Dormant
A204058,C103141,Savings,126171.38,4.73,Active
A204059,C103142,Salary,97762.59,3.42,Dormant
A204060,C103142,Current,253293.93,6.45,Dormant
A204061,C103143,Current,96450.7,5.37,Dormant
A204062,C103144,Savings,320511.48,3.18,Active
A204063,C103145,Savings,253145.75,4.83,Active
A204064,C103145,Savings,285046.56,4.7,Active
A204065,C103146,Salary,61934.54,5.47,Active
A204066,C103147,Current,46787.89,3.17,Dormant
A204067,C103148,Salary,226487.28,5.79,Dormant
A204068,C103149,Savings,88817.0,4.61,Dormant
A204069,C103150,Savings,57253.43,3.49,Active
A204070,C103150,Savings,66173.59,3.61,Active
A204071,C103151,Savings,288665.06,3.32,Active
A204072,C103152,Salary,170917.34,4.91,Active
A204073,C103153,Premium,57148.82,2.53,Active
A204074,C103154,Current,19829.12,5.56,Active
A204075,C103154,Savings,42183.01,2.73,Active
A204076,C103155,Savings,76386.53,4.43,Active
A204077,C103156,Salary,62166.26,5.23,Active
A204078,C103157,Savings,152154.84,3.01,Dormant
A204079,C103158,Savings,54870.2,4.64,Active
A204080,C103159,Savings,73825.98,6.24,Active
A204081,C103159,Salary,160250.87,5.85,Dormant
A204082,C103160,Savings,273000.24,4.52,Active
A204083,C103161,Salary,36439.31,6.38,Active
A204084,C103161,Savings,320708.93,3.59,Dormant
A204085,C103162,Savings,173373.08,3.15,Active
A204086,C103162,Savings,162602.27,3.64,Active
A204087,C103163,Savings,138449.62,3.82,Dormant
A204088,C103164,Salary,56588.75,6.16,Active
A204089,C103164,Salary,136512.79,4.4,Active
A204090,C103165,Salary,95050.53,3.1,Active
A204091,C103166,Salary,185079.17,4.72,Dormant
A204092,C103166,Savings,86795.8,2.62,Active
A204093,C103167,Salary,27845.53,4.78,Dormant
A204094,C103168,Current,13544.24,2.93,Active
A204095,C103169,Savings,137423.01,4.89,Active
A204096,C103169,Savings,193128.19,4.63,Active
A204097,C103170,Salary,129154.75,6.21,Active
A204098,C103171,Savings,144801.63,4.02,Active
A204099,C103171,Savings,388150.52,3.39,Active
A204100,C103172,Savings,64693.21,4.95,Dormant
A204101,C103172,Salary,264166.15,4.16,Active
A204102,C103173,Salary,191690.35,6.0,Dormant
A204103,C103174,Savings,354337.24,6.46,Active
A204104,C103175,Salary,51962.73,4.84,Dormant
A204105,C103176,Savings,183767.21,5.99,Active
A204106,C103176,Savings,232518.43,4.76,Active
A204107,C103177,Salary,353866.85,4.42,Active
A204108,C103178,Premium,207923.74,5.35,Dormant
A204109,C103178,Savings,174265.13,5.91,Active
A204110,C103179,Savings,148128.38,6.26,Active
A204111,C103180,Savings,224668.33,3.37,Active
A204112,C103180,Salary,227113.03,5.48,Active
A204113,C103181,Savings,30672.08,2.73,Active
A204114,C103182,Savings,220001.58,2.73,Active
A204115,C103183,Savings,61404.35,5.19,Active
A204116,C103183,Savings,107267.55,2.52,Dormant
A204117,C103184,Premium,146508.38,4.85,Active
A204118,C103184,Salary,97559.2,2.85,Active
A204119,C103185,Salary,53181.98,2.7,Active
A204120,C103185,Savings,46560.22,3.13,Active
A204121,C103186,Savings,158825.69,5.48,Active
A204122,C103187,Savings,31688.28,3.22,Dormant
A204123,C103188,Savings,100935.9,3.94,Dormant
A204124,C103189,Savings,76043.79,4.29,Active
A204125,C103190,Savings,316590.52,3.52,Active
A204126,C103191,Savings,18068.4,2.67,Active
A204127,C103192,Premium,5649.88,2.67,Active
A204128,C103193,Savings,19422.98,5.95,Active
A204129,C103193,Savings,18702.05,5.14,Active
A204130,C103194,Savings,22537.02,5.95,Active
A204131,C103195,Current,253586.43,5.37,Dormant
A204132,C103196,Savings,140270.71,3.82,Active
A204133,C103197,Current,43872.55,5.3,Dormant
A204134,C103198,Salary,54324.58,3.63,Active
A204135,C103199,Salary,125915.42,3.82,Active
A204136,C103200,Salary,180896.67,5.49,Dormant
A204137,C103201,Premium,63279.08,4.0,Active
A204138,C103202,Savings,41881.27,2.68,Dormant
A204139,C103203,Salary,1376.17,5.97,Dormant
A204140,C103204,Savings,101812.6,5.81,Active
A204141,C103205,Savings,345658.37,4.51,Dormant
A204142,C103206,Current,357200.11,3.49,Dormant
A204143,C103207,Current,17394.51,3.85,Dormant
A204144,C103208,Salary,132649.53,3.23,Active
A204145,C103208,Savings,211879.57,3.66,Active
A204146,C103209,Current,117765.6,5.16,Active
A204147,C103209,Savings,20184.98,3.77,Dormant
A204148,C103210,Savings,333701.01,6.06,Active
A204149,C103210,Savings,86625.77,5.79,Dormant
A204150,C103211,Savings,173280.57,6.42,Active
A204151,C103212,Savings,416238.67,4.18,Active
A204152,C103213,Current,63735.73,5.05,Active
A204153,C103214,Savings,107493.88,4.57,Active
A204154,C103215,Savings,108917.75,5.72,Dormant
A204155,C103216,Salary,17242.44,5.69,Active
A204156,C103217,Current,256119.96,3.18,Active
A204157,C103217,Savings,33683.76,5.07,Dormant
A204158,C103218,Savings,86347.99,6.18,Active
A204159,C103218,Savings,71782.08,5.81,Dormant
A204160,C103219,Savings,13488.45,6.24,Active
A204161,C103220,Salary,129969.06,5.46,Dormant
A204162,C103221,Savings,81255.02,4.48,Dormant
A204163,C103221,Savings,34260.57,4.82,Dormant
A204164,C103222,Savings,96186.28,3.73,Dormant
A204165,C103222,Savings,157166.92,2.7,Dormant
A204166,C103223,Salary,980.06,6.24,Active
A204167,C103223,Premium,92152.5,5.05,Active
A204168,C103224,Current,125059.62,5.24,Dormant
A204169,C103224,Current,273312.93,3.38,Dormant
A204170,C103225,Salary,99052.15,4.2,Dormant
A204171,C103226,Current,421113.05,5.81,Active
A204172,C103226,Savings,394882.74,4.02,Active
A204173,C103227,Savings,268040.83,5.55,Dormant
A204174,C103227,Savings,230502.03,6.39,Active
A204175,C103228,Premium,53677.63,2.65,Active
A204176,C103228,Premium,14438.4,4.88,Active
A204177,C103229,Savings,136516.4,5.63,Dormant
A204178,C103230,Salary,89101.48,4.19,Dormant
A204179,C103230,Savings,179862.48,5.68,Active
A204180,C103231,Savings,154030.04,3.47,Dormant
A204181,C103232,Current,21875.46,4.43,Active
A204182,C103233,Savings,213443.37,4.52,Active
A204183,C103234,Savings,45955.11,4.66,Dormant
A204184,C103234,Salary,32183.07,3.5,Dormant
A204185,C103235,Savings,89315.38,4.81,Active
A204186,C103236,Savings,3348.77,3.42,Active
A204187,C103237,Current,243475.42,4.9,Active
A204188,C103238,Savings,248666.38,2.75,Active
A204189,C103239,Savings,293069.13,3.07,Dormant
A204190,C103240,Current,42560.59,2.94,Dormant
A204191,C103240,Savings,173686.61,3.4,Active
A204192,C103241,Salary,29917.79,6.4,Active
A204193,C103241,Savings,207217.8,2.63,Active
A204194,C103242,Salary,26720.28,5.27,Active
A204195,C103243,Savings,181662.28,5.69,Active
A204196,C103244,Current,44339.85,5.07,Active
A204197,C103245,Salary,75103.31,4.26,Active
A204198,C103245,Savings,78740.64,5.48,Active
A204199,C103246,Savings,59570.6,4.47,Active
A204200,C103247,Savings,385522.7,4.61,Active
A204201,C103248,Savings,193142.18,5.41,Dormant
A204202,C103248,Salary,0.0,4.69,Dormant
A204203,C103249,Savings,249000.22,3.3,Active
A204204,C103250,Current,254978.45,4.18,Active
A204205,C103250,Salary,82967.55,4.15,Active
A204206,C103251,Savings,153693.54,5.61,Dormant
A204207,C103252,Savings,334355.92,4.52,Active
A204208,C103253,Savings,140933.44,2.7,Dormant
A204209,C103254,Premium,193988.0,6.26,Active
A204210,C103255,Savings,217148.28,3.42,Active
A204211,C103256,Savings,113756.86,5.31,Active
A204212,C103256,Salary,64249.06,3.41,Active
A204213,C103257,Savings,255723.91,3.81,Dormant
A204214,C103258,Salary,225111.51,5.74,Active
A204215,C103259,Savings,448570.59,4.52,Dormant
A204216,C103260,Savings,54544.58,4.12,Dormant
A204217,C103261,Savings,101247.63,5.62,Dormant
A204218,C103262,Premium,138715.79,2.88,Active
A204219,C103263,Savings,75343.95,5.56,Active
A204220,C103264,Savings,398489.76,5.86,Active
A204221,C103264,Salary,381088.64,3.3,Active
A204222,C103265,Savings,26292.17,4.5,Active
A204223,C103266,Current,0.0,4.11,Active
A204224,C103267,Savings,30667.74,3.11,Active
A204225,C103268,Salary,44878.38,4.47,Active
A204226,C103269,Savings,116670.84,2.99,Dormant
A204227,C103269,Savings,51479.03,4.69,Active
A204228,C103270,Current,130614.11,2.61,Active
A204229,C103271,Salary,69084.26,6.11,Active
A204230,C103272,Salary,82680.37,4.77,Active
A204231,C103272,Premium,30475.72,5.22,Active
A204232,C103273,Savings,240865.81,4.07,Active
A204233,C103274,Premium,0.0,3.45,Active
A204234,C103275,Salary,112783.22,4.82,Active
A204235,C103276,Savings,133631.05,4.86,Dormant
A204236,C103276,Savings,251326.49,6.34,Dormant
A204237,C103277,Savings,34271.7,4.57,Dormant
A204238,C103277,Savings,250317.3,2.6,Dormant
A204239,C103278,Savings,0.0,5.14,Active
A204240,C103279,Savings,175118.38,3.54,Active
A204241,C103280,Savings,21860.23,2.57,Active
A204242,C103281,Salary,400914.08,5.08,Active
A204243,C103282,Premium,0.0,5.15,Active
A204244,C103283,Salary,244627.79,6.08,Active
A204245,C103283,Savings,322647.09,4.89,Active
A204246,C103284,Savings,256272.03,4.52,Active
A204247,C103285,Savings,226105.14,4.47,Dormant
A204248,C103286,Salary,189880.35,3.29,Active
A204249,C103287,Premium,26376.34,4.47,Active
A204250,C103287,Savings,7589.68,4.79,Dormant
A204251,C103288,Savings,115058.03,3.85,Active
A204252,C103289,Premium,69529.75,4.69,Active
A204253,C103289,Current,206636.92,5.69,Active
A204254,C103290,Savings,234828.17,3.92,Active
A204255,C103291,Savings,3316.74,5.3,Active
A204256,C103292,Savings,321962.31,5.65,Active
A204257,C103292,Savings,162520.69,3.91,Active
A204258,C103293,Premium,166879.77,4.07,Active
A204259,C103294,Premium,157263.39,4.16,Active
A204260,C103295,Savings,214070.48,6.07,Active
A204261,C103296,Savings,145872.17,5.12,Active
A204262,C103297,Savings,133216.33,3.08,Active
A204263,C103298,Savings,382301.76,4.35,Active
A204264,C103299,Savings,121524.08,2.96,Dormant
A204265,C103300,Savings,263662.69,4.41,Active
A204266,C103300,Savings,425437.45,3.29,Active
A204267,C103301,Savings,129684.12,4.61,Active
A204268,C103302,Salary,194592.55,6.35,Active
A204269,C103302,Current,146228.52,3.57,Active
A204270,C103303,Savings,18863.93,3.06,Active
A204271,C103304,Salary,155019.62,3.62,Dormant
A204272,C103304,Savings,113817.38,4.8,Active
A204273,C103305,Salary,130151.59,5.4,Active
A204274,C103305,Savings,268302.73,4.21,Active
A204275,C103306,Savings,138599.08,5.84,Active
A204276,C103307,Savings,184237.22,2.99,Active
A204277,C103308,Savings,144287.69,3.13,Active
A204278,C103309,Salary,52616.01,5.27,Active
A204279,C103309,Salary,64341.42,4.19,Active
A204280,C103310,Premium,13528.88,2.5,Active
A204281,C103311,Salary,280685.77,6.23,Active
A204282,C103312,Savings,277305.6,3.05,Active
A204283,C103313,Savings,59816.71,4.2,Active
A204284,C103314,Salary,180582.82,4.28,Dormant
A204285,C103315,Current,183882.82,2.76,Active
A204286,C103315,Current,131451.7,4.8,Active
A204287,C103316,Savings,91319.29,5.84,Dormant
A204288,C103317,Savings,9028.46,2.91,Active
A204289,C103317,Savings,20917.55,2.77,Active
A204290,C103318,Premium,118402.74,5.77,Active
A204291,C103319,Savings,147134.69,6.32,Active
A204292,C103320,Salary,231792.64,4.16,Active
A204293,C103320,Savings,214634.62,5.31,Active
A204294,C103321,Salary,165128.04,4.64,Active
A204295,C103322,Savings,0.0,5.68,Dormant
A204296,C103323,Savings,14212.6,4.82,Dormant
A204297,C103324,Salary,54833.41,6.12,Active
A204298,C103324,Savings,20634.22,5.82,Active
A204299,C103325,Savings,94564.1,3.95,Active
A204300,C103326,Savings,56907.54,6.11,Active
A204301,C103327,Premium,66315.81,5.14,Active
A204302,C103328,Savings,49023.52,5.08,Dormant
A204303,C103329,Salary,261398.82,3.39,Dormant
A204304,C103330,Savings,109167.62,2.55,Active
A204305,C103330,Premium,201108.11,4.38,Dormant
A204306,C103331,Salary,56291.89,2.86,Active
A204307,C103332,Savings,97162.88,3.48,Active
A204308,C103332,Savings,110771.69,5.15,Dormant
A204309,C103333,Premium,83038.07,3.62,Dormant
A204310,C103333,Premium,234659.92,5.58,Active
A204311,C103334,Current,50294.52,2.9,Dormant
A204312,C103334,Savings,21785.55,4.66,Dormant
A204313,C103335,Current,155593.17,4.81,Active
A204314,C103336,Premium,130004.57,5.3,Active
A204315,C103336,Salary,35534.09,4.12,Active
A204316,C103337,Salary,22778.88,5.07,Active
A204317,C103338,Savings,365851.77,3.36,Active
A204318,C103339,Savings,294977.28,6.19,Active
A204319,C103340,Savings,334076.9,2.83,Active
A204320,C103341,Salary,0.0,2.9,Active
A204321,C103341,Salary,66979.81,3.86,Active
A204322,C103342,Salary,101904.02,3.3,Active
A204323,C103343,Savings,225897.07,4.96,Active
A204324,C103344,Savings,29083.72,4.41,Dormant
A204325,C103345,Salary,206330.81,5.34,Active
A204326,C103346,Salary,93487.91,5.97,Active
A204327,C103346,Salary,192966.22,3.34,Active
A204328,C103347,Savings,82908.92,2.6,Active
A204329,C103348,Savings,31779.89,3.42,Active
A204330,C103349,Savings,233056.71,4.7,Dormant
A204331,C103350,Salary,34628.46,2.84,Active
A204332,C103350,Savings,31544.11,3.19,Active
A204333,C103351,Savings,87999.79,4.12,Active
A204334,C103351,Salary,34077.25,6.47,Active
A204335,C103352,Savings,62350.73,2.87,Dormant
A204336,C103353,Savings,379525.61,4.29,Active
A204337,C103354,Current,224986.43,3.86,Active
A204338,C103354,Savings,262541.52,3.85,Active
A204339,C103355,Salary,37871.91,4.22,Dormant
A204340,C103356,Salary,61339.53,4.43,Active
A204341,C103357,Savings,5728.33,3.2,Active
A204342,C103358,Savings,10743.36,4.0,Active
A204343,C103359,Savings,66312.24,2.96,Active
A204344,C103360,Premium,252471.22,2.87,Active
A204345,C103361,Savings,20375.25,3.96,Dormant
A204346,C103362,Savings,27940.05,4.97,Active
A204347,C103363,Savings,106313.11,3.35,Active
A204348,C103364,Savings,165753.59,4.23,Active
A204349,C103364,Savings,181346.41,5.64,Active
A204350,C103365,Current,124220.03,5.7,Active
A204351,C103366,Salary,0.0,6.15,Active
A204352,C103366,Savings,56630.82,3.47,Active
A204353,C103367,Savings,205825.32,6.34,Dormant
A204354,C103368,Savings,89114.0,4.48,Active
A204355,C103368,Savings,201037.0,4.31,Active
A204356,C103369,Salary,133633.58,5.35,Dormant
A204357,C103370,Salary,240769.41,4.12,Dormant
A204358,C103371,Savings,211376.9,5.28,Active
A204359,C103372,Savings,105229.92,2.58,Active
A204360,C103373,Premium,331444.32,4.06,Active
A204361,C103373,Salary,84225.49,5.31,Active
A204362,C103374,Savings,139099.07,2.76,Dormant
A204363,C103374,Savings,121252.52,4.85,Dormant
A204364,C103375,Current,281047.56,5.89,Active
A204365,C103375,Premium,180967.89,3.79,Dormant
A204366,C103376,Premium,161914.76,2.78,Active
A204367,C103377,Savings,68148.27,2.92,Active
A204368,C103377,Salary,169186.45,5.4,Dormant
A204369,C103378,Savings,50402.33,6.45,Active
A204370,C103378,Savings,178224.96,4.93,Active
A204371,C103379,Savings,110311.97,3.3,Dormant
A204372,C103380,Savings,169243.61,4.71,Dormant
A204373,C103380,Current,222869.85,3.18,Active
A204374,C103381,Savings,0.0,5.56,Active
A204375,C103381,Premium,145639.27,5.95,Active
A204376,C103382,Salary,37007.72,2.94,Active
A204377,C103383,Savings,166796.67,6.45,Dormant
A204378,C103384,Savings,0.0,3.24,Active
A204379,C103385,Premium,24859.0,4.84,Active
A204380,C103386,Premium,139831.53,3.09,Active
A204381,C103387,Savings,62360.08,4.52,Dormant
A204382,C103388,Savings,129774.61,5.01,Active
A204383,C103389,Salary,222996.65,2.66,Dormant
A204384,C103390,Savings,139628.39,3.36,Dormant
A204385,C103391,Savings,148624.04,5.11,Active
A204386,C103392,Savings,126743.82,5.58,Dormant
A204387,C103393,Savings,172620.23,5.45,Dormant
A204388,C103394,Salary,81599.11,2.95,Active
A204389,C103395,Savings,164266.28,4.93,Dormant
A204390,C103395,Premium,293183.09,6.07,Active
A204391,C103396,Savings,247215.12,5.38,Active
A204392,C103397,Savings,2406.44,5.2,Active
A204393,C103397,Savings,104926.81,4.43,Dormant
A204394,C103398,Savings,55946.14,2.6,Active
A204395,C103399,Salary,106616.51,4.79,Active
A204396,C103400,Premium,296569.49,5.87,Dormant
A204397,C103401,Premium,165130.15,5.32,Active
A204398,C103401,Savings,145823.49,6.08,Active
A204399,C103402,Savings,399529.2,4.91,Dormant
A204400,C103403,Savings,147578.14,2.78,Active
A204401,C103404,Premium,25974.36,4.98,Dormant
A204402,C103405,Premium,85517.96,5.22,Dormant
A204403,C103405,Savings,134684.39,5.17,Active
A204404,C103406,Salary,388473.7,5.85,Active
A204405,C103407,Savings,229982.97,2.96,Dormant
A204406,C103407,Savings,162617.45,3.62,Active
A204407,C103408,Savings,29660.9,3.08,Dormant
A204408,C103408,Premium,55653.79,6.49,Dormant
A204409,C103409,Premium,96658.56,5.96,Active
A204410,C103410,Savings,133682.36,3.54,Active
A204411,C103411,Salary,121290.02,6.27,Active
A204412,C103411,Savings,223123.37,2.65,Active
A204413,C103412,Savings,168315.91,3.89,Active
A204414,C103412,Savings,150515.15,3.59,Active
A204415,C103413,Premium,214947.24,6.22,Active
A204416,C103413,Savings,285780.06,4.34,Active
A204417,C103414,Premium,189173.63,3.35,Active
A204418,C103415,Savings,170736.14,2.83,Active
A204419,C103416,Savings,33070.86,5.58,Active
A204420,C103417,Current,45942.4,5.04,Dormant
A204421,C103418,Salary,112888.68,6.23,Active
A204422,C103418,Savings,24309.11,3.96,Dormant
A204423,C103419,Savings,72762.04,5.07,Active
A204424,C103419,Premium,46410.76,6.34,Active
A204425,C103420,Premium,198987.29,2.85,Active
A204426,C103421,Salary,87027.01,2.91,Active
A204427,C103422,Savings,175638.95,5.38,Active
A204428,C103423,Savings,70301.81,4.78,Dormant
A204429,C103423,Current,37957.1,3.82,Active
A204430,C103424,Premium,70558.89,6.07,Active
A204431,C103424,Savings,187271.57,4.81,Dormant
A204432,C103425,Premium,89030.67,3.3,Active
A204433,C103425,Savings,136151.37,4.36,Active
A204434,C103426,Savings,222212.2,2.93,Active
A204435,C103426,Current,225070.62,4.92,Active
A204436,C103427,Salary,370533.12,5.71,Active
A204437,C103428,Savings,189545.94,2.85,Active
A204438,C103428,Savings,129425.09,6.25,Active
A204439,C103429,Current,0.0,4.03,Dormant
A204440,C103430,Savings,92614.05,2.64,Active
A204441,C103431,Savings,152722.51,3.53,Active
A204442,C103432,Savings,21794.23,3.93,Dormant
A204443,C103432,Savings,41537.03,4.3,Active
A204444,C103433,Salary,36428.24,2.96,Active
A204445,C103433,Savings,168907.62,6.22,Active
A204446,C103434,Savings,170301.24,3.55,Active
A204447,C103435,Current,205513.07,4.1,Active
A204448,C103435,Savings,44871.45,3.65,Active
A204449,C103436,Salary,333224.88,3.19,Active
A204450,C103437,Savings,218135.09,4.87,Dormant
A204451,C103438,Savings,89363.85,3.15,Active
A204452,C103439,Premium,64228.98,5.4,Active
A204453,C103439,Current,277639.31,6.45,Active
A204454,C103440,Savings,11798.15,6.4,Active
A204455,C103440,Salary,167555.69,3.62,Active
A204456,C103441,Current,94755.97,4.03,Active
A204457,C103441,Premium,81501.59,3.22,Active
A204458,C103442,Premium,53311.07,5.78,Dormant
A204459,C103443,Salary,212095.64,4.6,Dormant
A204460,C103444,Savings,90220.38,5.86,Active
A204461,C103445,Savings,318046.36,2.54,Active
A204462,C103446,Savings,53314.12,4.14,Active
A204463,C103447,Savings,415999.65,4.7,Active
A204464,C103447,Current,188217.14,3.32,Dormant
A204465,C103448,Savings,161251.59,5.2,Active
A204466,C103448,Savings,157927.06,4.0,Active
A204467,C103449,Savings,154539.86,2.95,Dormant
A204468,C103450,Current,24974.27,3.87,Active
A204469,C103451,Savings,97289.37,5.54,Dormant
A204470,C103451,Salary,146493.62,4.98,Active
A204471,C103452,Savings,101892.45,6.32,Active
A204472,C103453,Savings,51398.06,6.17,Dormant
A204473,C103454,Premium,179131.79,5.23,Dormant
A204474,C103455,Premium,140979.36,5.31,Dormant
A204475,C103456,Savings,207534.47,6.46,Active
A204476,C103457,Savings,29233.59,4.72,Active
A204477,C103458,Savings,274296.21,3.87,Active
A204478,C103458,Savings,389409.75,4.78,Active
A204479,C103459,Savings,113904.91,2.7,Active
A204480,C103460,Savings,19643.66,4.96,Active
A204481,C103461,Premium,34955.27,6.12,Active
A204482,C103461,Salary,76074.78,5.07,Active
A204483,C103462,Current,430972.76,3.36,Active
A204484,C103463,Premium,44008.71,5.73,Active
A204485,C103463,Current,130103.91,2.63,Active
A204486,C103464,Salary,161300.01,4.67,Active
A204487,C103465,Savings,206904.94,4.15,Active
A204488,C103466,Salary,150364.27,3.92,Active
A204489,C103467,Savings,111870.26,3.93,Active
A204490,C103467,Savings,453427.64,3.97,Active
A204491,C103468,Premium,113828.26,4.11,Active
A204492,C103469,Savings,111622.29,3.63,Active
A204493,C103470,Premium,188127.93,3.15,Active
A204494,C103470,Savings,195417.76,2.72,Dormant
A204495,C103471,Salary,236245.86,3.91,Active
A204496,C103472,Savings,172036.64,2.66,Active
A204497,C103473,Savings,147097.04,6.37,Dormant
A204498,C103474,Salary,291723.73,2.59,Active
A204499,C103475,Savings,53465.29,5.91,Active
A204500,C103476,Salary,16104.56,5.23,Active
A204501,C103477,Savings,452071.03,3.87,Dormant
A204502,C103478,Salary,222878.8,3.96,Active
A204503,C103479,Savings,83821.74,5.12,Active
A204504,C103480,Salary,34640.28,3.16,Active
A204505,C103480,Savings,335282.95,4.41,Active
A204506,C103481,Savings,92883.7,5.94,Dormant
A204507,C103482,Premium,145011.53,3.28,Active
A204508,C103482,Savings,109913.35,5.89,Dormant
A204509,C103483,Savings,0.0,5.99,Active
A204510,C103483,Savings,221967.85,4.93,Active
A204511,C103484,Savings,188467.92,4.18,Active
A204512,C103484,Savings,251262.91,4.61,Dormant
A204513,C103485,Salary,168213.83,3.05,Dormant
A204514,C103486,Premium,61923.32,3.32,Active
A204515,C103487,Premium,83143.17,5.51,Active
A204516,C103488,Savings,148040.82,6.3,Active
A204517,C103489,Savings,480171.35,4.79,Active
A204518,C103490,Savings,125275.13,5.37,Active
A204519,C103491,Savings,71359.71,3.01,Active
A204520,C103492,Savings,80791.43,3.55,Dormant
A204521,C103493,Savings,84112.05,6.41,Active
A204522,C103493,Savings,37858.23,3.93,Active
A204523,C103494,Current,204194.75,4.84,Dormant
A204524,C103494,Salary,178614.43,2.71,Active
A204525,C103495,Current,251186.39,3.48,Active
A204526,C103496,Savings,164418.29,5.04,Active
A204527,C103497,Savings,28159.6,5.05,Dormant
A204528,C103498,Salary,245048.76,2.91,Active
A204529,C103498,Savings,52501.59,5.99,Dormant
A204530,C103499,Savings,20865.1,2.99,Active
A204531,C103500,Salary,13638.86,3.32,Active
A204532,C103501,Savings,239960.55,3.68,Active
A204533,C103502,Savings,160950.89,3.9,Dormant
A204534,C103503,Savings,152657.43,5.4,Dormant
A204535,C103503,Savings,159595.38,5.19,Active
A204536,C103504,Savings,291488.01,5.14,Dormant
A204537,C103504,Savings,238450.47,4.52,Active
A204538,C103505,Salary,122612.91,2.62,Active
A204539,C103506,Savings,146328.97,4.98,Active
A204540,C103507,Savings,54230.9,4.34,Active
A204541,C103508,Savings,26212.43,6.07,Dormant
A204542,C103509,Savings,46138.08,6.28,Active
A204543,C103510,Savings,214751.36,5.74,Active
A204544,C103510,Savings,125066.22,5.1,Active
A204545,C103511,Savings,97779.17,5.35,Dormant
A204546,C103512,Savings,287370.34,4.79,Dormant
A204547,C103513,Current,173095.56,2.85,Active
A204548,C103513,Savings,118370.63,4.77,Active
A204549,C103514,Current,88104.85,4.89,Active
A204550,C103514,Salary,0.0,5.24,Active
A204551,C103515,Savings,143716.14,4.38,Active
A204552,C103516,Salary,15808.52,2.86,Active
A204553,C103516,Savings,6667.85,3.9,Dormant
A204554,C103517,Savings,109567.41,3.19,Active
A204555,C103518,Savings,284077.11,5.45,Dormant
A204556,C103518,Savings,252524.39,4.68,Active
A204557,C103519,Savings,221820.39,5.23,Dormant
A204558,C103520,Salary,126168.15,3.97,Dormant
A204559,C103520,Savings,212246.35,3.31,Active
A204560,C103521,Savings,85969.51,6.37,Active
A204561,C103522,Salary,74562.18,5.48,Active
A204562,C103523,Savings,17269.03,3.53,Dormant
A204563,C103523,Savings,93706.22,4.47,Active
A204564,C103524,Savings,125112.61,5.93,Dormant
A204565,C103525,Salary,231437.57,2.59,Dormant
A204566,C103526,Savings,153315.88,5.08,Dormant
A204567,C103527,Savings,130174.96,2.57,Dormant
A204568,C103527,Savings,200153.43,4.63,Active
A204569,C103528,Savings,111400.09,4.93,Dormant
A204570,C103529,Savings,100728.48,2.95,Active
A204571,C103529,Premium,82122.38,4.23,Dormant
A204572,C103530,Salary,216483.88,5.89,Dormant
A204573,C103530,Premium,30436.89,6.36,Dormant
A204574,C103531,Savings,230789.11,4.45,Active
A204575,C103531,Premium,225137.03,3.22,Active
A204576,C103532,Savings,145087.6,3.07,Active
A204577,C103533,Current,64205.72,3.25,Active
A204578,C103534,Salary,86067.18,3.31,Active
A204579,C103535,Premium,40802.46,5.31,Active
A204580,C103536,Current,118112.16,6.22,Active
A204581,C103537,Salary,26846.66,5.95,Dormant
A204582,C103538,Savings,1013.58,6.32,Active
A204583,C103539,Savings,48291.86,6.44,Active
A204584,C103540,Premium,266732.78,4.67,Active
A204585,C103540,Savings,127881.77,3.11,Active
A204586,C103541,Premium,34346.07,4.1,Active
A204587,C103541,Premium,15784.77,6.2,Active
A204588,C103542,Savings,152245.22,2.57,Active
A204589,C103543,Savings,18889.7,6.13,Dormant
A204590,C103544,Premium,110965.42,6.36,Active
A204591,C103544,Salary,108963.0,6.04,Active
A204592,C103545,Savings,271367.56,4.6,Dormant
A204593,C103546,Savings,215794.83,2.63,Active
A204594,C103547,Savings,258059.64,6.21,Active
A204595,C103548,Premium,135018.27,3.95,Active
A204596,C103549,Savings,234445.28,2.53,Active
A204597,C103550,Savings,32247.57,3.64,Active
A204598,C103550,Savings,3718.99,4.34,Active
A204599,C103551,Salary,437.07,4.99,Dormant
A204600,C103551,Premium,121610.29,4.26,Dormant
A204601,C103552,Savings,175354.31,5.02,Active
A204602,C103553,Salary,260039.05,5.64,Dormant
A204603,C103554,Premium,103564.2,4.07,Active
A204604,C103555,Salary,62358.48,5.82,Active
A204605,C103556,Current,167889.93,4.74,Active
A204606,C103557,Savings,182400.45,5.39,Active
A204607,C103557,Salary,151490.45,3.14,Active
A204608,C103558,Salary,86106.36,4.73,Active
A204609,C103559,Savings,24236.86,4.94,Dormant
A204610,C103560,Premium,54775.44,5.99,Active
A204611,C103560,Savings,129777.27,5.04,Active
A204612,C103561,Savings,59111.47,5.43,Active
A204613,C103562,Current,13610.97,4.2,Active
A204614,C103563,Savings,260931.08,3.75,Active
A204615,C103563,Savings,127564.26,3.66,Active
A204616,C103564,Salary,139969.36,5.17,Dormant
A204617,C103565,Savings,113859.53,3.74,Active
A204618,C103566,Current,34774.27,2.78,Dormant
A204619,C103567,Salary,396564.47,5.43,Dormant
A204620,C103568,Savings,446066.63,3.85,Active
A204621,C103569,Savings,64160.4,4.25,Dormant
A204622,C103569,Premium,38735.07,2.69,Active
A204623,C103570,Savings,187257.8,6.47,Active
A204624,C103571,Premium,25339.4,3.05,Active
A204625,C103572,Savings,165792.96,4.8,Active
A204626,C103573,Salary,123954.79,4.2,Active
A204627,C103574,Savings,194684.59,5.54,Active
A204628,C103575,Savings,128188.06,3.36,Dormant
A204629,C103575,Savings,107433.47,3.85,Active
A204630,C103576,Savings,221251.21,5.09,Active
A204631,C103576,Savings,301115.5,5.64,Active
A204632,C103577,Salary,248447.8,3.69,Active
A204633,C103577,Savings,119377.9,4.01,Active
A204634,C103578,Savings,217170.83,3.3,Active
A204635,C103579,Salary,145520.89,3.08,Dormant
A204636,C103580,Savings,166332.74,2.91,Dormant
A204637,C103581,Salary,306774.76,2.76,Active
A204638,C103582,Premium,78186.13,4.08,Dormant
A204639,C103582,Salary,97692.42,3.76,Dormant
A204640,C103583,Savings,122937.58,3.75,Active
A204641,C103584,Savings,0.0,3.36,Active
A204642,C103585,Current,79790.66,5.16,Active
A204643,C103586,Savings,84182.86,3.73,Active
A204644,C103586,Current,60585.06,3.97,Active
A204645,C103587,Current,193579.79,3.99,Active
A204646,C103588,Salary,79356.17,5.47,Active
A204647,C103589,Savings,308814.46,5.56,Active
A204648,C103590,Savings,141169.76,6.36,Active
A204649,C103591,Premium,21438.2,2.9,Active
A204650,C103592,Premium,20962.35,5.32,Active
A204651,C103593,Premium,68428.82,5.24,Active
A204652,C103594,Current,154344.87,2.77,Active
A204653,C103595,Savings,147117.73,4.05,Active
A204654,C103596,Salary,179727.67,4.06,Active
A204655,C103597,Savings,53207.47,3.24,Dormant
A204656,C103598,Savings,198800.51,3.49,Active
A204657,C103599,Current,54487.04,4.18,Active
A204658,C103600,Savings,239658.84,3.22,Active
A204659,C103601,Savings,206107.68,5.06,Dormant
A204660,C103602,Savings,50215.92,6.03,Dormant
A204661,C103603,Premium,41874.51,5.67,Active
A204662,C103604,Premium,88011.73,3.24,Dormant
A204663,C103605,Premium,168422.97,3.55,Active
A204664,C103606,Savings,29120.76,3.78,Active
A204665,C103607,Savings,200153.88,4.4,Dormant
A204666,C103608,Salary,121413.54,5.93,Active
A204667,C103609,Salary,186873.08,2.66,Dormant
A204668,C103609,Premium,60334.66,5.14,Dormant
A204669,C103610,Savings,130884.17,5.4,Active
A204670,C103610,Savings,315505.02,4.63,Active
A204671,C103611,Salary,141688.25,5.72,Active
A204672,C103611,Savings,89634.15,3.33,Active
A204673,C103612,Savings,99445.61,3.48,Dormant
A204674,C103612,Premium,65999.14,3.99,Active
A204675,C103613,Current,185046.99,6.2,Active
A204676,C103614,Savings,239292.78,2.85,Active
A204677,C103615,Savings,175170.77,3.52,Dormant
A204678,C103616,Salary,197637.3,2.82,Active
A204679,C103617,Savings,378965.73,5.27,Active
A204680,C103618,Salary,270242.17,4.22,Dormant
A204681,C103619,Savings,205948.62,3.05,Active
A204682,C103620,Premium,33980.77,5.47,Dormant
A204683,C103620,Savings,88679.42,4.81,Active
A204684,C103621,Savings,240854.63,3.77,Active
A204685,C103622,Savings,70295.16,5.27,Active
A204686,C103623,Savings,365822.68,3.89,Active
A204687,C103623,Savings,305308.05,4.74,Active
A204688,C103624,Savings,188942.32,4.18,Dormant
A204689,C103625,Savings,88501.74,3.69,Active
A204690,C103626,Savings,334565.58,3.58,Active
A204691,C103627,Savings,36127.11,3.79,Active
A204692,C103628,Savings,282059.8,5.48,Dormant
A204693,C103628,Salary,302657.22,5.81,Active
A204694,C103629,Salary,54117.51,5.6,Active
A204695,C103630,Savings,80375.87,5.95,Active
A204696,C103631,Savings,40349.6,5.43,Active
A204697,C103632,Savings,112932.48,5.13,Active
A204698,C103633,Savings,121258.62,3.03,Active
A204699,C103634,Savings,167642.46,4.69,Active
A204700,C103634,Savings,83934.63,3.18,Active
A204701,C103635,Savings,171787.46,4.81,Dormant
A204702,C103636,Salary,195019.34,6.25,Dormant
A204703,C103636,Savings,121530.69,4.52,Dormant
A204704,C103637,Current,64018.84,4.86,Active
A204705,C103638,Premium,232634.47,2.53,Active
A204706,C103639,Premium,221350.14,2.79,Active
A204707,C103640,Savings,13675.43,5.21,Dormant
A204708,C103641,Savings,68898.02,3.72,Active
A204709,C103642,Premium,30259.79,4.75,Active
A204710,C103643,Salary,221916.78,5.78,Active
A204711,C103644,Salary,129696.52,3.81,Active
A204712,C103645,Savings,140901.83,6.32,Active
A204713,C103645,Savings,254702.07,3.78,Active
A204714,C103646,Savings,457082.19,5.36,Active
A204715,C103647,Savings,157726.83,5.55,Active
A204716,C103648,Current,106492.87,4.3,Active
A204717,C103649,Salary,17196.1,6.03,Active
A204718,C103649,Savings,196694.38,3.79,Active
A204719,C103650,Savings,31225.16,5.24,Active
A204720,C103651,Salary,39296.2,4.36,Active
A204721,C103652,Savings,52248.12,3.31,Active
A204722,C103653,Premium,34718.92,4.15,Active
A204723,C103654,Savings,39257.45,3.14,Active
A204724,C103655,Savings,265846.74,6.22,Active
A204725,C103655,Salary,361405.9,5.37,Dormant
A204726,C103656,Savings,60786.12,5.59,Active
A204727,C103656,Savings,197947.4,5.7,Active
A204728,C103657,Premium,231904.81,5.79,Active
A204729,C103657,Savings,91279.73,3.32,Active
A204730,C103658,Savings,82362.86,6.18,Active
A204731,C103659,Savings,210584.53,2.89,Active
A204732,C103660,Savings,192733.15,3.09,Dormant
A204733,C103660,Savings,211746.34,5.46,Active
A204734,C103661,Current,107293.97,5.66,Active
A204735,C103661,Savings,180011.89,5.58,Dormant
A204736,C103662,Savings,61624.87,3.83,Dormant
A204737,C103662,Current,197664.14,3.56,Active
A204738,C103663,Salary,68538.34,4.23,Active
A204739,C103664,Salary,185548.17,3.24,Active
A204740,C103664,Current,46896.51,3.35,Active
A204741,C103665,Salary,288647.18,6.24,Active
A204742,C103666,Current,30157.95,5.24,Active
A204743,C103667,Savings,384753.06,5.39,Active
A204744,C103668,Savings,386177.3,2.78,Active
A204745,C103669,Salary,40120.84,4.49,Active
A204746,C103670,Salary,319704.55,6.05,Dormant
A204747,C103670,Current,0.0,5.83,Active
A204748,C103671,Savings,150689.99,2.58,Active
A204749,C103671,Savings,73461.36,5.97,Active
A204750,C103672,Premium,179080.1,2.61,Dormant
A204751,C103673,Current,297348.21,3.41,Dormant
A204752,C103673,Savings,300113.62,4.29,Active
A204753,C103674,Salary,119253.96,5.67,Dormant
A204754,C103675,Savings,161195.92,4.32,Dormant
A204755,C103675,Savings,346326.87,3.85,Active
A204756,C103676,Savings,207241.82,5.7,Dormant
A204757,C103677,Current,221891.85,2.76,Dormant
A204758,C103677,Premium,159751.7,6.15,Active
A204759,C103678,Current,132135.69,4.83,Active
A204760,C103678,Savings,188715.53,3.83,Dormant
A204761,C103679,Savings,125563.42,3.12,Dormant
A204762,C103680,Savings,186427.34,4.02,Active
A204763,C103681,Savings,106206.99,5.87,Active
A204764,C103682,Savings,61766.46,4.81,Active
A204765,C103683,Savings,18711.91,4.0,Active
A204766,C103684,Savings,30727.75,6.42,Active
A204767,C103685,Current,80268.97,4.45,Active
A204768,C103686,Salary,105524.25,3.01,Active
A204769,C103687,Salary,208485.52,4.31,Dormant
A204770,C103688,Savings,81368.07,3.56,Active
A204771,C103688,Savings,22415.5,5.9,Dormant
A204772,C103689,Savings,81279.52,6.22,Dormant
A204773,C103690,Salary,184429.95,5.85,Active
A204774,C103690,Savings,176147.39,3.8,Active
A204775,C103691,Savings,194598.86,3.11,Active
A204776,C103692,Savings,119715.74,2.75,Active
A204777,C103693,Savings,227809.74,5.16,Active
A204778,C103693,Savings,130452.79,5.12,Active
A204779,C103694,Savings,235494.58,5.12,Active
A204780,C103695,Salary,44179.88,3.76,Active
A204781,C103696,Savings,52045.2,4.97,Active
A204782,C103697,Savings,357925.45,3.32,Active
A204783,C103698,Savings,183357.36,4.1,Active
A204784,C103698,Salary,158454.31,2.59,Active
A204785,C103699,Savings,52118.58,4.28,Active
A204786,C103699,Savings,56750.01,6.04,Active
A204787,C103700,Salary,179062.09,5.65,Active
A204788,C103701,Savings,184104.51,5.84,Active
A204789,C103702,Savings,83093.46,5.61,Dormant
A204790,C103703,Premium,35748.0,2.66,Dormant
A204791,C103704,Salary,264165.34,5.71,Dormant
A204792,C103704,Savings,285440.92,4.2,Active
A204793,C103705,Savings,219886.47,2.55,Active
A204794,C103706,Savings,165066.83,3.86,Active
A204795,C103707,Savings,0.0,5.67,Active
A204796,C103707,Premium,88853.6,3.66,Active
A204797,C103708,Savings,120011.8,4.46,Active
A204798,C103708,Savings,56337.07,3.49,Active
A204799,C103709,Savings,14679.44,4.3,Dormant
A204800,C103710,Salary,268082.02,6.12,Active
A204801,C103711,Salary,109020.32,6.23,Active
A204802,C103711,Savings,225624.27,2.83,Dormant
A204803,C103712,Savings,64598.34,5.47,Dormant
A204804,C103712,Salary,1321.33,3.58,Active
A204805,C103713,Savings,199974.3,5.38,Dormant
A204806,C103714,Premium,130815.48,3.39,Active
A204807,C103714,Premium,275801.0,5.7,Dormant
A204808,C103715,Savings,147639.62,5.84,Active
A204809,C103716,Savings,165107.21,4.35,Active
A204810,C103717,Salary,211263.99,5.23,Dormant
A204811,C103718,Premium,183347.62,6.35,Dormant
A204812,C103719,Salary,85389.41,2.77,Active
A204813,C103719,Premium,112787.78,5.11,Active
A204814,C103720,Savings,67066.19,5.34,Dormant
A204815,C103721,Savings,79431.88,5.36,Active
A204816,C103722,Savings,159457.84,6.27,Active
A204817,C103722,Savings,128920.03,5.31,Active
A204818,C103723,Savings,172130.21,3.51,Active
A204819,C103724,Savings,268288.49,5.14,Active
A204820,C103725,Savings,27694.39,4.34,Active
A204821,C103726,Savings,179464.94,4.3,Active
A204822,C103727,Salary,318238.52,2.61,Active
A204823,C103728,Savings,243808.94,2.6,Dormant
A204824,C103728,Salary,312252.17,6.34,Active
A204825,C103729,Savings,70122.81,6.33,Active
A204826,C103730,Savings,129126.1,6.14,Active
A204827,C103731,Savings,354389.22,3.18,Active
A204828,C103732,Savings,98174.51,2.58,Active
A204829,C103733,Savings,311296.84,2.57,Active
A204830,C103733,Savings,22115.06,5.94,Dormant
A204831,C103734,Savings,224472.03,6.1,Active
A204832,C103735,Savings,104890.55,6.37,Dormant
A204833,C103736,Salary,170603.14,4.71,Active
A204834,C103736,Savings,58724.28,5.99,Dormant
A204835,C103737,Savings,58759.21,3.79,Active
A204836,C103737,Savings,214607.81,2.77,Active
A204837,C103738,Savings,92808.55,2.66,Active
A204838,C103739,Savings,78779.73,6.34,Active
A204839,C103739,Premium,83554.13,3.09,Active
A204840,C103740,Salary,141411.18,4.82,Active
A204841,C103740,Savings,67127.22,2.66,Active
A204842,C103741,Savings,65054.95,3.69,Dormant
A204843,C103742,Savings,106615.01,4.45,Active
A204844,C103743,Salary,234619.03,4.95,Active
A204845,C103744,Salary,331974.39,4.16,Dormant
A204846,C103745,Current,364861.38,2.91,Active
A204847,C103746,Savings,117180.1,6.14,Active
A204848,C103746,Current,168152.97,5.29,Active
A204849,C103747,Savings,55717.64,2.64,Dormant
A204850,C103748,Savings,204249.61,4.38,Active
A204851,C103748,Savings,55602.67,3.74,Active
A204852,C103749,Savings,339159.05,6.45,Active
A204853,C103750,Premium,434585.83,5.28,Active
A204854,C103751,Savings,166564.73,4.22,Active
A204855,C103751,Savings,300238.74,5.08,Active
A204856,C103752,Current,235519.88,4.82,Active
A204857,C103753,Savings,147236.51,3.23,Active
A204858,C103754,Savings,70014.42,5.67,Active
A204859,C103755,Savings,166481.19,3.3,Dormant
A204860,C103755,Premium,277779.7,3.91,Active
A204861,C103756,Salary,102331.55,5.39,Dormant
A204862,C103757,Savings,151878.13,5.05,Active
A204863,C103758,Savings,220084.45,4.08,Active
A204864,C103759,Current,74002.68,4.32,Active
A204865,C103759,Savings,49704.95,6.05,Dormant
A204866,C103760,Savings,173498.7,2.92,Dormant
A204867,C103760,Savings,154054.83,5.07,Active
A204868,C103761,Salary,113223.28,2.94,Active
A204869,C103761,Salary,122112.83,6.23,Active
A204870,C103762,Premium,107486.63,6.22,Active
A204871,C103763,Savings,115335.35,6.49,Active
A204872,C103764,Savings,451024.09,5.7,Active
A204873,C103764,Savings,132041.24,4.29,Active
A204874,C103765,Savings,180851.07,3.56,Active
A204875,C103766,Salary,76282.71,5.55,Active
A204876,C103767,Savings,35166.17,5.65,Active
A204877,C103768,Savings,259557.7,5.48,Dormant
A204878,C103768,Premium,72812.39,3.97,Dormant
A204879,C103769,Savings,60767.93,5.12,Active
A204880,C103770,Savings,178137.22,3.83,Active
A204881,C103770,Savings,104198.69,3.71,Dormant
A204882,C103771,Savings,133170.76,4.52,Dormant
A204883,C103772,Premium,242946.63,5.73,Active
A204884,C103772,Savings,454036.47,2.57,Active
A204885,C103773,Savings,190123.05,4.61,Active
A204886,C103773,Savings,71984.01,4.89,Active
A204887,C103774,Salary,341436.15,2.7,Active
A204888,C103774,Savings,222393.49,5.99,Active
A204889,C103775,Savings,236312.03,3.97,Active
A204890,C103776,Salary,131719.71,5.72,Active
A204891,C103777,Salary,259966.91,5.32,Active
A204892,C103778,Current,29301.98,3.59,Dormant
A204893,C103779,Savings,244401.59,5.95,Dormant
A204894,C103780,Savings,234732.01,3.09,Dormant
A204895,C103781,Salary,19680.21,2.99,Active
A204896,C103782,Current,54505.22,2.81,Dormant
A204897,C103783,Salary,307975.2,3.46,Active
A204898,C103784,Savings,196874.09,5.89,Active
A204899,C103784,Savings,92866.56,6.22,Dormant
A204900,C103785,Premium,66609.41,3.93,Active
A204901,C103786,Salary,250466.59,5.38,Active
A204902,C103787,Current,147145.15,2.89,Active
A204903,C103787,Current,58453.99,5.79,Dormant
A204904,C103788,Current,105482.62,3.83,Active
A204905,C103789,Salary,199939.1,6.41,Active
A204906,C103790,Savings,15996.42,3.05,Active
A204907,C103791,Current,37963.42,5.7,Dormant
A204908,C103792,Premium,119756.55,2.65,Active
A204909,C103793,Salary,248038.33,4.54,Active
A204910,C103793,Savings,513881.15,5.06,Active
A204911,C103794,Premium,114507.89,4.28,Dormant
A204912,C103795,Savings,22647.16,4.92,Active
A204913,C103795,Salary,15082.04,4.47,Dormant
A204914,C103796,Savings,217593.05,5.43,Active
A204915,C103797,Savings,156256.08,3.06,Active
A204916,C103798,Current,217705.93,3.24,Active
A204917,C103799,Current,219572.92,4.9,Active
A204918,C103800,Savings,138520.91,6.08,Dormant
A204919,C103801,Salary,128478.19,5.83,Dormant
A204920,C103802,Savings,82063.12,5.59,Active
A204921,C103803,Savings,0.0,6.21,Dormant
A204922,C103803,Premium,174343.0,5.62,Active
A204923,C103804,Savings,26513.59,5.53,Active
A204924,C103804,Salary,152164.35,5.46,Dormant
A204925,C103805,Savings,468664.93,5.21,Active
A204926,C103805,Savings,105667.94,3.39,Active
A204927,C103806,Savings,144253.1,3.11,Active
A204928,C103806,Savings,141399.05,3.36,Active
A204929,C103807,Savings,67176.97,6.17,Active
A204930,C103807,Savings,68587.38,5.0,Active
A204931,C103808,Savings,19604.24,4.15,Dormant
A204932,C103809,Savings,54826.96,3.49,Active
A204933,C103810,Premium,50115.02,3.14,Active
A204934,C103810,Savings,0.0,3.34,Active
A204935,C103811,Savings,90816.53,3.61,Active
A204936,C103812,Premium,385750.81,2.59,Active
A204937,C103813,Savings,18753.98,5.15,Active
A204938,C103814,Savings,17580.1,6.19,Dormant
A204939,C103815,Savings,125791.65,2.54,Active
A204940,C103816,Salary,46420.47,4.36,Active
A204941,C103817,Savings,67400.26,2.53,Active
A204942,C103818,Savings,15325.31,6.31,Dormant
A204943,C103818,Savings,110682.84,5.78,Active
A204944,C103819,Savings,106737.98,4.06,Active
A204945,C103819,Salary,74235.09,3.64,Dormant
A204946,C103820,Salary,206905.29,6.02,Active
A204947,C103821,Current,105282.78,4.43,Active
A204948,C103822,Savings,121325.74,4.18,Active
A204949,C103823,Savings,178386.33,3.69,Active
A204950,C103824,Salary,3220.23,3.18,Active
A204951,C103825,Salary,54379.12,5.87,Dormant
A204952,C103825,Savings,0.0,3.84,Active
A204953,C103826,Savings,453514.16,5.64,Active
A204954,C103827,Salary,122231.53,2.7,Active
A204955,C103828,Salary,234724.99,6.45,Active
A204956,C103829,Savings,20678.32,2.78,Active
A204957,C103830,Savings,119655.29,3.39,Active
A204958,C103831,Savings,113825.38,3.65,Active
A204959,C103832,Savings,312080.49,5.07,Active
A204960,C103833,Salary,36854.93,3.23,Dormant
A204961,C103833,Current,240095.34,4.02,Dormant
A204962,C103834,Savings,155324.19,3.26,Dormant
A204963,C103835,Salary,145329.65,2.95,Active
A204964,C103836,Savings,263304.5,2.56,Active
A204965,C103836,Savings,202157.33,2.62,Dormant
A204966,C103837,Savings,399601.11,3.66,Active
A204967,C103837,Salary,465952.92,3.28,Active
A204968,C103838,Savings,55556.2,6.22,Dormant
A204969,C103839,Salary,65692.5,3.51,Active
A204970,C103840,Salary,106564.37,5.02,Dormant
A204971,C103841,Savings,11404.34,2.69,Active
A204972,C103842,Savings,102751.1,6.12,Dormant
A204973,C103843,Savings,308583.3,3.32,Active
A204974,C103844,Salary,155624.89,3.02,Active
A204975,C103845,Savings,87090.66,4.19,Active
A204976,C103846,Salary,149212.72,3.62,Active
A204977,C103847,Current,203320.55,4.68,Active
A204978,C103848,Savings,138772.01,3.59,Active
A204979,C103849,Savings,38414.28,4.74,Active
A204980,C103850,Savings,341207.47,5.84,Active
A204981,C103850,Salary,307132.32,3.85,Active
A204982,C103851,Salary,140286.99,4.23,Dormant
A204983,C103851,Savings,184777.85,6.12,Dormant
A204984,C103852,Savings,159550.72,5.39,Active
A204985,C103852,Salary,93069.18,6.18,Active
A204986,C103853,Salary,212031.39,2.6,Dormant
A204987,C103854,Premium,109853.87,3.81,Active
A204988,C103854,Salary,148841.21,3.67,Dormant
A204989,C103855,Salary,35637.74,2.83,Dormant
A204990,C103856,Savings,17546.51,2.6,Dormant
A204991,C103857,Current,79380.0,2.62,Dormant
A204992,C103857,Savings,22572.65,4.19,Dormant
A204993,C103858,Savings,111928.63,6.37,Active
A204994,C103859,Savings,46098.97,4.15,Active
A204995,C103859,Savings,44513.06,5.12,Active
A204996,C103860,Current,65419.18,3.46,Dormant
A204997,C103860,Savings,90584.81,6.31,Dormant
A204998,C103861,Current,31045.83,5.76,Active
A204999,C103862,Savings,65806.97,3.49,Dormant
A205000,C103863,Salary,106908.74,3.49,Active
A205001,C103864,Savings,171621.1,2.65,Active
A205002,C103865,Savings,168797.16,4.45,Active
A205003,C103866,Savings,37079.14,4.07,Dormant
A205004,C103866,Savings,28054.24,4.64,Active
A205005,C103867,Savings,151031.82,2.65,Dormant
A205006,C103868,Premium,141639.15,5.86,Active
A205007,C103869,Salary,93336.79,3.23,Active
A205008,C103869,Salary,257649.61,5.58,Active
A205009,C103870,Salary,195641.83,3.08,Active
A205010,C103871,Salary,19251.43,4.75,Active
A205011,C103872,Savings,132140.74,6.13,Active
A205012,C103873,Savings,105266.78,2.69,Active
A205013,C103873,Savings,56865.68,6.39,Active
A205014,C103874,Savings,240162.99,3.96,Dormant
A205015,C103874,Savings,284628.58,4.09,Active
A205016,C103875,Current,41467.6,3.68,Dormant
A205017,C103876,Savings,24798.03,4.28,Active
A205018,C103876,Savings,29242.13,4.62,Active
A205019,C103877,Savings,40094.04,3.97,Dormant
A205020,C103878,Savings,97493.33,5.68,Active
A205021,C103878,Premium,74594.78,6.14,Active
A205022,C103879,Current,131786.25,5.76,Dormant
A205023,C103880,Salary,168575.97,5.02,Dormant
A205024,C103881,Premium,25975.39,3.24,Dormant
A205025,C103882,Current,5918.93,3.61,Dormant
A205026,C103883,Savings,89311.92,2.75,Active
A205027,C103884,Salary,178113.52,2.73,Active
A205028,C103885,Premium,263270.35,5.43,Active
A205029,C103886,Premium,151512.8,4.41,Active
A205030,C103887,Savings,276482.8,3.01,Active
A205031,C103888,Salary,70440.36,4.42,Active
A205032,C103889,Premium,164108.39,4.63,Dormant
A205033,C103889,Savings,34602.8,3.45,Active
A205034,C103890,Savings,52338.04,6.48,Dormant
A205035,C103890,Savings,174588.79,4.73,Active
A205036,C103891,Savings,329334.39,3.1,Dormant
A205037,C103892,Current,172375.19,5.77,Active
A205038,C103893,Savings,11638.65,6.37,Active
A205039,C103894,Current,271577.75,5.58,Active
A205040,C103895,Savings,0.0,3.56,Active
A205041,C103896,Premium,171849.12,4.64,Active
A205042,C103896,Salary,19128.78,3.17,Active
A205043,C103897,Salary,126985.45,5.64,Active
A205044,C103897,Savings,37878.13,5.14,Active
A205045,C103898,Savings,51932.46,3.98,Active
A205046,C103899,Savings,251520.31,4.47,Dormant
A205047,C103899,Current,67001.41,4.71,Active
A205048,C103900,Salary,82648.04,2.85,Active
A205049,C103901,Savings,99125.55,3.55,Dormant
A205050,C103901,Savings,10027.59,3.01,Active
A205051,C103902,Salary,47397.42,6.05,Active
A205052,C103903,Savings,242341.03,4.95,Dormant
A205053,C103904,Salary,75584.2,6.37,Active
A205054,C103905,Current,233702.03,3.27,Dormant
A205055,C103906,Current,89056.29,5.55,Active
A205056,C103906,Premium,171710.52,3.22,Active
A205057,C103907,Premium,34840.55,4.13,Active
A205058,C103908,Savings,73166.54,2.55,Active
A205059,C103908,Current,35421.37,6.1,Active
A205060,C103909,Salary,165119.88,3.15,Active
A205061,C103910,Salary,109635.48,5.42,Active
A205062,C103910,Premium,31893.45,4.04,Active
A205063,C103911,Salary,173267.93,3.61,Active
A205064,C103912,Savings,184698.24,6.48,Active
A205065,C103913,Premium,226685.89,5.37,Active
A205066,C103914,Savings,45768.03,3.87,Active
A205067,C103914,Current,76143.85,4.59,Active
A205068,C103915,Savings,70882.77,2.53,Active
A205069,C103915,Premium,76355.38,4.87,Active
A205070,C103916,Salary,123023.92,4.98,Dormant
A205071,C103917,Salary,398201.11,5.44,Active
A205072,C103918,Savings,35234.13,5.39,Dormant
A205073,C103919,Salary,347662.45,3.97,Dormant
A205074,C103920,Current,200836.19,4.76,Active
A205075,C103920,Premium,346070.62,5.47,Dormant
A205076,C103921,Savings,475950.95,4.7,Active
A205077,C103922,Salary,112146.44,5.62,Dormant
A205078,C103923,Savings,8295.37,2.73,Dormant
A205079,C103924,Current,191028.33,2.59,Active
A205080,C103924,Savings,252391.54,3.34,Active
A205081,C103925,Salary,0.0,4.54,Active
A205082,C103926,Salary,245989.0,3.76,Active
A205083,C103927,Savings,152785.92,3.82,Dormant
A205084,C103927,Savings,44891.6,3.52,Active
A205085,C103928,Savings,105682.43,5.51,Dormant
A205086,C103928,Premium,168323.24,4.34,Active
A205087,C103929,Savings,265419.95,6.08,Active
A205088,C103930,Salary,152585.76,4.54,Active
A205089,C103931,Savings,175606.27,3.42,Active
A205090,C103932,Salary,191169.96,5.64,Active
A205091,C103933,Savings,59736.65,3.41,Active
A205092,C103934,Savings,214782.45,2.52,Dormant
A205093,C103935,Savings,48692.69,6.35,Active
A205094,C103936,Salary,86783.56,2.54,Active
A205095,C103937,Salary,195995.19,4.25,Active
A205096,C103937,Savings,111455.22,2.78,Dormant
A205097,C103938,Current,61464.76,3.32,Active
A205098,C103938,Savings,339538.71,2.7,Active
A205099,C103939,Savings,15721.52,5.47,Active
A205100,C103940,Savings,194172.59,3.3,Active
A205101,C103941,Savings,79799.79,3.56,Active
A205102,C103942,Salary,158956.11,5.13,Dormant
A205103,C103942,Savings,222010.84,3.03,Active
A205104,C103943,Savings,44691.29,6.0,Dormant
A205105,C103943,Current,160688.82,3.66,Active
A205106,C103944,Savings,65014.46,3.78,Active
A205107,C103944,Savings,42103.58,5.14,Active
A205108,C103945,Premium,72844.1,6.05,Dormant
A205109,C103946,Savings,124329.57,3.68,Dormant
A205110,C103947,Savings,200465.84,6.08,Active
A205111,C103948,Salary,146897.01,5.85,Dormant
A205112,C103949,Savings,271680.51,2.61,Dormant
A205113,C103950,Salary,255460.75,5.85,Active
A205114,C103950,Current,219498.76,6.09,Active
A205115,C103951,Savings,37805.79,2.89,Dormant
A205116,C103951,Current,36291.0,3.93,Active
A205117,C103952,Salary,60440.77,4.57,Active
A205118,C103953,Current,65115.75,5.89,Active
A205119,C103954,Salary,187137.64,2.53,Active
A205120,C103955,Salary,55106.9,5.86,Active
A205121,C103956,Savings,153674.6,2.84,Active
A205122,C103957,Savings,596900.88,4.8,Active
A205123,C103958,Savings,119415.77,6.31,Dormant
A205124,C103959,Savings,82071.74,4.29,Dormant
A205125,C103960,Salary,259967.62,2.54,Dormant
A205126,C103960,Savings,132335.5,5.28,Active
A205127,C103961,Savings,204792.19,5.44,Active
A205128,C103962,Savings,484590.23,3.94,Active
A205129,C103962,Current,345377.87,3.35,Active
A205130,C103963,Savings,64167.03,6.35,Active
A205131,C103964,Current,117351.77,2.93,Active
A205132,C103965,Salary,252018.97,3.92,Active
A205133,C103966,Salary,297318.46,2.9,Active
A205134,C103967,Salary,157060.86,4.54,Dormant
A205135,C103968,Current,54132.57,3.42,Active
A205136,C103969,Savings,194621.76,5.03,Active
A205137,C103970,Current,7146.4,5.59,Active
A205138,C103971,Salary,100972.93,4.05,Dormant
A205139,C103972,Savings,51531.48,4.9,Active
A205140,C103973,Current,98658.13,3.09,Dormant
A205141,C103974,Salary,189437.19,5.31,Dormant
A205142,C103974,Savings,12811.61,4.86,Active
A205143,C103975,Current,288401.91,5.13,Dormant
A205144,C103976,Salary,115682.19,5.51,Dormant
A205145,C103976,Salary,97883.7,5.9,Active
A205146,C103977,Premium,82241.99,6.21,Active
A205147,C103978,Salary,44770.47,2.94,Dormant
A205148,C103979,Salary,53713.18,2.55,Active
A205149,C103980,Savings,60341.55,3.71,Active
A205150,C103981,Salary,195659.94,3.97,Active
A205151,C103982,Premium,157509.43,4.09,Dormant
A205152,C103983,Savings,175810.23,2.64,Active
A205153,C103984,Salary,250245.36,4.21,Dormant
A205154,C103985,Savings,61538.78,5.54,Active
A205155,C103986,Savings,154468.38,2.67,Active
A205156,C103987,Savings,44429.31,3.54,Active
A205157,C103988,Savings,324816.14,5.78,Active
A205158,C103988,Current,129213.97,3.02,Active
A205159,C103989,Current,120790.53,5.99,Active
A205160,C103990,Current,49340.82,4.78,Active
A205161,C103990,Savings,7686.07,6.33,Active
A205162,C103991,Savings,113351.93,2.77,Active
A205163,C103992,Current,76208.94,2.83,Active
A205164,C103992,Premium,92507.52,3.35,Active
A205165,C103993,Salary,181266.36,6.09,Active
A205166,C103994,Savings,188263.5,3.78,Active
A205167,C103994,Savings,203488.93,3.14,Dormant
A205168,C103995,Salary,58849.5,4.09,Active
A205169,C103996,Savings,30096.65,4.51,Dormant
A205170,C103997,Savings,59082.88,4.71,Active
A205171,C103998,Savings,153983.79,5.26,Active
A205172,C103998,Savings,146841.54,5.3,Active
A205173,C103999,Savings,238902.39,4.2,Active
A205174,C104000,Savings,26251.72,3.0,Active
A205175,C104000,Savings,45340.17,4.82,Dormant
A205176,C104001,Savings,80552.08,5.73,Dormant
A205177,C104001,Salary,67389.21,4.78,Active
A205178,C104002,Savings,91664.72,3.56,Active
A205179,C104003,Current,82316.05,5.19,Dormant
A205180,C104004,Savings,255685.0,5.55,Active
A205181,C104005,Salary,287213.52,4.63,Active
A205182,C104005,Salary,108494.53,4.75,Active
A205183,C104006,Savings,154011.01,5.79,Active
A205184,C104007,Savings,39272.17,6.19,Active
A205185,C104007,Savings,42249.79,2.74,Active
A205186,C104008,Savings,232440.93,6.27,Active
A205187,C104008,Salary,242521.25,5.98,Active
A205188,C104009,Salary,28176.48,4.11,Active
A205189,C104010,Savings,370244.15,4.03,Dormant
A205190,C104011,Savings,96151.13,3.78,Active
A205191,C104011,Savings,181909.8,3.88,Active
A205192,C104012,Current,56701.24,6.07,Active
A205193,C104012,Salary,0.0,6.5,Active
A205194,C104013,Current,166068.56,2.68,Dormant
A205195,C104014,Savings,41732.49,5.69,Active
A205196,C104015,Savings,23913.1,5.15,Active
A205197,C104016,Premium,122147.43,4.98,Active
A205198,C104017,Savings,142484.93,3.72,Dormant
A205199,C104017,Savings,56146.98,2.78,Active
A205200,C104018,Current,210340.92,3.81,Active
A205201,C104019,Savings,144938.15,6.23,Active
A205202,C104020,Savings,178352.66,6.09,Dormant
A205203,C104020,Savings,221449.63,2.51,Active
A205204,C104021,Salary,219823.08,2.69,Active
A205205,C104021,Savings,85419.77,6.37,Active
A205206,C104022,Salary,26471.57,6.32,Active
A205207,C104022,Salary,24660.18,5.48,Dormant
A205208,C104023,Premium,177239.65,6.5,Dormant
A205209,C104023,Salary,305684.11,5.79,Active
A205210,C104024,Savings,217007.91,5.0,Dormant
A205211,C104025,Savings,181568.84,5.37,Dormant
A205212,C104026,Savings,117957.71,4.84,Active
A205213,C104027,Premium,160236.48,4.47,Active
A205214,C104028,Savings,255758.19,6.26,Active
A205215,C104029,Savings,135293.96,4.2,Dormant
A205216,C104029,Savings,30336.58,4.26,Active
A205217,C104030,Salary,7267.75,5.47,Active
A205218,C104031,Salary,56506.54,5.11,Dormant
A205219,C104032,Savings,111484.02,3.81,Active
A205220,C104033,Savings,42279.0,4.76,Dormant
A205221,C104034,Savings,53426.65,5.5,Active
A205222,C104034,Salary,286519.4,3.52,Dormant
A205223,C104035,Savings,355764.72,5.43,Active
A205224,C104035,Savings,107539.4,6.18,Active
A205225,C104036,Premium,64787.9,3.85,Active
A205226,C104037,Salary,144973.24,6.49,Active
A205227,C104038,Savings,86095.66,4.48,Active
A205228,C104039,Salary,133204.3,3.04,Active
A205229,C104040,Premium,133105.85,3.65,Dormant
A205230,C104040,Savings,30286.25,5.38,Active
A205231,C104041,Savings,225681.04,3.41,Active
A205232,C104042,Salary,173981.15,3.02,Active
A205233,C104043,Salary,166743.25,5.28,Active
A205234,C104043,Premium,329290.02,2.66,Active
A205235,C104044,Premium,136196.66,5.39,Active
A205236,C104044,Salary,10362.67,6.26,Active
A205237,C104045,Premium,273648.17,5.88,Dormant
A205238,C104046,Premium,41930.28,3.57,Dormant
A205239,C104046,Premium,165216.24,5.69,Active
A205240,C104047,Salary,215552.97,3.95,Active
A205241,C104048,Savings,181873.29,4.9,Active
A205242,C104049,Savings,47354.22,4.51,Active
A205243,C104050,Premium,51502.32,5.17,Active
A205244,C104051,Savings,263129.03,3.76,Dormant
A205245,C104052,Salary,70229.02,3.14,Active
A205246,C104053,Savings,27137.42,4.56,Dormant
A205247,C104054,Savings,74888.45,3.96,Dormant
A205248,C104054,Savings,16347.53,4.81,Active
A205249,C104055,Savings,38078.34,6.17,Dormant
A205250,C104055,Current,25040.14,5.37,Active
A205251,C104056,Savings,248213.62,3.94,Dormant
A205252,C104056,Salary,215566.74,4.38,Active
A205253,C104057,Savings,30787.58,5.23,Active
A205254,C104058,Premium,40127.74,3.21,Dormant
A205255,C104059,Premium,123485.96,2.99,Active
A205256,C104059,Savings,206568.89,5.62,Dormant
A205257,C104060,Savings,12258.55,3.39,Active
A205258,C104061,Savings,17650.52,4.63,Dormant
A205259,C104061,Salary,14787.91,3.33,Active
A205260,C104062,Premium,306602.39,5.45,Active
A205261,C104063,Salary,113437.74,5.87,Active
A205262,C104063,Salary,25260.83,3.64,Active
A205263,C104064,Savings,0.0,4.99,Active
A205264,C104065,Savings,72303.8,2.91,Active
A205265,C104065,Savings,373209.64,3.81,Dormant
A205266,C104066,Salary,316808.17,3.53,Active
A205267,C104067,Savings,208355.53,4.36,Dormant
A205268,C104067,Savings,142472.97,4.27,Active
A205269,C104068,Savings,472939.91,2.7,Active
A205270,C104069,Savings,94385.69,4.34,Active
A205271,C104070,Salary,119410.82,3.64,Active
A205272,C104071,Salary,113459.04,6.09,Active
A205273,C104072,Salary,84539.95,4.53,Active
A205274,C104073,Current,466705.99,4.23,Active
A205275,C104073,Salary,544228.12,3.63,Active
A205276,C104074,Savings,291481.48,5.82,Dormant
A205277,C104075,Savings,193114.79,4.99,Active
A205278,C104076,Current,134733.71,5.24,Active
A205279,C104077,Salary,552656.44,3.04,Active
A205280,C104078,Savings,29503.27,5.89,Active
A205281,C104079,Current,247132.64,5.56,Dormant
A205282,C104080,Savings,47060.54,3.66,Active
A205283,C104080,Savings,900.58,6.27,Active
A205284,C104081,Current,38358.19,4.77,Active
A205285,C104081,Savings,196546.09,5.93,Active
A205286,C104082,Current,115929.78,6.05,Dormant
A205287,C104083,Savings,169864.1,6.23,Dormant
A205288,C104084,Savings,82543.74,4.01,Dormant
A205289,C104084,Current,141327.02,3.29,Active
A205290,C104085,Savings,204940.52,3.38,Dormant
A205291,C104085,Savings,231941.66,2.6,Active
A205292,C104086,Savings,246152.07,4.67,Active
A205293,C104087,Savings,14895.29,5.39,Dormant
A205294,C104088,Savings,68192.23,3.65,Active
A205295,C104089,Salary,272553.2,5.86,Active
A205296,C104090,Savings,340015.37,4.39,Active
A205297,C104090,Current,416478.17,5.63,Active
A205298,C104091,Premium,114376.05,4.83,Active
A205299,C104091,Savings,164315.22,4.18,Active
A205300,C104092,Premium,302168.09,6.45,Dormant
A205301,C104093,Savings,90829.74,5.57,Active
A205302,C104094,Savings,383894.1,3.97,Active
A205303,C104094,Current,331385.57,4.24,Dormant
A205304,C104095,Savings,54520.6,3.29,Active
A205305,C104096,Savings,73910.06,4.29,Active
A205306,C104096,Savings,166511.08,4.52,Active
A205307,C104097,Savings,425989.94,3.87,Active
A205308,C104098,Salary,367734.34,5.29,Active
A205309,C104099,Salary,178687.92,2.76,Active
A205310,C104100,Current,75895.02,4.11,Dormant
A205311,C104101,Savings,68101.17,3.5,Active
A205312,C104102,Premium,146881.41,4.52,Active
A205313,C104102,Savings,212872.93,6.03,Active
A205314,C104103,Salary,355773.26,5.32,Active
A205315,C104103,Savings,187694.23,4.46,Active
A205316,C104104,Premium,396953.06,6.11,Dormant
A205317,C104105,Savings,192862.93,6.38,Active
A205318,C104106,Salary,336023.15,6.33,Active
A205319,C104107,Salary,298756.19,4.85,Dormant
A205320,C104108,Savings,94489.73,3.96,Active
A205321,C104108,Salary,50360.36,6.0,Active
A205322,C104109,Salary,266113.06,4.14,Active
A205323,C104110,Savings,11792.99,5.93,Active
A205324,C104111,Salary,161629.26,2.69,Dormant
A205325,C104112,Savings,39312.53,3.84,Active
A205326,C104113,Savings,196733.34,5.05,Active
A205327,C104113,Salary,143662.49,4.56,Active
A205328,C104114,Salary,105309.58,5.15,Dormant
A205329,C104114,Premium,66635.24,3.75,Active
A205330,C104115,Premium,153154.72,3.21,Dormant
A205331,C104116,Savings,74116.13,4.65,Dormant
A205332,C104117,Current,359026.52,4.95,Active
A205333,C104118,Savings,388402.94,4.89,Active
A205334,C104119,Savings,14881.8,4.03,Active
A205335,C104119,Savings,10748.46,2.83,Active
A205336,C104120,Savings,85657.85,4.49,Active
A205337,C104121,Savings,210027.8,4.25,Dormant
A205338,C104122,Savings,67425.76,3.61,Active
A205339,C104123,Savings,39309.35,6.41,Dormant
A205340,C104123,Salary,35802.28,4.47,Active
A205341,C104124,Savings,64763.89,4.86,Dormant
A205342,C104125,Savings,91893.58,6.05,Dormant
A205343,C104126,Savings,275051.86,3.08,Active
A205344,C104127,Premium,198829.1,4.66,Active
A205345,C104128,Salary,170842.64,4.77,Active
A205346,C104129,Premium,137835.78,6.07,Active
A205347,C104130,Salary,26637.06,3.58,Dormant
A205348,C104131,Savings,258289.04,3.7,Dormant
A205349,C104132,Salary,102823.63,3.2,Active
A205350,C104132,Salary,199720.95,2.66,Active
A205351,C104133,Savings,150641.39,5.03,Active
A205352,C104133,Savings,71555.71,5.97,Active
A205353,C104134,Current,96280.13,5.11,Active
A205354,C104134,Current,135739.98,4.98,Active
A205355,C104135,Savings,262027.87,4.52,Dormant
A205356,C104135,Salary,249079.17,4.37,Active
A205357,C104136,Savings,270129.5,4.1,Active
A205358,C104137,Premium,91769.9,4.1,Active
A205359,C104137,Salary,102762.44,4.69,Active
A205360,C104138,Salary,149078.37,4.4,Dormant
A205361,C104139,Salary,33904.27,2.77,Active
A205362,C104139,Savings,135891.38,5.23,Dormant
A205363,C104140,Premium,436431.28,5.35,Active
A205364,C104141,Salary,19391.41,5.24,Active
A205365,C104142,Salary,193348.31,6.39,Active
A205366,C104143,Savings,339407.07,3.9,Active
A205367,C104144,Savings,40198.31,4.82,Dormant
A205368,C104145,Savings,103275.98,5.28,Dormant
A205369,C104146,Premium,108895.02,6.12,Active
A205370,C104147,Salary,184924.72,2.66,Active
A205371,C104148,Savings,367134.68,5.03,Active
A205372,C104149,Salary,137185.22,5.6,Active
A205373,C104150,Savings,267326.44,5.89,Dormant
A205374,C104151,Premium,151695.71,3.99,Dormant
A205375,C104151,Salary,129493.92,2.73,Active
A205376,C104152,Salary,209640.97,2.97,Active
A205377,C104153,Savings,199215.46,2.99,Active
A205378,C104154,Savings,42789.4,4.33,Dormant
A205379,C104154,Salary,207932.51,3.13,Active
A205380,C104155,Salary,55401.08,5.12,Active
A205381,C104156,Savings,161048.68,5.95,Active
A205382,C104156,Savings,124140.95,4.81,Active
A205383,C104157,Savings,50524.54,3.77,Active
A205384,C104158,Salary,176186.98,6.14,Dormant
A205385,C104159,Savings,79903.74,6.13,Active
A205386,C104159,Premium,90971.28,2.69,Dormant
A205387,C104160,Salary,245059.6,2.61,Dormant
A205388,C104161,Savings,22693.01,5.18,Active
A205389,C104162,Savings,183879.05,3.62,Active
A205390,C104163,Savings,166684.66,3.3,Active
A205391,C104164,Current,128125.72,3.67,Active
A205392,C104165,Premium,90960.17,2.96,Active
A205393,C104166,Savings,100435.11,5.01,Dormant
A205394,C104167,Savings,96740.78,4.99,Active
A205395,C104168,Savings,329950.32,2.87,Dormant
A205396,C104169,Savings,177672.67,5.92,Active
A205397,C104169,Salary,145517.33,3.4,Active
A205398,C104170,Savings,89126.2,5.36,Active
A205399,C104170,Savings,124965.67,3.74,Dormant
A205400,C104171,Salary,352297.06,4.26,Dormant
A205401,C104171,Salary,179719.58,3.4,Active
A205402,C104172,Savings,213003.93,3.14,Active
A205403,C104172,Current,247609.76,5.04,Active
A205404,C104173,Savings,50386.51,4.99,Active
A205405,C104174,Savings,25172.31,4.49,Active
A205406,C104174,Premium,7670.48,5.84,Active
A205407,C104175,Current,115384.46,4.36,Dormant
A205408,C104175,Savings,130766.04,5.18,Active
A205409,C104176,Current,32092.08,5.42,Active
A205410,C104177,Savings,52555.84,4.21,Active
A205411,C104178,Premium,142327.75,4.82,Dormant
A205412,C104178,Savings,74597.79,6.39,Active
A205413,C104179,Premium,30486.84,2.78,Dormant
A205414,C104179,Salary,229792.54,2.78,Active
A205415,C104180,Savings,128022.64,4.82,Active
A205416,C104181,Savings,207016.63,2.72,Dormant
A205417,C104181,Savings,171852.55,3.88,Active
A205418,C104182,Savings,167825.11,3.01,Active
A205419,C104183,Premium,24923.96,6.08,Dormant
A205420,C104183,Salary,68248.97,5.14,Active
A205421,C104184,Salary,134984.53,2.52,Active
A205422,C104185,Salary,163710.92,2.7,Active
A205423,C104186,Savings,105508.88,5.64,Dormant
A205424,C104187,Salary,455701.4,5.86,Active
A205425,C104188,Current,14601.23,5.38,Active
A205426,C104189,Premium,99436.57,3.09,Active
A205427,C104189,Savings,255758.85,4.75,Active
A205428,C104190,Savings,0.0,4.0,Active
A205429,C104191,Savings,11270.05,5.41,Active
A205430,C104192,Savings,44052.62,3.35,Active
A205431,C104193,Current,67847.66,4.6,Active
A205432,C104194,Savings,140008.08,5.02,Dormant
A205433,C104195,Savings,85667.16,6.47,Active
A205434,C104196,Current,120731.98,6.26,Dormant
A205435,C104197,Current,6738.35,3.47,Dormant
A205436,C104198,Salary,209045.79,4.74,Active
A205437,C104199,Savings,91427.7,2.83,Active
A205438,C104200,Salary,178826.98,3.68,Active
A205439,C104201,Current,171196.37,5.32,Active
A205440,C104202,Savings,187897.39,4.83,Dormant
A205441,C104203,Savings,264899.44,3.64,Active
A205442,C104204,Premium,63704.43,4.98,Active
A205443,C104205,Premium,99811.47,5.15,Active
A205444,C104206,Savings,294453.79,5.91,Dormant
A205445,C104207,Salary,143432.89,4.96,Dormant
A205446,C104207,Savings,121514.63,4.1,Dormant
A205447,C104208,Savings,80044.69,4.25,Dormant
A205448,C104208,Current,195605.72,2.72,Active
A205449,C104209,Savings,80880.44,5.49,Active
A205450,C104209,Savings,76300.03,4.44,Active
A205451,C104210,Current,27373.9,6.21,Active
A205452,C104211,Savings,358578.35,3.01,Active
A205453,C104212,Current,139303.25,4.65,Active
A205454,C104212,Savings,135817.66,3.04,Active
A205455,C104213,Savings,101789.14,3.13,Active
A205456,C104213,Savings,106559.12,3.49,Active
A205457,C104214,Salary,44365.01,2.62,Active
A205458,C104215,Salary,180586.35,5.48,Active
A205459,C104216,Premium,48316.92,4.15,Active
A205460,C104216,Salary,41793.17,4.73,Active
A205461,C104217,Salary,54490.47,6.08,Dormant
A205462,C104218,Salary,132576.72,3.05,Active
A205463,C104219,Savings,240133.4,5.83,Active
A205464,C104219,Current,356960.25,4.11,Active
A205465,C104220,Premium,101558.31,2.75,Active
A205466,C104221,Savings,142326.97,4.77,Dormant
A205467,C104222,Savings,292030.4,5.18,Active
A205468,C104223,Savings,303385.25,5.68,Dormant
A205469,C104223,Savings,116149.51,5.3,Active
A205470,C104224,Salary,89949.63,5.37,Active
A205471,C104225,Current,153497.25,5.89,Active
A205472,C104225,Savings,256959.41,5.94,Dormant
A205473,C104226,Salary,133160.17,5.7,Dormant
A205474,C104226,Current,116047.4,4.41,Active
A205475,C104227,Savings,169523.14,3.68,Dormant
A205476,C104228,Savings,39441.24,2.7,Dormant
A205477,C104229,Savings,196482.68,3.37,Active
A205478,C104230,Current,97128.53,5.79,Dormant
A205479,C104231,Savings,86603.91,5.91,Active
A205480,C104232,Savings,83452.93,2.95,Dormant
A205481,C104233,Salary,35361.65,5.8,Active
A205482,C104234,Savings,88023.89,3.4,Active
A205483,C104235,Savings,355146.24,4.07,Active
A205484,C104236,Salary,207745.13,6.17,Dormant
A205485,C104236,Savings,170092.26,5.89,Dormant
A205486,C104237,Premium,126516.9,2.61,Active
A205487,C104237,Savings,390416.41,3.14,Dormant
A205488,C104238,Current,186413.4,5.09,Dormant
A205489,C104239,Savings,38615.1,4.88,Dormant
A205490,C104240,Savings,196022.65,6.17,Active
A205491,C104240,Savings,103236.25,4.32,Active
A205492,C104241,Salary,22430.93,4.24,Active
A205493,C104242,Salary,305454.48,3.85,Active
A205494,C104243,Current,138928.84,5.67,Active
A205495,C104244,Savings,91332.58,6.5,Dormant
A205496,C104244,Salary,43151.81,6.38,Active
A205497,C104245,Salary,227572.64,6.03,Active
A205498,C104246,Savings,341203.87,5.97,Active
A205499,C104247,Salary,119952.31,6.5,Active
A205500,C104248,Salary,419468.8,5.81,Active
A205501,C104248,Premium,25110.15,2.84,Active
A205502,C104249,Premium,266835.24,4.06,Active
A205503,C104250,Salary,29056.79,2.55,Dormant
A205504,C104250,Current,5815.99,5.64,Active
A205505,C104251,Salary,169077.01,5.44,Dormant
A205506,C104252,Savings,98452.47,6.01,Dormant
A205507,C104253,Salary,96523.48,6.25,Dormant
A205508,C104253,Savings,146764.87,5.75,Dormant
A205509,C104254,Savings,157294.04,2.72,Dormant
A205510,C104255,Premium,163132.05,3.01,Dormant
A205511,C104256,Salary,178994.09,6.47,Active
A205512,C104256,Savings,285296.9,6.48,Dormant
A205513,C104257,Salary,42157.75,6.32,Active
A205514,C104257,Savings,18288.37,5.27,Dormant
A205515,C104258,Savings,367814.06,4.49,Dormant
A205516,C104259,Savings,63843.27,6.32,Active
A205517,C104259,Savings,45722.51,4.03,Active
A205518,C104260,Savings,76322.65,2.61,Active
A205519,C104260,Savings,30222.9,5.7,Active
A205520,C104261,Savings,207751.53,6.34,Dormant
A205521,C104262,Savings,394943.4,5.07,Active
A205522,C104263,Savings,47958.73,4.33,Active
A205523,C104264,Premium,111265.54,4.3,Dormant
A205524,C104264,Savings,163829.17,2.54,Active
A205525,C104265,Salary,180683.43,4.95,Active
A205526,C104266,Savings,67990.76,4.23,Active
A205527,C104267,Savings,47210.89,3.65,Active
A205528,C104268,Savings,28266.8,6.18,Dormant
A205529,C104269,Savings,29606.01,5.47,Active
A205530,C104270,Savings,211997.33,4.61,Active
A205531,C104271,Savings,49331.02,5.88,Active
A205532,C104272,Savings,88242.91,5.74,Active
A205533,C104273,Current,200284.28,3.87,Active
A205534,C104274,Current,96363.07,6.05,Active
A205535,C104275,Savings,218680.69,4.49,Dormant
A205536,C104276,Savings,28795.4,2.87,Active
A205537,C104277,Premium,243699.66,5.68,Active
A205538,C104278,Savings,141338.0,3.83,Active
A205539,C104278,Savings,163091.8,4.29,Active
A205540,C104279,Savings,27519.78,4.07,Dormant
A205541,C104280,Current,35009.71,2.71,Dormant
A205542,C104281,Savings,43636.4,6.44,Active
A205543,C104282,Premium,169330.01,6.31,Active
A205544,C104283,Premium,89267.98,3.38,Active
A205545,C104284,Savings,275510.92,5.07,Active
A205546,C104284,Savings,53905.77,5.68,Active
A205547,C104285,Current,140710.56,4.66,Active
A205548,C104286,Salary,65204.01,5.1,Active
A205549,C104286,Savings,80981.67,3.55,Dormant
A205550,C104287,Savings,190406.97,4.63,Active
A205551,C104288,Salary,79321.45,4.54,Active
A205552,C104289,Savings,158408.93,4.44,Active
A205553,C104290,Premium,266686.53,5.35,Dormant
A205554,C104290,Savings,20356.83,2.83,Active
A205555,C104291,Savings,56294.66,6.1,Active
A205556,C104292,Savings,245766.72,6.24,Active
A205557,C104292,Premium,329440.53,5.65,Dormant
A205558,C104293,Savings,245584.3,3.05,Active
A205559,C104293,Savings,195782.57,3.89,Active
A205560,C104294,Salary,322425.02,4.71,Active
A205561,C104295,Savings,316449.68,6.41,Active
A205562,C104295,Savings,204382.79,5.67,Active
A205563,C104296,Savings,29772.54,6.39,Active
A205564,C104296,Savings,102044.88,5.31,Dormant
A205565,C104297,Salary,13709.55,5.36,Active
A205566,C104298,Savings,100152.58,6.39,Active
A205567,C104298,Premium,207796.52,2.9,Dormant
A205568,C104299,Salary,176525.6,3.54,Active
A205569,C104300,Savings,66562.07,4.64,Active
A205570,C104301,Savings,73516.53,3.76,Active
A205571,C104302,Savings,34755.24,4.25,Dormant
A205572,C104303,Savings,0.0,5.28,Active
A205573,C104304,Savings,210328.84,6.18,Active
A205574,C104304,Savings,39009.28,4.93,Active
A205575,C104305,Premium,386021.82,6.3,Active
A205576,C104306,Premium,144248.65,2.72,Dormant
A205577,C104307,Savings,35026.2,5.54,Active
A205578,C104307,Savings,77469.67,3.48,Active
A205579,C104308,Savings,77561.6,4.93,Active
A205580,C104308,Premium,175982.27,2.99,Active
A205581,C104309,Salary,308733.57,5.39,Active
A205582,C104310,Savings,85947.89,3.92,Dormant
A205583,C104311,Current,83762.94,3.69,Active
A205584,C104312,Salary,85711.97,4.68,Active
A205585,C104313,Salary,64504.69,2.94,Active
A205586,C104313,Savings,145662.0,2.59,Active
A205587,C104314,Savings,7701.55,6.5,Active
A205588,C104314,Savings,143732.0,3.96,Active
A205589,C104315,Savings,29177.48,5.42,Active
A205590,C104316,Savings,16595.9,4.99,Active
A205591,C104317,Salary,40145.05,5.89,Active
A205592,C104318,Savings,229329.98,5.48,Active
A205593,C104319,Salary,95732.42,3.05,Active
A205594,C104320,Savings,91704.94,2.51,Dormant
A205595,C104321,Salary,37355.8,4.34,Active
A205596,C104322,Salary,182678.46,5.41,Active
A205597,C104323,Savings,93528.57,5.44,Active
A205598,C104324,Salary,427614.37,4.27,Active
A205599,C104324,Savings,65712.11,5.07,Active
A205600,C104325,Salary,105737.13,2.84,Active
A205601,C104325,Salary,56468.33,5.78,Dormant
A205602,C104326,Salary,249797.31,3.29,Active
A205603,C104327,Premium,193723.87,5.19,Active
A205604,C104328,Premium,58129.37,4.62,Dormant
A205605,C104329,Salary,67139.72,4.3,Dormant
A205606,C104330,Salary,175856.11,5.91,Active
A205607,C104331,Premium,24399.64,6.36,Active
A205608,C104331,Savings,14074.26,4.22,Active
A205609,C104332,Salary,109497.49,5.66,Dormant
A205610,C104333,Current,66990.79,3.9,Active
A205611,C104334,Savings,311229.04,5.43,Active
A205612,C104335,Savings,186937.61,3.33,Dormant
A205613,C104336,Savings,97999.75,4.05,Active
A205614,C104337,Salary,174698.65,5.89,Active
A205615,C104337,Savings,241120.87,3.58,Dormant
A205616,C104338,Premium,137102.46,2.77,Active
A205617,C104339,Salary,32398.71,3.7,Active
A205618,C104340,Savings,186562.2,5.38,Active
A205619,C104341,Savings,169301.49,4.38,Active
A205620,C104342,Current,186433.28,4.71,Active
A205621,C104343,Savings,57493.17,4.0,Active
A205622,C104344,Current,121282.01,3.57,Active
A205623,C104345,Current,123582.83,2.68,Active
A205624,C104346,Savings,80758.58,6.21,Dormant
A205625,C104347,Savings,143269.46,3.28,Dormant
A205626,C104348,Premium,241070.95,3.15,Active
A205627,C104349,Savings,149876.56,5.92,Active
A205628,C104350,Premium,71127.11,2.87,Active
A205629,C104351,Premium,279006.73,5.73,Dormant
A205630,C104352,Salary,79843.74,5.11,Active
A205631,C104353,Savings,522949.31,3.88,Active
A205632,C104353,Salary,335934.84,2.51,Dormant
A205633,C104354,Savings,91913.19,4.23,Active
A205634,C104355,Current,56234.53,2.92,Active
A205635,C104355,Savings,118111.25,2.56,Active
A205636,C104356,Premium,74285.45,6.0,Active
A205637,C104357,Savings,151924.72,2.59,Active
A205638,C104357,Savings,360883.0,5.3,Active
A205639,C104358,Premium,370408.02,2.87,Dormant
A205640,C104359,Salary,79288.8,2.51,Dormant
A205641,C104360,Savings,63699.82,5.98,Dormant
A205642,C104361,Savings,235891.72,5.35,Active
A205643,C104362,Current,150480.17,5.1,Active
A205644,C104363,Salary,457595.5,4.57,Active
A205645,C104364,Premium,76532.59,3.64,Active
A205646,C104364,Salary,26848.92,3.05,Active
A205647,C104365,Savings,133996.52,3.15,Active
A205648,C104366,Savings,90492.0,2.66,Active
A205649,C104366,Current,256025.4,2.68,Dormant
A205650,C104367,Salary,99783.01,6.45,Dormant
A205651,C104368,Savings,301229.49,2.94,Dormant
A205652,C104369,Savings,189650.58,3.86,Active
A205653,C104369,Savings,153944.32,4.53,Active
A205654,C104370,Current,22852.89,2.76,Active
A205655,C104371,Savings,137397.73,3.51,Active
A205656,C104371,Premium,152020.67,3.32,Dormant
A205657,C104372,Savings,426004.83,6.32,Active
A205658,C104372,Savings,232482.74,4.87,Active
A205659,C104373,Premium,114781.62,5.54,Active
A205660,C104373,Savings,200767.79,2.78,Active
A205661,C104374,Savings,161422.05,6.37,Active
A205662,C104375,Salary,90525.55,5.36,Active
A205663,C104375,Savings,3124.0,4.95,Active
A205664,C104376,Savings,25837.03,3.24,Dormant
A205665,C104376,Savings,41541.07,5.62,Dormant
A205666,C104377,Salary,39569.27,3.47,Active
A205667,C104378,Current,110087.18,6.2,Active
A205668,C104379,Savings,138154.74,5.75,Active
A205669,C104380,Savings,91194.38,4.02,Active
A205670,C104381,Current,34901.92,6.42,Dormant
A205671,C104382,Savings,58490.54,3.54,Active
A205672,C104383,Savings,32485.1,4.99,Active
A205673,C104384,Savings,87803.06,4.94,Active
A205674,C104385,Salary,186126.02,3.29,Dormant
A205675,C104385,Salary,108100.93,6.07,Active
A205676,C104386,Savings,22816.72,3.4,Active
A205677,C104387,Savings,154289.8,6.23,Active
A205678,C104387,Savings,61333.14,5.41,Active
A205679,C104388,Current,118326.79,5.85,Active
A205680,C104389,Salary,330394.33,3.76,Active
A205681,C104389,Savings,235933.12,5.08,Active
A205682,C104390,Salary,167397.41,5.08,Active
A205683,C104391,Savings,110318.75,3.66,Active
A205684,C104391,Current,111986.56,4.28,Active
A205685,C104392,Premium,138545.61,4.98,Dormant
A205686,C104392,Current,217896.64,5.11,Active
A205687,C104393,Salary,72999.14,2.91,Active
A205688,C104393,Savings,166458.08,2.72,Active
A205689,C104394,Premium,348521.77,6.0,Active
A205690,C104394,Salary,91816.67,3.9,Active
A205691,C104395,Savings,134259.24,3.97,Active
A205692,C104396,Salary,290218.68,4.41,Active
A205693,C104396,Salary,316540.65,3.52,Active
A205694,C104397,Savings,36004.38,5.45,Active
A205695,C104398,Savings,46092.67,3.69,Active
A205696,C104399,Salary,270958.11,5.74,Dormant
A205697,C104400,Savings,73373.27,6.22,Active
A205698,C104401,Salary,103967.78,5.73,Active
A205699,C104401,Salary,442280.24,2.63,Active
A205700,C104402,Premium,135183.9,3.19,Active
A205701,C104403,Salary,161922.43,2.82,Dormant
A205702,C104404,Savings,50072.16,5.93,Dormant
A205703,C104405,Premium,52002.35,3.16,Active
A205704,C104406,Current,109803.42,5.26,Dormant
A205705,C104407,Premium,41879.47,5.65,Dormant
A205706,C104408,Savings,47398.77,3.04,Dormant
A205707,C104409,Salary,266320.06,5.03,Active
A205708,C104409,Savings,206766.55,4.45,Active
A205709,C104410,Current,133655.34,3.37,Active
A205710,C104411,Savings,85987.04,3.87,Active
A205711,C104412,Salary,102750.84,3.15,Active
A205712,C104413,Savings,57775.44,5.25,Active
A205713,C104414,Savings,25945.95,4.38,Active
A205714,C104415,Salary,21526.34,3.62,Dormant
A205715,C104416,Premium,195771.26,5.37,Dormant
A205716,C104417,Savings,388290.57,3.98,Active
A205717,C104417,Savings,128932.58,3.87,Active
A205718,C104418,Savings,337914.21,6.5,Active
A205719,C104419,Savings,58430.85,3.84,Active
A205720,C104419,Salary,28238.59,3.15,Active
A205721,C104420,Savings,101168.55,5.93,Active
A205722,C104420,Salary,215211.57,6.12,Dormant
A205723,C104421,Savings,156509.16,2.88,Active
A205724,C104422,Savings,101193.69,5.5,Active
A205725,C104423,Current,86835.13,4.99,Active
A205726,C104423,Savings,119346.0,4.45,Active
A205727,C104424,Salary,104346.7,4.27,Dormant
A205728,C104425,Premium,117945.23,4.68,Dormant
A205729,C104425,Savings,123552.25,5.45,Dormant
A205730,C104426,Savings,116368.66,4.43,Active
A205731,C104427,Savings,341506.16,6.21,Active
A205732,C104427,Savings,248456.15,6.0,Active
A205733,C104428,Savings,402675.31,5.56,Active
A205734,C104429,Savings,68703.94,4.84,Dormant
A205735,C104430,Savings,47621.55,2.86,Active
A205736,C104430,Premium,223542.18,5.23,Active
A205737,C104431,Current,179953.33,2.9,Active
A205738,C104431,Savings,117149.11,4.83,Active
A205739,C104432,Current,226615.53,6.19,Dormant
A205740,C104432,Savings,41177.14,4.29,Dormant
A205741,C104433,Current,90000.23,3.63,Active
A205742,C104434,Salary,124400.15,5.95,Active
A205743,C104435,Savings,466988.08,5.43,Active
A205744,C104435,Savings,233132.49,2.5,Active
A205745,C104436,Current,172283.26,4.22,Dormant
A205746,C104437,Salary,71035.45,3.81,Active
A205747,C104438,Savings,143211.07,6.27,Active
A205748,C104438,Current,113177.57,2.85,Active
A205749,C104439,Savings,47531.02,2.92,Active
A205750,C104440,Current,182433.21,2.9,Dormant
A205751,C104441,Salary,43563.39,3.73,Active
A205752,C104442,Savings,63425.44,5.95,Dormant
A205753,C104443,Premium,38768.26,5.14,Dormant
A205754,C104443,Premium,147301.74,4.56,Dormant
A205755,C104444,Savings,547012.69,5.03,Dormant
A205756,C104445,Salary,59223.44,4.57,Active
A205757,C104446,Savings,137279.54,4.79,Active
A205758,C104446,Current,164887.68,4.96,Active
A205759,C104447,Salary,305169.9,5.55,Active
A205760,C104447,Salary,29044.54,4.4,Active
A205761,C104448,Premium,84930.1,5.86,Active
A205762,C104449,Savings,128226.33,3.7,Dormant
A205763,C104450,Salary,68523.71,2.68,Active
A205764,C104451,Savings,302785.77,4.99,Dormant
A205765,C104452,Savings,117806.34,3.7,Active
A205766,C104453,Premium,49303.03,2.5,Active
A205767,C104454,Current,179652.59,3.42,Active
A205768,C104454,Salary,164431.49,5.03,Active
A205769,C104455,Savings,164548.95,4.12,Active
A205770,C104456,Current,52752.34,2.9,Active
A205771,C104456,Savings,99464.12,5.99,Active
A205772,C104457,Savings,85310.09,5.25,Active
A205773,C104458,Salary,59787.01,5.16,Dormant
A205774,C104458,Savings,47807.1,4.48,Active
A205775,C104459,Current,142830.46,5.89,Active
A205776,C104460,Savings,4479.53,4.57,Dormant
A205777,C104461,Savings,275021.54,2.68,Active
A205778,C104462,Savings,203506.26,5.15,Active
A205779,C104463,Savings,236285.86,5.63,Active
A205780,C104464,Savings,199050.87,2.8,Dormant
A205781,C104464,Savings,79932.68,2.93,Active
A205782,C104465,Current,157397.48,3.14,Active
A205783,C104465,Savings,35803.11,4.22,Active
A205784,C104466,Salary,152835.79,6.1,Active
A205785,C104467,Savings,73656.5,5.64,Active
A205786,C104467,Current,45579.79,5.02,Active
A205787,C104468,Savings,244920.36,3.12,Dormant
A205788,C104469,Savings,41609.28,4.87,Dormant
A205789,C104469,Current,200607.45,6.47,Active
A205790,C104470,Current,19573.31,4.4,Active
A205791,C104470,Savings,130124.51,5.95,Active
A205792,C104471,Salary,109920.98,5.02,Dormant
A205793,C104472,Salary,164322.19,4.17,Dormant
A205794,C104472,Current,68885.73,3.54,Dormant
A205795,C104473,Premium,33037.42,5.39,Active
A205796,C104474,Savings,137114.51,2.67,Dormant
A205797,C104475,Premium,102055.36,5.58,Dormant
A205798,C104476,Salary,280933.41,5.73,Dormant
A205799,C104477,Salary,5954.07,2.93,Active
A205800,C104477,Salary,44951.09,6.38,Dormant
A205801,C104478,Salary,111624.06,6.26,Active
A205802,C104479,Savings,34951.89,5.72,Active
A205803,C104480,Salary,221193.22,2.84,Active
A205804,C104480,Current,82492.0,3.98,Active
A205805,C104481,Savings,176509.56,4.56,Active
A205806,C104482,Savings,102363.88,4.65,Active
A205807,C104482,Savings,51612.02,2.69,Active
A205808,C104483,Savings,185810.04,4.36,Active
A205809,C104484,Salary,19878.88,2.66,Dormant
A205810,C104485,Current,85244.62,2.7,Active
A205811,C104486,Savings,61824.69,4.79,Active
A205812,C104487,Savings,98238.48,4.18,Active
A205813,C104488,Salary,179469.42,4.58,Active
A205814,C104488,Savings,121408.28,5.81,Dormant
A205815,C104489,Salary,13926.03,4.55,Active
A205816,C104490,Current,157090.54,4.58,Dormant
A205817,C104491,Savings,17628.98,5.25,Active
A205818,C104491,Premium,11573.36,6.44,Active
A205819,C104492,Savings,57429.62,4.11,Active
A205820,C104493,Savings,117255.31,6.18,Active
A205821,C104494,Salary,303294.45,5.7,Active
A205822,C104494,Salary,271475.84,5.03,Active
A205823,C104495,Current,102786.93,5.3,Dormant
A205824,C104495,Savings,65099.2,5.59,Active
A205825,C104496,Salary,94719.93,5.99,Active
A205826,C104497,Savings,27503.98,5.64,Dormant
A205827,C104498,Salary,148625.96,5.54,Active
A205828,C104499,Savings,81998.06,5.68,Active
A205829,C104500,Savings,560004.0,4.92,Dormant
A205830,C104501,Premium,286784.44,6.23,Active
A205831,C104501,Salary,234455.89,2.54,Dormant
A205832,C104502,Savings,237221.54,5.68,Dormant
A205833,C104503,Savings,179208.86,5.85,Active
A205834,C104504,Savings,267893.46,3.44,Active
A205835,C104505,Salary,79813.22,6.04,Active
A205836,C104506,Savings,180161.16,5.65,Active
A205837,C104506,Savings,83799.9,2.62,Active
A205838,C104507,Salary,175541.63,5.46,Active
A205839,C104507,Savings,52426.03,5.1,Active
A205840,C104508,Premium,55474.89,3.11,Active
A205841,C104509,Savings,68543.06,5.57,Active
A205842,C104510,Premium,392865.39,4.73,Active
A205843,C104510,Salary,153004.95,2.67,Active
A205844,C104511,Premium,330622.52,5.4,Dormant
A205845,C104512,Savings,87003.92,4.89,Active
A205846,C104513,Savings,27599.34,6.18,Active
A205847,C104514,Savings,163818.17,4.72,Active
A205848,C104515,Current,7811.74,3.46,Active
A205849,C104516,Salary,32563.06,3.33,Active
A205850,C104517,Savings,132079.77,3.35,Active
A205851,C104518,Salary,121988.59,3.67,Active
A205852,C104518,Salary,159274.26,5.92,Active
A205853,C104519,Savings,112838.63,3.13,Active
A205854,C104519,Salary,98947.7,4.76,Active
A205855,C104520,Savings,17725.79,3.19,Dormant
A205856,C104521,Savings,258153.49,3.39,Active
A205857,C104522,Current,256204.86,5.38,Active
A205858,C104523,Savings,239403.74,4.89,Dormant
A205859,C104524,Savings,337465.6,4.66,Active
A205860,C104525,Savings,154892.11,3.26,Active
A205861,C104525,Savings,43019.18,5.96,Dormant
A205862,C104526,Savings,69236.99,5.65,Active
A205863,C104527,Savings,277903.41,4.28,Active
A205864,C104528,Savings,156074.42,2.94,Active
A205865,C104529,Current,240698.4,2.99,Active
A205866,C104530,Savings,2648.56,2.99,Active
A205867,C104530,Savings,28521.52,4.29,Active
A205868,C104531,Salary,119076.42,4.0,Dormant
A205869,C104532,Current,149899.81,2.83,Dormant
A205870,C104532,Salary,97030.07,3.1,Active
A205871,C104533,Savings,121988.99,6.28,Active
A205872,C104534,Savings,13711.3,6.0,Active
A205873,C104535,Savings,203528.24,2.59,Active
A205874,C104536,Premium,1720.72,2.86,Active
A205875,C104537,Savings,146555.57,4.88,Active
A205876,C104538,Savings,25048.12,4.72,Dormant
A205877,C104539,Savings,35530.04,3.11,Active
A205878,C104540,Salary,67878.04,6.16,Active
A205879,C104540,Salary,55994.85,5.23,Active
A205880,C104541,Savings,11470.22,3.46,Active
A205881,C104542,Salary,193213.29,4.89,Active
A205882,C104542,Current,121516.75,5.28,Active
A205883,C104543,Salary,242282.24,5.12,Active
A205884,C104544,Savings,45322.82,3.33,Active
A205885,C104545,Salary,59010.16,3.21,Active
A205886,C104546,Savings,38509.35,4.26,Active
A205887,C104547,Savings,390037.87,6.44,Active
A205888,C104548,Savings,126362.81,4.64,Active
A205889,C104549,Savings,207643.35,3.49,Active
A205890,C104550,Savings,22272.51,5.02,Active
A205891,C104550,Savings,21338.44,4.84,Dormant
A205892,C104551,Savings,155632.39,2.77,Active
A205893,C104552,Salary,184486.59,4.14,Active
A205894,C104553,Savings,92187.11,3.9,Active
A205895,C104554,Savings,186036.67,5.57,Active
A205896,C104555,Savings,166328.5,3.45,Active
A205897,C104555,Premium,94050.71,5.44,Dormant
A205898,C104556,Savings,31271.91,5.95,Dormant
A205899,C104556,Savings,162836.97,4.41,Dormant
A205900,C104557,Current,38283.41,5.29,Dormant
A205901,C104557,Savings,83894.97,4.86,Active
A205902,C104558,Salary,173577.45,2.67,Active
A205903,C104559,Salary,241067.61,4.32,Active
A205904,C104559,Savings,390634.02,5.95,Active
A205905,C104560,Savings,164129.98,6.4,Active
A205906,C104560,Savings,95121.07,5.14,Active
A205907,C104561,Savings,150411.04,5.68,Active
A205908,C104562,Current,138166.37,6.3,Active
A205909,C104563,Salary,76580.01,2.95,Active
A205910,C104564,Salary,73781.88,5.64,Dormant
A205911,C104565,Savings,46958.18,4.09,Active
A205912,C104566,Savings,222935.16,5.86,Active
A205913,C104567,Savings,128451.72,5.94,Active
A205914,C104568,Savings,264975.98,3.37,Active
A205915,C104569,Salary,321982.48,4.07,Active
A205916,C104570,Current,40300.86,4.09,Dormant
A205917,C104570,Savings,53846.42,6.49,Active
A205918,C104571,Savings,145148.19,6.0,Active
A205919,C104572,Premium,165786.1,2.5,Active
A205920,C104573,Savings,121159.42,5.16,Active
A205921,C104574,Savings,348171.79,4.16,Active
A205922,C104575,Savings,239475.86,3.37,Active
A205923,C104575,Savings,188184.34,4.42,Active
A205924,C104576,Current,69470.74,5.51,Active
A205925,C104577,Salary,357967.73,6.39,Active
A205926,C104578,Savings,117360.12,3.55,Active
A205927,C104579,Salary,142877.89,4.79,Active
A205928,C104580,Savings,89954.64,6.32,Dormant
A205929,C104581,Savings,354758.28,4.76,Active
A205930,C104582,Savings,45577.96,5.63,Dormant
A205931,C104583,Salary,182629.78,2.95,Active
A205932,C104584,Savings,157257.61,5.07,Active
A205933,C104584,Current,245223.77,6.4,Active
A205934,C104585,Savings,15044.21,4.01,Dormant
A205935,C104586,Savings,238514.8,3.76,Dormant
A205936,C104587,Savings,92429.17,5.58,Active
A205937,C104588,Savings,351790.42,5.13,Dormant
A205938,C104588,Salary,107795.06,3.71,Dormant
A205939,C104589,Salary,111750.04,6.48,Dormant
A205940,C104590,Salary,79916.77,3.11,Active
A205941,C104590,Savings,143714.66,5.22,Active
A205942,C104591,Savings,96171.06,3.89,Active
A205943,C104592,Savings,9658.43,6.42,Active
A205944,C104592,Salary,695.33,3.57,Active
A205945,C104593,Savings,47841.01,4.21,Active
A205946,C104594,Savings,234383.12,5.09,Active
A205947,C104595,Salary,43700.69,3.35,Active
A205948,C104595,Premium,104436.42,4.37,Active
A205949,C104596,Current,96700.23,4.25,Active
A205950,C104596,Savings,86337.71,4.2,Active
A205951,C104597,Current,3733.16,4.87,Active
A205952,C104597,Premium,29422.14,4.49,Dormant
A205953,C104598,Savings,109176.92,5.28,Active
A205954,C104599,Current,57813.83,4.48,Active
A205955,C104600,Savings,358896.68,5.85,Active
A205956,C104601,Savings,173022.64,3.1,Active
A205957,C104602,Salary,325868.72,5.52,Active
A205958,C104603,Savings,116121.81,5.03,Active
A205959,C104604,Current,0.0,2.77,Active
A205960,C104604,Salary,248913.86,4.85,Active
A205961,C104605,Savings,33151.76,3.37,Dormant
A205962,C104605,Savings,17485.38,3.77,Active
A205963,C104606,Savings,279564.92,6.09,Active
A205964,C104606,Savings,113350.66,2.93,Dormant
A205965,C104607,Current,69966.25,6.39,Active
A205966,C104607,Current,218694.77,5.96,Active
A205967,C104608,Salary,171167.9,4.87,Active
A205968,C104608,Savings,44511.24,2.79,Active
A205969,C104609,Savings,64793.89,5.81,Active
A205970,C104610,Current,15725.24,6.44,Active
A205971,C104610,Salary,26820.23,4.23,Active
A205972,C104611,Salary,127796.6,4.26,Dormant
A205973,C104612,Savings,135631.32,5.15,Active
A205974,C104612,Salary,265820.48,6.23,Active
A205975,C104613,Savings,199967.58,5.95,Dormant
A205976,C104614,Salary,218829.76,5.17,Active
A205977,C104615,Savings,0.0,4.38,Active
A205978,C104615,Salary,188782.35,3.99,Active
A205979,C104616,Savings,53323.12,6.39,Active
A205980,C104616,Salary,73826.84,2.92,Dormant
A205981,C104617,Premium,265122.82,4.06,Active
A205982,C104617,Salary,168298.06,6.27,Dormant
A205983,C104618,Savings,117046.82,2.62,Active
A205984,C104618,Savings,251063.18,2.7,Dormant
A205985,C104619,Savings,291980.55,3.43,Dormant
A205986,C104619,Savings,484628.96,3.72,Active
A205987,C104620,Savings,318912.09,5.3,Dormant
A205988,C104620,Savings,174892.6,5.13,Active
A205989,C104621,Savings,396664.2,4.35,Active
A205990,C104622,Savings,45082.35,4.73,Active
A205991,C104623,Savings,261074.58,5.91,Active
A205992,C104624,Current,2631.71,4.94,Active
A205993,C104624,Savings,11921.96,4.45,Active
A205994,C104625,Salary,62233.42,4.06,Active
A205995,C104626,Current,93033.51,5.44,Active
A205996,C104627,Salary,252548.15,3.6,Active
A205997,C104628,Savings,0.0,3.91,Active
A205998,C104629,Salary,308186.0,3.56,Active
A205999,C104630,Salary,9326.94,5.95,Active
A206000,C104631,Savings,65518.21,3.71,Active
A206001,C104631,Savings,22799.61,4.03,Active
A206002,C104632,Savings,193015.1,5.79,Dormant
A206003,C104633,Savings,41726.83,2.64,Active
A206004,C104634,Salary,238556.45,5.93,Active
A206005,C104634,Savings,166353.23,4.14,Active
A206006,C104635,Savings,207590.62,4.87,Active
A206007,C104636,Savings,241161.62,2.85,Active
A206008,C104636,Salary,287641.24,5.29,Active
A206009,C104637,Premium,91567.91,2.68,Active
A206010,C104638,Premium,124701.45,3.24,Dormant
A206011,C104638,Current,250233.58,5.0,Active
A206012,C104639,Savings,61302.0,6.34,Active
A206013,C104639,Salary,333952.15,5.31,Active
A206014,C104640,Savings,249747.32,5.35,Active
A206015,C104641,Savings,183501.0,3.91,Active
A206016,C104642,Savings,98844.81,4.78,Active
A206017,C104643,Savings,0.0,4.62,Dormant
A206018,C104643,Salary,10431.02,3.85,Active
A206019,C104644,Current,21820.1,4.38,Active
A206020,C104644,Savings,26113.66,3.26,Dormant
A206021,C104645,Savings,174318.09,5.48,Active
A206022,C104646,Savings,138624.39,4.59,Active
A206023,C104647,Current,116317.85,5.99,Dormant
A206024,C104648,Savings,305463.3,3.03,Active
A206025,C104649,Savings,79449.28,3.3,Active
A206026,C104649,Premium,329763.12,5.6,Active
A206027,C104650,Current,165647.41,6.49,Active
A206028,C104651,Savings,220894.89,5.2,Active
A206029,C104652,Savings,139089.43,4.33,Active
A206030,C104653,Salary,66736.2,4.06,Active
A206031,C104654,Savings,54239.53,5.21,Active
A206032,C104655,Salary,74365.17,3.92,Active
A206033,C104656,Savings,112206.13,5.35,Active
A206034,C104656,Savings,75802.48,4.17,Active
A206035,C104657,Savings,26730.43,5.65,Active
A206036,C104658,Salary,65063.44,4.2,Active
A206037,C104659,Savings,228148.45,4.01,Active
A206038,C104659,Current,165188.11,3.41,Active
A206039,C104660,Savings,32157.46,5.53,Active
A206040,C104660,Savings,37176.46,6.43,Active
A206041,C104661,Current,210414.73,5.07,Active
A206042,C104662,Salary,174536.78,3.34,Active
A206043,C104663,Premium,29638.14,5.44,Active
A206044,C104664,Savings,165108.07,3.61,Active
A206045,C104665,Savings,48760.34,6.04,Active
A206046,C104666,Savings,71033.07,5.91,Dormant
A206047,C104667,Savings,112035.26,5.8,Active
A206048,C104668,Savings,17275.72,3.84,Active
A206049,C104669,Savings,24322.85,6.16,Active
A206050,C104669,Savings,90158.52,5.13,Active
A206051,C104670,Salary,32514.81,2.53,Active
A206052,C104671,Savings,27037.74,4.08,Active
A206053,C104671,Salary,75568.62,4.36,Active
A206054,C104672,Current,50287.84,3.46,Active
A206055,C104673,Salary,134538.37,3.94,Active
A206056,C104674,Premium,210281.68,4.78,Active
A206057,C104675,Salary,152056.61,4.2,Active
A206058,C104675,Salary,158138.41,2.7,Dormant
A206059,C104676,Current,374765.97,2.63,Active
A206060,C104677,Salary,88789.33,3.79,Active
A206061,C104677,Salary,278982.63,4.81,Dormant
A206062,C104678,Premium,249966.19,2.54,Active
A206063,C104679,Salary,219375.33,4.73,Active
A206064,C104680,Savings,117236.13,3.82,Active
A206065,C104681,Premium,14951.65,2.92,Active
A206066,C104682,Savings,63572.67,3.68,Active
A206067,C104683,Savings,98052.57,5.57,Dormant
A206068,C104684,Savings,189896.42,5.13,Active
A206069,C104685,Savings,91495.55,3.04,Dormant
A206070,C104686,Savings,50491.43,5.06,Active
A206071,C104687,Salary,37726.51,2.9,Active
A206072,C104687,Savings,9884.65,6.32,Active
A206073,C104688,Savings,44317.0,6.15,Active
A206074,C104689,Salary,234096.53,2.9,Dormant
A206075,C104689,Savings,261371.1,5.06,Active
A206076,C104690,Savings,138979.09,3.62,Active
A206077,C104691,Savings,330008.37,3.66,Active
A206078,C104692,Premium,310410.97,4.1,Dormant
A206079,C104693,Premium,27943.27,6.05,Active
A206080,C104694,Savings,317386.5,3.88,Active
A206081,C104695,Savings,225833.49,3.2,Active
A206082,C104695,Salary,478091.07,3.35,Active
A206083,C104696,Savings,246798.9,5.22,Active
A206084,C104697,Savings,222843.93,2.65,Active
A206085,C104697,Savings,113283.85,4.26,Active
A206086,C104698,Salary,335861.97,3.0,Active
A206087,C104699,Savings,66498.64,6.47,Active
A206088,C104700,Current,58531.31,5.37,Active
A206089,C104700,Salary,91048.7,5.8,Dormant
A206090,C104701,Salary,68956.23,6.35,Active
A206091,C104702,Savings,1703.22,5.88,Active
A206092,C104703,Savings,129119.44,3.01,Active
A206093,C104704,Savings,215158.54,5.1,Dormant
A206094,C104705,Savings,219203.14,3.57,Active
A206095,C104706,Salary,72683.11,5.86,Active
A206096,C104707,Savings,26909.12,4.54,Dormant
A206097,C104708,Premium,82505.43,4.54,Active
A206098,C104709,Savings,390131.2,4.72,Active
A206099,C104710,Savings,180920.16,2.65,Active
A206100,C104711,Savings,277050.84,4.18,Active
A206101,C104712,Salary,39773.55,5.48,Active
A206102,C104713,Salary,201338.7,5.67,Active
A206103,C104713,Salary,0.0,4.65,Active
A206104,C104714,Savings,3980.2,5.72,Dormant
A206105,C104715,Current,165505.44,5.54,Active
A206106,C104715,Savings,153546.47,5.8,Active
A206107,C104716,Salary,114171.42,3.24,Active
A206108,C104717,Savings,89984.23,6.29,Active
A206109,C104718,Savings,115389.93,5.51,Active
A206110,C104719,Savings,178549.84,2.82,Active
A206111,C104720,Salary,29835.16,2.71,Dormant
A206112,C104721,Salary,15590.97,6.19,Active
A206113,C104722,Current,277524.96,4.62,Active
A206114,C104722,Savings,143077.42,4.49,Dormant
A206115,C104723,Premium,139638.6,5.87,Active
A206116,C104724,Salary,326390.89,5.82,Dormant
A206117,C104725,Savings,29335.14,4.35,Active
A206118,C104726,Current,116118.09,4.76,Dormant
A206119,C104726,Savings,81445.79,4.79,Dormant
A206120,C104727,Savings,195686.43,3.92,Dormant
A206121,C104727,Savings,176163.73,5.61,Active
A206122,C104728,Savings,159071.59,5.68,Active
A206123,C104729,Current,35415.51,4.49,Dormant
A206124,C104730,Savings,235678.71,4.0,Active
A206125,C104731,Salary,83303.86,2.81,Active
A206126,C104732,Salary,148592.97,3.7,Active
A206127,C104732,Savings,91065.57,5.14,Active
A206128,C104733,Salary,29118.76,3.92,Active
A206129,C104734,Salary,140939.39,4.64,Dormant
A206130,C104735,Premium,51315.81,5.76,Active
A206131,C104736,Premium,411621.09,4.13,Active
A206132,C104737,Salary,71442.76,4.71,Dormant
A206133,C104738,Current,423154.85,2.81,Active
A206134,C104739,Savings,111564.72,3.67,Active
A206135,C104740,Savings,395856.7,3.21,Active
A206136,C104741,Savings,240882.93,5.34,Active
A206137,C104741,Savings,240104.05,5.87,Active
A206138,C104742,Savings,152810.44,4.75,Dormant
A206139,C104743,Savings,113614.86,4.5,Active
A206140,C104744,Salary,50900.57,4.01,Dormant
A206141,C104745,Savings,124352.54,3.05,Active
A206142,C104746,Salary,353422.4,6.47,Active
A206143,C104747,Savings,12800.59,5.79,Active
A206144,C104748,Savings,351818.22,3.76,Active
A206145,C104749,Savings,7692.59,6.14,Active
A206146,C104749,Savings,202717.27,4.3,Dormant
A206147,C104750,Premium,120939.25,3.02,Dormant
A206148,C104751,Savings,11253.26,6.14,Active
A206149,C104752,Savings,126951.49,2.66,Active
A206150,C104753,Current,200844.9,5.17,Active
A206151,C104754,Salary,144888.2,5.78,Active
A206152,C104755,Savings,50943.0,3.5,Active
A206153,C104756,Current,55913.76,3.57,Dormant
A206154,C104756,Savings,103977.99,5.63,Active
A206155,C104757,Savings,1301.48,3.93,Dormant
A206156,C104757,Savings,224966.58,2.93,Active
A206157,C104758,Savings,97772.31,5.52,Active
A206158,C104759,Current,59894.28,5.98,Dormant
A206159,C104759,Savings,86900.77,5.25,Active
A206160,C104760,Savings,82745.36,4.18,Dormant
A206161,C104761,Savings,29615.78,4.42,Active
A206162,C104761,Salary,118073.33,5.93,Active
A206163,C104762,Current,169944.46,3.62,Active
A206164,C104762,Premium,340537.56,4.31,Active
A206165,C104763,Salary,273301.21,4.3,Active
A206166,C104764,Savings,192172.1,6.37,Dormant
A206167,C104765,Premium,182504.9,4.7,Active
A206168,C104766,Current,171389.24,4.81,Active
A206169,C104767,Savings,431334.58,4.78,Active
A206170,C104768,Savings,191615.11,5.68,Active
A206171,C104769,Premium,178697.23,4.12,Dormant
A206172,C104770,Savings,132936.11,6.12,Dormant
A206173,C104771,Salary,535978.41,4.03,Active
A206174,C104771,Savings,514838.84,6.19,Active
A206175,C104772,Savings,8974.91,2.77,Active
A206176,C104772,Savings,154867.89,5.83,Active
A206177,C104773,Savings,43287.29,6.16,Dormant
A206178,C104773,Salary,126432.27,2.53,Dormant
A206179,C104774,Savings,83774.68,5.79,Active
A206180,C104775,Savings,96092.53,2.62,Dormant
A206181,C104776,Savings,206963.83,2.9,Active
A206182,C104777,Savings,300522.38,2.74,Active
A206183,C104778,Premium,7760.25,5.25,Dormant
A206184,C104779,Savings,56932.61,6.29,Dormant
A206185,C104780,Salary,75210.47,3.02,Active
A206186,C104781,Salary,340644.24,5.07,Active
A206187,C104782,Savings,279582.54,3.32,Active
A206188,C104783,Savings,272181.96,6.3,Active
A206189,C104783,Salary,122459.31,4.87,Dormant
A206190,C104784,Salary,83706.08,4.29,Active
A206191,C104785,Salary,197971.99,3.46,Active
A206192,C104785,Savings,281086.67,4.31,Dormant
A206193,C104786,Salary,167165.24,3.19,Dormant
A206194,C104786,Savings,211186.35,4.88,Active
A206195,C104787,Savings,95861.5,2.94,Active
A206196,C104788,Savings,39517.59,4.13,Active
A206197,C104788,Savings,80782.58,3.59,Active
A206198,C104789,Savings,3341.66,3.96,Active
A206199,C104789,Savings,7258.86,6.42,Active
A206200,C104790,Savings,67261.13,5.44,Dormant
A206201,C104790,Savings,106624.26,5.16,Active
A206202,C104791,Premium,175630.15,5.79,Dormant
A206203,C104792,Salary,183135.22,5.64,Active
A206204,C104792,Savings,219286.59,5.81,Active
A206205,C104793,Salary,217600.93,2.54,Active
A206206,C104794,Savings,176212.36,6.09,Active
A206207,C104795,Savings,120130.54,4.41,Active
A206208,C104796,Savings,54046.96,2.59,Active
A206209,C104796,Savings,103828.29,2.82,Active
A206210,C104797,Savings,7180.64,5.31,Dormant
A206211,C104798,Savings,136928.95,2.52,Active
A206212,C104799,Premium,181679.11,2.76,Dormant
A206213,C104799,Salary,329164.64,5.9,Active
A206214,C104800,Current,168253.45,3.37,Active
A206215,C104801,Salary,182811.88,6.18,Active
A206216,C104801,Current,95321.58,4.61,Active
A206217,C104802,Savings,308535.35,3.4,Active
A206218,C104802,Savings,227542.73,4.78,Active
A206219,C104803,Savings,278333.78,2.52,Dormant
A206220,C104804,Current,124192.97,3.62,Active
A206221,C104804,Salary,254362.61,5.68,Active
A206222,C104805,Premium,43972.23,4.55,Active
A206223,C104806,Salary,162046.47,5.39,Active
A206224,C104807,Savings,350147.12,4.81,Active
A206225,C104807,Savings,269384.37,4.71,Active
A206226,C104808,Premium,182682.54,3.53,Active
A206227,C104809,Premium,131499.33,5.5,Active
A206228,C104810,Savings,146641.86,3.31,Active
A206229,C104810,Salary,244288.18,4.58,Active
A206230,C104811,Savings,68142.91,3.86,Active
A206231,C104812,Savings,144411.52,2.92,Active
A206232,C104813,Current,142614.2,5.94,Active
A206233,C104814,Current,119061.55,4.1,Active
A206234,C104815,Savings,8945.95,5.81,Dormant
A206235,C104816,Savings,106511.16,6.09,Dormant
A206236,C104816,Savings,232566.25,3.22,Dormant
A206237,C104817,Current,29623.28,2.58,Active
A206238,C104818,Premium,168459.26,6.14,Active
A206239,C104818,Savings,18344.01,3.15,Active
A206240,C104819,Current,94437.05,3.76,Active
A206241,C104820,Current,228383.87,2.57,Active
A206242,C104821,Savings,46577.16,6.33,Dormant
A206243,C104822,Premium,284391.24,5.25,Dormant
A206244,C104823,Savings,211853.0,6.19,Active
A206245,C104824,Savings,337697.96,6.37,Active
A206246,C104825,Current,51879.92,5.44,Active
A206247,C104825,Savings,64332.13,2.6,Active
A206248,C104826,Salary,14620.28,4.0,Active
A206249,C104826,Savings,31817.01,3.67,Active
A206250,C104827,Premium,276894.88,4.36,Active
A206251,C104828,Savings,29372.7,4.01,Active
A206252,C104829,Salary,178646.8,5.4,Dormant
A206253,C104830,Savings,131969.23,4.51,Active
A206254,C104831,Premium,86076.64,5.38,Active
A206255,C104831,Savings,67075.92,2.74,Active
A206256,C104832,Savings,129493.34,6.46,Active
A206257,C104833,Savings,206381.15,4.64,Active
A206258,C104834,Salary,234283.05,4.84,Dormant
A206259,C104835,Current,24469.03,2.84,Active
A206260,C104836,Salary,138917.82,6.06,Dormant
A206261,C104837,Savings,147866.17,2.82,Active
A206262,C104837,Salary,56159.14,5.37,Active
A206263,C104838,Savings,28821.78,5.19,Active
A206264,C104838,Savings,43623.6,5.04,Active
A206265,C104839,Current,21088.97,3.91,Active
A206266,C104840,Savings,255049.34,4.87,Dormant
A206267,C104841,Current,39056.12,3.35,Active
A206268,C104842,Current,97288.78,5.95,Active
A206269,C104843,Savings,41548.77,4.64,Dormant
A206270,C104844,Savings,279062.92,4.75,Active
A206271,C104845,Savings,44619.21,4.82,Active
A206272,C104846,Savings,70374.89,4.73,Dormant
A206273,C104846,Salary,164301.04,6.13,Dormant
A206274,C104847,Salary,36851.96,3.86,Active
A206275,C104848,Salary,312531.27,5.5,Active
A206276,C104849,Salary,235952.72,3.18,Dormant
A206277,C104850,Current,189098.1,5.79,Active
A206278,C104850,Savings,102378.54,2.56,Active
A206279,C104851,Savings,216185.27,4.65,Active
A206280,C104851,Salary,138844.81,6.0,Active
A206281,C104852,Premium,155389.93,4.24,Active
A206282,C104853,Salary,94983.61,2.66,Active
A206283,C104853,Salary,244044.05,5.06,Active
A206284,C104854,Salary,30721.46,4.88,Active
A206285,C104855,Savings,190226.88,5.15,Active
A206286,C104856,Salary,70812.1,5.14,Dormant
A206287,C104856,Salary,31816.36,3.14,Active
A206288,C104857,Savings,149188.87,4.44,Active
A206289,C104857,Current,289239.4,3.13,Active
A206290,C104858,Savings,53435.61,6.46,Active
A206291,C104858,Savings,281394.71,4.19,Active
A206292,C104859,Premium,41262.3,4.09,Active
A206293,C104860,Savings,162191.87,5.11,Dormant
A206294,C104861,Savings,119439.96,5.77,Dormant
A206295,C104862,Salary,0.0,4.49,Active
A206296,C104863,Savings,93865.54,3.8,Active
A206297,C104863,Savings,33659.74,4.74,Dormant
A206298,C104864,Savings,262144.73,3.6,Active
A206299,C104865,Premium,11832.78,3.2,Active
A206300,C104866,Salary,228099.31,5.01,Active
A206301,C104866,Savings,156623.4,2.6,Active
A206302,C104867,Salary,31138.26,4.6,Active
A206303,C104867,Savings,117909.3,3.44,Dormant
A206304,C104868,Savings,65702.39,4.76,Active
A206305,C104868,Savings,170911.19,5.26,Active
A206306,C104869,Premium,66018.56,3.23,Active
A206307,C104870,Savings,277248.78,3.65,Active
A206308,C104870,Savings,228519.5,2.81,Active
A206309,C104871,Savings,160983.72,2.97,Dormant
A206310,C104871,Salary,307851.55,5.81,Active
A206311,C104872,Savings,249862.17,4.59,Active
A206312,C104872,Savings,149784.76,3.61,Active
A206313,C104873,Premium,91412.87,4.12,Active
A206314,C104874,Savings,16618.69,3.41,Active
A206315,C104874,Current,125688.79,3.12,Active
A206316,C104875,Savings,99144.86,5.51,Active
A206317,C104875,Savings,149075.1,5.03,Dormant
A206318,C104876,Savings,179477.84,6.28,Dormant
A206319,C104876,Savings,172026.15,4.1,Active
A206320,C104877,Savings,22983.84,4.66,Active
A206321,C104878,Savings,155291.67,4.38,Active
A206322,C104879,Savings,73243.38,5.01,Active
A206323,C104880,Savings,59402.04,5.61,Dormant
A206324,C104881,Savings,254257.34,3.41,Active
A206325,C104882,Savings,68665.98,3.39,Active
A206326,C104883,Salary,45383.59,2.86,Active
A206327,C104884,Savings,76742.64,2.57,Dormant
A206328,C104885,Current,15241.54,3.81,Active
A206329,C104886,Savings,437968.97,6.36,Active
A206330,C104886,Savings,371386.79,3.87,Dormant
A206331,C104887,Savings,36919.5,5.7,Active
A206332,C104887,Salary,64858.0,6.01,Active
A206333,C104888,Savings,304875.76,6.27,Dormant
A206334,C104889,Savings,59333.44,5.83,Active
A206335,C104890,Savings,410172.04,4.18,Dormant
A206336,C104890,Savings,93268.46,6.32,Dormant
A206337,C104891,Savings,129789.01,3.63,Active
A206338,C104892,Salary,123849.13,5.47,Active
A206339,C104893,Salary,27674.88,4.87,Active
A206340,C104894,Salary,114077.94,2.85,Dormant
A206341,C104895,Savings,63610.31,3.84,Active
A206342,C104895,Savings,294437.69,3.2,Active
A206343,C104896,Savings,660743.41,4.93,Active
A206344,C104897,Salary,72274.16,5.76,Dormant
A206345,C104898,Savings,344239.87,5.75,Active
A206346,C104899,Current,24223.3,3.47,Active
A206347,C104900,Salary,144348.69,3.82,Active
A206348,C104900,Salary,76031.18,4.94,Active
A206349,C104901,Current,53012.82,3.45,Active
A206350,C104901,Savings,52886.63,4.12,Dormant
A206351,C104902,Premium,502106.4,4.02,Active
A206352,C104903,Savings,206344.03,4.77,Active
A206353,C104904,Salary,248699.15,2.77,Active
A206354,C104904,Salary,283622.24,5.98,Active
A206355,C104905,Salary,193017.74,4.56,Dormant
A206356,C104906,Savings,69874.34,3.95,Active
A206357,C104907,Savings,210185.53,2.68,Dormant
A206358,C104908,Current,223621.75,3.08,Active
A206359,C104908,Premium,367552.24,4.78,Active
A206360,C104909,Savings,62048.75,3.74,Dormant
A206361,C104910,Savings,60149.73,3.94,Active
A206362,C104910,Salary,99780.38,2.88,Active
A206363,C104911,Savings,125379.22,3.65,Active
A206364,C104912,Savings,8673.79,5.15,Active
A206365,C104913,Savings,195173.57,4.13,Dormant
A206366,C104914,Savings,165905.93,3.11,Active
A206367,C104915,Salary,29067.89,5.04,Dormant
A206368,C104916,Savings,159618.11,4.49,Active
A206369,C104917,Savings,212739.55,4.9,Active
A206370,C104917,Salary,223420.36,4.97,Active
A206371,C104918,Savings,18059.52,5.3,Active
A206372,C104919,Salary,9794.11,6.23,Active
A206373,C104919,Current,30801.67,4.62,Active
A206374,C104920,Savings,16275.86,3.86,Active
A206375,C104921,Savings,170384.52,4.65,Active
A206376,C104922,Premium,165880.98,5.97,Active
A206377,C104923,Premium,296844.75,4.48,Active
A206378,C104923,Salary,123961.96,6.0,Active
A206379,C104924,Savings,31434.4,2.91,Active
A206380,C104925,Savings,16302.44,5.66,Active
A206381,C104926,Savings,256352.94,3.63,Active
A206382,C104927,Salary,176726.35,2.66,Dormant
A206383,C104928,Savings,146613.73,6.5,Active
A206384,C104929,Salary,211259.69,4.4,Dormant
A206385,C104929,Savings,145638.53,5.36,Active
A206386,C104930,Savings,22053.99,3.6,Dormant
A206387,C104931,Savings,281769.77,5.65,Active
A206388,C104932,Salary,148387.68,5.25,Dormant
A206389,C104932,Savings,273754.86,5.72,Dormant
A206390,C104933,Premium,140906.97,6.21,Active
A206391,C104934,Savings,19717.15,5.55,Active
A206392,C104935,Premium,148511.19,6.36,Active
A206393,C104936,Current,147151.99,5.1,Active
A206394,C104936,Premium,16947.36,5.9,Active
A206395,C104937,Savings,63959.5,5.29,Dormant
A206396,C104938,Savings,243456.84,3.42,Active
A206397,C104938,Savings,187118.11,3.83,Active
A206398,C104939,Salary,209854.91,3.68,Dormant
A206399,C104940,Salary,32606.62,6.05,Active
A206400,C104940,Savings,26544.97,5.07,Active
A206401,C104941,Salary,140674.68,4.91,Dormant
A206402,C104942,Salary,67845.8,3.26,Dormant
A206403,C104943,Salary,192105.56,2.86,Active
A206404,C104944,Savings,109349.87,6.29,Active
A206405,C104945,Savings,166009.59,4.99,Active
A206406,C104946,Savings,175472.67,3.75,Active
A206407,C104947,Current,63729.25,4.26,Dormant
A206408,C104948,Savings,362706.67,4.75,Active
A206409,C104949,Current,188393.45,5.62,Active
A206410,C104949,Current,79249.36,4.19,Active
A206411,C104950,Premium,166209.91,2.62,Dormant
A206412,C104951,Current,65316.5,5.39,Active
A206413,C104952,Salary,210261.67,6.43,Active
A206414,C104953,Savings,68382.54,3.4,Active
A206415,C104954,Savings,65212.08,6.44,Active
A206416,C104955,Premium,57174.14,3.01,Dormant
A206417,C104956,Savings,52839.88,2.99,Active
A206418,C104956,Savings,58855.85,4.53,Active
A206419,C104957,Salary,52773.35,6.07,Active
A206420,C104958,Savings,315361.68,3.41,Active
A206421,C104959,Savings,180351.87,4.73,Active
A206422,C104960,Salary,115405.07,5.55,Dormant
A206423,C104961,Salary,298707.18,4.88,Active
A206424,C104962,Savings,308819.33,4.87,Active
A206425,C104963,Savings,45176.46,4.14,Active
A206426,C104964,Salary,30013.34,2.73,Active
A206427,C104965,Savings,198964.76,3.93,Dormant
A206428,C104966,Savings,99191.63,4.28,Dormant
A206429,C104967,Savings,55040.65,3.8,Active
A206430,C104968,Savings,45403.54,3.09,Dormant
A206431,C104968,Premium,164922.45,4.75,Active
A206432,C104969,Premium,283870.83,3.2,Active
A206433,C104969,Current,207609.98,3.69,Active
A206434,C104970,Current,329510.1,4.66,Active
A206435,C104971,Savings,243186.18,5.32,Active
A206436,C104972,Salary,234499.09,3.04,Active
A206437,C104973,Savings,186487.33,4.19,Active
A206438,C104974,Salary,289518.26,5.18,Active
A206439,C104974,Savings,158670.84,4.46,Dormant
A206440,C104975,Savings,218790.52,4.22,Dormant
A206441,C104976,Salary,168324.38,5.62,Dormant
A206442,C104977,Current,115814.64,5.81,Dormant
A206443,C104977,Savings,41348.43,5.43,Dormant
A206444,C104978,Savings,120907.65,4.98,Dormant
A206445,C104979,Salary,53423.11,5.87,Dormant
A206446,C104980,Salary,272490.75,5.79,Active
A206447,C104981,Savings,389322.06,2.89,Active
A206448,C104982,Current,74537.79,2.78,Active
A206449,C104983,Savings,0.0,5.77,Active
A206450,C104983,Current,174632.92,2.9,Active
A206451,C104984,Current,102221.42,6.42,Dormant
A206452,C104984,Salary,349738.57,3.2,Active
A206453,C104985,Salary,120986.04,3.03,Dormant
A206454,C104985,Salary,668.94,5.45,Active
A206455,C104986,Savings,199566.06,5.21,Dormant
A206456,C104987,Premium,271906.55,6.44,Active
A206457,C104987,Savings,297804.66,6.02,Active
A206458,C104988,Current,208975.28,3.18,Active
A206459,C104988,Savings,198079.95,3.46,Active
A206460,C104989,Savings,29691.89,3.79,Dormant
A206461,C104989,Salary,49433.74,6.07,Dormant
A206462,C104990,Savings,302680.28,4.54,Active
A206463,C104990,Salary,242830.07,5.22,Active
A206464,C104991,Current,158210.41,2.65,Dormant
A206465,C104992,Salary,212906.02,3.01,Active
A206466,C104992,Savings,85345.35,3.29,Dormant
A206467,C104993,Savings,60391.2,3.9,Active
A206468,C104994,Savings,68653.79,6.31,Active
A206469,C104995,Savings,239643.08,3.58,Dormant
A206470,C104995,Savings,249025.75,3.88,Active
A206471,C104996,Current,102175.01,4.28,Active
A206472,C104997,Savings,263138.27,5.37,Dormant
A206473,C104997,Salary,425758.9,4.04,Active
A206474,C104998,Savings,154954.46,4.06,Dormant
A206475,C104998,Current,74248.58,5.82,Dormant
A206476,C104999,Savings,194187.35,6.21,Active
A206477,C105000,Current,355776.94,4.52,Active
A206478,C105000,Salary,72498.84,5.62,Active
A206479,C105001,Premium,380833.37,6.04,Active
A206480,C105001,Savings,103578.37,6.31,Active
A206481,C105002,Savings,46821.5,5.96,Active
A206482,C105003,Salary,241025.09,5.12,Dormant
A206483,C105003,Savings,178792.0,5.16,Active
A206484,C105004,Savings,166615.18,4.63,Dormant
A206485,C105005,Salary,205415.98,3.48,Active
A206486,C105005,Savings,156821.34,2.85,Active
A206487,C105006,Savings,329133.54,5.65,Active
A206488,C105007,Savings,31858.53,5.08,Dormant
A206489,C105008,Salary,302765.71,3.93,Active
A206490,C105009,Current,42288.64,2.76,Active
A206491,C105010,Current,531124.62,5.41,Active
A206492,C105010,Savings,553612.22,5.95,Dormant
A206493,C105011,Salary,88618.07,3.26,Active
A206494,C105012,Savings,348218.86,4.97,Dormant
A206495,C105012,Salary,286144.48,3.29,Active
A206496,C105013,Savings,179665.4,3.06,Active
A206497,C105014,Savings,42184.87,5.42,Active
A206498,C105015,Salary,180741.23,5.06,Active
A206499,C105015,Premium,276413.43,3.91,Dormant
A206500,C105016,Savings,53649.48,5.53,Active
A206501,C105016,Premium,245642.7,4.35,Dormant
A206502,C105017,Savings,31753.22,4.48,Active
A206503,C105018,Savings,375588.41,5.24,Active
A206504,C105019,Current,404113.06,4.74,Dormant
A206505,C105020,Current,304751.81,2.88,Active
A206506,C105021,Savings,75776.9,3.91,Dormant
A206507,C105022,Savings,133203.8,4.63,Active
A206508,C105022,Savings,258836.62,4.02,Dormant
A206509,C105023,Premium,10160.25,3.61,Active
A206510,C105024,Savings,165205.19,4.48,Active
A206511,C105025,Savings,55736.32,3.82,Active
A206512,C105025,Salary,226790.95,2.6,Active
A206513,C105026,Savings,19515.32,3.24,Active
A206514,C105027,Current,105795.53,6.02,Active
A206515,C105027,Savings,44419.91,5.9,Active
A206516,C105028,Savings,32581.66,5.5,Active
A206517,C105029,Salary,221811.72,2.89,Active
A206518,C105029,Premium,260062.85,2.8,Active
A206519,C105030,Premium,11184.53,5.82,Active
A206520,C105031,Savings,63054.25,5.0,Dormant
A206521,C105032,Savings,276281.99,6.07,Active
A206522,C105033,Salary,349628.28,3.82,Active
A206523,C105034,Salary,118198.64,6.03,Dormant
A206524,C105034,Savings,34858.2,4.68,Active
A206525,C105035,Salary,38106.82,5.17,Active
A206526,C105036,Savings,62788.67,3.76,Active
A206527,C105037,Current,136894.24,3.9,Active
A206528,C105038,Premium,174464.17,3.76,Active
A206529,C105039,Savings,64249.0,3.39,Active
A206530,C105039,Savings,43847.11,4.54,Active
A206531,C105040,Savings,89142.48,6.15,Dormant
A206532,C105041,Savings,169367.09,2.56,Active
A206533,C105041,Salary,105632.34,6.38,Active
A206534,C105042,Salary,86197.02,5.95,Active
A206535,C105042,Savings,248881.11,4.8,Dormant
A206536,C105043,Premium,316141.74,4.64,Active
A206537,C105044,Salary,195387.01,5.91,Dormant
A206538,C105045,Savings,256363.32,2.75,Active
A206539,C105046,Savings,68842.24,5.19,Active
A206540,C105047,Savings,262043.22,2.94,Active
A206541,C105048,Salary,156825.68,2.98,Active
A206542,C105049,Premium,232527.46,4.32,Active
A206543,C105050,Savings,178357.73,4.56,Active
A206544,C105051,Savings,64632.97,5.3,Active
A206545,C105052,Premium,343957.9,4.64,Active
A206546,C105053,Salary,119139.22,4.17,Dormant
A206547,C105053,Savings,100224.24,6.26,Active
A206548,C105054,Salary,179581.66,4.69,Dormant
A206549,C105054,Salary,9503.92,4.02,Active
A206550,C105055,Salary,228716.99,4.75,Active
A206551,C105055,Savings,219005.51,4.33,Dormant
A206552,C105056,Savings,148909.33,3.19,Active
A206553,C105057,Salary,83916.1,5.65,Active
A206554,C105057,Salary,220118.59,6.09,Active
A206555,C105058,Salary,179362.49,4.6,Active
A206556,C105058,Premium,202789.97,4.8,Active
A206557,C105059,Savings,110861.26,2.55,Active
A206558,C105060,Premium,36874.59,4.35,Active
A206559,C105061,Savings,105440.7,3.72,Active
A206560,C105062,Salary,214737.04,3.65,Active
A206561,C105063,Savings,227365.21,4.09,Dormant
A206562,C105064,Premium,143822.16,5.81,Active
A206563,C105065,Salary,28504.37,5.75,Active
A206564,C105066,Salary,105826.84,4.84,Dormant
A206565,C105066,Savings,131749.57,4.22,Active
A206566,C105067,Salary,115715.77,4.89,Dormant
A206567,C105067,Savings,30322.5,2.67,Active
A206568,C105068,Salary,69102.23,4.25,Dormant
A206569,C105069,Savings,86143.19,5.68,Active
A206570,C105070,Salary,202079.89,2.94,Active
A206571,C105071,Current,3694.31,5.13,Active
A206572,C105071,Salary,45290.61,5.89,Active
A206573,C105072,Premium,139086.35,4.1,Active
A206574,C105072,Current,126702.29,6.11,Active
A206575,C105073,Savings,0.0,5.95,Active
A206576,C105074,Premium,178419.16,5.46,Active
A206577,C105075,Current,290709.77,5.71,Active
A206578,C105076,Savings,124538.2,2.82,Active
A206579,C105076,Savings,145715.05,6.13,Dormant
A206580,C105077,Salary,22225.41,5.24,Active
A206581,C105078,Savings,95738.06,5.95,Active
A206582,C105078,Premium,271502.77,5.85,Active
A206583,C105079,Savings,194288.39,4.78,Active
A206584,C105080,Savings,147460.82,6.19,Active
A206585,C105080,Salary,231450.78,3.89,Active
A206586,C105081,Salary,139618.2,3.41,Active
A206587,C105082,Premium,94343.75,5.84,Active
A206588,C105082,Premium,36708.31,6.46,Active
A206589,C105083,Current,158381.55,5.99,Active
A206590,C105084,Premium,145914.5,3.34,Dormant
A206591,C105085,Savings,32788.49,3.96,Active
A206592,C105086,Savings,222866.62,3.95,Active
A206593,C105087,Savings,64493.28,3.13,Active
A206594,C105087,Premium,82728.26,4.9,Active
A206595,C105088,Premium,4124.95,4.18,Dormant
A206596,C105089,Savings,80491.1,5.44,Dormant
A206597,C105089,Savings,300814.36,5.55,Active
A206598,C105090,Savings,375457.88,5.6,Active
A206599,C105091,Salary,95156.58,3.84,Active
A206600,C105092,Premium,175626.51,3.19,Active
A206601,C105093,Premium,445232.08,4.62,Active
A206602,C105093,Premium,70502.36,4.74,Active
A206603,C105094,Current,24072.75,5.29,Active
A206604,C105095,Savings,40667.04,6.17,Dormant
A206605,C105096,Savings,146078.58,3.45,Active
A206606,C105097,Savings,66300.11,6.13,Active
A206607,C105098,Salary,140365.16,6.02,Active
A206608,C105099,Savings,63901.23,4.58,Dormant
A206609,C105099,Savings,152720.27,5.89,Dormant
A206610,C105100,Savings,79045.0,5.55,Active
A206611,C105100,Current,163661.6,6.5,Active
A206612,C105101,Savings,169268.23,4.42,Active
A206613,C105102,Salary,32810.96,5.74,Dormant
A206614,C105102,Savings,46204.49,6.26,Dormant
A206615,C105103,Savings,159968.33,4.73,Dormant
A206616,C105104,Savings,217642.71,4.91,Active
A206617,C105104,Current,185819.19,4.83,Active
A206618,C105105,Current,91527.57,5.06,Active
A206619,C105106,Premium,56523.53,4.32,Active
A206620,C105107,Savings,84710.0,6.45,Dormant
A206621,C105108,Premium,87562.14,6.39,Active
A206622,C105108,Current,22593.97,3.19,Active
A206623,C105109,Savings,211000.53,2.63,Active
A206624,C105110,Savings,130062.49,4.27,Dormant
A206625,C105111,Current,307175.23,4.99,Dormant
A206626,C105112,Savings,118715.37,5.81,Dormant
A206627,C105112,Savings,154214.09,6.41,Active
A206628,C105113,Savings,3590.56,2.69,Active
A206629,C105114,Savings,267202.79,3.39,Dormant
A206630,C105114,Salary,289473.26,3.89,Active
A206631,C105115,Savings,316385.94,5.86,Active
A206632,C105116,Premium,47644.52,6.38,Dormant
A206633,C105117,Savings,273629.79,2.54,Active
A206634,C105118,Savings,393329.01,6.24,Dormant
A206635,C105118,Savings,137032.49,5.49,Dormant
A206636,C105119,Salary,71080.14,5.15,Active
A206637,C105120,Premium,41573.89,3.16,Active
A206638,C105120,Salary,74780.11,5.14,Dormant
A206639,C105121,Current,171171.08,5.51,Active
A206640,C105122,Savings,380538.43,2.88,Active
A206641,C105123,Salary,183442.94,5.09,Active
A206642,C105124,Savings,54718.24,3.93,Active
A206643,C105125,Savings,101264.08,5.66,Dormant
A206644,C105125,Savings,197100.54,4.73,Active
A206645,C105126,Savings,167998.97,5.21,Dormant
A206646,C105127,Savings,47914.46,5.63,Dormant
A206647,C105127,Premium,35882.19,4.8,Active
A206648,C105128,Savings,236112.0,5.28,Active
A206649,C105128,Savings,142281.98,4.24,Active
A206650,C105129,Current,0.0,4.95,Active
A206651,C105130,Current,29851.11,5.82,Active
A206652,C105130,Savings,22699.83,4.71,Dormant
A206653,C105131,Savings,54722.78,4.33,Dormant
A206654,C105132,Savings,207780.34,6.31,Active
A206655,C105133,Salary,109691.54,5.75,Active
A206656,C105134,Savings,198010.66,3.75,Dormant
A206657,C105135,Salary,265515.06,6.23,Active
A206658,C105136,Salary,373202.88,5.27,Active
A206659,C105137,Savings,471735.61,5.68,Active
A206660,C105138,Salary,144434.97,5.43,Active
A206661,C105138,Current,39176.06,3.98,Active
A206662,C105139,Savings,81812.76,6.43,Active
A206663,C105140,Salary,100449.04,5.41,Active
A206664,C105141,Savings,224521.9,6.43,Dormant
A206665,C105142,Savings,0.0,4.21,Dormant
A206666,C105142,Savings,107277.03,4.03,Active
A206667,C105143,Savings,303025.34,4.65,Active
A206668,C105144,Savings,292249.94,5.07,Active
A206669,C105145,Savings,71817.95,2.75,Active
A206670,C105145,Salary,70490.06,6.16,Active
A206671,C105146,Savings,36070.29,2.85,Active
A206672,C105147,Savings,44900.54,3.94,Active
A206673,C105148,Premium,30036.06,5.82,Active
A206674,C105148,Current,50296.98,6.27,Dormant
A206675,C105149,Savings,104607.39,4.73,Active
A206676,C105150,Salary,212068.4,3.5,Active
A206677,C105151,Savings,61848.31,5.84,Active
A206678,C105152,Savings,129140.78,5.48,Dormant
A206679,C105153,Savings,181345.85,5.99,Active
A206680,C105154,Savings,9165.28,5.45,Dormant
A206681,C105155,Savings,92152.79,6.38,Active
A206682,C105156,Savings,174117.11,2.93,Active
A206683,C105156,Current,92862.6,3.02,Active
A206684,C105157,Premium,146567.56,5.63,Active
A206685,C105158,Savings,43704.73,3.74,Active
A206686,C105158,Savings,99334.49,3.72,Active
A206687,C105159,Savings,215325.05,5.97,Active
A206688,C105160,Savings,89025.29,2.82,Active
A206689,C105161,Savings,294304.26,5.24,Active
A206690,C105161,Savings,187665.69,5.43,Active
A206691,C105162,Salary,172963.71,5.28,Active
A206692,C105163,Salary,32615.23,6.09,Active
A206693,C105164,Salary,2058.5,4.05,Active
A206694,C105164,Savings,289525.45,2.84,Active
A206695,C105165,Savings,139797.43,6.26,Active
A206696,C105165,Savings,69414.02,3.48,Active
A206697,C105166,Salary,16595.72,4.96,Dormant
A206698,C105167,Salary,28154.32,4.61,Active
A206699,C105168,Savings,23947.15,5.75,Active
A206700,C105169,Savings,146788.37,6.38,Active
A206701,C105170,Savings,231624.32,3.58,Active
A206702,C105171,Premium,165927.4,2.63,Active
A206703,C105172,Salary,82021.4,5.51,Active
A206704,C105173,Salary,76775.42,4.34,Active
A206705,C105173,Salary,114019.59,6.06,Dormant
A206706,C105174,Savings,161363.07,5.51,Dormant
A206707,C105174,Savings,200055.92,5.42,Active
A206708,C105175,Savings,337827.4,2.76,Dormant
A206709,C105176,Savings,68715.6,2.87,Active
A206710,C105177,Savings,676440.53,2.81,Active
A206711,C105178,Salary,7660.99,5.44,Active
A206712,C105179,Savings,0.0,4.99,Active
A206713,C105180,Savings,59586.75,4.12,Active
A206714,C105181,Savings,129779.83,3.66,Active
A206715,C105182,Salary,255560.41,4.06,Dormant
A206716,C105183,Savings,190608.06,2.55,Active
A206717,C105184,Salary,181313.43,4.37,Active
A206718,C105185,Savings,78382.17,6.1,Active
A206719,C105186,Premium,233102.6,5.88,Active
A206720,C105186,Salary,263208.6,4.57,Dormant
A206721,C105187,Savings,56440.65,4.87,Active
A206722,C105187,Savings,164126.16,4.65,Active
A206723,C105188,Savings,80069.12,5.84,Dormant
A206724,C105188,Savings,108417.1,5.78,Active
A206725,C105189,Savings,151021.59,4.26,Active
A206726,C105189,Savings,194457.01,4.06,Active
A206727,C105190,Savings,29081.49,4.54,Active
A206728,C105191,Salary,208944.36,6.26,Active
A206729,C105192,Salary,105399.88,3.39,Dormant
A206730,C105193,Salary,340509.11,2.65,Active
A206731,C105194,Savings,32859.51,6.15,Active
A206732,C105194,Savings,139435.65,4.47,Active
A206733,C105195,Savings,56536.22,2.91,Active
A206734,C105196,Savings,237983.23,3.59,Active
A206735,C105196,Current,121621.68,5.76,Active
A206736,C105197,Salary,108706.51,4.85,Active
A206737,C105198,Premium,268688.17,4.08,Active
A206738,C105199,Savings,95324.98,6.26,Dormant
A206739,C105200,Salary,127724.37,5.32,Active
A206740,C105201,Premium,127901.94,4.5,Active
A206741,C105201,Savings,103204.95,4.99,Active
A206742,C105202,Savings,153213.51,6.5,Dormant
A206743,C105202,Savings,1043.63,4.53,Active
A206744,C105203,Premium,335349.27,2.89,Dormant
A206745,C105204,Premium,220141.46,3.63,Dormant
A206746,C105205,Premium,315902.92,3.67,Active
A206747,C105205,Savings,309811.67,6.15,Active
A206748,C105206,Premium,70372.78,3.61,Active
A206749,C105207,Salary,50253.56,4.69,Active
A206750,C105208,Savings,99306.88,2.94,Active
A206751,C105208,Savings,208168.58,2.55,Active
A206752,C105209,Savings,112319.0,3.49,Dormant
A206753,C105210,Savings,128304.65,4.13,Active
A206754,C105210,Savings,382547.14,3.1,Active
A206755,C105211,Savings,32438.2,2.84,Dormant
A206756,C105211,Current,252141.67,5.76,Active
A206757,C105212,Savings,60617.06,6.32,Active
A206758,C105213,Savings,87969.47,6.13,Active
A206759,C105214,Premium,328286.17,3.19,Dormant
A206760,C105214,Savings,252728.28,6.46,Active
A206761,C105215,Salary,152657.15,3.54,Active
A206762,C105216,Savings,421936.16,5.98,Active
A206763,C105217,Savings,171539.11,2.98,Active
A206764,C105218,Salary,129227.66,4.65,Active
A206765,C105218,Savings,85161.68,3.56,Active
A206766,C105219,Savings,44859.45,4.52,Active
A206767,C105219,Savings,263259.35,4.8,Active
A206768,C105220,Savings,138588.86,4.53,Active
A206769,C105220,Savings,56729.85,3.34,Active
A206770,C105221,Savings,156873.64,4.91,Active
A206771,C105221,Salary,116851.71,4.58,Active
A206772,C105222,Savings,550555.01,5.32,Active
A206773,C105223,Premium,52829.73,5.04,Active
A206774,C105223,Current,340696.0,5.89,Dormant
A206775,C105224,Salary,442464.64,3.07,Active
A206776,C105225,Current,213388.04,5.47,Active
A206777,C105226,Savings,593809.87,4.52,Active
A206778,C105227,Current,226219.32,2.6,Dormant
A206779,C105227,Salary,224500.74,4.54,Active
A206780,C105228,Savings,93838.8,4.44,Active
A206781,C105229,Savings,15366.73,3.16,Active
A206782,C105230,Salary,221029.25,4.58,Active
A206783,C105230,Savings,103503.26,6.42,Dormant
A206784,C105231,Savings,7392.33,3.84,Active
A206785,C105232,Savings,30654.41,3.22,Active
A206786,C105233,Premium,55822.36,3.44,Active
A206787,C105233,Savings,95547.03,5.2,Active
A206788,C105234,Savings,21399.25,5.18,Dormant
A206789,C105234,Salary,94047.59,4.74,Dormant
A206790,C105235,Premium,214505.51,3.04,Active
A206791,C105236,Savings,20047.23,4.55,Active
A206792,C105236,Premium,202672.9,6.48,Active
A206793,C105237,Savings,91360.17,4.89,Active
A206794,C105238,Savings,15821.09,6.15,Active
A206795,C105239,Current,187148.47,5.34,Active
A206796,C105239,Savings,180618.7,4.83,Active
A206797,C105240,Savings,30254.48,4.94,Active
A206798,C105241,Savings,65797.3,4.47,Active
A206799,C105242,Salary,26489.6,4.49,Active
A206800,C105243,Savings,193610.69,5.85,Active
A206801,C105243,Savings,97160.38,4.68,Active
A206802,C105244,Salary,104937.72,2.56,Active
A206803,C105244,Salary,258235.74,2.97,Active
A206804,C105245,Savings,115800.07,5.23,Active
A206805,C105246,Premium,257547.0,5.3,Active
A206806,C105246,Savings,201308.05,5.93,Active
A206807,C105247,Savings,47882.6,4.75,Active
A206808,C105248,Savings,165697.71,4.71,Active
A206809,C105248,Savings,55348.15,6.3,Active
A206810,C105249,Salary,56813.04,5.24,Active
A206811,C105250,Savings,104493.62,5.32,Dormant
A206812,C105251,Salary,102525.7,6.45,Active
A206813,C105252,Savings,53480.19,4.87,Active
A206814,C105252,Savings,19837.86,4.51,Dormant
A206815,C105253,Savings,43842.38,4.97,Active
A206816,C105254,Savings,135907.13,2.86,Active
A206817,C105255,Premium,276133.9,4.44,Active
A206818,C105256,Savings,19764.12,5.44,Active
A206819,C105256,Savings,19761.39,2.87,Dormant
A206820,C105257,Salary,187252.05,6.29,Dormant
A206821,C105258,Savings,85501.85,5.43,Dormant
A206822,C105259,Savings,44868.13,4.63,Active
A206823,C105259,Savings,20547.42,4.86,Dormant
A206824,C105260,Salary,336824.63,3.66,Dormant
A206825,C105261,Savings,69267.95,4.35,Dormant
A206826,C105261,Premium,67231.73,5.59,Active
A206827,C105262,Savings,31916.76,4.3,Active
A206828,C105263,Savings,114851.07,5.03,Active
A206829,C105264,Salary,223094.21,5.06,Dormant
A206830,C105264,Premium,26260.94,3.54,Dormant
A206831,C105265,Salary,184819.05,5.21,Dormant
A206832,C105266,Savings,118264.93,2.87,Active
A206833,C105267,Salary,143519.78,6.15,Active
A206834,C105268,Savings,181483.17,3.53,Active
A206835,C105269,Premium,279862.7,3.93,Active
A206836,C105270,Savings,257905.57,3.73,Active
A206837,C105271,Salary,56365.75,4.06,Active
A206838,C105272,Savings,129376.94,4.57,Active
A206839,C105273,Savings,370002.09,5.08,Active
A206840,C105274,Savings,135922.64,5.66,Active
A206841,C105275,Savings,151072.0,5.58,Active
A206842,C105276,Savings,99243.71,5.25,Dormant
A206843,C105277,Savings,52896.36,3.2,Active
A206844,C105278,Salary,172529.48,4.06,Active
A206845,C105279,Salary,9219.68,2.65,Active
A206846,C105280,Current,235692.81,3.51,Active
A206847,C105281,Savings,11324.09,2.88,Active
A206848,C105282,Savings,134771.15,6.03,Active
A206849,C105283,Savings,31057.96,4.66,Active
A206850,C105283,Savings,45331.1,4.45,Active
A206851,C105284,Salary,126160.01,5.45,Active
A206852,C105285,Current,168739.01,4.75,Active
A206853,C105286,Savings,35673.93,4.72,Active
A206854,C105287,Savings,115547.13,4.44,Active
A206855,C105287,Salary,74658.58,3.14,Dormant
A206856,C105288,Salary,170367.73,5.69,Active
A206857,C105289,Current,157567.41,2.95,Dormant
A206858,C105290,Salary,157521.88,6.15,Active
A206859,C105291,Savings,42436.87,4.11,Active
A206860,C105291,Salary,168546.46,4.76,Active
A206861,C105292,Savings,256038.46,5.46,Dormant
A206862,C105292,Salary,79719.46,2.51,Active
A206863,C105293,Savings,234131.81,5.17,Active
A206864,C105293,Savings,177322.16,5.15,Active
A206865,C105294,Savings,36692.31,4.92,Active
A206866,C105295,Salary,393780.81,4.82,Dormant
A206867,C105295,Savings,424346.82,6.02,Active
A206868,C105296,Savings,199953.2,2.58,Active
A206869,C105297,Savings,93481.76,3.43,Active
A206870,C105298,Savings,69907.9,4.2,Dormant
A206871,C105299,Savings,242230.88,3.78,Active
A206872,C105300,Current,302470.63,4.44,Dormant
A206873,C105300,Premium,278943.22,4.32,Dormant
A206874,C105301,Premium,238785.63,3.91,Dormant
A206875,C105302,Premium,125883.19,4.34,Active
A206876,C105303,Savings,264844.26,4.43,Active
A206877,C105303,Salary,169069.06,5.0,Active
A206878,C105304,Savings,21309.63,5.85,Dormant
A206879,C105304,Savings,29556.65,4.87,Dormant
A206880,C105305,Premium,159529.64,6.21,Active
A206881,C105305,Savings,330223.51,5.18,Dormant
A206882,C105306,Savings,195874.34,3.01,Active
A206883,C105307,Savings,37404.12,5.65,Active
A206884,C105307,Savings,20234.13,5.17,Active
A206885,C105308,Premium,209397.96,3.22,Active
A206886,C105309,Savings,37291.83,2.83,Active
A206887,C105310,Salary,166811.2,5.15,Active
A206888,C105310,Salary,153744.84,5.16,Dormant
A206889,C105311,Savings,30523.06,3.79,Active
A206890,C105312,Savings,28723.5,6.22,Active
A206891,C105313,Salary,96551.88,3.23,Active
A206892,C105314,Salary,474202.44,4.63,Active
A206893,C105314,Savings,406422.44,3.17,Dormant
A206894,C105315,Current,291988.14,4.2,Active
A206895,C105316,Current,223813.29,4.87,Dormant
A206896,C105317,Savings,144840.98,3.76,Active
A206897,C105318,Current,56846.5,4.0,Active
A206898,C105318,Salary,103577.41,5.08,Active
A206899,C105319,Salary,43148.72,6.06,Active
A206900,C105320,Savings,153298.24,3.88,Active
A206901,C105321,Premium,175486.97,5.44,Active
A206902,C105321,Salary,250672.11,6.13,Active
A206903,C105322,Savings,521799.98,3.71,Dormant
A206904,C105323,Salary,66180.19,3.4,Active
A206905,C105323,Premium,17424.57,5.31,Active
A206906,C105324,Current,132980.63,2.55,Active
A206907,C105325,Salary,316999.12,5.82,Active
A206908,C105326,Premium,274689.75,2.53,Dormant
A206909,C105326,Savings,254417.56,4.57,Active
A206910,C105327,Savings,220674.28,6.31,Active
A206911,C105328,Savings,189608.93,4.14,Active
A206912,C105329,Premium,33742.9,4.87,Active
A206913,C105330,Salary,87460.62,6.4,Active
A206914,C105331,Savings,195228.22,4.8,Active
A206915,C105332,Savings,92027.85,4.05,Active
A206916,C105333,Savings,35842.51,3.57,Active
A206917,C105333,Savings,138943.77,4.42,Active
A206918,C105334,Savings,110216.68,6.14,Active
A206919,C105335,Savings,40011.28,4.33,Active
A206920,C105335,Salary,32198.51,2.71,Dormant
A206921,C105336,Salary,393041.43,4.42,Active
A206922,C105337,Savings,28914.87,3.3,Active
A206923,C105338,Savings,148213.38,2.98,Active
A206924,C105339,Premium,163639.09,3.39,Active
A206925,C105339,Savings,408550.64,3.61,Active
A206926,C105340,Salary,92710.56,2.57,Dormant
A206927,C105341,Savings,306871.01,6.24,Active
A206928,C105342,Current,138727.33,5.29,Dormant
A206929,C105343,Savings,9224.19,5.58,Active
A206930,C105344,Premium,54308.5,2.79,Active
A206931,C105345,Savings,103466.25,4.75,Active
A206932,C105345,Salary,84244.95,4.46,Dormant
A206933,C105346,Savings,73323.83,4.17,Active
A206934,C105347,Salary,143687.78,5.89,Active
A206935,C105347,Savings,95086.44,5.43,Active
A206936,C105348,Salary,428260.42,3.1,Active
A206937,C105349,Savings,60964.6,3.55,Dormant
A206938,C105350,Savings,208087.92,5.98,Active
A206939,C105351,Premium,110919.72,4.66,Dormant
A206940,C105352,Savings,240452.86,5.03,Active
A206941,C105353,Current,0.0,5.12,Dormant
A206942,C105354,Salary,87587.95,3.54,Dormant
A206943,C105354,Premium,161335.03,5.27,Active
A206944,C105355,Salary,122223.73,6.43,Active
A206945,C105355,Current,292043.38,6.47,Active
A206946,C105356,Savings,445712.14,4.61,Active
A206947,C105356,Savings,308944.84,2.54,Active
A206948,C105357,Savings,27661.67,6.26,Active
A206949,C105357,Salary,234938.94,4.53,Active
A206950,C105358,Savings,124286.2,4.88,Active
A206951,C105359,Salary,328964.97,4.44,Active
A206952,C105360,Premium,184840.6,3.5,Dormant
A206953,C105361,Salary,123653.99,4.36,Active
A206954,C105361,Premium,186550.27,5.25,Dormant
A206955,C105362,Salary,199184.09,5.99,Active
A206956,C105363,Salary,350017.11,4.19,Active
A206957,C105364,Salary,33557.21,5.77,Active
A206958,C105365,Savings,100551.6,3.4,Dormant
A206959,C105366,Savings,111362.93,4.68,Active
A206960,C105367,Savings,145871.28,5.43,Active
A206961,C105367,Savings,444433.38,3.0,Active
A206962,C105368,Current,125978.73,2.77,Active
A206963,C105369,Savings,45053.12,4.09,Active
A206964,C105369,Savings,76200.55,4.39,Active
A206965,C105370,Savings,38419.64,4.23,Active
A206966,C105371,Savings,228563.26,4.27,Active
A206967,C105372,Savings,28309.92,5.58,Active
A206968,C105373,Salary,69078.62,6.14,Active
A206969,C105374,Premium,193567.63,4.23,Active
A206970,C105375,Savings,152239.78,5.16,Dormant
A206971,C105375,Salary,107092.75,3.05,Active
A206972,C105376,Savings,41434.83,4.56,Dormant
A206973,C105377,Current,103424.89,4.93,Active
A206974,C105377,Salary,58863.36,4.41,Active
A206975,C105378,Savings,104149.24,4.72,Active
A206976,C105378,Current,873.11,5.54,Active
A206977,C105379,Savings,316706.7,5.55,Active
A206978,C105380,Salary,250933.38,2.5,Active
A206979,C105381,Premium,484740.02,6.37,Dormant
A206980,C105381,Premium,136682.02,5.51,Active
A206981,C105382,Savings,145039.68,5.19,Active
A206982,C105383,Premium,166160.9,5.89,Active
A206983,C105384,Current,132323.57,5.43,Active
A206984,C105385,Current,259234.49,3.64,Dormant
A206985,C105386,Savings,42378.7,4.86,Dormant
A206986,C105387,Current,238225.23,2.97,Dormant
A206987,C105388,Salary,190744.46,4.72,Active
A206988,C105389,Salary,128998.1,6.21,Active
A206989,C105389,Savings,156825.83,6.3,Active
A206990,C105390,Savings,92907.38,5.61,Active
A206991,C105391,Savings,4236.0,5.25,Active
A206992,C105391,Savings,29529.6,5.35,Dormant
A206993,C105392,Premium,355397.94,4.01,Active
A206994,C105392,Savings,311063.9,4.94,Active
A206995,C105393,Salary,125719.18,5.72,Active
A206996,C105394,Savings,176056.84,4.14,Active
A206997,C105394,Savings,64917.38,3.13,Active
A206998,C105395,Savings,9619.83,5.71,Active
A206999,C105396,Savings,10424.38,2.79,Active
A207000,C105396,Salary,128479.27,3.63,Active
A207001,C105397,Savings,145977.4,5.55,Active
A207002,C105397,Savings,84545.61,3.44,Active
A207003,C105398,Premium,111961.43,4.57,Active
A207004,C105399,Salary,39574.08,3.03,Active
A207005,C105400,Current,85786.53,3.06,Active
A207006,C105401,Savings,53810.65,4.97,Active
A207007,C105402,Current,285468.61,4.85,Dormant
A207008,C105402,Savings,461084.32,4.67,Active
A207009,C105403,Salary,391764.39,5.3,Dormant
A207010,C105404,Premium,207043.23,2.62,Active
A207011,C105405,Salary,243357.11,3.27,Active
A207012,C105406,Salary,120816.02,5.44,Dormant
A207013,C105406,Savings,230391.6,4.48,Active
A207014,C105407,Premium,307924.61,6.35,Dormant
A207015,C105407,Savings,423480.8,3.27,Active
A207016,C105408,Savings,147495.98,3.28,Dormant
A207017,C105408,Savings,104494.27,3.84,Dormant
A207018,C105409,Savings,330534.91,3.7,Dormant
A207019,C105409,Current,325337.27,5.61,Active
A207020,C105410,Savings,28371.19,3.27,Active
A207021,C105410,Premium,245184.14,6.32,Dormant
A207022,C105411,Savings,226700.55,5.66,Active
A207023,C105412,Current,122272.62,4.72,Active
A207024,C105413,Savings,79908.39,4.55,Active
A207025,C105414,Savings,80398.54,2.6,Active
A207026,C105415,Savings,132818.73,6.2,Active
A207027,C105416,Savings,72494.21,4.83,Active
A207028,C105416,Salary,95080.05,5.69,Dormant
A207029,C105417,Salary,0.0,5.54,Active
A207030,C105417,Salary,376019.49,4.51,Active
A207031,C105418,Savings,154030.09,4.7,Dormant
A207032,C105418,Salary,115291.79,4.81,Active
A207033,C105419,Savings,49610.08,4.18,Dormant
A207034,C105420,Current,158905.68,3.21,Dormant
A207035,C105421,Savings,136910.45,4.58,Dormant
A207036,C105421,Salary,334162.47,6.16,Dormant
A207037,C105422,Salary,147744.39,5.13,Dormant
A207038,C105422,Savings,51785.64,5.23,Active
A207039,C105423,Savings,182103.68,3.32,Active
A207040,C105424,Savings,124388.74,4.3,Active
A207041,C105425,Savings,118198.55,6.01,Active
A207042,C105426,Premium,212390.39,3.96,Active
A207043,C105426,Savings,0.0,5.24,Active
A207044,C105427,Savings,58371.17,3.65,Dormant
A207045,C105428,Salary,72604.73,4.31,Dormant
A207046,C105428,Savings,84580.5,6.35,Active
A207047,C105429,Savings,100659.34,5.3,Active
A207048,C105429,Salary,35818.84,2.83,Active
A207049,C105430,Current,105263.59,3.48,Active
A207050,C105431,Savings,316990.35,4.6,Dormant
A207051,C105432,Current,80827.14,5.56,Dormant
A207052,C105432,Savings,243281.99,6.4,Active
A207053,C105433,Savings,116008.05,2.89,Active
A207054,C105433,Savings,187212.22,2.85,Active
A207055,C105434,Salary,249678.28,5.94,Active
A207056,C105435,Premium,45032.11,4.01,Active
A207057,C105436,Savings,66745.99,4.27,Active
A207058,C105437,Savings,10248.62,3.83,Dormant
A207059,C105437,Savings,29104.39,2.72,Active
A207060,C105438,Salary,51206.41,6.16,Active
A207061,C105439,Savings,134158.17,3.73,Active
A207062,C105440,Savings,75190.65,2.61,Active
A207063,C105441,Current,82348.04,3.31,Active
A207064,C105442,Salary,202870.83,6.45,Dormant
A207065,C105443,Savings,199601.91,5.53,Dormant
A207066,C105444,Salary,82099.47,5.07,Dormant
A207067,C105445,Salary,47847.63,3.62,Active
A207068,C105446,Savings,225851.53,6.27,Active
A207069,C105447,Salary,247093.34,4.98,Active
A207070,C105448,Savings,202209.59,4.97,Active
A207071,C105449,Savings,56901.5,4.27,Active
A207072,C105450,Savings,227977.97,2.5,Active
A207073,C105451,Savings,50843.13,6.34,Dormant
A207074,C105452,Salary,281259.67,6.27,Active
A207075,C105453,Premium,73833.17,4.77,Active
A207076,C105454,Salary,6927.58,3.49,Active
A207077,C105455,Savings,87890.54,3.35,Active
A207078,C105456,Premium,49215.53,5.71,Active
A207079,C105457,Savings,137921.76,6.2,Active
A207080,C105457,Savings,195183.9,4.26,Active
A207081,C105458,Savings,217710.42,6.05,Active
A207082,C105458,Savings,164310.95,3.25,Dormant
A207083,C105459,Salary,141403.78,6.05,Active
A207084,C105460,Savings,232962.3,5.86,Dormant
A207085,C105461,Savings,260010.29,2.86,Dormant
A207086,C105462,Current,149237.17,5.91,Dormant
A207087,C105463,Savings,338765.73,5.93,Active
A207088,C105463,Savings,131287.91,4.7,Active
A207089,C105464,Current,46436.39,3.92,Active
A207090,C105465,Savings,7646.78,2.71,Dormant
A207091,C105466,Savings,112701.22,2.69,Active
A207092,C105467,Salary,59409.43,4.04,Active
A207093,C105467,Salary,115007.0,5.97,Active
A207094,C105468,Savings,90737.2,5.08,Active
A207095,C105469,Salary,95101.32,6.15,Dormant
A207096,C105470,Current,113190.62,4.54,Active
A207097,C105471,Savings,157516.59,4.47,Active
A207098,C105472,Salary,207789.15,5.16,Active
A207099,C105473,Savings,162401.08,3.22,Dormant
A207100,C105474,Savings,108748.15,4.62,Active
A207101,C105475,Savings,119106.89,4.49,Active
A207102,C105476,Savings,142931.87,6.31,Active
A207103,C105476,Salary,159265.62,5.74,Active
A207104,C105477,Savings,53972.22,6.18,Active
A207105,C105477,Current,216506.43,5.14,Active
A207106,C105478,Salary,102941.59,2.6,Active
A207107,C105478,Salary,259568.32,5.55,Active
A207108,C105479,Salary,46186.36,3.18,Active
A207109,C105480,Savings,83271.46,4.71,Dormant
A207110,C105480,Savings,78333.63,5.84,Active
A207111,C105481,Savings,54923.48,5.97,Active
A207112,C105482,Current,142093.99,6.03,Dormant
A207113,C105482,Savings,92426.82,2.67,Dormant
A207114,C105483,Savings,70593.43,4.36,Active
A207115,C105484,Savings,25172.21,3.87,Active
A207116,C105485,Savings,411523.24,2.79,Active
A207117,C105485,Salary,305567.83,4.4,Active
A207118,C105486,Savings,137863.3,2.7,Dormant
A207119,C105486,Current,145336.27,4.39,Active
A207120,C105487,Savings,271063.97,3.03,Dormant
A207121,C105487,Savings,46427.45,6.41,Active
A207122,C105488,Savings,44993.35,3.0,Dormant
A207123,C105489,Salary,243623.46,2.62,Active
A207124,C105490,Salary,441016.06,5.75,Dormant
A207125,C105491,Savings,164571.69,3.4,Active
A207126,C105491,Savings,115324.12,6.46,Active
A207127,C105492,Salary,83624.37,3.06,Active
A207128,C105493,Savings,132999.32,2.56,Active
A207129,C105493,Savings,374385.86,5.49,Active
A207130,C105494,Savings,62060.43,3.6,Active
A207131,C105495,Premium,14697.71,4.33,Dormant
A207132,C105496,Savings,41135.44,6.44,Dormant
A207133,C105496,Salary,138517.52,3.73,Active
A207134,C105497,Savings,88036.58,5.09,Active
A207135,C105498,Salary,166281.59,3.17,Active
A207136,C105499,Salary,112414.27,4.67,Active
A207137,C105500,Current,249795.03,3.95,Active
A207138,C105500,Premium,114825.22,3.53,Dormant
A207139,C105501,Current,141851.66,2.93,Active
A207140,C105502,Salary,20846.53,4.32,Active
A207141,C105503,Savings,198249.43,3.73,Active
A207142,C105504,Current,40950.19,4.95,Active
A207143,C105505,Salary,116821.86,4.87,Active
A207144,C105505,Current,83529.92,3.73,Active
A207145,C105506,Savings,72871.64,3.6,Active
A207146,C105507,Savings,83949.06,3.52,Dormant
A207147,C105507,Savings,66084.77,2.72,Active
A207148,C105508,Savings,154329.78,4.18,Dormant
A207149,C105509,Savings,99274.81,3.03,Active
A207150,C105509,Current,111740.46,5.77,Active
A207151,C105510,Salary,307238.03,5.96,Active
A207152,C105511,Savings,0.0,3.77,Active
A207153,C105511,Savings,149590.34,6.17,Active
A207154,C105512,Salary,80324.97,3.91,Active
A207155,C105513,Savings,50759.69,4.99,Active
A207156,C105514,Salary,49363.84,3.65,Active
A207157,C105515,Salary,198359.39,5.21,Active
A207158,C105515,Savings,63177.47,2.52,Active
A207159,C105516,Premium,95987.61,4.87,Active
A207160,C105517,Savings,221153.1,4.14,Active
A207161,C105518,Savings,72230.88,6.29,Active
A207162,C105518,Salary,406364.9,3.18,Active
A207163,C105519,Savings,20976.03,3.86,Active
A207164,C105519,Salary,25999.48,5.78,Active
A207165,C105520,Salary,38572.3,2.95,Active
A207166,C105520,Savings,30695.23,2.96,Dormant
A207167,C105521,Savings,166496.01,4.84,Active
A207168,C105522,Salary,97966.7,4.75,Active
A207169,C105523,Savings,347446.03,4.06,Dormant
A207170,C105524,Savings,66024.03,3.86,Active
A207171,C105525,Premium,267625.48,3.3,Dormant
A207172,C105526,Savings,107557.29,3.32,Active
A207173,C105527,Savings,352367.83,3.2,Active
A207174,C105528,Current,181754.3,2.99,Active
A207175,C105529,Salary,78472.72,6.1,Dormant
A207176,C105530,Savings,527105.45,3.38,Active
A207177,C105531,Savings,365032.81,5.33,Dormant
A207178,C105532,Savings,90774.86,3.89,Dormant
A207179,C105532,Savings,263331.1,5.31,Active
A207180,C105533,Savings,213872.25,4.79,Active
A207181,C105534,Salary,421110.54,2.8,Active
A207182,C105535,Savings,279674.35,4.69,Active
A207183,C105535,Savings,234147.75,6.36,Active
A207184,C105536,Savings,192039.73,3.38,Active
A207185,C105536,Savings,83278.97,5.4,Active
A207186,C105537,Savings,199930.56,4.94,Dormant
A207187,C105537,Savings,119069.22,5.68,Active
A207188,C105538,Salary,192016.41,4.99,Active
A207189,C105539,Salary,143715.68,5.28,Active
A207190,C105540,Savings,77690.46,5.99,Active
A207191,C105541,Savings,202168.4,6.1,Active
A207192,C105542,Savings,33042.44,4.8,Dormant
A207193,C105542,Salary,202541.51,6.29,Active
A207194,C105543,Salary,53668.51,2.72,Active
A207195,C105543,Savings,100938.45,5.37,Active
A207196,C105544,Savings,107014.51,6.18,Active
A207197,C105545,Salary,210115.57,3.65,Dormant
A207198,C105546,Salary,47629.59,4.77,Active
A207199,C105547,Savings,155852.12,2.56,Dormant
A207200,C105548,Savings,104632.17,5.26,Dormant
A207201,C105549,Savings,152891.78,5.33,Active
A207202,C105550,Current,19198.99,6.41,Dormant
A207203,C105551,Savings,171177.95,5.28,Active
A207204,C105552,Salary,87764.99,3.11,Active
A207205,C105553,Savings,246852.31,5.6,Active
A207206,C105554,Premium,32589.66,3.66,Dormant
A207207,C105555,Salary,15258.79,6.0,Dormant
A207208,C105556,Current,63764.65,6.27,Active
A207209,C105557,Salary,2569.75,4.72,Dormant
A207210,C105558,Savings,196671.96,3.38,Active
A207211,C105558,Salary,18866.41,6.16,Active
A207212,C105559,Savings,0.0,5.1,Active
A207213,C105560,Savings,209538.54,5.26,Active
A207214,C105561,Salary,145831.6,3.95,Active
A207215,C105562,Salary,154907.19,5.68,Active
A207216,C105563,Savings,133460.27,4.43,Active
A207217,C105564,Savings,88267.89,3.8,Active
A207218,C105564,Current,287842.66,5.05,Active
A207219,C105565,Savings,269875.61,5.61,Active
A207220,C105565,Savings,81253.43,3.22,Dormant
A207221,C105566,Savings,74113.48,3.27,Active
A207222,C105567,Current,68628.31,5.02,Dormant
A207223,C105567,Savings,192089.96,4.73,Active
A207224,C105568,Savings,117050.47,3.71,Active
A207225,C105569,Salary,25632.89,3.28,Active
A207226,C105569,Savings,9700.11,6.36,Active
A207227,C105570,Salary,328064.63,3.54,Dormant
A207228,C105571,Savings,67254.94,5.73,Active
A207229,C105572,Premium,168718.74,6.44,Active
A207230,C105573,Salary,65233.22,5.74,Active
A207231,C105573,Salary,168496.03,5.42,Active
A207232,C105574,Salary,104950.15,3.46,Active
A207233,C105575,Salary,64463.92,3.2,Active
A207234,C105576,Salary,6186.55,6.32,Active
A207235,C105576,Salary,220252.43,4.64,Active
A207236,C105577,Salary,75637.92,6.0,Active
A207237,C105578,Savings,87239.74,4.02,Active
A207238,C105579,Savings,62320.19,5.0,Dormant
A207239,C105580,Savings,148008.04,3.59,Active
A207240,C105581,Savings,111120.79,4.11,Active
A207241,C105581,Savings,238336.14,2.64,Active
A207242,C105582,Salary,73329.82,5.89,Active
A207243,C105583,Current,167860.25,4.61,Dormant
A207244,C105583,Premium,88023.28,5.65,Active
A207245,C105584,Premium,174680.36,5.0,Active
A207246,C105585,Savings,181824.36,6.1,Active
A207247,C105585,Premium,409535.05,4.43,Active
A207248,C105586,Savings,59453.5,4.91,Active
A207249,C105586,Salary,184079.5,5.22,Active
A207250,C105587,Salary,83370.6,3.34,Dormant
A207251,C105587,Savings,60756.28,3.74,Active
A207252,C105588,Salary,173895.38,5.3,Active
A207253,C105588,Savings,94248.55,5.6,Active
A207254,C105589,Savings,17172.26,6.18,Active
A207255,C105590,Premium,77715.34,4.31,Active
A207256,C105591,Savings,127193.42,3.02,Active
A207257,C105592,Savings,39499.55,3.64,Dormant
A207258,C105593,Savings,55379.47,5.22,Active
A207259,C105594,Savings,239813.15,3.86,Active
A207260,C105594,Salary,186222.09,4.35,Active
A207261,C105595,Salary,118365.37,6.01,Active
A207262,C105596,Salary,75154.41,6.15,Dormant
A207263,C105596,Savings,42674.06,4.66,Active
A207264,C105597,Savings,214094.03,3.31,Active
A207265,C105598,Savings,39962.2,4.11,Dormant
A207266,C105599,Salary,47710.18,3.18,Dormant
A207267,C105600,Current,205144.93,4.93,Active
A207268,C105601,Savings,135480.09,6.28,Active
A207269,C105602,Salary,16949.03,5.0,Dormant
A207270,C105603,Savings,138247.21,3.64,Active
A207271,C105604,Current,243185.72,4.34,Active
A207272,C105604,Salary,14883.9,2.67,Active
A207273,C105605,Savings,116167.28,3.83,Active
A207274,C105605,Salary,99077.38,6.14,Active
A207275,C105606,Savings,52673.21,3.72,Active
A207276,C105607,Savings,13541.15,5.88,Active
A207277,C105608,Savings,28034.28,3.73,Active
A207278,C105609,Savings,104242.27,6.37,Active
A207279,C105609,Premium,156263.88,3.58,Dormant
A207280,C105610,Savings,128468.62,3.49,Active
A207281,C105610,Current,117813.15,4.23,Active
A207282,C105611,Current,50804.72,6.11,Active
A207283,C105611,Savings,131414.66,4.2,Active
A207284,C105612,Savings,17846.91,4.74,Active
A207285,C105613,Salary,188835.61,4.08,Active
A207286,C105613,Savings,210036.74,2.64,Active
A207287,C105614,Savings,174433.19,3.41,Active
A207288,C105615,Premium,172162.04,4.82,Dormant
A207289,C105615,Savings,177638.65,5.61,Dormant
A207290,C105616,Savings,126040.05,3.83,Dormant
A207291,C105617,Savings,234939.82,5.3,Active
A207292,C105618,Salary,66356.94,6.1,Active
A207293,C105618,Savings,201024.39,4.52,Active
A207294,C105619,Savings,57818.9,4.55,Active
A207295,C105620,Salary,272916.81,3.21,Active
A207296,C105621,Savings,221647.89,3.77,Active
A207297,C105622,Savings,17841.69,5.6,Active
A207298,C105623,Current,152507.31,5.97,Active
A207299,C105623,Savings,96413.4,2.81,Active
A207300,C105624,Savings,215758.4,4.51,Active
A207301,C105624,Current,337440.68,3.48,Active
A207302,C105625,Premium,34115.59,3.24,Active
A207303,C105626,Salary,217471.18,4.61,Active
A207304,C105627,Savings,18358.46,5.63,Dormant
A207305,C105627,Salary,77334.84,5.69,Active
A207306,C105628,Premium,20292.87,3.66,Active
A207307,C105629,Salary,365214.05,3.05,Dormant
A207308,C105629,Savings,136528.77,4.78,Dormant
A207309,C105630,Current,145717.46,3.5,Active
A207310,C105631,Savings,157692.69,5.96,Active
A207311,C105632,Savings,103192.45,6.01,Dormant
A207312,C105633,Savings,458545.71,6.37,Active
A207313,C105634,Savings,230376.79,6.16,Active
A207314,C105634,Savings,106589.43,4.38,Active
A207315,C105635,Savings,77841.99,3.3,Active
A207316,C105636,Savings,85095.66,5.44,Active
A207317,C105636,Savings,55827.01,5.29,Active
A207318,C105637,Savings,5880.08,4.23,Dormant
A207319,C105638,Savings,41507.53,5.53,Dormant
A207320,C105638,Current,73604.74,6.43,Active
A207321,C105639,Savings,159557.81,4.46,Active
A207322,C105639,Savings,149421.23,4.08,Active
A207323,C105640,Current,302331.29,6.07,Active
A207324,C105641,Savings,98375.64,4.83,Active
A207325,C105642,Current,146907.04,5.87,Dormant
A207326,C105643,Salary,98634.76,4.47,Active
A207327,C105644,Savings,63304.1,2.78,Active
A207328,C105644,Savings,271705.81,4.02,Active
A207329,C105645,Savings,21878.62,4.33,Active
A207330,C105646,Salary,199365.37,4.78,Active
A207331,C105647,Savings,114435.78,5.62,Active
A207332,C105648,Premium,21576.31,3.3,Dormant
A207333,C105649,Salary,5986.46,3.3,Active
A207334,C105650,Savings,82587.88,5.01,Dormant
A207335,C105650,Savings,340083.43,3.52,Active
A207336,C105651,Savings,242704.36,5.12,Active
A207337,C105652,Salary,106845.66,6.07,Active
A207338,C105653,Savings,75584.87,3.77,Active
A207339,C105654,Savings,87528.68,6.17,Active
A207340,C105655,Salary,120679.22,3.65,Active
A207341,C105656,Salary,66975.73,3.93,Active
A207342,C105657,Savings,242352.27,3.24,Dormant
A207343,C105658,Savings,187432.52,6.15,Active
A207344,C105659,Premium,124816.89,4.0,Dormant
A207345,C105659,Savings,80034.22,3.69,Active
A207346,C105660,Salary,119773.31,2.77,Active
A207347,C105660,Savings,54908.21,6.08,Dormant
A207348,C105661,Salary,80771.13,4.52,Active
A207349,C105662,Savings,142929.07,5.19,Active
A207350,C105663,Savings,150121.3,3.57,Active
A207351,C105664,Salary,182543.57,4.47,Dormant
A207352,C105664,Salary,207062.04,3.58,Dormant
A207353,C105665,Savings,40526.55,3.36,Dormant
A207354,C105666,Savings,89380.04,5.51,Active
A207355,C105667,Savings,93919.99,2.55,Dormant
A207356,C105668,Premium,50151.45,6.19,Active
A207357,C105669,Current,128605.68,6.41,Dormant
A207358,C105670,Savings,399080.35,4.93,Dormant
A207359,C105671,Savings,90309.47,4.43,Active
A207360,C105672,Salary,0.0,6.01,Active
A207361,C105673,Salary,32749.17,5.9,Active
A207362,C105674,Savings,38759.5,6.07,Active
A207363,C105675,Salary,144212.27,5.83,Dormant
A207364,C105675,Salary,228892.3,5.61,Active
A207365,C105676,Salary,170423.23,4.13,Dormant
A207366,C105676,Salary,232471.6,3.94,Dormant
A207367,C105677,Salary,88832.82,4.0,Active
A207368,C105678,Salary,116502.24,6.05,Dormant
A207369,C105679,Premium,127174.56,4.11,Active
A207370,C105679,Savings,109697.97,4.78,Active
A207371,C105680,Salary,43859.91,5.86,Active
A207372,C105680,Savings,129684.13,4.73,Active
A207373,C105681,Savings,248681.6,4.5,Active
A207374,C105681,Savings,319211.06,2.9,Dormant
A207375,C105682,Salary,23966.16,3.59,Active
A207376,C105683,Savings,40361.53,2.95,Active
A207377,C105684,Savings,89066.48,3.26,Active
A207378,C105685,Salary,248710.79,5.95,Active
A207379,C105686,Savings,179254.99,3.25,Dormant
A207380,C105687,Salary,25716.76,5.56,Active
A207381,C105688,Current,287392.39,3.46,Dormant
A207382,C105688,Salary,41689.25,5.81,Active
A207383,C105689,Savings,78769.71,3.62,Active
A207384,C105690,Savings,23716.4,4.52,Active
A207385,C105690,Savings,14141.33,4.86,Active
A207386,C105691,Salary,374692.7,6.15,Active
A207387,C105691,Savings,143330.85,5.26,Active
A207388,C105692,Savings,140548.78,5.16,Active
A207389,C105693,Salary,35919.52,5.44,Active
A207390,C105693,Salary,284638.71,2.9,Active
A207391,C105694,Savings,126162.84,5.01,Active
A207392,C105695,Salary,198518.39,3.19,Active
A207393,C105696,Salary,210257.69,5.83,Active
A207394,C105697,Savings,0.0,6.34,Active
A207395,C105697,Current,237135.55,2.64,Active
A207396,C105698,Current,70873.37,5.73,Active
A207397,C105699,Salary,97160.81,2.98,Dormant
A207398,C105700,Premium,192290.33,5.62,Active
A207399,C105701,Salary,263816.53,4.03,Active
A207400,C105702,Salary,105709.12,4.38,Active
A207401,C105703,Salary,70628.86,3.18,Dormant
A207402,C105704,Savings,55046.69,4.75,Active
A207403,C105704,Savings,204868.97,5.16,Active
A207404,C105705,Savings,23004.17,3.2,Active
A207405,C105706,Savings,9730.43,3.23,Active
A207406,C105706,Premium,102621.87,4.15,Dormant
A207407,C105707,Premium,80698.44,3.82,Active
A207408,C105708,Savings,277671.44,4.22,Active
A207409,C105709,Salary,260628.94,3.03,Active
A207410,C105710,Current,150648.55,6.36,Active
A207411,C105711,Savings,70910.75,2.57,Dormant
A207412,C105712,Savings,114601.2,5.15,Active
A207413,C105712,Salary,179237.97,4.34,Active
A207414,C105713,Salary,123682.37,3.53,Active
A207415,C105713,Salary,199969.96,5.45,Active
A207416,C105714,Savings,208179.57,3.92,Dormant
A207417,C105715,Savings,92093.17,4.43,Active
A207418,C105715,Savings,83622.72,3.71,Active
A207419,C105716,Savings,146949.73,3.94,Active
A207420,C105717,Savings,137651.53,6.49,Active
A207421,C105717,Premium,179156.19,3.01,Active
A207422,C105718,Savings,160866.8,5.08,Active
A207423,C105719,Premium,196269.86,5.09,Dormant
A207424,C105719,Savings,67184.65,5.75,Active
A207425,C105720,Current,134086.95,6.15,Active
A207426,C105721,Savings,112930.9,3.47,Active
A207427,C105722,Current,142904.91,2.66,Active
A207428,C105722,Savings,58926.92,6.02,Active
A207429,C105723,Current,52169.82,4.32,Active
A207430,C105724,Savings,92469.61,4.47,Dormant
A207431,C105725,Salary,54609.07,3.55,Active
A207432,C105726,Savings,63484.59,5.85,Active
A207433,C105727,Salary,294626.09,5.5,Active
A207434,C105728,Savings,182624.37,6.47,Dormant
A207435,C105728,Savings,269522.13,4.11,Active
A207436,C105729,Salary,22654.5,5.39,Active
A207437,C105729,Premium,10988.51,5.37,Dormant
A207438,C105730,Savings,188631.12,3.42,Active
A207439,C105731,Salary,20263.47,4.97,Active
A207440,C105731,Salary,113312.81,6.39,Active
A207441,C105732,Salary,273226.43,5.16,Dormant
A207442,C105733,Current,66387.05,3.14,Active
A207443,C105734,Savings,73518.65,3.89,Active
A207444,C105734,Savings,32130.37,3.12,Active
A207445,C105735,Current,257257.45,3.91,Active
A207446,C105735,Premium,152094.2,6.26,Active
A207447,C105736,Savings,72593.47,3.31,Active
A207448,C105737,Savings,27180.75,5.54,Active
A207449,C105738,Savings,382419.97,6.13,Dormant
A207450,C105739,Premium,194372.06,2.73,Active
A207451,C105739,Premium,167903.56,5.17,Active
A207452,C105740,Salary,22070.1,4.64,Dormant
A207453,C105741,Savings,83527.77,5.55,Dormant
A207454,C105742,Savings,138735.03,4.65,Active
A207455,C105743,Salary,69656.41,4.84,Active
A207456,C105744,Savings,89527.45,4.97,Dormant
A207457,C105745,Savings,112514.88,5.8,Dormant
A207458,C105746,Premium,225201.28,2.73,Active
A207459,C105747,Savings,109696.36,3.74,Active
A207460,C105748,Savings,92527.83,5.78,Dormant
A207461,C105748,Savings,7135.18,4.72,Active
A207462,C105749,Salary,56234.91,5.75,Active
A207463,C105750,Salary,204354.48,6.27,Dormant
A207464,C105751,Savings,287918.53,2.92,Active
A207465,C105752,Current,361900.52,6.08,Dormant
A207466,C105753,Salary,333004.45,2.94,Active
A207467,C105753,Salary,50012.35,5.34,Active
A207468,C105754,Salary,295586.6,2.78,Active
A207469,C105755,Current,255261.11,6.05,Dormant
A207470,C105756,Salary,89044.63,6.49,Active
A207471,C105757,Savings,124680.92,3.48,Active
A207472,C105758,Premium,47954.86,4.29,Active
A207473,C105759,Savings,5423.31,3.54,Active
A207474,C105760,Savings,174219.9,3.65,Active
A207475,C105761,Savings,384501.09,5.91,Active
A207476,C105762,Salary,217897.41,4.71,Active
A207477,C105762,Salary,378343.32,4.04,Dormant
A207478,C105763,Savings,150719.99,3.91,Dormant
A207479,C105764,Premium,181699.6,5.68,Active
A207480,C105764,Savings,114308.5,3.8,Dormant
A207481,C105765,Salary,253991.66,5.09,Active
A207482,C105766,Savings,76431.62,2.8,Dormant
A207483,C105767,Current,100802.89,5.02,Active
A207484,C105767,Savings,12929.76,5.34,Active
A207485,C105768,Salary,88573.87,3.03,Active
A207486,C105769,Savings,8636.46,6.44,Dormant
A207487,C105770,Savings,252468.18,2.86,Active
A207488,C105771,Premium,28058.86,6.25,Dormant
A207489,C105772,Salary,96072.09,5.93,Active
A207490,C105772,Savings,13992.63,4.42,Active
A207491,C105773,Savings,111023.93,5.02,Active
A207492,C105773,Savings,83080.29,5.26,Active
A207493,C105774,Savings,52035.97,6.08,Active
A207494,C105775,Savings,178190.9,6.34,Active
A207495,C105775,Savings,95217.85,3.71,Active
A207496,C105776,Salary,24499.74,4.89,Active
A207497,C105776,Savings,37019.04,2.65,Active
A207498,C105777,Salary,179393.34,4.08,Active
A207499,C105778,Savings,354754.82,4.71,Active
A207500,C105779,Premium,65474.36,3.65,Dormant
A207501,C105780,Savings,60838.2,5.15,Dormant
A207502,C105781,Current,105664.52,5.44,Active
A207503,C105781,Savings,188364.89,4.53,Active
A207504,C105782,Current,200842.83,3.34,Active
A207505,C105783,Current,198217.78,2.93,Dormant
A207506,C105783,Savings,201880.51,6.34,Active
A207507,C105784,Salary,35507.68,3.09,Active
A207508,C105785,Premium,61755.43,5.51,Dormant
A207509,C105786,Savings,256693.55,3.13,Dormant
A207510,C105787,Savings,162187.25,5.27,Active
A207511,C105788,Premium,94609.49,2.71,Active
A207512,C105788,Savings,110952.37,5.99,Active
A207513,C105789,Current,46975.38,5.74,Dormant
A207514,C105790,Salary,54500.68,5.02,Active
A207515,C105791,Premium,91080.32,6.33,Dormant
A207516,C105792,Savings,126546.69,2.59,Dormant
A207517,C105793,Savings,202763.78,6.43,Dormant
A207518,C105793,Savings,201684.14,3.34,Active
A207519,C105794,Savings,175621.52,3.61,Active
A207520,C105795,Savings,101146.22,4.58,Active
A207521,C105795,Premium,305208.11,3.4,Active
A207522,C105796,Premium,313967.6,2.63,Dormant
A207523,C105796,Current,248171.69,4.77,Active
A207524,C105797,Salary,0.0,2.96,Active
A207525,C105798,Savings,35969.97,2.94,Active
A207526,C105799,Salary,29819.15,5.21,Active
A207527,C105800,Current,23958.48,3.3,Active
A207528,C105801,Savings,190977.02,2.83,Active
A207529,C105802,Current,35134.66,5.07,Active
A207530,C105802,Savings,36192.08,5.97,Active
A207531,C105803,Savings,201153.41,5.27,Active
A207532,C105804,Salary,98759.87,3.16,Active
A207533,C105805,Savings,286358.9,2.8,Active
A207534,C105806,Salary,98591.25,6.14,Active
A207535,C105807,Savings,104070.58,6.48,Active
A207536,C105808,Salary,165863.82,4.8,Active
A207537,C105808,Savings,131848.7,2.61,Dormant
A207538,C105809,Savings,23763.49,3.96,Dormant
A207539,C105810,Savings,32628.65,4.34,Active
A207540,C105810,Savings,105490.25,2.82,Active
A207541,C105811,Salary,56499.7,4.83,Active
A207542,C105812,Savings,71165.84,5.2,Active
A207543,C105813,Savings,54013.05,4.85,Active
A207544,C105814,Savings,103018.04,2.63,Dormant
A207545,C105815,Current,182349.25,3.16,Active
A207546,C105816,Salary,118150.91,4.61,Dormant
A207547,C105816,Salary,158437.68,2.81,Dormant
A207548,C105817,Savings,462013.49,4.17,Active
A207549,C105818,Savings,319363.72,2.78,Dormant
A207550,C105819,Salary,235653.81,6.29,Active
A207551,C105819,Savings,207837.49,3.96,Active
A207552,C105820,Savings,55342.64,3.72,Active
A207553,C105821,Savings,144022.1,5.89,Active
A207554,C105822,Savings,114631.25,4.55,Active
A207555,C105823,Savings,109347.26,6.39,Active
A207556,C105824,Salary,14087.3,2.8,Dormant
A207557,C105825,Savings,85380.26,4.36,Dormant
A207558,C105826,Savings,189978.98,4.98,Dormant
A207559,C105827,Current,201391.59,3.48,Active
A207560,C105828,Savings,112451.11,6.16,Dormant
A207561,C105829,Savings,149908.18,5.89,Active
A207562,C105830,Savings,143289.82,4.71,Dormant
A207563,C105830,Savings,89636.14,6.31,Active
A207564,C105831,Savings,74560.84,5.88,Active
A207565,C105832,Savings,340693.59,4.64,Active
A207566,C105833,Savings,278037.96,3.21,Active
A207567,C105833,Savings,88122.99,4.76,Dormant
A207568,C105834,Current,264890.06,4.78,Active
A207569,C105835,Savings,212461.01,3.93,Active
A207570,C105836,Salary,155486.95,2.85,Active
A207571,C105836,Current,70103.37,6.09,Dormant
A207572,C105837,Savings,430874.45,2.9,Active
A207573,C105837,Salary,482876.78,4.0,Active
A207574,C105838,Savings,6186.92,4.41,Active
A207575,C105839,Savings,170895.3,6.27,Dormant
A207576,C105839,Premium,361721.68,6.04,Dormant
A207577,C105840,Savings,137010.06,3.57,Active
A207578,C105840,Salary,122331.52,6.26,Active
A207579,C105841,Savings,55218.93,5.25,Active
A207580,C105841,Savings,5581.33,3.61,Active
A207581,C105842,Savings,42168.55,4.12,Active
A207582,C105843,Savings,77907.13,6.33,Active
A207583,C105844,Savings,103666.5,5.91,Active
A207584,C105845,Salary,18602.34,4.34,Dormant
A207585,C105845,Savings,39170.53,5.81,Active
A207586,C105846,Savings,397716.23,5.63,Active
A207587,C105847,Current,420376.54,5.48,Active
A207588,C105848,Savings,57172.16,5.46,Active
A207589,C105849,Savings,111532.96,3.54,Active
A207590,C105850,Savings,261173.24,4.09,Active
A207591,C105851,Savings,259767.2,5.22,Active
A207592,C105851,Salary,192010.91,5.86,Active
A207593,C105852,Salary,94972.11,2.86,Active
A207594,C105852,Savings,148392.03,4.44,Dormant
A207595,C105853,Savings,267936.79,4.77,Dormant
A207596,C105854,Savings,17107.35,5.16,Active
A207597,C105855,Premium,359874.0,3.87,Dormant
A207598,C105856,Salary,279258.88,5.51,Active
A207599,C105857,Salary,192775.88,4.0,Dormant
A207600,C105858,Salary,187531.12,2.61,Dormant
A207601,C105859,Salary,213271.56,3.75,Active
A207602,C105860,Savings,82634.94,3.18,Dormant
A207603,C105861,Savings,240885.32,3.33,Active
A207604,C105862,Salary,197758.35,3.69,Dormant
A207605,C105862,Salary,99627.37,3.48,Active
A207606,C105863,Savings,132052.4,3.94,Active
A207607,C105864,Salary,294254.9,4.28,Active
A207608,C105865,Current,201191.23,3.59,Dormant
A207609,C105866,Savings,140070.87,5.56,Active
A207610,C105867,Savings,77544.54,3.62,Active
A207611,C105868,Premium,84772.85,5.96,Active
A207612,C105868,Salary,90910.07,2.87,Dormant
A207613,C105869,Salary,73318.19,4.35,Active
A207614,C105869,Savings,160314.62,4.5,Dormant
A207615,C105870,Premium,289065.89,4.08,Dormant
A207616,C105870,Savings,126321.86,3.66,Active
A207617,C105871,Salary,199441.72,5.08,Active
A207618,C105872,Savings,128506.85,4.74,Active
A207619,C105873,Savings,36113.41,3.92,Active
A207620,C105873,Salary,57716.75,3.99,Active
A207621,C105874,Premium,112041.28,4.45,Active
A207622,C105875,Savings,130091.45,4.58,Dormant
A207623,C105876,Current,38582.11,4.79,Active
A207624,C105877,Savings,30597.72,2.59,Dormant
A207625,C105877,Savings,20841.43,5.86,Dormant
A207626,C105878,Savings,113841.45,3.19,Active
A207627,C105879,Salary,37250.19,4.23,Active
A207628,C105880,Salary,152015.52,4.23,Active
A207629,C105881,Savings,70794.84,6.33,Active
A207630,C105881,Salary,55093.9,4.85,Active
A207631,C105882,Savings,277628.18,4.31,Active
A207632,C105882,Salary,74934.26,2.91,Active
A207633,C105883,Savings,38304.54,3.13,Dormant
A207634,C105884,Premium,47572.78,3.83,Active
A207635,C105885,Salary,259695.55,4.12,Active
A207636,C105886,Savings,129814.68,5.26,Active
A207637,C105887,Savings,45299.44,5.77,Active
A207638,C105887,Savings,25648.41,4.28,Dormant
A207639,C105888,Salary,145713.39,3.97,Dormant
A207640,C105889,Savings,68708.69,6.34,Active
A207641,C105889,Savings,133191.37,2.53,Dormant
A207642,C105890,Savings,220728.83,4.94,Active
A207643,C105891,Savings,203471.32,5.69,Active
A207644,C105891,Savings,166807.93,2.69,Active
A207645,C105892,Premium,4326.38,5.78,Active
A207646,C105892,Savings,22516.22,3.66,Active
A207647,C105893,Savings,6180.28,4.13,Active
A207648,C105894,Savings,337161.31,6.15,Active
A207649,C105895,Savings,141577.84,4.22,Dormant
A207650,C105895,Savings,175482.22,3.5,Active
A207651,C105896,Savings,22794.9,4.87,Active
A207652,C105897,Salary,89025.97,3.39,Active
A207653,C105897,Salary,13852.45,5.67,Active
A207654,C105898,Premium,135831.09,5.87,Active
A207655,C105899,Savings,315616.28,4.73,Dormant
A207656,C105900,Savings,242669.9,4.47,Active
A207657,C105901,Savings,238179.55,6.33,Active
A207658,C105901,Premium,12609.28,5.59,Dormant
A207659,C105902,Salary,138922.83,3.41,Dormant
A207660,C105903,Savings,200239.82,3.84,Dormant
A207661,C105904,Savings,261630.5,4.02,Active
A207662,C105905,Savings,185820.14,3.99,Active
A207663,C105905,Savings,170600.6,5.43,Active
A207664,C105906,Savings,100367.35,5.02,Active
A207665,C105907,Salary,289917.82,5.07,Active
A207666,C105908,Savings,132050.01,3.19,Active
A207667,C105909,Savings,51600.43,3.8,Active
A207668,C105909,Savings,37333.71,6.47,Dormant
A207669,C105910,Savings,194410.58,5.71,Active
A207670,C105911,Savings,18485.18,6.2,Dormant
A207671,C105911,Savings,138932.16,4.82,Active
A207672,C105912,Savings,93777.58,2.8,Active
A207673,C105913,Savings,431644.62,6.16,Active
A207674,C105914,Savings,19149.18,4.45,Active
A207675,C105915,Salary,17668.73,4.58,Active
A207676,C105916,Premium,94443.1,3.03,Dormant
A207677,C105917,Savings,147656.46,2.65,Active
A207678,C105918,Premium,55613.18,5.4,Dormant
A207679,C105919,Current,266098.84,5.96,Active
A207680,C105920,Savings,75913.67,4.18,Active
A207681,C105921,Premium,106628.72,4.28,Dormant
A207682,C105922,Salary,184939.22,4.11,Active
A207683,C105922,Salary,222125.09,5.22,Active
A207684,C105923,Savings,304132.16,3.61,Active
A207685,C105924,Savings,117467.27,4.92,Active
A207686,C105924,Savings,284114.54,5.61,Dormant
A207687,C105925,Savings,227692.39,3.61,Active
A207688,C105926,Savings,260732.24,6.09,Active
A207689,C105926,Savings,322975.04,5.45,Active
A207690,C105927,Savings,68166.85,4.63,Active
A207691,C105927,Current,16217.7,4.86,Active
A207692,C105928,Current,10294.19,6.08,Active
A207693,C105929,Salary,55453.59,6.24,Active
A207694,C105930,Savings,120597.07,3.93,Active
A207695,C105931,Savings,40941.72,2.97,Active
A207696,C105931,Current,59808.54,5.35,Active
A207697,C105932,Premium,164219.51,3.23,Active
A207698,C105932,Savings,216810.99,6.4,Active
A207699,C105933,Savings,30108.53,3.22,Active
A207700,C105934,Salary,221653.94,2.73,Active
A207701,C105935,Salary,158880.03,3.45,Active
A207702,C105935,Salary,175775.43,4.96,Active
A207703,C105936,Savings,135919.2,3.3,Dormant
A207704,C105937,Savings,162987.54,6.22,Active
A207705,C105937,Savings,146765.48,5.75,Active
A207706,C105938,Savings,230067.1,4.57,Dormant
A207707,C105939,Savings,3549.44,2.62,Active
A207708,C105940,Salary,276838.13,4.99,Active
A207709,C105941,Savings,22096.8,5.01,Dormant
A207710,C105941,Savings,71507.19,2.68,Active
A207711,C105942,Savings,127566.89,2.72,Active
A207712,C105943,Salary,238598.53,4.32,Active
A207713,C105943,Salary,79309.44,2.53,Dormant
A207714,C105944,Premium,35063.27,5.27,Active
A207715,C105945,Salary,46214.74,6.21,Dormant
A207716,C105946,Salary,63996.02,3.49,Active
A207717,C105947,Savings,135003.87,2.5,Active
A207718,C105947,Savings,125503.41,2.96,Active
A207719,C105948,Savings,91567.6,4.75,Active
A207720,C105949,Salary,144266.61,3.56,Active
A207721,C105950,Savings,220680.55,2.67,Active
A207722,C105950,Savings,233341.63,2.88,Dormant
A207723,C105951,Savings,38918.63,3.91,Dormant
A207724,C105952,Savings,61644.45,4.17,Dormant
A207725,C105953,Salary,127315.5,4.05,Active
A207726,C105954,Savings,45689.68,3.94,Dormant
A207727,C105954,Current,42812.19,4.62,Dormant
A207728,C105955,Salary,127542.14,5.19,Active
A207729,C105956,Premium,35964.04,4.46,Active
A207730,C105957,Savings,121461.08,4.14,Active
A207731,C105958,Premium,0.0,4.59,Active
A207732,C105959,Savings,82506.9,3.47,Active
A207733,C105959,Savings,117095.33,3.86,Active
A207734,C105960,Savings,360753.6,5.8,Active
A207735,C105960,Salary,184136.63,3.12,Active
A207736,C105961,Current,195019.03,6.48,Dormant
A207737,C105961,Savings,142153.25,3.28,Dormant
A207738,C105962,Savings,131107.68,3.47,Active
A207739,C105963,Salary,571776.24,3.39,Active
A207740,C105964,Current,80769.92,4.08,Active
A207741,C105964,Salary,84547.96,5.68,Dormant
A207742,C105965,Salary,37930.95,2.52,Active
A207743,C105966,Savings,45066.76,4.42,Active
A207744,C105967,Savings,47931.99,6.46,Active
A207745,C105968,Savings,48473.53,5.15,Active
A207746,C105969,Current,29975.74,5.4,Active
A207747,C105969,Current,27170.37,3.5,Active
A207748,C105970,Savings,261382.85,2.83,Active
A207749,C105971,Savings,19242.74,6.5,Active
A207750,C105971,Premium,36932.47,3.87,Active
A207751,C105972,Salary,64134.35,4.14,Active
A207752,C105973,Salary,96699.84,2.6,Active
A207753,C105973,Salary,78916.24,4.16,Active
A207754,C105974,Salary,236686.43,6.43,Active
A207755,C105975,Salary,116004.24,3.25,Active
A207756,C105976,Savings,201473.65,3.69,Active
A207757,C105977,Savings,68138.02,4.04,Active
A207758,C105978,Current,294754.85,5.55,Active
A207759,C105979,Salary,156834.97,6.19,Active
A207760,C105979,Current,257067.06,3.14,Active
A207761,C105980,Premium,161221.43,4.95,Active
A207762,C105981,Savings,38096.47,2.96,Active
A207763,C105981,Savings,249539.53,3.19,Active
A207764,C105982,Premium,60004.02,5.96,Dormant
A207765,C105983,Savings,114623.98,2.72,Active
A207766,C105984,Premium,123548.24,5.6,Active
A207767,C105985,Savings,151391.41,5.22,Active
A207768,C105986,Current,84306.26,4.43,Active
A207769,C105986,Savings,52619.92,5.74,Active
A207770,C105987,Current,59542.23,3.37,Dormant
A207771,C105988,Salary,118287.57,4.09,Dormant
A207772,C105989,Savings,48750.52,4.44,Active
A207773,C105990,Savings,325236.62,5.92,Dormant
A207774,C105990,Current,230618.06,3.72,Active
A207775,C105991,Salary,11575.79,2.73,Active
A207776,C105992,Savings,251915.21,5.04,Active
A207777,C105992,Savings,323426.31,2.58,Dormant
A207778,C105993,Savings,225374.55,5.63,Active
A207779,C105994,Savings,51360.72,2.83,Active
A207780,C105995,Savings,137144.46,2.57,Dormant
A207781,C105996,Current,265068.29,2.5,Dormant
A207782,C105997,Savings,225033.03,6.16,Active
A207783,C105998,Current,146587.6,4.65,Active
A207784,C105998,Savings,211693.87,3.29,Active
A207785,C105999,Savings,12360.9,3.47,Active
A207786,C106000,Savings,306274.13,4.01,Active
A207787,C106000,Savings,109410.04,5.03,Active
A207788,C106001,Salary,259457.31,3.15,Active
A207789,C106002,Savings,34916.63,3.16,Dormant
A207790,C106003,Salary,173913.48,3.11,Active
A207791,C106003,Savings,59582.56,2.55,Active
A207792,C106004,Current,119365.66,3.73,Dormant
A207793,C106004,Savings,194880.18,3.41,Active
A207794,C106005,Salary,305166.79,5.81,Active
A207795,C106006,Savings,21276.08,3.85,Active
A207796,C106006,Salary,7465.99,3.21,Dormant
A207797,C106007,Salary,163867.5,4.11,Active
A207798,C106008,Savings,74416.76,5.01,Active
A207799,C106009,Salary,14900.1,5.78,Active
A207800,C106010,Premium,222776.17,3.83,Active
A207801,C106011,Savings,3013.67,5.19,Dormant
A207802,C106012,Salary,216819.52,6.25,Active
A207803,C106013,Savings,124952.22,6.15,Dormant
A207804,C106014,Savings,6971.78,5.94,Dormant
A207805,C106014,Salary,58037.81,2.58,Active
A207806,C106015,Premium,163294.22,5.19,Active
A207807,C106016,Savings,348088.78,3.21,Dormant
A207808,C106016,Salary,375731.41,5.76,Active
A207809,C106017,Savings,115204.02,4.24,Dormant
A207810,C106018,Savings,355809.68,6.4,Active
A207811,C106019,Salary,420306.76,5.19,Active
A207812,C106019,Savings,282285.4,6.18,Active
A207813,C106020,Savings,271394.19,3.57,Active
A207814,C106021,Savings,13631.87,6.08,Active
A207815,C106022,Salary,117901.3,3.82,Active
A207816,C106023,Salary,170577.84,4.0,Active
A207817,C106024,Savings,108280.09,2.68,Active
A207818,C106024,Savings,164824.65,6.25,Dormant
A207819,C106025,Premium,364658.56,4.47,Active
A207820,C106025,Savings,173811.57,5.55,Active
A207821,C106026,Savings,103573.69,3.28,Dormant
A207822,C106027,Savings,142451.12,2.61,Active
A207823,C106027,Savings,123222.68,2.75,Dormant
A207824,C106028,Salary,289453.78,4.99,Dormant
A207825,C106029,Savings,7802.92,4.13,Active
A207826,C106030,Savings,236113.97,6.38,Active
A207827,C106031,Salary,75726.47,5.05,Active
A207828,C106031,Salary,130985.0,4.92,Active
A207829,C106032,Current,167089.52,3.06,Dormant
A207830,C106032,Premium,79922.48,4.26,Active
A207831,C106033,Salary,99348.04,4.41,Active
A207832,C106034,Salary,20465.87,3.3,Dormant
A207833,C106035,Salary,30498.67,4.82,Active
A207834,C106035,Salary,13324.05,5.76,Active
A207835,C106036,Premium,123328.32,4.59,Active
A207836,C106037,Salary,126855.88,4.74,Active
A207837,C106038,Savings,81419.53,3.65,Active
A207838,C106038,Savings,66334.98,4.33,Active
A207839,C106039,Salary,92937.21,3.73,Active
A207840,C106040,Savings,34689.99,3.19,Active
A207841,C106040,Salary,33972.14,3.05,Active
A207842,C106041,Salary,123157.53,3.17,Active
A207843,C106042,Salary,249261.72,4.01,Dormant
A207844,C106043,Savings,166673.83,4.56,Dormant
A207845,C106044,Savings,196974.92,4.61,Dormant
A207846,C106045,Savings,57799.8,4.67,Active
A207847,C106046,Savings,10617.94,5.46,Active
A207848,C106047,Savings,100739.74,3.97,Dormant
A207849,C106048,Current,252612.76,3.31,Active
A207850,C106048,Savings,308067.71,3.69,Active
A207851,C106049,Salary,304794.72,3.92,Active
A207852,C106049,Savings,236451.62,6.05,Dormant
A207853,C106050,Current,106643.71,4.51,Active
A207854,C106050,Savings,76700.87,3.01,Active
A207855,C106051,Savings,166068.3,6.22,Active
A207856,C106052,Salary,45987.82,2.82,Active
A207857,C106053,Savings,54797.17,5.92,Active
A207858,C106054,Salary,180802.83,4.99,Active
A207859,C106055,Salary,239054.26,3.65,Active
A207860,C106056,Savings,195241.59,2.71,Active
A207861,C106057,Savings,37092.37,2.55,Dormant
A207862,C106058,Savings,31983.7,2.72,Active
A207863,C106059,Savings,54268.28,5.89,Active
A207864,C106059,Savings,60265.41,2.91,Active
A207865,C106060,Savings,101439.07,3.45,Active
A207866,C106060,Salary,236804.06,3.94,Active
A207867,C106061,Salary,52203.22,5.11,Dormant
A207868,C106062,Savings,98353.96,4.26,Active
A207869,C106063,Savings,42058.8,5.51,Active
A207870,C106064,Savings,258345.14,3.3,Active
A207871,C106065,Savings,144407.04,4.85,Active
A207872,C106066,Savings,40980.7,4.98,Active
A207873,C106066,Current,34156.06,2.91,Active
A207874,C106067,Savings,197102.37,4.45,Active
A207875,C106067,Salary,227049.13,3.85,Active
A207876,C106068,Salary,4468.62,5.92,Active
A207877,C106069,Savings,93053.21,5.06,Active
A207878,C106070,Premium,50699.43,5.97,Active
A207879,C106070,Salary,49948.87,5.0,Active
A207880,C106071,Savings,316681.15,5.77,Active
A207881,C106072,Current,93305.09,4.6,Active
A207882,C106072,Savings,65158.02,5.23,Active
A207883,C106073,Current,182422.29,4.13,Active
A207884,C106074,Savings,151572.85,4.53,Active
A207885,C106074,Salary,197255.63,5.68,Dormant
A207886,C106075,Savings,41739.63,6.39,Active
A207887,C106076,Salary,169966.06,5.47,Active
A207888,C106077,Savings,193306.67,5.26,Dormant
A207889,C106078,Savings,217982.26,6.12,Active
A207890,C106079,Current,179848.59,3.27,Active
A207891,C106080,Salary,98032.02,3.86,Active
A207892,C106081,Premium,165112.09,2.9,Dormant
A207893,C106082,Salary,282624.18,3.97,Dormant
A207894,C106082,Savings,35392.59,2.81,Active
A207895,C106083,Savings,307627.71,4.96,Active
A207896,C106083,Savings,76616.83,3.1,Dormant
A207897,C106084,Savings,275285.1,5.43,Dormant
A207898,C106084,Savings,321547.41,3.3,Dormant
A207899,C106085,Salary,96276.72,5.82,Dormant
A207900,C106085,Savings,2474.56,5.82,Dormant
A207901,C106086,Savings,161623.97,3.72,Active
A207902,C106087,Salary,68100.2,5.49,Active
A207903,C106088,Savings,50287.76,4.22,Active
A207904,C106089,Savings,221102.71,4.72,Dormant
A207905,C106090,Savings,11611.43,4.86,Active
A207906,C106091,Salary,173384.69,2.84,Active
A207907,C106092,Premium,103913.82,5.39,Active
A207908,C106093,Salary,48258.85,5.22,Dormant
A207909,C106093,Savings,125677.57,4.46,Active
A207910,C106094,Savings,125167.55,3.87,Active
A207911,C106094,Savings,14979.08,5.68,Active
A207912,C106095,Savings,176872.1,4.99,Active
A207913,C106096,Savings,120687.49,2.97,Active
A207914,C106097,Savings,381838.99,4.72,Dormant
A207915,C106097,Savings,351489.08,2.5,Active
A207916,C106098,Savings,194244.85,6.4,Dormant
A207917,C106099,Savings,237845.9,2.83,Active
A207918,C106099,Savings,0.0,3.33,Dormant
A207919,C106100,Savings,18379.34,4.6,Dormant
A207920,C106101,Premium,180443.93,5.52,Active
A207921,C106102,Salary,360505.47,5.05,Dormant
A207922,C106103,Salary,149738.03,5.99,Active
A207923,C106104,Salary,18803.23,4.9,Active
A207924,C106104,Savings,12377.98,5.16,Active
A207925,C106105,Savings,96051.86,4.56,Dormant
A207926,C106105,Premium,34195.56,6.19,Dormant
A207927,C106106,Salary,59898.18,4.03,Active
A207928,C106107,Current,353415.25,4.95,Active
A207929,C106108,Salary,233436.75,5.72,Active
A207930,C106109,Salary,62040.47,4.33,Dormant
A207931,C106110,Savings,24952.93,4.71,Active
A207932,C106111,Salary,188332.52,2.87,Active
A207933,C106111,Savings,139615.15,5.8,Active
A207934,C106112,Savings,149262.86,6.49,Active
A207935,C106113,Salary,145344.76,4.32,Active
A207936,C106113,Savings,169656.67,4.94,Dormant
A207937,C106114,Current,396214.86,6.22,Dormant
A207938,C106114,Savings,600395.64,2.52,Active
A207939,C106115,Salary,137844.74,4.06,Active
A207940,C106116,Savings,373927.8,3.5,Dormant
A207941,C106116,Premium,259583.7,4.28,Active
A207942,C106117,Salary,192783.28,4.88,Active
A207943,C106117,Premium,168671.05,4.69,Dormant
A207944,C106118,Savings,156299.29,6.14,Active
A207945,C106119,Savings,411705.53,4.69,Dormant
A207946,C106120,Savings,36972.16,3.3,Dormant
A207947,C106120,Savings,22466.7,3.51,Active
A207948,C106121,Premium,288814.44,6.11,Active
A207949,C106122,Salary,217623.18,2.76,Active
A207950,C106123,Savings,248151.03,4.49,Active
A207951,C106124,Current,104332.53,4.07,Active
A207952,C106125,Current,50739.09,3.31,Active
A207953,C106126,Savings,41985.88,5.23,Dormant
A207954,C106126,Premium,63308.56,2.62,Active
A207955,C106127,Savings,172428.58,4.54,Active
A207956,C106127,Premium,121161.54,3.37,Dormant
A207957,C106128,Salary,188688.35,6.06,Dormant
A207958,C106129,Savings,44797.27,4.47,Active
A207959,C106130,Savings,53092.79,6.2,Active
A207960,C106131,Savings,97551.24,3.59,Active
A207961,C106132,Savings,259950.86,5.58,Active
A207962,C106133,Salary,95352.94,5.75,Active
A207963,C106134,Savings,234155.04,5.05,Active
A207964,C106135,Savings,47027.99,4.23,Active
A207965,C106136,Salary,13576.19,2.84,Active
A207966,C106137,Salary,38552.5,3.9,Dormant
A207967,C106137,Savings,63670.42,5.98,Active
A207968,C106138,Salary,40776.5,3.55,Dormant
A207969,C106138,Savings,49931.68,6.46,Dormant
A207970,C106139,Savings,135670.2,6.12,Dormant
A207971,C106140,Salary,96495.61,3.73,Dormant
A207972,C106140,Savings,116680.19,5.59,Active
A207973,C106141,Savings,106190.21,2.92,Active
A207974,C106142,Savings,251084.33,6.22,Active
A207975,C106143,Savings,46311.42,2.78,Active
A207976,C106144,Savings,68453.73,4.26,Active
A207977,C106145,Premium,267363.4,4.27,Dormant
A207978,C106146,Savings,255714.7,2.6,Active
A207979,C106147,Savings,270878.38,4.41,Active
A207980,C106147,Premium,153064.78,4.17,Dormant
A207981,C106148,Savings,206275.02,5.79,Active
A207982,C106149,Salary,367709.44,2.64,Active
A207983,C106150,Premium,50518.69,4.25,Active
A207984,C106151,Savings,125756.62,3.22,Active
A207985,C106151,Savings,90853.37,3.88,Active
A207986,C106152,Savings,144648.3,6.08,Dormant
A207987,C106152,Savings,430025.69,3.24,Active
A207988,C106153,Savings,57063.65,3.75,Active
A207989,C106154,Savings,152813.93,5.14,Active
A207990,C106155,Savings,94924.21,4.13,Active
A207991,C106156,Savings,15989.75,4.62,Active
A207992,C106157,Salary,41573.23,3.23,Dormant
A207993,C106158,Savings,137962.47,4.46,Active
A207994,C106159,Premium,125794.5,4.54,Dormant
A207995,C106159,Savings,172434.62,5.41,Active
A207996,C106160,Salary,177354.27,5.43,Dormant
A207997,C106161,Current,190147.38,3.46,Active
A207998,C106162,Salary,223239.18,4.04,Dormant
A207999,C106163,Current,10394.71,3.04,Active
A208000,C106164,Salary,22649.87,6.27,Active
A208001,C106165,Premium,21710.99,4.28,Active
A208002,C106166,Savings,0.0,4.18,Dormant
A208003,C106166,Salary,187513.78,4.76,Dormant
A208004,C106167,Savings,58967.05,5.7,Active
A208005,C106168,Savings,516075.17,5.84,Active
A208006,C106169,Savings,58893.88,3.91,Active
A208007,C106169,Premium,61974.38,3.97,Dormant
A208008,C106170,Salary,38301.51,4.71,Active
A208009,C106171,Savings,283843.46,5.08,Dormant
A208010,C106172,Savings,119419.26,6.4,Active
A208011,C106173,Premium,101425.2,6.16,Dormant
A208012,C106174,Savings,270888.89,5.65,Active
A208013,C106175,Premium,172498.12,4.66,Active
A208014,C106176,Salary,98717.15,5.2,Active
A208015,C106177,Savings,429714.87,5.0,Active
A208016,C106177,Salary,290465.34,6.35,Active
A208017,C106178,Savings,35256.98,4.19,Active
A208018,C106179,Savings,196875.52,2.67,Dormant
A208019,C106180,Premium,73745.14,3.33,Active
A208020,C106181,Salary,182230.14,2.64,Active
A208021,C106182,Savings,292371.05,2.64,Active
A208022,C106183,Premium,37524.2,6.09,Dormant
A208023,C106184,Current,112900.12,6.1,Active
A208024,C106185,Savings,169348.64,3.47,Active
A208025,C106186,Savings,46009.41,4.55,Active
A208026,C106187,Current,172690.47,4.08,Active
A208027,C106188,Salary,73202.48,3.51,Active
A208028,C106189,Salary,70351.09,4.78,Dormant
A208029,C106190,Salary,171609.16,6.11,Active
A208030,C106191,Salary,75553.05,5.02,Active
A208031,C106192,Savings,41768.28,3.43,Active
A208032,C106193,Salary,150446.98,3.52,Dormant
A208033,C106194,Savings,138204.43,4.75,Active
A208034,C106194,Salary,41757.33,4.65,Active
A208035,C106195,Savings,279449.7,3.18,Active
A208036,C106196,Salary,167125.15,4.9,Dormant
A208037,C106197,Savings,58940.97,2.64,Dormant
A208038,C106198,Savings,111647.74,6.43,Active
A208039,C106199,Current,150689.61,5.4,Active
A208040,C106199,Savings,149460.36,2.94,Active
A208041,C106200,Savings,145695.28,4.25,Active
A208042,C106200,Salary,101849.84,5.15,Active
A208043,C106201,Salary,468631.8,5.64,Dormant
A208044,C106202,Savings,106764.67,2.81,Active
A208045,C106202,Salary,553645.63,3.96,Active
A208046,C106203,Savings,2967.33,4.68,Active
A208047,C106204,Savings,240115.15,3.87,Active
A208048,C106205,Premium,276936.77,3.67,Dormant
A208049,C106205,Salary,0.0,4.83,Dormant
A208050,C106206,Savings,148106.15,2.96,Dormant
A208051,C106207,Current,171390.7,2.89,Active
A208052,C106208,Savings,202136.82,3.17,Dormant
A208053,C106208,Savings,109753.39,4.59,Active
A208054,C106209,Savings,122492.55,3.33,Dormant
A208055,C106210,Salary,59374.99,3.42,Active
A208056,C106210,Premium,38369.8,3.86,Active
A208057,C106211,Premium,61330.57,4.03,Active
A208058,C106212,Salary,146328.04,4.05,Dormant
A208059,C106212,Savings,122200.84,3.56,Dormant
A208060,C106213,Savings,162629.83,2.92,Active
A208061,C106213,Savings,0.0,4.79,Active
A208062,C106214,Current,43426.38,2.89,Active
A208063,C106215,Salary,76463.47,4.77,Active
A208064,C106216,Savings,27265.82,5.65,Active
A208065,C106217,Savings,25223.38,4.65,Active
A208066,C106218,Savings,109092.23,3.48,Dormant
A208067,C106218,Current,157047.49,2.62,Active
A208068,C106219,Salary,184808.27,5.15,Active
A208069,C106220,Current,30960.94,3.57,Active
A208070,C106220,Salary,318084.72,5.18,Active
A208071,C106221,Savings,46299.0,3.41,Active
A208072,C106221,Salary,163874.5,4.01,Active
A208073,C106222,Savings,57643.61,3.0,Active
A208074,C106222,Savings,34976.63,5.7,Active
A208075,C106223,Savings,25601.32,5.02,Dormant
A208076,C106224,Savings,111931.83,5.11,Active
A208077,C106224,Savings,103776.45,6.28,Dormant
A208078,C106225,Savings,180662.07,5.04,Active
A208079,C106226,Savings,195474.8,3.53,Active
A208080,C106227,Savings,261254.96,3.2,Active
A208081,C106228,Savings,315555.03,3.95,Active
A208082,C106229,Savings,450404.12,4.14,Active
A208083,C106230,Salary,167515.74,3.73,Active
A208084,C106231,Savings,42085.11,4.22,Active
A208085,C106232,Salary,87411.25,2.84,Active
A208086,C106232,Savings,82127.03,2.64,Active
A208087,C106233,Savings,108424.55,4.33,Active
A208088,C106233,Salary,77301.89,2.56,Active
A208089,C106234,Current,317158.45,3.4,Active
A208090,C106235,Salary,219503.18,3.92,Active
A208091,C106236,Salary,351892.26,3.69,Dormant
A208092,C106237,Salary,212948.18,5.81,Dormant
A208093,C106237,Savings,214133.72,6.33,Active
A208094,C106238,Current,70622.96,5.26,Active
A208095,C106239,Savings,562.84,4.19,Dormant
A208096,C106240,Savings,0.0,4.03,Active
A208097,C106241,Premium,51012.26,4.35,Active
A208098,C106242,Salary,271855.7,6.37,Active
A208099,C106243,Salary,118601.55,3.09,Active
A208100,C106244,Savings,105967.72,2.82,Active
A208101,C106245,Premium,287963.45,4.95,Active
A208102,C106246,Savings,104188.95,2.91,Active
A208103,C106247,Savings,131391.86,3.76,Active
A208104,C106248,Salary,125309.06,5.84,Active
A208105,C106249,Savings,82914.77,3.99,Active
A208106,C106249,Savings,54636.59,5.06,Active
A208107,C106250,Savings,217467.65,4.27,Active
A208108,C106251,Salary,114638.71,4.3,Active
A208109,C106252,Savings,39686.61,6.17,Active
A208110,C106253,Premium,230826.85,6.4,Active
A208111,C106254,Savings,192058.62,5.99,Active
A208112,C106255,Savings,118225.36,2.61,Active
A208113,C106255,Salary,110368.08,6.0,Active
A208114,C106256,Premium,246776.02,3.99,Active
A208115,C106257,Savings,124965.54,4.4,Dormant
A208116,C106258,Savings,210358.27,4.69,Active
A208117,C106259,Savings,220354.12,5.75,Active
A208118,C106259,Savings,187271.94,3.24,Dormant
A208119,C106260,Salary,92801.8,3.16,Active
A208120,C106261,Savings,10705.04,6.12,Active
A208121,C106262,Savings,39752.07,3.25,Active
A208122,C106263,Savings,164561.88,3.9,Active
A208123,C106264,Salary,192784.97,4.3,Active
A208124,C106265,Savings,125123.48,4.55,Active
A208125,C106266,Savings,109525.85,3.43,Active
A208126,C106266,Savings,40615.51,4.34,Dormant
A208127,C106267,Savings,356720.5,3.52,Active
A208128,C106268,Premium,79067.31,4.51,Active
A208129,C106269,Premium,88365.23,5.57,Active
A208130,C106270,Salary,69584.99,4.07,Active
A208131,C106270,Savings,205307.31,3.61,Dormant
A208132,C106271,Salary,308617.15,4.59,Active
A208133,C106272,Salary,70347.2,3.31,Active
A208134,C106273,Savings,222023.27,2.79,Active
A208135,C106274,Savings,218317.65,3.9,Active
A208136,C106274,Savings,137683.49,3.9,Active
A208137,C106275,Current,95075.65,3.32,Active
A208138,C106276,Salary,169858.34,2.58,Active
A208139,C106277,Savings,126504.65,4.01,Active
A208140,C106278,Salary,127649.32,4.1,Active
A208141,C106279,Savings,134845.97,3.5,Active
A208142,C106280,Savings,87630.54,4.58,Dormant
A208143,C106280,Premium,56490.67,3.6,Active
A208144,C106281,Savings,79084.57,6.31,Active
A208145,C106281,Savings,57969.12,6.2,Active
A208146,C106282,Savings,146958.12,3.67,Active
A208147,C106283,Salary,23985.93,3.19,Dormant
A208148,C106283,Savings,46242.05,4.69,Dormant
A208149,C106284,Savings,52976.27,2.96,Active
A208150,C106284,Savings,10353.32,3.85,Active
A208151,C106285,Current,186699.3,5.84,Active
A208152,C106285,Salary,188242.16,3.83,Active
A208153,C106286,Salary,51594.11,6.22,Active
A208154,C106287,Savings,3424.41,3.59,Active
A208155,C106288,Savings,61589.48,4.53,Active
A208156,C106288,Savings,220339.14,4.32,Dormant
A208157,C106289,Savings,35581.76,4.71,Dormant
A208158,C106289,Savings,37478.57,3.0,Active
A208159,C106290,Savings,91113.95,2.83,Active
A208160,C106291,Premium,132916.73,2.69,Dormant
A208161,C106291,Salary,181319.33,3.7,Active
A208162,C106292,Savings,130682.97,3.76,Dormant
A208163,C106292,Savings,104485.73,3.67,Active
A208164,C106293,Savings,154541.61,4.88,Active
A208165,C106293,Savings,59324.1,3.64,Dormant
A208166,C106294,Premium,152101.06,4.96,Active
A208167,C106295,Savings,33627.07,2.94,Active
A208168,C106296,Premium,123622.86,2.9,Active
A208169,C106296,Salary,134079.8,2.68,Active
A208170,C106297,Savings,41859.98,5.34,Active
A208171,C106298,Savings,45452.29,2.86,Active
A208172,C106299,Savings,167953.93,5.16,Dormant
A208173,C106299,Salary,230548.64,3.95,Active
A208174,C106300,Savings,75997.35,4.14,Dormant
A208175,C106301,Savings,53776.2,5.74,Active
A208176,C106301,Savings,37413.05,5.43,Active
A208177,C106302,Savings,184124.03,4.81,Active
A208178,C106303,Savings,41188.72,5.79,Active
A208179,C106303,Premium,30023.18,5.35,Active
A208180,C106304,Savings,74122.8,2.54,Dormant
A208181,C106305,Savings,75153.83,4.21,Active
A208182,C106306,Savings,194996.12,6.28,Active
A208183,C106306,Salary,103011.26,4.81,Active
A208184,C106307,Salary,53685.21,5.59,Active
A208185,C106307,Savings,20986.8,5.82,Active
A208186,C106308,Savings,185153.05,5.69,Dormant
A208187,C106309,Savings,233104.89,4.63,Active
A208188,C106310,Salary,245318.2,4.06,Dormant
A208189,C106311,Current,25953.93,6.12,Active
A208190,C106312,Current,87279.92,3.1,Active
A208191,C106313,Premium,74543.67,5.86,Dormant
A208192,C106314,Salary,172517.85,5.26,Active
A208193,C106315,Savings,132496.2,5.31,Active
A208194,C106316,Salary,27033.29,6.23,Active
A208195,C106317,Premium,44794.41,5.27,Active
A208196,C106317,Savings,6574.68,4.67,Dormant
A208197,C106318,Savings,70151.56,6.48,Dormant
A208198,C106319,Savings,157925.49,5.78,Active
A208199,C106319,Savings,240289.82,5.68,Active
A208200,C106320,Savings,76202.88,3.79,Active
A208201,C106321,Current,169195.67,3.57,Dormant
A208202,C106321,Savings,218832.79,5.31,Dormant
A208203,C106322,Savings,125145.54,2.55,Dormant
A208204,C106323,Savings,30107.85,5.98,Dormant
A208205,C106323,Current,19073.35,4.53,Active
A208206,C106324,Salary,75498.32,4.71,Active
A208207,C106325,Salary,171208.04,4.14,Dormant
A208208,C106326,Savings,116273.82,5.62,Active
A208209,C106327,Savings,199592.13,3.74,Dormant
A208210,C106328,Current,11335.3,6.25,Active
A208211,C106328,Savings,138540.42,5.73,Dormant
A208212,C106329,Current,137874.96,4.98,Active
A208213,C106330,Current,139575.29,3.43,Active
A208214,C106331,Salary,66861.58,4.57,Active
A208215,C106332,Salary,48794.0,5.1,Active
A208216,C106332,Savings,108099.81,6.39,Dormant
A208217,C106333,Salary,160925.79,5.19,Dormant
A208218,C106334,Savings,303844.6,3.32,Active
A208219,C106335,Salary,216023.83,6.15,Active
A208220,C106336,Current,122089.22,2.86,Active
A208221,C106336,Savings,160962.4,4.45,Active
A208222,C106337,Premium,129115.66,3.61,Dormant
A208223,C106337,Premium,88180.83,5.79,Active
A208224,C106338,Savings,302290.48,6.04,Dormant
A208225,C106339,Savings,29993.07,6.09,Active
A208226,C106339,Savings,183384.48,6.25,Active
A208227,C106340,Savings,114811.33,5.91,Active
A208228,C106341,Savings,100619.98,6.14,Active
A208229,C106342,Salary,0.0,4.81,Dormant
A208230,C106343,Salary,395695.66,4.4,Active
A208231,C106344,Savings,59423.94,3.56,Active
A208232,C106345,Premium,172020.38,6.25,Active
A208233,C106345,Savings,189349.5,6.33,Active
A208234,C106346,Salary,469295.92,3.82,Dormant
A208235,C106346,Savings,361792.6,5.98,Active
A208236,C106347,Savings,288928.16,4.41,Dormant
A208237,C106348,Savings,201474.98,4.17,Active
A208238,C106348,Premium,254333.78,3.09,Active
A208239,C106349,Salary,132260.48,5.58,Active
A208240,C106350,Salary,155020.26,2.89,Active
A208241,C106350,Savings,172670.9,3.12,Active
A208242,C106351,Salary,110920.4,3.94,Active
A208243,C106352,Savings,45775.59,3.4,Active
A208244,C106353,Savings,97335.72,6.3,Active
A208245,C106353,Savings,75304.37,3.79,Active
A208246,C106354,Salary,244059.15,3.22,Active
A208247,C106354,Salary,357559.75,4.93,Active
A208248,C106355,Savings,3377.1,3.47,Active
A208249,C106355,Savings,19354.89,5.63,Active
A208250,C106356,Savings,168921.78,3.98,Active
A208251,C106356,Savings,168825.39,5.72,Active
A208252,C106357,Salary,23268.34,4.47,Active
A208253,C106358,Savings,40142.13,4.84,Active
A208254,C106359,Savings,155379.39,4.79,Dormant
A208255,C106359,Savings,208691.29,5.38,Active
A208256,C106360,Savings,95758.56,2.96,Dormant
A208257,C106361,Premium,241736.17,6.45,Active
A208258,C106361,Current,117970.52,3.99,Active
A208259,C106362,Current,21715.47,4.83,Active
A208260,C106363,Salary,132100.52,2.7,Dormant
A208261,C106364,Savings,230172.87,3.08,Active
A208262,C106365,Savings,52700.61,4.21,Active
A208263,C106366,Salary,73572.17,3.29,Dormant
A208264,C106366,Savings,67679.47,5.66,Active
A208265,C106367,Premium,96227.41,3.87,Active
A208266,C106368,Salary,266746.0,3.81,Active
A208267,C106368,Savings,183122.04,4.15,Active
A208268,C106369,Salary,173125.16,3.85,Active
A208269,C106370,Salary,201812.77,3.37,Active
A208270,C106371,Savings,41643.29,5.77,Active
A208271,C106372,Savings,135655.66,3.56,Active
A208272,C106373,Salary,123900.52,6.07,Dormant
A208273,C106374,Current,71859.52,4.84,Active
A208274,C106374,Savings,41513.33,3.12,Dormant
A208275,C106375,Salary,140054.49,5.37,Active
A208276,C106376,Salary,29364.29,3.51,Active
A208277,C106377,Savings,80426.55,4.29,Active
A208278,C106378,Current,191070.52,4.53,Active
A208279,C106379,Savings,65298.94,3.32,Active
A208280,C106379,Salary,73476.01,6.16,Active
A208281,C106380,Savings,131321.75,3.68,Active
A208282,C106381,Salary,14158.86,4.74,Active
A208283,C106381,Savings,29388.19,4.76,Dormant
A208284,C106382,Salary,231918.23,5.54,Active
A208285,C106383,Savings,156672.33,6.14,Active
A208286,C106384,Savings,248225.45,4.09,Dormant
A208287,C106385,Savings,208435.87,5.3,Active
A208288,C106386,Savings,135678.12,5.8,Active
A208289,C106387,Premium,138000.49,4.03,Active
A208290,C106388,Salary,61076.65,3.29,Active
A208291,C106389,Savings,272350.33,4.15,Active
A208292,C106390,Savings,107026.37,6.42,Active
A208293,C106390,Current,198750.64,5.03,Active
A208294,C106391,Savings,83544.08,5.0,Active
A208295,C106392,Salary,35156.96,6.06,Active
A208296,C106393,Premium,51958.46,3.03,Dormant
A208297,C106393,Savings,60865.04,2.62,Active
A208298,C106394,Premium,49914.59,3.79,Active
A208299,C106395,Salary,477741.98,3.02,Active
A208300,C106396,Salary,168747.3,4.62,Active
A208301,C106397,Savings,269645.02,4.14,Active
A208302,C106397,Savings,0.0,5.74,Active
A208303,C106398,Premium,60414.66,5.19,Dormant
A208304,C106399,Savings,42026.94,3.01,Dormant
A208305,C106400,Premium,162985.48,3.28,Active
A208306,C106400,Savings,11372.23,3.06,Active
A208307,C106401,Savings,23852.28,6.06,Active
A208308,C106401,Salary,67151.87,3.68,Active
A208309,C106402,Savings,94835.89,2.59,Active
A208310,C106403,Savings,242344.01,4.97,Active
A208311,C106403,Premium,239027.16,3.23,Active
A208312,C106404,Salary,196604.14,3.79,Active
A208313,C106404,Savings,192895.7,6.15,Active
A208314,C106405,Savings,182373.15,5.54,Active
A208315,C106405,Salary,74686.18,4.34,Active
A208316,C106406,Savings,52549.56,5.18,Active
A208317,C106407,Savings,260579.32,6.04,Active
A208318,C106407,Salary,129142.63,3.1,Active
A208319,C106408,Savings,192991.38,4.41,Active
A208320,C106409,Savings,187364.66,4.79,Active
A208321,C106409,Savings,210249.08,4.14,Active
A208322,C106410,Savings,81113.67,4.97,Active
A208323,C106411,Savings,388481.06,3.06,Dormant
A208324,C106412,Savings,40654.64,3.29,Active
A208325,C106413,Savings,101894.36,6.26,Dormant
A208326,C106413,Savings,101771.31,3.51,Active
A208327,C106414,Premium,38828.95,4.06,Active
A208328,C106415,Savings,233240.59,4.6,Dormant
A208329,C106416,Salary,150418.47,6.2,Dormant
A208330,C106417,Salary,94123.89,6.46,Dormant
A208331,C106418,Salary,112857.32,5.92,Active
A208332,C106419,Current,8883.49,4.46,Active
A208333,C106420,Salary,292874.98,5.53,Active
A208334,C106421,Savings,4456.68,5.32,Active
A208335,C106422,Savings,84025.13,5.33,Active
A208336,C106422,Savings,180625.67,5.79,Active
A208337,C106423,Savings,225373.24,4.59,Dormant
A208338,C106424,Salary,199392.25,5.33,Dormant
A208339,C106425,Savings,366154.69,6.42,Active
A208340,C106426,Salary,132573.62,3.52,Dormant
A208341,C106427,Savings,228874.69,2.55,Active
A208342,C106427,Savings,262121.17,2.91,Active
A208343,C106428,Savings,83668.81,6.26,Active
A208344,C106429,Premium,71168.68,2.52,Active
A208345,C106429,Savings,42484.16,5.88,Active
A208346,C106430,Salary,325251.72,3.49,Dormant
A208347,C106431,Savings,79407.39,5.88,Active
A208348,C106431,Savings,505.58,4.74,Active
A208349,C106432,Current,182158.61,3.39,Active
A208350,C106433,Current,49523.3,6.36,Dormant
A208351,C106434,Current,152458.41,2.51,Active
A208352,C106435,Savings,140485.38,5.46,Active
A208353,C106435,Savings,74970.71,5.78,Active
A208354,C106436,Premium,177885.27,2.66,Dormant
A208355,C106437,Savings,216192.86,6.01,Active
A208356,C106437,Premium,172305.05,5.65,Dormant
A208357,C106438,Premium,148015.92,6.23,Dormant
A208358,C106439,Savings,104296.85,5.84,Active
A208359,C106440,Savings,174955.59,3.25,Active
A208360,C106441,Savings,205918.44,4.53,Active
A208361,C106441,Savings,114618.33,6.5,Dormant
A208362,C106442,Salary,178194.61,3.14,Active
A208363,C106443,Salary,149582.72,2.74,Active
A208364,C106444,Savings,171338.09,3.7,Dormant
A208365,C106445,Savings,294629.68,2.92,Active
A208366,C106446,Savings,205733.76,5.3,Active
A208367,C106447,Savings,271124.94,5.49,Active
A208368,C106447,Savings,183109.27,5.96,Active
A208369,C106448,Salary,392591.91,6.01,Dormant
A208370,C106448,Current,515885.86,4.49,Dormant
A208371,C106449,Savings,84070.02,2.86,Dormant
A208372,C106450,Savings,91862.25,3.6,Active
A208373,C106451,Current,162567.79,4.81,Active
A208374,C106452,Savings,258634.97,4.31,Active
A208375,C106452,Salary,119277.89,4.66,Active
A208376,C106453,Savings,161112.32,3.24,Active
A208377,C106454,Savings,135468.31,3.56,Active
A208378,C106455,Savings,44436.89,4.33,Active
A208379,C106456,Savings,66392.97,3.39,Active
A208380,C106457,Savings,319942.68,2.72,Active
A208381,C106458,Premium,40737.27,3.19,Active
A208382,C106459,Salary,98916.39,3.61,Active
A208383,C106460,Salary,76303.2,4.55,Active
A208384,C106461,Salary,175677.91,3.09,Active
A208385,C106462,Salary,227176.24,5.68,Dormant
A208386,C106463,Salary,272111.16,5.33,Active
A208387,C106464,Savings,35712.47,3.56,Active
A208388,C106465,Savings,31100.54,3.28,Active
A208389,C106466,Current,157461.75,5.75,Active
A208390,C106467,Savings,147592.82,2.89,Active
A208391,C106467,Current,96772.57,3.2,Active
A208392,C106468,Savings,83351.71,3.39,Active
A208393,C106468,Salary,52896.81,4.75,Active
A208394,C106469,Savings,27754.07,6.47,Dormant
A208395,C106470,Salary,210488.6,3.26,Active
A208396,C106470,Current,185266.72,5.27,Active
A208397,C106471,Savings,337964.52,5.56,Active
A208398,C106471,Salary,87849.77,4.47,Active
A208399,C106472,Salary,65794.93,4.62,Dormant
A208400,C106473,Salary,142359.48,2.87,Active
A208401,C106474,Savings,223400.92,3.14,Active
A208402,C106475,Premium,50038.86,5.15,Active
A208403,C106476,Savings,44220.88,5.69,Active
A208404,C106476,Savings,120446.41,6.03,Dormant
A208405,C106477,Salary,44806.16,4.89,Active
A208406,C106478,Savings,119660.61,3.38,Active
A208407,C106479,Savings,27814.79,3.16,Active
A208408,C106480,Savings,93382.37,5.5,Active
A208409,C106481,Savings,60012.59,3.3,Dormant
A208410,C106482,Salary,97567.97,5.01,Active
A208411,C106482,Salary,135291.91,2.94,Active
A208412,C106483,Premium,269253.41,3.76,Active
A208413,C106484,Savings,275421.0,4.47,Dormant
A208414,C106484,Savings,168280.53,5.85,Active
A208415,C106485,Savings,332259.34,5.51,Active
A208416,C106486,Salary,15209.34,3.89,Active
A208417,C106487,Savings,42838.26,6.28,Active
A208418,C106488,Savings,112155.56,3.82,Active
A208419,C106489,Savings,214056.9,5.39,Active
A208420,C106489,Salary,0.0,5.59,Dormant
A208421,C106490,Savings,278572.42,6.36,Active
A208422,C106491,Savings,282188.11,6.38,Active
A208423,C106491,Savings,156514.4,5.73,Active
A208424,C106492,Premium,239461.71,3.78,Active
A208425,C106493,Savings,177469.9,4.65,Active
A208426,C106494,Savings,44801.01,3.52,Dormant
A208427,C106495,Salary,148460.91,6.16,Active
A208428,C106495,Savings,129986.2,4.49,Active
A208429,C106496,Savings,251371.6,3.46,Active
A208430,C106497,Premium,79406.45,4.0,Active
A208431,C106498,Savings,266162.58,2.78,Active
A208432,C106499,Savings,86993.94,5.14,Active
A208433,C106500,Salary,237719.59,5.67,Active
A208434,C106501,Savings,135077.36,2.67,Active
A208435,C106502,Savings,214166.61,3.63,Active
A208436,C106503,Savings,123280.86,3.9,Active
A208437,C106504,Savings,22951.18,2.95,Dormant
A208438,C106505,Savings,68511.03,5.49,Dormant
A208439,C106505,Premium,160400.16,4.43,Active
A208440,C106506,Salary,133701.34,3.07,Active
A208441,C106507,Savings,99585.78,6.07,Active
A208442,C106508,Salary,42037.38,6.28,Active
A208443,C106509,Savings,151378.71,4.23,Active
A208444,C106510,Savings,102516.98,6.37,Dormant
A208445,C106511,Current,172269.67,5.78,Active
A208446,C106512,Savings,134582.94,4.49,Active
A208447,C106513,Premium,71487.88,4.62,Active
A208448,C106514,Savings,166034.98,5.82,Dormant
A208449,C106515,Salary,145675.89,4.4,Dormant
A208450,C106515,Savings,61096.14,5.65,Active
A208451,C106516,Savings,23731.94,3.08,Active
A208452,C106516,Salary,17238.8,3.03,Active
A208453,C106517,Savings,244277.53,4.82,Dormant
A208454,C106518,Savings,267287.79,5.14,Active
A208455,C106519,Salary,326168.47,6.21,Active
A208456,C106519,Savings,358796.72,3.78,Active
A208457,C106520,Savings,264034.44,2.96,Active
A208458,C106521,Savings,60108.86,6.12,Active
A208459,C106521,Savings,288882.77,3.26,Active
A208460,C106522,Salary,8398.44,3.62,Active
A208461,C106523,Savings,85889.73,4.54,Dormant
A208462,C106524,Savings,16044.75,4.46,Active
A208463,C106525,Savings,169372.97,5.07,Active
A208464,C106526,Savings,117887.4,4.4,Active
A208465,C106527,Salary,37503.95,2.99,Dormant
A208466,C106528,Salary,246918.22,5.66,Active
A208467,C106529,Savings,9094.15,2.84,Active
A208468,C106529,Savings,172148.3,6.38,Active
A208469,C106530,Savings,126743.87,2.67,Active
A208470,C106530,Savings,40689.29,5.63,Active
A208471,C106531,Savings,184065.46,5.52,Dormant
A208472,C106532,Savings,245829.04,3.18,Active
A208473,C106532,Salary,107200.31,5.94,Dormant
A208474,C106533,Premium,0.0,5.17,Active
A208475,C106533,Salary,403161.57,5.42,Dormant
A208476,C106534,Salary,159346.72,4.73,Active
A208477,C106534,Salary,173061.87,4.49,Active
A208478,C106535,Premium,157585.31,3.88,Active
A208479,C106536,Savings,292194.31,3.96,Dormant
A208480,C106536,Premium,229403.02,2.93,Dormant
A208481,C106537,Salary,267363.99,5.4,Active
A208482,C106538,Salary,93786.62,3.03,Active
A208483,C106539,Savings,152220.75,3.28,Active
A208484,C106540,Salary,64912.57,5.4,Dormant
A208485,C106541,Savings,258704.8,2.81,Active
A208486,C106541,Savings,72457.07,5.65,Active
A208487,C106542,Savings,136208.71,5.54,Active
A208488,C106543,Savings,90389.68,3.72,Active
A208489,C106544,Savings,118271.31,5.73,Dormant
A208490,C106545,Salary,148166.53,2.8,Active
A208491,C106546,Premium,306239.89,5.2,Active
A208492,C106547,Salary,193363.9,2.83,Active
A208493,C106548,Savings,274289.27,5.81,Active
A208494,C106549,Salary,512965.61,3.76,Dormant
A208495,C106549,Current,690925.75,4.5,Active
A208496,C106550,Salary,70106.95,3.12,Active
A208497,C106550,Savings,90557.68,5.13,Active
A208498,C106551,Savings,48803.17,5.21,Active
A208499,C106552,Savings,104107.42,6.24,Dormant
A208500,C106552,Salary,249920.87,2.54,Active
A208501,C106553,Savings,106143.98,3.14,Active
A208502,C106554,Salary,271018.47,2.8,Active
A208503,C106555,Salary,125347.65,4.91,Active
A208504,C106556,Savings,97292.22,6.33,Active
A208505,C106557,Premium,29702.54,5.39,Dormant
A208506,C106558,Savings,342929.7,5.65,Active
A208507,C106558,Premium,404863.58,6.26,Active
A208508,C106559,Savings,253013.77,5.55,Active
A208509,C106560,Premium,80621.9,6.22,Active
A208510,C106561,Savings,117651.03,3.48,Active
A208511,C106562,Savings,265021.65,5.56,Active
A208512,C106562,Current,367263.2,5.63,Active
A208513,C106563,Salary,129425.67,5.24,Dormant
A208514,C106563,Savings,103133.14,3.91,Active
A208515,C106564,Salary,55145.85,5.05,Active
A208516,C106565,Savings,212186.05,4.46,Active
A208517,C106565,Salary,249634.78,5.84,Active
A208518,C106566,Savings,190009.34,2.58,Active
A208519,C106567,Savings,390694.84,6.39,Active
A208520,C106568,Savings,80211.1,3.97,Dormant
A208521,C106568,Savings,24199.9,4.12,Active
A208522,C106569,Savings,22836.17,5.82,Active
A208523,C106569,Savings,137689.21,5.89,Active
A208524,C106570,Premium,137226.95,5.47,Active
A208525,C106571,Salary,99382.52,3.44,Dormant
A208526,C106572,Premium,14139.67,5.97,Active
A208527,C106572,Salary,205115.06,4.74,Active
A208528,C106573,Savings,43964.22,3.18,Active
A208529,C106574,Savings,25050.66,5.61,Active
A208530,C106575,Savings,246837.23,6.12,Active
A208531,C106576,Savings,89884.04,6.45,Active
A208532,C106576,Salary,122167.43,5.12,Active
A208533,C106577,Savings,229433.63,6.11,Active
A208534,C106577,Current,139922.69,2.76,Dormant
A208535,C106578,Savings,165361.33,5.5,Active
A208536,C106579,Current,151931.64,3.86,Active
A208537,C106579,Savings,151725.76,4.43,Dormant
A208538,C106580,Savings,223053.35,5.16,Active
A208539,C106581,Salary,148332.29,2.51,Active
A208540,C106582,Salary,45138.95,4.79,Active
A208541,C106582,Salary,72183.77,5.84,Active
A208542,C106583,Savings,173529.39,2.78,Active
A208543,C106584,Salary,34421.28,6.16,Active
A208544,C106585,Savings,130981.58,5.41,Active
A208545,C106586,Savings,146930.07,4.08,Active
A208546,C106587,Premium,108412.52,3.31,Dormant
A208547,C106587,Current,131054.21,6.29,Active
A208548,C106588,Savings,72639.11,3.72,Active
A208549,C106588,Salary,67066.46,3.77,Dormant
A208550,C106589,Savings,82786.01,5.75,Active
A208551,C106589,Current,107557.55,3.25,Dormant
A208552,C106590,Savings,61492.35,5.08,Active
A208553,C106591,Salary,92970.43,5.27,Active
A208554,C106592,Salary,48459.95,3.67,Active
A208555,C106593,Savings,403349.92,6.45,Active
A208556,C106594,Savings,112294.81,5.07,Active
A208557,C106595,Premium,13795.43,4.95,Active
A208558,C106596,Savings,106320.52,4.81,Active
A208559,C106596,Salary,176466.35,4.0,Dormant
A208560,C106597,Savings,14536.9,5.98,Active
A208561,C106597,Current,268848.12,3.1,Active
A208562,C106598,Savings,93768.38,2.55,Active
A208563,C106599,Salary,115836.21,4.11,Active
A208564,C106600,Premium,103829.68,5.91,Active
A208565,C106601,Savings,137860.93,5.25,Active
A208566,C106602,Savings,284568.25,3.76,Dormant
A208567,C106603,Savings,118112.92,4.78,Active
A208568,C106604,Premium,85497.57,6.13,Active
A208569,C106605,Savings,59921.18,4.24,Active
A208570,C106606,Premium,226657.21,3.58,Dormant
A208571,C106607,Current,216926.39,5.35,Active
A208572,C106608,Savings,81597.3,2.63,Active
A208573,C106609,Premium,45432.35,4.49,Dormant
A208574,C106610,Current,143523.24,3.16,Active
A208575,C106611,Savings,39027.35,3.13,Active
A208576,C106612,Salary,300562.52,3.5,Dormant
A208577,C106612,Premium,382979.59,4.76,Dormant
A208578,C106613,Savings,80955.72,3.93,Dormant
A208579,C106613,Salary,53562.56,2.81,Active
A208580,C106614,Savings,10272.76,2.98,Active
A208581,C106615,Salary,56257.18,4.08,Active
A208582,C106616,Salary,198022.57,3.47,Active
A208583,C106617,Salary,377151.8,6.48,Dormant
A208584,C106618,Current,86152.64,3.79,Active
A208585,C106619,Savings,264970.81,3.16,Active
A208586,C106620,Salary,56390.35,6.47,Dormant
A208587,C106621,Savings,109278.68,3.22,Active
A208588,C106622,Savings,155618.78,6.36,Active
A208589,C106623,Salary,81650.71,4.67,Dormant
A208590,C106623,Savings,324889.38,5.55,Active
A208591,C106624,Current,248933.19,3.16,Active
A208592,C106625,Savings,216688.33,3.46,Active
A208593,C106626,Salary,182989.16,6.18,Dormant
A208594,C106627,Savings,29516.83,5.01,Active
A208595,C106628,Salary,10141.4,3.95,Active
A208596,C106629,Salary,151836.45,3.74,Active
A208597,C106629,Savings,182819.48,3.19,Active
A208598,C106630,Salary,163464.58,4.85,Active
A208599,C106631,Current,210349.46,4.47,Dormant
A208600,C106632,Savings,143805.99,3.41,Dormant
A208601,C106633,Salary,144008.57,4.45,Active
A208602,C106634,Savings,44438.13,3.96,Dormant
A208603,C106635,Savings,80040.83,5.79,Dormant
A208604,C106636,Savings,67186.0,3.05,Active
A208605,C106637,Savings,60764.2,3.11,Dormant
A208606,C106638,Current,35908.39,4.89,Active
A208607,C106639,Savings,192047.73,5.76,Active
A208608,C106640,Salary,25043.05,6.08,Active
A208609,C106641,Savings,138549.33,2.71,Active
A208610,C106641,Salary,17323.79,5.77,Dormant
A208611,C106642,Savings,265402.32,3.15,Active
A208612,C106643,Salary,125493.53,4.63,Dormant
A208613,C106644,Salary,135152.93,2.55,Active
A208614,C106645,Premium,295945.1,3.98,Active
A208615,C106645,Salary,116843.43,2.72,Active
A208616,C106646,Savings,208730.3,4.03,Active
A208617,C106647,Premium,142518.63,6.19,Dormant
A208618,C106648,Savings,60806.76,3.41,Active
A208619,C106648,Savings,67460.88,5.19,Active
A208620,C106649,Salary,121154.86,3.81,Active
A208621,C106650,Current,420334.75,3.69,Active
A208622,C106650,Savings,165292.03,5.39,Dormant
A208623,C106651,Current,452673.02,3.34,Active
A208624,C106652,Savings,251407.45,4.61,Active
A208625,C106653,Current,81317.03,5.45,Active
A208626,C106654,Current,261470.72,2.56,Active
A208627,C106655,Savings,186571.63,3.87,Dormant
A208628,C106656,Savings,127358.87,6.13,Dormant
A208629,C106657,Salary,93521.89,5.83,Active
A208630,C106657,Salary,113803.0,3.48,Active
A208631,C106658,Savings,0.0,3.42,Active
A208632,C106659,Salary,133602.37,3.53,Active
A208633,C106659,Savings,185703.82,6.07,Active
A208634,C106660,Savings,133630.21,3.87,Active
A208635,C106661,Salary,141424.01,4.5,Active
A208636,C106662,Salary,173873.98,3.33,Active
A208637,C106663,Current,11833.39,5.18,Active
A208638,C106664,Savings,347271.19,3.44,Active
A208639,C106664,Salary,42521.11,4.46,Active
A208640,C106665,Savings,154210.13,6.46,Active
A208641,C106666,Savings,201303.24,4.68,Active
A208642,C106666,Savings,243573.43,3.46,Active
A208643,C106667,Savings,28949.58,3.92,Active
A208644,C106668,Current,97491.92,5.81,Active
A208645,C106669,Savings,475160.0,4.19,Active
A208646,C106670,Savings,169183.96,2.86,Active
A208647,C106671,Current,327059.85,3.37,Active
A208648,C106672,Savings,230007.33,3.85,Dormant
A208649,C106672,Savings,49752.81,5.9,Active
A208650,C106673,Premium,291589.62,2.59,Dormant
A208651,C106674,Savings,40161.71,6.07,Dormant
A208652,C106674,Salary,126642.04,3.22,Active
A208653,C106675,Savings,125880.57,3.62,Active
A208654,C106675,Savings,78688.53,4.09,Active
A208655,C106676,Savings,74114.93,4.91,Dormant
A208656,C106677,Premium,43678.08,3.19,Active
A208657,C106677,Savings,33902.61,5.56,Dormant
A208658,C106678,Salary,171089.42,3.08,Active
A208659,C106679,Savings,382225.09,4.38,Dormant
A208660,C106680,Salary,402488.89,5.09,Active
A208661,C106681,Savings,58182.56,2.89,Active
A208662,C106682,Salary,89044.72,2.91,Active
A208663,C106683,Savings,120129.81,6.18,Active
A208664,C106684,Savings,235731.02,6.47,Active
A208665,C106684,Salary,110073.87,4.26,Active
A208666,C106685,Current,169635.9,3.12,Active
A208667,C106686,Current,188319.0,2.82,Active
A208668,C106687,Salary,63230.39,6.19,Dormant
A208669,C106687,Salary,63763.09,5.83,Dormant
A208670,C106688,Savings,121151.56,2.62,Dormant
A208671,C106689,Salary,45380.87,3.38,Active
A208672,C106689,Savings,202919.16,4.35,Dormant
A208673,C106690,Savings,211123.07,4.45,Active
A208674,C106691,Premium,21905.25,6.41,Active
A208675,C106692,Current,130677.73,4.07,Active
A208676,C106693,Savings,259875.94,3.37,Active
A208677,C106694,Salary,74247.21,3.31,Active
A208678,C106695,Savings,105428.67,4.49,Active
A208679,C106696,Savings,431763.08,3.73,Active
A208680,C106696,Savings,191060.24,4.24,Active
A208681,C106697,Salary,241766.46,2.65,Active
A208682,C106698,Salary,250217.22,4.49,Active
A208683,C106699,Savings,87941.94,4.06,Active
A208684,C106700,Salary,242188.45,6.0,Dormant
A208685,C106701,Savings,96425.71,2.98,Active
A208686,C106702,Savings,82945.84,6.13,Dormant
A208687,C106703,Premium,327900.2,5.27,Active
A208688,C106704,Salary,77974.54,2.87,Active
A208689,C106704,Savings,121927.54,5.77,Dormant
A208690,C106705,Salary,20925.95,3.82,Active
A208691,C106706,Savings,104494.21,6.19,Active
A208692,C106706,Savings,208466.87,3.89,Active
A208693,C106707,Savings,78505.56,2.7,Active
A208694,C106708,Salary,96573.37,3.82,Active
A208695,C106709,Premium,11594.35,3.32,Active
A208696,C106710,Savings,309104.84,2.68,Active
A208697,C106710,Salary,158422.98,5.73,Active
A208698,C106711,Salary,132298.06,3.6,Active
A208699,C106712,Savings,292818.9,2.78,Active
A208700,C106712,Salary,376049.15,3.95,Active
A208701,C106713,Savings,307146.13,4.36,Active
A208702,C106714,Current,159561.07,3.9,Active
A208703,C106715,Salary,10845.88,4.04,Active
A208704,C106716,Savings,176010.43,4.56,Dormant
A208705,C106717,Savings,424027.05,3.58,Dormant
A208706,C106718,Savings,83089.77,5.4,Active
A208707,C106719,Savings,10800.07,6.15,Active
A208708,C106720,Salary,39377.38,3.01,Dormant
A208709,C106721,Savings,98432.99,5.55,Active
A208710,C106722,Savings,204254.24,3.16,Active
A208711,C106723,Savings,13792.55,4.27,Active
A208712,C106723,Current,33781.27,4.61,Active
A208713,C106724,Salary,0.0,3.92,Active
A208714,C106725,Salary,182698.28,5.84,Dormant
A208715,C106725,Current,367979.42,3.42,Active
A208716,C106726,Savings,330081.92,4.44,Dormant
A208717,C106727,Premium,141827.43,4.39,Active
A208718,C106728,Savings,58491.35,5.64,Active
A208719,C106729,Salary,60554.47,2.89,Active
A208720,C106730,Salary,30595.88,3.65,Active
A208721,C106731,Savings,0.0,3.93,Active
A208722,C106732,Savings,25376.62,2.57,Active
A208723,C106733,Savings,70232.92,4.48,Active
A208724,C106733,Savings,80456.04,6.1,Active
A208725,C106734,Savings,229492.01,5.17,Active
A208726,C106735,Savings,33632.43,5.42,Active
A208727,C106736,Salary,74266.41,4.75,Active
A208728,C106737,Salary,30768.86,2.96,Active
A208729,C106737,Savings,95999.36,5.89,Active
A208730,C106738,Salary,236340.94,5.21,Active
A208731,C106738,Savings,136764.05,6.37,Active
A208732,C106739,Salary,70890.53,2.95,Active
A208733,C106740,Savings,227152.44,6.12,Dormant
A208734,C106741,Savings,286001.13,3.34,Active
A208735,C106742,Salary,58919.22,4.73,Active
A208736,C106743,Savings,55562.0,6.36,Dormant
A208737,C106744,Savings,174425.73,2.97,Active
A208738,C106744,Savings,78762.12,3.44,Active
A208739,C106745,Savings,12887.76,2.69,Active
A208740,C106746,Savings,141970.15,3.61,Active
A208741,C106747,Premium,192037.92,3.09,Active
A208742,C106748,Savings,13034.63,4.26,Active
A208743,C106749,Savings,158510.54,5.93,Dormant
A208744,C106749,Savings,118098.55,5.27,Active
A208745,C106750,Current,11472.25,5.04,Active
A208746,C106751,Savings,142851.7,4.55,Active
A208747,C106752,Savings,114398.39,3.94,Active
A208748,C106753,Savings,52822.23,3.65,Active
A208749,C106754,Premium,336142.71,4.21,Active
A208750,C106755,Salary,25514.14,5.92,Active
A208751,C106756,Savings,84174.6,4.41,Dormant
A208752,C106757,Savings,50335.96,5.45,Active
A208753,C106758,Salary,59216.09,3.19,Active
A208754,C106759,Salary,74842.84,4.77,Active
A208755,C106760,Savings,82667.7,4.28,Dormant
A208756,C106760,Savings,193366.99,6.14,Active
A208757,C106761,Savings,170290.08,5.28,Active
A208758,C106762,Salary,53968.35,4.81,Active
A208759,C106762,Savings,0.0,4.87,Active
A208760,C106763,Savings,24728.8,5.26,Dormant
A208761,C106763,Savings,231496.76,4.06,Active
A208762,C106764,Premium,1473.91,3.74,Active
A208763,C106765,Premium,157963.39,5.86,Dormant
A208764,C106766,Savings,291116.76,3.49,Dormant
A208765,C106767,Savings,138473.22,4.67,Dormant
A208766,C106768,Savings,150218.76,3.05,Active
A208767,C106769,Savings,91275.25,5.04,Dormant
A208768,C106769,Savings,48009.32,5.67,Active
A208769,C106770,Savings,0.0,6.41,Active
A208770,C106770,Savings,145816.29,3.84,Active
A208771,C106771,Premium,228533.01,4.68,Active
A208772,C106772,Salary,169206.28,3.33,Active
A208773,C106772,Current,104695.64,2.75,Active
A208774,C106773,Salary,264266.18,4.11,Dormant
A208775,C106774,Savings,38454.98,4.17,Active
A208776,C106775,Savings,85326.66,3.55,Active
A208777,C106776,Salary,72228.74,2.58,Active
A208778,C106777,Salary,244211.83,5.03,Active
A208779,C106777,Savings,267561.94,3.69,Active
A208780,C106778,Savings,266898.19,4.55,Active
A208781,C106779,Savings,32933.54,5.73,Active
A208782,C106780,Current,39391.05,4.62,Active
A208783,C106781,Savings,206460.17,3.73,Dormant
A208784,C106782,Savings,244963.41,6.44,Active
A208785,C106782,Premium,195900.23,5.11,Active
A208786,C106783,Savings,147325.34,2.98,Active
A208787,C106783,Salary,109892.8,5.74,Active
A208788,C106784,Savings,311814.12,4.44,Active
A208789,C106784,Savings,40595.42,2.94,Active
A208790,C106785,Premium,334045.84,3.41,Active
A208791,C106785,Salary,88296.48,4.54,Active
A208792,C106786,Current,123970.98,2.89,Active
A208793,C106786,Premium,82918.36,4.31,Active
A208794,C106787,Salary,125169.03,3.42,Active
A208795,C106788,Savings,53017.23,5.93,Dormant
A208796,C106788,Salary,101026.49,2.66,Dormant
A208797,C106789,Savings,102473.54,3.88,Active
A208798,C106790,Savings,254213.06,6.3,Active
A208799,C106791,Savings,85726.12,6.42,Active
A208800,C106792,Savings,319445.28,3.75,Active
A208801,C106793,Salary,97126.2,4.08,Active
A208802,C106794,Salary,321298.64,4.26,Dormant
A208803,C106795,Savings,407585.08,5.73,Dormant
A208804,C106796,Savings,85337.0,3.9,Dormant
A208805,C106796,Savings,53233.02,4.86,Dormant
A208806,C106797,Savings,82638.49,3.79,Dormant
A208807,C106798,Savings,151202.47,3.21,Active
A208808,C106798,Savings,267551.05,3.83,Active
A208809,C106799,Premium,78975.56,4.7,Active
A208810,C106800,Savings,69352.23,3.82,Active
A208811,C106801,Savings,215632.64,3.95,Active
A208812,C106802,Premium,93984.11,6.13,Active
A208813,C106803,Current,95656.33,5.71,Active
A208814,C106804,Savings,284516.6,3.84,Dormant
A208815,C106805,Savings,756918.6,4.76,Active
A208816,C106806,Savings,262279.98,4.65,Active
A208817,C106807,Current,212581.36,3.03,Active
A208818,C106807,Salary,101749.2,3.17,Active
A208819,C106808,Savings,150685.64,5.68,Active
A208820,C106809,Salary,145235.47,5.73,Active
A208821,C106810,Savings,64423.66,2.78,Active
A208822,C106811,Savings,162595.98,6.01,Active
A208823,C106811,Current,106901.05,4.69,Active
A208824,C106812,Savings,18999.51,5.1,Active
A208825,C106812,Savings,47603.0,4.9,Active
A208826,C106813,Savings,80685.9,5.37,Dormant
A208827,C106814,Savings,228811.16,3.26,Active
A208828,C106815,Savings,119736.33,3.11,Active
A208829,C106816,Savings,179665.41,6.05,Dormant
A208830,C106816,Salary,21795.16,4.64,Active
A208831,C106817,Savings,204650.0,6.04,Active
A208832,C106818,Savings,78808.56,3.45,Active
A208833,C106818,Savings,81227.77,5.54,Active
A208834,C106819,Salary,145915.46,4.35,Active
A208835,C106820,Salary,192820.12,6.29,Dormant
A208836,C106820,Salary,169531.13,5.11,Active
A208837,C106821,Premium,74429.35,3.3,Active
A208838,C106822,Current,0.0,4.28,Dormant
A208839,C106823,Salary,396692.44,5.34,Active
A208840,C106823,Savings,289720.47,6.13,Dormant
A208841,C106824,Current,75522.51,5.23,Active
A208842,C106825,Savings,24236.35,2.95,Dormant
A208843,C106826,Savings,119254.71,2.88,Active
A208844,C106827,Savings,130925.24,3.57,Active
A208845,C106828,Savings,175401.7,4.38,Active
A208846,C106828,Current,291513.97,3.55,Active
A208847,C106829,Savings,40022.49,5.45,Active
A208848,C106830,Salary,189794.43,5.71,Active
A208849,C106831,Salary,159778.48,4.13,Active
A208850,C106831,Salary,188775.71,2.77,Active
A208851,C106832,Savings,140449.61,4.19,Dormant
A208852,C106833,Savings,299455.53,5.45,Active
A208853,C106834,Premium,110431.04,5.21,Dormant
A208854,C106835,Salary,8748.95,4.34,Dormant
A208855,C106836,Salary,261627.81,3.85,Active
A208856,C106837,Savings,10492.02,2.65,Active
A208857,C106837,Salary,8472.27,4.69,Dormant
A208858,C106838,Savings,41138.24,3.33,Active
A208859,C106839,Savings,49672.97,6.36,Dormant
A208860,C106840,Salary,61355.32,5.6,Active
A208861,C106841,Savings,34434.28,2.8,Active
A208862,C106841,Savings,9027.98,5.1,Active
A208863,C106842,Savings,44627.89,4.03,Active
A208864,C106842,Savings,129433.67,5.71,Active
A208865,C106843,Savings,28260.1,4.65,Dormant
A208866,C106844,Savings,17097.82,5.23,Active
A208867,C106845,Premium,211966.22,4.58,Active
A208868,C106846,Savings,145950.92,3.78,Active
A208869,C106847,Savings,486237.76,5.8,Active
A208870,C106848,Salary,261797.05,5.65,Active
A208871,C106849,Salary,140652.12,3.9,Active
A208872,C106850,Current,113622.7,5.14,Dormant
A208873,C106851,Savings,265946.26,5.07,Dormant
A208874,C106852,Salary,265162.09,3.64,Active
A208875,C106853,Savings,27616.28,3.52,Active
A208876,C106854,Salary,170582.53,5.23,Active
A208877,C106854,Salary,116097.62,2.95,Active
A208878,C106855,Savings,178717.81,6.49,Dormant
A208879,C106856,Savings,372542.62,6.4,Active
A208880,C106856,Savings,390795.39,5.74,Active
A208881,C106857,Savings,371161.45,5.28,Active
A208882,C106858,Premium,153061.32,3.04,Active
A208883,C106859,Savings,148833.3,4.02,Active
A208884,C106860,Savings,202855.04,3.45,Active
A208885,C106860,Salary,199367.72,6.32,Dormant
A208886,C106861,Savings,76285.75,3.49,Dormant
A208887,C106861,Current,98904.18,5.4,Active
A208888,C106862,Savings,256341.27,6.4,Active
A208889,C106863,Salary,202219.71,5.91,Active
A208890,C106864,Savings,322036.43,3.82,Active
A208891,C106864,Savings,312345.78,5.21,Active
A208892,C106865,Premium,178164.67,4.7,Active
A208893,C106866,Savings,162187.73,6.07,Active
A208894,C106867,Savings,126811.35,3.02,Active
A208895,C106868,Savings,148934.43,6.24,Active
A208896,C106869,Savings,309430.34,2.73,Active
A208897,C106870,Premium,251948.57,3.55,Active
A208898,C106870,Savings,260210.57,5.83,Active
A208899,C106871,Salary,96400.55,5.74,Active
A208900,C106872,Savings,363720.39,4.85,Active
A208901,C106873,Salary,94126.12,5.05,Active
A208902,C106874,Current,192058.13,4.6,Active
A208903,C106875,Salary,57567.16,5.93,Active
A208904,C106876,Salary,33868.51,2.69,Active
A208905,C106877,Savings,90464.0,5.15,Dormant
A208906,C106878,Salary,162486.05,4.21,Dormant
A208907,C106878,Savings,72975.14,4.35,Active
A208908,C106879,Savings,271966.48,6.48,Dormant
A208909,C106880,Premium,128325.36,3.31,Active
A208910,C106880,Savings,188875.45,2.65,Dormant
A208911,C106881,Salary,204043.4,3.21,Dormant
A208912,C106881,Premium,133077.31,6.34,Dormant
A208913,C106882,Savings,206379.9,6.04,Active
A208914,C106882,Savings,220144.48,4.08,Active
A208915,C106883,Salary,17309.87,4.1,Active
A208916,C106884,Salary,120617.1,4.69,Active
A208917,C106885,Savings,103538.41,3.46,Dormant
A208918,C106885,Savings,142361.46,6.01,Active
A208919,C106886,Savings,131088.62,3.78,Active
A208920,C106887,Savings,104859.51,3.04,Active
A208921,C106887,Current,123096.91,3.69,Dormant
A208922,C106888,Savings,211801.31,5.08,Dormant
A208923,C106888,Savings,178747.0,3.8,Active
A208924,C106889,Current,108696.55,5.76,Active
A208925,C106890,Savings,79036.97,5.55,Active
A208926,C106890,Savings,112469.65,3.05,Active
A208927,C106891,Salary,14254.31,4.68,Active
A208928,C106892,Savings,205020.13,4.01,Active
A208929,C106893,Salary,30546.18,5.78,Active
A208930,C106893,Salary,14019.69,5.5,Active
A208931,C106894,Savings,106296.38,4.64,Active
A208932,C106895,Savings,131431.78,4.92,Dormant
A208933,C106896,Salary,2120.87,4.34,Active
A208934,C106897,Salary,139899.87,6.48,Active
A208935,C106898,Savings,346263.98,4.71,Active
A208936,C106899,Salary,67529.91,5.0,Active
A208937,C106900,Savings,97975.9,3.62,Active
A208938,C106900,Savings,137630.22,5.33,Dormant
A208939,C106901,Salary,403550.92,5.31,Active
A208940,C106902,Premium,361806.78,2.5,Active
A208941,C106903,Current,269034.03,4.15,Active
A208942,C106903,Savings,9039.53,3.46,Active
A208943,C106904,Premium,231353.73,3.7,Active
A208944,C106905,Premium,213841.55,2.85,Dormant
A208945,C106906,Savings,61558.9,2.73,Active
A208946,C106906,Savings,72925.67,5.87,Active
A208947,C106907,Current,168197.81,6.22,Dormant
A208948,C106908,Salary,51818.92,2.62,Active
A208949,C106908,Savings,82479.42,6.3,Active
A208950,C106909,Premium,261696.89,5.05,Active
A208951,C106910,Savings,33611.21,5.6,Active
A208952,C106910,Savings,9608.63,6.43,Active
A208953,C106911,Savings,55562.13,4.07,Active
A208954,C106912,Savings,44363.03,3.69,Active
A208955,C106913,Savings,140489.96,4.35,Active
A208956,C106913,Savings,290278.64,2.74,Active
A208957,C106914,Savings,110750.71,2.87,Active
A208958,C106915,Salary,159260.95,5.74,Active
A208959,C106916,Current,114258.74,3.0,Dormant
A208960,C106916,Salary,189737.58,3.15,Active
A208961,C106917,Current,126599.83,4.98,Active
A208962,C106917,Salary,183725.95,3.77,Active
A208963,C106918,Savings,67086.38,5.47,Active
A208964,C106919,Savings,209637.61,2.8,Dormant
A208965,C106920,Salary,189318.6,5.71,Dormant
A208966,C106921,Premium,169639.46,3.21,Active
A208967,C106921,Savings,128471.55,3.68,Active
A208968,C106922,Savings,244142.62,5.9,Active
A208969,C106923,Savings,70288.8,4.04,Active
A208970,C106924,Savings,319727.43,3.06,Active
A208971,C106925,Salary,90571.37,3.3,Active
A208972,C106926,Salary,98073.18,2.96,Active
A208973,C106926,Savings,250432.18,6.24,Active
A208974,C106927,Savings,40817.59,6.28,Dormant
A208975,C106927,Salary,29183.5,3.11,Active
A208976,C106928,Current,184848.37,3.32,Dormant
A208977,C106929,Current,12882.77,5.04,Active
A208978,C106930,Current,120573.13,6.29,Active
A208979,C106930,Savings,97553.13,3.43,Active
A208980,C106931,Savings,66514.99,5.0,Active
A208981,C106931,Current,61240.25,6.03,Active
A208982,C106932,Savings,247826.08,4.27,Active
A208983,C106932,Savings,45365.17,5.08,Active
A208984,C106933,Savings,127560.47,3.07,Active
A208985,C106934,Current,32579.66,6.07,Active
A208986,C106934,Current,50570.12,2.91,Active
A208987,C106935,Savings,229428.6,3.94,Dormant
A208988,C106935,Savings,275408.24,3.48,Dormant
A208989,C106936,Savings,24767.59,4.05,Dormant
A208990,C106936,Savings,53742.44,3.52,Active
A208991,C106937,Savings,85111.64,4.78,Dormant
A208992,C106938,Savings,181557.02,6.05,Active
A208993,C106939,Savings,425576.34,5.82,Active
A208994,C106940,Savings,64283.32,2.71,Active
A208995,C106940,Savings,329983.72,6.39,Active
A208996,C106941,Savings,37914.05,5.64,Active
A208997,C106942,Savings,119292.69,5.71,Active
A208998,C106943,Current,66585.28,5.31,Active
A208999,C106944,Salary,152293.51,2.82,Active
A209000,C106944,Salary,54574.32,4.78,Active
A209001,C106945,Premium,116163.69,4.28,Active
A209002,C106945,Salary,125559.41,5.08,Dormant
A209003,C106946,Savings,149313.68,5.66,Active
A209004,C106947,Savings,104969.47,6.19,Active
A209005,C106948,Premium,179551.61,4.83,Dormant
A209006,C106949,Savings,139121.12,5.6,Active
A209007,C106949,Savings,99924.78,4.81,Dormant
A209008,C106950,Savings,38468.58,6.21,Active
A209009,C106951,Savings,130883.01,6.2,Active
A209010,C106951,Savings,142823.78,4.42,Active
A209011,C106952,Premium,306359.14,4.48,Active
A209012,C106952,Savings,349202.45,3.86,Active
A209013,C106953,Savings,47215.18,4.7,Active
A209014,C106954,Salary,169489.41,3.42,Dormant
A209015,C106955,Savings,152410.22,5.28,Dormant
A209016,C106956,Savings,172197.37,4.33,Active
A209017,C106956,Salary,58869.98,4.56,Active
A209018,C106957,Savings,104843.26,4.84,Dormant
A209019,C106957,Premium,118807.19,4.06,Active
A209020,C106958,Current,85690.41,6.14,Active
A209021,C106959,Savings,172734.98,5.16,Active
A209022,C106960,Savings,50098.99,5.96,Active
A209023,C106961,Savings,244634.94,6.12,Dormant
A209024,C106962,Savings,125146.18,2.64,Active
A209025,C106962,Savings,118306.6,6.18,Active
A209026,C106963,Savings,207417.82,4.77,Dormant
A209027,C106964,Savings,120027.8,4.73,Dormant
A209028,C106964,Savings,308046.96,4.0,Active
A209029,C106965,Savings,106416.63,3.74,Active
A209030,C106966,Savings,150843.36,3.57,Active
A209031,C106967,Savings,99485.62,6.23,Dormant
A209032,C106968,Savings,276031.38,4.2,Active
A209033,C106969,Savings,173661.64,3.49,Active
A209034,C106970,Savings,241540.66,5.77,Active
A209035,C106971,Savings,142823.48,5.62,Dormant
A209036,C106972,Salary,34631.11,5.66,Active
A209037,C106973,Savings,154775.5,2.66,Active
A209038,C106974,Savings,96100.34,6.24,Active
A209039,C106974,Salary,74612.91,3.98,Active
A209040,C106975,Salary,242018.57,5.31,Active
A209041,C106975,Savings,159817.46,2.72,Active
A209042,C106976,Savings,191952.53,4.69,Active
A209043,C106976,Savings,105863.14,3.32,Active
A209044,C106977,Savings,116900.05,5.96,Dormant
A209045,C106978,Salary,112721.81,4.38,Dormant
A209046,C106979,Savings,61407.2,3.17,Active
A209047,C106979,Current,74744.89,4.4,Dormant
A209048,C106980,Savings,311007.26,4.06,Active
A209049,C106980,Savings,240840.39,6.05,Dormant
A209050,C106981,Premium,178870.11,3.16,Active
A209051,C106982,Current,142579.05,3.79,Active
A209052,C106983,Savings,161142.8,4.73,Active
A209053,C106983,Savings,317170.5,3.86,Active
A209054,C106984,Savings,110114.97,4.75,Active
A209055,C106985,Savings,306100.7,4.49,Active
A209056,C106985,Savings,261617.75,3.02,Dormant
A209057,C106986,Premium,66334.29,6.36,Active
A209058,C106987,Salary,241636.11,3.88,Active
A209059,C106988,Salary,34293.79,3.48,Dormant
A209060,C106989,Premium,341841.01,5.51,Dormant
A209061,C106989,Savings,189115.3,3.09,Dormant
A209062,C106990,Savings,59841.81,5.97,Active
A209063,C106991,Current,329641.5,2.51,Active
A209064,C106992,Salary,53164.81,3.22,Active
A209065,C106993,Salary,232434.92,2.87,Active
A209066,C106994,Savings,186167.9,5.82,Dormant
A209067,C106995,Premium,105702.85,5.04,Active
A209068,C106996,Savings,298084.68,5.11,Dormant
A209069,C106996,Savings,244993.24,3.8,Active
A209070,C106997,Salary,120151.9,3.03,Active
A209071,C106998,Savings,176031.6,2.75,Active
A209072,C106998,Premium,161998.91,5.81,Active
A209073,C106999,Current,163978.91,2.82,Active
A209074,C106999,Savings,88820.79,2.92,Active
A209075,C107000,Current,511429.79,3.78,Active
A209076,C107000,Premium,409523.84,4.73,Active
A209077,C107001,Salary,152306.7,3.33,Active
A209078,C107002,Premium,321724.18,4.2,Active
A209079,C107003,Savings,38599.61,4.19,Active
A209080,C107004,Savings,194518.79,3.31,Active
A209081,C107004,Savings,294003.8,2.68,Dormant
A209082,C107005,Premium,2365.58,3.59,Active
A209083,C107006,Savings,0.0,6.43,Active
A209084,C107007,Salary,9874.69,4.58,Dormant
A209085,C107008,Current,214770.44,3.47,Dormant
A209086,C107009,Premium,175749.6,2.72,Dormant
A209087,C107010,Savings,230601.44,5.91,Dormant
A209088,C107010,Current,99606.76,4.09,Active
A209089,C107011,Current,80293.82,3.85,Dormant
A209090,C107011,Savings,401303.11,4.05,Active
A209091,C107012,Premium,52232.64,3.97,Active
A209092,C107013,Premium,131705.55,4.74,Active
A209093,C107014,Premium,229269.48,5.44,Active
A209094,C107014,Current,145053.68,4.66,Active
A209095,C107015,Salary,65138.17,4.19,Dormant
A209096,C107016,Savings,136946.52,3.59,Dormant
A209097,C107017,Premium,24617.71,3.25,Active
A209098,C107017,Savings,24778.88,3.75,Active
A209099,C107018,Savings,132719.57,6.49,Active
A209100,C107019,Salary,234061.08,3.53,Dormant
A209101,C107020,Salary,117049.86,3.61,Active
A209102,C107020,Savings,155437.19,4.39,Active
A209103,C107021,Savings,345413.86,3.2,Active
A209104,C107022,Savings,190846.61,5.34,Dormant
A209105,C107023,Savings,139484.52,2.72,Dormant
A209106,C107024,Savings,55414.07,3.98,Active
A209107,C107025,Current,45692.03,3.15,Active
A209108,C107026,Savings,38921.35,4.49,Active
A209109,C107026,Salary,16710.49,2.92,Active
A209110,C107027,Savings,399475.47,5.23,Active
A209111,C107028,Current,264759.44,5.96,Active
A209112,C107028,Salary,32991.57,5.78,Dormant
A209113,C107029,Savings,118400.96,3.3,Active
A209114,C107030,Savings,96879.3,6.16,Dormant
A209115,C107031,Current,83010.51,6.05,Active
A209116,C107032,Salary,222586.68,2.61,Active
A209117,C107033,Salary,150144.21,2.86,Active
A209118,C107034,Savings,103760.83,2.86,Active
A209119,C107035,Savings,27152.86,5.72,Active
A209120,C107036,Salary,247057.12,5.78,Active
A209121,C107037,Savings,71708.27,5.15,Dormant
A209122,C107038,Savings,228929.64,3.62,Active
A209123,C107038,Salary,411145.27,5.8,Active
A209124,C107039,Savings,49253.39,4.23,Active
A209125,C107039,Savings,224884.64,4.39,Dormant
A209126,C107040,Salary,154496.06,4.8,Active
A209127,C107041,Savings,254657.87,4.41,Active
A209128,C107041,Savings,264545.74,5.38,Active
A209129,C107042,Current,11627.27,5.21,Dormant
A209130,C107043,Savings,312584.59,6.44,Dormant
A209131,C107044,Premium,74624.62,3.77,Active
A209132,C107045,Salary,75637.46,4.51,Active
A209133,C107045,Savings,263902.63,2.56,Dormant
A209134,C107046,Salary,133331.9,2.92,Active
A209135,C107047,Savings,187149.43,4.22,Dormant
A209136,C107047,Current,216550.73,5.62,Dormant
A209137,C107048,Savings,337067.6,3.55,Dormant
A209138,C107049,Savings,130711.15,5.02,Active
A209139,C107050,Savings,44184.58,5.75,Active
A209140,C107051,Savings,109623.97,3.36,Active
A209141,C107051,Salary,180230.05,3.43,Active
A209142,C107052,Salary,115375.88,3.41,Active
A209143,C107053,Savings,91912.53,5.47,Active
A209144,C107054,Salary,66219.02,3.0,Active
A209145,C107055,Savings,212621.65,2.7,Dormant
A209146,C107056,Salary,170334.54,4.51,Active
A209147,C107056,Savings,177163.27,5.77,Active
A209148,C107057,Savings,103109.16,6.1,Dormant
A209149,C107057,Premium,25842.7,3.08,Active
A209150,C107058,Salary,93434.83,3.08,Active
A209151,C107058,Savings,374878.94,5.01,Dormant
A209152,C107059,Savings,128819.7,3.42,Active
A209153,C107060,Savings,148726.3,5.89,Active
A209154,C107061,Savings,116053.64,4.79,Dormant
A209155,C107062,Salary,449033.25,4.33,Active
A209156,C107063,Savings,118029.58,4.22,Dormant
A209157,C107064,Savings,83976.23,4.1,Active
A209158,C107065,Current,109667.02,5.77,Active
A209159,C107066,Savings,73013.11,5.42,Active
A209160,C107067,Savings,36348.05,4.57,Active
A209161,C107068,Savings,70844.04,3.83,Active
A209162,C107069,Salary,377331.16,4.8,Active
A209163,C107069,Savings,55073.27,5.27,Active
A209164,C107070,Savings,279830.95,5.83,Active
A209165,C107070,Current,250618.3,4.82,Dormant
A209166,C107071,Salary,79703.96,6.05,Active
A209167,C107071,Premium,143657.55,3.81,Active
A209168,C107072,Savings,233260.36,5.26,Dormant
A209169,C107073,Savings,104102.7,5.95,Active
A209170,C107074,Current,86049.65,5.43,Dormant
A209171,C107075,Salary,125536.75,3.65,Active
A209172,C107076,Savings,145127.99,5.81,Dormant
A209173,C107077,Salary,42050.95,4.47,Active
A209174,C107078,Savings,155274.04,4.08,Dormant
A209175,C107079,Current,138823.7,5.26,Active
A209176,C107079,Salary,260415.14,6.49,Active
A209177,C107080,Savings,21326.76,3.06,Dormant
A209178,C107080,Premium,8706.43,4.92,Active
A209179,C107081,Savings,81142.46,6.32,Active
A209180,C107082,Premium,112596.49,5.12,Active
A209181,C107082,Current,42957.16,2.91,Dormant
A209182,C107083,Savings,289105.81,4.13,Active
A209183,C107083,Savings,636382.94,5.22,Active
A209184,C107084,Savings,31292.29,4.01,Dormant
A209185,C107085,Salary,23338.24,2.81,Active
A209186,C107086,Current,192947.03,5.1,Active
A209187,C107087,Salary,184976.54,5.76,Active
A209188,C107088,Savings,176627.33,6.25,Dormant
A209189,C107088,Salary,78999.65,3.07,Active
A209190,C107089,Salary,35054.13,5.36,Active
A209191,C107090,Premium,157952.86,4.93,Active
A209192,C107090,Savings,125665.01,3.76,Active
A209193,C107091,Current,312946.81,4.96,Active
A209194,C107092,Savings,64037.81,3.16,Active
A209195,C107092,Savings,335160.37,3.83,Active
A209196,C107093,Savings,162973.69,4.75,Active
A209197,C107094,Salary,237063.2,3.66,Active
A209198,C107095,Savings,225019.02,5.48,Active
A209199,C107096,Savings,23622.83,4.07,Dormant
A209200,C107097,Savings,111129.23,3.83,Active
A209201,C107098,Salary,21425.64,3.76,Active
A209202,C107099,Savings,325547.93,3.02,Active
A209203,C107100,Current,251612.63,4.13,Dormant
A209204,C107101,Savings,454086.48,4.95,Active
A209205,C107102,Current,136700.45,4.75,Dormant
A209206,C107103,Current,124373.96,5.99,Active
A209207,C107103,Savings,124297.66,3.4,Active
A209208,C107104,Salary,38424.88,3.85,Dormant
A209209,C107104,Current,151223.53,4.14,Dormant
A209210,C107105,Salary,162316.19,4.29,Active
A209211,C107106,Savings,163711.64,6.3,Dormant
A209212,C107106,Savings,209978.34,5.5,Active
A209213,C107107,Savings,92581.54,4.07,Dormant
A209214,C107108,Savings,40809.56,5.53,Dormant
A209215,C107108,Salary,128819.88,4.21,Active
A209216,C107109,Salary,0.0,2.51,Active
A209217,C107109,Savings,187393.63,2.96,Dormant
A209218,C107110,Savings,198675.64,5.67,Active
A209219,C107111,Salary,366025.35,4.13,Active
A209220,C107112,Savings,327284.53,3.37,Active
A209221,C107113,Salary,178620.85,5.04,Dormant
A209222,C107114,Salary,99740.24,3.57,Active
A209223,C107114,Savings,197681.79,4.82,Dormant
A209224,C107115,Salary,230253.82,4.62,Active
A209225,C107116,Salary,71025.74,4.58,Active
A209226,C107117,Current,47135.79,5.98,Active
A209227,C107118,Savings,38825.96,4.97,Active
A209228,C107119,Salary,196089.26,3.3,Dormant
A209229,C107119,Salary,74652.24,6.45,Active
A209230,C107120,Savings,140078.46,2.62,Active
A209231,C107121,Savings,88980.17,5.74,Active
A209232,C107121,Current,239463.54,2.59,Dormant
A209233,C107122,Premium,46732.7,5.32,Active
A209234,C107123,Savings,6472.7,5.98,Active
A209235,C107123,Salary,52497.66,5.21,Active
A209236,C107124,Salary,53224.04,5.21,Active
A209237,C107125,Savings,309977.34,3.31,Active
A209238,C107126,Savings,142396.25,6.37,Active
A209239,C107127,Salary,342380.93,4.84,Dormant
A209240,C107128,Savings,131083.66,2.65,Active
A209241,C107128,Savings,82633.39,3.87,Active
A209242,C107129,Savings,61202.51,4.45,Active
A209243,C107130,Current,113266.87,3.65,Active
A209244,C107131,Savings,127311.97,3.22,Active
A209245,C107132,Savings,0.0,4.81,Active
A209246,C107132,Salary,137622.37,3.33,Active
A209247,C107133,Salary,21851.15,2.68,Active
A209248,C107133,Savings,10852.72,2.73,Active
A209249,C107134,Savings,26122.67,5.07,Active
A209250,C107135,Savings,184527.97,5.9,Active
A209251,C107136,Savings,218024.97,6.19,Active
A209252,C107137,Premium,58336.53,3.61,Dormant
A209253,C107137,Salary,109709.57,4.21,Active
A209254,C107138,Savings,97590.69,4.03,Active
A209255,C107139,Current,114739.37,3.54,Active
A209256,C107140,Savings,120961.79,5.54,Active
A209257,C107140,Savings,178311.02,3.15,Active
A209258,C107141,Savings,147411.53,4.41,Active
A209259,C107142,Salary,84225.19,4.2,Active
A209260,C107143,Premium,99315.79,4.08,Active
A209261,C107143,Current,92893.22,5.56,Active
A209262,C107144,Savings,19034.28,6.02,Active
A209263,C107144,Premium,215392.03,3.96,Dormant
A209264,C107145,Savings,89466.81,2.59,Dormant
A209265,C107145,Current,286705.64,5.13,Active
A209266,C107146,Savings,301850.29,5.15,Active
A209267,C107146,Current,6831.64,3.88,Active
A209268,C107147,Salary,67900.52,3.47,Active
A209269,C107147,Savings,74190.69,5.41,Active
A209270,C107148,Salary,179087.13,4.27,Dormant
A209271,C107148,Savings,129327.38,6.39,Dormant
A209272,C107149,Salary,146810.35,6.35,Active
A209273,C107150,Savings,105244.97,2.52,Active
A209274,C107150,Salary,335961.15,4.64,Active
A209275,C107151,Salary,59641.31,5.18,Active
A209276,C107151,Savings,53611.69,4.96,Active
A209277,C107152,Savings,174762.37,3.65,Active
A209278,C107153,Savings,375000.17,3.32,Active
A209279,C107154,Salary,67782.49,4.76,Active
A209280,C107155,Savings,13689.42,5.59,Active
A209281,C107156,Premium,62675.7,5.33,Active
A209282,C107156,Savings,150689.38,3.16,Active
A209283,C107157,Salary,276649.33,4.32,Active
A209284,C107158,Savings,157700.6,6.02,Dormant
A209285,C107158,Current,111926.4,6.08,Dormant
A209286,C107159,Savings,33996.65,4.43,Active
A209287,C107159,Savings,58746.41,5.15,Dormant
A209288,C107160,Premium,18351.15,4.44,Active
A209289,C107160,Salary,30093.28,3.01,Active
A209290,C107161,Savings,241784.85,3.43,Active
A209291,C107162,Salary,18247.25,3.31,Active
A209292,C107163,Savings,166332.56,6.32,Active
A209293,C107164,Salary,206673.34,3.0,Dormant
A209294,C107165,Salary,21151.3,4.11,Active
A209295,C107165,Premium,95762.89,5.95,Active
A209296,C107166,Savings,179307.42,4.07,Active
A209297,C107167,Premium,11430.15,3.57,Active
A209298,C107167,Savings,54742.65,2.96,Active
A209299,C107168,Savings,186682.61,4.06,Active
A209300,C107169,Savings,34286.35,4.69,Active
A209301,C107170,Savings,340264.32,2.56,Active
A209302,C107171,Salary,91983.63,5.61,Active
A209303,C107172,Savings,117313.32,3.84,Active
A209304,C107173,Salary,37142.59,2.85,Active
A209305,C107174,Savings,29807.51,5.68,Dormant
A209306,C107175,Savings,205754.38,5.31,Active
A209307,C107176,Savings,105661.06,3.09,Active
A209308,C107177,Savings,49380.44,5.77,Active
A209309,C107178,Current,240842.85,2.52,Active
A209310,C107179,Savings,231766.99,4.49,Active
A209311,C107180,Savings,123935.14,5.28,Dormant
A209312,C107180,Salary,237250.61,4.98,Active
A209313,C107181,Savings,148179.58,2.56,Active
A209314,C107181,Savings,205650.64,5.31,Active
A209315,C107182,Savings,10301.27,3.32,Active
A209316,C107183,Savings,107675.22,5.11,Active
A209317,C107184,Savings,135947.95,2.77,Dormant
A209318,C107185,Current,47656.53,2.64,Dormant
A209319,C107186,Salary,245261.97,4.58,Active
A209320,C107187,Salary,67499.9,2.91,Active
A209321,C107188,Savings,158913.81,5.63,Active
A209322,C107189,Salary,49391.68,5.11,Active
A209323,C107190,Savings,186597.86,3.37,Dormant
A209324,C107191,Savings,47507.65,4.57,Active
A209325,C107191,Current,239250.18,3.15,Active
A209326,C107192,Savings,295040.59,3.9,Active
A209327,C107192,Savings,95900.14,5.66,Active
A209328,C107193,Salary,141912.63,4.19,Dormant
A209329,C107193,Savings,0.0,2.79,Active
A209330,C107194,Savings,225680.54,5.49,Active
A209331,C107194,Salary,186998.77,2.71,Active
A209332,C107195,Savings,30010.8,2.79,Dormant
A209333,C107196,Current,125776.61,4.85,Active
A209334,C107197,Savings,125620.1,3.07,Dormant
A209335,C107198,Current,322067.22,4.66,Active
A209336,C107198,Premium,138542.62,3.19,Active
A209337,C107199,Savings,118212.96,3.45,Dormant
A209338,C107200,Premium,78580.76,4.88,Dormant
A209339,C107201,Current,62921.92,5.93,Dormant
A209340,C107202,Salary,218729.46,5.71,Active
A209341,C107203,Savings,33975.14,2.63,Dormant
A209342,C107204,Savings,106164.49,3.85,Active
A209343,C107204,Salary,216771.63,6.26,Active
A209344,C107205,Savings,193828.02,5.69,Dormant
A209345,C107206,Salary,201067.78,3.93,Active
A209346,C107206,Salary,247017.52,3.81,Active
A209347,C107207,Salary,63298.3,6.41,Dormant
A209348,C107208,Savings,130842.38,4.36,Active
A209349,C107209,Salary,207089.24,3.7,Active
A209350,C107210,Current,82075.08,5.4,Active
A209351,C107211,Savings,236574.26,5.52,Active
A209352,C107212,Salary,126253.96,3.22,Dormant
A209353,C107213,Savings,37283.24,2.74,Active
A209354,C107213,Savings,15340.29,3.7,Active
A209355,C107214,Salary,113030.47,5.71,Active
A209356,C107214,Salary,71104.56,6.38,Active
A209357,C107215,Savings,96799.68,5.19,Dormant
A209358,C107216,Savings,118256.75,5.85,Dormant
A209359,C107217,Savings,10146.4,4.73,Active
A209360,C107217,Current,97774.23,4.79,Active
A209361,C107218,Savings,47579.72,4.52,Dormant
A209362,C107219,Current,75110.17,3.58,Active
A209363,C107220,Salary,307490.11,3.56,Active
A209364,C107221,Premium,127012.57,4.21,Active
A209365,C107222,Savings,184664.21,3.33,Dormant
A209366,C107223,Premium,415002.76,3.68,Active
A209367,C107223,Salary,390695.27,5.02,Dormant
A209368,C107224,Premium,109119.75,6.4,Active
A209369,C107224,Savings,225839.53,3.85,Active
A209370,C107225,Savings,39293.8,4.49,Active
A209371,C107226,Savings,213851.59,5.07,Active
A209372,C107226,Savings,94728.56,2.9,Active
A209373,C107227,Savings,183999.74,5.31,Active
A209374,C107228,Premium,33753.33,6.38,Dormant
A209375,C107228,Savings,75297.25,5.28,Dormant
A209376,C107229,Savings,35329.63,3.21,Active
A209377,C107229,Premium,40089.47,3.06,Active
A209378,C107230,Salary,147922.0,3.89,Active
A209379,C107231,Savings,67524.88,5.65,Active
A209380,C107232,Salary,70804.33,4.15,Active
A209381,C107233,Savings,2709.67,4.65,Active
A209382,C107233,Salary,134345.17,5.89,Active
A209383,C107234,Salary,17478.33,5.48,Active
A209384,C107235,Salary,14104.58,4.8,Dormant
A209385,C107235,Salary,21404.63,2.57,Dormant
A209386,C107236,Current,146006.36,3.21,Active
A209387,C107237,Premium,214612.8,6.27,Dormant
A209388,C107238,Savings,82787.39,6.1,Dormant
A209389,C107239,Current,134484.05,6.42,Active
A209390,C107240,Salary,43254.09,5.12,Active
A209391,C107241,Savings,126112.54,4.12,Dormant
A209392,C107242,Premium,114809.5,4.35,Dormant
A209393,C107243,Salary,130580.28,3.56,Dormant
A209394,C107244,Premium,3240.01,5.52,Active
A209395,C107245,Savings,331762.12,4.95,Active
A209396,C107246,Savings,59023.42,2.53,Active
A209397,C107246,Salary,44481.45,6.1,Active
A209398,C107247,Savings,130448.91,4.79,Active
A209399,C107247,Savings,109233.71,4.42,Dormant
A209400,C107248,Savings,41132.29,5.65,Active
A209401,C107249,Savings,247009.04,4.3,Active
A209402,C107249,Savings,24303.3,3.98,Active
A209403,C107250,Premium,42391.8,6.09,Active
A209404,C107251,Savings,98061.62,3.62,Active
A209405,C107252,Savings,157663.5,3.13,Active
A209406,C107253,Current,44694.43,5.14,Active
A209407,C107253,Salary,225300.3,2.67,Active
A209408,C107254,Savings,188771.08,3.93,Active
A209409,C107255,Savings,17307.88,4.16,Active
A209410,C107256,Savings,133132.98,3.92,Dormant
A209411,C107257,Salary,55923.43,3.07,Active
A209412,C107258,Savings,57717.3,5.56,Active
A209413,C107258,Savings,114270.58,3.47,Active
A209414,C107259,Savings,101728.42,2.52,Active
A209415,C107260,Savings,135480.65,5.67,Active
A209416,C107261,Savings,159616.71,3.26,Dormant
A209417,C107261,Savings,142011.86,4.99,Active
A209418,C107262,Current,271549.73,4.54,Active
A209419,C107262,Savings,392315.44,3.4,Active
A209420,C107263,Savings,105399.07,5.92,Active
A209421,C107264,Salary,48006.74,3.3,Active
A209422,C107264,Savings,88400.84,4.06,Active
A209423,C107265,Premium,312319.96,4.55,Active
A209424,C107266,Savings,6422.22,4.53,Active
A209425,C107267,Premium,336752.03,4.57,Active
A209426,C107268,Salary,139703.2,5.86,Active
A209427,C107269,Savings,133188.08,3.65,Dormant
A209428,C107270,Premium,34474.39,6.05,Active
A209429,C107270,Current,44216.33,5.77,Active
A209430,C107271,Premium,115192.84,4.93,Active
A209431,C107271,Salary,151878.62,3.5,Active
A209432,C107272,Savings,173701.65,4.89,Active
A209433,C107273,Savings,157290.01,3.04,Active
A209434,C107274,Savings,232923.91,2.52,Active
A209435,C107274,Current,66923.02,4.38,Active
A209436,C107275,Savings,128457.09,5.37,Active
A209437,C107276,Savings,37128.31,2.8,Active
A209438,C107277,Premium,35380.35,5.18,Active
A209439,C107278,Savings,308820.92,3.19,Dormant
A209440,C107279,Salary,140538.06,3.71,Active
A209441,C107280,Savings,176840.83,4.62,Active
A209442,C107280,Salary,132696.78,3.16,Active
A209443,C107281,Salary,172877.63,5.26,Active
A209444,C107282,Current,79939.28,3.39,Dormant
A209445,C107283,Salary,115409.66,5.25,Active
A209446,C107284,Salary,294710.16,5.32,Dormant
A209447,C107285,Savings,211660.36,3.32,Active
A209448,C107285,Premium,143153.49,2.86,Dormant
A209449,C107286,Savings,16111.43,4.05,Active
A209450,C107287,Savings,130811.15,6.05,Active
A209451,C107287,Savings,185320.32,5.18,Dormant
A209452,C107288,Savings,43204.2,3.66,Active
A209453,C107289,Current,121075.15,2.69,Active
A209454,C107289,Premium,25319.24,6.36,Active
A209455,C107290,Savings,35497.77,2.98,Active
A209456,C107290,Savings,60400.13,2.66,Active
A209457,C107291,Savings,266143.31,3.71,Active
A209458,C107292,Savings,150333.3,2.57,Dormant
A209459,C107293,Savings,116843.06,5.36,Active
A209460,C107294,Savings,585662.34,5.55,Active
A209461,C107295,Savings,90054.57,3.13,Active
A209462,C107296,Salary,22412.59,6.2,Active
A209463,C107297,Salary,157218.47,3.88,Dormant
A209464,C107298,Savings,25591.0,3.99,Active
A209465,C107299,Salary,191634.34,4.54,Active
A209466,C107299,Premium,299510.09,6.09,Active
A209467,C107300,Premium,116055.32,5.09,Active
A209468,C107301,Savings,185201.53,6.35,Active
A209469,C107302,Salary,33963.7,5.92,Active
A209470,C107303,Current,69473.97,4.95,Active
A209471,C107303,Savings,128217.21,6.11,Active
A209472,C107304,Savings,400389.89,4.82,Active
A209473,C107305,Savings,170304.73,5.22,Dormant
A209474,C107306,Current,137854.98,4.19,Dormant
A209475,C107306,Salary,228437.31,5.74,Active
A209476,C107307,Savings,166260.35,5.83,Active
A209477,C107307,Savings,63797.46,3.99,Active
A209478,C107308,Salary,178167.9,6.38,Dormant
A209479,C107309,Premium,446003.99,3.42,Active
A209480,C107310,Savings,48700.9,3.65,Dormant
A209481,C107311,Savings,208242.02,5.89,Active
A209482,C107311,Savings,213014.64,4.59,Active
A209483,C107312,Savings,237412.52,2.68,Active
A209484,C107313,Savings,126603.68,5.17,Active
A209485,C107314,Savings,13547.33,2.65,Active
A209486,C107315,Savings,87865.92,2.52,Active
A209487,C107315,Savings,334095.02,3.1,Active
A209488,C107316,Premium,147050.71,5.55,Active
A209489,C107317,Current,71094.82,5.57,Active
A209490,C107318,Savings,158594.62,2.83,Active
A209491,C107318,Savings,152886.46,2.51,Active
A209492,C107319,Savings,24104.25,3.81,Active
A209493,C107320,Current,316697.74,5.02,Active
A209494,C107321,Premium,70043.19,4.37,Active
A209495,C107322,Savings,225424.61,5.22,Dormant
A209496,C107323,Salary,0.0,2.7,Active
A209497,C107324,Salary,185883.07,3.94,Active
A209498,C107325,Salary,259061.35,3.0,Active
A209499,C107325,Savings,101898.54,6.01,Dormant
A209500,C107326,Savings,308075.36,5.31,Active
A209501,C107326,Savings,68111.15,4.75,Dormant
A209502,C107327,Salary,88417.77,3.57,Active
A209503,C107328,Savings,82411.14,6.18,Dormant
A209504,C107329,Savings,129877.37,3.78,Active
A209505,C107330,Savings,238802.95,3.16,Active
A209506,C107330,Savings,69900.46,3.93,Active
A209507,C107331,Savings,90478.76,4.36,Dormant
A209508,C107332,Premium,457578.46,3.71,Active
A209509,C107333,Savings,80332.82,5.35,Active
A209510,C107334,Premium,191745.35,6.07,Active
A209511,C107335,Current,187119.04,3.31,Active
A209512,C107336,Premium,160698.01,3.99,Active
A209513,C107337,Premium,61144.75,6.49,Dormant
A209514,C107338,Salary,83364.37,5.86,Active
A209515,C107339,Savings,158277.7,3.74,Dormant
A209516,C107340,Savings,289623.78,5.85,Active
A209517,C107341,Savings,39587.72,4.79,Active
A209518,C107342,Savings,89984.72,4.19,Active
A209519,C107343,Salary,30879.34,3.96,Dormant
A209520,C107343,Savings,82139.43,5.01,Active
A209521,C107344,Savings,64256.24,5.9,Active
A209522,C107344,Savings,197508.01,5.07,Dormant
A209523,C107345,Savings,144931.89,3.92,Active
A209524,C107346,Current,58564.23,4.28,Active
A209525,C107346,Savings,83452.72,3.23,Dormant
A209526,C107347,Savings,9078.91,4.87,Active
A209527,C107347,Savings,11894.35,4.83,Active
A209528,C107348,Savings,46024.08,2.58,Dormant
A209529,C107348,Savings,104016.42,2.53,Active
A209530,C107349,Salary,87153.62,5.44,Active
A209531,C107350,Savings,18713.82,4.17,Dormant
A209532,C107350,Savings,64320.83,2.73,Active
A209533,C107351,Savings,93231.92,4.38,Active
A209534,C107351,Savings,95960.09,5.11,Dormant
A209535,C107352,Premium,246152.04,5.05,Dormant
A209536,C107352,Current,42765.47,5.27,Active
A209537,C107353,Salary,310566.13,6.07,Active
A209538,C107354,Savings,62801.01,4.07,Active
A209539,C107355,Savings,249521.32,6.08,Active
A209540,C107355,Salary,182240.48,3.81,Dormant
A209541,C107356,Current,10962.98,4.08,Active
A209542,C107357,Savings,157188.06,4.33,Active
A209543,C107358,Savings,65395.6,4.6,Active
A209544,C107359,Savings,96618.69,4.39,Active
A209545,C107360,Savings,111804.97,4.53,Active
A209546,C107361,Salary,223854.48,6.41,Dormant
A209547,C107362,Salary,154026.03,5.32,Active
A209548,C107362,Salary,120901.35,3.8,Active
A209549,C107363,Savings,115949.13,3.27,Active
A209550,C107364,Savings,46077.28,6.09,Active
A209551,C107364,Salary,95283.93,4.2,Active
A209552,C107365,Salary,65696.76,2.88,Active
A209553,C107366,Salary,33209.01,4.36,Active
A209554,C107366,Current,16469.93,4.66,Active
A209555,C107367,Savings,29766.25,4.06,Dormant
A209556,C107368,Premium,204445.29,4.76,Active
A209557,C107369,Savings,27621.08,3.91,Active
A209558,C107370,Savings,70033.84,4.2,Dormant
A209559,C107371,Premium,37882.9,2.58,Dormant
A209560,C107372,Current,32977.15,3.92,Dormant
A209561,C107372,Savings,20832.96,5.62,Active
A209562,C107373,Salary,135242.27,4.11,Active
A209563,C107374,Savings,186175.45,5.12,Active
A209564,C107375,Savings,144658.13,3.57,Dormant
A209565,C107376,Salary,83368.87,2.8,Active
A209566,C107377,Salary,20545.67,5.71,Active
A209567,C107378,Savings,136063.7,4.79,Dormant
A209568,C107378,Savings,147978.01,4.04,Dormant
A209569,C107379,Savings,134002.06,3.39,Active
A209570,C107379,Current,78201.29,6.29,Dormant
A209571,C107380,Savings,83985.54,6.42,Active
A209572,C107381,Salary,74303.15,3.67,Dormant
A209573,C107381,Savings,298394.36,5.25,Active
A209574,C107382,Salary,72493.71,2.84,Active
A209575,C107382,Savings,37610.72,4.81,Active
A209576,C107383,Salary,190028.34,6.48,Active
A209577,C107383,Premium,241533.37,3.9,Active
A209578,C107384,Salary,36719.88,6.08,Active
A209579,C107385,Savings,227353.77,5.76,Active
A209580,C107386,Savings,0.0,4.78,Active
A209581,C107387,Savings,13183.9,6.35,Active
A209582,C107388,Savings,39335.04,5.92,Active
A209583,C107388,Savings,144228.77,4.4,Active
A209584,C107389,Current,75805.1,4.16,Active
A209585,C107390,Savings,330427.56,5.11,Active
A209586,C107391,Savings,74575.38,3.85,Dormant
A209587,C107392,Salary,47099.36,2.97,Active
A209588,C107393,Salary,161423.98,2.58,Dormant
A209589,C107393,Current,145423.42,4.17,Dormant
A209590,C107394,Salary,128044.72,4.78,Active
A209591,C107395,Current,27531.72,3.76,Active
A209592,C107396,Savings,74069.65,3.26,Active
A209593,C107397,Savings,151623.48,3.37,Active
A209594,C107397,Salary,189549.39,5.92,Active
A209595,C107398,Savings,87327.99,3.91,Active
A209596,C107399,Savings,150434.79,5.14,Active
A209597,C107400,Savings,553912.39,6.27,Active
A209598,C107400,Salary,419537.83,4.01,Dormant
A209599,C107401,Savings,220454.12,5.76,Active
A209600,C107401,Savings,189892.66,4.4,Dormant
A209601,C107402,Savings,291617.95,4.02,Active
A209602,C107403,Current,164714.21,6.21,Active
A209603,C107404,Savings,18164.21,5.63,Dormant
A209604,C107404,Salary,58287.57,4.47,Active
A209605,C107405,Premium,440314.78,3.39,Dormant
A209606,C107405,Savings,468012.08,5.39,Active
A209607,C107406,Salary,218052.72,5.86,Dormant
A209608,C107406,Savings,163413.46,3.63,Active
A209609,C107407,Salary,131207.38,3.11,Dormant
A209610,C107408,Premium,55875.69,5.4,Active
A209611,C107409,Savings,84235.21,2.7,Active
A209612,C107410,Salary,128111.92,3.48,Active
A209613,C107410,Salary,127926.92,3.76,Active
A209614,C107411,Salary,90772.53,4.1,Dormant
A209615,C107412,Salary,69928.08,6.17,Active
A209616,C107412,Savings,0.0,2.61,Active
A209617,C107413,Salary,46848.32,5.29,Active
A209618,C107414,Savings,183109.77,2.53,Dormant
A209619,C107415,Current,112485.06,2.91,Active
A209620,C107416,Savings,30345.0,4.77,Active
A209621,C107417,Salary,218257.39,5.63,Active
A209622,C107418,Savings,54308.67,5.38,Active
A209623,C107419,Savings,206056.59,5.01,Active
A209624,C107419,Salary,75377.91,4.73,Active
A209625,C107420,Savings,162164.66,5.45,Dormant
A209626,C107421,Savings,208772.36,6.35,Active
A209627,C107422,Savings,48498.45,3.24,Active
A209628,C107422,Savings,159803.21,6.45,Active
A209629,C107423,Savings,144186.72,3.18,Active
A209630,C107424,Salary,266743.82,6.22,Active
A209631,C107425,Savings,308139.48,5.82,Active
A209632,C107426,Salary,146089.98,5.66,Dormant
A209633,C107427,Savings,3044.48,4.08,Active
A209634,C107427,Savings,82452.0,4.31,Active
A209635,C107428,Savings,95224.62,3.31,Active
A209636,C107428,Salary,97930.68,4.44,Active
A209637,C107429,Current,190117.23,6.19,Active
A209638,C107430,Savings,156705.48,4.7,Active
A209639,C107430,Savings,266646.96,3.76,Dormant
A209640,C107431,Savings,64267.61,4.69,Active
A209641,C107432,Savings,251257.92,3.32,Active
A209642,C107433,Current,49154.84,4.7,Dormant
A209643,C107433,Current,134142.69,4.09,Dormant
A209644,C107434,Savings,114348.21,3.46,Active
A209645,C107434,Savings,197040.25,5.34,Active
A209646,C107435,Premium,171206.27,2.66,Active
A209647,C107436,Savings,264227.2,3.18,Active
A209648,C107437,Salary,41362.71,2.58,Active
A209649,C107438,Savings,28356.89,6.43,Active
A209650,C107439,Savings,197721.06,5.52,Dormant
A209651,C107440,Savings,38740.23,4.65,Active
A209652,C107441,Savings,93837.67,4.45,Active
A209653,C107442,Premium,312539.15,6.43,Active
A209654,C107443,Premium,17572.67,3.08,Active
A209655,C107444,Savings,120395.35,2.56,Active
A209656,C107445,Savings,275238.04,5.15,Dormant
A209657,C107446,Savings,292857.04,5.56,Dormant
A209658,C107447,Salary,34736.41,4.69,Dormant
A209659,C107448,Current,355691.7,3.21,Active
A209660,C107448,Savings,162274.56,4.25,Active
A209661,C107449,Savings,176173.89,4.12,Dormant
A209662,C107450,Savings,170752.83,4.35,Dormant
A209663,C107451,Salary,127368.43,5.4,Active
A209664,C107452,Savings,344310.51,5.5,Active
A209665,C107453,Current,172104.51,4.66,Dormant
A209666,C107454,Savings,189702.32,2.52,Dormant
A209667,C107455,Premium,6300.0,3.01,Active
A209668,C107456,Savings,329140.37,3.97,Active
A209669,C107456,Salary,307766.48,3.45,Active
A209670,C107457,Savings,149344.86,6.06,Dormant
A209671,C107457,Savings,145415.42,3.09,Dormant
A209672,C107458,Premium,30085.65,6.0,Active
A209673,C107458,Salary,109527.97,3.58,Active
A209674,C107459,Savings,106184.65,2.7,Active
A209675,C107460,Salary,141597.83,3.77,Active
A209676,C107461,Savings,212952.62,6.31,Active
A209677,C107462,Salary,104049.09,4.49,Active
A209678,C107463,Savings,104613.56,3.71,Dormant
A209679,C107463,Savings,82882.04,3.38,Active
A209680,C107464,Savings,93430.85,6.16,Active
A209681,C107465,Premium,280949.96,5.22,Active
A209682,C107466,Savings,65925.55,3.69,Dormant
A209683,C107467,Savings,144379.73,5.73,Active
A209684,C107468,Savings,144547.82,4.83,Active
A209685,C107469,Savings,78473.81,2.86,Dormant
A209686,C107469,Savings,77367.06,4.14,Active
A209687,C107470,Savings,103230.64,4.39,Active
A209688,C107471,Savings,96059.97,5.8,Active
A209689,C107472,Savings,135161.86,5.33,Active
A209690,C107473,Savings,149280.35,6.47,Active
A209691,C107474,Salary,127961.19,6.28,Dormant
A209692,C107475,Savings,255927.43,4.28,Active
A209693,C107476,Salary,85604.99,5.06,Dormant
A209694,C107476,Savings,169180.81,5.28,Active
A209695,C107477,Savings,35923.49,4.43,Active
A209696,C107478,Salary,99092.65,6.07,Active
A209697,C107479,Salary,98323.04,3.11,Active
A209698,C107480,Savings,57001.31,6.17,Dormant
A209699,C107481,Savings,200654.16,3.5,Active
A209700,C107482,Premium,325805.04,5.17,Active
A209701,C107483,Savings,131370.43,5.87,Active
A209702,C107483,Salary,47073.88,6.26,Active
A209703,C107484,Savings,196358.99,4.95,Active
A209704,C107485,Savings,323105.77,3.85,Active
A209705,C107486,Current,131815.35,3.8,Active
A209706,C107486,Savings,102962.33,3.5,Active
A209707,C107487,Savings,239875.49,4.75,Active
A209708,C107487,Savings,77980.45,4.1,Active
A209709,C107488,Premium,36217.12,4.84,Active
A209710,C107489,Savings,50216.82,6.03,Active
A209711,C107489,Savings,71494.56,4.2,Active
A209712,C107490,Savings,126910.11,6.5,Active
A209713,C107490,Savings,165720.79,6.18,Dormant
A209714,C107491,Savings,178503.24,4.71,Active
A209715,C107492,Savings,169682.1,4.38,Active
A209716,C107493,Savings,87668.11,3.95,Dormant
A209717,C107494,Savings,99978.85,2.61,Active
A209718,C107494,Savings,43240.21,6.39,Active
A209719,C107495,Savings,69610.34,5.08,Active
A209720,C107495,Savings,84431.46,3.32,Active
A209721,C107496,Current,117625.09,5.42,Active
A209722,C107497,Savings,118077.68,6.26,Active
A209723,C107498,Savings,55863.46,4.47,Active
A209724,C107498,Salary,118178.32,3.82,Active
A209725,C107499,Current,52140.51,5.81,Dormant
A209726,C107499,Current,75633.54,4.02,Active
A209727,C107500,Savings,127304.01,3.92,Active
A209728,C107501,Salary,133358.88,4.25,Dormant
A209729,C107501,Salary,55278.77,5.02,Dormant
A209730,C107502,Salary,173678.15,5.43,Active
A209731,C107502,Savings,68885.53,3.7,Active
A209732,C107503,Savings,47109.66,3.43,Active
A209733,C107503,Savings,44043.98,3.61,Active
A209734,C107504,Salary,204403.79,3.08,Active
A209735,C107505,Savings,299287.54,5.04,Active
A209736,C107506,Savings,166612.63,4.78,Dormant
A209737,C107506,Current,115550.07,2.6,Dormant
A209738,C107507,Savings,376066.11,3.45,Active
A209739,C107508,Savings,72621.25,4.23,Active
A209740,C107508,Salary,45462.24,5.4,Active
A209741,C107509,Savings,375534.92,3.4,Dormant
A209742,C107510,Current,168118.32,3.55,Active
A209743,C107510,Savings,99296.94,5.7,Active
A209744,C107511,Current,212298.05,4.51,Active
A209745,C107511,Salary,480216.51,4.5,Active
A209746,C107512,Current,95458.04,5.77,Active
A209747,C107513,Savings,243372.0,5.24,Active
A209748,C107514,Savings,202875.17,5.9,Active
A209749,C107515,Premium,61126.51,5.23,Dormant
A209750,C107516,Savings,357158.45,5.57,Active
A209751,C107517,Savings,127741.84,5.7,Active
A209752,C107518,Salary,168308.18,6.24,Active
A209753,C107519,Savings,91138.19,2.74,Dormant
A209754,C107519,Savings,327767.07,3.29,Active
A209755,C107520,Salary,262406.02,3.54,Active
A209756,C107520,Savings,92504.22,3.47,Active
A209757,C107521,Savings,102709.9,3.71,Active
A209758,C107522,Savings,55248.01,5.82,Active
A209759,C107523,Current,4951.05,5.67,Active
A209760,C107524,Savings,339609.61,5.83,Active
A209761,C107524,Savings,48469.86,4.48,Active
A209762,C107525,Savings,233361.98,4.04,Active
A209763,C107526,Savings,270193.54,4.74,Active
A209764,C107527,Salary,53708.24,6.26,Dormant
A209765,C107527,Savings,103018.46,4.83,Dormant
A209766,C107528,Savings,200817.82,5.29,Active
A209767,C107528,Premium,78292.42,5.38,Dormant
A209768,C107529,Savings,88895.17,4.73,Active
A209769,C107530,Savings,112412.13,4.75,Dormant
A209770,C107530,Salary,31616.43,2.78,Active
A209771,C107531,Salary,346661.12,4.07,Active
A209772,C107531,Savings,0.0,4.89,Dormant
A209773,C107532,Savings,174590.47,2.75,Active
A209774,C107533,Savings,178151.55,2.81,Active
A209775,C107534,Current,70113.33,3.73,Active
A209776,C107535,Current,185232.48,3.22,Active
A209777,C107536,Savings,174550.98,5.46,Active
A209778,C107536,Savings,41293.85,6.22,Active
A209779,C107537,Savings,205109.14,5.63,Active
A209780,C107538,Savings,12559.71,4.9,Active
A209781,C107538,Savings,24990.11,5.01,Active
A209782,C107539,Current,231745.69,3.2,Dormant
A209783,C107539,Current,24593.22,3.12,Active
A209784,C107540,Current,112702.5,6.15,Dormant
A209785,C107541,Current,162368.49,2.84,Active
A209786,C107541,Savings,98480.1,5.36,Active
A209787,C107542,Savings,100095.2,2.5,Active
A209788,C107542,Premium,75809.03,4.82,Active
A209789,C107543,Current,165675.08,4.31,Active
A209790,C107544,Salary,185583.72,3.78,Dormant
A209791,C107545,Savings,94000.51,3.06,Active
A209792,C107546,Savings,129071.36,4.11,Active
A209793,C107546,Salary,157137.65,3.25,Active
A209794,C107547,Premium,187112.87,6.28,Active
A209795,C107547,Salary,44948.17,3.31,Active
A209796,C107548,Premium,282796.46,5.51,Active
A209797,C107549,Salary,135399.93,3.91,Active
A209798,C107550,Salary,43220.68,4.67,Active
A209799,C107550,Salary,169416.29,3.67,Active
A209800,C107551,Savings,27703.54,6.49,Dormant
A209801,C107552,Savings,218417.26,3.79,Active
A209802,C107553,Salary,318794.44,5.05,Active
A209803,C107554,Savings,8770.83,5.95,Active
A209804,C107555,Savings,193098.42,3.39,Active
A209805,C107555,Savings,35730.35,4.64,Active
A209806,C107556,Premium,152351.12,4.62,Dormant
A209807,C107557,Premium,94047.16,5.06,Active
A209808,C107558,Premium,84011.92,3.35,Active
A209809,C107558,Salary,16097.58,3.58,Dormant
A209810,C107559,Savings,170181.86,5.01,Active
A209811,C107559,Salary,317733.39,5.58,Active
A209812,C107560,Savings,46177.47,3.54,Active
A209813,C107560,Savings,287961.6,5.27,Dormant
A209814,C107561,Savings,207173.27,3.01,Active
A209815,C107561,Current,147110.93,5.12,Dormant
A209816,C107562,Savings,96546.65,3.47,Active
A209817,C107562,Current,46385.16,4.1,Active
A209818,C107563,Salary,90987.89,2.86,Dormant
A209819,C107564,Savings,5459.46,3.64,Active
A209820,C107565,Premium,9070.56,5.48,Dormant
A209821,C107566,Salary,180807.19,4.9,Dormant
A209822,C107567,Savings,84296.19,3.0,Active
A209823,C107567,Savings,75753.13,5.47,Active
A209824,C107568,Current,89744.86,2.67,Dormant
A209825,C107569,Premium,253159.37,5.65,Active
A209826,C107570,Savings,399825.17,3.86,Active
A209827,C107570,Savings,330497.05,5.36,Active
A209828,C107571,Salary,41803.85,3.44,Active
A209829,C107572,Salary,33115.73,3.6,Active
A209830,C107572,Savings,59161.51,6.02,Active
A209831,C107573,Salary,99038.98,5.79,Active
A209832,C107574,Salary,68583.44,2.78,Dormant
A209833,C107575,Savings,148761.38,2.92,Active
A209834,C107576,Salary,108771.36,3.91,Active
A209835,C107577,Premium,78766.85,3.23,Active
A209836,C107577,Savings,66717.62,3.25,Active
A209837,C107578,Current,101809.01,2.68,Dormant
A209838,C107578,Savings,91315.9,2.53,Active
A209839,C107579,Premium,42110.47,3.08,Active
A209840,C107580,Savings,138502.15,5.34,Active
A209841,C107581,Salary,184762.3,4.48,Active
A209842,C107582,Savings,324809.97,6.08,Active
A209843,C107583,Savings,156153.48,6.32,Dormant
A209844,C107583,Savings,82124.75,5.4,Active
A209845,C107584,Savings,163038.78,5.18,Active
A209846,C107585,Savings,313328.89,4.88,Active
A209847,C107586,Current,132447.3,2.64,Active
A209848,C107586,Premium,28291.02,2.64,Dormant
A209849,C107587,Premium,26852.29,5.65,Dormant
A209850,C107588,Savings,226766.09,5.33,Dormant
A209851,C107588,Premium,117578.68,3.3,Dormant
A209852,C107589,Savings,184655.63,4.34,Active
A209853,C107589,Salary,19061.18,2.99,Dormant
A209854,C107590,Savings,30248.07,2.71,Active
A209855,C107590,Savings,94178.9,2.53,Active
A209856,C107591,Salary,68215.98,6.03,Active
A209857,C107592,Savings,64580.89,3.89,Active
A209858,C107593,Current,15088.23,3.28,Active
A209859,C107593,Savings,353934.1,3.92,Dormant
A209860,C107594,Salary,371291.56,4.0,Dormant
A209861,C107595,Salary,288458.18,5.24,Dormant
A209862,C107596,Savings,60386.99,5.45,Active
A209863,C107597,Savings,253701.24,3.56,Active
A209864,C107597,Salary,90845.45,5.76,Dormant
A209865,C107598,Savings,235172.0,6.15,Active
A209866,C107599,Savings,153662.94,6.3,Active
A209867,C107600,Premium,584054.95,4.87,Active
A209868,C107600,Salary,124394.15,4.05,Active
A209869,C107601,Savings,16773.44,3.22,Active
A209870,C107601,Savings,7376.89,2.55,Active
A209871,C107602,Current,0.0,3.83,Active
A209872,C107603,Savings,67752.41,3.21,Dormant
A209873,C107604,Savings,85099.61,2.58,Active
A209874,C107604,Salary,233245.02,2.82,Active
A209875,C107605,Salary,56946.99,4.51,Dormant
A209876,C107605,Savings,33472.93,2.93,Active
A209877,C107606,Current,240306.4,6.05,Active
A209878,C107607,Premium,9883.68,5.64,Active
A209879,C107608,Savings,164446.33,2.67,Active
A209880,C107608,Salary,256174.21,3.02,Active
A209881,C107609,Savings,232384.67,4.76,Active
A209882,C107610,Premium,98412.7,4.33,Active
A209883,C107610,Savings,223267.76,6.26,Active
A209884,C107611,Current,13794.23,5.81,Dormant
A209885,C107612,Savings,204221.84,2.83,Active
A209886,C107613,Savings,284389.17,4.94,Active
A209887,C107614,Savings,155141.34,5.95,Active
A209888,C107615,Salary,222252.57,5.55,Dormant
A209889,C107616,Savings,355875.67,2.66,Active
A209890,C107617,Salary,161341.63,4.24,Active
A209891,C107618,Savings,259069.16,2.53,Dormant
A209892,C107619,Savings,123290.53,5.86,Active
A209893,C107619,Savings,222752.04,2.55,Active
A209894,C107620,Salary,49394.37,5.15,Active
A209895,C107621,Savings,118545.03,3.62,Active
A209896,C107622,Current,55852.57,6.44,Dormant
A209897,C107623,Savings,40447.59,5.19,Active
A209898,C107623,Premium,114153.28,5.67,Active
A209899,C107624,Current,68888.78,6.1,Active
A209900,C107625,Savings,364074.76,3.16,Dormant
A209901,C107626,Salary,151511.38,5.53,Dormant
A209902,C107626,Savings,113706.87,4.73,Active
A209903,C107627,Savings,112912.49,5.68,Active
A209904,C107628,Salary,45049.48,6.46,Active
A209905,C107628,Premium,96930.07,4.43,Active
A209906,C107629,Salary,99827.09,4.56,Active
A209907,C107630,Salary,157397.31,5.35,Active
A209908,C107631,Savings,244380.54,4.51,Active
A209909,C107632,Current,153289.85,3.14,Active
A209910,C107633,Salary,191543.3,4.04,Active
A209911,C107634,Salary,112353.6,6.13,Active
A209912,C107634,Salary,145745.87,3.0,Active
A209913,C107635,Savings,196860.04,3.23,Active
A209914,C107635,Savings,253024.3,5.39,Active
A209915,C107636,Savings,216761.08,4.71,Active
A209916,C107636,Savings,164563.31,5.82,Dormant
A209917,C107637,Savings,32600.96,3.47,Active
A209918,C107638,Savings,308465.61,5.78,Active
A209919,C107639,Savings,242208.33,4.4,Active
A209920,C107640,Savings,151809.77,2.58,Dormant
A209921,C107641,Salary,199371.29,2.97,Active
A209922,C107642,Premium,72877.95,3.98,Active
A209923,C107643,Savings,363650.97,5.34,Active
A209924,C107644,Savings,77688.2,4.93,Active
A209925,C107645,Salary,29743.42,3.63,Active
A209926,C107645,Savings,12690.96,5.7,Active
A209927,C107646,Current,27961.63,3.5,Active
A209928,C107647,Savings,180688.28,4.89,Active
A209929,C107647,Savings,178079.09,3.92,Active
A209930,C107648,Savings,31350.43,3.74,Active
A209931,C107648,Premium,34084.39,3.11,Active
A209932,C107649,Savings,82747.53,3.26,Dormant
A209933,C107650,Current,297822.58,4.07,Active
A209934,C107651,Premium,52713.9,3.02,Active
A209935,C107651,Salary,70746.01,6.39,Dormant
A209936,C107652,Savings,66240.95,5.86,Dormant
A209937,C107653,Savings,265708.95,5.17,Dormant
A209938,C107654,Savings,69362.92,4.27,Active
A209939,C107655,Current,20463.77,4.39,Dormant
A209940,C107655,Salary,181037.15,3.96,Active
A209941,C107656,Salary,3684.65,5.22,Active
A209942,C107657,Salary,252270.5,5.61,Active
A209943,C107658,Savings,32689.56,2.89,Active
A209944,C107659,Savings,216606.96,5.25,Active
A209945,C107660,Savings,122250.26,3.94,Dormant
A209946,C107661,Savings,226422.23,6.26,Active
A209947,C107662,Salary,151581.75,3.75,Active
A209948,C107663,Savings,407880.31,4.49,Active
A209949,C107664,Savings,201736.33,5.03,Dormant
A209950,C107664,Current,208840.54,5.97,Active
A209951,C107665,Salary,133749.34,6.25,Active
A209952,C107665,Savings,411999.36,2.54,Active
A209953,C107666,Savings,172969.56,5.28,Active
A209954,C107667,Salary,497746.21,3.48,Active
A209955,C107667,Savings,472933.5,5.53,Dormant
A209956,C107668,Savings,324748.48,3.07,Dormant
A209957,C107669,Savings,42007.59,2.91,Active
A209958,C107670,Salary,148384.11,4.66,Active
A209959,C107670,Salary,47108.77,4.66,Active
A209960,C107671,Savings,36460.08,5.81,Dormant
A209961,C107671,Premium,19018.1,4.85,Active
A209962,C107672,Savings,134760.66,6.35,Active
A209963,C107672,Savings,72217.0,5.78,Active
A209964,C107673,Savings,123304.95,5.65,Dormant
A209965,C107674,Savings,317554.81,6.12,Active
A209966,C107675,Savings,45881.47,6.24,Dormant
A209967,C107676,Salary,141179.67,6.16,Dormant
A209968,C107677,Savings,32580.34,3.69,Active
A209969,C107678,Savings,98236.43,5.63,Active
A209970,C107679,Current,387531.95,2.81,Active
A209971,C107679,Savings,293433.24,5.73,Active
A209972,C107680,Salary,59376.96,4.87,Active
A209973,C107681,Salary,146667.92,4.28,Active
A209974,C107682,Salary,67827.53,4.24,Active
A209975,C107683,Savings,131822.14,6.09,Dormant
A209976,C107683,Salary,83524.42,5.94,Active
A209977,C107684,Salary,139879.49,2.58,Active
A209978,C107685,Salary,212070.96,4.54,Dormant
A209979,C107686,Savings,236369.61,5.97,Active
A209980,C107687,Savings,47172.51,4.21,Active
A209981,C107687,Premium,167438.48,2.65,Active
A209982,C107688,Savings,214396.97,4.92,Dormant
A209983,C107689,Savings,241032.27,3.47,Active
A209984,C107690,Salary,121714.68,4.31,Active
A209985,C107691,Savings,30128.92,3.75,Active
A209986,C107692,Savings,0.0,3.6,Dormant
A209987,C107693,Savings,48274.02,5.22,Dormant
A209988,C107694,Savings,221559.51,5.63,Active
A209989,C107695,Salary,136658.12,5.41,Active
A209990,C107696,Savings,42866.13,5.39,Dormant
A209991,C107697,Salary,228810.83,6.21,Active
A209992,C107698,Savings,58456.63,5.68,Active
A209993,C107699,Savings,184963.86,6.02,Dormant
A209994,C107700,Savings,60165.28,2.99,Active
A209995,C107700,Savings,65470.78,2.89,Active
A209996,C107701,Salary,170070.63,6.35,Active
A209997,C107701,Savings,132499.65,5.12,Dormant
A209998,C107702,Salary,297492.38,5.85,Dormant
A209999,C107702,Savings,322643.44,3.62,Active
A210000,C107703,Savings,502269.08,5.74,Dormant
A210001,C107704,Salary,0.0,3.9,Active
A210002,C107705,Savings,102363.09,4.88,Dormant
A210003,C107706,Salary,122948.97,4.31,Dormant
A210004,C107707,Salary,245220.94,3.53,Dormant
A210005,C107708,Savings,271053.35,2.57,Dormant
A210006,C107709,Salary,133589.25,2.84,Dormant
A210007,C107710,Salary,0.0,5.89,Active
A210008,C107710,Savings,111143.55,4.84,Active
A210009,C107711,Current,48958.26,2.82,Active
A210010,C107711,Savings,91703.13,2.93,Dormant
A210011,C107712,Savings,466476.68,4.06,Dormant
A210012,C107713,Salary,256740.22,3.88,Dormant
A210013,C107713,Savings,266616.01,3.96,Active
A210014,C107714,Salary,67930.71,4.22,Active
A210015,C107715,Salary,209132.91,5.44,Active
A210016,C107716,Salary,280333.71,4.43,Active
A210017,C107716,Salary,149970.56,2.66,Active
A210018,C107717,Premium,187407.24,3.03,Dormant
A210019,C107718,Savings,149833.86,3.58,Active
A210020,C107719,Savings,86751.0,5.77,Active
A210021,C107720,Savings,92130.93,4.36,Active
A210022,C107720,Savings,136848.25,6.29,Dormant
A210023,C107721,Salary,65368.05,3.74,Active
A210024,C107722,Savings,94618.54,5.22,Active
A210025,C107722,Savings,217112.8,5.81,Dormant
A210026,C107723,Savings,149732.86,3.91,Active
A210027,C107724,Savings,324012.1,3.36,Active
A210028,C107725,Salary,72978.78,3.77,Active
A210029,C107725,Premium,112198.26,4.47,Active
A210030,C107726,Savings,7620.14,6.01,Active
A210031,C107727,Savings,161831.27,3.44,Active
A210032,C107728,Savings,252682.44,5.4,Active
A210033,C107729,Current,417474.28,3.91,Active
A210034,C107730,Savings,34933.76,4.65,Active
A210035,C107731,Premium,195215.7,6.25,Active
A210036,C107732,Savings,160342.25,2.71,Dormant
A210037,C107732,Salary,181192.03,4.56,Active
A210038,C107733,Savings,48976.92,4.8,Dormant
A210039,C107733,Savings,54723.33,6.21,Active
A210040,C107734,Savings,50556.6,4.13,Dormant
A210041,C107735,Savings,42158.22,5.57,Active
A210042,C107736,Current,43754.33,3.36,Active
A210043,C107736,Current,68247.41,4.52,Active
A210044,C107737,Savings,66793.91,4.21,Active
A210045,C107738,Savings,192199.05,4.91,Active
A210046,C107739,Salary,98123.19,5.09,Active
A210047,C107740,Savings,12821.75,5.66,Active
A210048,C107740,Savings,22392.89,6.14,Dormant
A210049,C107741,Salary,143891.34,3.63,Active
A210050,C107742,Savings,141423.85,4.47,Active
A210051,C107743,Savings,0.0,2.61,Active
A210052,C107743,Savings,225698.5,5.94,Active
A210053,C107744,Salary,71416.97,3.19,Dormant
A210054,C107745,Savings,220159.81,4.87,Active
A210055,C107746,Savings,68539.94,4.15,Active
A210056,C107747,Savings,10954.99,2.99,Dormant
A210057,C107748,Premium,22265.13,4.85,Dormant
A210058,C107748,Savings,108550.39,3.27,Active
A210059,C107749,Savings,257681.72,2.79,Active
A210060,C107750,Savings,51086.72,6.28,Active
A210061,C107751,Current,30983.44,3.08,Active
A210062,C107752,Savings,381495.36,3.07,Active
A210063,C107753,Salary,205841.21,6.24,Dormant
A210064,C107753,Savings,198661.54,4.37,Active
A210065,C107754,Premium,30311.36,4.25,Active
A210066,C107755,Savings,143371.51,4.9,Active
A210067,C107756,Salary,120645.18,5.31,Dormant
A210068,C107757,Premium,216460.79,4.86,Dormant
A210069,C107758,Salary,328282.01,3.51,Active
A210070,C107758,Savings,404284.12,6.34,Dormant
A210071,C107759,Salary,133492.64,2.54,Active
A210072,C107760,Salary,276424.88,4.56,Active
A210073,C107760,Salary,158490.64,4.42,Active
A210074,C107761,Savings,163187.93,4.93,Active
A210075,C107761,Current,153682.21,4.72,Active
A210076,C107762,Savings,130585.59,5.65,Dormant
A210077,C107763,Savings,245849.96,2.57,Active
A210078,C107764,Savings,234033.16,5.28,Active
A210079,C107764,Current,165491.73,4.61,Active
A210080,C107765,Savings,157223.94,4.98,Active
A210081,C107766,Savings,233833.12,2.53,Active
A210082,C107767,Savings,181486.78,5.33,Active
A210083,C107767,Current,295731.8,3.86,Active
A210084,C107768,Premium,219356.69,3.42,Active
A210085,C107769,Savings,167424.7,4.35,Active
A210086,C107770,Salary,88059.69,4.44,Dormant
A210087,C107771,Savings,66151.67,6.18,Active
A210088,C107772,Savings,206770.14,3.81,Active
A210089,C107773,Savings,0.0,5.93,Active
A210090,C107774,Savings,273383.29,3.86,Active
A210091,C107774,Savings,186445.03,6.44,Dormant
A210092,C107775,Savings,285508.57,6.25,Active
A210093,C107776,Savings,40780.57,2.8,Dormant
A210094,C107777,Savings,124307.81,4.76,Dormant
A210095,C107778,Savings,119854.83,3.15,Active
A210096,C107778,Savings,43732.65,4.33,Dormant
A210097,C107779,Salary,142149.9,3.59,Dormant
A210098,C107780,Savings,98134.34,4.06,Active
A210099,C107780,Salary,57261.24,5.8,Dormant
A210100,C107781,Savings,294402.05,3.29,Active
A210101,C107781,Salary,370691.68,4.11,Active
A210102,C107782,Savings,298366.97,5.53,Active
A210103,C107783,Savings,123429.13,3.39,Active
A210104,C107783,Premium,78080.58,6.13,Active
A210105,C107784,Current,284722.49,4.03,Active
A210106,C107784,Current,299671.13,5.11,Active
A210107,C107785,Savings,92401.17,6.45,Dormant
A210108,C107786,Premium,478789.56,5.93,Dormant
A210109,C107786,Savings,231998.45,5.22,Dormant
A210110,C107787,Current,63756.06,3.57,Active
A210111,C107788,Savings,272638.47,4.41,Active
A210112,C107788,Savings,142122.75,3.4,Active
A210113,C107789,Savings,6264.73,4.63,Active
A210114,C107789,Current,224991.25,6.39,Active
A210115,C107790,Salary,195804.19,3.41,Active
A210116,C107791,Savings,120047.86,3.1,Active
A210117,C107791,Savings,106301.75,3.29,Active
A210118,C107792,Salary,37521.92,6.0,Dormant
A210119,C107793,Savings,102317.89,3.13,Active
A210120,C107794,Savings,137067.51,5.54,Active
A210121,C107795,Salary,251099.31,5.01,Active
A210122,C107796,Savings,51506.06,5.82,Active
A210123,C107796,Savings,98320.01,4.12,Active
A210124,C107797,Savings,66485.61,3.83,Dormant
A210125,C107798,Savings,195966.94,4.19,Dormant
A210126,C107799,Salary,58379.87,4.72,Dormant
A210127,C107800,Savings,51023.88,5.04,Active
A210128,C107801,Current,404484.4,3.22,Active
A210129,C107802,Savings,136100.3,6.18,Active
A210130,C107803,Savings,92590.84,4.92,Active
A210131,C107804,Current,226279.89,4.08,Active
A210132,C107805,Current,301124.66,5.8,Active
A210133,C107806,Salary,18363.54,5.47,Dormant
A210134,C107806,Current,47399.66,6.02,Active
A210135,C107807,Savings,51822.58,5.2,Active
A210136,C107808,Salary,28103.91,4.44,Active
A210137,C107809,Current,134495.88,5.83,Active
A210138,C107810,Salary,297348.83,3.72,Active
A210139,C107811,Salary,65888.79,5.58,Active
A210140,C107811,Salary,79877.92,4.84,Active
A210141,C107812,Salary,145745.44,4.5,Active
A210142,C107813,Current,140254.48,5.99,Active
A210143,C107813,Savings,31904.89,3.05,Active
A210144,C107814,Savings,95562.57,5.1,Active
A210145,C107814,Savings,171165.64,3.37,Active
A210146,C107815,Savings,70932.22,4.39,Dormant
A210147,C107816,Current,59428.78,3.0,Active
A210148,C107816,Savings,107992.44,4.19,Active
A210149,C107817,Salary,115102.43,5.64,Active
A210150,C107818,Premium,251600.68,5.65,Dormant
A210151,C107819,Savings,0.0,5.39,Active
A210152,C107820,Salary,69417.31,2.76,Active
A210153,C107821,Savings,207245.26,4.78,Dormant
A210154,C107822,Salary,55848.18,5.54,Active
A210155,C107823,Savings,123989.02,5.63,Active
A210156,C107824,Savings,177958.99,6.29,Active
A210157,C107824,Savings,17598.67,3.36,Active
A210158,C107825,Savings,89467.49,6.32,Active
A210159,C107825,Savings,145601.2,5.27,Active
A210160,C107826,Savings,39378.63,3.52,Active
A210161,C107827,Savings,131126.1,4.46,Active
A210162,C107828,Premium,104972.57,5.42,Dormant
A210163,C107828,Savings,213078.53,6.15,Dormant
A210164,C107829,Current,147188.54,2.83,Active
A210165,C107830,Salary,98847.24,4.92,Dormant
A210166,C107831,Salary,349670.36,5.78,Active
A210167,C107832,Savings,241939.55,3.8,Dormant
A210168,C107833,Salary,161165.27,2.55,Active
A210169,C107834,Savings,122627.27,2.88,Active
A210170,C107835,Savings,181364.28,3.59,Active
A210171,C107835,Savings,99719.92,6.21,Dormant
A210172,C107836,Savings,58677.47,2.78,Dormant
A210173,C107837,Salary,125013.04,3.12,Active
A210174,C107838,Savings,78830.3,5.08,Active
A210175,C107838,Savings,184999.11,4.37,Active
A210176,C107839,Salary,118257.99,5.1,Active
A210177,C107840,Savings,180908.22,5.79,Active
A210178,C107841,Premium,3939.92,5.8,Active
A210179,C107842,Salary,90358.89,3.15,Active
A210180,C107842,Savings,31260.66,5.42,Active
A210181,C107843,Salary,68635.85,6.17,Active
A210182,C107844,Savings,95829.08,4.12,Active
A210183,C107845,Savings,56757.34,4.0,Dormant
A210184,C107846,Salary,92513.34,3.99,Active
A210185,C107847,Savings,71238.87,5.84,Dormant
A210186,C107847,Current,65106.76,5.25,Dormant
A210187,C107848,Savings,139772.7,4.19,Active
A210188,C107848,Savings,15440.2,6.06,Active
A210189,C107849,Savings,283194.87,2.66,Dormant
A210190,C107850,Savings,242957.75,3.06,Active
A210191,C107850,Savings,85977.22,5.02,Active
A210192,C107851,Savings,32373.27,3.22,Dormant
A210193,C107852,Savings,221673.93,5.31,Active
A210194,C107852,Salary,273511.79,3.09,Active
A210195,C107853,Current,86413.42,6.45,Dormant
A210196,C107854,Savings,60171.99,5.23,Active
A210197,C107855,Savings,287733.1,5.22,Active
A210198,C107856,Current,47893.92,5.77,Active
A210199,C107857,Savings,115509.52,2.71,Dormant
A210200,C107857,Premium,207178.34,2.62,Active
A210201,C107858,Salary,92416.26,3.83,Active
A210202,C107859,Savings,102590.24,5.89,Active
A210203,C107860,Savings,151584.29,4.19,Active
A210204,C107860,Premium,58976.71,3.22,Active
A210205,C107861,Salary,50563.91,6.18,Active
A210206,C107861,Premium,47554.63,3.31,Active
A210207,C107862,Savings,44577.74,5.36,Active
A210208,C107862,Savings,26198.97,4.22,Active
A210209,C107863,Savings,118629.53,4.56,Dormant
A210210,C107864,Savings,117256.22,2.51,Active
A210211,C107865,Savings,74727.58,5.12,Active
A210212,C107865,Current,94826.69,5.12,Active
A210213,C107866,Premium,40764.15,5.27,Active
A210214,C107867,Savings,62834.12,4.54,Dormant
A210215,C107868,Premium,110564.82,4.02,Active
A210216,C107869,Salary,130030.05,4.09,Active
A210217,C107869,Savings,102940.52,6.47,Dormant
A210218,C107870,Savings,10521.04,3.71,Dormant
A210219,C107871,Savings,40365.31,5.95,Active
A210220,C107871,Salary,215160.08,4.07,Active
A210221,C107872,Savings,218655.28,3.39,Active
A210222,C107873,Savings,14813.46,3.63,Active
A210223,C107874,Savings,254767.47,3.58,Active
A210224,C107874,Salary,146707.01,4.09,Active
A210225,C107875,Savings,40189.08,6.22,Active
A210226,C107876,Premium,33587.13,2.73,Active
A210227,C107877,Savings,124067.78,2.62,Active
A210228,C107878,Salary,86584.0,4.83,Active
A210229,C107879,Savings,257240.07,2.78,Active
A210230,C107879,Salary,274567.98,2.78,Dormant
A210231,C107880,Salary,193704.74,4.94,Active
A210232,C107881,Salary,224051.6,2.9,Active
A210233,C107881,Current,259896.24,4.74,Active
A210234,C107882,Premium,160456.79,3.44,Dormant
A210235,C107883,Current,22899.87,4.46,Active
A210236,C107884,Salary,17666.25,4.89,Active
A210237,C107885,Salary,73511.89,5.54,Active
A210238,C107885,Current,171935.71,4.76,Dormant
A210239,C107886,Savings,197489.75,3.72,Active
A210240,C107886,Premium,222165.99,4.06,Active
A210241,C107887,Savings,202245.96,6.22,Active
A210242,C107887,Salary,179206.97,4.58,Active
A210243,C107888,Salary,107673.22,4.19,Active
A210244,C107889,Savings,67512.18,4.82,Active
A210245,C107890,Salary,411258.0,5.11,Active
A210246,C107890,Savings,200070.98,6.4,Active
A210247,C107891,Savings,64899.07,4.96,Active
A210248,C107892,Savings,182589.65,4.87,Dormant
A210249,C107892,Salary,86824.53,3.9,Active
A210250,C107893,Premium,175987.46,5.52,Active
A210251,C107893,Savings,273742.85,2.97,Active
A210252,C107894,Savings,132486.34,6.01,Dormant
A210253,C107894,Salary,118721.78,6.28,Active
A210254,C107895,Salary,210123.74,3.13,Dormant
A210255,C107896,Savings,85932.88,2.62,Active
A210256,C107897,Premium,59740.27,4.95,Active
A210257,C107897,Savings,145503.78,5.84,Dormant
A210258,C107898,Savings,141696.83,5.09,Dormant
A210259,C107899,Premium,218668.23,4.42,Active
A210260,C107899,Savings,132491.55,2.99,Dormant
A210261,C107900,Salary,69128.23,4.8,Active
A210262,C107900,Savings,42323.36,5.21,Dormant
A210263,C107901,Current,144873.58,5.28,Active
A210264,C107902,Current,130848.83,4.36,Active
A210265,C107903,Premium,50650.05,6.43,Active
A210266,C107904,Premium,30879.6,5.75,Active
A210267,C107904,Savings,165110.41,3.41,Active
A210268,C107905,Salary,13522.78,3.42,Active
A210269,C107906,Salary,182179.71,2.91,Active
A210270,C107906,Savings,225243.7,3.7,Dormant
A210271,C107907,Savings,186978.56,4.45,Active
A210272,C107908,Savings,149480.67,6.27,Dormant
A210273,C107909,Savings,68090.03,3.4,Active
A210274,C107910,Savings,81587.05,3.67,Active
A210275,C107911,Salary,233464.6,6.15,Dormant
A210276,C107911,Savings,76175.36,2.81,Active
A210277,C107912,Savings,26085.87,3.58,Dormant
A210278,C107912,Savings,126895.89,2.74,Active
A210279,C107913,Current,58624.69,4.2,Dormant
A210280,C107914,Savings,303452.94,3.69,Active
A210281,C107914,Savings,304962.27,3.42,Active
A210282,C107915,Premium,103346.7,3.24,Active
A210283,C107916,Salary,272684.98,5.98,Dormant
A210284,C107917,Savings,34696.44,2.93,Active
A210285,C107918,Premium,135096.08,2.88,Active
A210286,C107919,Savings,217398.96,4.52,Active
A210287,C107920,Savings,304376.34,5.85,Active
A210288,C107920,Salary,269321.55,6.3,Active
A210289,C107921,Savings,16278.35,4.67,Active
A210290,C107921,Savings,16441.32,3.78,Dormant
A210291,C107922,Premium,293029.52,3.92,Active
A210292,C107923,Savings,55423.68,5.61,Active
A210293,C107924,Salary,34579.52,4.68,Active
A210294,C107925,Savings,136111.8,3.81,Active
A210295,C107926,Savings,205565.26,4.99,Active
A210296,C107926,Savings,94304.95,5.01,Active
A210297,C107927,Premium,124206.43,3.66,Active
A210298,C107927,Savings,177107.45,6.31,Active
A210299,C107928,Savings,113196.07,4.04,Dormant
A210300,C107929,Salary,58543.05,5.25,Active
A210301,C107930,Salary,107880.67,4.14,Active
A210302,C107931,Salary,85422.22,2.83,Active
A210303,C107932,Current,252768.17,4.39,Active
A210304,C107933,Savings,435390.54,3.67,Active
A210305,C107933,Salary,226240.62,3.2,Dormant
A210306,C107934,Salary,98850.72,5.91,Dormant
A210307,C107934,Savings,149556.23,4.68,Active
A210308,C107935,Savings,17166.15,3.01,Dormant
A210309,C107936,Salary,157971.0,6.13,Dormant
A210310,C107937,Salary,93307.07,5.59,Active
A210311,C107938,Salary,70493.53,3.24,Dormant
A210312,C107939,Savings,42366.6,4.3,Active
A210313,C107940,Current,213853.11,2.72,Active
A210314,C107941,Salary,180750.01,4.18,Active
A210315,C107942,Savings,152227.27,5.8,Dormant
A210316,C107943,Salary,6041.56,2.74,Active
A210317,C107944,Premium,372457.84,2.77,Active
A210318,C107945,Premium,35407.96,5.7,Active
A210319,C107945,Salary,140728.4,4.85,Active
A210320,C107946,Savings,166988.41,2.73,Dormant
A210321,C107947,Salary,124739.11,4.79,Active
A210322,C107947,Savings,232517.49,3.46,Active
A210323,C107948,Salary,268081.21,6.35,Active
A210324,C107949,Savings,68865.9,2.82,Active
A210325,C107949,Salary,57084.76,5.89,Active
A210326,C107950,Savings,240378.59,5.06,Dormant
A210327,C107951,Savings,271016.05,3.94,Active
A210328,C107952,Savings,338820.25,4.7,Dormant
A210329,C107953,Premium,126697.06,4.0,Active
A210330,C107953,Savings,96014.05,4.8,Dormant
A210331,C107954,Salary,33438.32,6.05,Active
A210332,C107954,Current,21697.05,4.78,Active
A210333,C107955,Current,126435.66,2.7,Active
A210334,C107955,Savings,33071.87,4.06,Active
A210335,C107956,Savings,19827.52,5.38,Active
A210336,C107957,Savings,165269.53,2.96,Active
A210337,C107957,Salary,157369.81,4.38,Dormant
A210338,C107958,Current,54720.26,2.85,Active
A210339,C107959,Premium,280723.69,5.01,Active
A210340,C107959,Savings,209611.3,2.92,Active
A210341,C107960,Premium,16500.45,4.87,Active
A210342,C107961,Savings,120924.95,3.11,Active
A210343,C107962,Savings,142206.6,3.93,Active
A210344,C107963,Salary,137359.16,3.76,Active
A210345,C107964,Savings,95156.17,5.06,Active
A210346,C107964,Savings,183671.87,5.3,Active
A210347,C107965,Savings,116658.93,2.96,Active
A210348,C107966,Current,165374.66,3.63,Active
A210349,C107966,Savings,163281.59,2.99,Dormant
A210350,C107967,Salary,37582.6,3.05,Dormant
A210351,C107967,Current,230635.12,5.56,Active
A210352,C107968,Savings,162077.37,6.48,Active
A210353,C107969,Premium,276009.86,6.12,Active
A210354,C107970,Savings,338916.36,3.91,Active
A210355,C107970,Savings,336441.76,4.06,Active
A210356,C107971,Salary,273517.88,3.0,Dormant
A210357,C107972,Premium,120653.58,4.95,Active
A210358,C107973,Salary,26640.75,6.42,Dormant
A210359,C107974,Savings,50627.34,5.44,Active
A210360,C107975,Salary,165289.64,5.68,Dormant
A210361,C107975,Salary,167852.17,3.6,Active
A210362,C107976,Savings,76282.86,3.06,Active
A210363,C107977,Salary,311522.01,5.91,Dormant
A210364,C107978,Salary,111339.92,5.67,Active
A210365,C107978,Savings,190463.74,3.18,Dormant
A210366,C107979,Savings,10741.33,5.41,Active
A210367,C107980,Current,137912.58,4.73,Dormant
A210368,C107981,Salary,51488.1,3.15,Active
A210369,C107982,Savings,92485.66,4.01,Dormant
A210370,C107983,Savings,25515.2,6.3,Dormant
A210371,C107984,Premium,149728.61,5.55,Active
A210372,C107985,Salary,227065.19,6.43,Dormant
A210373,C107986,Premium,58805.51,4.04,Active
A210374,C107987,Savings,124182.08,4.81,Active
A210375,C107988,Savings,267257.27,3.73,Dormant
A210376,C107989,Salary,46704.14,3.61,Active
A210377,C107990,Salary,137691.5,5.02,Active
A210378,C107991,Savings,31580.84,5.12,Dormant
A210379,C107992,Premium,255524.35,6.48,Active
A210380,C107993,Premium,42164.68,3.12,Active
A210381,C107994,Savings,9516.71,5.94,Active
A210382,C107994,Savings,61451.36,4.9,Active
A210383,C107995,Current,10596.59,5.39,Dormant
A210384,C107996,Current,40845.58,5.99,Active
A210385,C107996,Salary,26349.34,5.98,Active
A210386,C107997,Savings,145529.86,5.6,Dormant
A210387,C107998,Salary,28660.81,6.03,Active
A210388,C107998,Current,57657.89,4.84,Dormant
A210389,C107999,Savings,131527.55,2.79,Active
A210390,C108000,Current,263005.28,4.23,Active
A210391,C108001,Premium,331360.67,2.77,Active
A210392,C108002,Current,53396.02,3.28,Active
A210393,C108003,Savings,105227.91,4.42,Active
A210394,C108003,Salary,80499.11,5.95,Dormant
A210395,C108004,Savings,272018.98,4.42,Active
A210396,C108005,Savings,57871.78,2.69,Active
A210397,C108006,Savings,308571.21,5.95,Active
A210398,C108006,Savings,246571.26,6.38,Active
A210399,C108007,Current,346846.0,3.52,Active
A210400,C108008,Savings,102705.59,3.69,Active
A210401,C108009,Premium,89001.5,4.24,Active
A210402,C108010,Current,268385.18,4.72,Active
A210403,C108010,Salary,189160.7,5.39,Active
A210404,C108011,Savings,219214.62,6.07,Active
A210405,C108012,Salary,9209.08,2.9,Active
A210406,C108012,Salary,7967.93,5.52,Active
A210407,C108013,Current,82184.76,4.42,Dormant
A210408,C108014,Savings,142064.07,5.68,Active
A210409,C108015,Savings,90022.51,5.06,Dormant
A210410,C108016,Salary,251076.55,2.95,Dormant
A210411,C108017,Savings,402159.15,3.38,Active
A210412,C108018,Current,115521.77,5.44,Active
A210413,C108019,Salary,92246.54,3.33,Dormant
A210414,C108020,Current,43059.13,4.1,Active
A210415,C108021,Salary,203580.44,2.96,Active
A210416,C108022,Salary,43794.97,5.69,Active
A210417,C108023,Savings,126993.68,5.84,Dormant
A210418,C108023,Savings,104742.82,4.21,Dormant
A210419,C108024,Salary,16484.56,3.87,Active
A210420,C108025,Savings,67983.01,6.37,Dormant
A210421,C108025,Savings,91170.64,4.34,Dormant
A210422,C108026,Premium,31979.95,6.44,Dormant
A210423,C108027,Savings,216715.26,4.51,Dormant
A210424,C108028,Savings,130102.14,3.76,Active
A210425,C108028,Premium,86055.59,4.18,Active
A210426,C108029,Salary,187750.16,2.55,Active
A210427,C108029,Salary,7391.78,5.42,Dormant
A210428,C108030,Savings,182447.57,4.86,Active
A210429,C108031,Savings,149720.53,4.95,Active
A210430,C108032,Savings,149273.31,3.2,Active
A210431,C108033,Savings,23681.19,2.69,Active
A210432,C108033,Current,8392.23,5.66,Dormant
A210433,C108034,Current,204163.96,4.1,Active
A210434,C108035,Current,163054.48,5.19,Active
A210435,C108035,Savings,347330.69,3.58,Active
A210436,C108036,Salary,105923.65,3.65,Active
A210437,C108037,Savings,223759.07,4.42,Dormant
A210438,C108038,Savings,127142.31,5.41,Active
A210439,C108039,Premium,145194.52,2.88,Active
A210440,C108040,Savings,89153.89,2.92,Active
A210441,C108041,Current,105098.66,5.86,Active
A210442,C108042,Savings,226616.21,5.69,Active
A210443,C108043,Current,483498.0,4.67,Active
A210444,C108044,Savings,31950.5,6.03,Active
A210445,C108044,Savings,13673.48,4.59,Active
A210446,C108045,Savings,82075.01,5.93,Active
A210447,C108046,Premium,162840.26,4.21,Active
A210448,C108047,Salary,253113.97,5.86,Active
A210449,C108048,Savings,30542.54,2.69,Dormant
A210450,C108048,Current,143824.94,3.1,Dormant
A210451,C108049,Savings,307015.05,4.17,Active
A210452,C108050,Savings,192103.03,3.62,Active
A210453,C108051,Savings,163686.37,3.97,Active
A210454,C108052,Salary,198335.97,5.6,Active
A210455,C108053,Savings,189501.93,5.75,Active
A210456,C108054,Salary,229369.0,2.56,Active
A210457,C108054,Savings,0.0,4.1,Active
A210458,C108055,Salary,33225.91,2.99,Dormant
A210459,C108056,Savings,148227.98,3.54,Active
A210460,C108056,Savings,156091.4,6.16,Dormant
A210461,C108057,Current,238790.33,4.13,Active
A210462,C108058,Salary,123137.38,3.24,Active
A210463,C108058,Salary,201640.63,4.97,Active
A210464,C108059,Premium,161639.81,3.9,Active
A210465,C108059,Savings,183627.1,5.11,Active
A210466,C108060,Savings,11217.74,6.23,Active
A210467,C108061,Savings,35683.51,5.33,Active
A210468,C108062,Savings,33683.84,4.52,Active
A210469,C108062,Current,59757.68,5.79,Active
A210470,C108063,Savings,71065.15,5.21,Dormant
A210471,C108064,Savings,179804.09,3.21,Dormant
A210472,C108065,Savings,160318.93,5.91,Active
A210473,C108065,Current,52163.17,4.1,Active
A210474,C108066,Savings,99848.7,5.59,Active
A210475,C108067,Savings,6282.86,4.21,Active
A210476,C108067,Current,74287.85,5.8,Active
A210477,C108068,Savings,342574.26,3.0,Active
A210478,C108068,Savings,331905.77,4.73,Active
A210479,C108069,Salary,83089.78,5.73,Active
A210480,C108069,Current,60267.58,3.84,Active
A210481,C108070,Salary,408782.01,5.23,Dormant
A210482,C108071,Savings,238256.97,2.53,Active
A210483,C108071,Current,152586.67,6.47,Dormant
A210484,C108072,Premium,112219.01,4.42,Active
A210485,C108073,Salary,84163.82,3.94,Active
A210486,C108074,Salary,108318.74,3.68,Active
A210487,C108075,Savings,24203.89,5.62,Active
A210488,C108076,Savings,242581.37,6.11,Active
A210489,C108076,Savings,300632.61,3.93,Active
A210490,C108077,Salary,96182.88,2.8,Active
A210491,C108077,Salary,66359.85,4.52,Active
A210492,C108078,Salary,106830.31,2.73,Active
A210493,C108078,Savings,102605.98,4.7,Active
A210494,C108079,Savings,160969.75,5.83,Active
A210495,C108080,Savings,112529.35,4.25,Active
A210496,C108080,Savings,87344.88,5.73,Active
A210497,C108081,Current,173865.03,4.11,Active
A210498,C108081,Savings,172812.83,4.08,Active
A210499,C108082,Salary,15805.96,5.46,Active
A210500,C108082,Savings,8303.61,5.06,Dormant
A210501,C108083,Savings,102738.8,4.83,Active
A210502,C108084,Premium,113702.32,3.0,Active
A210503,C108085,Salary,237239.7,5.68,Active
A210504,C108086,Current,311029.88,5.64,Active
A210505,C108087,Salary,165255.26,4.51,Active
A210506,C108087,Savings,90124.38,2.58,Active
A210507,C108088,Current,19877.49,3.24,Dormant
A210508,C108089,Savings,274324.91,3.25,Active
A210509,C108090,Savings,232795.9,5.84,Dormant
A210510,C108091,Salary,108689.31,5.38,Active
A210511,C108092,Savings,327824.17,4.78,Active
A210512,C108093,Savings,127349.32,4.56,Active
A210513,C108093,Savings,0.0,6.35,Dormant
A210514,C108094,Savings,160410.46,2.7,Dormant
A210515,C108095,Savings,266812.55,3.97,Active
A210516,C108096,Savings,241459.85,5.51,Active
A210517,C108097,Savings,95912.52,4.4,Active
A210518,C108097,Savings,140008.59,5.62,Dormant
A210519,C108098,Premium,10961.14,4.04,Active
A210520,C108099,Savings,216389.68,6.14,Active
A210521,C108099,Current,149410.18,6.36,Active
A210522,C108100,Savings,159141.83,5.94,Dormant
A210523,C108101,Savings,85558.34,4.77,Dormant
A210524,C108101,Current,151857.58,3.9,Active
A210525,C108102,Savings,144896.25,2.87,Dormant
A210526,C108103,Salary,61345.89,3.76,Active
A210527,C108104,Savings,191965.36,4.71,Active
A210528,C108105,Savings,0.0,5.77,Active
A210529,C108105,Current,391429.37,3.35,Dormant
A210530,C108106,Current,13248.55,5.95,Active
A210531,C108106,Premium,22235.89,3.49,Dormant
A210532,C108107,Savings,35569.4,4.36,Active
A210533,C108108,Savings,206081.36,3.21,Dormant
A210534,C108109,Salary,44236.95,3.13,Active
A210535,C108109,Savings,232736.13,3.25,Active
A210536,C108110,Salary,182188.69,2.63,Active
A210537,C108110,Savings,281943.9,5.41,Active
A210538,C108111,Premium,334095.01,4.38,Active
A210539,C108112,Premium,11103.8,3.37,Active
A210540,C108113,Savings,90523.37,5.86,Dormant
A210541,C108114,Savings,82373.33,6.18,Active
A210542,C108115,Savings,169585.23,3.16,Active
A210543,C108115,Current,99234.31,6.23,Active
A210544,C108116,Savings,195645.95,4.09,Active
A210545,C108116,Current,181622.78,4.3,Dormant
A210546,C108117,Salary,18671.26,5.42,Active
A210547,C108118,Savings,213835.97,5.83,Dormant
A210548,C108119,Salary,277546.51,6.1,Active
A210549,C108120,Savings,0.0,3.94,Dormant
A210550,C108121,Premium,40263.9,5.07,Active
A210551,C108121,Premium,82226.32,3.2,Dormant
A210552,C108122,Current,47618.34,4.76,Dormant
A210553,C108122,Savings,162273.3,4.77,Dormant
A210554,C108123,Salary,87121.88,6.07,Active
A210555,C108124,Savings,93951.71,3.05,Active
A210556,C108125,Salary,72421.99,3.68,Active
A210557,C108125,Current,96407.58,6.15,Active
A210558,C108126,Savings,217138.67,6.15,Dormant
A210559,C108127,Savings,192803.81,5.16,Dormant
A210560,C108128,Salary,43261.98,3.46,Active
A210561,C108129,Savings,71756.7,2.95,Active
A210562,C108130,Salary,40221.34,4.36,Dormant
A210563,C108131,Savings,106890.92,6.22,Active
A210564,C108132,Salary,113106.6,4.18,Active
A210565,C108132,Savings,129187.93,5.44,Active
A210566,C108133,Savings,223846.47,5.57,Active
A210567,C108134,Savings,138803.81,4.49,Dormant
A210568,C108135,Salary,81484.82,4.68,Active
A210569,C108136,Premium,32910.57,4.93,Active
A210570,C108136,Current,51197.49,3.71,Dormant
A210571,C108137,Premium,281864.65,4.89,Dormant
A210572,C108137,Savings,74615.59,6.2,Active
A210573,C108138,Savings,180782.1,4.98,Active
A210574,C108139,Savings,53829.66,4.3,Active
A210575,C108139,Premium,55523.29,2.92,Dormant
A210576,C108140,Savings,219089.3,5.85,Active
A210577,C108141,Savings,111164.71,4.48,Active
A210578,C108142,Savings,149032.22,3.01,Active
A210579,C108142,Savings,171712.87,4.23,Active
A210580,C108143,Salary,68717.22,6.38,Active
A210581,C108143,Savings,138643.08,2.87,Active
A210582,C108144,Savings,26193.32,3.91,Dormant
A210583,C108145,Savings,114902.12,4.96,Active
A210584,C108146,Savings,90649.9,2.71,Dormant
A210585,C108147,Savings,106689.07,5.48,Dormant
A210586,C108148,Savings,136300.11,6.28,Dormant
A210587,C108148,Salary,267333.25,4.23,Active
A210588,C108149,Salary,31508.13,4.2,Dormant
A210589,C108150,Salary,226516.24,4.03,Active
A210590,C108151,Savings,130921.0,4.43,Active
A210591,C108152,Savings,116454.65,4.92,Active
A210592,C108152,Savings,280261.91,5.45,Active
A210593,C108153,Savings,217622.3,5.63,Dormant
A210594,C108153,Savings,505748.72,6.07,Active
A210595,C108154,Savings,25952.76,6.36,Dormant
A210596,C108155,Savings,18777.7,5.9,Active
A210597,C108156,Premium,110002.49,3.07,Active
A210598,C108157,Savings,162089.54,5.3,Active
A210599,C108157,Savings,225985.66,6.02,Active
A210600,C108158,Savings,28001.23,4.09,Active
A210601,C108159,Premium,145705.11,2.75,Dormant
A210602,C108160,Salary,101126.77,6.42,Active
A210603,C108161,Savings,252246.14,3.09,Active
A210604,C108161,Savings,114337.02,4.38,Active
A210605,C108162,Savings,75635.83,3.19,Dormant
A210606,C108163,Salary,126239.87,3.95,Dormant
A210607,C108164,Current,109888.95,4.17,Active
A210608,C108164,Salary,170201.81,3.31,Active
A210609,C108165,Salary,335439.22,6.44,Active
A210610,C108166,Premium,172942.07,4.13,Active
A210611,C108166,Savings,133152.79,5.23,Active
A210612,C108167,Salary,126874.65,2.65,Dormant
A210613,C108167,Savings,152387.16,3.01,Active
A210614,C108168,Savings,163563.4,4.09,Active
A210615,C108168,Savings,177841.29,5.21,Active
A210616,C108169,Savings,59323.96,4.42,Active
A210617,C108170,Salary,83719.7,6.17,Dormant
A210618,C108171,Salary,244139.43,6.44,Active
A210619,C108171,Savings,88339.68,3.99,Active
A210620,C108172,Savings,39148.49,3.3,Active
A210621,C108173,Savings,75684.38,6.06,Active
A210622,C108173,Savings,179195.56,2.7,Active
A210623,C108174,Savings,47676.17,4.95,Active
A210624,C108175,Salary,46256.36,5.71,Active
A210625,C108176,Current,231722.2,2.86,Active
A210626,C108177,Savings,340512.59,5.91,Active
A210627,C108177,Savings,313295.28,2.61,Active
A210628,C108178,Salary,307775.88,3.58,Active
A210629,C108179,Savings,63752.78,2.84,Active
A210630,C108180,Savings,237010.99,5.76,Active
A210631,C108181,Premium,31540.79,5.28,Active
A210632,C108182,Savings,220529.36,4.98,Active
A210633,C108182,Premium,116941.18,2.59,Active
A210634,C108183,Salary,40280.71,3.14,Active
A210635,C108184,Savings,290908.74,2.78,Active
A210636,C108185,Salary,5049.45,3.36,Active
A210637,C108186,Savings,286173.97,5.78,Active
A210638,C108186,Premium,253476.05,3.67,Active
A210639,C108187,Savings,103599.41,6.34,Active
A210640,C108188,Premium,114800.46,4.77,Active
A210641,C108189,Salary,16225.68,4.21,Active
A210642,C108190,Savings,84290.44,2.77,Active
A210643,C108191,Salary,52310.38,3.3,Dormant
A210644,C108191,Savings,32912.72,4.45,Dormant
A210645,C108192,Savings,35919.65,3.02,Active
A210646,C108192,Premium,5766.98,5.89,Dormant
A210647,C108193,Savings,69185.68,3.91,Active
A210648,C108194,Salary,76587.11,3.09,Active
A210649,C108195,Salary,86273.78,5.03,Active
A210650,C108195,Savings,180208.84,5.26,Dormant
A210651,C108196,Premium,51238.2,4.62,Active
A210652,C108197,Salary,77564.88,4.79,Active
A210653,C108198,Current,162753.15,2.88,Active
A210654,C108198,Salary,186862.32,2.83,Active
A210655,C108199,Savings,13714.06,5.89,Active
A210656,C108200,Savings,120868.28,6.14,Active
A210657,C108201,Savings,67050.21,3.19,Active
A210658,C108202,Salary,193861.72,5.21,Dormant
A210659,C108203,Salary,162313.4,6.48,Dormant
A210660,C108203,Current,114343.7,3.91,Dormant
A210661,C108204,Savings,86919.39,4.09,Active
A210662,C108204,Salary,246716.24,6.11,Active
A210663,C108205,Savings,181684.76,3.48,Dormant
A210664,C108205,Current,240812.87,5.96,Active
A210665,C108206,Current,91940.01,5.49,Active
A210666,C108207,Savings,32000.09,5.68,Dormant
A210667,C108207,Savings,55422.47,4.89,Active
A210668,C108208,Savings,137296.34,5.63,Active
A210669,C108209,Premium,61549.19,3.69,Active
A210670,C108209,Premium,51949.68,3.75,Active
A210671,C108210,Salary,218895.16,3.38,Active
A210672,C108210,Salary,193484.86,6.23,Dormant
A210673,C108211,Savings,256746.61,5.26,Active
A210674,C108212,Salary,176626.81,4.68,Active
A210675,C108212,Premium,168334.86,5.25,Dormant
A210676,C108213,Savings,317897.35,3.11,Active
A210677,C108214,Salary,88266.9,6.28,Active
A210678,C108215,Current,130303.05,4.07,Dormant
A210679,C108216,Salary,33115.23,4.17,Dormant
A210680,C108217,Current,284423.19,2.8,Active
A210681,C108218,Savings,21711.54,3.86,Dormant
A210682,C108218,Savings,42068.69,5.43,Active
A210683,C108219,Salary,133714.87,6.1,Dormant
A210684,C108220,Savings,115532.67,5.92,Active
A210685,C108220,Savings,179275.78,4.64,Active
A210686,C108221,Current,689582.27,5.39,Dormant
A210687,C108222,Savings,189065.02,4.75,Active
A210688,C108223,Salary,27589.79,6.29,Active
A210689,C108224,Current,355321.77,6.09,Active
A210690,C108225,Savings,418935.41,4.97,Dormant
A210691,C108226,Premium,328991.49,4.96,Active
A210692,C108227,Current,253118.29,4.08,Dormant
A210693,C108228,Savings,24281.55,3.86,Active
A210694,C108229,Salary,133596.92,6.13,Active
A210695,C108229,Salary,107458.61,5.42,Dormant
A210696,C108230,Salary,181012.75,4.71,Active
A210697,C108231,Current,102424.33,3.43,Active
A210698,C108232,Salary,480623.45,3.52,Active
A210699,C108233,Savings,62995.36,3.9,Active
A210700,C108233,Savings,123842.34,4.58,Active
A210701,C108234,Savings,207468.9,3.43,Active
A210702,C108235,Savings,66098.9,3.69,Active
A210703,C108236,Savings,230687.77,5.54,Active
A210704,C108236,Salary,99777.57,4.67,Active
A210705,C108237,Savings,119510.22,3.14,Active
A210706,C108238,Salary,82935.23,3.53,Dormant
A210707,C108239,Salary,224461.9,5.62,Active
A210708,C108240,Current,190505.28,5.07,Active
A210709,C108240,Savings,53078.82,3.67,Active
A210710,C108241,Savings,15655.82,4.61,Active
A210711,C108241,Savings,24933.97,5.46,Active
A210712,C108242,Savings,164757.39,2.55,Active
A210713,C108243,Savings,95996.49,3.07,Dormant
A210714,C108244,Savings,133998.22,6.25,Dormant
A210715,C108245,Savings,58172.13,3.04,Active
A210716,C108246,Premium,98365.44,3.33,Dormant
A210717,C108247,Savings,76719.86,5.49,Active
A210718,C108248,Current,28859.56,4.87,Active
A210719,C108249,Savings,211661.67,5.1,Active
A210720,C108250,Savings,4085.05,4.32,Dormant
A210721,C108251,Salary,82934.76,2.73,Active
A210722,C108252,Savings,201062.19,5.58,Active
A210723,C108253,Savings,120573.76,5.9,Active
A210724,C108254,Savings,196145.67,3.97,Active
A210725,C108255,Current,207207.44,4.07,Active
A210726,C108256,Savings,78854.57,6.17,Dormant
A210727,C108257,Premium,271952.93,2.99,Active
A210728,C108257,Savings,346532.25,5.34,Active
A210729,C108258,Premium,209340.27,6.28,Active
A210730,C108258,Savings,119172.61,3.51,Active
A210731,C108259,Current,20812.74,3.71,Dormant
A210732,C108260,Savings,287791.12,5.81,Dormant
A210733,C108261,Savings,147315.86,6.44,Dormant
A210734,C108262,Salary,37624.75,6.18,Active
A210735,C108263,Savings,106376.0,5.7,Active
A210736,C108264,Salary,88168.83,5.78,Dormant
A210737,C108265,Savings,184845.61,3.9,Active
A210738,C108266,Premium,103400.34,4.73,Dormant
A210739,C108267,Salary,43670.31,4.4,Active
A210740,C108268,Savings,133203.97,5.21,Active
A210741,C108269,Salary,182621.29,3.09,Active
A210742,C108270,Savings,166470.65,6.31,Active
A210743,C108271,Savings,223048.71,4.7,Active
A210744,C108271,Current,146002.6,4.58,Active
A210745,C108272,Savings,27954.95,4.15,Active
A210746,C108272,Premium,19012.98,5.33,Dormant
A210747,C108273,Savings,168935.8,3.17,Active
A210748,C108274,Savings,337631.57,4.06,Active
A210749,C108275,Salary,7412.77,5.11,Dormant
A210750,C108275,Savings,53499.9,2.77,Active
A210751,C108276,Salary,203025.28,4.74,Active
A210752,C108277,Savings,21511.85,5.22,Dormant
A210753,C108278,Salary,266169.02,2.64,Dormant
A210754,C108279,Salary,382877.94,4.83,Active
A210755,C108280,Savings,181374.98,4.61,Dormant
A210756,C108280,Premium,156250.72,4.7,Active
A210757,C108281,Savings,60080.63,6.49,Active
A210758,C108281,Savings,120116.72,5.15,Active
A210759,C108282,Savings,43667.03,4.12,Active
A210760,C108283,Salary,147976.51,5.45,Active
A210761,C108284,Premium,76521.5,4.62,Active
A210762,C108284,Salary,121323.37,5.27,Active
A210763,C108285,Salary,182249.61,4.07,Active
A210764,C108285,Salary,294907.1,2.88,Active
A210765,C108286,Savings,8193.94,4.17,Active
A210766,C108286,Salary,18265.75,2.89,Active
A210767,C108287,Savings,668.62,4.41,Active
A210768,C108287,Premium,44763.21,5.78,Active
A210769,C108288,Premium,198621.59,5.84,Active
A210770,C108289,Savings,70884.05,5.36,Active
A210771,C108290,Savings,157041.86,3.18,Active
A210772,C108291,Savings,357617.68,5.93,Active
A210773,C108291,Savings,263123.19,4.57,Dormant
A210774,C108292,Savings,58185.45,5.43,Active
A210775,C108293,Premium,134075.37,5.98,Active
A210776,C108294,Salary,76364.69,5.8,Active
A210777,C108295,Savings,72817.11,2.77,Active
A210778,C108295,Savings,150258.56,4.99,Active
A210779,C108296,Salary,158067.9,5.02,Dormant
A210780,C108296,Savings,109174.88,4.17,Active
A210781,C108297,Savings,96499.46,2.85,Active
A210782,C108298,Salary,93212.67,3.42,Dormant
A210783,C108299,Current,157502.67,2.83,Dormant
A210784,C108299,Savings,97187.05,5.47,Active
A210785,C108300,Premium,450813.18,6.28,Dormant
A210786,C108301,Salary,31893.34,2.85,Active
A210787,C108301,Savings,44126.51,2.9,Active
A210788,C108302,Savings,11455.58,3.89,Active
A210789,C108303,Salary,46509.63,5.69,Active
A210790,C108304,Salary,40472.69,4.5,Dormant
A210791,C108305,Current,200904.22,5.19,Dormant
A210792,C108306,Current,14658.54,4.94,Active
A210793,C108307,Savings,128984.01,4.43,Active
A210794,C108308,Current,85702.41,3.76,Dormant
A210795,C108308,Savings,248794.09,6.16,Active
A210796,C108309,Current,149256.27,4.3,Active
A210797,C108310,Salary,333007.45,2.96,Active
A210798,C108311,Savings,264237.3,6.46,Active
A210799,C108311,Current,132817.56,6.16,Active
A210800,C108312,Premium,101010.83,4.58,Active
A210801,C108313,Savings,91830.82,4.27,Dormant
A210802,C108314,Salary,171615.49,5.79,Dormant
A210803,C108315,Savings,114536.08,5.6,Dormant
A210804,C108315,Current,127372.0,3.1,Active
A210805,C108316,Savings,69844.09,5.64,Active
A210806,C108317,Savings,82831.29,5.29,Active
A210807,C108317,Savings,118438.09,4.77,Dormant
A210808,C108318,Savings,186497.6,6.12,Active
A210809,C108318,Savings,151819.09,3.2,Active
A210810,C108319,Savings,75962.57,3.72,Active
A210811,C108320,Current,135328.35,5.41,Active
A210812,C108321,Salary,200592.86,4.06,Active
A210813,C108322,Savings,79357.96,3.36,Active
A210814,C108323,Salary,105505.03,5.83,Active
A210815,C108324,Savings,45804.69,4.57,Active
A210816,C108324,Current,192061.61,4.98,Active
A210817,C108325,Savings,105863.91,2.96,Dormant
A210818,C108325,Savings,73995.84,5.65,Dormant
A210819,C108326,Savings,25413.19,3.21,Active
A210820,C108327,Savings,93478.89,4.24,Active
A210821,C108327,Savings,151649.57,6.18,Dormant
A210822,C108328,Salary,44787.58,6.07,Active
A210823,C108328,Savings,121115.8,2.9,Active
A210824,C108329,Savings,430628.28,5.94,Active
A210825,C108330,Savings,134759.12,4.88,Active
A210826,C108330,Savings,127376.25,3.64,Active
A210827,C108331,Savings,54141.07,4.56,Active
A210828,C108332,Premium,320628.4,4.36,Active
A210829,C108332,Savings,213917.78,3.08,Active
A210830,C108333,Savings,192839.17,4.04,Active
A210831,C108334,Savings,173137.8,4.87,Dormant
A210832,C108334,Savings,296739.17,6.17,Active
A210833,C108335,Savings,170974.55,5.91,Dormant
A210834,C108336,Salary,39118.6,4.97,Dormant
A210835,C108337,Salary,22656.93,3.58,Active
A210836,C108338,Savings,78034.52,6.01,Active
A210837,C108339,Current,195748.41,4.71,Active
A210838,C108340,Savings,156804.1,3.72,Active
A210839,C108341,Current,107504.98,6.41,Active
A210840,C108341,Salary,287584.42,3.1,Active
A210841,C108342,Savings,122406.8,6.12,Active
A210842,C108342,Premium,187242.44,4.86,Active
A210843,C108343,Savings,229903.58,3.36,Dormant
A210844,C108344,Salary,181463.33,2.92,Dormant
A210845,C108345,Current,178483.71,2.52,Active
A210846,C108346,Salary,137200.83,2.66,Active
A210847,C108347,Savings,50450.8,4.59,Dormant
A210848,C108347,Premium,107403.35,5.98,Active
A210849,C108348,Savings,140527.93,2.99,Active
A210850,C108348,Salary,59597.04,4.67,Active
A210851,C108349,Savings,495363.36,2.96,Active
A210852,C108350,Savings,257943.87,6.21,Dormant
A210853,C108351,Savings,54588.26,5.2,Active
A210854,C108352,Savings,27256.64,5.13,Active
A210855,C108353,Savings,154106.91,4.55,Active
A210856,C108353,Current,250731.89,3.07,Dormant
A210857,C108354,Salary,198175.16,3.51,Dormant
A210858,C108355,Savings,220337.99,3.84,Active
A210859,C108356,Savings,133201.99,3.88,Dormant
A210860,C108357,Savings,106894.35,5.34,Dormant
A210861,C108358,Salary,177440.61,3.45,Active
A210862,C108359,Savings,318498.82,6.32,Active
A210863,C108360,Savings,24665.87,6.16,Dormant
A210864,C108361,Savings,248576.43,3.48,Dormant
A210865,C108362,Savings,317391.33,2.66,Active
A210866,C108363,Savings,20308.55,3.47,Active
A210867,C108363,Premium,88450.74,4.78,Dormant
A210868,C108364,Savings,403521.57,3.75,Active
A210869,C108364,Savings,221003.52,3.13,Active
A210870,C108365,Savings,55469.32,5.18,Active
A210871,C108365,Premium,285243.29,5.48,Dormant
A210872,C108366,Current,75200.74,5.42,Dormant
A210873,C108366,Savings,175668.15,4.02,Active
A210874,C108367,Current,63059.77,6.5,Active
A210875,C108368,Savings,116777.21,5.67,Dormant
A210876,C108369,Current,244292.92,5.92,Active
A210877,C108370,Savings,164917.69,6.4,Dormant
A210878,C108370,Premium,31148.61,6.47,Active
A210879,C108371,Salary,224994.5,3.82,Active
A210880,C108372,Savings,50179.93,5.57,Dormant
A210881,C108373,Savings,189858.08,6.37,Active
A210882,C108374,Savings,102716.48,4.58,Active
A210883,C108375,Savings,47413.17,5.35,Dormant
A210884,C108376,Savings,94976.25,5.36,Active
A210885,C108376,Salary,207677.41,5.35,Active
A210886,C108377,Salary,2059.37,2.84,Active
A210887,C108378,Savings,242268.07,4.79,Active
A210888,C108379,Savings,66042.83,5.68,Dormant
A210889,C108380,Current,29245.68,2.78,Active
A210890,C108381,Savings,184893.71,5.87,Active
A210891,C108382,Savings,129263.5,3.01,Active
A210892,C108383,Savings,116510.37,6.38,Active
A210893,C108384,Savings,143061.95,4.79,Active
A210894,C108385,Salary,83824.57,5.63,Dormant
A210895,C108385,Savings,340059.02,5.64,Active
A210896,C108386,Salary,35687.5,6.29,Active
A210897,C108387,Current,139873.3,5.08,Active
A210898,C108388,Current,210012.26,4.38,Active
A210899,C108388,Savings,145097.69,4.48,Active
A210900,C108389,Savings,40875.03,2.87,Active
A210901,C108389,Salary,110497.07,4.61,Active
A210902,C108390,Savings,98528.4,5.44,Active
A210903,C108390,Savings,157330.57,3.66,Active
A210904,C108391,Premium,24820.26,2.67,Active
A210905,C108392,Current,248198.65,4.48,Active
A210906,C108393,Savings,197574.98,2.98,Active
A210907,C108393,Savings,138279.25,2.91,Active
A210908,C108394,Savings,5316.72,2.97,Active
A210909,C108394,Savings,124850.88,4.97,Active
A210910,C108395,Savings,18281.66,3.68,Active
A210911,C108396,Current,141430.82,3.29,Active
A210912,C108397,Savings,114452.84,3.85,Active
A210913,C108397,Savings,94851.1,5.76,Active
A210914,C108398,Savings,20671.53,3.82,Active
A210915,C108399,Premium,238757.56,3.55,Active
A210916,C108400,Premium,25685.32,4.61,Active
A210917,C108400,Savings,61228.08,4.82,Active
A210918,C108401,Salary,262987.27,5.31,Active
A210919,C108402,Salary,186641.8,4.2,Dormant
A210920,C108403,Salary,423206.27,5.23,Active
A210921,C108404,Salary,121824.95,5.86,Active
A210922,C108405,Salary,128875.94,5.46,Active
A210923,C108406,Salary,115456.46,3.49,Active
A210924,C108407,Salary,37377.78,5.54,Active
A210925,C108408,Savings,68604.57,6.03,Active
A210926,C108408,Current,85186.82,5.24,Active
A210927,C108409,Savings,29532.77,4.42,Active
A210928,C108410,Savings,271806.39,3.57,Active
A210929,C108411,Premium,126146.03,2.64,Dormant
A210930,C108411,Savings,279117.54,3.81,Dormant
A210931,C108412,Salary,272018.45,5.13,Active
A210932,C108412,Salary,147616.36,4.63,Active
A210933,C108413,Current,135443.42,5.24,Dormant
A210934,C108413,Savings,122496.55,5.25,Active
A210935,C108414,Savings,276129.3,5.61,Active
A210936,C108414,Salary,190619.52,6.3,Dormant
A210937,C108415,Savings,15486.82,4.68,Active
A210938,C108416,Savings,47154.63,6.12,Active
A210939,C108417,Savings,182408.1,4.96,Dormant
A210940,C108418,Salary,328958.92,5.19,Active
A210941,C108419,Savings,102532.54,2.52,Active
A210942,C108420,Savings,276937.92,5.52,Active
A210943,C108421,Salary,89084.33,4.58,Active
A210944,C108421,Savings,50600.38,4.94,Dormant
A210945,C108422,Savings,169158.0,4.56,Dormant
A210946,C108423,Salary,88242.79,6.4,Active
A210947,C108424,Salary,81951.74,6.03,Active
A210948,C108424,Salary,207545.85,5.27,Active
A210949,C108425,Current,174615.98,4.5,Dormant
A210950,C108426,Savings,4482.18,4.34,Active
A210951,C108426,Savings,232947.56,3.64,Active
A210952,C108427,Savings,119861.8,5.34,Active
A210953,C108428,Savings,168156.34,4.77,Active
A210954,C108429,Savings,74692.87,2.54,Active
A210955,C108429,Savings,104113.02,5.07,Dormant
A210956,C108430,Savings,87974.68,6.19,Active
A210957,C108430,Savings,61525.96,4.53,Active
A210958,C108431,Savings,155933.34,6.1,Dormant
A210959,C108432,Savings,136468.16,6.25,Active
A210960,C108432,Savings,218648.75,2.98,Dormant
A210961,C108433,Savings,242703.93,4.41,Active
A210962,C108434,Salary,141917.89,4.53,Active
A210963,C108435,Savings,110193.43,4.08,Dormant
A210964,C108436,Salary,149223.99,5.55,Active
A210965,C108437,Savings,273084.34,4.56,Dormant
A210966,C108438,Savings,102626.61,3.18,Active
A210967,C108439,Premium,155948.71,3.18,Active
A210968,C108439,Savings,99625.6,3.51,Active
A210969,C108440,Salary,103548.54,4.39,Active
A210970,C108441,Savings,224610.53,3.05,Dormant
A210971,C108442,Current,113905.48,4.66,Active
A210972,C108442,Salary,138048.71,2.91,Active
A210973,C108443,Savings,46426.77,5.17,Active
A210974,C108443,Salary,65652.76,4.33,Active
A210975,C108444,Premium,105646.38,5.88,Dormant
A210976,C108445,Salary,71906.01,4.5,Active
A210977,C108445,Savings,204899.82,6.39,Active
A210978,C108446,Current,52277.95,2.74,Active
A210979,C108447,Salary,109182.68,2.7,Active
A210980,C108447,Savings,283618.63,4.47,Active
A210981,C108448,Savings,107571.36,4.3,Active
A210982,C108448,Premium,82795.38,3.76,Active
A210983,C108449,Savings,391725.09,6.19,Active
A210984,C108449,Savings,107033.97,3.42,Active
A210985,C108450,Savings,322589.32,4.75,Active
A210986,C108451,Current,158947.13,4.48,Dormant
A210987,C108452,Savings,78783.14,2.65,Active
A210988,C108453,Savings,262227.15,6.37,Active
A210989,C108454,Savings,341741.65,3.8,Active
A210990,C108454,Premium,350208.18,3.75,Dormant
A210991,C108455,Current,119095.32,3.88,Active
A210992,C108456,Savings,255111.12,5.42,Dormant
A210993,C108457,Savings,33936.63,2.61,Dormant
A210994,C108458,Savings,345323.23,5.68,Active
A210995,C108459,Salary,212263.37,4.57,Active
A210996,C108460,Savings,97731.23,2.89,Active
A210997,C108461,Current,205246.33,3.48,Dormant
A210998,C108462,Premium,251007.85,3.67,Active
A210999,C108463,Salary,23870.97,3.66,Dormant
A211000,C108464,Salary,415178.1,4.84,Active
A211001,C108465,Salary,95251.77,5.02,Dormant
A211002,C108466,Salary,136184.91,2.89,Dormant
A211003,C108466,Savings,212889.4,5.55,Dormant
A211004,C108467,Salary,480741.82,3.17,Active
A211005,C108468,Salary,112809.12,6.0,Dormant
A211006,C108468,Savings,48918.38,3.56,Dormant
A211007,C108469,Salary,96070.96,3.99,Active
A211008,C108470,Salary,258398.55,3.16,Active
A211009,C108470,Premium,247704.31,5.15,Active
A211010,C108471,Premium,133320.12,3.8,Active
A211011,C108472,Savings,205070.11,2.59,Active
A211012,C108473,Salary,195436.86,4.46,Dormant
A211013,C108473,Savings,25362.67,3.97,Dormant
A211014,C108474,Savings,146228.53,4.13,Active
A211015,C108475,Salary,73353.67,3.01,Active
A211016,C108476,Premium,146937.93,5.31,Active
A211017,C108477,Savings,105365.79,6.29,Active
A211018,C108478,Salary,101966.91,4.97,Active
A211019,C108479,Premium,0.0,2.9,Active
A211020,C108480,Salary,117975.67,2.63,Active
A211021,C108480,Salary,239703.02,6.12,Dormant
A211022,C108481,Salary,135977.95,4.19,Active
A211023,C108481,Savings,332867.8,4.28,Dormant
A211024,C108482,Savings,68106.51,6.31,Active
A211025,C108483,Savings,88027.28,5.79,Active
A211026,C108483,Premium,207880.29,5.09,Active
A211027,C108484,Salary,97212.47,4.66,Active
A211028,C108484,Savings,0.0,3.15,Active
A211029,C108485,Savings,65813.17,3.43,Active
A211030,C108486,Savings,150149.08,4.39,Dormant
A211031,C108486,Savings,188575.46,5.57,Active
A211032,C108487,Savings,1470.54,5.21,Active
A211033,C108488,Salary,334200.46,3.22,Dormant
A211034,C108489,Savings,114804.43,2.88,Active
A211035,C108490,Current,36509.26,2.57,Dormant
A211036,C108491,Salary,208511.05,3.02,Active
A211037,C108491,Salary,258743.9,3.63,Dormant
A211038,C108492,Salary,173995.71,5.53,Dormant
A211039,C108493,Savings,77551.47,3.13,Active
A211040,C108494,Premium,172669.12,5.48,Active
A211041,C108494,Premium,351203.73,3.65,Active
A211042,C108495,Salary,379450.03,5.62,Active
A211043,C108496,Salary,90212.34,2.99,Dormant
A211044,C108497,Savings,18536.2,3.12,Dormant
A211045,C108497,Savings,38421.82,6.36,Active
A211046,C108498,Premium,218277.37,6.29,Active
A211047,C108499,Salary,427451.32,6.43,Active
A211048,C108500,Savings,41761.65,5.19,Dormant
A211049,C108501,Savings,154441.94,5.35,Active
A211050,C108502,Savings,211920.56,3.67,Active
A211051,C108502,Savings,53362.59,3.69,Active
A211052,C108503,Savings,217483.25,4.35,Active
A211053,C108504,Salary,119659.92,4.23,Active
A211054,C108505,Premium,27751.13,5.4,Active
A211055,C108506,Current,198533.58,4.37,Active
A211056,C108506,Salary,256022.88,3.7,Dormant
A211057,C108507,Premium,48168.19,2.86,Dormant
A211058,C108507,Savings,69173.12,2.82,Active
A211059,C108508,Savings,211734.71,4.18,Dormant
A211060,C108508,Savings,270226.85,3.6,Active
A211061,C108509,Savings,107280.78,6.1,Dormant
A211062,C108510,Savings,111211.58,4.74,Active
A211063,C108511,Premium,111582.61,4.48,Active
A211064,C108512,Savings,205375.55,6.16,Active
A211065,C108512,Savings,62540.05,6.08,Active
A211066,C108513,Savings,0.0,3.25,Active
A211067,C108514,Savings,59339.05,4.26,Dormant
A211068,C108514,Salary,99488.61,3.05,Active
A211069,C108515,Salary,48378.13,4.35,Active
A211070,C108516,Savings,47908.64,2.78,Active
A211071,C108517,Savings,5725.65,3.57,Active
A211072,C108518,Savings,16220.01,2.61,Active
A211073,C108518,Savings,196150.74,3.7,Active
A211074,C108519,Savings,372521.72,3.43,Active
A211075,C108519,Current,64580.35,2.56,Active
A211076,C108520,Premium,28372.64,2.54,Dormant
A211077,C108521,Salary,208636.42,6.24,Active
A211078,C108522,Savings,178626.02,4.48,Active
A211079,C108522,Current,196002.71,5.59,Active
A211080,C108523,Savings,206503.38,6.3,Active
A211081,C108524,Salary,124529.79,2.54,Dormant
A211082,C108525,Savings,188681.24,2.59,Dormant
A211083,C108526,Salary,259066.66,6.42,Dormant
A211084,C108527,Current,191436.79,3.65,Dormant
A211085,C108528,Current,264637.22,2.81,Active
A211086,C108529,Savings,289637.21,2.82,Active
A211087,C108529,Savings,209386.87,4.94,Active
A211088,C108530,Savings,121705.19,3.88,Active
A211089,C108530,Salary,271398.83,4.43,Dormant
A211090,C108531,Salary,141194.85,4.87,Active
A211091,C108532,Savings,134789.98,4.22,Active
A211092,C108532,Salary,1824.91,4.1,Active
A211093,C108533,Premium,16609.91,5.34,Active
A211094,C108533,Savings,23641.68,3.3,Active
A211095,C108534,Savings,53937.28,3.73,Active
A211096,C108535,Salary,247942.37,5.89,Active
A211097,C108535,Savings,89216.59,2.72,Active
A211098,C108536,Savings,157379.37,4.41,Active
A211099,C108537,Salary,20327.9,4.76,Active
A211100,C108537,Premium,28346.99,5.56,Active
A211101,C108538,Current,61535.58,5.31,Active
A211102,C108538,Premium,227762.28,5.79,Dormant
A211103,C108539,Premium,17191.37,5.54,Active
A211104,C108540,Salary,49427.11,3.04,Active
A211105,C108541,Savings,38661.56,3.26,Active
A211106,C108542,Savings,150115.47,5.16,Active
A211107,C108543,Salary,73169.01,6.02,Active
A211108,C108544,Premium,106819.65,6.09,Active
A211109,C108545,Savings,263322.73,4.98,Active
A211110,C108545,Premium,304859.83,5.0,Active
A211111,C108546,Savings,44984.14,3.01,Active
A211112,C108547,Savings,82497.21,5.89,Active
A211113,C108548,Savings,31209.23,4.61,Active
A211114,C108548,Salary,271656.83,3.5,Dormant
A211115,C108549,Salary,157372.33,4.63,Active
A211116,C108549,Savings,228129.81,4.9,Active
A211117,C108550,Savings,828.53,5.14,Active
A211118,C108550,Savings,24116.06,6.32,Active
A211119,C108551,Savings,40025.17,4.53,Active
A211120,C108551,Current,181209.58,4.9,Active
A211121,C108552,Premium,141940.19,6.43,Active
A211122,C108553,Salary,145106.39,2.55,Active
A211123,C108554,Savings,11467.63,2.72,Dormant
A211124,C108555,Premium,135166.26,5.79,Active
A211125,C108556,Savings,341901.83,4.81,Dormant
A211126,C108557,Current,76630.37,4.24,Active
A211127,C108557,Current,19514.12,4.23,Active
A211128,C108558,Salary,18901.73,5.02,Active
A211129,C108559,Salary,82693.41,5.03,Dormant
A211130,C108560,Savings,140853.2,6.18,Active
A211131,C108561,Savings,46146.14,4.93,Active
A211132,C108562,Savings,199286.61,5.38,Active
A211133,C108562,Premium,150752.45,5.5,Active
A211134,C108563,Savings,283486.74,4.67,Active
A211135,C108563,Current,150027.66,4.21,Active
A211136,C108564,Premium,253877.96,5.04,Dormant
A211137,C108565,Savings,384766.05,4.38,Dormant
A211138,C108566,Current,150928.86,6.31,Active
A211139,C108567,Salary,68840.22,5.28,Active
A211140,C108568,Savings,198862.28,4.72,Dormant
A211141,C108569,Savings,16609.13,2.55,Active
A211142,C108569,Current,25014.97,3.79,Active
A211143,C108570,Savings,237438.6,6.16,Dormant
A211144,C108571,Premium,118924.78,2.92,Active
A211145,C108572,Premium,17493.36,4.21,Dormant
A211146,C108573,Savings,334372.28,5.21,Active
A211147,C108574,Salary,216365.9,4.03,Dormant
A211148,C108575,Salary,159327.95,3.22,Active
A211149,C108576,Salary,82751.33,3.55,Active
A211150,C108577,Savings,163229.52,4.21,Active
A211151,C108577,Premium,211490.47,5.58,Active
A211152,C108578,Savings,99830.92,5.54,Active
A211153,C108578,Savings,82585.8,4.31,Active
A211154,C108579,Savings,223090.21,5.45,Dormant
A211155,C108579,Salary,111222.95,2.84,Active
A211156,C108580,Salary,179057.33,6.44,Active
A211157,C108581,Current,104751.58,2.53,Active
A211158,C108582,Savings,123150.29,3.98,Active
A211159,C108583,Salary,164018.79,5.49,Dormant
A211160,C108584,Savings,277833.81,5.3,Dormant
A211161,C108585,Savings,36637.11,5.64,Dormant
A211162,C108585,Savings,111908.63,3.85,Active
A211163,C108586,Premium,293220.15,4.13,Active
A211164,C108587,Savings,84948.07,3.65,Active
A211165,C108588,Savings,452527.49,3.74,Active
A211166,C108588,Current,178070.71,2.68,Active
A211167,C108589,Salary,87612.16,2.97,Active
A211168,C108589,Salary,83853.25,2.77,Active
A211169,C108590,Savings,218832.74,3.39,Active
A211170,C108590,Savings,160953.33,4.37,Active
A211171,C108591,Savings,478806.6,3.92,Dormant
A211172,C108592,Current,270335.66,2.71,Active
A211173,C108593,Premium,203782.17,6.12,Active
A211174,C108593,Savings,98117.25,2.72,Active
A211175,C108594,Salary,46164.87,6.01,Dormant
A211176,C108595,Salary,144758.45,5.89,Active
A211177,C108596,Salary,102451.14,3.86,Active
A211178,C108597,Salary,181931.42,5.04,Active
A211179,C108598,Savings,133290.61,3.76,Active
A211180,C108599,Salary,227386.61,6.19,Dormant
A211181,C108600,Savings,153446.6,6.08,Active
A211182,C108600,Savings,371528.66,3.79,Active
A211183,C108601,Premium,99279.79,4.77,Dormant
A211184,C108602,Salary,231435.83,5.6,Active
A211185,C108603,Savings,223211.71,3.91,Active
A211186,C108604,Salary,98376.25,6.06,Active
A211187,C108605,Current,385301.77,4.74,Active
A211188,C108605,Savings,53674.86,4.2,Active
A211189,C108606,Savings,263345.04,3.67,Active
A211190,C108607,Savings,119526.2,4.63,Active
A211191,C108608,Premium,172111.08,5.42,Active
A211192,C108608,Current,124906.38,3.9,Active
A211193,C108609,Premium,273636.11,3.36,Dormant
A211194,C108610,Savings,46738.98,2.64,Dormant
A211195,C108611,Salary,126196.35,5.18,Active
A211196,C108612,Savings,213029.58,6.45,Active
A211197,C108613,Current,59076.56,6.43,Active
A211198,C108614,Savings,3284.89,6.27,Dormant
A211199,C108615,Savings,72365.22,6.39,Dormant
A211200,C108616,Salary,217948.12,6.14,Active
A211201,C108617,Savings,46421.15,3.46,Active
A211202,C108617,Savings,60602.62,3.28,Active
A211203,C108618,Savings,124177.77,4.63,Active
A211204,C108618,Salary,57836.04,4.24,Dormant
A211205,C108619,Premium,189258.36,2.64,Active
A211206,C108620,Savings,49713.02,3.33,Active
A211207,C108620,Savings,67242.76,6.45,Active
A211208,C108621,Savings,312002.5,2.8,Active
A211209,C108622,Savings,214990.35,3.58,Active
A211210,C108623,Salary,169248.34,5.71,Dormant
A211211,C108624,Current,32209.09,3.19,Active
A211212,C108625,Savings,384312.89,2.57,Active
A211213,C108626,Savings,49165.73,6.31,Active
A211214,C108626,Premium,255195.71,3.51,Active
A211215,C108627,Savings,132538.67,2.54,Active
A211216,C108627,Savings,115658.31,3.55,Active
A211217,C108628,Premium,26235.72,3.51,Dormant
A211218,C108628,Savings,22836.65,3.28,Active
A211219,C108629,Premium,292383.25,5.27,Active
A211220,C108630,Current,49048.0,6.05,Dormant
A211221,C108631,Savings,81726.91,5.8,Dormant
A211222,C108632,Savings,57477.97,3.37,Active
A211223,C108633,Savings,316457.51,2.73,Active
A211224,C108633,Salary,234718.77,5.38,Dormant
A211225,C108634,Savings,103164.19,3.86,Active
A211226,C108635,Savings,207727.12,4.73,Dormant
A211227,C108635,Savings,244903.87,3.47,Active
A211228,C108636,Salary,160658.09,5.57,Active
A211229,C108636,Salary,223533.46,2.81,Active
A211230,C108637,Savings,195503.93,2.97,Dormant
A211231,C108638,Savings,34191.66,4.47,Dormant
A211232,C108639,Premium,88160.3,6.35,Dormant
A211233,C108640,Savings,129154.38,6.03,Active
A211234,C108641,Salary,255512.29,3.9,Active
A211235,C108641,Savings,388868.24,4.01,Active
A211236,C108642,Savings,158933.32,2.65,Active
A211237,C108643,Current,265656.31,4.14,Active
A211238,C108644,Savings,32422.52,5.63,Active
A211239,C108644,Savings,40120.53,6.19,Active
A211240,C108645,Salary,67981.32,2.64,Active
A211241,C108646,Savings,212546.01,2.78,Active
A211242,C108647,Salary,108272.63,4.13,Dormant
A211243,C108648,Salary,108639.0,3.71,Active
A211244,C108649,Savings,229160.29,5.27,Active
A211245,C108649,Savings,49060.71,5.88,Active
A211246,C108650,Savings,94292.51,5.85,Active
A211247,C108651,Salary,397042.96,3.73,Active
A211248,C108652,Salary,213386.68,6.33,Active
A211249,C108653,Premium,241188.98,2.69,Active
A211250,C108654,Savings,36118.39,2.97,Active
A211251,C108655,Savings,199951.18,4.64,Active
A211252,C108656,Current,84821.94,2.93,Active
A211253,C108657,Premium,279295.57,4.52,Dormant
A211254,C108657,Salary,72843.06,4.11,Dormant
A211255,C108658,Savings,179062.1,3.4,Active
A211256,C108659,Current,202600.81,4.5,Active
A211257,C108660,Savings,411396.08,2.73,Active
A211258,C108661,Current,97790.81,5.15,Dormant
A211259,C108661,Savings,68905.31,6.08,Active
A211260,C108662,Savings,0.0,3.54,Active
A211261,C108663,Savings,279971.42,3.93,Dormant
A211262,C108664,Savings,198646.06,3.76,Active
A211263,C108665,Savings,63857.75,2.66,Active
A211264,C108666,Current,221925.3,2.78,Active
A211265,C108667,Savings,26292.79,4.17,Active
A211266,C108668,Current,134281.88,3.3,Active
A211267,C108669,Current,177248.65,4.71,Active
A211268,C108670,Savings,19021.65,3.63,Active
A211269,C108671,Savings,24273.09,3.98,Active
A211270,C108672,Salary,262135.12,4.03,Active
A211271,C108672,Savings,130420.51,2.58,Active
A211272,C108673,Savings,26855.74,6.27,Active
A211273,C108674,Salary,62026.63,3.92,Dormant
A211274,C108674,Salary,431087.63,5.5,Active
A211275,C108675,Salary,118330.83,2.64,Active
A211276,C108676,Premium,208282.56,4.67,Active
A211277,C108677,Savings,37014.93,4.74,Active
A211278,C108678,Salary,7362.91,4.31,Dormant
A211279,C108679,Premium,36118.2,2.62,Active
A211280,C108680,Savings,169244.52,4.58,Dormant
A211281,C108681,Current,217726.21,6.05,Active
A211282,C108682,Salary,183005.11,5.33,Active
A211283,C108683,Current,45040.21,5.88,Dormant
A211284,C108684,Current,124998.49,4.57,Active
A211285,C108685,Salary,111654.83,3.64,Active
A211286,C108686,Savings,455866.2,5.27,Dormant
A211287,C108687,Savings,128835.06,5.65,Active
A211288,C108688,Savings,86111.8,3.18,Active
A211289,C108689,Salary,299098.42,5.46,Active
A211290,C108689,Premium,207533.39,5.57,Active
A211291,C108690,Savings,261455.28,5.18,Active
A211292,C108690,Savings,83781.63,6.37,Active
A211293,C108691,Savings,40358.39,6.09,Active
A211294,C108692,Salary,78993.11,3.59,Active
A211295,C108692,Salary,60638.38,4.37,Dormant
A211296,C108693,Salary,54673.01,4.94,Dormant
A211297,C108693,Savings,81986.62,6.11,Dormant
A211298,C108694,Savings,73486.16,2.96,Active
A211299,C108695,Savings,314261.75,6.29,Dormant
A211300,C108696,Premium,410751.67,3.6,Active
A211301,C108697,Savings,161451.63,5.83,Active
A211302,C108697,Savings,156763.46,2.83,Dormant
A211303,C108698,Premium,132496.41,3.04,Active
A211304,C108698,Savings,245648.05,3.56,Active
A211305,C108699,Salary,67622.4,4.59,Dormant
A211306,C108700,Savings,68479.07,5.88,Active
A211307,C108701,Savings,134577.4,4.57,Active
A211308,C108701,Savings,5431.96,3.54,Dormant
A211309,C108702,Savings,40560.34,5.27,Dormant
A211310,C108702,Current,199938.2,5.89,Active
A211311,C108703,Salary,155268.22,2.68,Active
A211312,C108704,Salary,46036.69,4.02,Active
A211313,C108705,Savings,81932.53,5.78,Active
A211314,C108705,Premium,106614.73,6.42,Active
A211315,C108706,Salary,110001.13,3.06,Active
A211316,C108707,Savings,77090.45,3.69,Dormant
A211317,C108708,Salary,34651.06,5.24,Active
A211318,C108708,Savings,25172.21,5.36,Active
A211319,C108709,Savings,106973.5,5.76,Dormant
A211320,C108709,Savings,95492.84,6.35,Active
A211321,C108710,Savings,214034.87,5.91,Active
A211322,C108710,Current,126782.89,6.23,Dormant
A211323,C108711,Savings,70552.91,6.45,Active
A211324,C108712,Savings,144181.45,3.71,Active
A211325,C108713,Savings,350460.35,4.06,Active
A211326,C108713,Savings,336420.64,6.26,Active
A211327,C108714,Savings,15243.17,3.02,Dormant
A211328,C108715,Savings,268392.2,3.16,Active
A211329,C108715,Savings,305458.02,4.49,Dormant
A211330,C108716,Savings,74190.03,3.5,Active
A211331,C108717,Savings,206767.75,3.9,Dormant
A211332,C108718,Savings,207241.0,3.72,Dormant
A211333,C108719,Salary,177773.31,2.86,Active
A211334,C108720,Savings,248006.23,2.87,Active
A211335,C108721,Salary,173948.39,3.58,Dormant
A211336,C108721,Savings,183233.55,4.77,Active
A211337,C108722,Savings,243132.52,4.78,Active
A211338,C108723,Savings,126551.07,2.82,Active
A211339,C108724,Salary,127544.94,4.75,Dormant
A211340,C108725,Current,95946.83,5.44,Active
A211341,C108725,Savings,92740.14,2.87,Dormant
A211342,C108726,Savings,75248.9,3.09,Active
A211343,C108727,Savings,166634.86,3.93,Active
A211344,C108728,Current,84800.73,5.3,Active
A211345,C108728,Savings,238844.32,6.32,Active
A211346,C108729,Salary,39614.43,3.81,Dormant
A211347,C108730,Savings,65912.71,2.88,Active
A211348,C108731,Savings,215633.22,3.7,Active
A211349,C108731,Salary,140853.71,5.95,Active
A211350,C108732,Savings,342673.99,4.51,Active
A211351,C108733,Savings,35023.08,6.22,Dormant
A211352,C108733,Salary,101593.62,3.58,Dormant
A211353,C108734,Savings,125991.74,5.09,Active
A211354,C108734,Savings,231074.81,5.28,Active
A211355,C108735,Salary,219548.86,4.33,Active
A211356,C108736,Savings,61100.97,3.28,Active
A211357,C108737,Savings,53867.52,5.85,Dormant
A211358,C108737,Savings,67671.14,2.98,Active
A211359,C108738,Salary,62301.56,4.75,Active
A211360,C108739,Current,114181.49,4.24,Active
A211361,C108739,Savings,103861.36,4.35,Dormant
A211362,C108740,Salary,102219.34,2.56,Active
A211363,C108740,Salary,112291.15,5.26,Dormant
A211364,C108741,Savings,413276.94,4.39,Active
A211365,C108741,Savings,159223.16,4.2,Active
A211366,C108742,Salary,183936.31,6.26,Dormant
A211367,C108743,Premium,157264.3,6.24,Active
A211368,C108744,Savings,238818.83,3.56,Active
A211369,C108744,Savings,264807.13,4.74,Active
A211370,C108745,Savings,50108.13,2.85,Active
A211371,C108746,Savings,21331.83,3.28,Active
A211372,C108747,Salary,342802.47,3.52,Active
A211373,C108747,Savings,294486.42,3.41,Active
A211374,C108748,Salary,107378.48,5.31,Dormant
A211375,C108749,Savings,170104.36,4.51,Dormant
A211376,C108749,Salary,90152.0,5.36,Active
A211377,C108750,Savings,131061.85,6.35,Active
A211378,C108751,Savings,294321.9,6.28,Active
A211379,C108752,Savings,34290.12,6.29,Active
A211380,C108753,Savings,362120.62,3.44,Active
A211381,C108753,Current,457944.11,2.97,Dormant
A211382,C108754,Savings,249102.52,5.4,Active
A211383,C108755,Savings,12267.42,4.99,Active
A211384,C108756,Savings,60117.06,5.5,Active
A211385,C108757,Savings,285010.52,4.81,Active
A211386,C108757,Savings,248305.69,2.68,Dormant
A211387,C108758,Salary,171954.62,5.31,Active
A211388,C108758,Salary,204434.46,4.03,Active
A211389,C108759,Premium,65595.9,3.77,Active
A211390,C108759,Savings,110094.58,6.14,Active
A211391,C108760,Premium,155423.62,2.95,Active
A211392,C108760,Premium,106419.9,2.88,Active
A211393,C108761,Premium,40934.25,4.16,Active
A211394,C108761,Salary,142665.51,5.83,Dormant
A211395,C108762,Salary,189026.96,3.64,Active
A211396,C108763,Savings,57195.88,3.65,Active
A211397,C108764,Savings,46861.7,3.26,Active
A211398,C108765,Premium,232079.08,2.59,Active
A211399,C108765,Savings,324916.57,5.56,Dormant
A211400,C108766,Savings,107821.43,5.82,Active
A211401,C108767,Savings,268282.91,3.07,Dormant
A211402,C108768,Savings,329.21,3.39,Active
A211403,C108769,Salary,144405.39,4.27,Dormant
A211404,C108769,Savings,170594.47,3.74,Active
A211405,C108770,Current,33938.66,2.92,Active
A211406,C108770,Savings,69980.96,4.88,Active
A211407,C108771,Salary,306803.68,4.39,Dormant
A211408,C108772,Savings,153844.02,4.37,Active
A211409,C108772,Savings,79558.77,5.42,Dormant
A211410,C108773,Savings,26805.66,3.53,Active
A211411,C108774,Salary,19570.7,4.85,Active
A211412,C108775,Savings,228509.5,2.96,Active
A211413,C108776,Savings,128116.82,4.26,Dormant
A211414,C108777,Salary,267945.15,6.49,Dormant
A211415,C108778,Savings,199731.19,3.39,Dormant
A211416,C108779,Savings,158188.33,5.08,Active
A211417,C108780,Savings,190291.45,3.79,Active
A211418,C108780,Salary,288527.1,3.31,Active
A211419,C108781,Savings,64955.29,6.39,Dormant
A211420,C108782,Savings,199753.37,4.0,Active
A211421,C108782,Savings,245164.65,3.86,Active
A211422,C108783,Savings,136637.67,6.37,Active
A211423,C108784,Savings,208182.02,6.42,Dormant
A211424,C108785,Savings,101891.4,2.77,Active
A211425,C108786,Salary,287945.77,4.49,Active
A211426,C108786,Savings,134094.73,2.89,Dormant
A211427,C108787,Salary,54217.76,2.98,Active
A211428,C108788,Salary,157704.93,2.75,Active
A211429,C108789,Salary,229497.59,5.32,Active
A211430,C108789,Current,176155.52,5.27,Active
A211431,C108790,Savings,291588.86,5.14,Active
A211432,C108790,Salary,145151.21,3.13,Active
A211433,C108791,Current,37899.03,3.8,Active
A211434,C108792,Premium,68589.38,5.29,Dormant
A211435,C108793,Current,61447.02,2.51,Active
A211436,C108794,Premium,26214.09,4.38,Active
A211437,C108795,Salary,178739.54,6.33,Active
A211438,C108796,Savings,333970.98,6.15,Dormant
A211439,C108797,Salary,93421.32,5.26,Active
A211440,C108798,Savings,92720.59,4.89,Active
A211441,C108799,Savings,84073.05,6.34,Active
A211442,C108800,Savings,70740.47,3.76,Active
A211443,C108801,Current,45227.13,6.43,Active
A211444,C108802,Current,176852.22,6.2,Dormant
A211445,C108803,Savings,394306.88,3.12,Dormant
A211446,C108804,Current,154562.36,5.54,Active
A211447,C108805,Savings,145485.48,6.46,Active
A211448,C108806,Savings,107619.04,6.02,Active
A211449,C108807,Salary,185716.92,3.34,Active
A211450,C108808,Salary,29679.5,5.88,Active
A211451,C108809,Current,78105.54,5.59,Active
A211452,C108810,Savings,203882.21,5.41,Active
A211453,C108811,Premium,109033.78,6.36,Active
A211454,C108812,Savings,123988.08,4.09,Active
A211455,C108812,Salary,81181.69,4.57,Active
A211456,C108813,Premium,309201.38,4.66,Active
A211457,C108813,Savings,208080.61,6.1,Active
A211458,C108814,Salary,155846.32,5.16,Active
A211459,C108814,Current,374509.65,3.38,Active
A211460,C108815,Salary,195497.49,4.19,Active
A211461,C108816,Premium,137866.44,4.01,Active
A211462,C108817,Savings,326420.98,3.82,Active
A211463,C108818,Savings,32549.48,2.84,Active
A211464,C108819,Savings,72964.59,4.17,Active
A211465,C108819,Savings,20996.43,4.5,Active
A211466,C108820,Salary,86004.98,5.13,Active
A211467,C108821,Savings,48678.64,3.59,Active
A211468,C108821,Salary,35676.39,3.24,Active
A211469,C108822,Salary,251353.8,6.15,Active
A211470,C108822,Savings,159612.73,4.36,Dormant
A211471,C108823,Salary,31701.81,4.61,Active
A211472,C108824,Salary,372604.74,3.07,Active
A211473,C108825,Savings,67120.32,6.05,Active
A211474,C108826,Salary,123824.24,5.12,Active
A211475,C108827,Premium,114974.06,3.98,Active
A211476,C108827,Savings,382271.98,2.75,Active
A211477,C108828,Savings,212760.9,3.94,Dormant
A211478,C108829,Savings,111591.91,4.5,Active
A211479,C108829,Salary,240821.99,3.62,Dormant
A211480,C108830,Savings,136834.76,4.77,Dormant
A211481,C108830,Savings,222066.39,6.15,Dormant
A211482,C108831,Premium,212636.44,2.82,Active
A211483,C108831,Salary,304699.77,4.56,Dormant
A211484,C108832,Savings,129906.62,3.78,Active
A211485,C108833,Savings,60542.14,2.54,Active
A211486,C108834,Savings,88093.66,6.12,Active
A211487,C108834,Savings,198577.96,4.88,Active
A211488,C108835,Salary,22620.96,5.86,Active
A211489,C108835,Savings,113885.35,2.87,Active
A211490,C108836,Salary,104003.87,4.69,Dormant
A211491,C108837,Salary,190215.58,6.01,Active
A211492,C108837,Savings,221110.39,3.85,Dormant
A211493,C108838,Savings,58078.59,5.92,Active
A211494,C108839,Premium,339292.31,5.18,Dormant
A211495,C108840,Savings,247828.84,5.48,Dormant
A211496,C108840,Salary,214597.41,2.6,Active
A211497,C108841,Savings,204617.81,2.91,Active
A211498,C108841,Salary,362858.59,3.08,Active
A211499,C108842,Savings,180586.54,5.18,Dormant
A211500,C108843,Savings,179302.29,6.17,Active
A211501,C108844,Current,103498.97,3.96,Dormant
A211502,C108845,Salary,76830.54,5.55,Active
A211503,C108846,Savings,249078.66,2.82,Active
A211504,C108847,Savings,177777.67,5.6,Active
A211505,C108847,Salary,88543.75,3.38,Active
A211506,C108848,Premium,40452.23,4.66,Active
A211507,C108848,Savings,13503.33,6.12,Active
A211508,C108849,Savings,44177.87,3.84,Active
A211509,C108850,Premium,101292.82,3.41,Active
A211510,C108851,Salary,117965.74,5.66,Active
A211511,C108852,Savings,197609.95,6.05,Active
A211512,C108853,Current,111969.9,5.2,Dormant
A211513,C108853,Savings,70682.23,4.65,Active
A211514,C108854,Salary,95795.68,2.83,Dormant
A211515,C108855,Savings,117550.34,3.57,Active
A211516,C108855,Savings,200353.44,6.48,Active
A211517,C108856,Savings,50505.68,3.28,Dormant
A211518,C108857,Savings,153980.84,5.4,Active
A211519,C108858,Salary,74445.35,6.38,Dormant
A211520,C108859,Savings,44004.39,5.73,Active
A211521,C108860,Current,228877.38,4.88,Active
A211522,C108861,Savings,105464.3,3.72,Active
A211523,C108862,Savings,244843.41,5.54,Active
A211524,C108863,Savings,119579.98,5.94,Active
A211525,C108864,Salary,122397.32,3.13,Active
A211526,C108864,Savings,0.0,2.71,Active
A211527,C108865,Savings,137949.86,6.32,Dormant
A211528,C108866,Current,151045.68,6.31,Active
A211529,C108867,Savings,145580.19,3.32,Active
A211530,C108867,Savings,33068.36,5.07,Active
A211531,C108868,Savings,201978.13,5.12,Active
A211532,C108868,Premium,50627.53,6.48,Dormant
A211533,C108869,Savings,57436.91,5.67,Active
A211534,C108870,Savings,409857.83,6.03,Active
A211535,C108871,Savings,224351.23,2.97,Dormant
A211536,C108872,Current,42592.82,6.13,Active
A211537,C108873,Savings,74366.51,5.36,Dormant
A211538,C108874,Salary,68784.72,4.86,Active
A211539,C108875,Savings,118447.11,3.66,Active
A211540,C108876,Savings,84096.66,3.56,Active
A211541,C108877,Current,41822.78,2.54,Active
A211542,C108878,Salary,42573.52,5.92,Active
A211543,C108878,Savings,53001.21,3.38,Active
A211544,C108879,Premium,75559.29,4.67,Active
A211545,C108880,Salary,65543.21,2.63,Active
A211546,C108881,Savings,176898.21,4.89,Active
A211547,C108882,Savings,199023.1,4.91,Active
A211548,C108882,Savings,327491.27,5.35,Active
A211549,C108883,Premium,192261.25,3.12,Active
A211550,C108883,Premium,51687.01,6.04,Active
A211551,C108884,Savings,28278.49,6.44,Active
A211552,C108885,Savings,71648.94,3.12,Active
A211553,C108886,Savings,78428.08,4.87,Dormant
A211554,C108886,Savings,88485.91,3.02,Active
A211555,C108887,Savings,62894.23,3.36,Active
A211556,C108888,Savings,179793.94,5.92,Active
A211557,C108888,Savings,77722.04,4.55,Dormant
A211558,C108889,Salary,114697.2,3.63,Active
A211559,C108890,Savings,55204.0,3.69,Active
A211560,C108891,Current,38930.07,5.16,Active
A211561,C108892,Savings,39146.84,3.36,Active
A211562,C108893,Savings,180525.37,4.29,Active
A211563,C108893,Salary,121169.24,5.85,Active
A211564,C108894,Savings,95227.8,2.67,Active
A211565,C108895,Salary,176217.04,6.26,Dormant
A211566,C108896,Salary,60117.08,3.49,Dormant
A211567,C108897,Savings,104006.31,3.82,Active
A211568,C108898,Savings,82032.79,4.77,Active
A211569,C108899,Salary,60902.61,5.6,Active
A211570,C108900,Savings,0.0,3.1,Active
A211571,C108901,Savings,44336.16,6.34,Active
A211572,C108901,Savings,402064.97,5.86,Active
A211573,C108902,Savings,150844.79,2.67,Active
A211574,C108903,Savings,68012.68,3.81,Active
A211575,C108903,Savings,272477.84,4.59,Active
A211576,C108904,Premium,217516.0,3.48,Active
A211577,C108904,Savings,8707.81,6.39,Active
A211578,C108905,Savings,69451.07,3.46,Dormant
A211579,C108905,Salary,24974.93,2.97,Active
A211580,C108906,Savings,48572.2,4.43,Active
A211581,C108906,Current,140025.26,4.17,Active
A211582,C108907,Savings,531222.81,4.73,Active
A211583,C108908,Savings,72443.58,4.33,Active
A211584,C108909,Salary,159155.01,2.9,Dormant
A211585,C108910,Savings,410440.29,3.66,Active
A211586,C108911,Current,195602.65,6.3,Dormant
A211587,C108911,Savings,55143.12,3.2,Active
A211588,C108912,Savings,18675.46,3.15,Active
A211589,C108912,Savings,14223.99,6.45,Active
A211590,C108913,Current,350417.44,5.17,Active
A211591,C108913,Savings,231897.42,4.42,Active
A211592,C108914,Current,72128.96,3.11,Active
A211593,C108915,Savings,168791.42,3.57,Active
A211594,C108915,Savings,240758.29,6.3,Active
A211595,C108916,Savings,199150.93,4.94,Active
A211596,C108917,Salary,214252.27,5.17,Active
A211597,C108918,Savings,207233.82,6.46,Active
A211598,C108919,Savings,95523.97,5.55,Active
A211599,C108919,Current,94220.66,2.53,Active
A211600,C108920,Savings,56690.62,5.99,Active
A211601,C108921,Premium,323987.71,6.37,Active
A211602,C108921,Savings,340839.9,4.91,Dormant
A211603,C108922,Savings,7377.56,3.87,Active
A211604,C108922,Savings,208572.43,4.04,Active
A211605,C108923,Salary,41488.34,5.3,Active
A211606,C108924,Savings,366171.85,3.28,Active
A211607,C108924,Savings,204090.77,3.4,Active
A211608,C108925,Savings,116384.49,6.22,Dormant
A211609,C108926,Salary,330521.53,4.95,Active
A211610,C108927,Savings,136168.19,5.44,Dormant
A211611,C108927,Savings,69542.03,6.19,Active
A211612,C108928,Savings,532124.95,5.75,Active
A211613,C108929,Current,72462.81,4.36,Active
A211614,C108930,Premium,199153.9,5.76,Active
A211615,C108930,Savings,129140.64,5.37,Active
A211616,C108931,Savings,70114.88,5.24,Active
A211617,C108931,Savings,76315.76,3.37,Dormant
A211618,C108932,Savings,249311.19,4.87,Dormant
A211619,C108933,Savings,176131.9,3.1,Active
A211620,C108934,Current,19204.69,6.26,Active
A211621,C108934,Savings,10755.51,3.93,Dormant
A211622,C108935,Savings,201039.35,3.09,Active
A211623,C108936,Savings,74162.21,5.09,Active
A211624,C108937,Current,31782.77,5.16,Dormant
A211625,C108938,Salary,295721.03,3.4,Dormant
A211626,C108939,Salary,27260.42,4.78,Active
A211627,C108940,Savings,71583.4,5.74,Active
A211628,C108941,Savings,120197.46,3.75,Active
A211629,C108941,Savings,275815.31,4.93,Active
A211630,C108942,Salary,316195.44,4.8,Dormant
A211631,C108943,Premium,340071.28,6.07,Active
A211632,C108944,Salary,120355.06,5.37,Active
A211633,C108945,Savings,271325.55,4.39,Active
A211634,C108945,Savings,222337.16,5.14,Active
A211635,C108946,Savings,145239.38,3.19,Active
A211636,C108947,Salary,117921.2,4.24,Active
A211637,C108948,Savings,66056.57,5.57,Dormant
A211638,C108948,Savings,124100.59,6.11,Dormant
A211639,C108949,Savings,153849.95,5.11,Dormant
A211640,C108950,Savings,25789.47,2.52,Active
A211641,C108951,Premium,93674.97,3.17,Dormant
A211642,C108952,Salary,22918.11,3.01,Active
A211643,C108953,Savings,181007.57,3.11,Active
A211644,C108954,Premium,116720.78,3.89,Active
A211645,C108954,Savings,84405.28,4.08,Active
A211646,C108955,Savings,173349.1,3.68,Dormant
A211647,C108956,Savings,82703.49,5.42,Active
A211648,C108956,Current,20561.64,5.75,Dormant
A211649,C108957,Salary,265072.22,3.54,Active
A211650,C108957,Salary,329577.9,6.33,Dormant
A211651,C108958,Current,57053.66,3.38,Active
A211652,C108959,Premium,116193.37,5.02,Active
A211653,C108960,Salary,27150.59,5.85,Active
A211654,C108961,Savings,274053.88,3.9,Active
A211655,C108961,Savings,67980.76,3.43,Active
A211656,C108962,Savings,46663.05,4.77,Active
A211657,C108963,Savings,85126.12,4.3,Active
A211658,C108964,Savings,105156.32,3.4,Active
A211659,C108965,Savings,63619.38,3.49,Active
A211660,C108966,Salary,139073.73,4.3,Active
A211661,C108967,Salary,152008.99,5.38,Active
A211662,C108968,Premium,215251.75,4.99,Active
A211663,C108969,Savings,242597.51,3.56,Active
A211664,C108969,Salary,225571.72,4.4,Active
A211665,C108970,Salary,167511.44,5.24,Active
A211666,C108971,Current,53577.96,3.57,Dormant
A211667,C108971,Salary,216607.33,3.25,Active
A211668,C108972,Savings,131290.18,4.33,Dormant
A211669,C108973,Salary,250462.19,6.17,Active
A211670,C108974,Savings,199963.48,5.71,Dormant
A211671,C108975,Salary,85910.5,4.88,Active
A211672,C108975,Premium,62683.03,4.14,Dormant
A211673,C108976,Savings,113896.14,2.5,Active
A211674,C108976,Savings,174097.4,5.42,Active
A211675,C108977,Salary,28247.51,3.46,Dormant
A211676,C108978,Savings,60411.54,4.88,Active
A211677,C108979,Savings,33868.13,5.63,Active
A211678,C108980,Current,241753.57,5.46,Active
A211679,C108981,Current,94481.21,3.53,Active
A211680,C108982,Current,92021.59,3.44,Active
A211681,C108982,Salary,225240.9,6.17,Active
A211682,C108983,Savings,134826.13,2.88,Dormant
A211683,C108984,Salary,41116.45,4.25,Active
A211684,C108985,Premium,118192.02,5.76,Active
A211685,C108986,Savings,120540.59,3.99,Active
A211686,C108987,Savings,99488.39,4.59,Active
A211687,C108988,Savings,105183.72,2.52,Active
A211688,C108988,Salary,46191.87,4.5,Dormant
A211689,C108989,Salary,117782.22,5.94,Dormant
A211690,C108990,Salary,148739.75,3.46,Active
A211691,C108991,Savings,324541.7,3.61,Active
A211692,C108992,Premium,87869.98,6.08,Active
A211693,C108993,Premium,229304.16,3.26,Active
A211694,C108994,Savings,203321.96,2.68,Active
A211695,C108994,Current,141432.34,3.36,Active
A211696,C108995,Salary,161325.31,5.25,Active
A211697,C108996,Current,85427.0,4.98,Active
A211698,C108997,Savings,30194.15,5.25,Dormant
A211699,C108998,Salary,154753.91,5.68,Active
A211700,C108999,Premium,227647.31,2.7,Dormant
A211701,C109000,Savings,182750.89,3.12,Active
A211702,C109001,Savings,76836.66,6.38,Active
A211703,C109002,Savings,137866.36,2.9,Dormant
A211704,C109002,Savings,123864.87,4.09,Active
A211705,C109003,Savings,149347.71,4.67,Active
A211706,C109003,Premium,246378.83,2.7,Active
A211707,C109004,Salary,19883.79,5.69,Active
A211708,C109005,Salary,89482.36,3.37,Active
A211709,C109006,Salary,16493.39,3.07,Active
A211710,C109006,Savings,49129.09,6.0,Active
A211711,C109007,Savings,58611.8,4.48,Active
A211712,C109008,Savings,62796.5,5.74,Active
A211713,C109009,Savings,116964.16,5.39,Active
A211714,C109009,Savings,138446.85,2.81,Active
A211715,C109010,Premium,41981.88,4.34,Active
A211716,C109011,Savings,123141.56,4.38,Active
A211717,C109012,Savings,69308.77,3.62,Active
A211718,C109012,Savings,60423.7,5.27,Dormant
A211719,C109013,Savings,124091.73,2.97,Active
A211720,C109014,Savings,21496.58,4.22,Active
A211721,C109015,Salary,193602.05,3.3,Active
A211722,C109015,Savings,143810.74,3.85,Active
A211723,C109016,Savings,91096.54,4.43,Active
A211724,C109017,Savings,178077.26,6.2,Active
A211725,C109017,Savings,81236.62,4.06,Active
A211726,C109018,Savings,109161.78,2.87,Active
A211727,C109019,Savings,207706.88,6.07,Dormant
A211728,C109020,Savings,171530.76,6.31,Active
A211729,C109021,Savings,112715.68,5.27,Active
A211730,C109021,Premium,97552.6,4.8,Active
A211731,C109022,Savings,141975.23,2.72,Active
A211732,C109022,Premium,98739.43,4.66,Active
A211733,C109023,Savings,188893.41,5.38,Active
A211734,C109023,Savings,205238.83,3.91,Active
A211735,C109024,Salary,230230.83,3.74,Active
A211736,C109024,Premium,251100.83,4.89,Active
A211737,C109025,Salary,174710.27,2.56,Active
A211738,C109025,Salary,104107.35,2.97,Active
A211739,C109026,Premium,61854.79,3.36,Active
A211740,C109027,Premium,151718.18,6.5,Active
A211741,C109028,Savings,81822.89,4.98,Active
A211742,C109028,Current,15097.93,3.66,Active
A211743,C109029,Savings,111825.63,5.45,Active
A211744,C109029,Premium,59385.02,5.52,Dormant
A211745,C109030,Savings,104900.35,2.56,Active
A211746,C109031,Salary,386311.89,3.64,Dormant
A211747,C109031,Savings,185511.21,6.02,Active
A211748,C109032,Premium,127749.49,5.77,Active
A211749,C109033,Salary,107762.78,6.16,Active
A211750,C109034,Savings,39211.5,3.12,Active
A211751,C109035,Savings,33826.25,3.45,Active
A211752,C109036,Savings,23435.1,2.97,Active
A211753,C109037,Savings,169985.16,5.08,Active
A211754,C109038,Savings,17209.52,2.53,Dormant
A211755,C109038,Salary,165102.15,4.9,Dormant
A211756,C109039,Premium,106302.29,5.95,Active
A211757,C109040,Savings,296668.95,3.35,Active
A211758,C109040,Savings,408134.13,5.2,Active
A211759,C109041,Savings,61210.42,3.18,Active
A211760,C109042,Savings,280333.58,6.22,Active
A211761,C109043,Savings,15593.62,3.1,Active
A211762,C109044,Savings,68541.43,3.58,Active
A211763,C109044,Savings,86116.71,3.64,Active
A211764,C109045,Savings,177640.84,6.19,Active
A211765,C109046,Savings,110172.19,5.29,Active
A211766,C109047,Salary,56532.11,5.81,Active
A211767,C109048,Salary,211444.3,6.14,Dormant
A211768,C109048,Current,63053.27,2.85,Active
A211769,C109049,Savings,72315.41,3.91,Active
A211770,C109050,Savings,208394.01,5.05,Active
A211771,C109051,Salary,66819.21,3.94,Active
A211772,C109052,Savings,113198.21,6.23,Active
A211773,C109053,Savings,44033.55,3.17,Active
A211774,C109054,Savings,354222.55,3.25,Dormant
A211775,C109054,Current,17089.53,3.45,Active
A211776,C109055,Savings,229020.49,3.49,Active
A211777,C109055,Premium,167009.12,6.0,Dormant
A211778,C109056,Salary,81363.85,6.35,Active
A211779,C109056,Savings,103767.23,4.08,Active
A211780,C109057,Savings,27999.01,2.61,Dormant
A211781,C109058,Savings,227300.42,6.27,Active
A211782,C109059,Savings,213707.5,2.74,Active
A211783,C109059,Savings,201871.68,2.99,Active
A211784,C109060,Savings,169268.28,4.05,Active
A211785,C109061,Savings,202145.7,4.44,Dormant
A211786,C109062,Savings,106149.23,2.94,Active
A211787,C109063,Salary,0.0,2.59,Active
A211788,C109064,Savings,243055.51,2.81,Dormant
A211789,C109065,Salary,373595.79,5.34,Dormant
A211790,C109066,Savings,45350.06,3.19,Dormant
A211791,C109067,Savings,273886.32,5.08,Dormant
A211792,C109067,Savings,208802.0,5.89,Dormant
A211793,C109068,Premium,71365.49,3.85,Active
A211794,C109069,Savings,263240.17,4.18,Dormant
A211795,C109069,Salary,378575.63,2.76,Active
A211796,C109070,Savings,150720.24,6.12,Active
A211797,C109071,Savings,233347.38,4.16,Active
A211798,C109071,Salary,210947.63,6.24,Active
A211799,C109072,Premium,123994.65,4.21,Active
A211800,C109073,Salary,60864.66,5.81,Active
A211801,C109074,Salary,208181.66,3.74,Active
A211802,C109074,Savings,307261.54,4.56,Active
A211803,C109075,Savings,125594.84,6.04,Active
A211804,C109076,Salary,102742.24,3.53,Dormant
A211805,C109077,Savings,38824.12,2.97,Active
A211806,C109078,Savings,101111.66,4.81,Dormant
A211807,C109079,Savings,203505.2,3.99,Active
A211808,C109079,Premium,247871.42,4.37,Active
A211809,C109080,Salary,9689.96,5.11,Active
A211810,C109081,Savings,141595.96,5.51,Active
A211811,C109082,Salary,41107.05,4.41,Dormant
A211812,C109083,Current,48687.63,4.5,Active
A211813,C109084,Savings,185404.85,2.97,Dormant
A211814,C109085,Current,138328.11,3.87,Dormant
A211815,C109086,Savings,145907.04,2.56,Active
A211816,C109086,Premium,107989.53,4.26,Active
A211817,C109087,Premium,178105.61,2.76,Active
A211818,C109088,Savings,254866.83,5.48,Dormant
A211819,C109089,Savings,134854.11,2.95,Active
A211820,C109090,Savings,20499.78,6.23,Active
A211821,C109091,Salary,173748.03,2.94,Active
A211822,C109092,Salary,56978.2,5.59,Active
A211823,C109093,Savings,141306.72,5.31,Dormant
A211824,C109093,Salary,131938.5,4.1,Dormant
A211825,C109094,Savings,243181.81,4.87,Dormant
A211826,C109095,Salary,159404.04,5.8,Dormant
A211827,C109096,Savings,53440.29,6.31,Active
A211828,C109097,Premium,237801.11,5.5,Active
A211829,C109098,Savings,8094.84,5.02,Active
A211830,C109099,Savings,126671.49,3.77,Active
A211831,C109099,Current,244842.46,4.63,Active
A211832,C109100,Salary,109685.57,3.98,Active
A211833,C109100,Current,50870.54,3.16,Active
A211834,C109101,Current,142656.26,4.87,Dormant
A211835,C109101,Savings,85120.46,4.53,Active
A211836,C109102,Savings,71373.19,3.91,Active
A211837,C109103,Premium,79671.58,5.45,Dormant
A211838,C109104,Savings,11701.95,2.77,Active
A211839,C109105,Salary,75948.51,3.62,Active
A211840,C109105,Premium,104630.36,2.53,Active
A211841,C109106,Savings,35587.06,3.52,Active
A211842,C109107,Savings,88915.7,3.87,Active
A211843,C109108,Savings,140567.65,5.65,Dormant
A211844,C109109,Salary,92300.05,3.47,Dormant
A211845,C109110,Savings,199173.67,4.12,Active
A211846,C109110,Savings,244720.79,3.16,Active
A211847,C109111,Savings,234964.37,4.62,Active
A211848,C109112,Savings,254783.18,4.06,Active
A211849,C109112,Salary,156144.31,2.94,Dormant
A211850,C109113,Salary,13489.64,5.42,Dormant
A211851,C109114,Salary,42918.22,6.47,Active
A211852,C109115,Salary,71873.24,3.33,Active
A211853,C109116,Current,12857.28,4.77,Active
A211854,C109117,Premium,165780.24,2.88,Active
A211855,C109118,Savings,266758.83,5.07,Dormant
A211856,C109119,Savings,158295.93,3.57,Active
A211857,C109120,Premium,145460.28,4.89,Active
A211858,C109120,Current,135674.12,3.73,Active
A211859,C109121,Premium,190427.73,3.97,Active
A211860,C109122,Savings,187724.11,4.3,Dormant
A211861,C109122,Savings,166814.76,2.58,Active
A211862,C109123,Savings,97496.08,3.7,Active
A211863,C109124,Savings,66452.39,4.79,Active
A211864,C109125,Savings,61120.48,6.44,Active
A211865,C109126,Current,65444.45,4.52,Active
A211866,C109127,Savings,284484.31,3.96,Dormant
A211867,C109128,Savings,5256.4,3.45,Active
A211868,C109129,Savings,198078.46,2.75,Active
A211869,C109130,Savings,13999.47,3.85,Active
A211870,C109131,Savings,183072.67,4.78,Active
A211871,C109131,Current,232640.29,6.36,Active
A211872,C109132,Salary,14305.06,4.79,Active
A211873,C109132,Premium,23056.47,4.52,Dormant
A211874,C109133,Savings,293464.09,3.16,Active
A211875,C109133,Savings,126118.4,6.37,Active
A211876,C109134,Salary,110049.55,4.68,Active
A211877,C109135,Salary,321500.44,4.72,Active
A211878,C109136,Savings,80519.14,5.16,Dormant
A211879,C109137,Savings,105345.62,3.96,Active
A211880,C109137,Salary,145030.54,4.79,Active
A211881,C109138,Savings,104307.0,4.2,Active
A211882,C109138,Savings,250299.2,2.85,Active
A211883,C109139,Salary,56543.65,5.23,Dormant
A211884,C109140,Premium,65171.1,3.51,Active
A211885,C109140,Savings,95067.47,5.33,Dormant
A211886,C109141,Salary,45630.18,3.2,Active
A211887,C109142,Savings,243632.26,4.36,Active
A211888,C109142,Savings,98972.13,3.81,Dormant
A211889,C109143,Premium,11877.58,5.08,Active
A211890,C109143,Premium,102521.66,2.64,Active
A211891,C109144,Savings,138152.57,4.85,Active
A211892,C109145,Savings,87562.3,4.43,Active
A211893,C109146,Savings,327118.77,5.24,Active
A211894,C109147,Savings,52103.92,4.47,Dormant
A211895,C109147,Savings,0.0,5.75,Dormant
A211896,C109148,Current,280916.83,5.43,Active
A211897,C109148,Savings,290616.72,3.62,Active
A211898,C109149,Savings,309737.53,2.83,Active
A211899,C109150,Salary,141234.65,2.73,Active
A211900,C109151,Savings,27755.56,5.87,Active
A211901,C109152,Savings,17589.43,5.13,Active
A211902,C109153,Premium,232334.83,2.8,Active
A211903,C109154,Savings,121037.23,3.58,Active
A211904,C109155,Savings,104830.49,6.1,Active
A211905,C109156,Savings,32276.18,4.09,Active
A211906,C109156,Savings,57957.2,5.94,Active
A211907,C109157,Savings,67737.1,6.33,Dormant
A211908,C109158,Premium,86178.51,6.17,Active
A211909,C109159,Premium,37587.68,4.54,Active
A211910,C109160,Savings,264522.38,4.72,Active
A211911,C109161,Savings,153770.1,2.68,Active
A211912,C109162,Savings,269424.86,3.38,Active
A211913,C109163,Premium,110462.39,6.19,Active
A211914,C109164,Salary,108562.18,4.79,Active
A211915,C109165,Salary,244623.13,3.45,Active
A211916,C109165,Salary,240945.73,5.89,Active
A211917,C109166,Salary,139398.63,5.75,Dormant
A211918,C109167,Current,180025.76,5.54,Active
A211919,C109168,Salary,107854.23,3.2,Active
A211920,C109169,Salary,86627.15,2.8,Active
A211921,C109170,Premium,144766.33,4.25,Active
A211922,C109171,Savings,226377.21,6.1,Dormant
A211923,C109171,Salary,0.0,5.79,Active
A211924,C109172,Premium,38586.01,5.98,Active
A211925,C109173,Savings,439596.04,3.41,Active
A211926,C109174,Savings,180291.6,5.84,Dormant
A211927,C109175,Savings,14351.69,5.87,Active
A211928,C109176,Savings,193055.52,5.38,Active
A211929,C109176,Savings,137318.65,2.69,Active
A211930,C109177,Savings,99444.36,3.17,Active
A211931,C109178,Salary,13192.44,5.27,Dormant
A211932,C109179,Savings,189681.13,4.41,Active
A211933,C109180,Savings,156929.77,4.88,Dormant
A211934,C109181,Salary,98706.08,4.3,Active
A211935,C109181,Savings,59716.35,3.69,Dormant
A211936,C109182,Savings,56264.51,6.17,Active
A211937,C109183,Savings,239915.06,3.09,Dormant
A211938,C109184,Savings,13455.79,3.62,Active
A211939,C109184,Current,96553.91,5.77,Active
A211940,C109185,Current,134355.85,4.79,Active
A211941,C109186,Salary,179281.46,6.29,Active
A211942,C109187,Salary,320918.75,5.17,Active
A211943,C109188,Current,120765.33,3.15,Active
A211944,C109189,Savings,160770.5,2.84,Active
A211945,C109190,Salary,298644.98,5.6,Active
A211946,C109191,Salary,233574.34,3.32,Active
A211947,C109192,Savings,42175.47,4.6,Active
A211948,C109193,Salary,22367.4,4.05,Active
A211949,C109193,Savings,4494.47,3.15,Dormant
A211950,C109194,Savings,19671.18,3.86,Active
A211951,C109195,Salary,219161.78,5.44,Active
A211952,C109196,Premium,39155.65,3.96,Active
A211953,C109197,Salary,64476.17,5.67,Active
A211954,C109197,Savings,119571.2,5.82,Active
A211955,C109198,Savings,12816.4,4.71,Active
A211956,C109198,Savings,11997.96,3.77,Active
A211957,C109199,Current,106707.5,2.53,Active
A211958,C109199,Savings,91015.88,3.25,Active
A211959,C109200,Savings,356201.52,6.37,Active
A211960,C109201,Savings,18646.98,2.51,Active
A211961,C109202,Salary,26154.83,4.38,Active
A211962,C109203,Premium,370973.38,6.41,Active
A211963,C109203,Salary,314746.22,2.59,Active
A211964,C109204,Savings,40990.72,4.38,Active
A211965,C109205,Current,145634.1,2.63,Active
A211966,C109205,Salary,200335.72,5.74,Dormant
A211967,C109206,Savings,111785.92,2.55,Active
A211968,C109206,Salary,195752.74,3.09,Active
A211969,C109207,Savings,160717.89,6.15,Active
A211970,C109208,Salary,215667.85,5.91,Active
A211971,C109209,Savings,214986.06,3.55,Dormant
A211972,C109209,Savings,124159.31,6.32,Dormant
A211973,C109210,Savings,43104.44,6.41,Active
A211974,C109211,Current,135770.05,4.89,Active
A211975,C109212,Savings,317665.54,3.12,Active
A211976,C109212,Savings,212535.59,4.06,Active
A211977,C109213,Savings,187156.18,5.24,Active
A211978,C109214,Current,310365.73,3.04,Active
A211979,C109215,Current,203951.34,5.76,Active
A211980,C109215,Savings,170760.78,2.73,Dormant
A211981,C109216,Current,85467.92,2.77,Dormant
A211982,C109217,Salary,110065.84,5.5,Dormant
A211983,C109217,Savings,385404.4,5.32,Dormant
A211984,C109218,Savings,141641.66,3.08,Dormant
A211985,C109219,Savings,71200.48,5.47,Active
A211986,C109219,Savings,400062.12,6.13,Active
A211987,C109220,Savings,39805.78,4.48,Active
A211988,C109221,Salary,92122.73,3.38,Active
A211989,C109222,Savings,49054.66,4.93,Active
A211990,C109223,Savings,8786.42,2.88,Active
A211991,C109224,Savings,113665.18,2.52,Active
A211992,C109225,Salary,184323.39,3.55,Dormant
A211993,C109226,Salary,233531.51,3.64,Active
A211994,C109226,Savings,126925.88,4.38,Dormant
A211995,C109227,Salary,0.0,3.56,Active
A211996,C109228,Salary,84647.81,5.52,Active
A211997,C109229,Savings,36356.81,3.63,Dormant
A211998,C109230,Savings,43389.92,3.22,Active
A211999,C109230,Current,71641.02,5.64,Active
A212000,C109231,Savings,256350.63,5.72,Dormant
A212001,C109232,Savings,635.54,5.61,Dormant
A212002,C109233,Salary,116336.46,6.47,Active
A212003,C109234,Salary,46259.52,4.55,Dormant
A212004,C109234,Salary,111010.26,5.24,Dormant
A212005,C109235,Salary,90194.54,5.37,Active
A212006,C109236,Current,52673.67,2.73,Active
A212007,C109237,Savings,102522.35,3.81,Active
A212008,C109238,Salary,220235.83,5.48,Active
A212009,C109239,Savings,104162.28,5.7,Active
A212010,C109240,Savings,126049.59,6.42,Dormant
A212011,C109241,Salary,103173.71,2.68,Active
A212012,C109242,Savings,85890.15,6.06,Active
A212013,C109242,Salary,82756.49,4.11,Active
A212014,C109243,Savings,213244.85,5.69,Dormant
A212015,C109244,Savings,167741.3,2.76,Active
A212016,C109245,Salary,171767.4,2.58,Active
A212017,C109245,Savings,246371.16,5.5,Active
A212018,C109246,Current,297041.89,4.92,Active
A212019,C109247,Savings,22881.22,5.67,Dormant
A212020,C109247,Current,156322.47,4.36,Active
A212021,C109248,Salary,287453.72,3.82,Active
A212022,C109249,Savings,232399.62,3.89,Active
A212023,C109250,Salary,549961.5,3.85,Active
A212024,C109251,Savings,37615.79,6.25,Active
A212025,C109251,Current,82505.16,4.5,Active
A212026,C109252,Premium,23315.18,3.95,Active
A212027,C109253,Savings,212796.61,5.63,Active
A212028,C109254,Savings,88381.19,4.08,Dormant
A212029,C109255,Salary,78192.87,6.13,Active
A212030,C109256,Savings,251245.51,3.2,Active
A212031,C109257,Current,12136.75,3.46,Dormant
A212032,C109258,Current,57290.58,5.38,Active
A212033,C109259,Savings,126462.05,4.74,Active
A212034,C109260,Premium,61416.47,5.82,Dormant
A212035,C109261,Current,150006.14,3.0,Active
A212036,C109262,Salary,154590.23,3.4,Active
A212037,C109263,Savings,122526.22,3.56,Active
A212038,C109264,Savings,92017.27,5.83,Active
A212039,C109265,Savings,43896.68,4.83,Active
A212040,C109266,Salary,86808.13,2.86,Active
A212041,C109266,Premium,193999.1,5.5,Active
A212042,C109267,Savings,122815.38,4.33,Dormant
A212043,C109267,Current,189511.68,5.94,Active
A212044,C109268,Current,430814.63,4.05,Active
A212045,C109269,Savings,41010.01,3.17,Active
A212046,C109270,Salary,56184.77,5.02,Active
A212047,C109271,Savings,125917.33,3.87,Active
A212048,C109272,Current,53905.53,3.86,Dormant
A212049,C109273,Salary,194967.05,3.76,Active
A212050,C109274,Savings,200831.75,6.36,Active
A212051,C109275,Premium,222690.26,4.47,Active
A212052,C109276,Savings,185893.76,4.8,Active
A212053,C109276,Savings,263761.85,5.17,Active
A212054,C109277,Current,333229.96,5.62,Active
A212055,C109278,Salary,51725.16,4.01,Active
A212056,C109279,Savings,150034.48,4.08,Active
A212057,C109280,Savings,172303.09,3.25,Active
A212058,C109281,Premium,190850.66,2.93,Dormant
A212059,C109282,Savings,50430.0,5.1,Active
A212060,C109283,Premium,182889.48,4.36,Active
A212061,C109283,Salary,162025.05,5.14,Active
A212062,C109284,Salary,349273.04,5.32,Dormant
A212063,C109285,Salary,240328.75,5.93,Dormant
A212064,C109286,Salary,81609.41,4.72,Active
A212065,C109287,Salary,16924.92,5.41,Active
A212066,C109288,Savings,93752.51,3.45,Active
A212067,C109288,Savings,81108.2,4.42,Active
A212068,C109289,Savings,22153.99,3.14,Active
A212069,C109290,Premium,55630.33,5.04,Active
A212070,C109291,Premium,333173.17,4.91,Dormant
A212071,C109292,Savings,62866.73,4.97,Active
A212072,C109292,Savings,127771.18,3.11,Active
A212073,C109293,Savings,73730.6,3.94,Active
A212074,C109294,Savings,44186.61,4.61,Active
A212075,C109294,Savings,221710.14,3.49,Active
A212076,C109295,Savings,38820.0,3.32,Dormant
A212077,C109296,Current,162698.46,5.76,Active
A212078,C109297,Savings,170919.22,5.94,Active
A212079,C109298,Current,104542.53,5.22,Active
A212080,C109298,Savings,79802.7,5.35,Active
A212081,C109299,Salary,79739.83,5.24,Active
A212082,C109300,Salary,131425.81,3.51,Active
A212083,C109301,Savings,76205.12,3.14,Active
A212084,C109302,Savings,88011.42,6.46,Active
A212085,C109303,Savings,234493.75,3.85,Active
A212086,C109303,Savings,116174.89,4.91,Active
A212087,C109304,Savings,13873.47,2.59,Dormant
A212088,C109305,Savings,131945.87,3.58,Active
A212089,C109306,Current,126861.58,4.74,Active
A212090,C109307,Premium,21190.73,6.1,Active
A212091,C109307,Premium,19334.96,3.96,Active
A212092,C109308,Salary,97347.35,2.79,Active
A212093,C109309,Salary,215652.11,5.63,Active
A212094,C109310,Savings,247313.41,2.75,Dormant
A212095,C109311,Savings,22230.43,2.77,Dormant
A212096,C109311,Salary,95830.9,4.47,Dormant
A212097,C109312,Current,307570.94,5.48,Active
A212098,C109313,Savings,75637.33,2.65,Active
A212099,C109314,Salary,27681.11,6.25,Active
A212100,C109314,Premium,15485.9,6.17,Active
A212101,C109315,Current,254208.29,2.59,Active
A212102,C109316,Savings,60459.46,5.2,Active
A212103,C109316,Savings,154064.67,4.98,Active
A212104,C109317,Premium,242127.66,6.38,Active
A212105,C109318,Current,311803.7,4.0,Active
A212106,C109318,Salary,469783.36,5.59,Dormant
A212107,C109319,Salary,228306.55,3.78,Active
A212108,C109320,Current,189499.69,3.06,Active
A212109,C109321,Savings,735834.94,3.43,Active
A212110,C109321,Savings,119930.87,2.79,Active
A212111,C109322,Premium,62586.42,4.31,Active
A212112,C109322,Savings,90972.04,4.27,Active
A212113,C109323,Savings,216152.06,2.69,Active
A212114,C109324,Salary,232757.95,5.35,Active
A212115,C109325,Savings,231028.92,6.29,Dormant
A212116,C109325,Savings,211881.42,6.43,Active
A212117,C109326,Salary,160242.57,3.82,Active
A212118,C109326,Savings,154062.5,2.95,Dormant
A212119,C109327,Savings,77820.49,6.26,Active
A212120,C109327,Savings,157789.54,3.48,Active
A212121,C109328,Savings,30711.03,6.27,Active
A212122,C109329,Savings,102680.71,4.43,Active
A212123,C109330,Current,32047.27,4.96,Dormant
A212124,C109331,Salary,170538.51,4.32,Active
A212125,C109332,Savings,197515.34,5.95,Dormant
A212126,C109333,Savings,146581.37,5.19,Dormant
A212127,C109334,Savings,208103.18,4.41,Active
A212128,C109335,Premium,22280.32,5.82,Active
A212129,C109336,Savings,142015.48,5.45,Active
A212130,C109337,Savings,54630.94,5.42,Dormant
A212131,C109338,Salary,288108.8,6.46,Active
A212132,C109339,Current,71299.36,5.99,Active
A212133,C109340,Premium,340143.05,4.27,Active
A212134,C109340,Salary,158320.04,4.73,Active
A212135,C109341,Premium,126260.15,3.38,Active
A212136,C109341,Savings,254866.54,3.06,Active
A212137,C109342,Salary,259642.41,2.87,Active
A212138,C109342,Savings,180495.02,4.95,Dormant
A212139,C109343,Savings,241757.07,5.78,Active
A212140,C109343,Savings,99984.5,4.31,Active
A212141,C109344,Savings,119191.02,5.75,Active
A212142,C109345,Salary,121761.0,6.12,Dormant
A212143,C109346,Savings,298015.8,5.33,Active
A212144,C109347,Savings,47319.87,5.18,Active
A212145,C109348,Savings,66938.45,3.73,Active
A212146,C109349,Salary,28628.51,5.17,Active
A212147,C109349,Current,16950.05,6.2,Dormant
A212148,C109350,Savings,33317.34,3.26,Active
A212149,C109351,Salary,18509.6,5.29,Active
A212150,C109352,Premium,247349.22,6.08,Active
A212151,C109352,Savings,46155.09,5.56,Active
A212152,C109353,Savings,47519.56,3.22,Active
A212153,C109353,Salary,88321.78,6.39,Active
A212154,C109354,Salary,18095.05,4.8,Dormant
A212155,C109355,Savings,194645.83,6.29,Active
A212156,C109356,Premium,43451.8,2.9,Dormant
A212157,C109357,Savings,64637.77,3.59,Dormant
A212158,C109358,Savings,98231.36,4.48,Dormant
A212159,C109359,Salary,89654.73,3.01,Active
A212160,C109360,Salary,388244.74,4.26,Active
A212161,C109361,Savings,207664.52,3.18,Active
A212162,C109362,Salary,140758.33,5.13,Active
A212163,C109363,Salary,188299.34,4.4,Active
A212164,C109364,Savings,126845.11,4.94,Dormant
A212165,C109365,Savings,137527.3,4.71,Active
A212166,C109365,Salary,160050.32,3.53,Dormant
A212167,C109366,Salary,39128.68,2.97,Dormant
A212168,C109367,Salary,26757.16,3.02,Active
A212169,C109367,Salary,32734.08,4.06,Dormant
A212170,C109368,Premium,39448.06,6.14,Dormant
A212171,C109368,Savings,74035.18,4.09,Dormant
A212172,C109369,Salary,70811.64,5.83,Active
A212173,C109369,Salary,68387.04,4.16,Active
A212174,C109370,Savings,177963.61,3.52,Dormant
A212175,C109370,Current,175246.39,5.4,Active
A212176,C109371,Savings,19613.05,5.24,Dormant
A212177,C109372,Savings,54669.46,3.93,Active
A212178,C109373,Savings,109868.89,3.62,Dormant
A212179,C109374,Savings,131388.6,6.45,Active
A212180,C109375,Premium,171978.03,3.9,Active
A212181,C109376,Savings,210942.27,4.21,Active
A212182,C109377,Premium,176741.09,5.1,Active
A212183,C109378,Savings,20447.92,6.41,Active
A212184,C109379,Salary,123761.37,3.13,Active
A212185,C109380,Savings,45728.49,5.39,Active
A212186,C109381,Savings,10577.86,3.55,Active
A212187,C109382,Savings,115535.4,6.41,Active
A212188,C109383,Savings,33890.51,5.04,Active
A212189,C109384,Savings,169520.03,4.8,Active
A212190,C109384,Savings,168976.8,4.15,Dormant
A212191,C109385,Salary,50566.12,2.56,Active
A212192,C109386,Salary,192279.76,5.2,Dormant
A212193,C109387,Salary,48218.68,6.12,Dormant
A212194,C109387,Savings,258529.05,6.31,Active
A212195,C109388,Savings,20737.51,2.77,Active
A212196,C109389,Salary,70758.22,6.13,Active
A212197,C109389,Savings,65391.05,3.34,Active
A212198,C109390,Salary,236041.17,3.59,Active
A212199,C109391,Current,51473.36,5.57,Active
A212200,C109391,Savings,64531.47,4.01,Active
A212201,C109392,Savings,210658.78,6.12,Active
A212202,C109393,Salary,24229.74,2.68,Active
A212203,C109394,Savings,132199.52,2.96,Active
A212204,C109394,Salary,286425.16,4.38,Active
A212205,C109395,Premium,41289.84,3.54,Active
A212206,C109396,Savings,135531.39,3.56,Active
A212207,C109396,Savings,79581.96,3.08,Active
A212208,C109397,Savings,12765.69,4.82,Active
A212209,C109397,Savings,37897.5,3.8,Active
A212210,C109398,Current,217029.36,6.33,Dormant
A212211,C109399,Savings,132322.88,4.5,Active
A212212,C109400,Salary,92197.31,5.7,Active
A212213,C109400,Current,292499.49,2.53,Active
A212214,C109401,Premium,196408.88,4.64,Active
A212215,C109401,Salary,74762.42,3.01,Dormant
A212216,C109402,Savings,14170.12,6.32,Dormant
A212217,C109403,Savings,186455.48,2.51,Dormant
A212218,C109403,Salary,251689.1,5.68,Active
A212219,C109404,Savings,23537.88,5.9,Active
A212220,C109405,Savings,27750.79,3.01,Active
A212221,C109405,Savings,27065.5,6.42,Active
A212222,C109406,Savings,33593.78,3.21,Active
A212223,C109407,Current,402590.11,4.93,Active
A212224,C109408,Salary,197460.37,4.74,Active
A212225,C109408,Salary,357463.91,5.07,Dormant
A212226,C109409,Salary,300741.97,5.43,Active
A212227,C109410,Current,66277.19,3.5,Dormant
A212228,C109411,Salary,0.0,3.37,Dormant
A212229,C109412,Salary,165036.16,5.8,Active
A212230,C109413,Savings,224853.28,4.83,Active
A212231,C109414,Savings,148843.85,6.15,Dormant
A212232,C109414,Savings,123523.53,3.92,Dormant
A212233,C109415,Savings,109018.81,5.25,Active
A212234,C109416,Savings,14743.63,5.82,Active
A212235,C109416,Current,13094.94,4.94,Active
A212236,C109417,Salary,182124.63,5.51,Active
A212237,C109418,Savings,355019.85,6.41,Active
A212238,C109419,Salary,86553.99,3.52,Active
A212239,C109419,Salary,137692.18,4.57,Active
A212240,C109420,Salary,1482.98,5.55,Dormant
A212241,C109421,Savings,184372.8,5.33,Active
A212242,C109422,Savings,118419.09,6.35,Dormant
A212243,C109422,Premium,110499.76,4.05,Active
A212244,C109423,Savings,26073.48,5.61,Active
A212245,C109423,Current,25549.34,2.73,Active
A212246,C109424,Premium,106193.19,2.7,Active
A212247,C109424,Current,9744.62,4.39,Active
A212248,C109425,Salary,104554.11,3.46,Active
A212249,C109425,Savings,78367.11,5.18,Active
A212250,C109426,Savings,113734.18,4.31,Active
A212251,C109427,Salary,359398.54,3.56,Active
A212252,C109428,Savings,188356.21,3.73,Active
A212253,C109429,Savings,395349.01,4.56,Active
A212254,C109430,Savings,183776.23,4.74,Dormant
A212255,C109431,Savings,0.0,6.41,Active
A212256,C109432,Salary,51148.42,6.07,Active
A212257,C109432,Premium,57626.73,3.07,Active
A212258,C109433,Current,7883.02,4.38,Dormant
A212259,C109434,Premium,295871.91,3.23,Active
A212260,C109435,Savings,127884.8,5.59,Active
A212261,C109436,Salary,70282.1,3.89,Active
A212262,C109437,Salary,193382.07,3.07,Active
A212263,C109438,Savings,368474.14,4.86,Active
A212264,C109438,Salary,14282.93,2.97,Active
A212265,C109439,Savings,365375.0,5.6,Dormant
A212266,C109440,Salary,102700.94,4.26,Active
A212267,C109441,Salary,84987.07,2.97,Dormant
A212268,C109441,Current,79874.03,3.99,Active
A212269,C109442,Savings,109605.42,3.36,Active
A212270,C109443,Current,129672.46,5.52,Active
A212271,C109444,Savings,100591.99,2.91,Active
A212272,C109445,Salary,145892.51,3.82,Dormant
A212273,C109445,Savings,157644.11,4.17,Active
A212274,C109446,Savings,187393.38,4.81,Active
A212275,C109447,Savings,133904.15,2.99,Active
A212276,C109448,Savings,180832.87,6.49,Active
A212277,C109448,Current,56079.57,3.12,Active
A212278,C109449,Savings,264222.83,3.89,Active
A212279,C109450,Salary,33561.61,4.31,Active
A212280,C109450,Savings,105739.87,4.53,Active
A212281,C109451,Savings,24674.66,4.59,Active
A212282,C109452,Savings,246314.01,3.68,Active
A212283,C109453,Savings,236650.45,2.71,Active
A212284,C109453,Savings,290351.11,6.14,Active
A212285,C109454,Savings,153608.94,4.05,Dormant
A212286,C109455,Savings,90996.75,3.79,Active
A212287,C109456,Savings,215604.22,5.13,Active
A212288,C109457,Savings,30796.92,3.93,Active
A212289,C109458,Savings,151007.9,6.31,Active
A212290,C109458,Savings,148642.3,4.02,Active
A212291,C109459,Savings,315394.01,5.37,Active
A212292,C109460,Current,120891.27,4.53,Dormant
A212293,C109461,Savings,150959.39,5.14,Dormant
A212294,C109462,Savings,376741.23,5.0,Active
A212295,C109463,Premium,27853.41,2.74,Active
A212296,C109464,Current,157668.47,2.67,Active
A212297,C109465,Premium,124057.61,5.53,Dormant
A212298,C109465,Savings,211717.79,3.34,Active
A212299,C109466,Savings,215712.07,4.48,Dormant
A212300,C109466,Savings,113684.08,2.6,Active
A212301,C109467,Savings,82198.35,4.31,Dormant
A212302,C109468,Premium,102635.39,3.92,Active
A212303,C109469,Savings,90010.27,5.96,Active
A212304,C109469,Savings,60475.45,4.77,Active
A212305,C109470,Salary,70788.7,3.8,Active
A212306,C109471,Savings,145973.18,4.15,Active
A212307,C109472,Salary,211859.97,4.15,Active
A212308,C109473,Savings,91580.29,4.34,Dormant
A212309,C109474,Savings,157752.01,3.11,Active
A212310,C109475,Salary,137344.03,3.35,Active
A212311,C109476,Savings,300573.0,3.21,Active
A212312,C109476,Salary,166091.59,2.93,Active
A212313,C109477,Savings,220425.03,2.94,Active
A212314,C109477,Savings,103965.4,3.22,Active
A212315,C109478,Salary,168369.6,4.29,Active
A212316,C109478,Savings,192777.08,5.26,Active
A212317,C109479,Salary,213995.71,5.66,Active
A212318,C109479,Premium,340637.96,5.33,Active
A212319,C109480,Savings,182566.6,3.79,Active
A212320,C109480,Salary,159699.32,4.11,Active
A212321,C109481,Savings,85698.58,3.67,Dormant
A212322,C109482,Savings,22825.58,2.83,Active
A212323,C109483,Savings,60667.55,2.87,Active
A212324,C109483,Savings,41962.03,5.32,Active
A212325,C109484,Savings,115927.12,5.23,Active
A212326,C109485,Savings,331930.1,5.08,Active
A212327,C109486,Salary,17223.38,6.3,Dormant
A212328,C109487,Salary,183513.74,4.44,Active
A212329,C109488,Savings,274210.57,3.4,Active
A212330,C109489,Savings,164001.51,6.03,Active
A212331,C109490,Savings,36850.11,5.27,Dormant
A212332,C109491,Savings,312473.45,2.71,Active
A212333,C109491,Savings,75236.5,4.54,Active
A212334,C109492,Savings,48749.49,6.35,Dormant
A212335,C109492,Savings,29172.66,6.48,Dormant
A212336,C109493,Savings,3161.08,6.3,Active
A212337,C109494,Savings,192530.75,3.55,Active
A212338,C109495,Salary,422102.68,5.35,Active
A212339,C109496,Savings,13217.46,5.11,Active
A212340,C109496,Savings,82746.97,5.09,Active
A212341,C109497,Salary,348802.24,6.31,Active
A212342,C109497,Salary,243296.55,3.29,Active
A212343,C109498,Savings,305784.26,3.05,Dormant
A212344,C109499,Savings,30653.29,4.39,Dormant
A212345,C109499,Salary,40141.83,3.82,Active
A212346,C109500,Salary,298835.78,4.17,Active
A212347,C109501,Salary,41641.8,5.73,Active
A212348,C109502,Savings,189404.23,4.99,Active
A212349,C109503,Savings,7318.69,4.77,Active
A212350,C109504,Savings,33601.15,5.04,Active
A212351,C109505,Salary,399227.68,3.61,Dormant
A212352,C109505,Savings,212458.3,4.85,Active
A212353,C109506,Current,78778.23,5.31,Active
A212354,C109507,Salary,87609.67,3.56,Dormant
A212355,C109507,Salary,59786.91,6.17,Active
A212356,C109508,Savings,138003.61,5.62,Active
A212357,C109509,Salary,35427.65,4.77,Active
A212358,C109510,Salary,66760.7,6.3,Active
A212359,C109510,Salary,105966.61,5.33,Active
A212360,C109511,Savings,103328.4,5.31,Active
A212361,C109512,Savings,52194.1,6.19,Active
A212362,C109513,Savings,107331.12,6.44,Dormant
A212363,C109514,Savings,436872.56,2.59,Active
A212364,C109515,Savings,336193.79,2.89,Active
A212365,C109516,Savings,382131.45,5.74,Dormant
A212366,C109516,Savings,310526.23,5.67,Active
A212367,C109517,Savings,355376.64,5.12,Dormant
A212368,C109518,Premium,183723.18,3.02,Active
A212369,C109519,Salary,39132.96,3.46,Active
A212370,C109520,Premium,74672.27,3.44,Active
A212371,C109520,Savings,43448.32,3.46,Active
A212372,C109521,Premium,118000.31,5.68,Active
A212373,C109522,Salary,122601.07,6.11,Active
A212374,C109523,Premium,12307.99,2.82,Active
A212375,C109524,Current,43337.63,3.15,Active
A212376,C109525,Salary,63650.76,4.16,Active
A212377,C109526,Savings,594.97,3.21,Active
A212378,C109527,Savings,37031.18,6.34,Dormant
A212379,C109527,Current,18164.28,5.0,Active
A212380,C109528,Premium,121547.59,5.72,Dormant
A212381,C109529,Current,0.0,3.58,Active
A212382,C109530,Savings,101198.65,4.89,Dormant
A212383,C109531,Savings,0.0,3.99,Active
A212384,C109531,Salary,108893.31,4.22,Active
A212385,C109532,Savings,218661.38,4.47,Active
A212386,C109532,Savings,203297.48,4.3,Active
A212387,C109533,Savings,255802.86,2.75,Dormant
A212388,C109533,Savings,162770.81,5.75,Active
A212389,C109534,Salary,37488.96,5.74,Active
A212390,C109535,Savings,86119.18,5.47,Active
A212391,C109536,Salary,232393.23,3.2,Active
A212392,C109537,Premium,0.0,3.07,Active
A212393,C109538,Savings,21597.51,3.28,Active
A212394,C109539,Current,129456.71,6.35,Dormant
A212395,C109540,Savings,134422.63,3.91,Active
A212396,C109540,Savings,58226.3,4.29,Active
A212397,C109541,Savings,43277.24,4.39,Active
A212398,C109541,Savings,64777.85,4.3,Active
A212399,C109542,Premium,250105.29,3.71,Active
A212400,C109543,Salary,34670.98,2.66,Active
A212401,C109543,Savings,68688.41,5.99,Active
A212402,C109544,Savings,86124.3,3.29,Active
A212403,C109545,Salary,127942.16,5.89,Active
A212404,C109546,Premium,17008.91,5.34,Active
A212405,C109546,Salary,85625.54,3.77,Active
A212406,C109547,Savings,124815.4,5.79,Active
A212407,C109548,Savings,105647.3,3.98,Active
A212408,C109549,Salary,64693.53,4.82,Active
A212409,C109550,Savings,178188.85,2.66,Dormant
A212410,C109551,Savings,212554.52,2.82,Active
A212411,C109552,Savings,18847.53,6.23,Active
A212412,C109553,Premium,213002.54,5.89,Active
A212413,C109554,Savings,45082.87,6.1,Dormant
A212414,C109555,Savings,253726.64,2.52,Active
A212415,C109555,Current,308364.87,4.82,Active
A212416,C109556,Salary,72257.12,3.64,Active
A212417,C109556,Savings,70428.67,6.26,Dormant
A212418,C109557,Salary,182052.61,4.16,Active
A212419,C109558,Savings,107328.13,4.27,Active
A212420,C109559,Salary,216231.7,5.37,Active
A212421,C109559,Savings,115.8,2.98,Dormant
A212422,C109560,Salary,99986.27,4.38,Dormant
A212423,C109561,Current,16438.24,4.61,Active
A212424,C109561,Savings,29491.13,6.47,Active
A212425,C109562,Premium,79386.34,3.49,Dormant
A212426,C109562,Salary,44729.08,2.59,Active
A212427,C109563,Savings,61146.64,3.33,Dormant
A212428,C109563,Current,47762.92,4.75,Dormant
A212429,C109564,Savings,128438.63,6.0,Active
A212430,C109565,Savings,252085.56,3.33,Active
A212431,C109566,Salary,277204.16,4.88,Active
A212432,C109567,Current,103221.04,3.06,Dormant
A212433,C109568,Salary,142517.15,6.02,Dormant
A212434,C109569,Salary,22978.87,5.58,Active
A212435,C109570,Premium,155764.24,5.11,Active
A212436,C109571,Savings,63098.23,2.64,Active
A212437,C109572,Premium,160261.88,6.02,Active
A212438,C109573,Current,203571.68,6.3,Active
A212439,C109574,Savings,90440.8,4.3,Active
A212440,C109575,Savings,278317.44,4.28,Active
A212441,C109576,Salary,78329.33,5.07,Active
A212442,C109577,Savings,28309.79,6.06,Active
A212443,C109578,Salary,88861.43,3.16,Active
A212444,C109579,Current,282871.92,3.79,Active
A212445,C109580,Savings,231933.72,5.32,Dormant
A212446,C109580,Savings,59487.6,3.89,Active
A212447,C109581,Salary,75596.73,2.67,Dormant
A212448,C109582,Premium,316794.76,2.94,Dormant
A212449,C109583,Savings,408278.36,4.15,Active
A212450,C109584,Salary,73701.33,6.16,Dormant
A212451,C109585,Salary,31134.58,3.72,Dormant
A212452,C109586,Savings,260905.69,5.45,Dormant
A212453,C109587,Salary,108799.1,3.74,Active
A212454,C109587,Premium,450377.59,4.15,Dormant
A212455,C109588,Savings,226730.89,4.46,Dormant
A212456,C109588,Savings,56192.27,5.74,Dormant
A212457,C109589,Savings,285432.88,3.61,Dormant
A212458,C109589,Salary,171596.59,5.94,Dormant
A212459,C109590,Salary,46360.34,2.78,Active
A212460,C109591,Savings,40651.37,4.82,Active
A212461,C109592,Savings,104789.35,2.99,Active
A212462,C109592,Savings,47049.43,5.93,Active
A212463,C109593,Salary,3864.58,3.57,Active
A212464,C109593,Current,10752.87,4.56,Active
A212465,C109594,Savings,262262.65,5.0,Active
A212466,C109595,Savings,71832.27,4.96,Dormant
A212467,C109596,Savings,144821.27,2.88,Active
A212468,C109597,Premium,264525.88,5.17,Active
A212469,C109597,Savings,158138.29,5.63,Active
A212470,C109598,Savings,97906.73,3.13,Dormant
A212471,C109598,Savings,106688.22,2.7,Active
A212472,C109599,Premium,254415.69,2.7,Active
A212473,C109600,Savings,46620.03,4.39,Active
A212474,C109600,Salary,53150.78,3.86,Active
A212475,C109601,Savings,57600.97,3.5,Active
A212476,C109602,Salary,40734.76,2.51,Active
A212477,C109603,Savings,49963.04,2.54,Active
A212478,C109603,Current,21103.01,2.68,Active
A212479,C109604,Premium,24833.09,5.63,Active
A212480,C109605,Savings,49097.36,4.96,Active
A212481,C109606,Savings,130692.69,3.31,Active
A212482,C109606,Salary,194065.09,4.26,Active
A212483,C109607,Savings,154357.01,2.83,Dormant
A212484,C109608,Savings,390725.01,3.85,Dormant
A212485,C109609,Savings,276699.36,4.04,Active
A212486,C109609,Savings,136584.54,3.27,Active
A212487,C109610,Current,349697.25,3.63,Active
A212488,C109610,Savings,62973.17,4.42,Dormant
A212489,C109611,Salary,36569.5,4.32,Dormant
A212490,C109612,Savings,99840.4,4.96,Active
A212491,C109613,Current,217328.03,5.31,Active
A212492,C109614,Savings,88793.02,4.52,Active
A212493,C109615,Savings,109417.59,3.0,Active
A212494,C109616,Savings,141100.01,2.94,Dormant
A212495,C109617,Savings,258864.13,2.55,Dormant
A212496,C109618,Salary,63981.02,4.48,Active
A212497,C109619,Savings,311152.39,5.35,Active
A212498,C109620,Salary,131926.81,3.49,Active
A212499,C109620,Savings,184324.43,3.17,Active
A212500,C109621,Savings,216709.78,5.16,Active
A212501,C109622,Savings,82978.06,3.57,Active
A212502,C109623,Salary,195311.83,4.76,Active
A212503,C109624,Savings,84681.24,3.34,Active
A212504,C109625,Salary,176443.88,2.77,Active
A212505,C109626,Premium,126909.23,3.07,Active
A212506,C109626,Savings,103559.57,5.19,Active
A212507,C109627,Salary,398990.72,4.65,Active
A212508,C109628,Savings,370808.87,4.23,Active
A212509,C109628,Salary,206654.48,6.3,Dormant
A212510,C109629,Savings,147973.18,3.51,Active
A212511,C109630,Savings,74075.98,3.77,Active
A212512,C109631,Savings,126032.23,4.96,Active
A212513,C109632,Savings,91608.48,2.53,Dormant
A212514,C109633,Salary,93887.66,5.56,Active
A212515,C109634,Salary,234854.44,3.25,Active
A212516,C109635,Salary,156854.11,2.64,Active
A212517,C109636,Savings,196282.97,3.33,Dormant
A212518,C109636,Savings,1076.73,2.88,Active
A212519,C109637,Salary,92225.32,4.93,Active
A212520,C109638,Savings,492638.35,3.04,Active
A212521,C109638,Savings,247280.91,5.99,Active
A212522,C109639,Salary,23685.16,3.74,Active
A212523,C109639,Premium,8031.57,4.97,Active
A212524,C109640,Savings,196780.11,2.88,Active
A212525,C109641,Salary,117047.91,5.71,Active
A212526,C109642,Savings,267450.55,5.06,Active
A212527,C109643,Savings,528686.48,4.58,Active
A212528,C109644,Savings,3056.8,3.72,Active
A212529,C109644,Savings,20239.75,6.01,Dormant
A212530,C109645,Savings,0.0,3.83,Dormant
A212531,C109645,Savings,60225.99,6.46,Dormant
A212532,C109646,Current,249116.31,3.11,Active
A212533,C109647,Savings,109614.94,3.64,Dormant
A212534,C109648,Savings,96017.94,6.07,Active
A212535,C109649,Savings,628751.52,3.18,Active
A212536,C109650,Savings,89788.7,5.73,Active
A212537,C109651,Current,296866.22,3.46,Active
A212538,C109652,Savings,354278.32,6.22,Active
A212539,C109653,Savings,237308.12,4.21,Dormant
A212540,C109654,Salary,81149.34,6.01,Active
A212541,C109655,Savings,109734.51,4.69,Dormant
A212542,C109655,Savings,86722.17,3.62,Active
A212543,C109656,Salary,89757.59,4.2,Active
A212544,C109657,Salary,100242.18,5.99,Active
A212545,C109658,Savings,243084.44,5.77,Dormant
A212546,C109659,Salary,278696.16,5.82,Dormant
A212547,C109659,Savings,228417.04,2.74,Active
A212548,C109660,Savings,140410.41,3.1,Active
A212549,C109660,Salary,217033.3,3.77,Active
A212550,C109661,Savings,176188.73,3.6,Dormant
A212551,C109662,Savings,190117.33,4.6,Active
A212552,C109663,Salary,75514.18,5.46,Dormant
A212553,C109664,Salary,106533.42,2.76,Active
A212554,C109664,Salary,74808.86,5.29,Dormant
A212555,C109665,Savings,188223.05,3.62,Dormant
A212556,C109665,Savings,158971.39,4.1,Active
A212557,C109666,Salary,250064.9,5.12,Active
A212558,C109667,Savings,35127.92,3.18,Active
A212559,C109668,Savings,92610.35,6.26,Active
A212560,C109668,Salary,79169.9,6.26,Active
A212561,C109669,Salary,228434.58,5.54,Active
A212562,C109670,Savings,26425.52,4.52,Active
A212563,C109670,Savings,47049.75,2.85,Dormant
A212564,C109671,Savings,101593.63,2.97,Active
A212565,C109672,Salary,420539.72,3.76,Active
A212566,C109673,Premium,246452.61,3.23,Active
A212567,C109674,Salary,95089.95,6.18,Dormant
A212568,C109674,Salary,0.0,3.52,Active
A212569,C109675,Savings,37290.6,6.01,Dormant
A212570,C109676,Premium,216903.76,4.95,Active
A212571,C109677,Savings,346102.35,3.83,Active
A212572,C109678,Current,150064.08,2.85,Active
A212573,C109679,Savings,167137.24,6.46,Active
A212574,C109680,Savings,13645.3,3.26,Active
A212575,C109681,Savings,174817.5,3.39,Dormant
A212576,C109682,Savings,14012.38,4.85,Active
A212577,C109683,Salary,465701.41,4.73,Active
A212578,C109683,Savings,533406.57,3.43,Dormant
A212579,C109684,Savings,211765.08,4.89,Dormant
A212580,C109684,Savings,23866.5,4.19,Active
A212581,C109685,Current,13455.46,3.14,Active
A212582,C109686,Salary,278239.37,4.32,Active
A212583,C109687,Savings,190929.38,3.82,Dormant
A212584,C109688,Savings,85208.06,5.71,Active
A212585,C109689,Savings,47881.99,5.28,Dormant
A212586,C109690,Savings,20862.27,2.97,Active
A212587,C109691,Savings,178643.85,5.82,Active
A212588,C109692,Salary,46500.95,4.47,Active
A212589,C109693,Savings,9095.58,5.06,Dormant
A212590,C109693,Savings,203558.66,6.29,Active
A212591,C109694,Premium,15532.49,6.3,Dormant
A212592,C109695,Salary,394244.07,3.62,Active
A212593,C109696,Salary,127211.77,3.45,Active
A212594,C109696,Savings,197382.39,5.33,Dormant
A212595,C109697,Savings,139574.88,5.74,Dormant
A212596,C109698,Current,261263.58,6.17,Dormant
A212597,C109698,Premium,99522.72,4.62,Active
A212598,C109699,Savings,230886.58,5.8,Dormant
A212599,C109700,Savings,110561.08,3.31,Dormant
A212600,C109701,Salary,236679.08,4.46,Active
A212601,C109702,Savings,101209.4,4.6,Active
A212602,C109703,Salary,116617.37,4.97,Active
A212603,C109704,Savings,155079.24,3.78,Active
A212604,C109705,Salary,123852.09,6.29,Active
A212605,C109706,Salary,141968.1,2.93,Active
A212606,C109707,Premium,140810.19,3.15,Active
A212607,C109708,Savings,124259.52,2.96,Dormant
A212608,C109708,Savings,117093.52,6.23,Active
A212609,C109709,Salary,211355.74,5.7,Active
A212610,C109710,Savings,179315.03,5.82,Active
A212611,C109711,Savings,66316.08,6.15,Dormant
A212612,C109712,Savings,57123.39,4.47,Active
A212613,C109712,Savings,16489.95,6.08,Active
A212614,C109713,Savings,146405.66,5.34,Active
A212615,C109713,Current,131485.38,4.26,Dormant
A212616,C109714,Savings,160582.67,5.09,Active
A212617,C109715,Savings,307992.52,5.11,Active
A212618,C109716,Current,213973.55,4.87,Active
A212619,C109717,Salary,195761.96,4.7,Active
A212620,C109718,Salary,109625.93,5.43,Active
A212621,C109718,Premium,9325.9,5.36,Active
A212622,C109719,Savings,213567.83,3.11,Active
A212623,C109719,Savings,98341.49,2.5,Active
A212624,C109720,Salary,63479.25,6.29,Active
A212625,C109721,Savings,192306.59,3.12,Active
A212626,C109722,Premium,419714.76,4.09,Active
A212627,C109722,Current,170564.56,5.69,Active
A212628,C109723,Savings,38307.25,4.68,Active
A212629,C109723,Premium,89422.27,5.76,Active
A212630,C109724,Savings,110622.33,6.24,Active
A212631,C109725,Salary,376816.82,5.84,Active
A212632,C109725,Savings,211892.7,3.06,Active
A212633,C109726,Savings,367714.05,6.0,Active
A212634,C109727,Savings,115566.61,4.48,Active
A212635,C109728,Savings,40103.26,6.34,Active
A212636,C109729,Savings,20595.57,3.98,Active
A212637,C109730,Salary,224191.41,6.38,Active
A212638,C109731,Premium,47889.78,3.06,Active
A212639,C109732,Savings,236266.96,4.96,Dormant
A212640,C109733,Premium,51433.41,5.11,Dormant
A212641,C109734,Current,117828.58,4.86,Dormant
A212642,C109735,Premium,60234.66,3.92,Active
A212643,C109736,Savings,327322.58,2.52,Active
A212644,C109737,Savings,127612.71,2.86,Active
A212645,C109738,Premium,69704.73,5.62,Active
A212646,C109739,Savings,76618.45,4.63,Active
A212647,C109739,Savings,160383.35,3.98,Active
A212648,C109740,Salary,249712.81,6.46,Active
A212649,C109740,Savings,312783.57,3.16,Active
A212650,C109741,Savings,66961.56,2.74,Dormant
A212651,C109742,Premium,113258.29,3.34,Active
A212652,C109743,Savings,164080.58,5.9,Active
A212653,C109744,Savings,32647.99,3.89,Dormant
A212654,C109745,Current,182893.75,4.46,Active
A212655,C109746,Premium,196614.43,6.23,Active
A212656,C109747,Salary,291850.76,3.02,Active
A212657,C109748,Current,124840.39,4.14,Active
A212658,C109749,Savings,24146.68,4.26,Active
A212659,C109750,Savings,169800.03,4.16,Dormant
A212660,C109750,Current,180895.88,4.2,Dormant
A212661,C109751,Premium,72391.85,4.45,Active
A212662,C109752,Savings,258930.92,3.76,Dormant
A212663,C109753,Salary,39064.24,4.92,Active
A212664,C109754,Current,17675.99,5.03,Active
A212665,C109755,Premium,63305.39,4.0,Active
A212666,C109756,Salary,156951.43,4.68,Active
A212667,C109757,Savings,30778.16,3.95,Active
A212668,C109757,Salary,18676.43,5.95,Dormant
A212669,C109758,Savings,74794.05,4.82,Active
A212670,C109759,Savings,75931.23,4.58,Active
A212671,C109760,Savings,110907.53,2.86,Active
A212672,C109760,Savings,265660.75,2.75,Dormant
A212673,C109761,Salary,165956.77,4.44,Active
A212674,C109762,Savings,34502.44,3.7,Active
A212675,C109763,Salary,55592.39,5.4,Active
A212676,C109763,Savings,85255.13,6.2,Active
A212677,C109764,Savings,121048.01,6.07,Active
A212678,C109764,Salary,8040.18,6.25,Dormant
A212679,C109765,Savings,130542.03,4.13,Active
A212680,C109765,Savings,130439.4,5.32,Active
A212681,C109766,Savings,162267.43,6.18,Active
A212682,C109766,Current,193941.88,3.1,Dormant
A212683,C109767,Savings,231297.95,4.49,Active
A212684,C109768,Current,251673.0,6.11,Active
A212685,C109768,Salary,137559.6,3.77,Active
A212686,C109769,Savings,205916.7,5.08,Dormant
A212687,C109770,Savings,70297.07,6.02,Active
A212688,C109771,Current,172552.72,3.05,Active
A212689,C109772,Savings,185058.08,2.63,Active
A212690,C109773,Salary,55921.84,2.83,Active
A212691,C109773,Salary,39306.35,6.2,Active
A212692,C109774,Savings,100366.62,2.67,Active
A212693,C109774,Premium,16636.18,6.12,Active
A212694,C109775,Current,108970.77,3.71,Active
A212695,C109776,Salary,186273.85,5.92,Active
A212696,C109777,Savings,122434.3,3.62,Active
A212697,C109778,Savings,39364.27,3.04,Active
A212698,C109778,Savings,67841.02,3.03,Dormant
A212699,C109779,Savings,181409.38,3.65,Active
A212700,C109779,Salary,14386.11,6.13,Dormant
A212701,C109780,Salary,181921.97,5.0,Active
A212702,C109781,Savings,33407.64,5.22,Active
A212703,C109781,Premium,197083.86,3.19,Active
A212704,C109782,Savings,38987.07,2.89,Active
A212705,C109783,Salary,62132.07,3.72,Active
A212706,C109783,Savings,69507.93,5.29,Active
A212707,C109784,Savings,80560.75,4.61,Dormant
A212708,C109785,Salary,107260.41,5.43,Dormant
A212709,C109786,Savings,24620.41,2.75,Dormant
A212710,C109787,Salary,23683.9,5.5,Active
A212711,C109787,Savings,11914.21,4.56,Active
A212712,C109788,Salary,115290.83,4.1,Active
A212713,C109789,Savings,122937.13,3.73,Dormant
A212714,C109790,Savings,120018.21,6.08,Active
A212715,C109791,Salary,150867.62,5.21,Dormant
A212716,C109791,Savings,140806.23,3.26,Active
A212717,C109792,Savings,36982.71,3.92,Active
A212718,C109792,Salary,35591.55,4.22,Active
A212719,C109793,Savings,32952.53,3.06,Active
A212720,C109793,Savings,28422.96,5.71,Dormant
A212721,C109794,Savings,74469.17,5.23,Active
A212722,C109794,Salary,230967.38,3.12,Active
A212723,C109795,Salary,149664.61,6.26,Active
A212724,C109795,Salary,100201.32,3.02,Active
A212725,C109796,Salary,92575.84,2.56,Active
A212726,C109797,Salary,258370.06,5.12,Active
A212727,C109797,Savings,159909.18,5.48,Active
A212728,C109798,Salary,107671.57,5.67,Active
A212729,C109799,Salary,213867.97,3.16,Dormant
A212730,C109800,Savings,160821.18,3.76,Active
A212731,C109801,Premium,435104.22,4.74,Active
A212732,C109801,Savings,650206.47,3.39,Active
A212733,C109802,Salary,270275.32,2.62,Active
A212734,C109803,Savings,77357.84,4.53,Active
A212735,C109804,Premium,220234.39,6.01,Active
A212736,C109805,Savings,14341.69,6.09,Active
A212737,C109805,Savings,31133.9,4.04,Dormant
A212738,C109806,Savings,245860.27,4.12,Active
A212739,C109807,Salary,128478.93,6.08,Active
A212740,C109807,Current,218972.29,4.53,Active
A212741,C109808,Premium,77733.83,3.84,Active
A212742,C109809,Salary,84755.93,3.19,Active
A212743,C109810,Current,75557.47,2.61,Active
A212744,C109811,Savings,125007.13,4.17,Active
A212745,C109812,Current,33136.52,6.36,Active
A212746,C109813,Savings,249179.0,6.33,Active
A212747,C109813,Savings,188741.67,5.62,Active
A212748,C109814,Savings,107247.69,5.86,Active
A212749,C109814,Salary,127370.81,5.62,Active
A212750,C109815,Salary,43074.98,4.19,Dormant
A212751,C109816,Premium,133078.47,5.34,Active
A212752,C109817,Savings,26190.76,3.44,Active
A212753,C109817,Salary,80185.05,5.45,Dormant
A212754,C109818,Current,168623.83,5.22,Active
A212755,C109819,Salary,91829.88,4.07,Active
A212756,C109820,Current,106328.84,3.54,Dormant
A212757,C109820,Salary,59822.45,3.01,Active
A212758,C109821,Salary,5408.55,5.93,Dormant
A212759,C109821,Current,237842.96,4.54,Dormant
A212760,C109822,Savings,288798.57,5.94,Active
A212761,C109823,Savings,32557.53,4.34,Active
A212762,C109824,Premium,179107.15,3.74,Dormant
A212763,C109824,Savings,85790.98,5.35,Active
A212764,C109825,Savings,219980.71,5.96,Active
A212765,C109826,Savings,56464.72,2.62,Active
A212766,C109827,Premium,200320.58,3.23,Active
A212767,C109828,Current,214389.28,2.56,Dormant
A212768,C109828,Salary,112889.07,5.26,Dormant
A212769,C109829,Savings,37205.52,4.87,Active
A212770,C109829,Savings,45308.39,3.98,Active
A212771,C109830,Savings,60700.52,5.1,Active
A212772,C109831,Savings,250342.96,5.55,Active
A212773,C109832,Salary,25902.37,4.79,Dormant
A212774,C109833,Current,188862.73,4.42,Dormant
A212775,C109834,Current,30857.81,5.29,Active
A212776,C109834,Current,11910.4,4.08,Active
A212777,C109835,Savings,187311.6,3.79,Active
A212778,C109836,Savings,400112.59,5.49,Active
A212779,C109836,Savings,198883.63,5.09,Active
A212780,C109837,Savings,144287.49,5.94,Dormant
A212781,C109838,Salary,326353.45,2.78,Active
A212782,C109838,Salary,282941.0,5.1,Active
A212783,C109839,Current,206051.08,3.12,Dormant
A212784,C109840,Savings,215429.29,4.87,Dormant
A212785,C109841,Savings,115679.73,4.42,Active
A212786,C109842,Premium,101099.92,4.2,Active
A212787,C109843,Salary,134634.35,4.63,Active
A212788,C109843,Savings,187046.41,4.45,Dormant
A212789,C109844,Salary,102882.74,3.52,Active
A212790,C109844,Savings,219856.83,5.38,Active
A212791,C109845,Premium,248160.38,2.59,Dormant
A212792,C109846,Savings,28719.36,4.87,Active
A212793,C109847,Current,124664.07,4.94,Active
A212794,C109847,Savings,223839.89,6.39,Active
A212795,C109848,Savings,193676.12,5.41,Active
A212796,C109849,Savings,100817.26,6.27,Active
A212797,C109849,Savings,288447.43,3.62,Dormant
A212798,C109850,Salary,167386.24,3.67,Dormant
A212799,C109851,Savings,368808.94,2.69,Active
A212800,C109852,Savings,206630.47,5.76,Active
A212801,C109853,Current,261851.35,6.43,Dormant
A212802,C109854,Salary,39453.83,3.06,Active
A212803,C109855,Savings,230976.1,4.2,Dormant
A212804,C109855,Savings,349840.06,4.66,Active
A212805,C109856,Salary,73910.57,4.72,Active
A212806,C109856,Savings,214008.07,5.66,Active
A212807,C109857,Premium,102347.21,3.21,Active
A212808,C109857,Savings,142710.42,5.94,Active
A212809,C109858,Savings,97776.54,2.8,Active
A212810,C109859,Savings,76991.44,4.77,Active
A212811,C109860,Savings,186580.82,4.59,Active
A212812,C109860,Savings,223366.57,4.25,Dormant
A212813,C109861,Savings,34441.27,5.34,Active
A212814,C109862,Salary,281777.1,6.2,Active
A212815,C109863,Current,90475.57,3.12,Dormant
A212816,C109864,Current,107568.24,4.63,Active
A212817,C109865,Savings,242673.01,4.37,Active
A212818,C109866,Salary,56415.42,2.64,Active
A212819,C109867,Salary,109425.65,3.28,Dormant
A212820,C109868,Savings,21000.0,2.79,Active
A212821,C109868,Savings,47414.99,3.49,Active
A212822,C109869,Savings,327853.11,3.33,Active
A212823,C109870,Current,317464.2,4.91,Active
A212824,C109871,Savings,22761.84,6.44,Active
A212825,C109872,Salary,70956.74,4.89,Dormant
A212826,C109872,Salary,42087.32,4.76,Active
A212827,C109873,Salary,116903.19,5.1,Dormant
A212828,C109873,Salary,96374.8,2.82,Active
A212829,C109874,Current,168252.48,3.6,Active
A212830,C109875,Savings,198849.08,3.99,Dormant
A212831,C109875,Savings,263992.96,4.49,Active
A212832,C109876,Savings,67361.21,2.73,Active
A212833,C109877,Savings,107633.86,3.89,Active
A212834,C109877,Current,196742.24,4.65,Dormant
A212835,C109878,Savings,64876.6,3.29,Active
A212836,C109879,Savings,22672.87,5.21,Active
A212837,C109880,Current,159853.47,2.78,Dormant
A212838,C109881,Savings,172924.45,6.43,Dormant
A212839,C109882,Savings,116278.93,6.21,Active
A212840,C109883,Salary,145716.33,4.5,Active
A212841,C109884,Premium,149785.76,6.4,Dormant
A212842,C109885,Savings,474586.52,3.82,Active
A212843,C109885,Savings,249502.61,5.68,Dormant
A212844,C109886,Savings,224086.25,3.84,Active
A212845,C109887,Savings,190774.11,3.42,Active
A212846,C109888,Savings,50503.36,5.1,Dormant
A212847,C109888,Savings,87143.98,2.88,Active
A212848,C109889,Salary,147100.28,5.76,Dormant
A212849,C109890,Savings,59737.49,4.29,Active
A212850,C109891,Salary,171256.5,4.85,Dormant
A212851,C109891,Savings,215338.16,2.97,Active
A212852,C109892,Current,307000.98,6.25,Active
A212853,C109893,Premium,27058.0,6.35,Dormant
A212854,C109893,Premium,110732.95,3.93,Active
A212855,C109894,Salary,66768.01,2.88,Dormant
A212856,C109894,Savings,70467.24,6.12,Active
A212857,C109895,Savings,59400.39,3.61,Active
A212858,C109896,Savings,210120.16,4.86,Dormant
A212859,C109897,Savings,207236.87,3.49,Active
A212860,C109898,Savings,0.0,3.46,Active
A212861,C109898,Salary,85595.22,5.53,Active
A212862,C109899,Savings,111004.92,4.69,Active
A212863,C109900,Salary,69974.93,2.92,Dormant
A212864,C109901,Salary,150409.0,4.08,Active
A212865,C109902,Current,34223.33,3.75,Active
A212866,C109902,Savings,143744.3,5.68,Active
A212867,C109903,Premium,207383.49,3.33,Active
A212868,C109904,Salary,32006.26,4.91,Dormant
A212869,C109904,Salary,153778.2,3.15,Dormant
A212870,C109905,Salary,212235.23,3.17,Active
A212871,C109905,Savings,293794.55,5.17,Active
A212872,C109906,Salary,297906.72,4.9,Active
A212873,C109906,Savings,426235.96,6.24,Active
A212874,C109907,Savings,239934.0,6.32,Active
A212875,C109907,Savings,396019.46,5.61,Active
A212876,C109908,Savings,41674.7,4.95,Active
A212877,C109909,Savings,200177.62,5.99,Active
A212878,C109910,Salary,123296.34,2.99,Active
A212879,C109910,Savings,233291.42,3.59,Active
A212880,C109911,Savings,153622.11,2.56,Active
A212881,C109911,Savings,19426.87,4.09,Active
A212882,C109912,Salary,114365.57,5.71,Active
A212883,C109912,Salary,220317.53,6.17,Dormant
A212884,C109913,Premium,167661.17,5.92,Active
A212885,C109914,Premium,277314.53,4.3,Active
A212886,C109915,Savings,155450.97,3.71,Active
A212887,C109916,Salary,41280.25,4.03,Active
A212888,C109916,Savings,161189.28,5.75,Active
A212889,C109917,Salary,66945.01,4.09,Active
A212890,C109918,Savings,202661.78,4.98,Active
A212891,C109918,Savings,307096.85,6.1,Dormant
A212892,C109919,Salary,132757.43,2.54,Active
A212893,C109919,Current,142991.49,5.41,Dormant
A212894,C109920,Savings,176321.17,5.86,Active
A212895,C109921,Premium,22020.05,2.76,Active
A212896,C109921,Premium,6055.28,3.68,Dormant
A212897,C109922,Premium,146122.97,3.64,Active
A212898,C109923,Savings,67703.72,3.32,Active
A212899,C109923,Current,151511.35,5.48,Active
A212900,C109924,Current,216456.15,5.84,Active
A212901,C109924,Savings,104955.54,5.46,Active
A212902,C109925,Premium,334880.27,5.68,Active
A212903,C109926,Salary,101966.35,2.74,Active
A212904,C109927,Savings,76146.47,3.35,Active
A212905,C109928,Savings,180117.95,2.81,Active
A212906,C109929,Salary,65730.34,6.12,Active
A212907,C109930,Savings,62677.5,4.16,Dormant
A212908,C109931,Savings,125295.33,2.75,Active
A212909,C109931,Salary,225174.99,4.57,Dormant
A212910,C109932,Savings,69046.82,3.99,Active
A212911,C109932,Savings,117441.61,3.53,Dormant
A212912,C109933,Savings,262915.84,5.38,Active
A212913,C109934,Savings,14050.27,3.44,Active
A212914,C109935,Savings,176518.95,5.13,Dormant
A212915,C109935,Savings,97161.97,3.93,Active
A212916,C109936,Salary,100623.17,5.01,Active
A212917,C109937,Salary,105022.62,4.94,Dormant
A212918,C109938,Savings,207660.49,4.88,Dormant
A212919,C109939,Savings,90052.45,4.97,Active
A212920,C109940,Salary,96119.32,5.11,Active
A212921,C109941,Savings,66208.86,5.88,Active
A212922,C109942,Savings,317147.28,3.15,Active
A212923,C109942,Savings,94237.35,3.45,Dormant
A212924,C109943,Savings,98536.75,5.79,Dormant
A212925,C109943,Savings,64990.72,3.88,Active
A212926,C109944,Current,20138.28,2.88,Active
A212927,C109945,Premium,117226.25,5.28,Dormant
A212928,C109946,Salary,160540.16,3.62,Active
A212929,C109947,Savings,253022.34,3.65,Active
A212930,C109948,Current,221523.86,2.76,Dormant
A212931,C109948,Savings,109458.01,4.08,Active
A212932,C109949,Savings,233083.34,4.13,Active
A212933,C109950,Savings,93589.71,6.29,Active
A212934,C109951,Premium,96130.73,6.02,Active
A212935,C109952,Salary,160723.72,4.1,Dormant
A212936,C109953,Savings,91678.93,4.46,Active
A212937,C109954,Premium,112614.18,6.22,Dormant
A212938,C109955,Savings,341526.98,3.5,Active
A212939,C109956,Savings,196424.23,2.65,Active
A212940,C109957,Salary,64382.52,3.33,Active
A212941,C109958,Salary,16048.26,3.2,Active
A212942,C109959,Salary,206917.08,6.28,Active
A212943,C109959,Salary,273528.85,5.73,Active
A212944,C109960,Premium,196300.69,4.09,Active
A212945,C109961,Salary,68310.21,4.02,Active
A212946,C109961,Savings,54260.7,6.19,Active
A212947,C109962,Salary,90780.97,3.74,Active
A212948,C109962,Savings,197650.21,3.59,Active
A212949,C109963,Savings,118736.94,3.24,Active
A212950,C109964,Savings,104964.16,6.43,Active
A212951,C109964,Savings,197729.33,3.38,Active
A212952,C109965,Premium,185552.35,3.78,Dormant
A212953,C109965,Savings,348574.46,6.3,Active
A212954,C109966,Salary,322196.01,4.41,Dormant
A212955,C109967,Current,125726.57,4.92,Active
A212956,C109968,Premium,128275.0,4.61,Dormant
A212957,C109969,Savings,22362.48,4.93,Active
A212958,C109970,Savings,93768.83,5.27,Active
A212959,C109970,Salary,336645.28,5.02,Active
A212960,C109971,Salary,0.0,2.98,Dormant
A212961,C109972,Salary,20484.59,3.79,Dormant
A212962,C109972,Salary,141522.41,5.06,Active
A212963,C109973,Savings,76126.59,4.01,Active
A212964,C109974,Savings,61599.82,5.1,Active
A212965,C109975,Savings,158585.14,4.47,Active
A212966,C109975,Premium,129585.99,3.44,Dormant
A212967,C109976,Salary,120773.43,4.79,Active
A212968,C109977,Savings,313519.23,6.49,Active
A212969,C109978,Savings,44456.1,5.13,Active
A212970,C109979,Salary,94046.92,4.09,Dormant
A212971,C109980,Salary,185431.99,4.1,Active
A212972,C109981,Salary,106031.58,4.64,Active
A212973,C109982,Salary,31960.49,5.12,Active
A212974,C109982,Savings,23172.08,3.21,Active
A212975,C109983,Premium,46774.45,3.31,Active
A212976,C109984,Salary,20099.56,4.71,Dormant
A212977,C109985,Savings,15842.25,3.16,Active
A212978,C109986,Savings,51183.29,3.92,Dormant
A212979,C109987,Salary,182987.26,3.37,Active
A212980,C109988,Savings,78648.34,4.49,Active
A212981,C109988,Current,85946.26,5.45,Active
A212982,C109989,Salary,56518.96,5.96,Active
A212983,C109990,Savings,46619.51,4.7,Active
A212984,C109991,Salary,309737.94,5.41,Active
A212985,C109991,Salary,243846.84,3.89,Active
A212986,C109992,Salary,123085.36,4.55,Active
A212987,C109993,Savings,178231.97,3.38,Dormant
A212988,C109994,Savings,81834.27,3.93,Dormant
A212989,C109994,Salary,140639.74,5.62,Active
A212990,C109995,Salary,74640.35,4.51,Dormant
A212991,C109996,Savings,310919.86,5.06,Active
A212992,C109997,Current,408126.64,3.65,Active
A212993,C109997,Salary,54447.22,4.79,Active
A212994,C109998,Savings,88480.96,4.87,Dormant
A212995,C109999,Salary,18571.82,4.79,Active
