card_id,customer_id,card_type,credit_limit,used_amount,available_limit,reward_points,annual_fee,status
CC402094,C102094,TravelCard,286300.0,40823.0,245477.0,8143,2999,Active
CC400160,C100160,FuelCard,72200.0,55527.19,16672.81,13258,499,Active
CC406323,C106323,FuelCard,76000.0,49272.83,26727.17,14152,999,Active
CC409997,C109997,SmartCard,147000.0,55516.25,91483.75,11796,499,Active
CC409945,C109945,PremiumCard,139800.0,53772.61,86027.39,18774,2999,Active
CC407602,C107602,TravelCard,21000.0,11177.64,9822.36,8503,2999,Active
CC403637,C103637,CashbackCard,192700.0,74803.58,117896.42,13163,999,Active
CC409894,C109894,TravelCard,72500.0,14130.88,58369.12,10558,499,Active
CC403239,C103239,StudentCard,157800.0,61675.27,96124.73,4246,2999,Active
CC401192,C101192,CashbackCard,242300.0,48609.11,193690.89,13438,2999,Active
CC408745,C108745,StudentCard,69500.0,31358.99,38141.01,17264,499,Active
CC405227,C105227,FuelCard,349200.0,176611.37,172588.63,15921,0,Active
CC405370,C105370,StudentCard,144600.0,60358.32,84241.68,12509,2999,Active
CC401565,C101565,PremiumCard,289400.0,149789.81,139610.19,5237,0,Active
CC400859,C100859,StudentCard,247300.0,106768.37,140531.63,2992,999,Active
CC406422,C106422,SmartCard,245100.0,180554.35,64545.65,16384,2999,Active
CC401979,C101979,FuelCard,554700.0,106299.45,448400.55,5985,999,Active
CC407094,C107094,CashbackCard,272000.0,179436.72,92563.28,8445,0,Active
CC402634,C102634,StudentCard,115400.0,48273.62,67126.38,10675,999,Active
CC402344,C102344,TravelCard,356500.0,104537.91,251962.09,311,0,Active
CC409367,C109367,StudentCard,32300.0,13908.36,18391.64,10306,2999,Active
CC407734,C107734,TravelCard,113700.0,25275.95,88424.05,173,499,Active
CC409022,C109022,FuelCard,205800.0,147651.48,58148.52,3473,2999,Active
CC407138,C107138,StudentCard,173400.0,93243.69,80156.31,18490,0,Active
CC403135,C103135,PremiumCard,210800.0,56709.07,154090.93,17845,2999,Active
CC407890,C107890,SmartCard,403000.0,175228.41,227771.59,4586,999,Active
CC407088,C107088,FuelCard,140000.0,28052.86,111947.14,12484,499,Active
CC404155,C104155,PremiumCard,32300.0,17214.67,15085.33,2734,0,Active
CC404222,C104222,TravelCard,174300.0,32507.38,141792.62,18774,499,Active
CC402684,C102684,TravelCard,238500.0,144537.44,93962.56,1244,999,Active
CC407810,C107810,CashbackCard,261700.0,177170.72,84529.28,17822,2999,Active
CC403718,C103718,FuelCard,273000.0,194569.52,78430.48,649,999,Active
CC404206,C104206,StudentCard,285900.0,104223.43,181676.57,18435,2999,Active
CC404531,C104531,SmartCard,138300.0,62228.86,76071.14,658,499,Active
CC403512,C103512,StudentCard,265200.0,152253.37,112946.63,14901,499,Active
CC408717,C108717,SmartCard,273700.0,104882.17,168817.83,4250,999,Active
CC400340,C100340,PremiumCard,117200.0,13812.08,103387.92,13808,2999,Active
CC408222,C108222,SmartCard,383500.0,229683.05,153816.95,731,499,Active
CC405856,C105856,TravelCard,221500.0,36316.53,185183.47,12278,2999,Active
CC401480,C101480,TravelCard,67000.0,39920.69,27079.31,15412,2999,Active
CC402417,C102417,StudentCard,38700.0,11854.39,26845.61,13356,0,Active
CC407366,C107366,StudentCard,78900.0,44505.65,34394.35,6287,499,Active
CC408047,C108047,TravelCard,208800.0,34868.31,173931.69,5912,499,Active
CC401251,C101251,TravelCard,224100.0,149029.8,75070.2,18670,0,Active
CC407540,C107540,PremiumCard,104600.0,2365.82,102234.18,284,999,Active
CC402722,C102722,CashbackCard,162900.0,15287.14,147612.86,7017,2999,Active
CC402314,C102314,FuelCard,67900.0,22230.94,45669.06,12567,0,Active
CC405128,C105128,CashbackCard,223200.0,64484.67,158715.33,12949,999,Active
CC405891,C105891,PremiumCard,259400.0,46386.34,213013.66,19942,2999,Active
CC406075,C106075,FuelCard,177000.0,141426.34,35573.66,12742,499,Active
CC406659,C106659,TravelCard,85400.0,67166.49,18233.51,17347,999,Active
CC406349,C106349,TravelCard,185600.0,133126.22,52473.78,1565,2999,Active
CC404898,C104898,StudentCard,330000.0,108250.42,221749.58,498,2999,Active
CC408734,C108734,PremiumCard,228200.0,56474.5,171725.5,969,0,Active
CC408002,C108002,SmartCard,161900.0,78567.15,83332.85,15837,2999,Active
CC409297,C109297,FuelCard,125200.0,38306.75,86893.25,5226,499,Active
CC407649,C107649,SmartCard,168000.0,100896.05,67103.95,16251,0,Active
CC409041,C109041,StudentCard,123100.0,90017.01,33082.99,17983,999,Active
CC408871,C108871,TravelCard,146400.0,92607.66,53792.34,18428,999,Active
CC404803,C104803,CashbackCard,282300.0,66160.05,216139.95,6908,499,Active
CC402609,C102609,StudentCard,73800.0,2018.37,71781.63,7800,0,Active
CC406802,C106802,CashbackCard,57600.0,9074.18,48525.82,6222,0,Active
CC406593,C106593,SmartCard,210500.0,88289.2,122210.8,9658,999,Active
CC401937,C101937,SmartCard,274800.0,26775.64,248024.36,9359,999,Active
CC404556,C104556,StudentCard,96400.0,48277.01,48122.99,17382,999,Active
CC401215,C101215,CashbackCard,198900.0,128430.99,70469.01,14250,499,Active
CC407318,C107318,StudentCard,155900.0,70475.63,85424.37,16008,2999,Active
CC401867,C101867,SmartCard,194100.0,86623.87,107476.13,2000,499,Active
CC406308,C106308,PremiumCard,144500.0,53035.41,91464.59,6967,499,Active
CC402977,C102977,StudentCard,130900.0,14693.19,116206.81,9269,999,Active
CC401041,C101041,CashbackCard,295400.0,127109.25,168290.75,12685,0,Active
CC409504,C109504,PremiumCard,128400.0,57474.74,70925.26,11617,499,Active
CC402522,C102522,FuelCard,318500.0,239723.52,78776.48,7819,0,Active
CC401223,C101223,CashbackCard,285500.0,104511.53,180988.47,5995,2999,Active
CC409243,C109243,FuelCard,176200.0,94634.87,81565.13,7620,0,Active
CC409733,C109733,FuelCard,101000.0,12002.46,88997.54,10035,2999,Active
CC400457,C100457,CashbackCard,281200.0,190526.07,90673.93,11288,999,Active
CC408242,C108242,StudentCard,148500.0,75885.92,72614.08,19048,999,Active
CC403531,C103531,StudentCard,234700.0,150006.3,84693.7,12078,999,Active
CC409686,C109686,StudentCard,252600.0,149500.67,103099.33,4469,2999,Active
CC402202,C102202,TravelCard,214800.0,142055.61,72744.39,12909,0,Active
CC408326,C108326,FuelCard,37500.0,4393.56,33106.44,6927,999,Active
CC404408,C104408,StudentCard,188500.0,23558.6,164941.4,19556,0,Active
CC407237,C107237,TravelCard,243700.0,107482.97,136217.03,7182,999,Active
CC402323,C102323,TravelCard,80800.0,5745.92,75054.08,5012,2999,Active
CC407091,C107091,TravelCard,266300.0,23959.48,242340.52,2817,2999,Active
CC403304,C103304,StudentCard,98900.0,47594.98,51305.02,13758,2999,Active
CC407029,C107029,TravelCard,100200.0,24413.09,75786.91,7112,0,Active
CC404791,C104791,PremiumCard,324900.0,29846.06,295053.94,8039,0,Active
CC402718,C102718,PremiumCard,103300.0,32286.7,71013.3,19329,0,Active
CC405837,C105837,FuelCard,343500.0,41877.13,301622.87,4594,999,Active
CC403153,C103153,StudentCard,48500.0,31996.58,16503.42,15375,499,Active
CC407752,C107752,StudentCard,329300.0,214283.68,115016.32,19063,499,Active
CC403080,C103080,TravelCard,301100.0,79054.78,222045.22,9551,999,Active
CC403641,C103641,FuelCard,131800.0,100814.48,30985.52,8587,0,Active
CC406199,C106199,TravelCard,180800.0,96412.54,84387.46,15857,0,Active
CC407401,C107401,TravelCard,107200.0,45233.54,61966.46,4595,0,Active
CC409980,C109980,SmartCard,249600.0,137964.82,111635.18,3025,0,Active
CC403902,C103902,TravelCard,64400.0,37327.05,27072.95,12051,499,Active
CC403364,C103364,StudentCard,213400.0,86757.02,126642.98,14085,2999,Active
CC404621,C104621,TravelCard,353200.0,260788.5,92411.5,19261,999,Active
CC406008,C106008,CashbackCard,145800.0,42783.09,103016.91,4160,0,Active
CC408951,C108951,FuelCard,172500.0,92763.73,79736.27,15757,0,Active
CC404171,C104171,CashbackCard,311500.0,52920.07,258579.93,4615,999,Active
CC409083,C109083,StudentCard,192000.0,13008.69,178991.31,8014,2999,Active
CC404768,C104768,PremiumCard,464700.0,51258.96,413441.04,857,0,Active
CC407142,C107142,PremiumCard,61700.0,1149.69,60550.31,6958,2999,Active
CC401129,C101129,PremiumCard,82500.0,10021.7,72478.3,7885,2999,Active
CC405225,C105225,FuelCard,227900.0,89230.65,138669.35,14991,2999,Active
CC407190,C107190,TravelCard,350200.0,187136.2,163063.8,13389,2999,Active
CC408508,C108508,SmartCard,202400.0,123498.53,78901.47,5766,2999,Active
CC401340,C101340,PremiumCard,62700.0,24044.2,38655.8,11980,499,Active
CC403646,C103646,PremiumCard,518800.0,401129.96,117670.04,3926,2999,Active
CC406691,C106691,TravelCard,143500.0,70546.52,72953.48,6371,499,Active
CC408433,C108433,TravelCard,223000.0,3504.94,219495.06,9788,0,Active
CC402938,C102938,TravelCard,189500.0,78051.23,111448.77,2567,499,Active
CC402018,C102018,StudentCard,159800.0,103376.69,56423.31,11543,0,Active
CC409186,C109186,CashbackCard,146900.0,107678.81,39221.19,19251,2999,Active
CC404257,C104257,CashbackCard,21300.0,16475.28,4824.72,4763,0,Active
CC404268,C104268,CashbackCard,29800.0,11588.53,18211.47,17231,2999,Active
CC403698,C103698,CashbackCard,232400.0,141542.86,90857.14,982,499,Active
CC408585,C108585,StudentCard,133200.0,97463.3,35736.7,15286,0,Active
CC406996,C106996,StudentCard,198100.0,49196.33,148903.67,1218,499,Active
CC406648,C106648,SmartCard,62700.0,23373.57,39326.43,2390,999,Active
CC409796,C109796,StudentCard,159300.0,96352.47,62947.53,5402,0,Active
CC403544,C103544,TravelCard,185000.0,136332.22,48667.78,8836,999,Active
CC405581,C105581,FuelCard,232000.0,3301.76,228698.24,17895,2999,Active
CC409770,C109770,StudentCard,134900.0,42252.41,92647.59,15634,499,Active
CC404696,C104696,TravelCard,173400.0,27864.7,145535.3,18900,499,Active
CC406731,C106731,StudentCard,98900.0,73355.99,25544.01,11350,499,Active
CC407040,C107040,TravelCard,175600.0,68183.54,107416.46,16289,999,Active
CC402329,C102329,TravelCard,211800.0,82381.08,129418.92,1724,2999,Active
CC403389,C103389,CashbackCard,240500.0,77334.19,163165.81,4636,0,Active
CC403933,C103933,StudentCard,59600.0,19814.59,39785.41,5402,999,Active
CC404739,C104739,CashbackCard,307400.0,179697.07,127702.93,6252,0,Active
CC409758,C109758,CashbackCard,299400.0,35474.26,263925.74,12085,499,Active
CC404465,C104465,StudentCard,229700.0,101220.08,128479.92,3776,2999,Active
CC406315,C106315,StudentCard,58000.0,41567.09,16432.91,10990,0,Active
CC404481,C104481,StudentCard,123000.0,18096.95,104903.05,10239,499,Active
CC403680,C103680,StudentCard,105500.0,65469.38,40030.62,11373,0,Active
CC403707,C103707,PremiumCard,312900.0,38571.29,274328.71,4212,499,Active
CC403683,C103683,FuelCard,55900.0,12472.01,43427.99,10765,999,Active
CC406087,C106087,CashbackCard,55100.0,11867.99,43232.01,9620,499,Active
CC408645,C108645,CashbackCard,147100.0,12488.33,134611.67,19046,999,Active
CC406560,C106560,CashbackCard,206500.0,93122.33,113377.67,9198,0,Active
CC404295,C104295,FuelCard,233000.0,123592.64,109407.36,13907,0,Active
CC405806,C105806,FuelCard,149000.0,3076.04,145923.96,494,999,Active
CC400529,C100529,FuelCard,245000.0,132567.2,112432.8,9816,0,Active
CC402732,C102732,CashbackCard,94300.0,34990.26,59309.74,7686,999,Active
CC409252,C109252,CashbackCard,205200.0,109162.11,96037.89,2267,999,Active
CC409368,C109368,CashbackCard,74300.0,54026.62,20273.38,11881,499,Active
CC406752,C106752,PremiumCard,268200.0,43373.4,224826.6,7579,499,Active
CC401330,C101330,FuelCard,128100.0,50044.98,78055.02,4670,2999,Active
CC409705,C109705,SmartCard,237800.0,160995.29,76804.71,16015,499,Active
CC401044,C101044,PremiumCard,218500.0,6173.13,212326.87,6213,499,Active
CC408440,C108440,TravelCard,164600.0,3157.02,161442.98,7919,2999,Active
CC400704,C100704,CashbackCard,217500.0,69553.83,147946.17,16596,999,Active
CC409567,C109567,StudentCard,270300.0,55970.59,214329.41,1476,0,Active
CC403055,C103055,CashbackCard,161400.0,115423.33,45976.67,12323,999,Active
CC401862,C101862,SmartCard,214900.0,56983.19,157916.81,8750,499,Active
CC405326,C105326,FuelCard,257900.0,74201.64,183698.36,4834,0,Active
CC405923,C105923,PremiumCard,142200.0,13537.22,128662.78,9940,2999,Active
CC408274,C108274,FuelCard,166500.0,78950.21,87549.79,15047,999,Active
CC404362,C104362,FuelCard,182200.0,82688.03,99511.97,6143,0,Active
CC401108,C101108,CashbackCard,232600.0,95977.72,136622.28,14306,0,Active
CC407528,C107528,FuelCard,289700.0,43218.53,246481.47,18971,499,Active
CC400320,C100320,TravelCard,130800.0,8948.23,121851.77,898,0,Active
CC400775,C100775,CashbackCard,166600.0,65740.71,100859.29,18119,999,Active
CC404946,C104946,PremiumCard,185600.0,63167.0,122433.0,1671,999,Active
CC405448,C105448,FuelCard,128400.0,47020.18,81379.82,13520,999,Active
CC409055,C109055,PremiumCard,181400.0,84640.48,96759.52,3630,499,Active
CC408358,C108358,StudentCard,204800.0,71583.26,133216.74,15372,0,Active
CC409358,C109358,TravelCard,138900.0,66857.4,72042.6,19743,0,Active
CC402426,C102426,TravelCard,62700.0,2891.51,59808.49,19411,0,Active
CC401516,C101516,PremiumCard,104700.0,29536.5,75163.5,9977,0,Active
CC408607,C108607,PremiumCard,80600.0,33189.38,47410.62,12772,0,Active
CC405114,C105114,FuelCard,200400.0,99976.1,100423.9,895,499,Active
CC404737,C104737,FuelCard,142300.0,108726.31,33573.69,4338,499,Active
CC408814,C108814,SmartCard,225900.0,39316.14,186583.86,19230,999,Active
CC404547,C104547,CashbackCard,305300.0,151703.12,153596.88,2022,499,Active
CC408627,C108627,SmartCard,147800.0,64610.99,83189.01,7715,999,Active
CC409780,C109780,PremiumCard,172800.0,10538.14,162261.86,18820,999,Active
CC402023,C102023,PremiumCard,82100.0,15113.11,66986.89,17172,499,Active
CC403233,C103233,StudentCard,203600.0,82631.4,120968.6,12105,999,Active
CC402565,C102565,CashbackCard,28000.0,11423.12,16576.88,10724,0,Active
CC407663,C107663,FuelCard,327500.0,230317.86,97182.14,1444,2999,Active
CC407359,C107359,StudentCard,156700.0,119213.88,37486.12,8959,999,Active
CC407397,C107397,PremiumCard,164100.0,73596.66,90503.34,10351,499,Active
CC404608,C104608,PremiumCard,79400.0,11509.22,67890.78,31,499,Active
CC402550,C102550,FuelCard,81300.0,51066.8,30233.2,6740,0,Active
CC401474,C101474,TravelCard,157700.0,5488.36,152211.64,18108,999,Active
CC409592,C109592,CashbackCard,136600.0,11760.74,124839.26,14756,0,Active
CC406313,C106313,CashbackCard,159300.0,67286.97,92013.03,6893,499,Active
CC402701,C102701,StudentCard,175000.0,82605.76,92394.24,10384,2999,Active
CC406166,C106166,StudentCard,406900.0,42091.7,364808.3,2907,499,Active
CC403082,C103082,FuelCard,94700.0,10070.91,84629.09,9261,999,Active
CC407853,C107853,TravelCard,102300.0,8380.58,93919.42,6323,2999,Active
CC405962,C105962,StudentCard,115700.0,84285.59,31414.41,14865,0,Active
CC400785,C100785,PremiumCard,312200.0,13745.97,298454.03,15913,499,Active
CC404267,C104267,StudentCard,81100.0,55272.31,25827.69,16439,2999,Active
CC409105,C109105,FuelCard,63200.0,2333.77,60866.23,2792,499,Active
CC407103,C107103,StudentCard,87700.0,45112.48,42587.52,15062,499,Active
CC409394,C109394,SmartCard,209200.0,159743.15,49456.85,16484,2999,Active
CC400725,C100725,CashbackCard,19800.0,1054.46,18745.54,10672,2999,Active
CC405746,C105746,PremiumCard,313400.0,226406.95,86993.05,16756,2999,Active
CC408017,C108017,TravelCard,314300.0,49379.17,264920.83,16674,499,Active
CC407104,C107104,PremiumCard,244100.0,114872.8,129227.2,2575,499,Active
CC407849,C107849,StudentCard,241400.0,77453.0,163947.0,16315,2999,Active
CC407105,C107105,TravelCard,103900.0,2981.91,100918.09,99,999,Active
CC403909,C103909,CashbackCard,203000.0,7669.81,195330.19,12411,999,Active
CC408692,C108692,SmartCard,110600.0,78425.56,32174.44,3416,499,Active
CC402098,C102098,TravelCard,226400.0,152530.94,73869.06,9423,999,Active
CC402108,C102108,PremiumCard,236700.0,129445.66,107254.34,6555,499,Active
CC401562,C101562,FuelCard,309600.0,186514.92,123085.08,10782,499,Active
CC409681,C109681,PremiumCard,159700.0,37452.05,122247.95,6813,2999,Active
CC401149,C101149,StudentCard,149700.0,54023.45,95676.55,14220,499,Active
CC402787,C102787,TravelCard,209300.0,55569.39,153730.61,17231,0,Active
CC406210,C106210,CashbackCard,124100.0,40644.68,83455.32,12703,499,Active
CC403754,C103754,TravelCard,98000.0,16407.32,81592.68,8781,0,Active
CC403944,C103944,FuelCard,104500.0,57742.21,46757.79,14760,2999,Active
CC405966,C105966,PremiumCard,188300.0,5422.58,182877.42,3150,999,Active
CC404829,C104829,PremiumCard,106300.0,83319.27,22980.73,11063,2999,Active
CC409005,C109005,StudentCard,142400.0,28202.99,114197.01,1210,2999,Active
CC400372,C100372,FuelCard,273500.0,27954.53,245545.47,288,999,Active
CC400216,C100216,TravelCard,119500.0,20484.22,99015.78,3443,999,Active
CC404376,C104376,PremiumCard,54400.0,1356.29,53043.71,3901,499,Active
CC408075,C108075,SmartCard,71000.0,5663.92,65336.08,10385,2999,Active
CC406632,C106632,StudentCard,141400.0,42409.4,98990.6,3801,0,Active
CC400908,C100908,TravelCard,239500.0,191179.23,48320.77,2845,499,Active
CC408202,C108202,CashbackCard,116400.0,40823.94,75576.06,14280,0,Active
CC406502,C106502,FuelCard,246900.0,137132.79,109767.21,356,499,Active
CC402292,C102292,CashbackCard,80400.0,12737.59,67662.41,16481,0,Active
CC406746,C106746,StudentCard,123600.0,19633.3,103966.7,9295,2999,Active
CC408092,C108092,PremiumCard,244400.0,56411.23,187988.77,17423,0,Active
CC400761,C100761,PremiumCard,68800.0,14618.86,54181.14,75,999,Active
CC403642,C103642,TravelCard,142300.0,79599.9,62700.1,6205,2999,Active
CC407201,C107201,FuelCard,114900.0,82322.04,32577.96,7056,499,Active
CC404372,C104372,PremiumCard,492500.0,148660.45,343839.55,4448,0,Active
CC403339,C103339,CashbackCard,326600.0,185618.21,140981.79,2946,2999,Active
CC402164,C102164,TravelCard,83400.0,44460.55,38939.45,13384,2999,Active
CC407124,C107124,TravelCard,99300.0,52556.52,46743.48,18065,999,Active
CC409509,C109509,StudentCard,62600.0,34697.13,27902.87,11988,499,Active
CC403002,C103002,StudentCard,132900.0,10676.52,122223.48,10534,0,Active
CC408993,C108993,SmartCard,189300.0,19372.18,169927.82,1291,999,Active
CC403471,C103471,PremiumCard,216100.0,24395.31,191704.69,18226,499,Active
CC405938,C105938,PremiumCard,207800.0,57165.46,150634.54,13053,0,Active
CC405394,C105394,TravelCard,226200.0,3600.77,222599.23,6244,499,Active
CC400283,C100283,StudentCard,144500.0,42853.81,101646.19,15257,999,Active
CC401050,C101050,StudentCard,233000.0,23930.55,209069.45,10642,0,Active
CC401242,C101242,CashbackCard,270200.0,43660.99,226539.01,1726,499,Active
CC402243,C102243,CashbackCard,74000.0,20136.43,53863.57,6686,999,Active
CC406531,C106531,PremiumCard,183700.0,56735.24,126964.76,7707,0,Active
CC408090,C108090,TravelCard,279600.0,97755.1,181844.9,6855,999,Active
CC401509,C101509,SmartCard,122400.0,15427.53,106972.47,17556,2999,Active
CC405213,C105213,FuelCard,324400.0,15858.98,308541.02,5967,2999,Active
CC407019,C107019,StudentCard,195000.0,130710.85,64289.15,11423,499,Active
CC403966,C103966,CashbackCard,288400.0,197048.17,91351.83,12911,499,Active
CC402513,C102513,FuelCard,268400.0,39822.34,228577.66,5855,499,Active
CC405411,C105411,StudentCard,196300.0,17472.76,178827.24,4832,2999,Active
CC408093,C108093,FuelCard,114400.0,58766.65,55633.35,10137,999,Active
CC408592,C108592,StudentCard,179700.0,100091.76,79608.24,7572,2999,Active
CC408813,C108813,SmartCard,131200.0,77430.16,53769.84,7028,999,Active
CC404886,C104886,SmartCard,313100.0,134481.92,178618.08,6501,999,Active
CC402933,C102933,FuelCard,203800.0,135012.82,68787.18,106,2999,Active
CC401416,C101416,CashbackCard,196900.0,93920.16,102979.84,4850,499,Active
CC408294,C108294,FuelCard,235300.0,55167.42,180132.58,6321,2999,Active
CC403515,C103515,PremiumCard,113600.0,77726.2,35873.8,9049,499,Active
CC404642,C104642,TravelCard,58100.0,28440.94,29659.06,11932,2999,Active
CC402408,C102408,PremiumCard,377100.0,8687.28,368412.72,13326,499,Active
CC400150,C100150,SmartCard,231700.0,96527.73,135172.27,12325,499,Active
CC404121,C104121,FuelCard,141400.0,5515.74,135884.26,1368,999,Active
CC404152,C104152,PremiumCard,231800.0,170565.7,61234.3,11138,2999,Active
CC401179,C101179,StudentCard,220300.0,125306.53,94993.47,14149,499,Active
CC401658,C101658,CashbackCard,174600.0,117209.45,57390.55,5450,0,Active
CC407144,C107144,CashbackCard,134900.0,36935.52,97964.48,6432,0,Active
CC408586,C108586,SmartCard,210000.0,124689.42,85310.58,2781,999,Active
CC400612,C100612,CashbackCard,134800.0,31099.38,103700.62,1904,0,Active
CC401204,C101204,CashbackCard,293900.0,46044.36,247855.64,14636,0,Active
CC404144,C104144,StudentCard,45800.0,19809.27,25990.73,6032,2999,Active
CC409127,C109127,TravelCard,400400.0,149509.4,250890.6,15241,0,Active
CC401135,C101135,StudentCard,145400.0,16775.32,128624.68,13806,0,Active
CC403384,C103384,PremiumCard,248400.0,42566.06,205833.94,8944,2999,Active
CC405596,C105596,PremiumCard,100200.0,20783.5,79416.5,18622,999,Active
CC404343,C104343,TravelCard,78300.0,28857.91,49442.09,9976,2999,Active
CC400325,C100325,StudentCard,155600.0,111490.25,44109.75,9183,0,Active
CC401432,C101432,FuelCard,144600.0,70357.26,74242.74,1542,499,Active
CC403830,C103830,SmartCard,112800.0,68497.88,44302.12,11305,499,Active
CC407334,C107334,SmartCard,164300.0,17467.68,146832.32,18176,499,Active
CC400961,C100961,StudentCard,283800.0,12006.62,271793.38,16435,999,Active
CC408758,C108758,CashbackCard,182800.0,25112.03,157687.97,18959,2999,Active
CC407093,C107093,SmartCard,357500.0,140229.93,217270.07,6837,2999,Active
CC401869,C101869,TravelCard,298000.0,66225.75,231774.25,18769,499,Active
CC400367,C100367,TravelCard,214500.0,44832.66,169667.34,5781,0,Active
CC407331,C107331,TravelCard,139800.0,599.89,139200.11,13254,0,Active
CC405000,C105000,TravelCard,443900.0,120527.78,323372.22,10233,999,Active
CC402222,C102222,TravelCard,221300.0,25915.06,195384.94,3388,499,Active
CC406392,C106392,SmartCard,137100.0,28729.79,108370.21,18930,2999,Active
CC405904,C105904,FuelCard,123100.0,52654.26,70445.74,10455,999,Active
CC403549,C103549,FuelCard,309200.0,7665.35,301534.65,2590,999,Active
CC402368,C102368,PremiumCard,36600.0,28157.57,8442.43,16026,499,Active
CC403762,C103762,CashbackCard,45300.0,10278.74,35021.26,8279,2999,Active
CC409735,C109735,TravelCard,210700.0,44790.73,165909.27,4929,999,Active
CC403350,C103350,FuelCard,26400.0,16928.31,9471.69,13633,2999,Active
CC408810,C108810,StudentCard,275800.0,215763.03,60036.97,12066,499,Active
CC404504,C104504,PremiumCard,363200.0,166780.24,196419.76,7945,999,Active
CC401711,C101711,TravelCard,31900.0,18020.34,13879.66,12845,2999,Active
CC401560,C101560,FuelCard,188600.0,96054.81,92545.19,15766,499,Active
CC409359,C109359,StudentCard,84500.0,23078.55,61421.45,18815,499,Active
CC401494,C101494,CashbackCard,51500.0,28901.93,22598.07,17404,0,Active
CC403906,C103906,StudentCard,103000.0,50382.61,52617.39,12889,2999,Active
CC407775,C107775,CashbackCard,130800.0,43200.7,87599.3,16025,499,Active
CC406989,C106989,TravelCard,370600.0,164998.54,205601.46,88,2999,Active
CC408723,C108723,PremiumCard,144700.0,91533.05,53166.95,15702,0,Active
CC402153,C102153,TravelCard,229000.0,16281.61,212718.39,10270,499,Active
CC408052,C108052,CashbackCard,199200.0,62736.99,136463.01,6355,499,Active
CC408370,C108370,CashbackCard,180400.0,98789.26,81610.74,7870,2999,Active
CC407469,C107469,TravelCard,120100.0,70077.75,50022.25,9041,499,Active
CC409809,C109809,CashbackCard,90400.0,46869.3,43530.7,18199,2999,Active
CC409611,C109611,StudentCard,181800.0,38272.33,143527.67,11042,0,Active
CC401701,C101701,CashbackCard,276400.0,27371.69,249028.31,4535,499,Active
CC406940,C106940,SmartCard,200800.0,43934.31,156865.69,5186,999,Active
CC406115,C106115,SmartCard,96400.0,26724.74,69675.26,19595,999,Active
CC408292,C108292,StudentCard,95200.0,55866.44,39333.56,5744,0,Active
CC407270,C107270,CashbackCard,55200.0,17301.73,37898.27,8964,2999,Active
CC403880,C103880,StudentCard,259800.0,203089.66,56710.34,16370,499,Active
CC406929,C106929,TravelCard,101600.0,15799.4,85800.6,4844,2999,Active
CC401272,C101272,CashbackCard,294400.0,36970.97,257429.03,19845,2999,Active
CC403812,C103812,CashbackCard,403300.0,251746.9,151553.1,480,999,Active
CC405015,C105015,FuelCard,401300.0,292828.24,108471.76,19410,499,Active
CC405456,C105456,StudentCard,169300.0,78692.62,90607.38,4289,499,Active
CC401073,C101073,PremiumCard,173600.0,1314.75,172285.25,5764,499,Active
CC405717,C105717,TravelCard,181700.0,83338.07,98361.93,12107,2999,Active
CC401483,C101483,FuelCard,275900.0,213535.77,62364.23,1770,0,Active
CC408522,C108522,SmartCard,264800.0,72101.24,192698.76,19694,2999,Active
CC403597,C103597,StudentCard,172700.0,87734.5,84965.5,11091,2999,Active
CC400628,C100628,SmartCard,170800.0,37175.29,133624.71,4675,499,Active
CC401927,C101927,PremiumCard,28700.0,12874.42,15825.58,4366,499,Active
CC407402,C107402,FuelCard,200900.0,153180.18,47719.82,9031,0,Active
CC407661,C107661,StudentCard,136300.0,77231.12,59068.88,10240,999,Active
CC402944,C102944,FuelCard,185000.0,12858.76,172141.24,12541,0,Active
CC404594,C104594,SmartCard,241900.0,90245.27,151654.73,4386,999,Active
CC403429,C103429,FuelCard,118600.0,29391.97,89208.03,11826,499,Active
CC407773,C107773,PremiumCard,82000.0,9811.32,72188.68,3307,2999,Active
CC401831,C101831,SmartCard,356100.0,5302.77,350797.23,10406,999,Active
CC400700,C100700,TravelCard,132000.0,74128.48,57871.52,18753,999,Active
CC404838,C104838,PremiumCard,50100.0,7302.49,42797.51,16828,0,Active
CC401003,C101003,CashbackCard,169500.0,89827.84,79672.16,9494,999,Active
CC407605,C107605,TravelCard,44300.0,28324.91,15975.09,1816,2999,Active
CC402591,C102591,FuelCard,40200.0,1168.78,39031.22,5783,999,Active
CC403298,C103298,TravelCard,325300.0,125920.4,199379.6,10981,999,Active
CC404521,C104521,PremiumCard,182700.0,94942.24,87757.76,13169,999,Active
CC408880,C108880,SmartCard,40800.0,32510.18,8289.82,10971,0,Active
CC401178,C101178,StudentCard,199100.0,114255.74,84844.26,19289,0,Active
CC407690,C107690,CashbackCard,202300.0,123387.95,78912.05,15186,499,Active
CC406203,C106203,TravelCard,269400.0,47186.78,222213.22,17742,999,Active
CC404858,C104858,StudentCard,226600.0,56866.48,169733.52,15180,2999,Active
CC406792,C106792,SmartCard,198600.0,24953.99,173646.01,3160,0,Active
CC402961,C102961,PremiumCard,280700.0,108275.33,172424.67,6047,2999,Active
CC409779,C109779,PremiumCard,132200.0,35323.42,96876.58,1780,499,Active
CC405831,C105831,TravelCard,175900.0,72787.52,103112.48,1104,999,Active
CC409174,C109174,StudentCard,140300.0,70598.77,69701.23,10721,2999,Active
CC401054,C101054,StudentCard,251100.0,29238.89,221861.11,16361,0,Active
CC401260,C101260,StudentCard,44900.0,10458.11,34441.89,1796,499,Active
CC400535,C100535,SmartCard,97500.0,69723.46,27776.54,10804,499,Active
CC406569,C106569,StudentCard,159500.0,72534.58,86965.42,14772,999,Active
CC406962,C106962,StudentCard,148900.0,47827.9,101072.1,8319,499,Active
CC406933,C106933,FuelCard,123000.0,95967.4,27032.6,11144,2999,Active
CC409004,C109004,StudentCard,220800.0,8348.45,212451.55,18554,0,Active
CC401592,C101592,StudentCard,221700.0,17419.06,204280.94,12074,2999,Active
CC409582,C109582,CashbackCard,289200.0,99572.77,189627.23,16987,999,Active
CC406277,C106277,PremiumCard,168400.0,8084.07,160315.93,9025,0,Active
CC406171,C106171,SmartCard,160000.0,31892.65,128107.35,6259,0,Active
CC402597,C102597,PremiumCard,329700.0,251501.02,78198.98,7572,999,Active
CC403588,C103588,FuelCard,273500.0,57982.51,215517.49,16494,0,Active
CC401580,C101580,PremiumCard,100000.0,64748.61,35251.39,9957,0,Active
CC406651,C106651,PremiumCard,269100.0,111385.24,157714.76,1786,0,Active
CC400703,C100703,TravelCard,70500.0,34650.55,35849.45,2256,2999,Active
CC406136,C106136,CashbackCard,20000.0,4865.88,15134.12,18572,499,Active
CC400896,C100896,CashbackCard,280300.0,156427.15,123872.85,13601,999,Active
CC404915,C104915,StudentCard,117500.0,8490.25,109009.75,7911,499,Active
CC405828,C105828,StudentCard,146700.0,23342.55,123357.45,12073,0,Active
CC408212,C108212,StudentCard,279600.0,3288.21,276311.79,6281,2999,Active
CC409079,C109079,StudentCard,273700.0,567.51,273132.49,10411,499,Active
CC401119,C101119,TravelCard,225200.0,117985.36,107214.64,12204,499,Active
CC404694,C104694,TravelCard,237200.0,159652.18,77547.82,7314,999,Active
CC405645,C105645,PremiumCard,145200.0,58314.7,86885.3,12639,499,Active
CC409020,C109020,StudentCard,319500.0,243083.79,76416.21,16128,2999,Active
CC405350,C105350,CashbackCard,154500.0,56911.41,97588.59,3868,0,Active
CC401925,C101925,StudentCard,101500.0,50084.42,51415.58,7687,0,Active
CC406529,C106529,StudentCard,119900.0,46431.56,73468.44,1537,2999,Active
CC408764,C108764,TravelCard,300200.0,225732.95,74467.05,19559,0,Active
CC405004,C105004,SmartCard,154000.0,37735.66,116264.34,9930,499,Active
CC402032,C102032,TravelCard,186000.0,81410.64,104589.36,8401,2999,Active
CC404384,C104384,SmartCard,323600.0,137317.17,186282.83,4235,999,Active
CC404027,C104027,PremiumCard,145700.0,86909.61,58790.39,5300,0,Active
CC403181,C103181,SmartCard,157800.0,110772.44,47027.56,9305,2999,Active
CC404410,C104410,FuelCard,232000.0,88169.47,143830.53,7833,999,Active
CC400804,C100804,PremiumCard,244300.0,80750.07,163549.93,13480,999,Active
CC403143,C103143,CashbackCard,130400.0,6142.39,124257.61,9329,499,Active
CC409828,C109828,TravelCard,311000.0,201191.63,109808.37,8225,499,Active
CC403032,C103032,TravelCard,246000.0,114275.12,131724.88,4647,999,Active
CC405067,C105067,StudentCard,189100.0,102809.36,86290.64,16785,499,Active
CC407271,C107271,CashbackCard,152600.0,52034.78,100565.22,4363,999,Active
CC406778,C106778,StudentCard,172300.0,112451.25,59848.75,18905,999,Active
CC406475,C106475,TravelCard,68100.0,4436.14,63663.86,6526,499,Active
CC408046,C108046,CashbackCard,243200.0,105898.25,137301.75,7541,2999,Active
CC400336,C100336,CashbackCard,263800.0,152239.59,111560.41,6501,0,Active
CC404572,C104572,StudentCard,86800.0,43012.07,43787.93,11538,2999,Active
CC408621,C108621,StudentCard,260900.0,57741.98,203158.02,7551,2999,Active
CC407991,C107991,SmartCard,106700.0,8816.11,97883.89,6548,2999,Active
CC406018,C106018,StudentCard,313900.0,180546.37,133353.63,3830,0,Active
CC409019,C109019,TravelCard,239900.0,1752.49,238147.51,15872,0,Active
CC406098,C106098,PremiumCard,199400.0,7612.39,191787.61,6590,999,Active
CC409909,C109909,SmartCard,133600.0,29254.07,104345.93,12872,499,Active
CC409025,C109025,SmartCard,211800.0,117420.55,94379.45,1791,499,Active
CC407269,C107269,FuelCard,116000.0,21517.32,94482.68,789,999,Active
CC406086,C106086,FuelCard,281100.0,169766.28,111333.72,16060,2999,Active
CC404357,C104357,CashbackCard,221700.0,108256.75,113443.25,3587,999,Active
CC409786,C109786,TravelCard,44400.0,18278.34,26121.66,10665,0,Active
CC400070,C100070,TravelCard,109000.0,46263.2,62736.8,4983,999,Active
CC402235,C102235,CashbackCard,225300.0,12833.15,212466.85,11451,999,Active
CC405913,C105913,StudentCard,332600.0,102036.89,230563.11,10177,999,Active
CC402957,C102957,PremiumCard,79700.0,6472.59,73227.41,14801,999,Active
CC401553,C101553,FuelCard,235700.0,113884.96,121815.04,17280,499,Active
CC405318,C105318,PremiumCard,161500.0,50339.55,111160.45,778,2999,Active
CC402638,C102638,StudentCard,171000.0,92754.47,78245.53,11201,999,Active
CC404474,C104474,PremiumCard,285000.0,173785.26,111214.74,1716,0,Active
CC409207,C109207,SmartCard,117000.0,32253.75,84746.25,15672,499,Active
CC406987,C106987,CashbackCard,177100.0,3403.07,173696.93,16545,0,Active
CC400108,C100108,StudentCard,169900.0,128195.68,41704.32,2208,999,Active
CC405624,C105624,SmartCard,240200.0,25620.81,214579.19,11037,0,Active
CC406643,C106643,TravelCard,83000.0,55800.62,27199.38,18110,999,Active
CC402661,C102661,StudentCard,131100.0,104513.35,26586.65,14638,999,Active
CC401017,C101017,CashbackCard,161600.0,85100.02,76499.98,19677,2999,Active
CC407027,C107027,StudentCard,269400.0,95240.21,174159.79,9314,2999,Active
CC407985,C107985,StudentCard,319900.0,225384.28,94515.72,6756,0,Active
CC401933,C101933,PremiumCard,415100.0,190992.83,224107.17,8275,999,Active
CC402273,C102273,StudentCard,117100.0,53204.59,63895.41,13236,499,Active
CC400953,C100953,StudentCard,100100.0,48019.82,52080.18,17596,499,Active
CC401828,C101828,CashbackCard,345200.0,133835.58,211364.42,11631,499,Active
CC407936,C107936,FuelCard,177300.0,4647.01,172652.99,8044,499,Active
CC402229,C102229,CashbackCard,128400.0,425.53,127974.47,11126,2999,Active
CC407494,C107494,FuelCard,50200.0,37289.57,12910.43,5948,2999,Active
CC405368,C105368,PremiumCard,273300.0,147022.5,126277.5,4458,2999,Active
CC405177,C105177,PremiumCard,471500.0,105044.97,366455.03,2100,499,Active
CC407686,C107686,TravelCard,128600.0,46748.29,81851.71,18420,999,Active
CC402811,C102811,CashbackCard,108100.0,15136.65,92963.35,15783,499,Active
CC407966,C107966,CashbackCard,194200.0,74343.68,119856.32,16744,0,Active
CC402197,C102197,PremiumCard,60800.0,38903.81,21896.19,9955,0,Active
CC401075,C101075,PremiumCard,146100.0,112491.81,33608.19,5790,499,Active
CC403023,C103023,SmartCard,186900.0,13840.41,173059.59,18410,2999,Active
CC400435,C100435,CashbackCard,218500.0,167527.33,50972.67,17461,0,Active
CC400788,C100788,FuelCard,123000.0,5402.42,117597.58,5252,499,Active
CC403406,C103406,PremiumCard,241800.0,83864.7,157935.3,12368,2999,Active
CC405101,C105101,StudentCard,250200.0,9797.72,240402.28,1785,2999,Active
CC408988,C108988,TravelCard,98400.0,48664.43,49735.57,6193,2999,Active
CC401549,C101549,CashbackCard,115300.0,12556.82,102743.18,7356,499,Active
CC405651,C105651,SmartCard,192400.0,3319.98,189080.02,16440,499,Active
CC405216,C105216,SmartCard,326800.0,182422.9,144377.1,1788,2999,Active
CC406760,C106760,PremiumCard,148900.0,18256.9,130643.1,11183,0,Active
CC405012,C105012,FuelCard,211500.0,98290.4,113209.6,5166,999,Active
CC404866,C104866,PremiumCard,219800.0,47740.01,172059.99,4477,0,Active
CC409876,C109876,TravelCard,90800.0,39560.31,51239.69,4261,999,Active
CC404990,C104990,CashbackCard,146700.0,45590.79,101109.21,14878,0,Active
CC406022,C106022,TravelCard,118100.0,63533.0,54567.0,6711,999,Active
CC400132,C100132,CashbackCard,167800.0,41637.18,126162.82,3369,499,Active
CC400037,C100037,CashbackCard,186200.0,90557.28,95642.72,7910,999,Active
CC403524,C103524,TravelCard,175600.0,65904.64,109695.36,1895,2999,Active
CC406124,C106124,CashbackCard,47300.0,30315.7,16984.3,11150,0,Active
CC402498,C102498,TravelCard,377600.0,222710.55,154889.45,1674,499,Active
CC405749,C105749,TravelCard,165800.0,88064.97,77735.03,3904,499,Active
CC406911,C106911,StudentCard,77600.0,61972.68,15627.32,3029,0,Active
CC401469,C101469,FuelCard,62800.0,11984.82,50815.18,15665,0,Active
CC402500,C102500,TravelCard,276500.0,49763.03,226736.97,16615,2999,Active
CC404760,C104760,FuelCard,50900.0,20683.29,30216.71,12019,499,Active
CC406469,C106469,SmartCard,44200.0,12201.2,31998.8,17463,0,Active
CC400614,C100614,PremiumCard,226400.0,95571.4,130828.6,11247,499,Active
CC404922,C104922,TravelCard,206900.0,139923.11,66976.89,17461,499,Active
CC405915,C105915,CashbackCard,85100.0,15754.79,69345.21,18229,2999,Active
CC407481,C107481,StudentCard,177900.0,56975.22,120924.78,2832,2999,Active
CC404383,C104383,PremiumCard,29300.0,12669.6,16630.4,18963,999,Active
CC405995,C105995,FuelCard,150000.0,35729.55,114270.45,11087,0,Active
CC402608,C102608,TravelCard,160200.0,35021.62,125178.38,14731,2999,Active
CC409408,C109408,CashbackCard,356400.0,26189.19,330210.81,1388,999,Active
CC402959,C102959,PremiumCard,27000.0,15248.94,11751.06,3740,499,Active
CC406344,C106344,FuelCard,91600.0,56414.04,35185.96,6460,0,Active
CC402584,C102584,CashbackCard,54600.0,13924.3,40675.7,9437,499,Active
CC408994,C108994,PremiumCard,159100.0,95672.38,63427.62,11605,2999,Active
CC404764,C104764,SmartCard,232700.0,163849.45,68850.55,15627,0,Active
CC404602,C104602,CashbackCard,371100.0,20961.27,350138.73,14749,0,Active
CC407923,C107923,TravelCard,234100.0,90601.03,143498.97,2666,499,Active
CC408416,C108416,TravelCard,51100.0,23896.68,27203.32,9256,999,Active
CC402285,C102285,PremiumCard,46700.0,16475.87,30224.13,4394,499,Active
CC403469,C103469,SmartCard,256900.0,36935.97,219964.03,15921,499,Active
CC400163,C100163,CashbackCard,238600.0,70539.28,168060.72,8361,999,Active
CC403363,C103363,SmartCard,236200.0,115293.0,120907.0,3856,2999,Active
CC404345,C104345,CashbackCard,148200.0,22151.49,126048.51,19867,0,Active
CC403535,C103535,TravelCard,64600.0,49791.68,14808.32,11377,499,Active
CC406335,C106335,PremiumCard,139500.0,17821.34,121678.66,13019,0,Active
CC402727,C102727,SmartCard,25800.0,16535.98,9264.02,13801,2999,Active
CC408256,C108256,PremiumCard,195400.0,5707.95,189692.05,9195,0,Active
CC404010,C104010,FuelCard,267000.0,182762.97,84237.03,7584,2999,Active
CC401156,C101156,FuelCard,157500.0,120932.67,36567.33,7843,0,Active
CC404263,C104263,CashbackCard,76200.0,52249.83,23950.17,3339,499,Active
CC407409,C107409,StudentCard,73400.0,36642.02,36757.98,2302,2999,Active
CC403657,C103657,TravelCard,200400.0,7568.79,192831.21,5305,0,Active
CC407556,C107556,StudentCard,226000.0,76106.75,149893.25,3874,0,Active
CC401144,C101144,SmartCard,206300.0,43430.44,162869.56,2924,999,Active
CC402072,C102072,TravelCard,161700.0,128759.28,32940.72,8488,2999,Active
CC402691,C102691,CashbackCard,202900.0,118371.94,84528.06,17224,499,Active
CC409364,C109364,CashbackCard,141700.0,88090.29,53609.71,8874,999,Active
CC409541,C109541,PremiumCard,84700.0,60370.17,24329.83,12468,0,Active
CC406640,C106640,SmartCard,89500.0,35529.86,53970.14,6328,999,Active
CC405901,C105901,FuelCard,110800.0,15852.51,94947.49,2321,499,Active
CC405737,C105737,StudentCard,138300.0,92031.65,46268.35,1238,0,Active
CC408779,C108779,TravelCard,168300.0,44240.38,124059.62,1387,999,Active
CC401948,C101948,FuelCard,193100.0,1697.99,191402.01,16590,0,Active
CC404863,C104863,FuelCard,35300.0,2548.73,32751.27,9344,999,Active
CC406026,C106026,FuelCard,224600.0,74021.31,150578.69,7912,499,Active
CC409484,C109484,StudentCard,95700.0,3336.76,92363.24,15851,2999,Active
CC401189,C101189,CashbackCard,227400.0,44293.32,183106.68,3641,499,Active
CC408687,C108687,PremiumCard,298000.0,55627.04,242372.96,13769,2999,Active
CC400547,C100547,CashbackCard,406800.0,64471.63,342328.37,3632,999,Active
CC407464,C107464,PremiumCard,39000.0,19905.48,19094.52,1750,499,Active
CC402948,C102948,PremiumCard,212500.0,50856.71,161643.29,17233,2999,Active
CC403045,C103045,StudentCard,168500.0,45313.22,123186.78,18000,0,Active
CC406188,C106188,TravelCard,69100.0,3885.72,65214.28,9806,0,Active
CC400297,C100297,SmartCard,109300.0,16681.65,92618.35,19108,999,Active
CC400876,C100876,SmartCard,97000.0,31300.13,65699.87,2156,0,Active
CC403407,C103407,CashbackCard,265800.0,90694.34,175105.66,3222,0,Active
CC402378,C102378,FuelCard,283600.0,174557.17,109042.83,18831,999,Active
CC403494,C103494,CashbackCard,116100.0,18511.68,97588.32,10174,999,Active
CC402830,C102830,TravelCard,173300.0,43604.43,129695.57,2966,0,Active
CC403649,C103649,PremiumCard,186400.0,38886.76,147513.24,11142,2999,Active
CC400514,C100514,StudentCard,173700.0,15814.04,157885.96,14274,2999,Active
CC404762,C104762,PremiumCard,269700.0,147523.23,122176.77,2000,2999,Active
CC403071,C103071,SmartCard,378900.0,102291.13,276608.87,18725,2999,Active
CC400511,C100511,TravelCard,213400.0,24066.01,189333.99,19374,2999,Active
CC404717,C104717,SmartCard,176700.0,110025.47,66674.53,7395,2999,Active
CC402278,C102278,StudentCard,126800.0,88402.69,38397.31,5197,0,Active
CC401604,C101604,StudentCard,180300.0,82956.98,97343.02,9129,999,Active
CC409588,C109588,PremiumCard,138800.0,3885.84,134914.16,3975,499,Active
CC408870,C108870,SmartCard,338600.0,7245.68,331354.32,9648,499,Active
CC405551,C105551,TravelCard,258000.0,47011.74,210988.26,19700,999,Active
CC405629,C105629,StudentCard,387900.0,265615.0,122285.0,3156,0,Active
CC408039,C108039,TravelCard,161300.0,11931.09,149368.91,14531,2999,Active
CC401514,C101514,PremiumCard,170300.0,8338.06,161961.94,8255,0,Active
CC400385,C100385,FuelCard,94100.0,8777.74,85322.26,10242,999,Active
CC404179,C104179,PremiumCard,183700.0,24470.47,159229.53,8049,2999,Active
CC400757,C100757,TravelCard,191900.0,136533.74,55366.26,7962,2999,Active
CC403720,C103720,PremiumCard,65300.0,51668.21,13631.79,583,2999,Active
CC404454,C104454,SmartCard,199200.0,85299.79,113900.21,2092,2999,Active
CC408391,C108391,StudentCard,57800.0,25739.13,32060.87,13338,2999,Active
CC407067,C107067,StudentCard,118100.0,10885.85,107214.15,3036,499,Active
CC401467,C101467,PremiumCard,242200.0,11443.69,230756.31,12811,0,Active
CC402945,C102945,PremiumCard,251300.0,127153.0,124147.0,3422,0,Active
CC400143,C100143,FuelCard,51600.0,40999.16,10600.84,5718,2999,Active
CC406843,C106843,TravelCard,158200.0,115869.75,42330.25,12886,999,Active
CC403044,C103044,FuelCard,25800.0,10193.18,15606.82,3363,0,Active
CC404016,C104016,TravelCard,316400.0,62840.28,253559.72,5139,2999,Active
CC403136,C103136,CashbackCard,107100.0,59357.68,47742.32,13311,2999,Active
CC409660,C109660,StudentCard,232500.0,137688.99,94811.01,17223,499,Active
CC408886,C108886,CashbackCard,64000.0,4680.28,59319.72,8530,999,Active
CC408700,C108700,FuelCard,28200.0,2908.42,25291.58,17391,499,Active
CC402545,C102545,PremiumCard,51300.0,3799.62,47500.38,13007,0,Active
CC405217,C105217,TravelCard,87400.0,14153.01,73246.99,16255,2999,Active
CC407882,C107882,TravelCard,270200.0,156263.64,113936.36,6500,999,Active
CC407710,C107710,CashbackCard,161300.0,118333.64,42966.36,3997,999,Active
CC408189,C108189,SmartCard,67900.0,40817.27,27082.73,14260,2999,Active
CC408653,C108653,TravelCard,239700.0,183988.18,55711.82,3625,2999,Active
CC409907,C109907,CashbackCard,242200.0,91325.26,150874.74,15052,0,Active
CC408445,C108445,FuelCard,175700.0,69213.42,106486.58,14930,0,Active
CC402863,C102863,SmartCard,368400.0,61426.76,306973.24,16420,2999,Active
CC400516,C100516,TravelCard,247500.0,35758.76,211741.24,7019,2999,Active
CC401236,C101236,TravelCard,140200.0,110297.7,29902.3,14776,499,Active
CC408169,C108169,FuelCard,208800.0,140641.96,68158.04,14068,2999,Active
CC409848,C109848,FuelCard,348700.0,79491.34,269208.66,1987,499,Active
CC402351,C102351,CashbackCard,194000.0,143707.78,50292.22,81,499,Active
CC404726,C104726,PremiumCard,97700.0,306.22,97393.78,4512,999,Active
CC407599,C107599,SmartCard,143700.0,75704.41,67995.59,3423,999,Active
CC404090,C104090,StudentCard,402600.0,125830.75,276769.25,14234,499,Active
CC405685,C105685,SmartCard,202200.0,7246.17,194953.83,11872,999,Active
CC405677,C105677,FuelCard,144300.0,26434.49,117865.51,14620,0,Active
CC406765,C106765,FuelCard,150600.0,37982.76,112617.24,704,2999,Active
CC407908,C107908,SmartCard,82700.0,51288.11,31411.89,3685,499,Active
CC408855,C108855,CashbackCard,370300.0,132020.0,238280.0,16402,499,Active
CC400564,C100564,PremiumCard,97800.0,21296.29,76503.71,7256,2999,Active
CC408100,C108100,CashbackCard,93300.0,73636.34,19663.66,4786,2999,Active
CC404095,C104095,TravelCard,62500.0,21744.62,40755.38,12140,2999,Active
CC407399,C107399,StudentCard,161900.0,83652.47,78247.53,15977,0,Active
CC401921,C101921,FuelCard,367000.0,68386.94,298613.06,6294,2999,Active
CC402232,C102232,PremiumCard,280100.0,201082.23,79017.77,3548,999,Active
CC408317,C108317,FuelCard,242500.0,72928.46,169571.54,8845,0,Active
CC406772,C106772,FuelCard,325100.0,27729.86,297370.14,16924,999,Active
CC408421,C108421,TravelCard,120900.0,79339.55,41560.45,9336,999,Active
CC400249,C100249,SmartCard,71900.0,6142.25,65757.75,5978,0,Active
CC401266,C101266,TravelCard,145800.0,95433.6,50366.4,5817,2999,Active
CC400999,C100999,TravelCard,192600.0,77253.09,115346.91,8322,0,Active
CC400798,C100798,SmartCard,324600.0,166209.67,158390.33,12620,499,Active
CC403626,C103626,CashbackCard,341300.0,233774.96,107525.04,6079,2999,Active
CC404558,C104558,TravelCard,192100.0,130041.81,62058.19,17462,0,Active
CC401738,C101738,PremiumCard,108700.0,9938.23,98761.77,84,2999,Active
CC401470,C101470,SmartCard,263500.0,174116.15,89383.85,18807,499,Active
CC408694,C108694,CashbackCard,54300.0,33034.79,21265.21,17527,999,Active
CC407081,C107081,SmartCard,60800.0,25232.25,35567.75,11237,2999,Active
CC409470,C109470,SmartCard,170300.0,57765.6,112534.4,12988,499,Active
CC400330,C100330,PremiumCard,86200.0,11604.78,74595.22,14933,0,Active
CC407855,C107855,PremiumCard,372600.0,118189.49,254410.51,5794,0,Active
CC401902,C101902,CashbackCard,345900.0,61800.2,284099.8,1038,2999,Active
CC402966,C102966,PremiumCard,113400.0,6174.61,107225.39,15304,2999,Active
CC407988,C107988,PremiumCard,162800.0,1905.23,160894.77,15252,999,Active
CC407919,C107919,CashbackCard,204100.0,27943.43,176156.57,7451,999,Active
CC400963,C100963,FuelCard,168800.0,145.42,168654.58,2949,499,Active
CC407278,C107278,PremiumCard,226300.0,15769.59,210530.41,18537,0,Active
CC404229,C104229,StudentCard,211100.0,51678.21,159421.79,10792,999,Active
CC401643,C101643,TravelCard,106200.0,47198.97,59001.03,18951,0,Active
CC404640,C104640,SmartCard,410700.0,35297.81,375402.19,6614,499,Active
CC403507,C103507,FuelCard,121800.0,23836.86,97963.14,14193,2999,Active
CC400931,C100931,TravelCard,314500.0,140058.39,174441.61,2217,499,Active
CC404290,C104290,StudentCard,150200.0,58634.63,91565.37,19836,999,Active
CC404297,C104297,SmartCard,43400.0,31674.0,11726.0,9076,2999,Active
CC402699,C102699,TravelCard,240400.0,22010.88,218389.12,10726,499,Active
CC406693,C106693,StudentCard,212900.0,4390.27,208509.73,10632,2999,Active
CC400202,C100202,TravelCard,245900.0,102827.17,143072.83,7440,0,Active
CC404570,C104570,StudentCard,270100.0,45699.0,224401.0,11479,2999,Active
CC407129,C107129,FuelCard,47400.0,14841.76,32558.24,920,499,Active
CC406552,C106552,StudentCard,161200.0,23615.43,137584.57,17563,499,Active
CC403993,C103993,FuelCard,181100.0,55181.19,125918.81,12051,2999,Active
CC408437,C108437,TravelCard,306400.0,109622.98,196777.02,288,2999,Active
CC403467,C103467,TravelCard,271500.0,102695.23,168804.77,2084,499,Active
CC403782,C103782,SmartCard,78700.0,56052.62,22647.38,9152,499,Active
CC404354,C104354,FuelCard,326600.0,31288.3,295311.7,8118,2999,Active
CC405044,C105044,TravelCard,119000.0,69747.68,49252.32,14905,0,Active
CC403276,C103276,TravelCard,254600.0,140757.33,113842.67,19298,499,Active
CC407369,C107369,StudentCard,43600.0,10536.78,33063.22,4668,2999,Active
CC402712,C102712,CashbackCard,191400.0,48204.2,143195.8,4874,0,Active
CC400390,C100390,SmartCard,245400.0,174895.3,70504.7,11582,499,Active
CC400955,C100955,StudentCard,191300.0,149877.09,41422.91,5814,0,Active
CC406737,C106737,TravelCard,64300.0,46803.23,17496.77,19755,499,Active
CC407580,C107580,CashbackCard,119600.0,89112.93,30487.07,3733,999,Active
CC400483,C100483,FuelCard,341400.0,239961.18,101438.82,4976,999,Active
CC407677,C107677,TravelCard,230000.0,29691.18,200308.82,6932,0,Active
CC409017,C109017,TravelCard,107900.0,70062.2,37837.8,14604,999,Active
CC405366,C105366,PremiumCard,241600.0,6137.05,235462.95,964,999,Active
CC400041,C100041,FuelCard,92600.0,51664.99,40935.01,10281,499,Active
CC409210,C109210,TravelCard,145700.0,50830.17,94869.83,8593,0,Active
CC406017,C106017,PremiumCard,213900.0,138008.81,75891.19,16410,999,Active
CC408560,C108560,CashbackCard,209200.0,39403.04,169796.96,11198,999,Active
CC406454,C106454,FuelCard,227600.0,122496.24,105103.76,13827,2999,Active
CC403530,C103530,StudentCard,120600.0,4663.15,115936.85,8450,2999,Active
CC406796,C106796,StudentCard,97800.0,64462.5,33337.5,11028,0,Active
CC405937,C105937,FuelCard,293500.0,195453.67,98046.33,9821,999,Active
CC405949,C105949,SmartCard,331500.0,205332.76,126167.24,1826,2999,Active
CC408722,C108722,SmartCard,229600.0,142849.55,86750.45,16457,999,Active
CC403485,C103485,FuelCard,185400.0,138349.1,47050.9,8728,999,Active
CC402311,C102311,TravelCard,154600.0,12250.01,142349.99,8182,2999,Active
CC405924,C105924,SmartCard,136600.0,2441.52,134158.48,3588,999,Active
CC405096,C105096,CashbackCard,349300.0,9740.72,339559.28,15396,2999,Active
CC400578,C100578,CashbackCard,52800.0,36291.29,16508.71,5785,499,Active
CC401018,C101018,StudentCard,155200.0,94841.27,60358.73,12606,0,Active
CC407209,C107209,FuelCard,208400.0,146104.3,62295.7,7510,999,Active
CC401635,C101635,SmartCard,154200.0,4395.69,149804.31,10276,0,Active
CC400615,C100615,PremiumCard,170200.0,58839.53,111360.47,16027,999,Active
CC402412,C102412,FuelCard,151800.0,24360.32,127439.68,15859,499,Active
CC403308,C103308,TravelCard,106200.0,33766.97,72433.03,10907,2999,Active
CC408809,C108809,TravelCard,92600.0,62055.19,30544.81,10860,999,Active
CC409006,C109006,PremiumCard,66600.0,4769.85,61830.15,8714,2999,Active
CC408975,C108975,CashbackCard,145800.0,110307.98,35492.02,1646,499,Active
CC408194,C108194,FuelCard,204800.0,3999.74,200800.26,9302,2999,Active
CC401239,C101239,TravelCard,353300.0,273026.61,80273.39,7360,499,Active
CC408373,C108373,StudentCard,227100.0,161993.81,65106.19,14101,0,Active
CC404874,C104874,PremiumCard,146100.0,26420.74,119679.26,9096,499,Active
CC405219,C105219,PremiumCard,622100.0,208086.11,414013.89,821,499,Active
CC401698,C101698,FuelCard,354800.0,128498.76,226301.24,6547,2999,Active
CC409090,C109090,TravelCard,174700.0,92553.64,82146.36,4084,999,Active
CC400467,C100467,PremiumCard,185600.0,108976.39,76623.61,3439,999,Active
CC400919,C100919,StudentCard,177900.0,130269.29,47630.71,6229,2999,Active
CC402595,C102595,FuelCard,59700.0,14511.61,45188.39,15609,999,Active
CC405773,C105773,FuelCard,262000.0,143047.95,118952.05,18645,2999,Active
CC401154,C101154,CashbackCard,226600.0,114747.99,111852.01,14474,499,Active
CC404506,C104506,TravelCard,206300.0,96319.73,109980.27,14321,0,Active
CC400668,C100668,FuelCard,263100.0,50903.51,212196.49,10050,499,Active
CC400557,C100557,CashbackCard,143600.0,20059.39,123540.61,4063,0,Active
CC404193,C104193,StudentCard,181600.0,17979.7,163620.3,79,0,Active
CC400880,C100880,StudentCard,146900.0,19721.63,127178.37,2236,0,Active
CC401712,C101712,TravelCard,143100.0,67661.94,75438.06,19140,2999,Active
CC407477,C107477,PremiumCard,67600.0,44252.17,23347.83,715,999,Active
CC400698,C100698,PremiumCard,25400.0,1547.25,23852.75,5043,499,Active
CC407735,C107735,PremiumCard,59600.0,40146.54,19453.46,7299,499,Active
CC407272,C107272,SmartCard,93700.0,21253.12,72446.88,1810,0,Active
CC409742,C109742,CashbackCard,101500.0,41686.39,59813.61,17106,2999,Active
CC402632,C102632,PremiumCard,74700.0,5826.19,68873.81,11954,499,Active
CC400272,C100272,CashbackCard,55700.0,17173.41,38526.59,10416,999,Active
CC407002,C107002,CashbackCard,115300.0,23277.28,92022.72,1747,499,Active
CC400298,C100298,CashbackCard,181000.0,50147.63,130852.37,12527,499,Active
CC404899,C104899,CashbackCard,32500.0,24272.55,8227.45,9693,2999,Active
CC402548,C102548,FuelCard,221800.0,50278.28,171521.72,7224,2999,Active
CC403455,C103455,PremiumCard,227500.0,33887.54,193612.46,8488,999,Active
CC403377,C103377,CashbackCard,207300.0,62445.18,144854.82,2353,0,Active
CC402555,C102555,SmartCard,19400.0,14033.49,5366.51,1155,2999,Active
CC404692,C104692,PremiumCard,550300.0,389473.42,160826.58,10795,999,Active
CC406968,C106968,CashbackCard,313800.0,208474.12,105325.88,17769,999,Active
CC405688,C105688,FuelCard,202400.0,156175.54,46224.46,17915,2999,Active
CC402191,C102191,StudentCard,145300.0,101039.82,44260.18,8114,999,Active
CC405713,C105713,SmartCard,130000.0,56506.11,73493.89,8197,499,Active
CC402379,C102379,TravelCard,179900.0,56969.1,122930.9,12887,499,Active
CC409078,C109078,FuelCard,139300.0,78076.37,61223.63,19777,0,Active
CC408732,C108732,CashbackCard,251500.0,96982.16,154517.84,12757,2999,Active
CC403855,C103855,StudentCard,202000.0,62221.75,139778.25,12434,0,Active
CC409517,C109517,SmartCard,415200.0,101770.39,313429.61,13758,499,Active
CC401227,C101227,CashbackCard,123000.0,49503.97,73496.03,10800,2999,Active
CC404441,C104441,SmartCard,48400.0,26550.3,21849.7,19555,999,Active
CC401752,C101752,CashbackCard,129700.0,51565.5,78134.5,16239,2999,Active
CC405116,C105116,PremiumCard,59200.0,25048.31,34151.69,19319,999,Active
CC403245,C103245,PremiumCard,98300.0,59960.29,38339.71,6006,2999,Active
CC406181,C106181,SmartCard,226000.0,142912.36,83087.64,2221,0,Active
CC402852,C102852,CashbackCard,68900.0,47782.56,21117.44,19555,499,Active
CC403635,C103635,PremiumCard,118100.0,65214.17,52885.83,5138,0,Active
CC409815,C109815,CashbackCard,175100.0,74306.38,100793.62,6883,999,Active
CC402010,C102010,PremiumCard,148900.0,61331.83,87568.17,8251,2999,Active
CC406743,C106743,TravelCard,86600.0,52326.44,34273.56,1507,0,Active
CC400576,C100576,CashbackCard,191700.0,17426.37,174273.63,10310,499,Active
CC405826,C105826,CashbackCard,88900.0,32536.39,56363.61,3411,2999,Active
CC408185,C108185,TravelCard,109300.0,64425.95,44874.05,6121,499,Active
CC407289,C107289,FuelCard,178400.0,55464.06,122935.94,3672,999,Active
CC405282,C105282,SmartCard,157700.0,40461.16,117238.84,19051,999,Active
CC409771,C109771,SmartCard,341200.0,193928.43,147271.57,14457,499,Active
CC406368,C106368,CashbackCard,190400.0,98256.88,92143.12,4341,0,Active
CC401375,C101375,FuelCard,208600.0,71643.38,136956.62,14652,2999,Active
CC406932,C106932,FuelCard,127800.0,41030.45,86769.55,2082,0,Active
CC409852,C109852,TravelCard,155300.0,114765.28,40534.72,18301,2999,Active
CC406229,C106229,StudentCard,476300.0,120674.62,355625.38,5603,0,Active
CC404512,C104512,TravelCard,115400.0,50868.87,64531.13,11589,499,Active
CC405867,C105867,SmartCard,177100.0,141302.04,35797.96,3507,499,Active
CC408244,C108244,SmartCard,284600.0,143089.1,141510.9,3010,499,Active
CC408929,C108929,FuelCard,214100.0,59884.38,154215.62,3900,999,Active
CC404005,C104005,FuelCard,190800.0,73219.48,117580.52,8529,2999,Active
CC405349,C105349,StudentCard,135900.0,91385.34,44514.66,14148,2999,Active
CC403354,C103354,FuelCard,168800.0,19860.79,148939.21,548,999,Active
CC408877,C108877,StudentCard,135500.0,18816.38,116683.62,18616,2999,Active
CC404391,C104391,TravelCard,123400.0,87515.66,35884.34,16263,999,Active
CC408289,C108289,CashbackCard,69800.0,34527.16,35272.84,10085,2999,Active
CC402997,C102997,CashbackCard,96000.0,47161.34,48838.66,19253,499,Active
CC406543,C106543,PremiumCard,170600.0,99789.35,70810.65,13420,2999,Active
CC406134,C106134,CashbackCard,147400.0,31198.26,116201.74,10713,999,Active
CC408884,C108884,FuelCard,99900.0,70101.45,29798.55,6951,2999,Active
CC409390,C109390,SmartCard,394900.0,100665.27,294234.73,415,999,Active
CC406726,C106726,CashbackCard,163700.0,61329.92,102370.08,8221,999,Active
CC400343,C100343,SmartCard,168400.0,81773.2,86626.8,12033,499,Active
CC407926,C107926,StudentCard,259400.0,164578.52,94821.48,4549,499,Active
CC404590,C104590,PremiumCard,192400.0,153180.25,39219.75,12922,0,Active
CC400882,C100882,StudentCard,127400.0,30870.35,96529.65,10058,0,Active
CC406819,C106819,TravelCard,80400.0,44226.97,36173.03,17166,499,Active
CC400807,C100807,FuelCard,77700.0,13290.03,64409.97,3847,0,Active
CC406490,C106490,StudentCard,158100.0,51206.31,106893.69,4043,499,Active
CC408967,C108967,FuelCard,215100.0,123751.13,91348.87,18185,2999,Active
CC403010,C103010,StudentCard,48900.0,11052.75,37847.25,17407,2999,Active
CC400144,C100144,StudentCard,202500.0,62542.27,139957.73,18250,0,Active
CC401924,C101924,PremiumCard,225300.0,43608.21,181691.79,10413,499,Active
CC402705,C102705,FuelCard,145900.0,91632.86,54267.14,6566,999,Active
CC408346,C108346,TravelCard,148800.0,3176.5,145623.5,5955,499,Active
CC408452,C108452,TravelCard,96700.0,59863.62,36836.38,4295,999,Active
CC407718,C107718,CashbackCard,322300.0,9825.28,312474.72,394,2999,Active
CC407159,C107159,TravelCard,52700.0,25308.98,27391.02,8991,499,Active
CC402334,C102334,StudentCard,197100.0,95547.68,101552.32,9853,0,Active
CC406013,C106013,SmartCard,174400.0,94498.81,79901.19,11876,2999,Active
CC409723,C109723,SmartCard,94300.0,36247.2,58052.8,6583,499,Active
CC401790,C101790,CashbackCard,328600.0,119089.16,209510.84,16073,499,Active
CC400894,C100894,SmartCard,119400.0,68715.08,50684.92,14153,2999,Active
CC403981,C103981,FuelCard,186700.0,108905.88,77794.12,3533,999,Active
CC404244,C104244,StudentCard,255000.0,5791.18,249208.82,12048,2999,Active
CC405319,C105319,CashbackCard,77400.0,24526.24,52873.76,3176,999,Active
CC405022,C105022,PremiumCard,259700.0,201819.13,57880.87,5724,0,Active
CC406101,C106101,PremiumCard,241000.0,30817.97,210182.03,9620,499,Active
CC407818,C107818,CashbackCard,328900.0,255319.77,73580.23,1592,999,Active
CC408873,C108873,FuelCard,83700.0,39415.15,44284.85,10655,499,Active
CC407183,C107183,SmartCard,152900.0,107716.32,45183.68,628,2999,Active
CC401254,C101254,CashbackCard,70000.0,23733.48,46266.52,2046,0,Active
CC400324,C100324,StudentCard,97500.0,68471.22,29028.78,9523,0,Active
CC408909,C108909,TravelCard,242300.0,127741.41,114558.59,15429,499,Active
CC401338,C101338,CashbackCard,219300.0,75150.07,144149.93,8712,0,Active
CC402256,C102256,TravelCard,373700.0,260376.38,113323.62,17747,499,Active
CC406397,C106397,StudentCard,307600.0,93967.85,213632.15,3319,0,Active
CC409633,C109633,StudentCard,112000.0,49179.01,62820.99,11258,0,Active
CC404169,C104169,CashbackCard,106700.0,56381.41,50318.59,19569,0,Active
CC408172,C108172,StudentCard,128200.0,60144.81,68055.19,7437,499,Active
CC405808,C105808,PremiumCard,187400.0,45225.98,142174.02,16517,2999,Active
CC402428,C102428,CashbackCard,203900.0,35620.33,168279.67,14085,999,Active
CC402476,C102476,SmartCard,120100.0,59931.03,60168.97,8724,2999,Active
CC400680,C100680,SmartCard,35300.0,26933.36,8366.64,7018,0,Active
CC409829,C109829,StudentCard,37600.0,21164.28,16435.72,2981,2999,Active
CC406689,C106689,CashbackCard,218100.0,84607.43,133492.57,17824,0,Active
CC402598,C102598,TravelCard,98900.0,75751.4,23148.6,12254,499,Active
CC404802,C104802,FuelCard,153000.0,104281.84,48718.16,16349,499,Active
CC402483,C102483,PremiumCard,186900.0,73792.07,113107.93,15783,499,Active
CC401197,C101197,SmartCard,192700.0,79875.68,112824.32,5400,0,Active
CC407962,C107962,FuelCard,107500.0,60802.95,46697.05,16947,2999,Active
CC404666,C104666,SmartCard,114500.0,15118.37,99381.63,15613,2999,Active
CC403046,C103046,FuelCard,235900.0,60490.53,175409.47,1949,0,Active
CC408359,C108359,SmartCard,190100.0,1711.22,188388.78,10616,2999,Active
CC408027,C108027,CashbackCard,126100.0,85696.67,40403.33,15825,499,Active
CC405954,C105954,StudentCard,39000.0,7212.35,31787.65,4919,499,Active
CC402204,C102204,TravelCard,231200.0,145079.29,86120.71,9362,2999,Active
CC405666,C105666,PremiumCard,62300.0,28887.49,33412.51,9587,2999,Active
CC400384,C100384,PremiumCard,101800.0,1450.95,100349.05,8761,499,Active
CC402178,C102178,StudentCard,71200.0,19418.98,51781.02,18317,0,Active
CC403883,C103883,CashbackCard,160600.0,59900.65,100699.35,6129,999,Active
CC402915,C102915,StudentCard,131800.0,89797.64,42002.36,10099,2999,Active
CC400840,C100840,CashbackCard,172400.0,50369.97,122030.03,5010,499,Active
CC402600,C102600,PremiumCard,164700.0,65355.37,99344.63,6277,0,Active
CC402100,C102100,TravelCard,170900.0,89774.89,81125.11,5568,0,Active
CC401127,C101127,FuelCard,135700.0,10839.28,124860.72,19322,0,Active
CC406150,C106150,PremiumCard,116500.0,3552.08,112947.92,8600,499,Active
CC400377,C100377,PremiumCard,469100.0,190513.58,278586.42,16093,2999,Active
CC401766,C101766,StudentCard,211800.0,139579.1,72220.9,8778,999,Active
CC406790,C106790,SmartCard,233100.0,41668.88,191431.12,1972,0,Active
CC405387,C105387,StudentCard,437200.0,252802.0,184398.0,7340,999,Active
CC408106,C108106,SmartCard,22600.0,13321.11,9278.89,18318,0,Active
CC404358,C104358,CashbackCard,384500.0,174231.74,210268.26,9944,0,Active
CC406148,C106148,SmartCard,83300.0,7828.39,75471.61,13506,2999,Active
CC406119,C106119,PremiumCard,266200.0,38650.77,227549.23,8720,2999,Active
CC404026,C104026,PremiumCard,135600.0,11952.12,123647.88,17683,499,Active
CC401361,C101361,TravelCard,112600.0,41219.68,71380.32,3473,2999,Active
CC407219,C107219,CashbackCard,236700.0,89825.23,146874.77,10426,999,Active
CC409835,C109835,TravelCard,213700.0,30880.97,182819.03,11587,499,Active
CC401431,C101431,SmartCard,105800.0,42568.34,63231.66,11716,999,Active
CC402750,C102750,TravelCard,33000.0,8117.31,24882.69,6017,2999,Active
CC406046,C106046,PremiumCard,31800.0,12343.51,19456.49,7690,499,Active
CC406854,C106854,CashbackCard,149800.0,60466.82,89333.18,12920,0,Active
CC401832,C101832,SmartCard,72000.0,19068.36,52931.64,9790,2999,Active
CC409218,C109218,StudentCard,240400.0,109217.06,131182.94,11068,499,Active
CC402576,C102576,SmartCard,33800.0,17862.84,15937.16,9568,0,Active
CC404154,C104154,StudentCard,176000.0,115932.52,60067.48,7280,0,Active
CC401523,C101523,PremiumCard,142900.0,40701.79,102198.21,8160,2999,Active
CC407193,C107193,CashbackCard,215600.0,46013.12,169586.88,13719,499,Active
CC403956,C103956,StudentCard,231500.0,156571.59,74928.41,12968,0,Active
CC402360,C102360,SmartCard,187000.0,11273.72,175726.28,12455,0,Active
CC405493,C105493,SmartCard,257000.0,98815.87,158184.13,12744,499,Active
CC401899,C101899,PremiumCard,25300.0,11466.83,13833.17,7085,2999,Active
CC401091,C101091,FuelCard,229600.0,106801.22,122798.78,11177,0,Active
CC401411,C101411,StudentCard,116600.0,76076.62,40523.38,2750,499,Active
CC409853,C109853,SmartCard,125100.0,15477.04,109622.96,12478,2999,Active
CC401464,C101464,FuelCard,145900.0,112547.78,33352.22,12175,2999,Active
CC405564,C105564,SmartCard,218700.0,94342.86,124357.14,17010,999,Active
CC408247,C108247,PremiumCard,146500.0,104896.44,41603.56,9979,999,Active
CC404497,C104497,PremiumCard,79400.0,19353.51,60046.49,14175,2999,Active
CC408525,C108525,StudentCard,110600.0,56567.66,54032.34,2653,0,Active
CC403007,C103007,TravelCard,124300.0,76002.94,48297.06,4733,2999,Active
CC401060,C101060,CashbackCard,255700.0,76481.97,179218.03,12682,999,Active
CC407033,C107033,StudentCard,118400.0,31587.4,86812.6,15439,499,Active
CC405771,C105771,StudentCard,95000.0,19770.91,75229.09,11331,0,Active
CC400291,C100291,PremiumCard,379400.0,200242.28,179157.72,18265,999,Active
CC409637,C109637,PremiumCard,297200.0,104718.63,192481.37,14414,999,Active
CC404604,C104604,StudentCard,106000.0,77620.49,28379.51,8753,499,Active
CC402056,C102056,FuelCard,47300.0,11184.09,36115.91,12355,999,Active
CC408868,C108868,FuelCard,119400.0,5749.81,113650.19,8460,0,Active
CC401573,C101573,CashbackCard,344900.0,275687.24,69212.76,7537,2999,Active
CC400726,C100726,CashbackCard,336200.0,81233.4,254966.6,2422,0,Active
CC409158,C109158,StudentCard,384900.0,130827.29,254072.71,10825,499,Active
CC403609,C103609,PremiumCard,136100.0,86591.46,49508.54,16790,0,Active
CC401723,C101723,CashbackCard,222700.0,77970.22,144729.78,2984,0,Active
CC403846,C103846,FuelCard,154900.0,75509.36,79390.64,5358,2999,Active
CC400043,C100043,CashbackCard,218200.0,154296.48,63903.52,17625,0,Active
CC405606,C105606,PremiumCard,265100.0,84985.53,180114.47,10259,499,Active
CC405888,C105888,CashbackCard,95500.0,23081.91,72418.09,16814,499,Active
CC401077,C101077,TravelCard,241100.0,49803.97,191296.03,13354,0,Active
CC409761,C109761,StudentCard,350300.0,279425.73,70874.27,918,2999,Active
CC409182,C109182,SmartCard,159200.0,66484.84,92715.16,18822,999,Active
CC404364,C104364,PremiumCard,161300.0,121086.7,40213.3,1529,2999,Active
CC403027,C103027,PremiumCard,484200.0,107676.59,376523.41,2421,0,Active
CC407880,C107880,PremiumCard,147700.0,8746.97,138953.03,11717,499,Active
CC401218,C101218,StudentCard,218500.0,89893.41,128606.59,16072,999,Active
CC406727,C106727,CashbackCard,187100.0,47672.08,139427.92,5882,999,Active
CC406684,C106684,PremiumCard,277000.0,137914.12,139085.88,5338,999,Active
CC401720,C101720,SmartCard,200500.0,102586.42,97913.58,6348,2999,Active
CC402819,C102819,TravelCard,110800.0,28849.66,81950.34,10035,0,Active
CC404328,C104328,SmartCard,93600.0,7585.06,86014.94,14062,999,Active
CC401406,C101406,FuelCard,103800.0,36674.3,67125.7,14994,499,Active
CC403371,C103371,SmartCard,115100.0,48331.84,66768.16,14967,999,Active
CC404125,C104125,CashbackCard,103600.0,58371.66,45228.34,13413,999,Active
CC403785,C103785,PremiumCard,65600.0,41201.14,24398.86,5007,999,Active
CC400641,C100641,StudentCard,78500.0,39594.12,38905.88,5135,499,Active
CC409146,C109146,StudentCard,285400.0,134369.26,151030.74,1781,2999,Active
CC400358,C100358,CashbackCard,98200.0,78492.74,19707.26,2137,999,Active
CC404713,C104713,SmartCard,202100.0,116852.9,85247.1,2873,2999,Active
CC409219,C109219,TravelCard,290300.0,153572.52,136727.48,15803,499,Active
CC408419,C108419,StudentCard,346000.0,185480.13,160519.87,15479,0,Active
CC406610,C106610,FuelCard,107800.0,61452.68,46347.32,694,499,Active
CC405928,C105928,PremiumCard,19100.0,8327.0,10773.0,9487,999,Active
CC401614,C101614,StudentCard,97200.0,5722.81,91477.19,16882,499,Active
CC408546,C108546,TravelCard,73700.0,55905.8,17794.2,3439,2999,Active
CC406019,C106019,StudentCard,469200.0,128038.81,341161.19,15924,2999,Active
CC408517,C108517,StudentCard,239500.0,11623.41,227876.59,906,999,Active
CC405266,C105266,CashbackCard,115000.0,63469.35,51530.65,10542,0,Active
CC407196,C107196,StudentCard,121400.0,4891.74,116508.26,12510,0,Active
CC403731,C103731,FuelCard,137800.0,73156.03,64643.97,12166,499,Active
CC409858,C109858,CashbackCard,198300.0,111608.14,86691.86,15000,499,Active
CC404529,C104529,PremiumCard,201900.0,73345.83,128554.17,8942,999,Active
CC400917,C100917,FuelCard,255800.0,136102.46,119697.54,11385,2999,Active
CC409821,C109821,PremiumCard,166100.0,132571.36,33528.64,10789,2999,Active
CC404948,C104948,TravelCard,396700.0,31692.84,365007.16,14528,499,Active
CC406613,C106613,FuelCard,123800.0,27051.19,96748.81,11385,499,Active
CC402031,C102031,TravelCard,104100.0,58210.05,45889.95,4254,999,Active
CC402566,C102566,StudentCard,386900.0,215203.98,171696.02,14304,0,Active
CC401069,C101069,CashbackCard,314900.0,167996.26,146903.74,9100,2999,Active
CC406375,C106375,PremiumCard,287000.0,174353.17,112646.83,7112,0,Active
CC407370,C107370,SmartCard,79600.0,26762.82,52837.18,16623,999,Active
CC409295,C109295,FuelCard,70300.0,40885.04,29414.96,8950,499,Active
CC400555,C100555,StudentCard,42200.0,18033.07,24166.93,6711,0,Active
CC403706,C103706,CashbackCard,150700.0,39955.29,110744.71,12288,999,Active
CC406755,C106755,SmartCard,468900.0,95496.18,373403.82,4772,0,Active
CC400988,C100988,FuelCard,98900.0,12358.92,86541.08,19241,2999,Active
CC408143,C108143,PremiumCard,139600.0,49499.35,90100.65,9643,499,Active
CC406063,C106063,CashbackCard,142600.0,63110.62,79489.38,8523,999,Active
CC402815,C102815,PremiumCard,78800.0,26255.22,52544.78,1414,499,Active
CC409744,C109744,CashbackCard,21200.0,1440.97,19759.03,19389,499,Active
CC407603,C107603,TravelCard,102200.0,72762.53,29437.47,1252,999,Active
CC400923,C100923,SmartCard,198200.0,5541.57,192658.43,9270,499,Active
CC402315,C102315,TravelCard,180200.0,22185.03,158014.97,4535,0,Active
CC408614,C108614,PremiumCard,21800.0,16479.67,5320.33,11142,0,Active
CC401860,C101860,StudentCard,76900.0,43822.98,33077.02,11145,2999,Active
CC402338,C102338,TravelCard,102400.0,23349.45,79050.55,10222,499,Active
CC403152,C103152,CashbackCard,240300.0,178307.64,61992.36,13437,999,Active
CC407412,C107412,TravelCard,36500.0,13721.32,22778.68,6145,0,Active
CC406509,C106509,CashbackCard,111600.0,30891.14,80708.86,19400,2999,Active
CC403370,C103370,StudentCard,245700.0,24606.86,221093.14,13971,999,Active
CC407338,C107338,TravelCard,103100.0,64187.27,38912.73,492,0,Active
CC402798,C102798,PremiumCard,202400.0,24366.92,178033.08,4012,999,Active
CC401278,C101278,SmartCard,214200.0,67091.26,147108.74,18765,2999,Active
CC403472,C103472,PremiumCard,175000.0,104831.43,70168.57,18787,499,Active
CC403858,C103858,CashbackCard,122700.0,90779.15,31920.85,8330,2999,Active
CC408859,C108859,FuelCard,30600.0,10827.67,19772.33,389,0,Active
CC403563,C103563,CashbackCard,287000.0,131182.15,155817.85,14983,2999,Active
CC408163,C108163,CashbackCard,95800.0,34684.3,61115.7,16669,999,Active
CC405615,C105615,CashbackCard,236700.0,150768.18,85931.82,8524,999,Active
CC405599,C105599,FuelCard,37600.0,25835.25,11764.75,5803,999,Active
CC408616,C108616,CashbackCard,136000.0,79695.2,56304.8,14841,0,Active
CC407030,C107030,PremiumCard,80400.0,61893.8,18506.2,17951,0,Active
CC406132,C106132,SmartCard,302100.0,135150.7,166949.3,16307,2999,Active
CC403167,C103167,PremiumCard,66500.0,11431.64,55068.36,13912,0,Active
CC408291,C108291,StudentCard,147500.0,111607.12,35892.88,17608,0,Active
CC402341,C102341,TravelCard,263900.0,42662.05,221237.95,16992,999,Active
CC408608,C108608,TravelCard,158100.0,114644.41,43455.59,7905,0,Active
CC408062,C108062,CashbackCard,174500.0,111561.99,62938.01,17553,999,Active
CC402818,C102818,StudentCard,56600.0,26747.78,29852.22,3382,2999,Active
CC405371,C105371,CashbackCard,143700.0,62233.31,81466.69,18982,499,Active
CC409869,C109869,PremiumCard,147700.0,72409.13,75290.87,4227,999,Active
CC409154,C109154,CashbackCard,136600.0,33343.11,103256.89,5574,499,Active
CC402764,C102764,CashbackCard,242300.0,59372.97,182927.03,6846,2999,Active
CC407958,C107958,SmartCard,110400.0,38703.42,71696.58,7498,499,Active
CC402404,C102404,SmartCard,131900.0,52121.95,79778.05,11373,0,Active
CC401433,C101433,PremiumCard,68700.0,9371.5,59328.5,19750,499,Active
CC406621,C106621,PremiumCard,320700.0,216927.42,103772.58,2136,0,Active
CC406223,C106223,CashbackCard,84400.0,34222.35,50177.65,4725,499,Active
CC401339,C101339,StudentCard,321200.0,29430.5,291769.5,275,499,Active
CC406047,C106047,FuelCard,45600.0,19354.7,26245.3,19436,499,Active
CC409461,C109461,StudentCard,350900.0,117994.14,232905.86,69,2999,Active
CC409212,C109212,PremiumCard,376500.0,8612.84,367887.16,2687,999,Active
CC402300,C102300,StudentCard,192600.0,153037.44,39562.56,19161,2999,Active
CC406275,C106275,SmartCard,193400.0,108363.97,85036.03,7042,999,Active
CC400315,C100315,CashbackCard,143700.0,14719.6,128980.4,16517,499,Active
CC409292,C109292,StudentCard,87100.0,47374.37,39725.63,18653,2999,Active
CC409933,C109933,StudentCard,115600.0,43070.08,72529.92,12701,2999,Active
CC404685,C104685,FuelCard,83800.0,49528.08,34271.92,973,499,Active
CC408633,C108633,CashbackCard,192400.0,115688.55,76711.45,16340,999,Active
CC406326,C106326,StudentCard,146800.0,55733.74,91066.26,9319,2999,Active
CC401739,C101739,TravelCard,156400.0,24119.27,132280.73,17486,0,Active
CC408337,C108337,StudentCard,77100.0,40279.33,36820.67,18619,499,Active
CC401397,C101397,PremiumCard,122200.0,73034.98,49165.02,5187,0,Active
CC401542,C101542,StudentCard,25200.0,18493.11,6706.89,14856,2999,Active
CC402856,C102856,FuelCard,147600.0,74164.75,73435.25,11340,499,Active
CC401916,C101916,SmartCard,191700.0,71471.88,120228.12,11383,0,Active
CC405993,C105993,PremiumCard,178000.0,61811.52,116188.48,9092,499,Active
CC400485,C100485,FuelCard,20600.0,3434.96,17165.04,15724,499,Active
CC402698,C102698,PremiumCard,199900.0,1856.1,198043.9,4134,499,Active
CC400196,C100196,CashbackCard,212400.0,164969.82,47430.18,5117,999,Active
CC406139,C106139,TravelCard,180900.0,75234.45,105665.55,1161,0,Active
CC404349,C104349,TravelCard,128700.0,4347.41,124352.59,14252,0,Active
CC402657,C102657,StudentCard,152800.0,8478.38,144321.62,14622,999,Active
CC403725,C103725,FuelCard,87200.0,4640.39,82559.61,19934,0,Active
CC404025,C104025,PremiumCard,188700.0,86995.09,101704.91,13554,0,Active
CC408829,C108829,PremiumCard,223200.0,123297.84,99902.16,18598,2999,Active
CC408958,C108958,PremiumCard,53100.0,23258.3,29841.7,11856,499,Active
CC402169,C102169,CashbackCard,122900.0,74790.38,48109.62,14188,499,Active
CC407883,C107883,FuelCard,26400.0,14824.16,11575.84,16457,2999,Active
CC401430,C101430,FuelCard,149200.0,14380.9,134819.1,2501,0,Active
CC403252,C103252,CashbackCard,476700.0,36724.54,439975.46,18044,499,Active
CC400461,C100461,TravelCard,208500.0,68820.95,139679.05,18894,999,Active
CC400165,C100165,StudentCard,280800.0,104973.44,175826.56,14955,499,Active
CC401327,C101327,PremiumCard,95000.0,1800.22,93199.78,6747,2999,Active
CC403319,C103319,SmartCard,241400.0,2768.71,238631.29,14233,499,Active
CC401106,C101106,PremiumCard,204600.0,126820.79,77779.21,12969,2999,Active
CC404619,C104619,StudentCard,200800.0,98948.36,101851.64,118,999,Active
CC400898,C100898,PremiumCard,69100.0,29477.26,39622.74,12229,2999,Active
CC400829,C100829,CashbackCard,73900.0,10908.0,62992.0,8003,2999,Active
CC409904,C109904,CashbackCard,136200.0,56364.64,79835.36,6690,999,Active
CC402479,C102479,CashbackCard,29800.0,21635.18,8164.82,18048,999,Active
CC401690,C101690,TravelCard,212800.0,101548.78,111251.22,11074,2999,Active
CC403200,C103200,TravelCard,159800.0,69280.59,90519.41,1512,2999,Active
CC406418,C106418,TravelCard,173000.0,123592.54,49407.46,1343,0,Active
CC407471,C107471,TravelCard,184400.0,39838.46,144561.54,8028,499,Active
CC409013,C109013,TravelCard,92000.0,58408.04,33591.96,18320,2999,Active
CC407750,C107750,CashbackCard,33500.0,9838.2,23661.8,9876,0,Active
CC409665,C109665,CashbackCard,209200.0,137722.08,71477.92,6201,499,Active
CC403277,C103277,CashbackCard,364600.0,149280.09,215319.91,1036,0,Active
CC404199,C104199,FuelCard,143900.0,39302.37,104597.63,1672,499,Active
CC409667,C109667,PremiumCard,143700.0,109442.75,34257.25,1442,0,Active
CC400711,C100711,FuelCard,213300.0,55649.53,157650.47,4572,999,Active
CC405720,C105720,StudentCard,189800.0,19698.94,170101.06,14461,999,Active
CC409375,C109375,TravelCard,223400.0,22508.53,200891.47,9331,2999,Active
CC409435,C109435,FuelCard,87600.0,27640.41,59959.59,13545,999,Active
CC409040,C109040,FuelCard,274700.0,99247.89,175452.11,2381,499,Active
CC407636,C107636,StudentCard,207800.0,138573.71,69226.29,4694,999,Active
CC403545,C103545,CashbackCard,227600.0,89780.68,137819.32,5591,999,Active
CC403361,C103361,SmartCard,37600.0,11518.01,26081.99,16624,0,Active
CC407586,C107586,TravelCard,114300.0,75333.3,38966.7,16838,999,Active
CC401245,C101245,TravelCard,269200.0,67639.2,201560.8,19964,2999,Active
CC406863,C106863,CashbackCard,137500.0,72116.63,65383.37,3602,2999,Active
CC405598,C105598,CashbackCard,303100.0,151137.32,151962.68,11804,2999,Active
CC401473,C101473,SmartCard,251900.0,41775.32,210124.68,10927,999,Active
CC406554,C106554,TravelCard,246800.0,152041.62,94758.38,6614,0,Active
CC409450,C109450,StudentCard,139400.0,5928.22,133471.78,2167,0,Active
CC402418,C102418,StudentCard,23000.0,16979.98,6020.02,4865,2999,Active
CC405065,C105065,FuelCard,57200.0,37543.48,19656.52,19619,499,Active
CC409902,C109902,StudentCard,245900.0,54042.92,191857.08,15330,0,Active
CC402184,C102184,CashbackCard,107800.0,22555.36,85244.64,8293,2999,Active
CC400891,C100891,FuelCard,271800.0,53126.46,218673.54,14438,499,Active
CC402493,C102493,FuelCard,232100.0,36672.57,195427.43,15021,499,Active
CC406913,C106913,SmartCard,263900.0,85349.59,178550.41,99,499,Active
CC409289,C109289,TravelCard,249700.0,85606.98,164093.02,16781,999,Active
CC405033,C105033,CashbackCard,261300.0,190065.36,71234.64,19973,499,Active
CC405342,C105342,FuelCard,150400.0,36514.69,113885.31,14231,0,Active
CC409409,C109409,PremiumCard,488000.0,385888.13,102111.87,5127,0,Active
CC401868,C101868,CashbackCard,247200.0,110666.94,136533.06,11229,999,Active
CC404172,C104172,PremiumCard,159500.0,26278.25,133221.75,9505,999,Active
CC408706,C108706,SmartCard,195100.0,133572.5,61527.5,11389,2999,Active
CC402786,C102786,PremiumCard,235200.0,115157.86,120042.14,3894,499,Active
CC401292,C101292,TravelCard,40500.0,566.53,39933.47,5200,2999,Active
CC400054,C100054,StudentCard,323300.0,31717.11,291582.89,19078,0,Active
CC408922,C108922,FuelCard,141600.0,64800.75,76799.25,19905,999,Active
CC409356,C109356,StudentCard,162300.0,24188.52,138111.48,14737,2999,Active
CC400508,C100508,TravelCard,108400.0,20572.17,87827.83,9953,499,Active
CC405550,C105550,CashbackCard,62000.0,15968.41,46031.59,76,999,Active
CC407169,C107169,StudentCard,108600.0,75825.3,32774.7,6988,2999,Active
CC402015,C102015,TravelCard,84800.0,65083.91,19716.09,7736,2999,Active
CC405021,C105021,SmartCard,240400.0,77346.48,163053.52,17352,0,Active
CC409115,C109115,FuelCard,173500.0,82410.39,91089.61,13708,0,Active
CC401552,C101552,FuelCard,112700.0,84223.45,28476.55,18304,999,Active
CC408206,C108206,TravelCard,154500.0,32968.46,121531.54,18594,2999,Active
CC408130,C108130,StudentCard,188000.0,109041.08,78958.92,18742,2999,Active
CC406254,C106254,CashbackCard,206900.0,139958.44,66941.56,7328,499,Active
CC404318,C104318,FuelCard,326600.0,190461.96,136138.04,11641,2999,Active
CC406198,C106198,CashbackCard,124300.0,12788.84,111511.16,4744,999,Active
CC407462,C107462,FuelCard,150900.0,102819.3,48080.7,17170,2999,Active
CC402245,C102245,CashbackCard,107300.0,53520.09,53779.91,1234,2999,Active
CC408615,C108615,SmartCard,234400.0,22222.99,212177.01,12721,2999,Active
CC407696,C107696,TravelCard,97600.0,24822.1,72777.9,16312,0,Active
CC404447,C104447,PremiumCard,245200.0,114092.21,131107.79,4744,499,Active
CC401490,C101490,TravelCard,124600.0,13812.68,110787.32,147,499,Active
CC409076,C109076,FuelCard,117800.0,87286.8,30513.2,3471,999,Active
CC405300,C105300,FuelCard,236600.0,74916.13,161683.87,3771,0,Active
CC409599,C109599,PremiumCard,131600.0,11252.83,120347.17,11010,499,Active
CC404969,C104969,StudentCard,289000.0,14631.62,274368.38,8159,499,Active
CC404565,C104565,FuelCard,215100.0,115535.24,99564.76,14610,0,Active
CC408324,C108324,FuelCard,117800.0,68411.02,49388.98,19710,0,Active
CC405819,C105819,StudentCard,203200.0,132924.22,70275.78,13508,2999,Active
CC401014,C101014,FuelCard,155500.0,47821.11,107678.89,12495,2999,Active
CC409806,C109806,StudentCard,169400.0,74671.0,94729.0,15436,0,Active
CC400376,C100376,TravelCard,151700.0,57417.32,94282.68,13362,999,Active
CC405221,C105221,SmartCard,373700.0,87935.92,285764.08,13975,0,Active
CC405815,C105815,FuelCard,168600.0,103281.31,65318.69,10472,999,Active
CC400487,C100487,PremiumCard,80700.0,45398.34,35301.66,4445,2999,Active
CC407085,C107085,CashbackCard,158900.0,55487.02,103412.98,15537,999,Active
CC406492,C106492,StudentCard,173400.0,49229.2,124170.8,7081,0,Active
CC404159,C104159,SmartCard,179000.0,129682.36,49317.64,18979,999,Active
CC407850,C107850,FuelCard,246700.0,142906.17,103793.83,5963,2999,Active
CC405481,C105481,StudentCard,191000.0,61842.56,129157.44,7413,499,Active
CC403302,C103302,FuelCard,172200.0,66497.91,105702.09,3756,499,Active
CC407852,C107852,SmartCard,181600.0,138438.32,43161.68,13535,499,Active
CC403689,C103689,SmartCard,154500.0,72334.91,82165.09,6010,0,Active
CC403232,C103232,StudentCard,76400.0,60313.53,16086.47,11650,499,Active
CC409959,C109959,CashbackCard,206500.0,99342.5,107157.5,16686,499,Active
CC406421,C106421,TravelCard,86800.0,3374.2,83425.8,9186,0,Active
CC409893,C109893,CashbackCard,105300.0,45100.57,60199.43,10548,0,Active
CC406072,C106072,StudentCard,57600.0,42855.57,14744.43,3518,2999,Active
CC401802,C101802,SmartCard,166100.0,21043.71,145056.29,5797,0,Active
CC401034,C101034,PremiumCard,90300.0,54118.97,36181.03,10128,999,Active
CC409417,C109417,SmartCard,71200.0,55310.54,15889.46,13962,999,Active
CC406707,C106707,StudentCard,200200.0,106300.2,93899.8,4509,999,Active
CC406339,C106339,TravelCard,118900.0,75426.06,43473.94,17608,2999,Active
CC403242,C103242,FuelCard,73200.0,17069.48,56130.52,5867,0,Active
CC400362,C100362,TravelCard,302800.0,12503.39,290296.61,14479,999,Active
CC406976,C106976,CashbackCard,334700.0,105217.4,229482.6,16430,0,Active
CC405303,C105303,SmartCard,177000.0,54003.33,122996.67,9871,2999,Active
CC404048,C104048,FuelCard,150600.0,19422.59,131177.41,8260,0,Active
CC405895,C105895,FuelCard,98100.0,39261.24,58838.76,13513,499,Active
CC406848,C106848,PremiumCard,251500.0,55238.5,196261.5,18492,0,Active
CC402908,C102908,StudentCard,81600.0,23165.35,58434.65,1520,999,Active
CC406793,C106793,SmartCard,65600.0,38788.4,26811.6,7518,2999,Active
CC406376,C106376,SmartCard,18000.0,5178.9,12821.1,10205,499,Active
CC403733,C103733,PremiumCard,172600.0,80150.03,92449.97,11346,0,Active
CC408283,C108283,FuelCard,184000.0,50115.45,133884.55,15846,0,Active
CC406889,C106889,FuelCard,138800.0,55933.77,82866.23,10162,499,Active
CC409978,C109978,StudentCard,39300.0,281.73,39018.27,4375,499,Active
CC406460,C106460,TravelCard,112700.0,5827.32,106872.68,8308,2999,Active
CC403710,C103710,StudentCard,321900.0,8761.89,313138.11,7568,2999,Active
CC400740,C100740,TravelCard,419700.0,73782.12,345917.88,3935,2999,Active
CC407418,C107418,CashbackCard,90000.0,28318.71,61681.29,15202,0,Active
CC406215,C106215,FuelCard,236400.0,87779.05,148620.95,13781,999,Active
CC408591,C108591,CashbackCard,533400.0,74632.79,458767.21,2985,999,Active
CC403927,C103927,FuelCard,115700.0,4647.17,111052.83,2824,999,Active
CC403315,C103315,TravelCard,505800.0,246230.06,259569.94,14090,0,Active
CC405206,C105206,StudentCard,227100.0,67734.3,159365.7,14329,0,Active
CC408512,C108512,SmartCard,127800.0,78886.56,48913.44,17231,2999,Active
CC400921,C100921,StudentCard,126600.0,96958.23,29641.77,10173,2999,Active
CC403387,C103387,SmartCard,145600.0,43876.1,101723.9,2361,999,Active
CC402137,C102137,FuelCard,167900.0,87142.14,80757.86,15539,499,Active
CC409253,C109253,TravelCard,155900.0,45003.06,110896.94,4497,2999,Active
CC405287,C105287,PremiumCard,51100.0,16862.94,34237.06,18103,2999,Active
CC406823,C106823,FuelCard,325800.0,116155.38,209644.62,19818,999,Active
CC409819,C109819,PremiumCard,123800.0,1780.72,122019.28,16302,0,Active
CC406356,C106356,FuelCard,213300.0,18721.59,194578.41,16988,2999,Active
CC406776,C106776,CashbackCard,269200.0,168176.42,101023.58,16765,999,Active
CC404313,C104313,StudentCard,135400.0,17983.82,117416.18,1307,2999,Active
CC404307,C104307,FuelCard,89400.0,48934.18,40465.82,13388,2999,Active
CC400863,C100863,StudentCard,387400.0,1582.96,385817.04,19886,2999,Active
CC403736,C103736,FuelCard,79800.0,32426.54,47373.46,8519,999,Active
CC400065,C100065,PremiumCard,205900.0,102561.97,103338.03,10888,0,Active
CC404755,C104755,CashbackCard,175600.0,43101.65,132498.35,14013,2999,Active
CC401210,C101210,StudentCard,202200.0,124653.08,77546.92,3422,999,Active
CC402859,C102859,StudentCard,279400.0,98937.58,180462.42,4086,499,Active
CC402776,C102776,FuelCard,281800.0,3376.55,278423.45,11451,2999,Active
CC408773,C108773,TravelCard,89400.0,55501.28,33898.72,18284,0,Active
CC401415,C101415,CashbackCard,184300.0,146884.25,37415.75,17373,2999,Active
CC401237,C101237,StudentCard,205300.0,80419.64,124880.36,2409,0,Active
CC402529,C102529,TravelCard,232500.0,144653.12,87846.88,2979,2999,Active
CC400406,C100406,TravelCard,220000.0,158430.99,61569.01,6296,499,Active
CC400193,C100193,CashbackCard,484800.0,255898.85,228901.15,17973,0,Active
CC401820,C101820,FuelCard,107600.0,39504.25,68095.75,11177,999,Active
CC409480,C109480,CashbackCard,131400.0,71586.68,59813.32,12172,0,Active
CC408997,C108997,SmartCard,66000.0,1101.42,64898.58,5427,999,Active
CC402458,C102458,CashbackCard,224600.0,103806.68,120793.32,13486,2999,Active
CC408399,C108399,PremiumCard,278700.0,23378.55,255321.45,8381,0,Active
CC400539,C100539,SmartCard,26900.0,10123.94,16776.06,385,2999,Active
CC402624,C102624,SmartCard,159200.0,73726.51,85473.49,12718,499,Active
CC408978,C108978,FuelCard,47700.0,4430.61,43269.39,15964,999,Active
CC400400,C100400,FuelCard,343100.0,80671.83,262428.17,8242,499,Active
CC405964,C105964,SmartCard,159500.0,81978.24,77521.76,6059,2999,Active
CC403948,C103948,StudentCard,189400.0,127468.93,61931.07,13053,999,Active
CC400034,C100034,CashbackCard,371300.0,246124.1,125175.9,16004,499,Active
CC405537,C105537,StudentCard,134600.0,22493.75,112106.25,19197,0,Active
CC402043,C102043,PremiumCard,291500.0,160866.42,130633.58,3841,2999,Active
CC407483,C107483,SmartCard,77300.0,51797.01,25502.99,7211,999,Active
CC401158,C101158,StudentCard,90800.0,22323.51,68476.49,12993,999,Active
CC402366,C102366,TravelCard,155300.0,29312.29,125987.71,11634,0,Active
CC404789,C104789,PremiumCard,61900.0,25758.33,36141.67,18481,0,Active
CC402386,C102386,StudentCard,140300.0,59148.44,81151.56,6045,999,Active
CC403145,C103145,SmartCard,303900.0,178288.73,125611.27,19380,2999,Active
CC403003,C103003,StudentCard,84400.0,48906.72,35493.28,17089,2999,Active
CC405864,C105864,FuelCard,323100.0,110975.82,212124.18,14109,999,Active
CC407932,C107932,FuelCard,197900.0,4770.64,193129.36,11878,499,Active
CC402287,C102287,SmartCard,128000.0,97779.85,30220.15,17994,2999,Active
CC407846,C107846,TravelCard,104800.0,52552.24,52247.76,19726,0,Active
CC406331,C106331,PremiumCard,95300.0,35142.87,60157.13,7553,2999,Active
CC404452,C104452,TravelCard,136600.0,96244.32,40355.68,10331,499,Active
CC405724,C105724,StudentCard,102200.0,20308.51,81891.49,6221,999,Active
CC404958,C104958,FuelCard,135600.0,25658.23,109941.77,16201,499,Active
CC408259,C108259,PremiumCard,80500.0,32870.25,47629.75,9959,2999,Active
CC404629,C104629,StudentCard,413000.0,195999.96,217000.04,9815,499,Active
CC409012,C109012,StudentCard,68000.0,19898.34,48101.66,12005,0,Active
CC400738,C100738,FuelCard,59400.0,25102.16,34297.84,19340,499,Active
CC401777,C101777,SmartCard,159800.0,31166.73,128633.27,8378,499,Active
CC404935,C104935,FuelCard,102400.0,69271.21,33128.79,12658,999,Active
CC409881,C109881,TravelCard,95300.0,72830.52,22469.48,2273,499,Active
CC403636,C103636,CashbackCard,175400.0,89459.82,85940.18,14728,499,Active
CC408024,C108024,TravelCard,85200.0,55874.97,29325.03,7846,0,Active
CC407262,C107262,SmartCard,262400.0,38787.34,223612.66,12100,999,Active
CC409101,C109101,CashbackCard,158600.0,473.35,158126.65,5034,2999,Active
CC404158,C104158,SmartCard,170100.0,120814.08,49285.92,13641,499,Active
CC405870,C105870,SmartCard,293700.0,141410.09,152289.91,14378,2999,Active
CC400409,C100409,FuelCard,121500.0,76519.63,44980.37,18258,499,Active
CC404844,C104844,StudentCard,194500.0,139369.02,55130.98,11218,999,Active
CC405401,C105401,CashbackCard,143200.0,97220.06,45979.94,17268,999,Active
CC408933,C108933,FuelCard,180100.0,141366.32,38733.68,10047,0,Active
CC405566,C105566,StudentCard,103100.0,56293.13,46806.87,14732,499,Active
CC402965,C102965,StudentCard,215800.0,115116.85,100683.15,16837,999,Active
CC409632,C109632,FuelCard,79800.0,34269.06,45530.94,15142,499,Active
CC408879,C108879,SmartCard,191200.0,25350.06,165849.94,16867,2999,Active
CC409226,C109226,TravelCard,196900.0,111691.82,85208.18,13749,499,Active
CC409318,C109318,SmartCard,339800.0,54068.14,285731.86,8399,999,Active
CC403161,C103161,FuelCard,345100.0,164695.4,180404.6,1339,999,Active
CC404294,C104294,StudentCard,194000.0,125660.92,68339.08,863,999,Active
CC403765,C103765,FuelCard,117000.0,62165.08,54834.92,14158,2999,Active
CC403875,C103875,PremiumCard,62800.0,34353.7,28446.3,3297,0,Active
CC402537,C102537,PremiumCard,89100.0,65555.3,23544.7,6967,0,Active
CC407928,C107928,SmartCard,210700.0,10670.3,200029.7,12891,2999,Active
CC407703,C107703,PremiumCard,386000.0,160119.88,225880.12,2985,499,Active
CC404490,C104490,TravelCard,203300.0,119171.96,84128.04,19258,2999,Active
CC404370,C104370,StudentCard,51500.0,2958.41,48541.59,9966,2999,Active
CC405679,C105679,TravelCard,100300.0,3745.6,96554.4,5495,499,Active
CC403222,C103222,TravelCard,173600.0,42486.63,131113.37,15053,2999,Active
CC402189,C102189,PremiumCard,74400.0,9253.12,65146.88,12870,2999,Active
CC408301,C108301,PremiumCard,32600.0,14435.27,18164.73,16387,499,Active
CC408233,C108233,PremiumCard,113000.0,22959.33,90040.67,16591,0,Active
CC407845,C107845,TravelCard,75900.0,20529.94,55370.06,4896,2999,Active
CC409343,C109343,CashbackCard,282800.0,220544.82,62255.18,9097,999,Active
CC406068,C106068,StudentCard,25100.0,15032.2,10067.8,13428,2999,Active
CC404098,C104098,FuelCard,267600.0,203117.43,64482.57,7691,2999,Active
CC402615,C102615,PremiumCard,216800.0,63550.91,153249.09,1669,0,Active
CC408215,C108215,StudentCard,253100.0,154046.03,99053.97,117,999,Active
CC407533,C107533,PremiumCard,139200.0,63090.63,76109.37,3896,499,Active
CC409685,C109685,StudentCard,30200.0,20616.35,9583.65,223,999,Active
CC403939,C103939,PremiumCard,49300.0,33023.95,16276.05,4578,2999,Active
CC405361,C105361,StudentCard,92800.0,42407.58,50392.42,5561,999,Active
CC403619,C103619,TravelCard,229100.0,13535.64,215564.36,3535,0,Active
CC406841,C106841,SmartCard,86400.0,580.03,85819.97,5601,999,Active
CC406533,C106533,TravelCard,240200.0,38189.52,202010.48,19093,999,Active
CC405738,C105738,StudentCard,331000.0,124700.85,206299.15,7209,499,Active
CC408838,C108838,SmartCard,384700.0,83520.14,301179.86,10246,2999,Active
CC400417,C100417,StudentCard,150300.0,70524.02,79775.98,11686,0,Active
CC406011,C106011,PremiumCard,43700.0,31693.89,12006.11,6652,2999,Active
CC407866,C107866,FuelCard,96200.0,24235.83,71964.17,7895,0,Active
CC406116,C106116,CashbackCard,307000.0,39410.54,267589.46,2964,499,Active
CC402396,C102396,SmartCard,161400.0,114388.82,47011.18,17618,999,Active
CC409258,C109258,SmartCard,157500.0,88123.4,69376.6,2995,0,Active
CC401104,C101104,TravelCard,180600.0,2569.67,178030.33,4528,0,Active
CC408387,C108387,CashbackCard,247300.0,160920.34,86379.66,19325,0,Active
CC404686,C104686,SmartCard,79800.0,38271.69,41528.31,13168,499,Active
CC404180,C104180,FuelCard,127000.0,15838.34,111161.66,345,999,Active
CC404870,C104870,TravelCard,220900.0,94781.1,126118.9,11775,499,Active
CC406584,C106584,PremiumCard,29000.0,18361.76,10638.24,15360,999,Active
CC408582,C108582,FuelCard,215800.0,93013.0,122787.0,11367,0,Active
CC402126,C102126,PremiumCard,110800.0,79764.17,31035.83,2344,999,Active
CC405001,C105001,CashbackCard,256100.0,104381.47,151718.53,2788,999,Active
CC405682,C105682,PremiumCard,182700.0,38237.36,144462.64,16932,999,Active
CC401961,C101961,PremiumCard,304900.0,240943.8,63956.2,16350,499,Active
CC405759,C105759,FuelCard,15000.0,9895.33,5104.67,19583,0,Active
CC409432,C109432,SmartCard,98900.0,47212.3,51687.7,14053,0,Active
CC406935,C106935,FuelCard,328100.0,178837.87,149262.13,13740,999,Active
CC402469,C102469,TravelCard,230600.0,3208.25,227391.75,15572,2999,Active
CC401265,C101265,StudentCard,114300.0,22187.91,92112.09,15787,499,Active
CC402606,C102606,SmartCard,74100.0,18689.4,55410.6,2760,999,Active
CC404524,C104524,SmartCard,243400.0,8914.12,234485.88,15330,2999,Active
CC400033,C100033,SmartCard,137600.0,18376.57,119223.43,8802,0,Active
CC406152,C106152,SmartCard,250300.0,123180.45,127119.55,1487,499,Active
CC408241,C108241,SmartCard,114600.0,71732.62,42867.38,15720,499,Active
CC403265,C103265,TravelCard,82600.0,11421.05,71178.95,7944,2999,Active
CC402749,C102749,SmartCard,105700.0,25069.84,80630.16,5104,2999,Active
CC401539,C101539,TravelCard,280100.0,36208.91,243891.09,12861,2999,Active
CC401751,C101751,TravelCard,162600.0,21355.48,141244.52,8317,2999,Active
CC407250,C107250,FuelCard,158100.0,83819.73,74280.27,2029,999,Active
CC402415,C102415,SmartCard,124400.0,65885.03,58514.97,14328,0,Active
CC404835,C104835,FuelCard,95500.0,12697.56,82802.44,18702,0,Active
CC401900,C101900,SmartCard,60800.0,18993.31,41806.69,13929,499,Active
CC407912,C107912,FuelCard,120700.0,19506.98,101193.02,19042,999,Active
CC402019,C102019,SmartCard,208800.0,106794.65,102005.35,19139,999,Active
CC404817,C104817,CashbackCard,115200.0,16159.58,99040.42,11512,2999,Active
CC405439,C105439,TravelCard,140800.0,50052.68,90747.32,3356,2999,Active
CC405833,C105833,TravelCard,326600.0,51324.92,275275.08,18373,499,Active
CC409584,C109584,StudentCard,153800.0,66759.15,87040.85,1282,999,Active
CC407303,C107303,PremiumCard,153700.0,93488.69,60211.31,11788,0,Active
CC400214,C100214,StudentCard,312600.0,36561.7,276038.3,11624,999,Active
CC404411,C104411,SmartCard,208500.0,86801.17,121698.83,2501,2999,Active
CC401850,C101850,TravelCard,74000.0,3583.62,70416.38,841,999,Active
CC405034,C105034,FuelCard,147300.0,78572.65,68727.35,18027,2999,Active
CC407553,C107553,TravelCard,441400.0,43558.22,397841.78,16828,2999,Active
CC402035,C102035,PremiumCard,213300.0,45984.72,167315.28,14663,2999,Active
CC406780,C106780,CashbackCard,140200.0,106194.64,34005.36,9566,2999,Active
CC408507,C108507,TravelCard,123800.0,97308.06,26491.94,2685,999,Active
CC401779,C101779,CashbackCard,162500.0,44579.53,117920.47,539,499,Active
CC408740,C108740,PremiumCard,170900.0,29900.76,140999.24,6709,2999,Active
CC404793,C104793,SmartCard,290800.0,133317.04,157482.96,2586,999,Active
CC402946,C102946,SmartCard,74400.0,55088.89,19311.11,4479,999,Active
CC400599,C100599,CashbackCard,121500.0,1762.25,119737.75,5613,999,Active
CC402868,C102868,CashbackCard,234200.0,90235.49,143964.51,19548,0,Active
CC405707,C105707,SmartCard,145400.0,103406.28,41993.72,14481,999,Active
CC404752,C104752,PremiumCard,88800.0,13153.2,75646.8,4443,2999,Active
CC407373,C107373,PremiumCard,93500.0,19694.7,73805.3,15739,999,Active
CC405395,C105395,SmartCard,312000.0,105081.23,206918.77,9642,499,Active
CC409941,C109941,TravelCard,46600.0,21526.56,25073.44,3303,0,Active
CC405712,C105712,FuelCard,137800.0,81222.99,56577.01,17404,2999,Active
CC406423,C106423,PremiumCard,179600.0,83704.82,95895.18,6360,499,Active
CC401426,C101426,StudentCard,248700.0,89845.58,158854.42,18846,0,Active
CC404705,C104705,CashbackCard,251400.0,141959.39,109440.61,15721,0,Active
CC400138,C100138,CashbackCard,172600.0,19955.85,152644.15,8744,499,Active
CC408678,C108678,FuelCard,183100.0,64007.95,119092.05,3396,0,Active
CC404350,C104350,FuelCard,174200.0,25540.34,148659.66,15501,0,Active
CC409120,C109120,StudentCard,204000.0,143182.7,60817.3,11859,499,Active
CC402155,C102155,StudentCard,158200.0,64962.62,93237.38,12631,999,Active
CC404963,C104963,FuelCard,49200.0,34691.14,14508.86,5409,2999,Active
CC408837,C108837,CashbackCard,213700.0,141762.64,71937.36,7921,0,Active
CC408718,C108718,TravelCard,298200.0,200280.93,97919.07,18272,0,Active
CC408959,C108959,SmartCard,250400.0,87190.25,163209.75,16109,499,Active
CC408072,C108072,SmartCard,301900.0,222917.94,78982.06,2883,2999,Active
CC406333,C106333,FuelCard,166800.0,127801.43,38998.57,525,999,Active
CC402622,C102622,SmartCard,130200.0,80491.27,49708.73,17130,2999,Active
CC406239,C106239,CashbackCard,120700.0,92782.63,27917.37,16412,2999,Active
CC400407,C100407,FuelCard,93500.0,74728.22,18771.78,6213,2999,Active
CC402185,C102185,CashbackCard,216000.0,159265.39,56734.61,10732,0,Active
CC406327,C106327,PremiumCard,164500.0,34186.76,130313.24,11146,2999,Active
CC407244,C107244,StudentCard,49000.0,21486.01,27513.99,18351,999,Active
CC403115,C103115,PremiumCard,59300.0,32456.55,26843.45,18225,499,Active
CC401776,C101776,TravelCard,140400.0,43807.6,96592.4,4286,999,Active
CC406032,C106032,FuelCard,165200.0,127538.63,37661.37,18683,499,Active
CC405533,C105533,FuelCard,356900.0,21249.37,335650.63,5610,0,Active
CC406728,C106728,SmartCard,114800.0,65929.14,48870.86,17391,999,Active
CC408369,C108369,PremiumCard,315600.0,40268.42,275331.58,15409,499,Active
CC405623,C105623,CashbackCard,138600.0,60751.05,77848.95,5643,999,Active
CC403359,C103359,CashbackCard,105100.0,64990.5,40109.5,10102,2999,Active
CC401784,C101784,TravelCard,334700.0,181647.96,153052.04,3032,2999,Active
CC409773,C109773,CashbackCard,87600.0,41050.92,46549.08,11661,499,Active
CC409593,C109593,PremiumCard,38700.0,29249.33,9450.67,11772,0,Active
CC401380,C101380,SmartCard,366300.0,175883.91,190416.09,5441,2999,Active
CC404878,C104878,SmartCard,132100.0,64351.4,67748.6,1411,2999,Active
CC403288,C103288,CashbackCard,61200.0,1107.66,60092.34,11399,0,Active
CC401029,C101029,StudentCard,117200.0,86569.85,30630.15,7177,499,Active
CC400279,C100279,PremiumCard,158200.0,113659.93,44540.07,5332,0,Active
CC402115,C102115,CashbackCard,55700.0,36559.3,19140.7,3456,499,Active
CC407824,C107824,PremiumCard,117200.0,39769.09,77430.91,16152,499,Active
CC408681,C108681,CashbackCard,250800.0,103694.01,147105.99,19113,499,Active
CC403892,C103892,CashbackCard,92300.0,12383.2,79916.8,4119,999,Active
CC406630,C106630,SmartCard,193500.0,35396.02,158103.98,8680,2999,Active
CC401964,C101964,CashbackCard,141500.0,93043.09,48456.91,9434,0,Active
CC409286,C109286,PremiumCard,93900.0,71683.89,22216.11,4353,499,Active
CC406696,C106696,StudentCard,200600.0,147731.17,52868.83,15033,499,Active
CC402560,C102560,TravelCard,23900.0,14533.04,9366.96,14487,499,Active
CC404248,C104248,TravelCard,389100.0,231454.7,157645.3,10986,999,Active
CC404584,C104584,StudentCard,203000.0,16293.53,186706.47,1545,0,Active
CC402721,C102721,PremiumCard,37100.0,5107.49,31992.51,12450,499,Active
CC403030,C103030,StudentCard,262100.0,104284.27,157815.73,19081,0,Active
CC405302,C105302,FuelCard,178900.0,141603.35,37296.65,5157,999,Active
CC407669,C107669,TravelCard,32300.0,15862.11,16437.89,5212,999,Active
CC409206,C109206,PremiumCard,133900.0,24557.58,109342.42,8854,2999,Active
CC403821,C103821,CashbackCard,222500.0,116951.97,105548.03,10352,499,Active
CC409228,C109228,PremiumCard,210100.0,143872.61,66227.39,14958,2999,Active
CC406302,C106302,PremiumCard,125000.0,93942.79,31057.21,12575,2999,Active
CC407670,C107670,FuelCard,116000.0,46546.68,69453.32,6953,999,Active
CC407922,C107922,PremiumCard,123300.0,87518.69,35781.31,10626,499,Active
CC409476,C109476,FuelCard,285600.0,210842.11,74757.89,253,0,Active
CC401303,C101303,StudentCard,300800.0,94047.95,206752.05,8847,999,Active
CC403502,C103502,StudentCard,159900.0,122868.93,37031.07,5269,2999,Active
CC402143,C102143,CashbackCard,377700.0,141969.8,235730.2,7401,0,Active
CC400936,C100936,CashbackCard,378100.0,235425.49,142674.51,488,499,Active
CC400237,C100237,FuelCard,144800.0,73752.47,71047.53,15986,2999,Active
CC406358,C106358,PremiumCard,72100.0,50156.88,21943.12,10818,2999,Active
CC400171,C100171,TravelCard,147900.0,55060.74,92839.26,11300,999,Active
CC404494,C104494,PremiumCard,330300.0,21431.29,308868.71,8964,999,Active
CC405532,C105532,StudentCard,196300.0,86916.57,109383.43,11309,999,Active
CC407764,C107764,FuelCard,214100.0,157605.42,56494.58,667,2999,Active
CC401791,C101791,FuelCard,116800.0,84020.26,32779.74,12054,499,Active
CC400019,C100019,FuelCard,47900.0,11615.74,36284.26,8227,999,Active
CC408176,C108176,CashbackCard,132900.0,1955.69,130944.31,12590,999,Active
CC409598,C109598,PremiumCard,345600.0,165794.03,179805.97,10212,999,Active
CC404973,C104973,CashbackCard,165400.0,109211.64,56188.36,19621,499,Active
CC407423,C107423,CashbackCard,202100.0,46490.91,155609.09,10956,999,Active
CC401561,C101561,FuelCard,240200.0,158191.05,82008.95,10244,0,Active
CC408118,C108118,CashbackCard,220300.0,123147.99,97152.01,9668,0,Active
CC404031,C104031,PremiumCard,81400.0,34967.58,46432.42,12564,999,Active
CC404456,C104456,StudentCard,150500.0,92846.56,57653.44,19008,499,Active
CC400389,C100389,StudentCard,35600.0,4971.85,30628.15,19431,999,Active
CC408769,C108769,StudentCard,198300.0,45307.02,152992.98,16420,0,Active
CC401527,C101527,StudentCard,99300.0,43578.99,55721.01,7813,0,Active
CC409444,C109444,TravelCard,335500.0,259401.12,76098.88,16144,0,Active
CC408927,C108927,StudentCard,192100.0,62437.75,129662.25,5539,2999,Active
CC405198,C105198,PremiumCard,117400.0,59707.4,57692.6,10281,0,Active
CC404083,C104083,FuelCard,290100.0,224715.72,65384.28,10699,0,Active
CC408835,C108835,StudentCard,126800.0,46676.12,80123.88,15968,0,Active
CC406981,C106981,PremiumCard,149100.0,100436.02,48663.98,16320,499,Active
CC402921,C102921,PremiumCard,264000.0,176784.63,87215.37,17399,0,Active
CC404418,C104418,CashbackCard,200900.0,18015.89,182884.11,299,2999,Active
CC402262,C102262,FuelCard,214500.0,107458.67,107041.33,18871,2999,Active
CC404649,C104649,CashbackCard,233100.0,40420.81,192679.19,12713,499,Active
CC401045,C101045,PremiumCard,134800.0,64185.54,70614.46,7339,499,Active
CC406353,C106353,PremiumCard,138100.0,96245.65,41854.35,1532,499,Active
CC404936,C104936,FuelCard,177100.0,6815.16,170284.84,14305,499,Active
CC405970,C105970,FuelCard,231400.0,89443.23,141956.77,14254,999,Active
CC409825,C109825,StudentCard,205200.0,123379.59,81820.41,14563,999,Active
CC401222,C101222,StudentCard,212600.0,13234.71,199365.29,18559,2999,Active
CC408124,C108124,SmartCard,70100.0,27904.57,42195.43,16043,999,Active
CC409323,C109323,PremiumCard,163100.0,8507.93,154592.07,13431,499,Active
CC407623,C107623,CashbackCard,126200.0,50932.04,75267.96,8793,999,Active
CC403565,C103565,StudentCard,217100.0,146904.62,70195.38,14772,499,Active
CC404630,C104630,FuelCard,88800.0,1545.26,87254.74,3194,2999,Active
CC402226,C102226,SmartCard,84200.0,56965.24,27234.76,11508,2999,Active
CC404287,C104287,SmartCard,162900.0,15058.18,147841.82,1095,499,Active
CC400760,C100760,FuelCard,29100.0,10757.84,18342.16,4207,999,Active
CC409556,C109556,PremiumCard,86300.0,56724.3,29575.7,3538,2999,Active
CC403827,C103827,PremiumCard,131200.0,87822.46,43377.54,2629,999,Active
CC409178,C109178,PremiumCard,165700.0,4392.84,161307.16,11825,0,Active
CC409488,C109488,PremiumCard,214100.0,40952.87,173147.13,11300,2999,Active
CC408805,C108805,SmartCard,130300.0,76560.6,53739.4,19358,999,Active
CC400038,C100038,CashbackCard,47400.0,10096.2,37303.8,3535,0,Active
CC407095,C107095,SmartCard,178600.0,116713.2,61886.8,4567,2999,Active
CC409542,C109542,StudentCard,192100.0,52943.14,139156.86,6749,999,Active
CC400301,C100301,TravelCard,156800.0,60319.79,96480.21,5514,499,Active
CC405040,C105040,FuelCard,58000.0,14907.15,43092.85,11376,2999,Active
CC404088,C104088,TravelCard,185600.0,106295.35,79304.65,14221,499,Active
CC402263,C102263,StudentCard,187900.0,48445.89,139454.11,996,0,Active
CC404799,C104799,FuelCard,326600.0,249170.89,77429.11,5138,999,Active
CC402572,C102572,TravelCard,261800.0,205597.8,56202.2,7772,2999,Active
CC402393,C102393,CashbackCard,197700.0,84620.47,113079.53,5985,999,Active
CC408495,C108495,StudentCard,284600.0,117773.64,166826.36,7560,2999,Active
CC401583,C101583,SmartCard,281200.0,178923.03,102276.97,11774,999,Active
CC400121,C100121,StudentCard,157600.0,26886.53,130713.47,19439,0,Active
CC407572,C107572,TravelCard,153500.0,61054.98,92445.02,2818,499,Active
CC402814,C102814,TravelCard,60900.0,28277.74,32622.26,6550,2999,Active
CC405403,C105403,TravelCard,364400.0,32004.8,332395.2,6467,999,Active
CC405843,C105843,StudentCard,91700.0,13976.73,77723.27,16596,2999,Active
CC406527,C106527,SmartCard,132500.0,19915.02,112584.98,4791,999,Active
CC405680,C105680,TravelCard,161100.0,67544.01,93555.99,2568,2999,Active
CC400083,C100083,StudentCard,230900.0,85118.53,145781.47,19705,499,Active
CC406451,C106451,TravelCard,138400.0,19408.11,118991.89,9816,2999,Active
CC407498,C107498,StudentCard,164500.0,7204.08,157295.92,18488,2999,Active
CC401998,C101998,FuelCard,27700.0,9299.93,18400.07,13119,499,Active
CC407371,C107371,CashbackCard,88900.0,16604.83,72295.17,248,2999,Active
CC401097,C101097,SmartCard,244900.0,169991.89,74908.11,15636,0,Active
CC404667,C104667,StudentCard,70400.0,7688.03,62711.97,12479,999,Active
CC405276,C105276,PremiumCard,93200.0,25592.97,67607.03,16083,2999,Active
CC406876,C106876,SmartCard,146300.0,73987.94,72312.06,15778,0,Active
CC402361,C102361,StudentCard,227400.0,80630.21,146769.79,19842,999,Active
CC403986,C103986,CashbackCard,199500.0,1823.79,197676.21,19722,2999,Active
CC404401,C104401,SmartCard,522700.0,325647.46,197052.54,16099,0,Active
CC403465,C103465,FuelCard,303800.0,236239.5,67560.5,1917,2999,Active
CC401987,C101987,FuelCard,100900.0,33528.9,67371.1,12055,999,Active
CC409259,C109259,StudentCard,63500.0,42171.71,21328.29,13195,499,Active
CC406586,C106586,TravelCard,114200.0,26547.43,87652.57,12822,999,Active
CC406399,C106399,CashbackCard,79000.0,55757.68,23242.32,9281,499,Active
CC403056,C103056,SmartCard,157100.0,55729.73,101370.27,7378,499,Active
CC401293,C101293,PremiumCard,42800.0,22167.54,20632.46,5861,999,Active
CC404742,C104742,CashbackCard,129300.0,30334.48,98965.52,17016,999,Active
CC404116,C104116,SmartCard,55300.0,31129.89,24170.11,9059,2999,Active
CC403816,C103816,SmartCard,49600.0,30668.27,18931.73,11365,999,Active
CC409415,C109415,StudentCard,298200.0,102342.98,195857.02,17311,999,Active
CC401408,C101408,StudentCard,161800.0,45386.1,116413.9,9255,499,Active
CC408983,C108983,FuelCard,362900.0,194030.82,168869.18,9952,499,Active
CC405192,C105192,FuelCard,166100.0,84652.66,81447.34,16482,999,Active
CC403069,C103069,PremiumCard,61900.0,12013.34,49886.66,6433,499,Active
CC401885,C101885,StudentCard,130300.0,98557.87,31742.13,15795,0,Active
CC405072,C105072,SmartCard,224000.0,80038.71,143961.29,11237,0,Active
CC407059,C107059,FuelCard,143000.0,43227.02,99772.98,5543,499,Active
CC401625,C101625,PremiumCard,63700.0,22927.62,40772.38,11571,0,Active
CC401926,C101926,TravelCard,165900.0,73632.28,92267.72,3989,0,Active
CC400515,C100515,PremiumCard,89500.0,9734.26,79765.74,5416,499,Active
CC403413,C103413,FuelCard,106600.0,39783.62,66816.38,1911,499,Active
CC409862,C109862,FuelCard,181600.0,79163.46,102436.54,15734,999,Active
CC402754,C102754,FuelCard,318800.0,199895.41,118904.59,12676,2999,Active
CC404303,C104303,CashbackCard,129500.0,52183.04,77316.96,13706,999,Active
CC404957,C104957,CashbackCard,63100.0,38639.38,24460.62,2645,999,Active
CC404812,C104812,TravelCard,293000.0,12162.62,280837.38,538,2999,Active
CC406816,C106816,StudentCard,158600.0,107220.62,51379.38,16400,0,Active
CC408146,C108146,StudentCard,106500.0,23834.87,82665.13,4518,499,Active
CC409044,C109044,CashbackCard,134800.0,61032.3,73767.7,16126,2999,Active
CC409334,C109334,SmartCard,101400.0,16209.02,85190.98,17330,499,Active
CC404750,C104750,TravelCard,217600.0,149829.7,67770.3,16491,0,Active
CC405874,C105874,FuelCard,111600.0,72360.56,39239.44,7275,0,Active
CC409562,C109562,TravelCard,126300.0,62149.44,64150.56,12671,2999,Active
CC400851,C100851,CashbackCard,37200.0,23076.99,14123.01,19210,999,Active
CC407938,C107938,PremiumCard,104000.0,44445.67,59554.33,12267,499,Active
CC405534,C105534,FuelCard,283700.0,78185.2,205514.8,10847,2999,Active
CC401364,C101364,FuelCard,58900.0,37947.63,20952.37,14933,499,Active
CC403464,C103464,SmartCard,200000.0,140945.96,59054.04,5006,2999,Active
CC404076,C104076,CashbackCard,143200.0,113556.69,29643.31,14551,2999,Active
CC400969,C100969,FuelCard,89700.0,60942.13,28757.87,11189,499,Active
CC408240,C108240,FuelCard,158800.0,64170.69,94629.31,4602,499,Active
CC402150,C102150,StudentCard,244200.0,63007.78,181192.22,2029,2999,Active
CC404242,C104242,SmartCard,236900.0,176372.02,60527.98,7848,0,Active
CC409895,C109895,TravelCard,91300.0,56323.17,34976.83,4166,0,Active
CC400783,C100783,SmartCard,18000.0,11098.79,6901.21,12263,499,Active
CC406832,C106832,TravelCard,82900.0,5853.67,77046.33,15595,499,Active
CC401238,C101238,PremiumCard,234300.0,2151.28,232148.72,9232,499,Active
CC405402,C105402,CashbackCard,314700.0,105172.71,209527.29,9797,0,Active
CC401326,C101326,StudentCard,119200.0,48980.35,70219.65,17725,999,Active
CC408434,C108434,StudentCard,192900.0,63471.9,129428.1,7620,999,Active
CC407050,C107050,SmartCard,132800.0,70567.0,62233.0,5894,0,Active
CC402302,C102302,TravelCard,38000.0,28484.08,9515.92,10425,0,Active
CC408490,C108490,CashbackCard,97100.0,70126.19,26973.81,1169,999,Active
CC402411,C102411,StudentCard,144300.0,27575.57,116724.43,13242,0,Active
CC407075,C107075,PremiumCard,79000.0,21693.38,57306.62,14626,0,Active
CC404831,C104831,StudentCard,118000.0,65666.53,52333.47,5605,0,Active
CC400589,C100589,PremiumCard,434700.0,261207.36,173492.64,17788,499,Active
CC409240,C109240,CashbackCard,81000.0,16525.07,64474.93,9096,2999,Active
CC408186,C108186,FuelCard,271900.0,86898.92,185001.08,12283,499,Active
CC404823,C104823,TravelCard,199900.0,132507.12,67392.88,8556,2999,Active
CC404151,C104151,FuelCard,238800.0,52316.17,186483.83,6564,2999,Active
CC405037,C105037,FuelCard,115700.0,40330.56,75369.44,11244,2999,Active
CC409110,C109110,FuelCard,129300.0,98417.49,30882.51,18893,999,Active
CC405365,C105365,PremiumCard,193300.0,18596.71,174703.29,5303,2999,Active
CC401162,C101162,PremiumCard,62300.0,20103.64,42196.36,7825,0,Active
CC407227,C107227,SmartCard,216800.0,4624.51,212175.49,17050,2999,Active
CC404269,C104269,StudentCard,46700.0,30762.48,15937.52,13206,499,Active
CC406590,C106590,CashbackCard,184900.0,128939.57,55960.43,18191,499,Active
CC406608,C106608,SmartCard,123000.0,14869.82,108130.18,11062,2999,Active
CC405757,C105757,SmartCard,142700.0,64444.68,78255.32,10845,0,Active
CC406894,C106894,SmartCard,184700.0,136234.41,48465.59,3427,2999,Active
CC401896,C101896,TravelCard,41000.0,26783.4,14216.6,18767,999,Active
CC403417,C103417,StudentCard,85600.0,65748.84,19851.16,18557,2999,Active
CC401436,C101436,TravelCard,289900.0,180539.37,109360.63,6575,499,Active
CC409496,C109496,TravelCard,85300.0,29941.91,55358.09,15691,0,Active
CC409338,C109338,CashbackCard,309100.0,126913.57,182186.43,10035,2999,Active
CC400444,C100444,TravelCard,121300.0,29871.15,91428.85,17530,0,Active
CC409310,C109310,FuelCard,224300.0,105606.05,118693.95,12842,499,Active
CC408272,C108272,SmartCard,26500.0,5180.61,21319.39,17938,2999,Active
CC400940,C100940,PremiumCard,384500.0,142243.18,242256.82,14693,499,Active
CC405453,C105453,StudentCard,350100.0,163720.64,186379.36,18963,2999,Active
CC404245,C104245,PremiumCard,242600.0,140149.26,102450.74,192,499,Active
CC409700,C109700,TravelCard,120500.0,94193.11,26306.89,15275,999,Active
CC403067,C103067,SmartCard,165700.0,23204.74,142495.26,15598,999,Active
CC408631,C108631,TravelCard,61200.0,25130.16,36069.84,7674,2999,Active
CC402745,C102745,FuelCard,187000.0,96822.27,90177.73,2960,2999,Active
CC401837,C101837,FuelCard,362100.0,35327.73,326772.27,19027,2999,Active
CC409132,C109132,StudentCard,170500.0,133364.74,37135.26,13286,0,Active
CC404683,C104683,StudentCard,170100.0,29114.17,140985.83,9760,2999,Active
CC401913,C101913,StudentCard,280100.0,107378.28,172721.72,12394,0,Active
CC403398,C103398,SmartCard,48700.0,25620.21,23079.79,17541,2999,Active
CC403163,C103163,StudentCard,244900.0,128036.95,116863.05,847,2999,Active
CC408821,C108821,TravelCard,78900.0,61886.3,17013.7,16067,0,Active
CC401138,C101138,FuelCard,239700.0,20209.99,219490.01,16244,2999,Active
CC407009,C107009,FuelCard,196700.0,61324.48,135375.52,525,2999,Active
CC401753,C101753,CashbackCard,44000.0,27257.54,16742.46,8658,999,Active
CC401912,C101912,CashbackCard,305400.0,160305.93,145094.07,14434,499,Active
CC404855,C104855,TravelCard,193300.0,16725.4,176574.6,16443,0,Active
CC408635,C108635,PremiumCard,155500.0,71722.54,83777.46,3525,999,Active
CC407648,C107648,TravelCard,50100.0,35893.6,14206.4,2647,499,Active
CC406369,C106369,StudentCard,207600.0,77093.65,130506.35,17997,499,Active
CC400296,C100296,TravelCard,120500.0,81522.57,38977.43,2337,499,Active
CC402069,C102069,PremiumCard,315100.0,53982.96,261117.04,5734,2999,Active
CC406729,C106729,StudentCard,170100.0,91390.04,78709.96,9697,499,Active
CC408255,C108255,TravelCard,107500.0,65859.09,41640.91,5880,999,Active
CC405241,C105241,SmartCard,65000.0,37271.54,27728.46,3049,2999,Active
CC408372,C108372,FuelCard,105500.0,11168.99,94331.01,16055,999,Active
CC406273,C106273,FuelCard,113600.0,49751.33,63848.67,15347,999,Active
CC407961,C107961,PremiumCard,256500.0,132133.34,124366.66,11398,2999,Active
CC404262,C104262,FuelCard,409000.0,84071.17,324928.83,19698,2999,Active
CC401295,C101295,TravelCard,184500.0,101011.0,83489.0,8445,2999,Active
CC408016,C108016,PremiumCard,216600.0,170112.48,46487.52,18987,2999,Active
CC400365,C100365,CashbackCard,168800.0,30194.31,138605.69,2920,999,Active
CC403868,C103868,PremiumCard,98800.0,66565.53,32234.47,8953,999,Active
CC407351,C107351,PremiumCard,157200.0,31261.82,125938.18,4995,999,Active
CC402840,C102840,TravelCard,40500.0,9091.9,31408.1,12842,0,Active
CC407089,C107089,StudentCard,94700.0,9362.07,85337.93,3980,499,Active
CC407720,C107720,SmartCard,288200.0,176733.11,111466.89,13265,499,Active
CC406412,C106412,FuelCard,107300.0,3493.49,103806.51,5748,0,Active
CC402990,C102990,PremiumCard,190300.0,103721.04,86578.96,18498,499,Active
CC400151,C100151,CashbackCard,142800.0,100737.15,42062.85,13986,999,Active
CC406088,C106088,CashbackCard,42000.0,31538.82,10461.18,9376,2999,Active
CC405946,C105946,FuelCard,114700.0,37378.7,77321.3,4338,999,Active
CC401185,C101185,StudentCard,162300.0,65822.89,96477.11,19551,0,Active
CC401324,C101324,SmartCard,252100.0,200158.99,51941.01,16113,0,Active
CC400667,C100667,CashbackCard,32200.0,25701.98,6498.02,19298,0,Active
CC407223,C107223,CashbackCard,292000.0,222752.72,69247.28,10766,0,Active
CC408519,C108519,PremiumCard,328100.0,231114.61,96985.39,3497,999,Active
CC404618,C104618,TravelCard,160800.0,49912.97,110887.03,5985,0,Active
CC402156,C102156,FuelCard,37900.0,16638.37,21261.63,2678,0,Active
CC401697,C101697,StudentCard,78700.0,58479.13,20220.87,18852,0,Active
CC403621,C103621,TravelCard,161700.0,5628.51,156071.49,19341,999,Active
CC402652,C102652,SmartCard,233400.0,127529.63,105870.37,17849,999,Active
CC404637,C104637,StudentCard,223200.0,138481.95,84718.05,11450,999,Active
CC401425,C101425,CashbackCard,217900.0,125314.92,92585.08,11975,2999,Active
CC401616,C101616,SmartCard,378600.0,153321.74,225278.26,8939,0,Active
CC406105,C106105,PremiumCard,151800.0,112799.75,39000.25,13916,999,Active
CC409474,C109474,SmartCard,308100.0,7729.02,300370.98,8230,2999,Active
CC408111,C108111,SmartCard,370900.0,277501.23,93398.77,19172,999,Active
CC405463,C105463,FuelCard,307300.0,170373.77,136926.23,4797,0,Active
CC405343,C105343,PremiumCard,106500.0,11736.39,94763.61,8435,499,Active
CC404548,C104548,FuelCard,187800.0,36048.39,151751.61,15774,999,Active
CC402567,C102567,TravelCard,365500.0,23260.11,342239.89,11580,0,Active
CC407348,C107348,StudentCard,70400.0,42918.74,27481.26,1112,499,Active
CC403178,C103178,PremiumCard,209400.0,117442.86,91957.14,15625,499,Active
CC406407,C106407,SmartCard,160100.0,36144.69,123955.31,12518,499,Active
CC405400,C105400,StudentCard,46600.0,3463.26,43136.74,1826,2999,Active
CC401768,C101768,StudentCard,110700.0,57930.07,52769.93,9224,999,Active
CC408603,C108603,CashbackCard,256700.0,10769.71,245930.29,3226,2999,Active
CC407332,C107332,StudentCard,298500.0,104740.88,193759.12,1671,499,Active
CC408969,C108969,TravelCard,172300.0,53523.66,118776.34,5993,2999,Active
CC402011,C102011,SmartCard,121800.0,49246.52,72553.48,11364,0,Active
CC404882,C104882,FuelCard,130400.0,27224.53,103175.47,11500,0,Active
CC408683,C108683,SmartCard,66300.0,46201.09,20098.91,12864,2999,Active
CC401568,C101568,CashbackCard,96300.0,75137.4,21162.6,6756,999,Active
CC406512,C106512,SmartCard,168600.0,94466.32,74133.68,8104,999,Active
CC407711,C107711,SmartCard,80500.0,50768.97,29731.03,15082,0,Active
CC406486,C106486,TravelCard,138200.0,98979.78,39220.22,16333,999,Active
CC402769,C102769,CashbackCard,238000.0,1644.06,236355.94,18481,2999,Active
CC409891,C109891,TravelCard,152800.0,33411.63,119388.37,11637,0,Active
CC406332,C106332,CashbackCard,100700.0,66956.66,33743.34,9463,499,Active
CC409424,C109424,TravelCard,105200.0,11724.05,93475.95,4726,0,Active
CC406759,C106759,FuelCard,82200.0,39375.35,42824.65,14274,0,Active
CC409502,C109502,TravelCard,197000.0,34012.53,162987.47,14072,999,Active
CC409201,C109201,SmartCard,34300.0,18183.67,16116.33,3216,999,Active
CC402008,C102008,CashbackCard,314400.0,187413.18,126986.82,13522,999,Active
CC402970,C102970,CashbackCard,370300.0,294614.9,75685.1,15614,2999,Active
CC405802,C105802,PremiumCard,155000.0,97838.77,57161.23,14189,499,Active
CC400970,C100970,TravelCard,213100.0,2934.5,210165.5,19727,999,Active
CC403870,C103870,StudentCard,178300.0,120263.37,58036.63,10152,2999,Active
CC407413,C107413,StudentCard,55900.0,36060.87,19839.13,17569,499,Active
CC400872,C100872,CashbackCard,108300.0,48776.88,59523.12,19366,2999,Active
CC402481,C102481,PremiumCard,40400.0,5594.11,34805.89,4836,499,Active
CC408924,C108924,FuelCard,395800.0,156926.24,238873.76,1452,0,Active
CC402233,C102233,PremiumCard,66200.0,17271.51,48928.49,16497,2999,Active
CC404976,C104976,SmartCard,417000.0,166325.48,250674.52,3658,2999,Active
CC401392,C101392,TravelCard,136000.0,78086.42,57913.58,14422,999,Active
CC404932,C104932,FuelCard,142200.0,97047.34,45152.66,7323,0,Active
CC400962,C100962,SmartCard,109600.0,28602.44,80997.56,14487,2999,Active
CC404008,C104008,StudentCard,231800.0,86838.5,144961.5,19226,0,Active
CC402433,C102433,SmartCard,250600.0,136158.81,114441.19,19273,0,Active
CC404023,C104023,PremiumCard,209000.0,166033.62,42966.38,18986,999,Active
CC401878,C101878,CashbackCard,197900.0,8032.41,189867.59,2382,2999,Active
CC401008,C101008,PremiumCard,184800.0,123738.6,61061.4,15450,999,Active
CC401901,C101901,FuelCard,97200.0,69417.27,27782.73,16585,999,Active
CC402331,C102331,StudentCard,64800.0,48511.76,16288.24,3883,499,Active
CC400719,C100719,TravelCard,50300.0,4926.88,45373.12,10172,2999,Active
CC404907,C104907,FuelCard,170400.0,80323.28,90076.72,12126,499,Active
CC403801,C103801,StudentCard,117200.0,17726.55,99473.45,12213,2999,Active
CC404566,C104566,TravelCard,337700.0,222522.11,115177.89,3231,2999,Active
CC403967,C103967,PremiumCard,134500.0,1231.59,133268.41,8206,499,Active
CC409572,C109572,CashbackCard,154800.0,18680.28,136119.72,2184,499,Active
CC401737,C101737,SmartCard,239800.0,85251.83,154548.17,13064,2999,Active
CC405853,C105853,CashbackCard,378100.0,259710.23,118389.77,8837,499,Active
CC403659,C103659,CashbackCard,166300.0,4540.31,161759.69,3871,2999,Active
CC408656,C108656,SmartCard,94200.0,1009.6,93190.4,4134,2999,Active
CC408150,C108150,SmartCard,388100.0,92039.0,296061.0,517,2999,Active
CC409313,C109313,SmartCard,161200.0,60623.63,100576.37,18916,2999,Active
CC400495,C100495,PremiumCard,232800.0,36054.42,196745.58,14529,0,Active
CC409990,C109990,TravelCard,56100.0,25445.08,30654.92,5522,499,Active
CC401578,C101578,FuelCard,177900.0,126997.21,50902.79,19985,2999,Active
CC400431,C100431,TravelCard,111900.0,64613.44,47286.56,8581,2999,Active
CC407239,C107239,CashbackCard,142400.0,19983.7,122416.3,11765,499,Active
CC404623,C104623,CashbackCard,291800.0,120841.87,170958.13,14969,499,Active
CC400990,C100990,StudentCard,228600.0,96771.64,131828.36,2468,499,Active
CC401302,C101302,StudentCard,167200.0,30039.91,137160.09,16241,999,Active
CC400428,C100428,PremiumCard,12400.0,6822.74,5577.26,375,2999,Active
CC407531,C107531,SmartCard,394800.0,120466.46,274333.54,16590,2999,Active
CC400901,C100901,CashbackCard,88900.0,9652.37,79247.63,16201,2999,Active
CC400730,C100730,PremiumCard,132900.0,80899.44,52000.56,7307,0,Active
CC404509,C104509,PremiumCard,220400.0,112962.51,107437.49,12098,0,Active
CC402898,C102898,StudentCard,147900.0,80761.5,67138.5,1632,0,Active
CC408847,C108847,CashbackCard,156500.0,45762.68,110737.32,1881,499,Active
CC404534,C104534,FuelCard,18100.0,12481.91,5618.09,733,499,Active
CC409708,C109708,SmartCard,242800.0,29398.95,213401.05,13287,0,Active
CC406902,C106902,PremiumCard,170800.0,53199.91,117600.09,13257,0,Active
CC407191,C107191,TravelCard,184600.0,63113.94,121486.06,14045,2999,Active
CC406905,C106905,CashbackCard,172000.0,96206.44,75793.56,14719,0,Active
CC405421,C105421,FuelCard,219800.0,95161.55,124638.45,3230,499,Active
CC400213,C100213,CashbackCard,28300.0,8700.62,19599.38,798,2999,Active
CC409896,C109896,PremiumCard,186100.0,112652.99,73447.01,4946,0,Active
CC401308,C101308,CashbackCard,97000.0,21490.9,75509.1,15337,999,Active
CC402451,C102451,FuelCard,283500.0,120474.26,163025.74,19532,0,Active
CC405053,C105053,CashbackCard,190100.0,129692.92,60407.08,3122,499,Active
CC408976,C108976,FuelCard,117100.0,38040.96,79059.04,18787,0,Active
CC402581,C102581,FuelCard,110800.0,75054.92,35745.08,14291,999,Active
CC402816,C102816,PremiumCard,356800.0,108298.24,248501.76,12834,2999,Active
CC406762,C106762,StudentCard,127800.0,46423.35,81376.65,16253,0,Active
CC403726,C103726,PremiumCard,174900.0,98097.73,76802.27,5985,2999,Active
CC400460,C100460,StudentCard,212700.0,40367.6,172332.4,199,0,Active
CC400723,C100723,CashbackCard,28500.0,1655.58,26844.42,2535,499,Active
CC405492,C105492,CashbackCard,52600.0,36061.81,16538.19,12453,2999,Active
CC409383,C109383,StudentCard,128800.0,7660.17,121139.83,6080,999,Active
CC408908,C108908,SmartCard,132400.0,9374.22,123025.78,10648,999,Active
CC406713,C106713,TravelCard,224700.0,13306.78,211393.22,4682,0,Active
CC402905,C102905,StudentCard,192400.0,95095.48,97304.52,1337,2999,Active
CC407614,C107614,PremiumCard,123200.0,40358.95,82841.05,14768,499,Active
CC409877,C109877,StudentCard,165200.0,112219.67,52980.33,7525,999,Active
CC401190,C101190,FuelCard,199100.0,12438.55,186661.45,19522,499,Active
CC400635,C100635,PremiumCard,217900.0,143640.23,74259.77,11893,499,Active
CC405467,C105467,PremiumCard,207900.0,140962.34,66937.66,15200,0,Active
CC401579,C101579,PremiumCard,139800.0,110357.04,29442.96,5600,0,Active
CC406048,C106048,TravelCard,157900.0,95410.06,62489.94,11868,2999,Active
CC407384,C107384,PremiumCard,218600.0,139092.36,79507.64,11638,499,Active
CC407497,C107497,TravelCard,154800.0,94942.96,59857.04,18272,999,Active
CC408832,C108832,StudentCard,209900.0,122287.0,87613.0,13012,999,Active
CC408535,C108535,StudentCard,256500.0,87141.16,169358.84,17124,0,Active
CC403112,C103112,PremiumCard,22400.0,5316.34,17083.66,104,499,Active
CC402827,C102827,CashbackCard,316900.0,145769.45,171130.55,2684,0,Active
CC408376,C108376,FuelCard,307800.0,187417.02,120382.98,10104,999,Active
CC406363,C106363,StudentCard,217800.0,122175.45,95624.55,11532,0,Active
CC400289,C100289,FuelCard,158500.0,37486.2,121013.8,18497,0,Active
CC409316,C109316,TravelCard,115800.0,86744.25,29055.75,14285,499,Active
CC404192,C104192,SmartCard,271600.0,43412.04,228187.96,8677,999,Active
CC403263,C103263,SmartCard,70100.0,11983.1,58116.9,17826,2999,Active
CC402355,C102355,SmartCard,298500.0,187685.42,110814.58,18140,999,Active
CC407656,C107656,StudentCard,150600.0,102671.67,47928.33,16733,0,Active
CC401735,C101735,TravelCard,153000.0,92116.13,60883.87,389,499,Active
CC408218,C108218,FuelCard,95500.0,866.38,94633.62,18804,2999,Active
CC403872,C103872,TravelCard,125300.0,78545.71,46754.29,13782,0,Active
CC407175,C107175,FuelCard,169600.0,105391.42,64208.58,5351,0,Active
CC404718,C104718,TravelCard,153000.0,17063.03,135936.97,11581,2999,Active
CC408335,C108335,SmartCard,109100.0,79126.43,29973.57,19284,999,Active
CC409369,C109369,TravelCard,58400.0,12110.34,46289.66,16668,999,Active
CC405384,C105384,CashbackCard,71900.0,47032.34,24867.66,11453,0,Active
CC402165,C102165,CashbackCard,180900.0,77011.5,103888.5,11648,499,Active
CC408152,C108152,TravelCard,128900.0,3177.6,125722.4,1140,999,Active
CC405751,C105751,CashbackCard,354600.0,100329.64,254270.36,2005,499,Active
CC404395,C104395,SmartCard,92600.0,45294.32,47305.68,4363,0,Active
CC403299,C103299,TravelCard,122900.0,14245.45,108654.55,10316,999,Active
CC405563,C105563,TravelCard,87400.0,11033.58,76366.42,13541,0,Active
CC404968,C104968,FuelCard,101100.0,62084.55,39015.45,1036,2999,Active
CC400939,C100939,TravelCard,202500.0,155824.12,46675.88,16851,999,Active
CC407727,C107727,FuelCard,144600.0,63397.67,81202.33,8031,499,Active
CC402583,C102583,TravelCard,270200.0,73420.8,196779.2,11790,2999,Active
CC403383,C103383,FuelCard,336100.0,178475.12,157624.88,11857,999,Active
CC401299,C101299,StudentCard,108900.0,61324.95,47575.05,13428,999,Active
CC407559,C107559,FuelCard,226400.0,86586.66,139813.34,15705,2999,Active
CC400184,C100184,CashbackCard,324800.0,204862.13,119937.87,12713,999,Active
CC406190,C106190,StudentCard,276300.0,763.62,275536.38,17119,499,Active
CC408935,C108935,SmartCard,123600.0,55425.99,68174.01,2209,499,Active
CC403432,C103432,SmartCard,29400.0,18748.71,10651.29,12701,999,Active
CC403478,C103478,PremiumCard,188100.0,118628.28,69471.72,10163,2999,Active
CC402978,C102978,CashbackCard,44200.0,25042.41,19157.59,11963,499,Active
CC406271,C106271,CashbackCard,172900.0,56685.52,116214.48,3034,2999,Active
CC402347,C102347,CashbackCard,134600.0,68690.19,65909.81,4065,499,Active
CC403186,C103186,FuelCard,345500.0,157592.7,187907.3,9000,0,Active
CC401630,C101630,SmartCard,275100.0,217834.88,57265.12,1390,499,Active
CC407258,C107258,CashbackCard,212100.0,23201.52,188898.48,2482,2999,Active
CC403140,C103140,FuelCard,143800.0,36255.73,107544.27,7621,999,Active
CC406694,C106694,SmartCard,145100.0,4131.35,140968.65,11349,999,Active
CC406948,C106948,FuelCard,198100.0,49482.6,148617.4,18420,499,Active
CC400189,C100189,TravelCard,242900.0,145925.98,96974.02,14132,999,Active
CC405079,C105079,SmartCard,176700.0,10462.02,166237.98,6149,0,Active
CC404315,C104315,FuelCard,32200.0,7737.27,24462.73,14087,999,Active
CC406915,C106915,StudentCard,202500.0,472.09,202027.91,17195,0,Active
CC401534,C101534,PremiumCard,198900.0,134286.83,64613.17,19165,999,Active
CC403427,C103427,StudentCard,369700.0,57127.66,312572.34,14096,2999,Active
CC404611,C104611,TravelCard,112600.0,60609.0,51991.0,9300,0,Active
CC400777,C100777,TravelCard,405000.0,245925.77,159074.23,6148,499,Active
CC400793,C100793,PremiumCard,204400.0,1734.62,202665.38,5217,499,Active
CC402789,C102789,FuelCard,110900.0,7730.38,103169.62,14373,499,Active
CC406165,C106165,CashbackCard,145600.0,24703.47,120896.53,6269,999,Active
CC400619,C100619,SmartCard,148100.0,105403.12,42696.88,17654,999,Active
CC400888,C100888,PremiumCard,79200.0,22176.62,57023.38,290,0,Active
CC409102,C109102,TravelCard,59300.0,6278.98,53021.02,2853,499,Active
CC400341,C100341,PremiumCard,254700.0,146478.33,108221.67,692,499,Active
CC405556,C105556,StudentCard,104100.0,4647.19,99452.81,16198,0,Active
CC404341,C104341,CashbackCard,140500.0,84072.85,56427.15,5390,999,Active
CC406103,C106103,StudentCard,200500.0,7914.61,192585.39,4410,0,Active
CC409557,C109557,PremiumCard,157500.0,112948.21,44551.79,481,0,Active
CC408360,C108360,TravelCard,164300.0,98395.18,65904.82,16701,999,Active
CC407503,C107503,CashbackCard,43600.0,21763.71,21836.29,10205,999,Active
CC402179,C102179,CashbackCard,100300.0,29493.55,70806.45,19825,999,Active
CC404731,C104731,StudentCard,152600.0,67968.95,84631.05,17332,999,Active
CC408103,C108103,StudentCard,108700.0,84374.45,24325.55,18616,999,Active
CC400755,C100755,CashbackCard,326600.0,171881.65,154718.35,1205,499,Active
CC402829,C102829,PremiumCard,252700.0,40313.45,212386.55,5328,999,Active
CC401505,C101505,StudentCard,199600.0,100312.5,99287.5,18881,999,Active
CC400831,C100831,SmartCard,283700.0,46929.13,236770.87,10804,2999,Active
CC402890,C102890,PremiumCard,255800.0,134534.5,121265.5,16760,0,Active
CC408760,C108760,SmartCard,197900.0,70020.04,127879.96,5222,999,Active
CC405399,C105399,FuelCard,106000.0,13979.97,92020.03,12662,499,Active
CC402168,C102168,CashbackCard,200600.0,138203.25,62396.75,13646,999,Active
CC401971,C101971,StudentCard,130900.0,14527.58,116372.42,989,0,Active
CC406847,C106847,StudentCard,166800.0,100647.86,66152.14,3546,2999,Active
CC406180,C106180,TravelCard,210800.0,167876.38,42923.62,6823,0,Active
CC406447,C106447,TravelCard,274300.0,131148.09,143151.91,10193,2999,Active
CC400306,C100306,StudentCard,40200.0,8133.93,32066.07,13062,499,Active
CC402539,C102539,StudentCard,222800.0,118163.59,104636.41,1139,2999,Active
CC401923,C101923,SmartCard,136200.0,89750.65,46449.35,19913,0,Active
CC406151,C106151,FuelCard,214500.0,165270.16,49229.84,3800,999,Active
CC404842,C104842,PremiumCard,57700.0,45087.41,12612.59,3590,2999,Active
CC400354,C100354,TravelCard,82900.0,58371.8,24528.2,15474,999,Active
CC403913,C103913,FuelCard,193000.0,3389.25,189610.75,18313,2999,Active
CC407096,C107096,TravelCard,104100.0,43819.95,60280.05,3545,0,Active
CC402033,C102033,PremiumCard,101700.0,37506.06,64193.94,1844,2999,Active
CC403097,C103097,SmartCard,157200.0,26347.59,130852.41,19558,499,Active
CC404291,C104291,SmartCard,56500.0,40955.93,15544.07,5558,999,Active
CC402317,C102317,PremiumCard,150600.0,103802.33,46797.67,10882,0,Active
CC405655,C105655,FuelCard,171200.0,4957.1,166242.9,9073,999,Active
CC409860,C109860,StudentCard,179300.0,24163.69,155136.31,12937,0,Active
CC408165,C108165,TravelCard,185900.0,98871.31,87028.69,18404,999,Active
CC401040,C101040,StudentCard,110900.0,79378.6,31521.4,11095,499,Active
CC401043,C101043,StudentCard,58900.0,27456.72,31443.28,7235,999,Active
CC409009,C109009,CashbackCard,105600.0,51923.68,53676.32,9174,0,Active
CC402687,C102687,FuelCard,401400.0,85897.36,315502.64,14613,2999,Active
CC400845,C100845,TravelCard,30500.0,4910.48,25589.52,6415,0,Active
CC407108,C107108,SmartCard,132900.0,27719.2,105180.8,10606,499,Active
CC406829,C106829,FuelCard,195600.0,75392.86,120207.14,730,0,Active
CC407226,C107226,FuelCard,140700.0,34635.95,106064.05,19465,2999,Active
CC402641,C102641,StudentCard,59900.0,41436.57,18463.43,5157,2999,Active
CC405380,C105380,FuelCard,280500.0,192458.92,88041.08,5661,0,Active
CC406871,C106871,CashbackCard,306400.0,181812.36,124587.64,13804,499,Active
CC409034,C109034,StudentCard,116800.0,25905.96,90894.04,18327,0,Active
CC401951,C101951,CashbackCard,73000.0,32453.8,40546.2,18791,999,Active
CC400934,C100934,FuelCard,146300.0,33950.9,112349.1,945,499,Active
CC400024,C100024,TravelCard,196700.0,85685.05,111014.95,7996,2999,Active
CC408984,C108984,PremiumCard,71700.0,13753.06,57946.94,16239,0,Active
CC402503,C102503,PremiumCard,61400.0,10160.22,51239.78,554,999,Active
CC402770,C102770,PremiumCard,71400.0,54673.6,16726.4,7059,2999,Active
CC403800,C103800,PremiumCard,193700.0,143572.16,50127.84,7843,0,Active
CC402489,C102489,TravelCard,118700.0,73346.05,45353.95,2294,2999,Active
CC407119,C107119,CashbackCard,325400.0,66005.8,259394.2,11687,999,Active
CC409177,C109177,StudentCard,232700.0,43650.45,189049.55,8626,0,Active
CC402432,C102432,PremiumCard,297300.0,16205.16,281094.84,11624,0,Active
CC404055,C104055,FuelCard,59700.0,35445.99,24254.01,1250,2999,Active
CC404482,C104482,StudentCard,141700.0,52537.91,89162.09,13611,2999,Active
CC400051,C100051,TravelCard,75800.0,42679.57,33120.43,9341,0,Active
CC403991,C103991,StudentCard,186300.0,47363.67,138936.33,17735,0,Active
CC400120,C100120,SmartCard,257400.0,113762.31,143637.69,18691,499,Active
CC402956,C102956,FuelCard,261200.0,24248.1,236951.9,8919,499,Active
CC409185,C109185,StudentCard,146100.0,7481.36,138618.64,2859,2999,Active
CC403815,C103815,TravelCard,138000.0,84615.1,53384.9,11831,499,Active
CC406055,C106055,CashbackCard,361500.0,106961.53,254538.47,4137,999,Active
CC406667,C106667,SmartCard,30700.0,5935.75,24764.25,10617,499,Active
CC405157,C105157,FuelCard,94400.0,28822.14,65577.86,1163,999,Active
CC402795,C102795,CashbackCard,176300.0,88628.85,87671.15,8604,999,Active
CC407179,C107179,StudentCard,244300.0,73949.98,170350.02,2713,999,Active
CC402610,C102610,CashbackCard,190500.0,40948.09,149551.91,17010,499,Active
CC405105,C105105,FuelCard,93800.0,19935.77,73864.23,1780,2999,Active
CC407705,C107705,CashbackCard,86200.0,32084.56,54115.44,19441,2999,Active
CC407355,C107355,SmartCard,119700.0,38347.21,81352.79,5222,2999,Active
CC407046,C107046,SmartCard,118800.0,21907.41,96892.59,8087,499,Active
CC408840,C108840,FuelCard,349800.0,173297.68,176502.32,8590,0,Active
CC407470,C107470,CashbackCard,240400.0,21692.85,218707.15,9774,2999,Active
CC400468,C100468,FuelCard,263100.0,66648.13,196451.87,16108,499,Active
CC403605,C103605,FuelCard,126300.0,887.87,125412.13,2617,0,Active
CC409801,C109801,StudentCard,495300.0,340801.73,154498.27,10705,999,Active
CC403908,C103908,PremiumCard,101200.0,69491.86,31708.14,5001,499,Active
CC401741,C101741,PremiumCard,244200.0,155142.09,89057.91,13816,999,Active
CC407076,C107076,PremiumCard,190200.0,62514.22,127685.78,12766,999,Active
CC403026,C103026,CashbackCard,135000.0,38372.25,96627.75,8576,999,Active
CC403893,C103893,FuelCard,44200.0,34131.05,10068.95,17320,999,Active
CC400009,C100009,TravelCard,196500.0,139189.42,57310.58,8324,499,Active
CC407062,C107062,SmartCard,215400.0,1970.13,213429.87,15337,999,Active
CC406143,C106143,FuelCard,90700.0,64871.21,25828.79,14971,0,Active
CC403548,C103548,TravelCard,242800.0,63543.54,179256.46,16934,999,Active
CC403578,C103578,StudentCard,246700.0,69915.07,176784.93,15583,499,Active
CC405237,C105237,TravelCard,295500.0,66752.75,228747.25,17491,499,Active
CC400938,C100938,FuelCard,355600.0,158035.53,197564.47,2687,0,Active
CC404275,C104275,CashbackCard,296600.0,166556.99,130043.01,19860,499,Active
CC404443,C104443,CashbackCard,275200.0,50395.83,224804.17,8257,999,Active
CC406537,C106537,StudentCard,234800.0,83596.79,151203.21,4549,499,Active
CC408705,C108705,PremiumCard,227000.0,39910.37,187089.63,180,0,Active
CC406004,C106004,CashbackCard,350700.0,175842.95,174857.05,18364,499,Active
CC400363,C100363,CashbackCard,59300.0,1830.06,57469.94,13640,0,Active
CC404951,C104951,StudentCard,70300.0,51071.7,19228.3,16535,499,Active
CC401276,C101276,CashbackCard,59100.0,7149.64,51950.36,5834,2999,Active
CC404996,C104996,FuelCard,226100.0,53292.91,172807.09,2628,999,Active
CC402321,C102321,StudentCard,86200.0,33998.7,52201.3,11664,499,Active
CC406414,C106414,StudentCard,27600.0,3329.25,24270.75,12840,2999,Active
CC405048,C105048,PremiumCard,65800.0,47534.71,18265.29,498,0,Active
CC400916,C100916,TravelCard,163500.0,26899.81,136600.19,5535,499,Active
CC400415,C100415,StudentCard,221800.0,127893.14,93906.86,2353,0,Active
CC403556,C103556,StudentCard,318900.0,149307.94,169592.06,19904,499,Active
CC407821,C107821,SmartCard,183200.0,119651.1,63548.9,16513,999,Active
CC400868,C100868,CashbackCard,105700.0,38004.44,67695.56,18428,999,Active
CC406064,C106064,StudentCard,173100.0,111492.3,61607.7,14664,499,Active
CC402210,C102210,PremiumCard,318500.0,8167.01,310332.99,13594,999,Active
CC400520,C100520,FuelCard,154500.0,88821.25,65678.75,5925,2999,Active
CC409610,C109610,FuelCard,288500.0,12625.1,275874.9,13470,499,Active
CC408845,C108845,PremiumCard,136800.0,65231.29,71568.71,19027,2999,Active
CC408595,C108595,PremiumCard,201200.0,115864.22,85335.78,7665,2999,Active
CC404557,C104557,PremiumCard,176500.0,128574.71,47925.29,4327,499,Active
CC402774,C102774,StudentCard,148400.0,331.98,148068.02,12808,499,Active
CC404361,C104361,TravelCard,385200.0,169901.9,215298.1,5815,2999,Active
CC404442,C104442,SmartCard,95500.0,48770.06,46729.94,2140,999,Active
CC405965,C105965,TravelCard,156500.0,91157.66,65342.34,7575,0,Active
CC408822,C108822,TravelCard,232600.0,76207.25,156392.75,60,499,Active
CC400585,C100585,SmartCard,137700.0,50358.75,87341.25,941,999,Active
CC400527,C100527,CashbackCard,137700.0,83275.14,54424.86,15604,499,Active
CC400568,C100568,FuelCard,235400.0,89432.38,145967.62,8724,999,Active
CC402497,C102497,StudentCard,63300.0,630.89,62669.11,14481,0,Active
CC405005,C105005,CashbackCard,214800.0,401.07,214398.93,8646,499,Active
CC402403,C102403,TravelCard,212700.0,107881.59,104818.41,13405,2999,Active
CC407360,C107360,TravelCard,192600.0,118807.42,73792.58,16679,0,Active
CC408313,C108313,CashbackCard,177200.0,91973.83,85226.17,19193,0,Active
CC401801,C101801,FuelCard,256800.0,141432.46,115367.54,208,999,Active
CC403050,C103050,SmartCard,268400.0,187149.82,81250.18,1692,0,Active
CC405455,C105455,FuelCard,217200.0,43122.25,174077.75,15558,2999,Active
CC402271,C102271,StudentCard,38700.0,16631.67,22068.33,1295,999,Active
CC409820,C109820,TravelCard,261000.0,74227.33,186772.67,3174,999,Active
CC409846,C109846,CashbackCard,141400.0,42701.24,98698.76,3274,2999,Active
CC407918,C107918,TravelCard,103900.0,17851.74,86048.26,1591,0,Active
CC401118,C101118,SmartCard,63900.0,22000.58,41899.42,4179,499,Active
CC400058,C100058,SmartCard,196300.0,15542.3,180757.7,9502,999,Active
CC400670,C100670,SmartCard,175400.0,115473.57,59926.43,6894,0,Active
CC401305,C101305,TravelCard,196000.0,47422.34,148577.66,16540,0,Active
CC408553,C108553,FuelCard,114800.0,81126.45,33673.55,1797,0,Active
CC401594,C101594,SmartCard,64800.0,14588.85,50211.15,15665,499,Active
CC403590,C103590,StudentCard,229000.0,22003.49,206996.51,14354,2999,Active
CC400900,C100900,CashbackCard,177100.0,96941.17,80158.83,6523,499,Active
CC405587,C105587,PremiumCard,75000.0,4741.77,70258.23,18727,999,Active
CC401821,C101821,PremiumCard,47000.0,25905.81,21094.19,15741,999,Active
CC407618,C107618,CashbackCard,155800.0,113580.84,42219.16,14213,2999,Active
CC409353,C109353,StudentCard,154400.0,77310.38,77089.62,14263,2999,Active
CC407425,C107425,CashbackCard,229700.0,164034.36,65665.64,19254,2999,Active
CC406908,C106908,CashbackCard,42800.0,13667.88,29132.12,10354,999,Active
CC402122,C102122,TravelCard,83400.0,39253.35,44146.65,10620,2999,Active
CC408232,C108232,SmartCard,255100.0,48681.58,206418.42,10598,499,Active
CC407573,C107573,FuelCard,67100.0,6741.45,60358.55,7450,999,Active
CC401789,C101789,PremiumCard,162100.0,65854.52,96245.48,2411,0,Active
CC404006,C104006,TravelCard,241400.0,123472.89,117927.11,3348,0,Active
CC405277,C105277,FuelCard,301500.0,162844.32,138655.68,8145,999,Active
CC401212,C101212,PremiumCard,109000.0,46960.24,62039.76,13085,2999,Active
CC403679,C103679,TravelCard,284800.0,62128.71,222671.29,10138,999,Active
CC402602,C102602,FuelCard,182000.0,75528.29,106471.71,16719,0,Active
CC405941,C105941,CashbackCard,27700.0,4435.43,23264.57,6242,499,Active
CC407437,C107437,FuelCard,187200.0,77513.51,109686.49,14682,0,Active
CC408786,C108786,SmartCard,231000.0,52011.34,178988.66,13008,0,Active
CC407772,C107772,CashbackCard,298700.0,237051.34,61648.66,16876,0,Active
CC406330,C106330,SmartCard,109500.0,42043.56,67456.44,6604,499,Active
CC409170,C109170,StudentCard,207500.0,156482.1,51017.9,5461,0,Active
CC401993,C101993,CashbackCard,143400.0,97892.95,45507.05,9656,2999,Active
CC402041,C102041,TravelCard,119000.0,14012.31,104987.69,1023,499,Active
CC408023,C108023,PremiumCard,115900.0,56473.39,59426.61,10359,0,Active
CC400225,C100225,SmartCard,176900.0,119615.97,57284.03,3947,2999,Active
CC404668,C104668,TravelCard,35900.0,22653.62,13246.38,14075,0,Active
CC404581,C104581,SmartCard,186600.0,110589.71,76010.29,13895,499,Active
CC404446,C104446,CashbackCard,220400.0,26439.27,193960.73,1844,2999,Active
CC409031,C109031,CashbackCard,158200.0,98553.45,59646.55,17592,499,Active
CC400731,C100731,TravelCard,33500.0,2773.11,30726.89,18611,2999,Active
CC400295,C100295,SmartCard,144900.0,65305.56,79594.44,5478,2999,Active
CC402257,C102257,FuelCard,43900.0,1425.95,42474.05,15022,999,Active
CC407935,C107935,TravelCard,31700.0,7806.57,23893.43,2525,0,Active
CC403295,C103295,FuelCard,123700.0,25728.2,97971.8,1694,0,Active
CC403831,C103831,SmartCard,152300.0,95612.89,56687.11,19456,499,Active
CC406877,C106877,PremiumCard,174200.0,1862.65,172337.35,6235,999,Active
CC402771,C102771,CashbackCard,183500.0,79468.97,104031.03,4085,0,Active
CC409104,C109104,StudentCard,35700.0,6373.73,29326.27,17311,499,Active
CC400180,C100180,CashbackCard,276000.0,139477.66,136522.34,10978,0,Active
CC405122,C105122,TravelCard,230200.0,47138.58,183061.42,10676,999,Active
CC409069,C109069,TravelCard,435600.0,144368.61,291231.39,11601,0,Active
CC401444,C101444,TravelCard,95400.0,24515.03,70884.97,11671,2999,Active
CC406045,C106045,StudentCard,138100.0,62133.03,75966.97,13000,499,Active
CC403457,C103457,SmartCard,27100.0,7101.62,19998.38,1993,0,Active
CC400989,C100989,PremiumCard,167900.0,63879.79,104020.21,15152,0,Active
CC401037,C101037,SmartCard,173400.0,88354.11,85045.89,19537,2999,Active
CC407321,C107321,CashbackCard,171600.0,84306.5,87293.5,1825,499,Active
CC405687,C105687,CashbackCard,24900.0,19414.59,5485.41,2391,2999,Active
CC407156,C107156,CashbackCard,86100.0,29596.27,56503.73,1661,0,Active
CC400480,C100480,SmartCard,75400.0,59700.92,15699.08,1723,999,Active
CC406213,C106213,FuelCard,82700.0,56189.11,26510.89,17870,2999,Active
CC405055,C105055,SmartCard,193700.0,135226.21,58473.79,3041,499,Active
CC405050,C105050,TravelCard,173600.0,119863.76,53736.24,16244,499,Active
CC406179,C106179,PremiumCard,340700.0,7534.05,333165.95,15875,0,Active
CC400348,C100348,TravelCard,566200.0,325660.47,240539.53,5977,0,Active
CC404578,C104578,PremiumCard,108500.0,12953.64,95546.36,11723,2999,Active
CC408597,C108597,PremiumCard,98900.0,39596.97,59303.03,16132,999,Active
CC402658,C102658,TravelCard,213900.0,11881.05,202018.95,14216,999,Active
CC408867,C108867,TravelCard,107000.0,27739.6,79260.4,5197,0,Active
CC401689,C101689,TravelCard,237900.0,76669.39,161230.61,1052,999,Active
CC404834,C104834,StudentCard,180600.0,63129.31,117470.69,15068,999,Active
CC401282,C101282,StudentCard,139100.0,105164.01,33935.99,4395,999,Active
CC406484,C106484,CashbackCard,229500.0,157807.19,71692.81,10506,0,Active
CC402507,C102507,SmartCard,157200.0,112999.19,44200.81,17982,2999,Active
CC409199,C109199,StudentCard,60600.0,4745.62,55854.38,1749,999,Active
CC407813,C107813,SmartCard,212800.0,40256.99,172543.01,2263,0,Active
CC401608,C101608,TravelCard,84900.0,39221.07,45678.93,12915,2999,Active
CC401970,C101970,CashbackCard,253300.0,131333.25,121966.75,4632,0,Active
CC409490,C109490,StudentCard,89600.0,47265.27,42334.73,2836,499,Active
CC409097,C109097,SmartCard,149300.0,106427.14,42872.86,8373,999,Active
CC405811,C105811,PremiumCard,108500.0,86171.34,22328.66,8689,2999,Active
CC402939,C102939,SmartCard,236400.0,69760.05,166639.95,15303,999,Active
CC405528,C105528,StudentCard,95700.0,7455.66,88244.34,12036,999,Active
CC404856,C104856,SmartCard,168300.0,89567.27,78732.73,18374,0,Active
CC400756,C100756,SmartCard,213300.0,135044.9,78255.1,7596,499,Active
CC404128,C104128,FuelCard,118800.0,94719.0,24081.0,13859,2999,Active
CC405259,C105259,FuelCard,40000.0,23516.68,16483.32,12020,2999,Active
CC408638,C108638,StudentCard,58400.0,42034.35,16365.65,14339,499,Active
CC400338,C100338,CashbackCard,77200.0,45181.82,32018.18,18653,2999,Active
CC401419,C101419,CashbackCard,220500.0,121704.27,98795.73,12546,0,Active
CC401761,C101761,CashbackCard,306600.0,126630.39,179969.61,16673,499,Active
CC402512,C102512,PremiumCard,306000.0,139650.76,166349.24,6530,2999,Active
CC400975,C100975,SmartCard,71200.0,29926.22,41273.78,17108,0,Active
CC408820,C108820,TravelCard,63300.0,34147.14,29152.86,18555,999,Active
CC403581,C103581,FuelCard,288500.0,24591.8,263908.2,11849,0,Active
CC405667,C105667,FuelCard,90200.0,71545.94,18654.06,3982,0,Active
CC401421,C101421,StudentCard,88600.0,68675.0,19925.0,561,499,Active
CC403191,C103191,SmartCard,45100.0,29372.63,15727.37,2125,0,Active
CC406978,C106978,FuelCard,142600.0,86108.6,56491.4,10318,2999,Active
CC402793,C102793,FuelCard,172300.0,74719.05,97580.95,349,999,Active
CC407977,C107977,SmartCard,229200.0,153359.28,75840.72,15102,999,Active
CC400115,C100115,SmartCard,24300.0,1046.83,23253.17,580,999,Active
CC409612,C109612,TravelCard,290000.0,171718.99,118281.01,15458,499,Active
CC404368,C104368,TravelCard,259800.0,139227.19,120572.81,19242,0,Active
CC403947,C103947,StudentCard,191200.0,913.81,190286.19,8155,0,Active
CC404218,C104218,FuelCard,63600.0,22352.84,41247.16,17808,999,Active
CC409459,C109459,CashbackCard,179100.0,127814.23,51285.77,2602,2999,Active
CC400878,C100878,CashbackCard,271800.0,104443.99,167356.01,13330,499,Active
CC406220,C106220,FuelCard,150100.0,25378.23,124721.77,11580,499,Active
CC408970,C108970,PremiumCard,228900.0,81117.08,147782.92,148,2999,Active
CC402922,C102922,StudentCard,177000.0,40545.42,136454.58,11589,999,Active
CC407420,C107420,StudentCard,293100.0,125560.69,167539.31,15852,499,Active
CC403430,C103430,StudentCard,174300.0,64097.54,110202.46,12799,999,Active
CC408237,C108237,TravelCard,139800.0,64446.48,75353.52,6632,999,Active
CC402026,C102026,FuelCard,310900.0,30657.15,280242.85,4667,0,Active
CC406658,C106658,PremiumCard,167000.0,17279.66,149720.34,4162,2999,Active
CC401019,C101019,CashbackCard,26000.0,18935.6,7064.4,669,499,Active
CC409901,C109901,FuelCard,157800.0,105793.21,52006.79,825,0,Active
CC401747,C101747,TravelCard,214000.0,38990.72,175009.28,649,499,Active
CC407467,C107467,TravelCard,163900.0,48011.54,115888.46,6586,2999,Active
CC407365,C107365,PremiumCard,54500.0,22865.37,31634.63,16646,999,Active
CC401702,C101702,SmartCard,147000.0,99083.51,47916.49,12519,999,Active
CC402768,C102768,FuelCard,74500.0,48183.37,26316.63,11489,499,Active
CC407021,C107021,StudentCard,231200.0,136054.9,95145.1,13981,0,Active
CC405391,C105391,FuelCard,29200.0,14283.5,14916.5,11139,0,Active
CC402301,C102301,CashbackCard,365900.0,191325.91,174574.09,1323,999,Active
CC400590,C100590,PremiumCard,247800.0,8740.85,239059.15,15942,999,Active
CC403267,C103267,CashbackCard,88900.0,35062.73,53837.27,1185,0,Active
CC401310,C101310,FuelCard,220900.0,88900.43,131999.57,19792,2999,Active
CC400944,C100944,PremiumCard,83900.0,24167.1,59732.9,16786,2999,Active
CC401067,C101067,StudentCard,242900.0,155491.48,87408.52,18412,999,Active
CC406495,C106495,PremiumCard,161400.0,67139.95,94260.05,3332,2999,Active
CC400181,C100181,PremiumCard,113300.0,22996.43,90303.57,1479,0,Active
CC407099,C107099,SmartCard,173000.0,81873.41,91126.59,16067,0,Active
CC402116,C102116,PremiumCard,184600.0,144452.93,40147.07,277,2999,Active
CC402680,C102680,PremiumCard,160200.0,14356.84,145843.16,6044,0,Active
CC401395,C101395,FuelCard,168900.0,53774.06,115125.94,8251,2999,Active
CC403501,C103501,FuelCard,153700.0,51605.03,102094.97,1597,499,Active
CC403598,C103598,CashbackCard,125000.0,97123.1,27876.9,2291,0,Active
CC408736,C108736,PremiumCard,283100.0,169196.9,113903.1,10704,0,Active
CC404219,C104219,FuelCard,260400.0,182009.19,78390.81,14951,2999,Active
CC401946,C101946,TravelCard,186400.0,75729.87,110670.13,362,2999,Active
CC404984,C104984,TravelCard,185500.0,136664.61,48835.39,792,2999,Active
CC404471,C104471,FuelCard,226000.0,124562.63,101437.37,11579,0,Active
CC408569,C108569,FuelCard,72000.0,26290.23,45709.77,16759,2999,Active
CC404352,C104352,TravelCard,72300.0,38173.44,34126.56,13139,999,Active
CC403224,C103224,StudentCard,333400.0,255623.54,77776.46,15029,999,Active
CC401663,C101663,FuelCard,110700.0,13813.68,96886.32,730,999,Active
CC405960,C105960,CashbackCard,282600.0,110948.19,171651.81,8097,999,Active
CC401388,C101388,PremiumCard,128000.0,8643.8,119356.2,7189,0,Active
CC404869,C104869,CashbackCard,33500.0,1639.32,31860.68,17615,999,Active
CC409491,C109491,CashbackCard,294700.0,200514.31,94185.69,5764,999,Active
CC406779,C106779,PremiumCard,54400.0,11552.15,42847.85,18649,2999,Active
CC403498,C103498,SmartCard,208600.0,10418.37,198181.63,5842,499,Active
CC407712,C107712,TravelCard,426000.0,94489.24,331510.76,7731,0,Active
CC401699,C101699,CashbackCard,200800.0,142465.46,58334.54,275,999,Active
CC400854,C100854,CashbackCard,111900.0,29791.35,82108.65,15219,2999,Active
CC403514,C103514,CashbackCard,90800.0,28209.3,62590.7,19790,0,Active
CC403381,C103381,CashbackCard,403700.0,303874.83,99825.17,10913,0,Active
CC403889,C103889,PremiumCard,158600.0,7186.18,151413.82,3675,2999,Active
CC402724,C102724,FuelCard,82300.0,30153.96,52146.04,13368,0,Active
CC406858,C106858,StudentCard,136100.0,8629.63,127470.37,8756,499,Active
CC409875,C109875,TravelCard,221500.0,112607.45,108892.55,10953,999,Active
CC408089,C108089,TravelCard,120500.0,35876.04,84623.96,3862,2999,Active
CC401337,C101337,TravelCard,81600.0,23690.92,57909.08,2796,999,Active
CC407312,C107312,FuelCard,117000.0,72737.4,44262.6,13435,0,Active
CC400803,C100803,FuelCard,143600.0,58791.56,84808.44,5073,0,Active
CC402942,C102942,CashbackCard,480700.0,147181.57,333518.43,18697,2999,Active
CC401137,C101137,PremiumCard,134600.0,57951.9,76648.1,12220,0,Active
CC404198,C104198,CashbackCard,223400.0,173136.24,50263.76,11493,2999,Active
CC404377,C104377,SmartCard,65300.0,39052.81,26247.19,2749,499,Active
CC407101,C107101,StudentCard,342800.0,37842.37,304957.63,11095,2999,Active
CC402173,C102173,FuelCard,205600.0,24665.42,180934.58,14190,499,Active
CC405131,C105131,StudentCard,115500.0,64413.32,51086.68,14747,999,Active
CC407877,C107877,CashbackCard,140200.0,24382.1,115817.9,14609,2999,Active
CC405086,C105086,PremiumCard,528100.0,309723.09,218376.91,4552,0,Active
CC402466,C102466,TravelCard,283500.0,136492.87,147007.13,16001,2999,Active
CC406355,C106355,StudentCard,209100.0,40589.06,168510.94,9827,2999,Active
CC405514,C105514,FuelCard,61800.0,1098.7,60701.3,7902,499,Active
CC400890,C100890,PremiumCard,78400.0,28016.62,50383.38,3860,499,Active
CC403402,C103402,SmartCard,325700.0,167779.88,157920.12,17871,2999,Active
CC409139,C109139,FuelCard,106300.0,42840.82,63459.18,18416,0,Active
CC406304,C106304,CashbackCard,158900.0,73111.11,85788.89,19567,2999,Active
CC403678,C103678,TravelCard,149100.0,13043.24,136056.76,4273,999,Active
CC404273,C104273,FuelCard,249900.0,157724.43,92175.57,12735,999,Active
CC406464,C106464,SmartCard,22400.0,3720.05,18679.95,19461,499,Active
CC406872,C106872,TravelCard,220300.0,162608.4,57691.6,4961,0,Active
CC400236,C100236,StudentCard,91100.0,61982.83,29117.17,15417,2999,Active
CC402568,C102568,SmartCard,38200.0,24171.62,14028.38,10988,2999,Active
CC406232,C106232,StudentCard,243800.0,174903.42,68896.58,14155,2999,Active
CC402286,C102286,PremiumCard,151100.0,84790.25,66309.75,14165,499,Active
CC408977,C108977,CashbackCard,24700.0,4162.11,20537.89,16398,0,Active
CC406202,C106202,TravelCard,596800.0,245129.55,351670.45,18534,2999,Active
CC404527,C104527,SmartCard,220000.0,72605.88,147394.12,7508,499,Active
CC407045,C107045,PremiumCard,256200.0,142472.6,113727.4,13120,0,Active
CC406149,C106149,StudentCard,242300.0,75665.74,166634.26,7340,999,Active
CC401853,C101853,PremiumCard,161400.0,70180.99,91219.01,15423,2999,Active
CC406857,C106857,FuelCard,189200.0,92705.42,96494.58,12154,0,Active
CC403611,C103611,FuelCard,275700.0,95238.34,180461.66,8706,0,Active
CC406280,C106280,CashbackCard,77900.0,26548.64,51351.36,19150,999,Active
CC406652,C106652,PremiumCard,203200.0,74441.31,128758.69,16308,499,Active
CC408418,C108418,TravelCard,257200.0,167933.88,89266.12,12937,2999,Active
CC407865,C107865,SmartCard,55400.0,21475.35,33924.65,9548,2999,Active
CC405570,C105570,SmartCard,170300.0,15572.55,154727.45,6899,499,Active
CC406676,C106676,TravelCard,131900.0,52102.52,79797.48,17477,2999,Active
CC402161,C102161,PremiumCard,267200.0,155635.02,111564.98,19753,499,Active
CC401822,C101822,FuelCard,58000.0,21792.02,36207.98,15286,2999,Active
CC400401,C100401,SmartCard,223500.0,122778.2,100721.8,13004,0,Active
CC405762,C105762,TravelCard,135100.0,56566.05,78533.95,14817,999,Active
CC403887,C103887,PremiumCard,225200.0,17579.71,207620.29,3279,499,Active
CC401169,C101169,CashbackCard,255600.0,159575.29,96024.71,13969,999,Active
CC403148,C103148,StudentCard,116700.0,85606.67,31093.33,2666,499,Active
CC405644,C105644,FuelCard,314000.0,93283.52,220716.48,12170,2999,Active
CC402963,C102963,TravelCard,231600.0,41572.57,190027.43,12084,999,Active
CC403004,C103004,SmartCard,108100.0,13143.16,94956.84,11762,999,Active
CC405784,C105784,FuelCard,131000.0,60659.45,70340.55,2293,2999,Active
CC403662,C103662,StudentCard,98200.0,16236.57,81963.43,10848,499,Active
CC405869,C105869,CashbackCard,105300.0,59239.15,46060.85,16249,2999,Active
CC404492,C104492,CashbackCard,74900.0,7699.68,67200.32,1430,499,Active
CC407816,C107816,FuelCard,127600.0,35261.51,92338.49,9406,999,Active
CC406070,C106070,TravelCard,98400.0,75335.14,23064.86,6419,499,Active
CC407943,C107943,StudentCard,168400.0,75800.65,92599.35,18093,999,Active
CC401953,C101953,CashbackCard,90100.0,66003.32,24096.68,10157,999,Active
CC400000,C100000,TravelCard,198600.0,104020.02,94579.98,8300,999,Active
CC401125,C101125,CashbackCard,183900.0,50222.87,133677.13,13846,2999,Active
CC400416,C100416,CashbackCard,246100.0,95569.07,150530.93,8271,0,Active
CC401931,C101931,TravelCard,643500.0,182110.73,461389.27,17771,0,Active
CC409738,C109738,CashbackCard,87300.0,9233.32,78066.68,1208,999,Active
CC400441,C100441,SmartCard,94100.0,39329.61,54770.39,964,999,Active
CC401183,C101183,TravelCard,175500.0,61632.48,113867.52,15427,499,Active
CC405186,C105186,TravelCard,192500.0,42466.54,150033.46,19277,999,Active
CC409327,C109327,SmartCard,144200.0,5499.51,138700.49,9051,0,Active
CC404073,C104073,StudentCard,461100.0,301381.24,159718.76,17566,2999,Active
CC408210,C108210,StudentCard,306900.0,26871.88,280028.12,18796,0,Active
CC407931,C107931,SmartCard,85800.0,66953.04,18846.96,19383,2999,Active
CC404995,C104995,StudentCard,298900.0,122050.45,176849.55,16292,999,Active
CC402091,C102091,CashbackCard,212200.0,14837.25,197362.75,4208,999,Active
CC403187,C103187,CashbackCard,152800.0,27672.82,125127.18,15199,0,Active
CC406535,C106535,TravelCard,101500.0,35596.08,65903.92,13009,499,Active
CC402190,C102190,TravelCard,203900.0,36702.12,167197.88,3487,499,Active
CC403784,C103784,PremiumCard,365600.0,91342.17,274257.83,3982,0,Active
CC405047,C105047,StudentCard,189000.0,17575.52,171424.48,8689,999,Active
CC406882,C106882,PremiumCard,213600.0,37493.37,176106.63,6697,0,Active
CC400173,C100173,StudentCard,95400.0,71421.17,23978.83,13247,999,Active
CC400801,C100801,TravelCard,132900.0,53588.01,79311.99,7724,2999,Active
CC400770,C100770,PremiumCard,98800.0,28888.56,69911.44,1707,499,Active
CC408948,C108948,PremiumCard,110300.0,31985.84,78314.16,14107,999,Active
CC400170,C100170,FuelCard,193800.0,65200.82,128599.18,2751,499,Active
CC402055,C102055,TravelCard,99700.0,70549.75,29150.25,4281,499,Active
CC409168,C109168,PremiumCard,202800.0,132248.15,70551.85,1858,999,Active
CC406128,C106128,CashbackCard,191300.0,1405.26,189894.74,5522,499,Active
CC403988,C103988,FuelCard,139000.0,81942.55,57057.45,9786,0,Active
CC407885,C107885,StudentCard,71000.0,41577.88,29422.12,18589,0,Active
CC408083,C108083,SmartCard,263500.0,168358.12,95141.88,19857,499,Active
CC400572,C100572,CashbackCard,199200.0,131360.72,67839.28,9850,0,Active
CC405032,C105032,TravelCard,368000.0,210447.77,157552.23,13753,0,Active
CC401012,C101012,StudentCard,113900.0,56856.93,57043.07,15198,499,Active
CC409857,C109857,TravelCard,264000.0,192207.07,71792.93,8918,999,Active
CC405710,C105710,TravelCard,219200.0,121413.82,97786.18,7417,0,Active
CC400902,C100902,TravelCard,67600.0,36773.49,30826.51,5245,2999,Active
CC400217,C100217,CashbackCard,81900.0,52460.1,29439.9,1973,499,Active
CC407246,C107246,PremiumCard,73900.0,50359.81,23540.19,13136,999,Active
CC409914,C109914,PremiumCard,245400.0,111470.45,133929.55,16881,999,Active
CC400620,C100620,StudentCard,97200.0,49980.83,47219.17,12033,0,Active
CC403324,C103324,SmartCard,38300.0,17783.47,20516.53,2542,2999,Active
CC408637,C108637,SmartCard,220000.0,152429.45,67570.55,6520,499,Active
CC405518,C105518,PremiumCard,223400.0,22699.78,200700.22,8073,0,Active
CC402083,C102083,TravelCard,127000.0,68103.82,58896.18,16118,0,Active
CC409331,C109331,TravelCard,271100.0,198143.3,72956.7,17452,0,Active
CC403309,C103309,CashbackCard,67100.0,4477.39,62622.61,15614,499,Active
CC405089,C105089,TravelCard,171500.0,135333.23,36166.77,11526,999,Active
CC409537,C109537,CashbackCard,113800.0,50746.69,63053.31,12572,2999,Active
CC408960,C108960,FuelCard,56400.0,37792.8,18607.2,7993,2999,Active
CC407039,C107039,CashbackCard,208500.0,46672.81,161827.19,10415,499,Active
CC404908,C104908,CashbackCard,400700.0,39149.12,361550.88,9046,2999,Active
CC405474,C105474,FuelCard,79800.0,33947.17,45852.83,9601,999,Active
CC405497,C105497,FuelCard,397700.0,217388.46,180311.54,11005,999,Active
CC409047,C109047,CashbackCard,49500.0,26348.15,23151.85,5158,499,Active
CC409606,C109606,CashbackCard,144300.0,37508.15,106791.85,11751,0,Active
CC405673,C105673,PremiumCard,228100.0,113089.31,115010.69,9464,999,Active
CC409197,C109197,SmartCard,165700.0,122474.15,43225.85,17314,999,Active
CC404782,C104782,FuelCard,358000.0,283963.9,74036.1,4425,499,Active
CC401273,C101273,StudentCard,109200.0,82802.01,26397.99,15179,499,Active
CC402839,C102839,StudentCard,230100.0,128659.0,101441.0,8858,0,Active
CC400346,C100346,SmartCard,131500.0,18969.52,112530.48,3861,499,Active
CC403745,C103745,PremiumCard,237700.0,176394.55,61305.45,19192,2999,Active
CC402107,C102107,SmartCard,269200.0,38863.35,230336.65,16206,2999,Active
CC404693,C104693,TravelCard,138300.0,63339.32,74960.68,16827,0,Active
CC405469,C105469,FuelCard,149400.0,28073.2,121326.8,7076,2999,Active
CC405520,C105520,SmartCard,31500.0,17599.63,13900.37,3251,0,Active
CC404138,C104138,TravelCard,228800.0,22954.79,205845.21,9380,2999,Active
CC403159,C103159,PremiumCard,170500.0,1887.15,168612.85,2893,999,Active
CC400136,C100136,PremiumCard,154100.0,46881.08,107218.92,15606,2999,Active
CC409868,C109868,StudentCard,23300.0,4239.9,19060.1,14572,0,Active
CC404234,C104234,SmartCard,58300.0,42996.67,15303.33,760,499,Active
CC405642,C105642,FuelCard,109700.0,4942.61,104757.39,6160,999,Active
CC400119,C100119,CashbackCard,324000.0,56720.5,267279.5,18926,0,Active
CC402958,C102958,TravelCard,199300.0,103143.78,96156.22,15792,999,Active
CC406916,C106916,TravelCard,195400.0,79819.68,115580.32,14739,2999,Active
CC409114,C109114,FuelCard,295800.0,88336.47,207463.53,10472,0,Active
CC405935,C105935,TravelCard,168000.0,124465.61,43534.39,16437,2999,Active
CC409213,C109213,TravelCard,124800.0,86047.66,38752.34,7726,0,Active
CC407235,C107235,StudentCard,43500.0,31742.97,11757.03,11708,2999,Active
CC403946,C103946,FuelCard,164200.0,95316.14,68883.86,9147,0,Active
CC406285,C106285,TravelCard,133900.0,31366.33,102533.67,14688,2999,Active
CC409190,C109190,SmartCard,140300.0,110784.77,29515.23,4455,0,Active
CC402854,C102854,SmartCard,93100.0,7506.67,85593.33,9303,499,Active
CC406505,C106505,TravelCard,207900.0,164015.15,43884.85,12982,999,Active
CC400838,C100838,PremiumCard,179500.0,6393.64,173106.36,6642,0,Active
CC409283,C109283,SmartCard,100100.0,39196.12,60903.88,11140,0,Active
CC400059,C100059,FuelCard,140900.0,26698.28,114201.72,5475,999,Active
CC405450,C105450,StudentCard,173000.0,48635.63,124364.37,4100,999,Active
CC408311,C108311,StudentCard,104300.0,37518.98,66781.02,12463,2999,Active
CC402877,C102877,FuelCard,213700.0,88883.19,124816.81,16003,0,Active
CC408383,C108383,CashbackCard,127700.0,72816.18,54883.82,8354,0,Active
CC402892,C102892,CashbackCard,135900.0,79000.94,56899.06,162,0,Active
CC401413,C101413,StudentCard,70900.0,45743.43,25156.57,19904,499,Active
CC408140,C108140,StudentCard,143100.0,37236.39,105863.61,9719,499,Active
CC404646,C104646,TravelCard,238500.0,119039.2,119460.8,6464,499,Active
CC401748,C101748,TravelCard,197600.0,75617.36,121982.64,4697,499,Active
CC401351,C101351,FuelCard,25200.0,16579.99,8620.01,15836,499,Active
CC409617,C109617,SmartCard,203900.0,143980.39,59919.61,2043,2999,Active
CC402439,C102439,StudentCard,25400.0,16197.4,9202.6,18492,2999,Active
CC402644,C102644,StudentCard,594600.0,113574.14,481025.86,19403,2999,Active
CC405957,C105957,PremiumCard,189200.0,31939.07,157260.93,10689,2999,Active
CC409062,C109062,StudentCard,146100.0,11523.05,134576.95,19383,999,Active
CC401451,C101451,TravelCard,215500.0,120682.94,94817.06,13638,2999,Active
CC404035,C104035,FuelCard,198500.0,10074.87,188425.13,12788,2999,Active
CC402888,C102888,StudentCard,205300.0,3580.5,201719.5,7864,2999,Active
CC403345,C103345,StudentCard,161300.0,90656.95,70643.05,17006,0,Active
CC402419,C102419,TravelCard,167500.0,18231.28,149268.72,6870,2999,Active
CC409614,C109614,CashbackCard,133400.0,69729.86,63670.14,5686,999,Active
CC405472,C105472,PremiumCard,199600.0,130023.47,69576.53,5229,0,Active
CC402614,C102614,CashbackCard,168100.0,5788.04,162311.96,227,2999,Active
CC402399,C102399,CashbackCard,125000.0,64070.4,60929.6,18891,499,Active
CC407704,C107704,SmartCard,269000.0,73072.57,195927.43,8923,2999,Active
CC406945,C106945,FuelCard,272400.0,217728.49,54671.51,15418,2999,Active
CC404942,C104942,TravelCard,181800.0,11355.65,170444.35,10022,2999,Active
CC405610,C105610,PremiumCard,148800.0,93841.22,54958.78,6956,0,Active
CC408739,C108739,CashbackCard,104100.0,62778.32,41321.68,5117,2999,Active
CC409227,C109227,TravelCard,109400.0,26674.63,82725.37,11298,0,Active
CC401336,C101336,StudentCard,191500.0,120719.65,70780.35,2369,999,Active
CC402172,C102172,FuelCard,115700.0,82862.15,32837.85,10520,499,Active
CC408451,C108451,TravelCard,225200.0,176112.85,49087.15,2976,2999,Active
CC401038,C101038,FuelCard,184800.0,144994.03,39805.97,4927,999,Active
CC401074,C101074,SmartCard,207900.0,42937.61,164962.39,9162,2999,Active
CC409889,C109889,FuelCard,240600.0,2283.39,238316.61,3584,499,Active
CC405508,C105508,CashbackCard,122900.0,45205.34,77694.66,426,999,Active
CC407933,C107933,SmartCard,356600.0,53392.09,303207.91,12555,999,Active
CC407025,C107025,PremiumCard,164600.0,40817.1,123782.9,16777,999,Active
CC406056,C106056,FuelCard,134200.0,26314.41,107885.59,17478,2999,Active
CC402689,C102689,StudentCard,98700.0,39446.13,59253.87,16828,999,Active
CC408253,C108253,PremiumCard,178000.0,41855.98,136144.02,8609,0,Active
CC407843,C107843,SmartCard,350600.0,138855.83,211744.17,5024,499,Active
CC406000,C106000,PremiumCard,300700.0,10041.52,290658.48,13008,999,Active
CC402806,C102806,PremiumCard,149500.0,62295.22,87204.78,654,999,Active
CC405963,C105963,SmartCard,339800.0,249110.46,90689.54,8268,2999,Active
CC406572,C106572,StudentCard,109300.0,65758.7,43541.3,10398,499,Active
CC401936,C101936,CashbackCard,51800.0,17755.77,34044.23,4188,999,Active
CC403699,C103699,FuelCard,119300.0,13264.85,106035.15,3032,0,Active
CC408042,C108042,StudentCard,107300.0,33384.93,73915.07,2839,2999,Active
CC409585,C109585,StudentCard,58500.0,44917.82,13582.18,16178,999,Active
CC407679,C107679,TravelCard,204900.0,140089.87,64810.13,4223,2999,Active
CC405871,C105871,FuelCard,101600.0,17005.94,84594.06,12256,0,Active
CC405739,C105739,CashbackCard,193000.0,50335.15,142664.85,4631,999,Active
CC401607,C101607,CashbackCard,181300.0,3350.43,177949.57,17610,999,Active
CC404398,C104398,CashbackCard,62100.0,25058.89,37041.11,17970,0,Active
CC402486,C102486,PremiumCard,258300.0,18716.9,239583.1,17799,999,Active
CC408902,C108902,SmartCard,226400.0,34981.3,191418.7,15097,999,Active
CC401030,C101030,FuelCard,191000.0,27657.09,163342.91,16930,999,Active
CC406061,C106061,SmartCard,70500.0,36959.7,33540.3,18234,2999,Active
CC407341,C107341,TravelCard,57100.0,5964.99,51135.01,15289,0,Active
CC409279,C109279,TravelCard,89400.0,65856.28,23543.72,3179,499,Active
CC402599,C102599,CashbackCard,202100.0,11937.8,190162.2,16486,999,Active
CC404393,C104393,SmartCard,172500.0,43407.49,129092.51,3847,2999,Active
CC400622,C100622,StudentCard,161500.0,69975.26,91524.74,14361,0,Active
CC403842,C103842,TravelCard,200900.0,65071.41,135828.59,2768,0,Active
CC402662,C102662,PremiumCard,445400.0,266280.56,179119.44,3094,999,Active
CC400558,C100558,CashbackCard,195100.0,65007.35,130092.65,4185,499,Active
CC404909,C104909,TravelCard,39100.0,24425.33,14674.67,14004,499,Active
CC401393,C101393,PremiumCard,165800.0,53769.69,112030.31,7976,499,Active
CC400146,C100146,CashbackCard,23200.0,955.46,22244.54,11203,2999,Active
CC401249,C101249,SmartCard,330300.0,133939.25,196360.75,11899,499,Active
CC402394,C102394,FuelCard,27800.0,10255.15,17544.85,9535,2999,Active
CC404212,C104212,PremiumCard,146800.0,69120.5,77679.5,16852,0,Active
CC408147,C108147,StudentCard,222100.0,74973.08,147126.92,13903,0,Active
CC406526,C106526,FuelCard,54400.0,39258.73,15141.27,5066,999,Active
CC401244,C101244,PremiumCard,101800.0,60527.52,41272.48,1027,999,Active
CC403654,C103654,CashbackCard,114200.0,31386.08,82813.92,14723,0,Active
CC402064,C102064,PremiumCard,198900.0,93811.21,105088.79,12120,2999,Active
CC409407,C109407,StudentCard,240400.0,48008.23,192391.77,3829,0,Active
CC406860,C106860,StudentCard,236600.0,38552.7,198047.3,15121,999,Active
CC406582,C106582,CashbackCard,229000.0,100964.81,128035.19,6602,2999,Active
CC408604,C108604,PremiumCard,63200.0,37481.47,25718.53,4943,0,Active
CC400945,C100945,StudentCard,143000.0,61496.86,81503.14,6377,999,Active
CC403375,C103375,FuelCard,201700.0,155136.05,46563.95,8149,0,Active
CC409679,C109679,StudentCard,136300.0,3671.43,132628.57,4172,499,Active
CC408200,C108200,SmartCard,83700.0,18552.69,65147.31,9193,0,Active
CC401476,C101476,PremiumCard,122300.0,35850.14,86449.86,2822,2999,Active
CC406390,C106390,FuelCard,201100.0,25403.43,175696.57,14273,499,Active
CC404723,C104723,PremiumCard,112200.0,38991.11,73208.89,13669,499,Active
CC407442,C107442,TravelCard,349500.0,275775.38,73724.62,16543,999,Active
CC408892,C108892,PremiumCard,52500.0,17960.05,34539.95,8760,999,Active
CC408219,C108219,FuelCard,231200.0,40768.32,190431.68,6427,999,Active
CC404277,C104277,PremiumCard,243200.0,38073.39,205126.61,16058,999,Active
CC404523,C104523,TravelCard,521200.0,349577.13,171622.87,9456,499,Active
CC408073,C108073,CashbackCard,221000.0,129544.65,91455.35,2727,999,Active
CC404930,C104930,PremiumCard,51600.0,36831.72,14768.28,17367,0,Active
CC403372,C103372,StudentCard,148000.0,110716.86,37283.14,6285,2999,Active
CC402758,C102758,TravelCard,153800.0,24030.76,129769.24,12458,499,Active
CC403404,C103404,CashbackCard,23200.0,11407.74,11792.26,13241,2999,Active
CC407830,C107830,PremiumCard,119000.0,82475.1,36524.9,3264,499,Active
CC407949,C107949,CashbackCard,74400.0,24682.46,49717.54,9766,2999,Active
CC405183,C105183,SmartCard,167900.0,121965.14,45934.86,16064,999,Active
CC409682,C109682,StudentCard,67200.0,28908.51,38291.49,2736,2999,Active
CC405069,C105069,PremiumCard,287900.0,21452.33,266447.67,3838,2999,Active
CC404788,C104788,PremiumCard,117200.0,82859.03,34340.97,11859,499,Active
CC407279,C107279,PremiumCard,143500.0,12216.03,131283.97,15918,499,Active
CC407847,C107847,SmartCard,176300.0,25541.6,150758.4,1287,499,Active
CC408664,C108664,FuelCard,93100.0,66300.82,26799.18,14157,999,Active
CC404429,C104429,SmartCard,71000.0,8258.51,62741.49,115,0,Active
CC402825,C102825,SmartCard,244600.0,189140.29,55459.71,10552,499,Active
CC403612,C103612,TravelCard,146700.0,100575.08,46124.92,13998,499,Active
CC405674,C105674,CashbackCard,43100.0,24172.15,18927.85,10925,2999,Active
CC406012,C106012,StudentCard,98800.0,5535.97,93264.03,9001,999,Active
CC407744,C107744,FuelCard,130300.0,62792.25,67507.75,17497,999,Active
CC402579,C102579,TravelCard,281800.0,163414.22,118385.78,19897,2999,Active
CC408145,C108145,CashbackCard,101600.0,36868.4,64731.6,5476,499,Active
CC405849,C105849,PremiumCard,295500.0,203491.97,92008.03,5145,2999,Active
CC409070,C109070,TravelCard,97600.0,17231.93,80368.07,11285,0,Active
CC403336,C103336,StudentCard,132600.0,97747.16,34852.84,2468,999,Active
CC408961,C108961,PremiumCard,170200.0,37078.0,133122.0,8016,499,Active
CC404108,C104108,PremiumCard,48900.0,38475.65,10424.35,2720,499,Active
CC404947,C104947,SmartCard,82700.0,4435.4,78264.6,10372,999,Active
CC401481,C101481,StudentCard,49200.0,6825.79,42374.21,10739,0,Active
CC406879,C106879,SmartCard,240100.0,120387.12,119712.88,18074,999,Active
CC402543,C102543,FuelCard,92600.0,27018.51,65581.49,8381,999,Active
CC408168,C108168,SmartCard,221600.0,18415.75,203184.25,6558,499,Active
CC403505,C103505,StudentCard,176900.0,119116.82,57783.18,3951,999,Active
CC403149,C103149,PremiumCard,143300.0,83472.0,59828.0,2915,499,Active
CC400848,C100848,PremiumCard,106300.0,8627.72,97672.28,316,499,Active
CC407432,C107432,PremiumCard,220200.0,83203.58,136996.42,13953,999,Active
CC402034,C102034,PremiumCard,26000.0,4785.89,21214.11,18060,999,Active
CC407860,C107860,TravelCard,109400.0,37855.38,71544.62,5776,0,Active
CC408811,C108811,PremiumCard,153800.0,72864.85,80935.15,2653,499,Active
CC403312,C103312,CashbackCard,226400.0,146260.53,80139.47,434,2999,Active
CC400118,C100118,CashbackCard,161300.0,80945.47,80354.53,10680,0,Active
CC405908,C105908,TravelCard,299700.0,61263.0,238437.0,9912,499,Active
CC400464,C100464,SmartCard,189300.0,111074.4,78225.6,13297,999,Active
CC407264,C107264,TravelCard,307100.0,116734.1,190365.9,5497,999,Active
CC409084,C109084,FuelCard,245900.0,160869.39,85030.61,8259,999,Active
CC408343,C108343,PremiumCard,215600.0,16639.96,198960.04,17154,0,Active
CC400356,C100356,SmartCard,204400.0,82430.51,121969.49,414,0,Active
CC400478,C100478,StudentCard,216000.0,62397.43,153602.57,222,499,Active
CC403175,C103175,PremiumCard,45900.0,19545.5,26354.5,10126,0,Active
CC406276,C106276,SmartCard,101800.0,19813.1,81986.9,12728,0,Active
CC401988,C101988,SmartCard,158100.0,14251.9,143848.1,14335,2999,Active
CC406629,C106629,StudentCard,146200.0,49470.0,96730.0,6402,999,Active
CC400245,C100245,SmartCard,95400.0,60106.19,35293.81,5109,999,Active
CC407417,C107417,FuelCard,247300.0,68756.74,178543.26,16389,999,Active
CC401386,C101386,FuelCard,179100.0,1310.73,177789.27,4988,0,Active
CC409438,C109438,StudentCard,246000.0,187757.96,58242.04,8301,2999,Active
CC400747,C100747,TravelCard,79800.0,40202.3,39597.7,14521,499,Active
CC405427,C105427,StudentCard,146100.0,107168.08,38931.92,16185,2999,Active
CC401532,C101532,FuelCard,309100.0,106949.38,202150.62,6484,999,Active
CC400104,C100104,TravelCard,112100.0,56118.82,55981.18,4490,999,Active
CC403258,C103258,CashbackCard,112600.0,77924.97,34675.03,12463,499,Active
CC407476,C107476,TravelCard,332900.0,88643.15,244256.85,13244,0,Active
CC406099,C106099,TravelCard,206000.0,89194.73,116805.27,12454,499,Active
CC404722,C104722,TravelCard,366900.0,93883.74,273016.26,17393,2999,Active
CC405262,C105262,StudentCard,282000.0,179698.55,102301.45,7813,499,Active
CC405398,C105398,CashbackCard,91800.0,24753.75,67046.25,6130,999,Active
CC407665,C107665,SmartCard,207600.0,134276.91,73323.09,1421,499,Active
CC401863,C101863,FuelCard,295400.0,123011.03,172388.97,6748,0,Active
CC404316,C104316,SmartCard,99800.0,65742.58,34057.42,1095,999,Active
CC401114,C101114,CashbackCard,323500.0,95451.81,228048.19,222,0,Active
CC406416,C106416,SmartCard,110100.0,36336.69,73763.31,2532,0,Active
CC408450,C108450,SmartCard,241900.0,27647.17,214252.83,10845,2999,Active
CC407514,C107514,PremiumCard,130700.0,74014.1,56685.9,9165,0,Active
CC400413,C100413,TravelCard,113300.0,29961.92,83338.08,5060,0,Active
CC405701,C105701,CashbackCard,167600.0,48579.78,119020.22,18554,499,Active
CC406986,C106986,PremiumCard,111600.0,21781.48,89818.52,18892,999,Active
CC405827,C105827,CashbackCard,172300.0,87120.0,85180.0,7090,2999,Active
CC407452,C107452,TravelCard,283800.0,63030.22,220769.78,18342,499,Active
CC405013,C105013,TravelCard,208100.0,4614.14,203485.86,6923,999,Active
CC404173,C104173,SmartCard,176900.0,6228.29,170671.71,7156,499,Active
CC407011,C107011,PremiumCard,132800.0,65667.36,67132.64,13825,0,Active
CC402894,C102894,PremiumCard,142800.0,109224.01,33575.99,5034,499,Active
CC406939,C106939,SmartCard,151700.0,13708.88,137991.12,19329,2999,Active
CC408258,C108258,CashbackCard,196600.0,136196.13,60403.87,12537,0,Active
CC401110,C101110,PremiumCard,108400.0,55202.58,53197.42,12205,0,Active
CC402759,C102759,TravelCard,260800.0,5240.05,255559.95,4161,0,Active
CC400157,C100157,TravelCard,50000.0,126.82,49873.18,11587,499,Active
CC407767,C107767,PremiumCard,291700.0,81826.64,209873.36,18786,999,Active
CC404536,C104536,StudentCard,20700.0,5285.93,15414.07,19677,999,Active
CC403998,C103998,PremiumCard,180800.0,43041.95,137758.05,1933,999,Active
CC407447,C107447,SmartCard,234600.0,138044.82,96555.18,15427,499,Active
CC400800,C100800,FuelCard,131000.0,86838.17,44161.83,14443,2999,Active
CC403412,C103412,FuelCard,210400.0,152232.69,58167.31,3402,0,Active
CC401525,C101525,CashbackCard,103000.0,47683.6,55316.4,12736,0,Active
CC406440,C106440,FuelCard,130200.0,73938.83,56261.17,9131,999,Active
CC405726,C105726,PremiumCard,193100.0,3439.72,189660.28,3085,999,Active
CC401354,C101354,FuelCard,204500.0,42218.17,162281.83,2556,999,Active
CC405862,C105862,CashbackCard,219500.0,68096.91,151403.09,14861,999,Active
CC400223,C100223,StudentCard,141500.0,51212.63,90287.37,3176,0,Active
CC403925,C103925,SmartCard,94500.0,43474.12,51025.88,4599,0,Active
CC403332,C103332,CashbackCard,143200.0,38280.31,104919.69,19980,0,Active
CC408856,C108856,CashbackCard,57600.0,666.3,56933.7,9016,2999,Active
CC403776,C103776,FuelCard,131800.0,51615.7,80184.3,16014,0,Active
CC402755,C102755,FuelCard,44000.0,12451.22,31548.78,13457,499,Active
CC409345,C109345,FuelCard,86500.0,34185.53,52314.47,17491,2999,Active
CC409280,C109280,StudentCard,177300.0,135721.78,41578.22,1475,499,Active
CC400715,C100715,PremiumCard,137300.0,41312.37,95987.63,15249,999,Active
CC403753,C103753,CashbackCard,156200.0,15312.93,140887.07,1860,999,Active
CC408339,C108339,TravelCard,137200.0,57615.7,79584.3,19734,999,Active
CC401671,C101671,StudentCard,86800.0,57060.42,29739.58,18941,499,Active
CC405766,C105766,CashbackCard,125300.0,4656.55,120643.45,15595,0,Active
CC407780,C107780,StudentCard,107200.0,30919.55,76280.45,6199,2999,Active
CC406995,C106995,FuelCard,134800.0,55190.0,79610.0,19869,2999,Active
CC402095,C102095,TravelCard,109600.0,49646.48,59953.52,8647,999,Active
CC401046,C101046,CashbackCard,152300.0,13613.89,138686.11,1539,0,Active
CC401414,C101414,PremiumCard,199800.0,80539.26,119260.74,18122,999,Active
CC402930,C102930,StudentCard,168200.0,26047.71,142152.29,13506,999,Active
CC401627,C101627,TravelCard,237200.0,94995.45,142204.55,6501,2999,Active
CC409234,C109234,PremiumCard,229700.0,166343.53,63356.47,18913,0,Active
CC409527,C109527,FuelCard,49200.0,8690.69,40509.31,14711,499,Active
CC408322,C108322,StudentCard,141200.0,49600.87,91599.13,15641,2999,Active
CC401171,C101171,SmartCard,139800.0,21917.3,117882.7,6147,499,Active
CC401090,C101090,StudentCard,253000.0,5898.17,247101.83,3849,0,Active
CC400479,C100479,PremiumCard,83900.0,52050.36,31849.64,670,2999,Active
CC405111,C105111,TravelCard,204100.0,127837.36,76262.64,9334,2999,Active
CC403898,C103898,PremiumCard,136600.0,70767.21,65832.79,9862,499,Active
CC407833,C107833,PremiumCard,109800.0,85512.66,24287.34,3132,2999,Active
CC406108,C106108,SmartCard,328000.0,2101.06,325898.94,14602,0,Active
CC403041,C103041,CashbackCard,195400.0,127613.72,67786.28,221,499,Active
CC408885,C108885,FuelCard,166800.0,125744.43,41055.57,6273,2999,Active
CC407404,C107404,SmartCard,56300.0,38492.73,17807.27,13205,999,Active
CC405934,C105934,TravelCard,229000.0,78187.18,150812.82,19335,499,Active
CC405205,C105205,SmartCard,192200.0,125887.28,66312.72,11499,2999,Active
CC406074,C106074,CashbackCard,139400.0,11939.25,127460.75,3397,499,Active
CC400739,C100739,TravelCard,288800.0,104346.6,184453.4,8987,499,Active
CC400244,C100244,FuelCard,246600.0,182452.89,64147.11,13695,499,Active
CC404988,C104988,SmartCard,101600.0,73712.5,27887.5,17978,0,Active
CC403207,C103207,FuelCard,125000.0,70306.82,54693.18,3913,499,Active
CC407974,C107974,FuelCard,93800.0,8569.56,85230.44,16546,2999,Active
CC406946,C106946,SmartCard,191200.0,11785.3,179414.7,4423,499,Active
CC406602,C106602,CashbackCard,233200.0,24964.67,208235.33,16004,499,Active
CC401622,C101622,FuelCard,90800.0,11515.28,79284.72,19258,2999,Active
CC406261,C106261,FuelCard,27900.0,14002.01,13897.99,8326,499,Active
CC406771,C106771,StudentCard,119000.0,74073.92,44926.08,2745,2999,Active
CC402752,C102752,SmartCard,25700.0,7059.51,18640.49,2881,499,Active
CC409447,C109447,FuelCard,296800.0,167187.18,129612.82,6383,999,Active
CC409249,C109249,PremiumCard,296700.0,76640.99,220059.01,12474,2999,Active
CC404736,C104736,StudentCard,241200.0,30441.37,210758.63,4722,499,Active
CC402746,C102746,SmartCard,130100.0,45034.74,85065.26,12431,0,Active
CC409469,C109469,TravelCard,82400.0,40739.97,41660.03,813,499,Active
CC400434,C100434,PremiumCard,384400.0,94296.91,290103.09,14153,2999,Active
CC401418,C101418,StudentCard,30900.0,6054.68,24845.32,16443,0,Active
CC406598,C106598,TravelCard,358700.0,31655.03,327044.97,5463,999,Active
CC404662,C104662,SmartCard,110700.0,86884.32,23815.68,5951,499,Active
CC400729,C100729,PremiumCard,204800.0,149220.74,55579.26,4455,499,Active
CC401656,C101656,CashbackCard,189100.0,106074.62,83025.38,6620,499,Active
CC401058,C101058,SmartCard,151000.0,95691.33,55308.67,12725,499,Active
CC403516,C103516,TravelCard,26700.0,6810.46,19889.54,15270,2999,Active
CC409426,C109426,CashbackCard,142700.0,82293.94,60406.06,11381,0,Active
CC402402,C102402,TravelCard,143700.0,114716.3,28983.7,5026,499,Active
CC404708,C104708,SmartCard,167500.0,55551.43,111948.57,812,999,Active
CC404603,C104603,PremiumCard,137200.0,16442.68,120757.32,19235,499,Active
CC408552,C108552,PremiumCard,172500.0,5614.34,166885.66,18060,499,Active
CC405386,C105386,FuelCard,76600.0,19390.29,57209.71,14355,999,Active
CC405431,C105431,CashbackCard,121800.0,25631.54,96168.46,7987,0,Active
CC407116,C107116,StudentCard,315300.0,187891.05,127408.95,3441,0,Active
CC409032,C109032,StudentCard,114800.0,26934.82,87865.18,15773,999,Active
CC401717,C101717,CashbackCard,169000.0,9787.73,159212.27,3292,499,Active
CC409352,C109352,TravelCard,135300.0,25265.13,110034.87,16092,499,Active
CC408952,C108952,CashbackCard,30300.0,16835.23,13464.77,1691,0,Active
CC408875,C108875,TravelCard,175900.0,75145.35,100754.65,6464,2999,Active
CC403804,C103804,PremiumCard,70800.0,49941.17,20858.83,7663,0,Active
CC403307,C103307,FuelCard,292000.0,77270.14,214729.86,3637,0,Active
CC403176,C103176,SmartCard,111800.0,22574.98,89225.02,4414,999,Active
CC404751,C104751,TravelCard,13400.0,7446.87,5953.13,19236,2999,Active
CC409273,C109273,CashbackCard,183000.0,66255.05,116744.95,5305,0,Active
CC402987,C102987,TravelCard,65700.0,31784.43,33915.57,5271,999,Active
CC409737,C109737,PremiumCard,130400.0,60573.58,69826.42,509,0,Active
CC400925,C100925,PremiumCard,136100.0,15126.06,120973.94,5909,0,Active
CC406127,C106127,SmartCard,214200.0,80030.98,134169.02,16446,999,Active
CC400466,C100466,FuelCard,56500.0,14529.86,41970.14,1872,0,Active
CC407789,C107789,StudentCard,106500.0,18922.44,87577.56,2024,999,Active
CC402669,C102669,SmartCard,268100.0,118506.89,149593.11,10632,999,Active
CC402092,C102092,SmartCard,122200.0,16141.34,106058.66,541,0,Active
CC406472,C106472,CashbackCard,166300.0,64138.51,102161.49,15323,0,Active
CC403123,C103123,CashbackCard,144800.0,85518.39,59281.61,14109,499,Active
CC407213,C107213,FuelCard,20700.0,2469.66,18230.34,673,999,Active
CC403033,C103033,FuelCard,73200.0,48538.13,24661.87,16527,999,Active
CC408791,C108791,TravelCard,29600.0,19927.08,9672.92,3871,2999,Active
CC406234,C106234,PremiumCard,367700.0,162476.67,205223.33,17799,0,Active
CC403132,C103132,SmartCard,108900.0,45918.96,62981.04,148,499,Active
CC404725,C104725,CashbackCard,122000.0,63411.32,58588.68,2787,499,Active
CC405093,C105093,PremiumCard,346600.0,20993.98,325606.02,352,0,Active
CC402631,C102631,StudentCard,221600.0,98771.89,122828.11,10490,499,Active
CC407032,C107032,SmartCard,250100.0,35573.86,214526.14,10939,2999,Active
CC405742,C105742,PremiumCard,95900.0,56572.59,39327.41,7426,499,Active
CC403365,C103365,TravelCard,91600.0,34842.36,56757.64,4859,499,Active
CC407842,C107842,CashbackCard,91600.0,62771.61,28828.39,11807,2999,Active
CC406817,C106817,PremiumCard,138800.0,71820.39,66979.61,4075,2999,Active
CC406038,C106038,CashbackCard,121100.0,71473.9,49626.1,14448,999,Active
CC409304,C109304,TravelCard,53600.0,7328.35,46271.65,15970,2999,Active
CC400253,C100253,SmartCard,97800.0,64768.48,33031.52,18558,499,Active
CC404213,C104213,FuelCard,110500.0,30653.7,79846.3,14406,0,Active
CC401368,C101368,FuelCard,145000.0,94072.69,50927.31,8020,999,Active
CC402079,C102079,StudentCard,97300.0,33412.73,63887.27,12784,499,Active
CC408737,C108737,TravelCard,102100.0,67813.53,34286.47,19987,499,Active
CC408905,C108905,StudentCard,44500.0,27939.71,16560.29,14567,0,Active
CC409545,C109545,PremiumCard,131400.0,96536.58,34863.42,13792,0,Active
CC401756,C101756,SmartCard,41400.0,3394.93,38005.07,1648,2999,Active
CC408782,C108782,PremiumCard,345300.0,185451.72,159848.28,7302,999,Active
CC409002,C109002,PremiumCard,334600.0,51775.89,282824.11,12108,499,Active
CC406109,C106109,CashbackCard,200500.0,128099.7,72400.3,11682,499,Active
CC406808,C106808,PremiumCard,110000.0,69199.57,40800.43,16858,499,Active
CC407078,C107078,StudentCard,222000.0,134660.93,87339.07,3807,999,Active
CC409867,C109867,CashbackCard,88100.0,42109.63,45990.37,11231,499,Active
CC403950,C103950,TravelCard,187100.0,72464.51,114635.49,6472,0,Active
CC407518,C107518,CashbackCard,146800.0,65433.39,81366.61,11819,0,Active
CC402628,C102628,FuelCard,96200.0,40119.29,56080.71,2983,499,Active
CC409543,C109543,StudentCard,60100.0,20758.15,39341.85,15882,999,Active
CC409133,C109133,CashbackCard,265300.0,197634.0,67666.0,8696,0,Active
CC402220,C102220,TravelCard,249800.0,8438.46,241361.54,18475,999,Active
CC402392,C102392,TravelCard,97200.0,12815.6,84384.4,5652,999,Active
CC401492,C101492,TravelCard,60200.0,16228.89,43971.11,4449,999,Active
CC400260,C100260,StudentCard,284000.0,189968.19,94031.81,2112,0,Active
CC402612,C102612,TravelCard,198900.0,85914.58,112985.42,7852,0,Active
CC408207,C108207,CashbackCard,41000.0,1104.45,39895.55,11641,499,Active
CC405857,C105857,FuelCard,370000.0,9463.75,360536.25,77,2999,Active
CC401617,C101617,SmartCard,37200.0,29431.46,7768.54,8002,499,Active
CC402409,C102409,SmartCard,88500.0,3261.07,85238.93,956,0,Active
CC402087,C102087,PremiumCard,278100.0,117274.83,160825.17,7517,0,Active
CC406674,C106674,PremiumCard,209300.0,101202.65,108097.35,11563,0,Active
CC402206,C102206,CashbackCard,168000.0,82999.85,85000.15,11617,0,Active
CC402887,C102887,SmartCard,64300.0,23234.65,41065.35,14581,2999,Active
CC402682,C102682,PremiumCard,54300.0,1537.7,52762.3,11052,999,Active
CC409855,C109855,FuelCard,210300.0,83705.75,126594.25,13078,2999,Active
CC407118,C107118,PremiumCard,130200.0,9816.48,120383.52,8373,499,Active
CC400776,C100776,FuelCard,277300.0,2235.19,275064.81,17861,499,Active
CC405244,C105244,CashbackCard,281600.0,1468.92,280131.08,11038,999,Active
CC405082,C105082,FuelCard,109800.0,5778.35,104021.65,15485,0,Active
CC404715,C104715,FuelCard,190500.0,4531.27,185968.73,17503,2999,Active
CC402864,C102864,FuelCard,416500.0,48282.63,368217.37,16155,999,Active
CC409814,C109814,CashbackCard,310900.0,19464.19,291435.81,17683,999,Active
CC408726,C108726,FuelCard,151000.0,59315.19,91684.81,6717,0,Active
CC408059,C108059,FuelCard,124800.0,84848.06,39951.94,16610,499,Active
CC401258,C101258,SmartCard,170100.0,82822.76,87277.24,6591,499,Active
CC408928,C108928,FuelCard,581100.0,353626.92,227473.08,5077,999,Active
CC409401,C109401,FuelCard,122100.0,57834.92,64265.08,11729,0,Active
CC402647,C102647,PremiumCard,269600.0,121875.85,147724.15,14668,2999,Active
CC405841,C105841,TravelCard,115300.0,12201.44,103098.56,18915,2999,Active
CC403164,C103164,FuelCard,114900.0,72083.82,42816.18,2588,999,Active
CC403670,C103670,StudentCard,186600.0,41102.19,145497.81,11610,2999,Active
CC409729,C109729,TravelCard,250400.0,95861.91,154538.09,11000,0,Active
CC406884,C106884,SmartCard,122300.0,20030.22,102269.78,18503,999,Active
CC404712,C104712,TravelCard,72000.0,6970.04,65029.96,11995,999,Active
CC403648,C103648,SmartCard,161000.0,60004.68,100995.32,14779,499,Active
CC400238,C100238,CashbackCard,131700.0,13052.48,118647.52,17703,999,Active
CC406710,C106710,SmartCard,263700.0,185817.49,77882.51,14333,2999,Active
CC403445,C103445,CashbackCard,162000.0,93269.41,68730.59,7068,999,Active
CC406243,C106243,FuelCard,308700.0,6509.23,302190.77,11098,499,Active
CC402532,C102532,TravelCard,104000.0,39302.12,64697.88,5358,0,Active
CC401076,C101076,TravelCard,171800.0,54176.44,117623.56,15424,0,Active
CC408398,C108398,SmartCard,343300.0,26268.99,317031.01,13265,499,Active
CC402429,C102429,CashbackCard,20000.0,8814.53,11185.47,14790,0,Active
CC408759,C108759,SmartCard,128200.0,78534.63,49665.37,2237,2999,Active
CC404613,C104613,PremiumCard,254200.0,195713.4,58486.6,5916,999,Active
CC401852,C101852,TravelCard,395700.0,78958.26,316741.74,3833,499,Active
CC402324,C102324,TravelCard,187800.0,78428.6,109371.4,2196,499,Active
CC401358,C101358,SmartCard,224900.0,126492.32,98407.68,18607,999,Active
CC409360,C109360,PremiumCard,267600.0,45507.73,222092.27,10222,0,Active
CC409981,C109981,SmartCard,199700.0,31371.39,168328.61,9123,499,Active
CC407668,C107668,TravelCard,400300.0,133982.73,266317.27,18037,999,Active
CC409687,C109687,FuelCard,223900.0,141944.38,81955.62,13042,0,Active
CC407024,C107024,TravelCard,123400.0,29793.6,93606.4,15895,999,Active
CC403805,C103805,FuelCard,343400.0,26294.92,317105.08,7132,0,Active
CC403353,C103353,PremiumCard,146000.0,83150.84,62849.16,15718,499,Active
CC409344,C109344,SmartCard,310300.0,102538.67,207761.33,15799,999,Active
CC404800,C104800,PremiumCard,123800.0,87419.94,36380.06,3775,2999,Active
CC409644,C109644,TravelCard,14800.0,1179.61,13620.39,5710,499,Active
CC400647,C100647,SmartCard,219000.0,119378.7,99621.3,4706,2999,Active
CC408712,C108712,CashbackCard,103500.0,64189.7,39310.3,1764,2999,Active
CC404985,C104985,CashbackCard,136900.0,35656.27,101243.73,19729,499,Active
CC408159,C108159,TravelCard,161600.0,82586.29,79013.71,15349,2999,Active
CC406305,C106305,FuelCard,234200.0,78527.37,155672.63,13748,999,Active
CC409972,C109972,StudentCard,130100.0,51327.08,78772.92,5422,2999,Active
CC401011,C101011,SmartCard,293500.0,147904.09,145595.91,3625,2999,Active
CC403620,C103620,FuelCard,57400.0,748.23,56651.77,10207,999,Active
CC402160,C102160,StudentCard,258700.0,99742.73,158957.27,7485,0,Active
CC402885,C102885,FuelCard,115300.0,89502.88,25797.12,18110,499,Active
CC409693,C109693,PremiumCard,234800.0,14883.96,219916.04,7537,999,Active
CC409395,C109395,CashbackCard,57000.0,15520.43,41479.57,7697,499,Active
CC402149,C102149,TravelCard,237700.0,28686.1,209013.9,8671,499,Active
CC404697,C104697,SmartCard,120000.0,84238.75,35761.25,17658,999,Active
CC401915,C101915,SmartCard,69300.0,12051.47,57248.53,19239,499,Active
CC402084,C102084,TravelCard,138700.0,98316.45,40383.55,7670,499,Active
CC404840,C104840,PremiumCard,235100.0,168734.31,66365.69,262,999,Active
CC401887,C101887,TravelCard,155000.0,10269.64,144730.36,2110,2999,Active
CC405007,C105007,SmartCard,81500.0,2523.78,78976.22,932,2999,Active
CC404574,C104574,SmartCard,348300.0,185686.41,162613.59,14693,999,Active
CC403601,C103601,CashbackCard,215800.0,45059.47,170740.53,14603,499,Active
CC408510,C108510,CashbackCard,136300.0,34307.84,101992.16,4766,999,Active
CC406580,C106580,CashbackCard,116400.0,68035.66,48364.34,5314,499,Active
CC409856,C109856,CashbackCard,282200.0,150085.71,132114.29,12833,2999,Active
CC400221,C100221,TravelCard,252300.0,201803.31,50496.69,7521,2999,Active
CC407221,C107221,TravelCard,172500.0,59421.34,113078.66,14489,2999,Active
CC401629,C101629,PremiumCard,136200.0,61036.16,75163.84,222,999,Active
CC404999,C104999,PremiumCard,131000.0,31727.02,99272.98,1641,0,Active
CC403977,C103977,FuelCard,71700.0,9535.36,62164.64,11195,499,Active
CC409971,C109971,TravelCard,355700.0,158225.33,197474.67,19480,2999,Active
CC407448,C107448,TravelCard,300000.0,189181.01,110818.99,12684,999,Active
CC400366,C100366,CashbackCard,144700.0,18045.62,126654.38,4276,999,Active
CC405049,C105049,CashbackCard,151100.0,5024.06,146075.94,16827,499,Active
CC407153,C107153,PremiumCard,367700.0,240869.54,126830.46,12341,2999,Active
CC400020,C100020,PremiumCard,70300.0,41783.34,28516.66,9834,999,Active
CC406040,C106040,PremiumCard,71000.0,50269.86,20730.14,15895,499,Active
CC405478,C105478,PremiumCard,283300.0,190958.35,92341.65,7109,2999,Active
CC408264,C108264,CashbackCard,92600.0,70762.98,21837.02,13364,0,Active
CC409229,C109229,StudentCard,98700.0,39329.37,59370.63,14881,999,Active
CC400364,C100364,FuelCard,45600.0,10762.71,34837.29,14063,2999,Active
CC407672,C107672,FuelCard,138100.0,235.69,137864.31,9537,999,Active
CC404883,C104883,FuelCard,156400.0,85115.71,71284.29,2255,499,Active
CC405693,C105693,PremiumCard,133300.0,5271.74,128028.26,10418,0,Active
CC406596,C106596,SmartCard,131100.0,35413.71,95686.29,5121,0,Active
CC405695,C105695,PremiumCard,214000.0,1973.79,212026.21,18421,999,Active
CC408058,C108058,SmartCard,321700.0,205794.9,115905.1,18451,999,Active
CC402594,C102594,FuelCard,170000.0,43925.43,126074.57,7854,499,Active
CC401774,C101774,CashbackCard,202900.0,1899.29,201000.71,19471,499,Active
CC403300,C103300,PremiumCard,534700.0,252572.91,282127.09,18927,499,Active
CC401175,C101175,TravelCard,90900.0,7029.31,83870.69,4444,2999,Active
CC408479,C108479,PremiumCard,55500.0,27126.63,28373.37,5990,999,Active
CC409887,C109887,CashbackCard,212700.0,3273.8,209426.2,15700,0,Active
CC404738,C104738,CashbackCard,207800.0,165925.34,41874.66,6503,0,Active
CC402121,C102121,FuelCard,162500.0,92084.14,70415.86,18983,2999,Active
CC401959,C101959,PremiumCard,31700.0,1750.18,29949.82,8482,999,Active
CC408409,C108409,TravelCard,125000.0,88360.15,36639.85,11798,0,Active
CC401934,C101934,FuelCard,144600.0,110709.58,33890.42,12302,499,Active
CC406477,C106477,CashbackCard,52200.0,17427.51,34772.49,8536,0,Active
CC406970,C106970,StudentCard,148500.0,86970.0,61530.0,4596,2999,Active
CC400899,C100899,PremiumCard,87500.0,12017.33,75482.67,12906,2999,Active
CC401949,C101949,TravelCard,33300.0,10915.78,22384.22,5854,2999,Active
CC406866,C106866,StudentCard,289600.0,212754.23,76845.77,16219,499,Active
CC408204,C108204,PremiumCard,284700.0,144328.41,140371.59,8463,2999,Active
CC403712,C103712,CashbackCard,114300.0,59111.82,55188.18,4735,0,Active
CC406268,C106268,StudentCard,79200.0,16926.34,62273.66,18667,0,Active
CC407314,C107314,PremiumCard,87800.0,28341.82,59458.18,3169,999,Active
CC409306,C109306,FuelCard,190100.0,79788.02,110311.98,13873,0,Active
CC405229,C105229,SmartCard,311200.0,215369.46,95830.54,16127,0,Active
CC403573,C103573,CashbackCard,139200.0,110789.26,28410.74,47,999,Active
CC405973,C105973,FuelCard,168700.0,26853.71,141846.29,6247,499,Active
CC403593,C103593,FuelCard,99500.0,26348.1,73151.9,16097,999,Active
CC407510,C107510,PremiumCard,210100.0,14362.08,195737.92,9852,2999,Active
CC402775,C102775,FuelCard,204900.0,1060.13,203839.87,1555,0,Active
CC409348,C109348,FuelCard,57600.0,3090.4,54509.6,1366,2999,Active
CC401342,C101342,FuelCard,20800.0,7954.06,12845.94,16545,999,Active
CC408903,C108903,TravelCard,225800.0,37508.33,188291.67,3720,2999,Active
CC406311,C106311,PremiumCard,249700.0,124424.49,125275.51,9280,499,Active
CC403931,C103931,SmartCard,200800.0,84320.17,116479.83,18070,999,Active
CC409288,C109288,TravelCard,91700.0,64296.06,27403.94,10507,999,Active
CC406176,C106176,CashbackCard,110200.0,58561.75,51638.25,2913,999,Active
CC406880,C106880,SmartCard,112800.0,49944.78,62855.22,13025,0,Active
CC405485,C105485,FuelCard,244900.0,4013.33,240886.67,7145,499,Active
CC407114,C107114,FuelCard,201800.0,60402.73,141397.27,2821,999,Active
CC405745,C105745,SmartCard,213100.0,56125.11,156974.89,13379,999,Active
CC408957,C108957,SmartCard,201600.0,14536.32,187063.68,7320,499,Active
CC408949,C108949,PremiumCard,89300.0,4760.19,84539.81,2477,999,Active
CC405545,C105545,CashbackCard,191100.0,127421.78,63678.22,13074,2999,Active
CC404501,C104501,SmartCard,243300.0,164515.63,78784.37,2371,999,Active
CC402364,C102364,TravelCard,289600.0,36466.36,253133.64,18628,2999,Active
CC409048,C109048,StudentCard,311900.0,181488.95,130411.05,1473,499,Active
CC406372,C106372,PremiumCard,139600.0,79508.79,60091.21,13998,999,Active
CC409677,C109677,FuelCard,356200.0,8904.1,347295.9,11754,499,Active
CC401787,C101787,StudentCard,299000.0,77351.63,221648.37,19125,499,Active
CC401515,C101515,FuelCard,446400.0,228236.15,218163.85,10574,2999,Active
CC402496,C102496,FuelCard,222200.0,53177.88,169022.12,12591,2999,Active
CC406631,C106631,CashbackCard,193300.0,148070.19,45229.81,16506,999,Active
CC401285,C101285,TravelCard,181600.0,42091.42,139508.58,8128,2999,Active
CC406082,C106082,StudentCard,237600.0,153713.69,83886.31,9462,2999,Active
CC401133,C101133,PremiumCard,218700.0,42771.34,175928.66,16780,999,Active
CC402881,C102881,SmartCard,153200.0,31340.25,121859.75,13499,0,Active
CC406081,C106081,StudentCard,304000.0,192733.22,111266.78,6738,2999,Active
CC404100,C104100,SmartCard,83900.0,56043.21,27856.79,16488,999,Active
CC409103,C109103,StudentCard,134300.0,61208.35,73091.65,16674,2999,Active
CC407758,C107758,StudentCard,354800.0,80562.34,274237.66,8898,999,Active
CC406310,C106310,PremiumCard,199100.0,27942.35,171157.65,3406,999,Active
CC401374,C101374,TravelCard,301200.0,211550.31,89649.69,14680,499,Active
CC401132,C101132,SmartCard,56500.0,26477.6,30022.4,10466,2999,Active
CC409566,C109566,SmartCard,223000.0,144208.37,78791.63,14156,499,Active
CC406568,C106568,StudentCard,78400.0,41961.54,36438.46,1098,999,Active
CC402501,C102501,PremiumCard,334500.0,145066.12,189433.88,18550,2999,Active
CC403356,C103356,PremiumCard,341400.0,240149.07,101250.93,5620,499,Active
CC400849,C100849,TravelCard,279400.0,116519.49,162880.51,7235,2999,Active
CC407069,C107069,PremiumCard,358100.0,143127.6,214972.4,1554,499,Active
CC400830,C100830,PremiumCard,210000.0,164725.0,45275.0,3154,0,Active
CC408315,C108315,PremiumCard,192800.0,91724.12,101075.88,19547,0,Active
CC401679,C101679,StudentCard,185800.0,87476.2,98323.8,17841,999,Active
CC404202,C104202,SmartCard,127700.0,21072.68,106627.32,3414,2999,Active
CC403448,C103448,CashbackCard,321800.0,95728.63,226071.37,2519,499,Active
CC403405,C103405,CashbackCard,117700.0,39639.36,78060.64,6232,2999,Active
CC408366,C108366,StudentCard,104100.0,26026.3,78073.7,5509,999,Active
CC404763,C104763,PremiumCard,220000.0,121955.28,98044.72,12622,0,Active
CC400403,C100403,PremiumCard,143200.0,28663.76,114536.24,12811,999,Active
CC405585,C105585,StudentCard,190200.0,76827.52,113372.48,10591,999,Active
CC409882,C109882,FuelCard,105300.0,1666.52,103633.48,2632,0,Active
CC407570,C107570,PremiumCard,408000.0,14726.14,393273.86,14371,499,Active
CC409521,C109521,PremiumCard,291900.0,125003.77,166896.23,14853,499,Active
CC406899,C106899,StudentCard,100900.0,50126.79,50773.21,13795,0,Active
CC407383,C107383,CashbackCard,207000.0,114601.56,92398.44,18287,499,Active
CC403154,C103154,PremiumCard,110100.0,33335.26,76764.74,9301,999,Active
CC407611,C107611,TravelCard,69600.0,9209.11,60390.89,13526,2999,Active
CC401956,C101956,CashbackCard,99200.0,48127.2,51072.8,8843,0,Active
CC406810,C106810,FuelCard,142500.0,18290.13,124209.87,4181,499,Active
CC405367,C105367,FuelCard,287800.0,177257.0,110543.0,12131,2999,Active
CC400671,C100671,CashbackCard,89400.0,27349.91,62050.09,19373,999,Active
CC404430,C104430,FuelCard,224000.0,167771.96,56228.04,13226,999,Active
CC405517,C105517,PremiumCard,182100.0,122568.24,59531.76,3904,0,Active
CC403864,C103864,FuelCard,119800.0,67459.51,52340.49,10856,499,Active
CC402578,C102578,PremiumCard,155200.0,10743.96,144456.04,148,2999,Active
CC405783,C105783,FuelCard,267800.0,114083.77,153716.23,2170,499,Active
CC400285,C100285,FuelCard,265400.0,173132.62,92267.38,1391,499,Active
CC408619,C108619,StudentCard,248400.0,19383.34,229016.66,10550,0,Active
CC405765,C105765,TravelCard,263600.0,121993.02,141606.98,15481,2999,Active
CC405542,C105542,StudentCard,190300.0,119530.41,70769.59,7522,999,Active
CC408794,C108794,SmartCard,87800.0,52368.4,35431.6,16920,0,Active
CC406849,C106849,CashbackCard,64000.0,13060.31,50939.69,5926,0,Active
CC407742,C107742,FuelCard,218800.0,21604.68,197195.32,2694,0,Active
CC405495,C105495,TravelCard,39900.0,18387.49,21512.51,60,999,Active
CC409974,C109974,TravelCard,183600.0,97134.43,86465.57,5602,499,Active
CC409594,C109594,FuelCard,325200.0,109952.21,215247.79,2673,0,Active
CC405569,C105569,PremiumCard,25800.0,14427.09,11372.91,8644,0,Active
CC409995,C109995,SmartCard,36300.0,8523.66,27776.34,10270,499,Active
CC401826,C101826,StudentCard,194300.0,93270.5,101029.5,16505,2999,Active
CC403861,C103861,TravelCard,228900.0,26704.4,202195.6,12999,499,Active
CC403634,C103634,CashbackCard,265100.0,135835.65,129264.35,2905,999,Active
CC404327,C104327,TravelCard,131200.0,10576.89,120623.11,4703,999,Active
CC402151,C102151,StudentCard,125500.0,72159.16,53340.84,10559,999,Active
CC406130,C106130,CashbackCard,182100.0,83969.52,98130.48,2912,499,Active
CC408128,C108128,StudentCard,45300.0,24063.8,21236.2,19924,2999,Active
CC403844,C103844,TravelCard,316200.0,130332.64,185867.36,6422,999,Active
CC400767,C100767,SmartCard,156900.0,6245.23,150654.77,12985,2999,Active
CC400183,C100183,StudentCard,192700.0,111485.34,81214.66,1356,2999,Active
CC401882,C101882,PremiumCard,171000.0,21604.69,149395.31,19608,2999,Active
CC400714,C100714,PremiumCard,223300.0,38609.98,184690.02,42,2999,Active
CC409604,C109604,FuelCard,37900.0,18721.52,19178.48,5141,0,Active
CC405374,C105374,StudentCard,503300.0,250673.78,252626.22,16955,499,Active
CC406647,C106647,PremiumCard,97000.0,23519.61,73480.39,562,2999,Active
CC407993,C107993,PremiumCard,134700.0,27897.05,106802.95,5655,499,Active
CC406065,C106065,FuelCard,172700.0,94336.51,78363.49,8738,499,Active
CC409446,C109446,FuelCard,216200.0,1037.66,215162.34,2743,999,Active
CC403165,C103165,FuelCard,95400.0,54358.85,41041.15,6563,999,Active
CC403005,C103005,SmartCard,148700.0,99980.45,48719.55,5752,2999,Active
CC404223,C104223,StudentCard,329900.0,43931.79,285968.21,10166,999,Active
CC409596,C109596,StudentCard,383100.0,143107.16,239992.84,3477,2999,Active
CC404900,C104900,PremiumCard,90800.0,22728.7,68071.3,14968,999,Active
CC405614,C105614,PremiumCard,129400.0,86269.63,43130.37,9902,0,Active
CC401454,C101454,TravelCard,266200.0,133668.13,132531.87,17865,499,Active
CC402330,C102330,SmartCard,65300.0,29244.33,36055.67,2566,999,Active
CC406685,C106685,SmartCard,104200.0,16808.18,87391.82,13344,499,Active
CC402040,C102040,FuelCard,326600.0,91517.77,235082.23,1113,2999,Active
CC407554,C107554,PremiumCard,54800.0,33797.75,21002.25,8219,0,Active
CC402828,C102828,SmartCard,166700.0,9458.45,157241.55,15356,499,Active
CC407395,C107395,SmartCard,174600.0,108375.3,66224.7,18358,499,Active
CC404065,C104065,CashbackCard,194800.0,66494.34,128305.66,3116,499,Active
CC409284,C109284,CashbackCard,412300.0,317060.8,95239.2,7851,2999,Active
CC408356,C108356,PremiumCard,329400.0,83300.99,246099.01,3654,2999,Active
CC407292,C107292,StudentCard,160800.0,54.31,160745.69,19946,2999,Active
CC408018,C108018,StudentCard,134000.0,102053.1,31946.9,7830,999,Active
CC402596,C102596,PremiumCard,102200.0,81544.08,20655.92,12860,0,Active
CC408685,C108685,PremiumCard,152900.0,73426.17,79473.83,3678,999,Active
CC408641,C108641,CashbackCard,183400.0,85645.87,97754.13,2021,2999,Active
CC406547,C106547,FuelCard,137900.0,51716.26,86183.74,11979,499,Active
CC400057,C100057,CashbackCard,367200.0,268326.06,98873.94,9301,999,Active
CC409790,C109790,FuelCard,94700.0,58817.63,35882.37,6508,499,Active
CC406264,C106264,CashbackCard,207300.0,118010.07,89289.93,1546,0,Active
CC405555,C105555,FuelCard,60600.0,15577.19,45022.81,7736,499,Active
CC400071,C100071,FuelCard,114300.0,11244.54,103055.46,12086,999,Active
CC402549,C102549,CashbackCard,173600.0,133729.79,39870.21,287,2999,Active
CC409003,C109003,SmartCard,116800.0,66515.54,50284.46,10711,2999,Active
CC403373,C103373,CashbackCard,196500.0,65051.34,131448.66,17271,0,Active
CC400789,C100789,StudentCard,102600.0,58075.96,44524.04,8426,499,Active
CC408744,C108744,FuelCard,141700.0,27795.89,113904.11,14511,999,Active
CC401760,C101760,CashbackCard,83600.0,30331.5,53268.5,19147,499,Active
CC400995,C100995,PremiumCard,176500.0,121260.59,55239.41,12814,499,Active
CC407924,C107924,FuelCard,19500.0,2494.1,17005.9,18586,999,Active
CC406028,C106028,FuelCard,316800.0,83404.43,233395.57,90,2999,Active
CC406873,C106873,StudentCard,200000.0,4866.13,195133.87,10932,499,Active
CC409920,C109920,CashbackCard,134000.0,95391.25,38608.75,19281,499,Active
CC401662,C101662,FuelCard,189400.0,101413.72,87986.28,15167,999,Active
CC401198,C101198,PremiumCard,286100.0,137069.16,149030.84,19568,0,Active
CC408989,C108989,SmartCard,171100.0,20950.19,150149.81,4476,0,Active
CC404156,C104156,PremiumCard,258100.0,34970.04,223129.96,10937,0,Active
CC401715,C101715,CashbackCard,164700.0,122439.49,42260.51,3787,499,Active
CC409222,C109222,SmartCard,46000.0,10030.76,35969.24,11717,999,Active
CC408701,C108701,CashbackCard,125400.0,93977.58,31422.42,13467,499,Active
CC402001,C102001,PremiumCard,32600.0,3932.82,28667.18,5728,999,Active
CC408475,C108475,StudentCard,350900.0,62747.86,288152.14,18415,999,Active
CC403343,C103343,SmartCard,126600.0,45642.52,80957.48,12108,0,Active
CC409648,C109648,FuelCard,90800.0,20507.61,70292.39,13052,499,Active
CC400396,C100396,CashbackCard,91600.0,33177.96,58422.04,7033,499,Active
CC402941,C102941,FuelCard,193700.0,119898.58,73801.42,14890,0,Active
CC407380,C107380,FuelCard,119200.0,2915.14,116284.86,15718,999,Active
CC405665,C105665,StudentCard,108500.0,42948.77,65551.23,7950,999,Active
CC400373,C100373,StudentCard,219300.0,52599.45,166700.55,18906,0,Active
CC401027,C101027,PremiumCard,107100.0,67895.71,39204.29,14789,2999,Active
CC407685,C107685,SmartCard,302300.0,232460.61,69839.39,16864,499,Active
CC406196,C106196,FuelCard,254900.0,95475.97,159424.03,5858,499,Active
CC408996,C108996,SmartCard,241000.0,117487.76,123512.24,12487,2999,Active
CC406513,C106513,FuelCard,96900.0,3624.46,93275.54,17400,499,Active
CC404412,C104412,TravelCard,177900.0,133449.86,44450.14,5955,999,Active
CC402988,C102988,FuelCard,154300.0,98193.95,56106.05,7506,499,Active
CC406781,C106781,FuelCard,198000.0,24517.66,173482.34,11229,999,Active
CC402683,C102683,FuelCard,72500.0,46290.84,26209.16,18664,2999,Active
CC409628,C109628,TravelCard,313000.0,102552.05,210447.95,12501,999,Active
CC407372,C107372,CashbackCard,49400.0,15688.39,33711.61,14601,2999,Active
CC406900,C106900,FuelCard,136700.0,39543.34,97156.66,7452,499,Active
CC403510,C103510,PremiumCard,257500.0,33257.77,224242.23,9798,499,Active
CC406320,C106320,PremiumCard,238400.0,190704.62,47695.38,2175,2999,Active
CC405404,C105404,FuelCard,151500.0,25956.24,125543.76,11105,2999,Active
CC408954,C108954,PremiumCard,107100.0,1797.76,105302.24,9413,999,Active
CC407535,C107535,SmartCard,249200.0,197052.93,52147.07,6688,999,Active
CC407660,C107660,CashbackCard,145400.0,5876.15,139523.85,603,999,Active
CC409890,C109890,TravelCard,126900.0,39521.31,87378.69,11310,999,Active
CC409996,C109996,CashbackCard,168300.0,66960.39,101339.61,1733,0,Active
CC403645,C103645,FuelCard,246200.0,161223.28,84976.72,976,2999,Active
CC407208,C107208,FuelCard,112000.0,49085.84,62914.16,8541,999,Active
CC404622,C104622,PremiumCard,75800.0,43626.81,32173.19,17643,499,Active
CC408231,C108231,FuelCard,72600.0,24333.7,48266.3,8001,999,Active
CC402582,C102582,SmartCard,330400.0,106773.33,223626.67,18788,999,Active
CC400651,C100651,PremiumCard,119900.0,39351.48,80548.52,4533,999,Active
CC402834,C102834,CashbackCard,178800.0,101957.07,76842.93,11418,0,Active
CC409643,C109643,CashbackCard,266900.0,110259.39,156640.61,1402,999,Active
CC402362,C102362,StudentCard,46400.0,28974.97,17425.03,10175,499,Active
CC407730,C107730,PremiumCard,32000.0,3678.17,28321.83,14523,0,Active
CC402276,C102276,StudentCard,170400.0,117290.63,53109.37,12370,999,Active
CC401639,C101639,CashbackCard,66100.0,45533.61,20566.39,7768,999,Active
CC401968,C101968,PremiumCard,380200.0,98491.37,281708.63,8440,2999,Active
CC401098,C101098,FuelCard,246600.0,43628.06,202971.94,8404,499,Active
CC402350,C102350,TravelCard,107600.0,38628.74,68971.26,12074,2999,Active
CC403638,C103638,TravelCard,172200.0,7048.19,165151.81,16649,999,Active
CC402074,C102074,StudentCard,244500.0,19872.48,224627.52,10168,499,Active
CC408688,C108688,StudentCard,64700.0,9375.16,55324.84,9032,0,Active
CC404477,C104477,FuelCard,72100.0,23718.45,48381.55,6501,999,Active
CC404811,C104811,StudentCard,136900.0,22748.61,114151.39,11318,0,Active
CC409934,C109934,SmartCard,23100.0,11194.07,11905.93,2088,2999,Active
CC407313,C107313,CashbackCard,145400.0,62325.8,83074.2,4767,999,Active
CC409897,C109897,FuelCard,220900.0,99776.66,121123.34,14742,999,Active
CC407090,C107090,TravelCard,153900.0,48768.82,105131.18,11305,499,Active
CC405662,C105662,PremiumCard,72900.0,44397.88,28502.12,13548,2999,Active
CC403368,C103368,PremiumCard,182000.0,56090.01,125909.99,8287,999,Active
CC408249,C108249,SmartCard,149000.0,33638.01,115361.99,15300,2999,Active
CC403019,C103019,PremiumCard,171200.0,123149.54,48050.46,15066,499,Active
CC406057,C106057,FuelCard,170500.0,93604.1,76895.9,13693,2999,Active
CC404639,C104639,TravelCard,343800.0,123797.67,220002.33,17955,0,Active
CC404641,C104641,SmartCard,149600.0,110782.09,38817.91,14431,499,Active
CC408329,C108329,CashbackCard,203800.0,55201.36,148598.64,1855,0,Active
CC400509,C100509,FuelCard,339300.0,195798.94,143501.06,7409,999,Active
CC400822,C100822,SmartCard,249800.0,183248.03,66551.97,2475,2999,Active
CC407509,C107509,FuelCard,454900.0,165521.23,289378.77,10132,999,Active
CC400694,C100694,PremiumCard,126800.0,8702.7,118097.3,18925,499,Active
CC403124,C103124,CashbackCard,44900.0,1218.91,43681.09,17576,999,Active
CC405430,C105430,TravelCard,120200.0,7291.78,112908.22,2890,499,Active
CC400826,C100826,StudentCard,239100.0,1798.05,237301.95,13998,2999,Active
CC406219,C106219,StudentCard,105900.0,54256.62,51643.38,5300,0,Active
CC408412,C108412,StudentCard,148900.0,111306.73,37593.27,7253,0,Active
CC401823,C101823,PremiumCard,142400.0,34739.76,107660.24,14887,2999,Active
CC403476,C103476,FuelCard,183600.0,104731.32,78868.68,8696,0,Active
CC402134,C102134,StudentCard,146100.0,70926.78,75173.22,18736,499,Active
CC407182,C107182,FuelCard,18900.0,13803.98,5096.02,7816,499,Active
CC400039,C100039,StudentCard,189900.0,51281.05,138618.95,3814,0,Active
CC403614,C103614,CashbackCard,218200.0,25089.81,193110.19,2068,999,Active
CC401570,C101570,FuelCard,194800.0,58226.59,136573.41,2470,499,Active
CC409988,C109988,PremiumCard,148100.0,72498.52,75601.48,5580,499,Active
CC407450,C107450,CashbackCard,122200.0,91843.06,30356.94,18229,2999,Active
CC401564,C101564,PremiumCard,274700.0,109350.13,165349.87,1396,0,Active
CC402036,C102036,CashbackCard,109300.0,76406.22,32893.78,2178,2999,Active
CC409784,C109784,PremiumCard,134400.0,58749.37,75650.63,1264,0,Active
CC402585,C102585,FuelCard,158400.0,29378.86,129021.14,9104,0,Active
CC401518,C101518,CashbackCard,91600.0,44991.61,46608.39,6801,999,Active
CC400264,C100264,SmartCard,253800.0,136181.86,117618.14,14769,499,Active
CC407552,C107552,StudentCard,202200.0,31330.14,170869.86,18284,0,Active
CC400751,C100751,TravelCard,206700.0,11699.22,195000.78,17767,999,Active
CC400853,C100853,PremiumCard,218100.0,10229.3,207870.7,14239,499,Active
CC408278,C108278,PremiumCard,226600.0,47061.82,179538.18,520,499,Active
CC402635,C102635,PremiumCard,94600.0,51592.06,43007.94,15019,0,Active
CC401394,C101394,SmartCard,368100.0,99339.93,268760.07,8807,999,Active
CC406642,C106642,PremiumCard,312700.0,245501.03,67198.97,11589,999,Active
CC402853,C102853,FuelCard,144600.0,115628.75,28971.25,18959,499,Active
CC400113,C100113,SmartCard,43100.0,4629.87,38470.13,10064,999,Active
CC400707,C100707,FuelCard,90200.0,47012.67,43187.33,15479,499,Active
CC402119,C102119,SmartCard,572700.0,176817.45,395882.55,248,2999,Active
CC404879,C104879,CashbackCard,113500.0,56304.86,57195.14,673,499,Active
CC404332,C104332,TravelCard,348600.0,238447.37,110152.63,8666,999,Active
CC404022,C104022,TravelCard,33300.0,11128.59,22171.41,2651,999,Active
CC403708,C103708,FuelCard,258100.0,201890.37,56209.63,2082,2999,Active
CC400841,C100841,StudentCard,240700.0,26167.34,214532.66,4939,2999,Active
CC409324,C109324,TravelCard,238100.0,141425.82,96674.18,11015,499,Active
CC409689,C109689,SmartCard,24600.0,5247.24,19352.76,6507,999,Active
CC400294,C100294,PremiumCard,133900.0,71053.11,62846.89,15150,0,Active
CC405898,C105898,StudentCard,127500.0,72762.43,54737.57,19088,999,Active
CC404885,C104885,PremiumCard,22600.0,14517.62,8082.38,5520,499,Active
CC409847,C109847,SmartCard,155800.0,43461.19,112338.81,5788,499,Active
CC400866,C100866,StudentCard,229500.0,111101.25,118398.75,12904,499,Active
CC402799,C102799,SmartCard,188100.0,13076.01,175023.99,14046,499,Active
CC404807,C104807,StudentCard,212800.0,11269.14,201530.86,12411,999,Active
CC404754,C104754,SmartCard,305400.0,106349.65,199050.35,12820,0,Active
CC407319,C107319,StudentCard,16000.0,7188.91,8811.09,11132,2999,Active
CC409717,C109717,CashbackCard,626200.0,396678.77,229521.23,691,499,Active
CC405420,C105420,CashbackCard,231300.0,106380.36,124919.64,16963,499,Active
CC405681,C105681,StudentCard,171300.0,99619.48,71680.52,14162,0,Active
CC404765,C104765,CashbackCard,87200.0,1275.53,85924.47,11917,0,Active
CC406497,C106497,PremiumCard,226800.0,66977.64,159822.36,14453,2999,Active
CC401800,C101800,CashbackCard,119000.0,90612.45,28387.55,13928,2999,Active
CC400574,C100574,CashbackCard,172500.0,35612.24,136887.76,11965,2999,Active
CC400161,C100161,CashbackCard,72200.0,6349.1,65850.9,10928,999,Active
CC408833,C108833,TravelCard,176100.0,45016.05,131083.95,19798,2999,Active
CC409380,C109380,PremiumCard,227200.0,6925.3,220274.7,174,0,Active
CC408296,C108296,PremiumCard,231700.0,128924.13,102775.87,1906,2999,Active
CC401500,C101500,FuelCard,62400.0,30840.44,31559.56,6989,2999,Active
CC401845,C101845,PremiumCard,105800.0,22554.23,83245.77,6478,0,Active
CC401194,C101194,StudentCard,160000.0,95145.83,64854.17,5040,499,Active
CC408795,C108795,SmartCard,196200.0,49870.4,146329.6,17425,999,Active
CC409526,C109526,PremiumCard,46200.0,6179.52,40020.48,18188,999,Active
CC405382,C105382,SmartCard,160100.0,124848.6,35251.4,2138,0,Active
CC400517,C100517,StudentCard,220100.0,9442.75,210657.25,628,999,Active
CC406442,C106442,FuelCard,243600.0,147265.42,96334.58,1546,0,Active
CC403789,C103789,SmartCard,114800.0,25900.44,88899.56,2940,499,Active
CC407466,C107466,PremiumCard,75200.0,36326.65,38873.35,16512,2999,Active
CC407286,C107286,TravelCard,386100.0,145096.99,241003.01,15865,999,Active
CC401281,C101281,CashbackCard,162900.0,96096.39,66803.61,14430,2999,Active
CC403226,C103226,PremiumCard,372400.0,174590.35,197809.65,13816,499,Active
CC402105,C102105,TravelCard,72700.0,33992.44,38707.56,3137,499,Active
CC403912,C103912,PremiumCard,141000.0,46200.23,94799.77,7394,0,Active
CC406400,C106400,FuelCard,160300.0,52159.58,108140.42,1682,999,Active
CC406463,C106463,SmartCard,185700.0,72840.61,112859.39,19128,999,Active
CC401264,C101264,TravelCard,174300.0,80329.53,93970.47,764,999,Active
CC409630,C109630,PremiumCard,245700.0,107806.82,137893.18,401,499,Active
CC407620,C107620,SmartCard,176200.0,63287.52,112912.48,5277,999,Active
CC408542,C108542,SmartCard,85600.0,67560.79,18039.21,2426,999,Active
CC408195,C108195,PremiumCard,125500.0,32007.73,93492.27,6416,999,Active
CC408110,C108110,SmartCard,222900.0,42215.85,180684.15,5909,2999,Active
CC402553,C102553,CashbackCard,135100.0,23504.09,111595.91,10297,0,Active
CC407694,C107694,SmartCard,202800.0,134701.22,68098.78,947,999,Active
CC405627,C105627,StudentCard,215500.0,144908.61,70591.39,10878,2999,Active
CC401360,C101360,TravelCard,45100.0,16454.47,28645.53,19620,2999,Active
CC408534,C108534,PremiumCard,151200.0,6309.33,144890.67,18998,0,Active
CC407300,C107300,FuelCard,119100.0,27110.02,91989.98,9851,2999,Active
CC401200,C101200,StudentCard,115100.0,12042.32,103057.68,1996,2999,Active
CC406763,C106763,SmartCard,178000.0,11440.41,166559.59,15734,999,Active
CC407306,C107306,PremiumCard,215500.0,67107.1,148392.9,13466,999,Active
CC403655,C103655,FuelCard,186200.0,105205.94,80994.06,14134,999,Active
CC403668,C103668,StudentCard,339500.0,133907.85,205592.15,9004,499,Active
CC407228,C107228,PremiumCard,79300.0,60713.5,18586.5,9846,499,Active
CC402070,C102070,FuelCard,183900.0,139485.62,44414.38,17088,2999,Active
CC406583,C106583,SmartCard,97100.0,32060.62,65039.38,6950,2999,Active
CC406917,C106917,PremiumCard,132800.0,5788.37,127011.63,15357,999,Active
CC400142,C100142,StudentCard,71900.0,14015.3,57884.7,4621,499,Active
CC407474,C107474,FuelCard,118400.0,67417.57,50982.43,18273,499,Active
CC404235,C104235,SmartCard,194000.0,65533.95,128466.05,11913,2999,Active
CC405560,C105560,PremiumCard,231400.0,109691.99,121708.01,1322,2999,Active
CC400534,C100534,FuelCard,128200.0,77510.85,50689.15,10885,2999,Active
CC404238,C104238,StudentCard,122500.0,90809.16,31690.84,15928,2999,Active
CC407242,C107242,SmartCard,87900.0,19947.33,67952.67,19890,2999,Active
CC407368,C107368,StudentCard,140600.0,75344.21,65255.79,11757,2999,Active
CC406350,C106350,FuelCard,158900.0,42202.49,116697.51,4295,0,Active
CC406295,C106295,PremiumCard,95000.0,14855.21,80144.79,16332,2999,Active
CC407484,C107484,FuelCard,261600.0,34119.59,227480.41,6580,0,Active
CC402042,C102042,PremiumCard,154500.0,32531.15,121968.85,12775,2999,Active
CC406581,C106581,StudentCard,154400.0,15986.98,138413.02,13033,2999,Active
CC405850,C105850,TravelCard,386900.0,68485.46,318414.54,8818,2999,Active
CC402422,C102422,FuelCard,167900.0,62412.78,105487.22,12249,999,Active
CC407524,C107524,StudentCard,252900.0,16499.79,236400.21,19132,499,Active
CC409192,C109192,StudentCard,384400.0,30972.24,353427.76,12678,0,Active
CC401120,C101120,StudentCard,126600.0,65984.09,60615.91,8328,999,Active
CC407136,C107136,TravelCard,178800.0,105736.54,73063.46,7313,0,Active
CC400541,C100541,SmartCard,261100.0,68375.7,192724.3,19561,999,Active
CC409330,C109330,StudentCard,70200.0,48678.88,21521.12,7414,999,Active
CC406869,C106869,StudentCard,253900.0,51372.84,202527.16,2167,499,Active
CC405588,C105588,CashbackCard,85600.0,43974.5,41625.5,1044,0,Active
CC405166,C105166,SmartCard,36200.0,17045.3,19154.7,17687,2999,Active
CC407848,C107848,PremiumCard,87000.0,16633.11,70366.89,2465,2999,Active
CC408999,C108999,TravelCard,190800.0,19324.88,171475.12,15827,0,Active
CC404340,C104340,FuelCard,100800.0,22482.14,78317.86,9974,999,Active
CC405675,C105675,TravelCard,130600.0,60840.26,69759.74,5182,499,Active
CC406391,C106391,CashbackCard,48800.0,4349.64,44450.36,11547,0,Active
CC406714,C106714,TravelCard,161800.0,104725.91,57074.09,4311,0,Active
CC405256,C105256,PremiumCard,40800.0,11470.81,29329.19,15371,499,Active
CC401847,C101847,StudentCard,175000.0,12445.65,162554.35,3650,0,Active
CC401142,C101142,PremiumCard,202300.0,117725.17,84574.83,17828,0,Active
CC404432,C104432,FuelCard,195600.0,50845.66,144754.34,16945,499,Active
CC406396,C106396,CashbackCard,161700.0,89726.41,71973.59,5404,2999,Active
CC403963,C103963,PremiumCard,170900.0,20335.44,150564.56,19888,499,Active
CC400353,C100353,PremiumCard,354400.0,182412.52,171987.48,17096,499,Active
CC405358,C105358,StudentCard,257400.0,200662.82,56737.18,14019,999,Active
CC407152,C107152,CashbackCard,111800.0,17529.7,94270.3,13301,999,Active
CC403979,C103979,FuelCard,140400.0,88806.39,51593.61,15435,0,Active
CC409163,C109163,PremiumCard,293200.0,14802.57,278397.43,4022,499,Active
CC405490,C105490,CashbackCard,376700.0,171295.37,205404.63,1599,499,Active
CC406972,C106972,FuelCard,27200.0,3258.4,23941.6,5946,499,Active
CC400088,C100088,CashbackCard,91200.0,27987.86,63212.14,17501,999,Active
CC402103,C102103,PremiumCard,302200.0,84328.64,217871.36,2442,2999,Active
CC401892,C101892,FuelCard,208400.0,28294.45,180105.55,3193,499,Active
CC403052,C103052,SmartCard,64700.0,12640.57,52059.43,16269,0,Active
CC405704,C105704,TravelCard,98900.0,20753.45,78146.55,8416,499,Active
CC406993,C106993,FuelCard,341500.0,91390.61,250109.39,5494,999,Active
CC408915,C108915,TravelCard,278800.0,185921.64,92878.36,16970,2999,Active
CC401672,C101672,StudentCard,115700.0,80941.84,34758.16,7759,499,Active
CC407157,C107157,PremiumCard,482400.0,224149.02,258250.98,6267,2999,Active
CC405553,C105553,StudentCard,141800.0,15871.51,125928.49,12881,0,Active
CC405840,C105840,FuelCard,137600.0,58417.32,79182.68,9333,499,Active
CC404586,C104586,CashbackCard,215300.0,52101.97,163198.03,3735,499,Active
CC407819,C107819,SmartCard,111000.0,69748.27,41251.73,5047,999,Active
CC403169,C103169,StudentCard,150000.0,85678.26,64321.74,2322,2999,Active
CC401611,C101611,FuelCard,327300.0,44671.19,282628.81,10900,2999,Active
CC404231,C104231,TravelCard,129300.0,87558.12,41741.88,5024,0,Active
CC403669,C103669,StudentCard,18300.0,9313.83,8986.17,5316,999,Active
CC402989,C102989,FuelCard,62000.0,18712.87,43287.13,16866,2999,Active
CC401124,C101124,CashbackCard,201700.0,17688.05,184011.95,8108,499,Active
CC405106,C105106,PremiumCard,171100.0,70613.65,100486.35,5696,2999,Active
CC405113,C105113,PremiumCard,29200.0,686.25,28513.75,2129,0,Active
CC400617,C100617,StudentCard,145700.0,19592.37,126107.63,3091,2999,Active
CC409762,C109762,PremiumCard,221000.0,101519.43,119480.57,4563,2999,Active
CC407595,C107595,StudentCard,403000.0,294102.06,108897.94,2177,2999,Active
CC401932,C101932,TravelCard,147300.0,2165.82,145134.18,356,499,Active
CC404236,C104236,TravelCard,227400.0,44378.79,183021.21,19828,0,Active
CC408644,C108644,PremiumCard,114300.0,14851.9,99448.1,16384,999,Active
CC408141,C108141,FuelCard,173000.0,29055.57,143944.43,14549,2999,Active
CC400309,C100309,PremiumCard,104500.0,54895.46,49604.54,5875,999,Active
CC406182,C106182,CashbackCard,130600.0,18311.02,112288.98,9725,2999,Active
CC408848,C108848,SmartCard,31900.0,23587.73,8312.27,14503,999,Active
CC402535,C102535,StudentCard,84400.0,3090.56,81309.44,12414,999,Active
CC405633,C105633,TravelCard,251400.0,28706.05,222693.95,15286,0,Active
CC404670,C104670,FuelCard,216600.0,7960.91,208639.09,3752,0,Active
CC400825,C100825,StudentCard,54300.0,31736.01,22563.99,2030,2999,Active
CC400486,C100486,TravelCard,37000.0,27863.92,9136.08,17996,0,Active
CC406619,C106619,SmartCard,243400.0,121440.27,121959.73,2404,0,Active
CC400991,C100991,FuelCard,333500.0,77498.23,256001.77,7562,499,Active
CC400681,C100681,PremiumCard,117700.0,74163.63,43536.37,8908,2999,Active
CC409702,C109702,StudentCard,298400.0,29840.11,268559.89,1501,0,Active
CC406168,C106168,TravelCard,450100.0,146499.12,303600.88,12565,0,Active
CC404458,C104458,FuelCard,45200.0,13207.67,31992.33,1301,499,Active
CC400140,C100140,CashbackCard,255500.0,147595.49,107904.51,12641,499,Active
CC404123,C104123,CashbackCard,35800.0,16127.62,19672.38,10352,499,Active
CC405353,C105353,SmartCard,345200.0,105529.19,239670.81,699,2999,Active
CC409863,C109863,PremiumCard,109700.0,34602.9,75097.1,18703,999,Active
CC407211,C107211,TravelCard,218200.0,21423.18,196776.82,17145,499,Active
CC404597,C104597,SmartCard,22000.0,5417.54,16582.46,19662,2999,Active
CC401404,C101404,PremiumCard,209700.0,28835.56,180864.44,8249,999,Active
CC400003,C100003,TravelCard,75300.0,50502.59,24797.41,17760,499,Active
CC407863,C107863,SmartCard,274800.0,48487.77,226312.23,9357,999,Active
CC408513,C108513,TravelCard,152200.0,29777.76,122422.24,12510,0,Active
CC407708,C107708,CashbackCard,238900.0,84301.08,154598.92,9311,2999,Active
CC408441,C108441,SmartCard,116200.0,20015.9,96184.1,8907,499,Active
CC405272,C105272,SmartCard,202500.0,129911.04,72588.96,13191,999,Active
CC407073,C107073,SmartCard,143900.0,7123.95,136776.05,7498,499,Active
CC408043,C108043,SmartCard,365700.0,145533.01,220166.99,7760,2999,Active
CC402183,C102183,TravelCard,171300.0,120300.8,50999.2,4873,999,Active
CC407480,C107480,FuelCard,26100.0,4329.24,21770.76,18042,999,Active
CC408554,C108554,PremiumCard,47700.0,11225.1,36474.9,19853,2999,Active
CC406716,C106716,FuelCard,176700.0,117698.21,59001.79,4539,0,Active
CC408509,C108509,StudentCard,103900.0,17849.23,86050.77,4047,499,Active
CC405692,C105692,PremiumCard,137000.0,54178.65,82821.35,18886,999,Active
CC403218,C103218,TravelCard,71400.0,21453.79,49946.21,4990,0,Active
CC401460,C101460,FuelCard,129600.0,11405.43,118194.57,8549,0,Active
CC408429,C108429,TravelCard,178300.0,17629.05,160670.95,14956,0,Active
CC402054,C102054,TravelCard,264100.0,126562.11,137537.89,2053,2999,Active
CC401094,C101094,SmartCard,98400.0,6944.59,91455.41,16034,2999,Active
CC409129,C109129,CashbackCard,309500.0,130188.01,179311.99,18214,499,Active
CC402456,C102456,CashbackCard,251500.0,68302.79,183197.21,13146,2999,Active
CC408652,C108652,CashbackCard,177600.0,115698.45,61901.55,4353,999,Active
CC406732,C106732,SmartCard,151200.0,6399.97,144800.03,10584,2999,Active
CC400780,C100780,StudentCard,148100.0,40368.22,107731.78,6938,499,Active
CC403446,C103446,StudentCard,62100.0,41569.22,20530.78,15149,499,Active
CC404427,C104427,SmartCard,252400.0,170724.32,81675.68,9852,0,Active
CC401528,C101528,PremiumCard,149800.0,116543.44,33256.56,18657,499,Active
CC407055,C107055,FuelCard,179300.0,1197.67,178102.33,19071,499,Active
CC409550,C109550,SmartCard,309200.0,125712.0,183488.0,1275,2999,Active
CC404624,C104624,TravelCard,86700.0,62773.9,23926.1,16948,999,Active
CC402468,C102468,CashbackCard,98000.0,20609.31,77390.69,19192,2999,Active
CC401978,C101978,StudentCard,108300.0,79354.83,28945.17,13196,999,Active
CC407112,C107112,FuelCard,381900.0,605.24,381294.76,7648,0,Active
CC404507,C104507,CashbackCard,196600.0,95948.11,100651.89,11684,2999,Active
CC403022,C103022,CashbackCard,73800.0,45001.85,28798.15,12018,0,Active
CC409261,C109261,StudentCard,126500.0,79264.73,47235.27,7281,999,Active
CC404321,C104321,PremiumCard,123400.0,38951.15,84448.85,16614,999,Active
CC400382,C100382,FuelCard,131000.0,49151.59,81848.41,12297,2999,Active
CC408029,C108029,StudentCard,245200.0,194845.08,50354.92,17786,0,Active
CC402564,C102564,CashbackCard,147900.0,20555.9,127344.1,17121,999,Active
CC407496,C107496,CashbackCard,304600.0,170907.85,133692.15,12344,2999,Active
CC404459,C104459,FuelCard,182200.0,103757.18,78442.82,11810,2999,Active
CC400498,C100498,StudentCard,238300.0,168196.43,70103.57,1040,499,Active
CC402918,C102918,TravelCard,66600.0,25348.62,41251.38,18550,999,Active
CC408947,C108947,FuelCard,109500.0,702.82,108797.18,10718,999,Active
CC409148,C109148,TravelCard,275400.0,59348.1,216051.9,10550,0,Active
CC402690,C102690,TravelCard,123000.0,40018.31,82981.69,6524,999,Active
CC404288,C104288,TravelCard,51900.0,12065.36,39834.64,13778,2999,Active
CC405698,C105698,FuelCard,34500.0,974.56,33525.44,10943,0,Active
CC406245,C106245,CashbackCard,204400.0,65233.81,139166.19,8784,2999,Active
CC406123,C106123,PremiumCard,210600.0,87734.97,122865.03,8905,999,Active
CC406485,C106485,SmartCard,139100.0,61443.27,77656.73,19428,2999,Active
CC406576,C106576,SmartCard,198600.0,153593.68,45006.32,3067,0,Active
CC402586,C102586,TravelCard,189900.0,37957.72,151942.28,8056,2999,Active
CC403820,C103820,FuelCard,144800.0,16403.14,128396.86,14596,499,Active
CC404024,C104024,SmartCard,138500.0,35337.52,103162.48,11125,999,Active
CC409100,C109100,StudentCard,125300.0,82846.33,42453.67,11459,2999,Active
CC408115,C108115,StudentCard,121800.0,7256.91,114543.09,5546,2999,Active
CC408137,C108137,FuelCard,145400.0,56584.94,88815.06,1312,0,Active
CC406624,C106624,SmartCard,155000.0,16452.13,138547.87,11128,0,Active
CC405477,C105477,SmartCard,195100.0,109343.21,85756.79,10934,999,Active
CC401061,C101061,FuelCard,136200.0,101502.26,34697.74,4235,0,Active
CC400718,C100718,CashbackCard,92100.0,8514.16,83585.84,5649,2999,Active
CC406609,C106609,TravelCard,286000.0,172525.67,113474.33,12166,0,Active
CC407762,C107762,StudentCard,262000.0,163645.56,98354.44,14801,499,Active
CC409991,C109991,TravelCard,208200.0,113510.55,94689.45,3612,499,Active
CC409968,C109968,TravelCard,160900.0,36775.2,124124.8,4628,2999,Active
CC403667,C103667,FuelCard,292600.0,187387.9,105212.1,435,999,Active
CC402352,C102352,SmartCard,93100.0,50453.52,42646.48,16557,2999,Active
CC408444,C108444,TravelCard,246900.0,6274.0,240626.0,2473,499,Active
CC403756,C103756,StudentCard,208500.0,20113.35,188386.65,17558,2999,Active
CC409147,C109147,FuelCard,24600.0,16252.0,8348.0,14762,499,Active
CC402902,C102902,FuelCard,86100.0,21883.35,64216.65,166,0,Active
CC401835,C101835,TravelCard,229000.0,86398.41,142601.59,121,999,Active
CC401248,C101248,PremiumCard,152400.0,94879.35,57520.65,15878,999,Active
CC403113,C103113,StudentCard,255100.0,135570.73,119529.27,2585,499,Active
CC406452,C106452,StudentCard,211400.0,148317.2,63082.8,3981,499,Active
CC400164,C100164,StudentCard,334900.0,205815.91,129084.09,7260,999,Active
CC404020,C104020,CashbackCard,218800.0,33621.13,185178.87,2293,999,Active
CC402050,C102050,PremiumCard,150800.0,12296.57,138503.43,19951,2999,Active
CC405385,C105385,FuelCard,196900.0,100426.2,96473.8,826,0,Active
CC404464,C104464,FuelCard,196700.0,88123.96,108576.04,10828,499,Active
CC400087,C100087,TravelCard,271600.0,112703.03,158896.97,460,0,Active
CC408425,C108425,FuelCard,101100.0,71648.98,29451.02,19437,999,Active
CC405146,C105146,PremiumCard,129400.0,73888.59,55511.41,11226,0,Active
CC408584,C108584,CashbackCard,238300.0,189341.02,48958.98,9804,2999,Active
CC406244,C106244,TravelCard,87100.0,66809.06,20290.94,7860,0,Active
CC409485,C109485,StudentCard,468200.0,323502.45,144697.55,5879,499,Active
CC406142,C106142,FuelCard,331900.0,150818.68,181081.32,5883,0,Active
CC403230,C103230,CashbackCard,126100.0,48204.24,77895.76,19736,999,Active
CC407463,C107463,StudentCard,258700.0,186446.67,72253.33,1285,2999,Active
CC405224,C105224,CashbackCard,395000.0,206211.98,188788.02,12937,0,Active
CC402700,C102700,PremiumCard,257600.0,48546.78,209053.22,3713,499,Active
CC405608,C105608,TravelCard,56600.0,28862.61,27737.39,4369,0,Active
CC407333,C107333,CashbackCard,71400.0,52662.58,18737.42,19513,499,Active
CC405201,C105201,TravelCard,181300.0,108436.95,72863.05,6983,0,Active
CC403520,C103520,StudentCard,303000.0,211318.37,91681.63,15259,0,Active
CC405155,C105155,StudentCard,172300.0,84795.46,87504.54,12989,499,Active
CC406238,C106238,TravelCard,205500.0,48925.36,156574.64,14269,2999,Active
CC408817,C108817,SmartCard,331600.0,31286.93,300313.07,18497,0,Active
CC406058,C106058,CashbackCard,53200.0,38118.8,15081.2,3877,499,Active
CC405894,C105894,StudentCard,327500.0,184474.58,143025.42,12662,0,Active
CC403681,C103681,SmartCard,172500.0,100792.15,71707.85,18334,0,Active
CC408972,C108972,FuelCard,111300.0,27566.62,83733.38,7140,0,Active
CC409699,C109699,SmartCard,244300.0,17072.0,227228.0,14681,2999,Active
CC402813,C102813,TravelCard,192000.0,46026.98,145973.02,6036,2999,Active
CC401294,C101294,SmartCard,182200.0,19050.87,163149.13,8117,2999,Active
CC401811,C101811,PremiumCard,114700.0,6247.51,108452.49,17749,499,Active
CC407871,C107871,PremiumCard,366300.0,289809.08,76490.92,12063,2999,Active
CC401170,C101170,SmartCard,111400.0,13623.68,97776.32,9744,499,Active
CC409305,C109305,FuelCard,89600.0,42104.55,47495.45,9582,499,Active
CC405787,C105787,SmartCard,86300.0,19514.63,66785.37,14661,999,Active
CC408461,C108461,StudentCard,281100.0,134076.52,147023.48,2570,0,Active
CC403101,C103101,TravelCard,145100.0,111698.36,33401.64,16855,0,Active
CC403083,C103083,PremiumCard,139600.0,95920.76,43679.24,19789,499,Active
CC409135,C109135,CashbackCard,149000.0,17679.77,131320.23,8849,999,Active
CC404647,C104647,StudentCard,229700.0,44160.48,185539.52,19397,0,Active
CC409453,C109453,StudentCard,300200.0,156536.96,143663.04,12473,2999,Active
CC408521,C108521,FuelCard,207900.0,27180.23,180719.77,15789,999,Active
CC408248,C108248,FuelCard,44700.0,23918.23,20781.77,11638,999,Active
CC405271,C105271,StudentCard,42300.0,27620.3,14679.7,5609,2999,Active
CC403899,C103899,PremiumCard,120100.0,13645.16,106454.84,2558,2999,Active
CC400124,C100124,PremiumCard,247500.0,176651.14,70848.86,7169,2999,Active
CC408549,C108549,FuelCard,146100.0,66287.36,79812.64,16244,2999,Active
CC404568,C104568,TravelCard,243200.0,123342.15,119857.85,7656,999,Active
CC405156,C105156,FuelCard,179500.0,72566.1,106933.9,5646,999,Active
CC409223,C109223,SmartCard,60900.0,7475.53,53424.47,958,499,Active
CC409166,C109166,StudentCard,149700.0,28194.35,121505.65,17379,2999,Active
CC403453,C103453,CashbackCard,89200.0,43513.96,45686.04,13038,999,Active
CC405018,C105018,TravelCard,201800.0,134962.75,66837.25,4604,2999,Active
CC400490,C100490,CashbackCard,127700.0,82670.82,45029.18,2318,2999,Active
CC400922,C100922,SmartCard,135200.0,13271.02,121928.98,8874,0,Active
CC408151,C108151,PremiumCard,84600.0,18842.29,65757.71,3142,0,Active
CC401435,C101435,StudentCard,205400.0,52520.75,152879.25,19678,499,Active
CC407542,C107542,TravelCard,141100.0,64784.19,76315.81,7205,999,Active
CC400709,C100709,SmartCard,89800.0,67193.25,22606.75,1242,2999,Active
CC402924,C102924,SmartCard,292600.0,115321.52,177278.48,2933,2999,Active
CC409421,C109421,PremiumCard,264400.0,126227.99,138172.01,17992,2999,Active
CC409107,C109107,SmartCard,121000.0,17623.16,103376.84,19261,2999,Active
CC409046,C109046,CashbackCard,115700.0,59480.83,56219.17,18149,2999,Active
CC403940,C103940,PremiumCard,112500.0,4166.45,108333.55,12660,2999,Active
CC407691,C107691,CashbackCard,118500.0,26738.73,91761.27,1249,2999,Active
CC408467,C108467,TravelCard,216400.0,27372.2,189027.8,6097,2999,Active
CC406106,C106106,StudentCard,111500.0,22071.19,89428.81,7023,999,Active
CC409639,C109639,CashbackCard,29900.0,2053.83,27846.17,12993,0,Active
CC401675,C101675,FuelCard,276100.0,158829.34,117270.66,10449,499,Active
CC408985,C108985,PremiumCard,82000.0,56108.11,25891.89,4669,2999,Active
CC406428,C106428,SmartCard,155000.0,28462.95,126537.05,18015,999,Active
CC402275,C102275,TravelCard,132100.0,82428.65,49671.35,5909,499,Active
CC404445,C104445,SmartCard,87300.0,46124.16,41175.84,8580,0,Active
CC408055,C108055,TravelCard,53800.0,42800.51,10999.49,3491,0,Active
CC400935,C100935,TravelCard,241000.0,28571.2,212428.8,5777,999,Active
CC400722,C100722,PremiumCard,148900.0,81204.77,67695.23,8800,2999,Active
CC403976,C103976,TravelCard,290500.0,204613.2,85886.8,19878,0,Active
CC405293,C105293,FuelCard,201600.0,3233.32,198366.68,12064,999,Active
CC402803,C102803,TravelCard,128300.0,71000.48,57299.52,7284,499,Active
CC405565,C105565,StudentCard,333900.0,15520.58,318379.42,8166,0,Active
CC406506,C106506,FuelCard,146100.0,8865.87,137234.13,12773,999,Active
CC409568,C109568,PremiumCard,216100.0,59979.08,156120.92,5386,999,Active
CC404271,C104271,CashbackCard,368600.0,80543.11,288056.89,2362,999,Active
CC409866,C109866,FuelCard,64100.0,49956.68,14143.32,12292,0,Active
CC406850,C106850,FuelCard,140300.0,32365.18,107934.82,6554,999,Active
CC401755,C101755,StudentCard,116800.0,73379.73,43420.27,8429,2999,Active
CC403244,C103244,SmartCard,45000.0,22352.52,22647.48,9227,2999,Active
CC402461,C102461,StudentCard,261900.0,120078.6,141821.4,317,999,Active
CC408026,C108026,PremiumCard,309200.0,120162.32,189037.68,8016,0,Active
CC407947,C107947,TravelCard,241200.0,133634.28,107565.72,9173,999,Active
CC405576,C105576,CashbackCard,262300.0,62863.27,199436.73,8983,499,Active
CC400162,C100162,FuelCard,96200.0,36613.55,59586.45,2352,499,Active
CC400610,C100610,CashbackCard,148500.0,32498.36,116001.64,18578,2999,Active
CC400644,C100644,PremiumCard,272900.0,105322.65,167577.35,3309,499,Active
CC400637,C100637,StudentCard,41000.0,1225.07,39774.93,10330,0,Active
CC406862,C106862,PremiumCard,157100.0,114665.0,42435.0,3863,999,Active
CC405866,C105866,FuelCard,176000.0,9880.68,166119.32,11610,499,Active
CC407731,C107731,FuelCard,97000.0,31738.83,65261.17,12141,0,Active
CC407434,C107434,CashbackCard,128000.0,48186.21,79813.79,13114,499,Active
CC409574,C109574,CashbackCard,158200.0,12250.43,145949.57,3875,2999,Active
CC406944,C106944,SmartCard,88500.0,55955.68,32544.32,3495,999,Active
CC408987,C108987,PremiumCard,55800.0,30697.96,25102.04,12598,2999,Active
CC406231,C106231,CashbackCard,88500.0,43004.99,45495.01,19561,499,Active
CC407020,C107020,StudentCard,207200.0,4742.26,202457.74,17601,2999,Active
CC400159,C100159,StudentCard,165100.0,108577.14,56522.86,941,999,Active
CC400600,C100600,SmartCard,214400.0,109830.35,104569.65,13042,999,Active
CC401506,C101506,FuelCard,56000.0,10834.16,45165.84,13870,2999,Active
CC404107,C104107,PremiumCard,201900.0,151785.9,50114.1,16386,999,Active
CC408131,C108131,CashbackCard,225400.0,35962.48,189437.52,963,499,Active
CC409180,C109180,SmartCard,208200.0,90884.88,117315.12,10934,0,Active
CC401809,C101809,FuelCard,125700.0,14262.37,111437.63,1663,0,Active
CC400858,C100858,CashbackCard,192800.0,93814.31,98985.69,14440,2999,Active
CC402969,C102969,SmartCard,144900.0,83539.14,61360.86,12468,2999,Active
CC404466,C104466,StudentCard,170900.0,63029.99,107870.01,17319,0,Active
CC408319,C108319,SmartCard,118800.0,57519.85,61280.15,10636,999,Active
CC401332,C101332,SmartCard,224900.0,47573.81,177326.19,6568,999,Active
CC409549,C109549,SmartCard,200500.0,42659.69,157840.31,7874,999,Active
CC409539,C109539,FuelCard,139600.0,40119.3,99480.7,9700,999,Active
CC408158,C108158,CashbackCard,79300.0,28245.72,51054.28,1169,0,Active
CC405727,C105727,CashbackCard,177400.0,21574.23,155825.77,14965,2999,Active
CC406341,C106341,CashbackCard,173000.0,125114.78,47885.22,5944,999,Active
CC400542,C100542,PremiumCard,267300.0,63160.58,204139.42,10442,999,Active
CC408547,C108547,TravelCard,203300.0,50810.92,152489.08,8719,2999,Active
CC404766,C104766,StudentCard,172700.0,39076.87,133623.13,13034,999,Active
CC403972,C103972,FuelCard,65800.0,48352.72,17447.28,10885,499,Active
CC400232,C100232,SmartCard,232000.0,24709.5,207290.5,9272,999,Active
CC405734,C105734,SmartCard,124900.0,273.01,124626.99,7646,499,Active
CC408316,C108316,FuelCard,198300.0,16446.5,181853.5,18430,999,Active
CC406614,C106614,CashbackCard,30800.0,11212.4,19587.6,12831,999,Active
CC407125,C107125,PremiumCard,185100.0,21256.8,163843.2,7430,2999,Active
CC401086,C101086,PremiumCard,178000.0,99696.97,78303.03,2977,2999,Active
CC403192,C103192,StudentCard,132000.0,10104.34,121895.66,13510,0,Active
CC402283,C102283,TravelCard,104200.0,61456.25,42743.75,1907,499,Active
CC407473,C107473,FuelCard,225800.0,142106.0,83694.0,14140,0,Active
CC404719,C104719,TravelCard,67600.0,41750.71,25849.29,4279,999,Active
CC408388,C108388,PremiumCard,177800.0,92201.92,85598.08,11924,999,Active
CC405589,C105589,TravelCard,160500.0,84805.1,75694.9,512,999,Active
CC402009,C102009,SmartCard,154700.0,100049.76,54650.24,10390,999,Active
CC409479,C109479,PremiumCard,228000.0,98439.25,129560.75,8137,999,Active
CC402645,C102645,CashbackCard,306600.0,23932.68,282667.32,15010,999,Active
CC400273,C100273,TravelCard,85200.0,18977.83,66222.17,18992,499,Active
CC409099,C109099,CashbackCard,128900.0,92117.75,36782.25,10817,0,Active
CC405504,C105504,TravelCard,139100.0,42177.24,96922.76,15959,499,Active
CC403616,C103616,TravelCard,405700.0,309210.81,96489.19,7546,0,Active
CC407546,C107546,CashbackCard,52000.0,15087.38,36912.62,13756,2999,Active
CC406773,C106773,SmartCard,238200.0,4335.52,233864.48,1433,2999,Active
CC408921,C108921,SmartCard,367900.0,90611.07,277288.93,8605,999,Active
CC401084,C101084,SmartCard,118100.0,23427.5,94672.5,10851,2999,Active
CC408384,C108384,StudentCard,138400.0,38493.42,99906.58,5653,2999,Active
CC408544,C108544,StudentCard,308300.0,201860.7,106439.3,2582,0,Active
CC407218,C107218,FuelCard,183900.0,136217.81,47682.19,8493,499,Active
CC407357,C107357,StudentCard,137200.0,5260.91,131939.09,4686,999,Active
CC404460,C104460,PremiumCard,22800.0,16603.16,6196.84,6932,499,Active
CC401883,C101883,PremiumCard,272400.0,5050.06,267349.94,15634,999,Active
CC402280,C102280,PremiumCard,491100.0,14992.66,476107.34,15854,999,Active
CC408013,C108013,TravelCard,68000.0,40575.62,27424.38,687,0,Active
CC408767,C108767,CashbackCard,289400.0,212684.05,76715.95,14075,499,Active
CC403100,C103100,SmartCard,146800.0,27056.99,119743.01,1979,2999,Active
CC400862,C100862,FuelCard,227200.0,107044.93,120155.07,2058,999,Active
CC401384,C101384,PremiumCard,132100.0,819.21,131280.79,9243,999,Active
CC403760,C103760,StudentCard,117800.0,24540.56,93259.44,18727,2999,Active
CC404062,C104062,PremiumCard,240200.0,26980.39,213219.61,16602,0,Active
CC401551,C101551,SmartCard,130500.0,53596.73,76903.27,890,499,Active
CC408854,C108854,CashbackCard,115300.0,52549.02,62750.98,12107,999,Active
CC405310,C105310,TravelCard,203100.0,27041.01,176058.99,9339,499,Active
CC402059,C102059,FuelCard,67900.0,3727.99,64172.01,8836,999,Active
CC400743,C100743,TravelCard,27200.0,21177.57,6022.43,3512,0,Active
CC406508,C106508,FuelCard,56600.0,2655.33,53944.67,16723,0,Active
CC407700,C107700,CashbackCard,132900.0,84774.75,48125.25,18865,499,Active
CC409460,C109460,FuelCard,264000.0,198155.32,65844.68,13008,499,Active
CC400817,C100817,CashbackCard,249200.0,172410.79,76789.21,5622,499,Active
CC407613,C107613,SmartCard,336600.0,222154.65,114445.35,1949,499,Active
CC404195,C104195,StudentCard,103000.0,5060.81,97939.19,5486,499,Active
CC407403,C107403,TravelCard,133600.0,908.41,132691.59,5010,0,Active
CC408344,C108344,PremiumCard,162500.0,56762.76,105737.24,4686,0,Active
CC400333,C100333,TravelCard,92000.0,30655.9,61344.1,813,499,Active
CC402914,C102914,PremiumCard,32000.0,14021.39,17978.61,16955,999,Active
CC404989,C104989,FuelCard,124000.0,90828.48,33171.52,5125,2999,Active
CC404868,C104868,StudentCard,112300.0,56199.83,56100.17,16017,499,Active
CC405754,C105754,TravelCard,406900.0,4715.38,402184.62,12274,0,Active
CC401674,C101674,TravelCard,387300.0,82921.93,304378.07,13017,999,Active
CC400982,C100982,FuelCard,68800.0,36475.63,32324.37,10494,2999,Active
CC404688,C104688,SmartCard,31200.0,10559.66,20640.34,12767,499,Active
CC408911,C108911,TravelCard,185400.0,74321.85,111078.15,17695,999,Active
CC408188,C108188,CashbackCard,203900.0,14577.58,189322.42,17726,499,Active
CC406009,C106009,SmartCard,22900.0,10610.47,12289.53,1394,2999,Active
CC407113,C107113,FuelCard,323900.0,5796.79,318103.21,4562,499,Active
CC400350,C100350,PremiumCard,41600.0,12107.74,29492.26,9302,2999,Active
CC404087,C104087,SmartCard,86100.0,2659.75,83440.25,19837,999,Active
CC400946,C100946,CashbackCard,170600.0,37611.8,132988.2,12652,999,Active
CC403746,C103746,FuelCard,120600.0,89122.85,31477.15,17819,2999,Active
CC401068,C101068,FuelCard,199400.0,68514.99,130885.01,12786,0,Active
CC405989,C105989,PremiumCard,37200.0,1537.71,35662.29,3266,999,Active
CC400050,C100050,StudentCard,362300.0,20013.8,342286.2,19167,0,Active
CC400913,C100913,TravelCard,108000.0,21912.31,86087.69,2017,999,Active
CC402004,C102004,PremiumCard,64900.0,23592.37,41307.63,14127,0,Active
CC404872,C104872,StudentCard,248800.0,63745.28,185054.72,5089,0,Active
CC406034,C106034,SmartCard,24300.0,10650.64,13649.36,5700,499,Active
CC406154,C106154,CashbackCard,74600.0,38937.89,35662.11,1299,2999,Active
CC408355,C108355,SmartCard,269100.0,129390.07,139709.93,12087,2999,Active
CC401973,C101973,CashbackCard,167700.0,74590.15,93109.85,10835,999,Active
CC409347,C109347,PremiumCard,58700.0,9155.43,49544.57,12858,2999,Active
CC408374,C108374,FuelCard,55100.0,19982.61,35117.39,4461,0,Active
CC406522,C106522,TravelCard,19900.0,8490.2,11409.8,2589,999,Active
CC400191,C100191,CashbackCard,451100.0,286256.33,164843.67,16596,2999,Active
CC400626,C100626,TravelCard,261500.0,69174.1,192325.9,17687,2999,Active
CC401216,C101216,StudentCard,290800.0,158262.77,132537.23,7688,0,Active
CC403291,C103291,FuelCard,44900.0,17083.03,27816.97,1562,0,Active
CC404595,C104595,CashbackCard,77300.0,28646.51,48653.49,716,499,Active
CC402577,C102577,SmartCard,107500.0,9541.34,97958.66,18506,499,Active
CC402954,C102954,FuelCard,50600.0,29429.6,21170.4,2232,499,Active
CC401206,C101206,TravelCard,63200.0,38659.04,24540.96,18329,999,Active
CC403333,C103333,FuelCard,190700.0,88885.27,101814.73,2687,999,Active
CC403569,C103569,TravelCard,62900.0,9236.08,53663.92,13168,499,Active
CC405880,C105880,TravelCard,121900.0,40227.24,81672.76,2,999,Active
CC403208,C103208,CashbackCard,166100.0,102186.63,63913.37,12197,2999,Active
CC403949,C103949,SmartCard,292700.0,215193.26,77506.74,6382,2999,Active
CC403822,C103822,TravelCard,150200.0,94085.44,56114.56,100,999,Active
CC407856,C107856,SmartCard,91500.0,15715.8,75784.2,13678,999,Active
CC409932,C109932,CashbackCard,74800.0,5899.95,68900.05,13234,0,Active
CC409293,C109293,CashbackCard,71200.0,17797.5,53402.5,5315,0,Active
CC404808,C104808,FuelCard,228100.0,154330.72,73769.28,8259,999,Active
CC401725,C101725,StudentCard,392000.0,250519.72,141480.28,11230,499,Active
CC402909,C102909,TravelCard,132000.0,92363.81,39636.19,6697,0,Active
CC407137,C107137,StudentCard,158100.0,120780.88,37319.12,15992,2999,Active
CC402230,C102230,FuelCard,136900.0,18211.92,118688.08,15366,0,Active
CC407886,C107886,FuelCard,123300.0,23723.11,99576.89,6467,499,Active
CC401654,C101654,CashbackCard,111300.0,76767.46,34532.54,6977,499,Active
CC403862,C103862,FuelCard,42400.0,27611.11,14788.89,17947,499,Active
CC405025,C105025,TravelCard,282900.0,134717.79,148182.21,3184,0,Active
CC407643,C107643,StudentCard,262200.0,148004.18,114195.82,326,0,Active
CC409662,C109662,StudentCard,135600.0,83125.93,52474.07,653,499,Active
CC400523,C100523,TravelCard,399600.0,295862.99,103737.01,19485,999,Active
CC400683,C100683,CashbackCard,121700.0,86865.11,34834.89,15987,499,Active
CC402886,C102886,SmartCard,247400.0,21624.13,225775.87,1409,2999,Active
CC406991,C106991,SmartCard,250800.0,168806.37,81993.63,1568,999,Active
CC406114,C106114,StudentCard,387400.0,189820.72,197579.28,1175,999,Active
CC408672,C108672,TravelCard,257900.0,91094.41,166805.59,10432,499,Active
CC401647,C101647,PremiumCard,201200.0,97246.54,103953.46,17361,0,Active
CC408802,C108802,FuelCard,148600.0,47285.55,101314.45,8670,999,Active
CC400763,C100763,FuelCard,48200.0,14510.55,33689.45,4342,0,Active
CC407149,C107149,FuelCard,146500.0,48452.13,98047.87,1424,2999,Active
CC407650,C107650,CashbackCard,146100.0,112173.14,33926.86,8278,999,Active
CC401482,C101482,SmartCard,50100.0,8320.99,41779.01,7327,2999,Active
CC406775,C106775,StudentCard,286200.0,57386.28,228813.72,6644,2999,Active
CC407172,C107172,PremiumCard,141400.0,80585.86,60814.14,3120,0,Active
CC408349,C108349,CashbackCard,521700.0,16021.26,505678.74,6121,2999,Active
CC400905,C100905,StudentCard,51600.0,22707.76,28892.24,7909,499,Active
CC400228,C100228,FuelCard,226800.0,146332.95,80467.05,15678,499,Active
CC402629,C102629,CashbackCard,109400.0,63538.75,45861.25,19980,2999,Active
CC407416,C107416,TravelCard,65400.0,5435.32,59964.68,3598,0,Active
CC402761,C102761,TravelCard,79000.0,26046.84,52953.16,16910,0,Active
CC405996,C105996,PremiumCard,230500.0,88910.86,141589.14,17771,999,Active
CC407562,C107562,SmartCard,207400.0,165292.99,42107.01,10818,499,Active
CC403425,C103425,CashbackCard,331900.0,101042.52,230857.48,10447,999,Active
CC408634,C108634,TravelCard,171500.0,49907.26,121592.74,3059,2999,Active
CC408340,C108340,CashbackCard,182200.0,125044.52,57155.48,15065,499,Active
CC401309,C101309,FuelCard,407500.0,231516.95,175983.05,17777,999,Active
CC406467,C106467,TravelCard,182800.0,57582.28,125217.72,265,499,Active
CC400063,C100063,TravelCard,241600.0,16464.67,225135.33,11417,499,Active
CC400713,C100713,FuelCard,156800.0,77492.46,79307.54,14192,2999,Active
CC406516,C106516,FuelCard,24600.0,2777.56,21822.44,1238,999,Active
CC405959,C105959,CashbackCard,115300.0,51181.53,64118.47,3639,2999,Active
CC401827,C101827,StudentCard,49800.0,12848.99,36951.01,16840,2999,Active
CC402209,C102209,TravelCard,69800.0,51824.63,17975.37,8202,0,Active
CC405075,C105075,SmartCard,348800.0,14989.25,333810.75,1062,999,Active
CC403866,C103866,SmartCard,110000.0,34178.54,75821.46,3076,499,Active
CC407363,C107363,PremiumCard,162600.0,47713.71,114886.29,867,0,Active
CC408142,C108142,TravelCard,236200.0,126135.43,110064.57,8506,0,Active
CC401013,C101013,FuelCard,169900.0,75527.58,94372.42,19170,0,Active
CC407079,C107079,FuelCard,177200.0,104045.85,73154.15,12099,499,Active
CC406184,C106184,TravelCard,250300.0,157710.57,92589.43,14206,0,Active
CC406419,C106419,TravelCard,40900.0,31819.57,9080.43,13864,2999,Active
CC405019,C105019,TravelCard,406200.0,50095.62,356104.38,12609,499,Active
CC401775,C101775,CashbackCard,144200.0,74025.33,70174.67,16591,2999,Active
CC406069,C106069,FuelCard,133600.0,79913.63,53686.37,10035,2999,Active
CC407325,C107325,SmartCard,117800.0,30177.86,87622.14,7807,999,Active
CC408008,C108008,PremiumCard,134600.0,57461.07,77138.93,7553,999,Active
CC403553,C103553,FuelCard,276000.0,57701.61,218298.39,4177,999,Active
CC406409,C106409,TravelCard,397300.0,115361.87,281938.13,16053,2999,Active
CC408245,C108245,FuelCard,37300.0,3939.9,33360.1,9838,999,Active
CC407288,C107288,StudentCard,28200.0,11617.79,16582.21,993,0,Active
CC407733,C107733,PremiumCard,53200.0,41043.01,12156.99,19214,499,Active
CC400741,C100741,StudentCard,283300.0,182804.45,100495.55,1782,2999,Active
CC402455,C102455,StudentCard,207200.0,80304.4,126895.6,9455,999,Active
CC400734,C100734,SmartCard,92200.0,7221.36,84978.64,12761,2999,Active
CC409481,C109481,CashbackCard,213500.0,88291.51,125208.49,17132,0,Active
CC404970,C104970,CashbackCard,233700.0,132344.15,101355.85,13525,2999,Active
CC400696,C100696,SmartCard,123500.0,30350.58,93149.42,7939,999,Active
CC407937,C107937,TravelCard,335000.0,22585.61,312414.39,10179,499,Active
CC406211,C106211,FuelCard,164800.0,492.09,164307.91,18004,999,Active
CC404103,C104103,CashbackCard,200900.0,65186.46,135713.54,17148,0,Active
CC402833,C102833,PremiumCard,378300.0,178981.56,199318.44,15864,499,Active
CC403840,C103840,FuelCard,169300.0,41043.02,128256.98,13731,499,Active
CC407086,C107086,TravelCard,87500.0,25367.43,62132.57,1464,0,Active
CC401143,C101143,SmartCard,287600.0,127684.91,159915.09,14871,499,Active
CC407891,C107891,CashbackCard,151600.0,72908.2,78691.8,5680,0,Active
CC406301,C106301,PremiumCard,84900.0,5593.41,79306.59,2334,2999,Active
CC406868,C106868,CashbackCard,263400.0,80668.42,182731.58,1555,2999,Active
CC403296,C103296,FuelCard,220900.0,39189.84,181710.16,3255,499,Active
CC409493,C109493,SmartCard,90500.0,67514.05,22985.95,6911,999,Active
CC406483,C106483,PremiumCard,215600.0,46060.96,169539.04,18501,999,Active
CC408084,C108084,TravelCard,343800.0,63812.49,279987.51,17211,0,Active
CC406874,C106874,StudentCard,105800.0,33055.94,72744.06,3459,999,Active
CC403734,C103734,TravelCard,179300.0,120641.55,58658.45,9527,999,Active
CC405892,C105892,TravelCard,25400.0,8140.12,17259.88,9642,999,Active
CC405997,C105997,FuelCard,143400.0,53141.06,90258.94,2368,999,Active
CC405338,C105338,PremiumCard,147600.0,19555.18,128044.82,9711,999,Active
CC404433,C104433,CashbackCard,99100.0,29396.3,69703.7,18821,999,Active
CC404041,C104041,TravelCard,206400.0,116886.64,89513.36,18332,999,Active
CC405088,C105088,StudentCard,173700.0,69392.15,104307.85,13293,2999,Active
CC400172,C100172,TravelCard,73700.0,48663.86,25036.14,12899,499,Active
CC404165,C104165,TravelCard,234800.0,124521.61,110278.39,12287,2999,Active
CC407952,C107952,SmartCard,350200.0,242409.73,107790.27,16926,499,Active
CC408748,C108748,FuelCard,250400.0,101620.64,148779.36,8612,499,Active
CC400609,C100609,TravelCard,450700.0,245620.25,205079.75,8340,2999,Active
CC408708,C108708,StudentCard,31200.0,22259.35,8940.65,17269,0,Active
CC408474,C108474,StudentCard,164000.0,102176.69,61823.31,7914,0,Active
CC405269,C105269,CashbackCard,451500.0,194532.93,256967.07,8393,499,Active
CC401733,C101733,TravelCard,149300.0,114353.37,34946.63,11266,0,Active
CC406016,C106016,CashbackCard,373300.0,154543.78,218756.22,6015,999,Active
CC404355,C104355,StudentCard,83500.0,23207.96,60292.04,12350,499,Active
CC403694,C103694,CashbackCard,279000.0,71010.37,207989.63,18505,2999,Active
CC408680,C108680,SmartCard,236600.0,99409.43,137190.57,1986,0,Active
CC402181,C102181,CashbackCard,360300.0,50865.58,309434.42,3241,0,Active
CC405744,C105744,StudentCard,62600.0,18018.91,44581.09,4792,999,Active
CC400842,C100842,CashbackCard,261000.0,125314.63,135685.37,6721,999,Active
CC403120,C103120,StudentCard,125600.0,7661.92,117938.08,6965,499,Active
CC409443,C109443,SmartCard,148600.0,9630.81,138969.19,10489,2999,Active
CC407316,C107316,TravelCard,225700.0,60806.34,164893.66,16082,0,Active
CC407427,C107427,StudentCard,29700.0,887.43,28812.57,15774,999,Active
CC408964,C108964,CashbackCard,187700.0,81782.82,105917.18,12447,499,Active
CC408532,C108532,CashbackCard,99300.0,75927.38,23372.62,9087,2999,Active
CC404205,C104205,PremiumCard,218000.0,83375.18,134624.82,18845,0,Active
CC408375,C108375,StudentCard,32300.0,8118.99,24181.01,716,999,Active
CC408396,C108396,SmartCard,90700.0,32629.97,58070.03,2238,0,Active
CC405994,C105994,StudentCard,97400.0,60466.07,36933.93,1779,0,Active
CC401745,C101745,StudentCard,316600.0,211789.01,104810.99,14266,499,Active
CC403270,C103270,PremiumCard,356200.0,107380.69,248819.31,15093,999,Active
CC402511,C102511,PremiumCard,257900.0,24811.62,233088.38,17860,999,Active
CC408034,C108034,SmartCard,301900.0,188935.19,112964.81,8040,2999,Active
CC401994,C101994,FuelCard,144900.0,91784.95,53115.05,17645,499,Active
CC404191,C104191,TravelCard,164600.0,131292.98,33307.02,17393,2999,Active
CC403673,C103673,CashbackCard,357600.0,86890.36,270709.64,11773,499,Active
CC401382,C101382,PremiumCard,272300.0,33248.6,239051.4,2974,999,Active
CC408504,C108504,PremiumCard,98500.0,38476.85,60023.15,8864,499,Active
CC408593,C108593,TravelCard,187700.0,91964.68,95735.32,8196,499,Active
CC407724,C107724,TravelCard,258200.0,106921.81,151278.19,1043,2999,Active
CC401769,C101769,PremiumCard,117100.0,74524.08,42575.92,13981,0,Active
CC406336,C106336,CashbackCard,271800.0,210219.47,61580.53,19304,499,Active
CC403562,C103562,CashbackCard,33900.0,22708.02,11191.98,7375,499,Active
CC403513,C103513,FuelCard,169500.0,126030.48,43469.52,15568,999,Active
CC403454,C103454,TravelCard,193300.0,147204.48,46095.52,5327,0,Active
CC401857,C101857,SmartCard,143900.0,54003.15,89896.85,14605,499,Active
CC401207,C101207,TravelCard,131800.0,93487.26,38312.74,2349,0,Active
CC403770,C103770,StudentCard,100800.0,28333.48,72466.52,8951,2999,Active
CC407964,C107964,StudentCard,147500.0,26202.46,121297.54,6951,499,Active
CC403608,C103608,SmartCard,260400.0,143621.36,116778.64,10489,999,Active
CC405635,C105635,SmartCard,124300.0,90974.69,33325.31,14466,999,Active
CC402482,C102482,FuelCard,189200.0,15798.47,173401.53,7335,0,Active
CC402215,C102215,PremiumCard,144800.0,1485.26,143314.74,10969,2999,Active
CC404759,C104759,SmartCard,132700.0,100259.77,32440.23,9634,999,Active
CC400598,C100598,StudentCard,296200.0,119189.15,177010.85,2879,999,Active
CC407601,C107601,CashbackCard,28100.0,2182.82,25917.18,16232,999,Active
CC407968,C107968,StudentCard,202100.0,118575.05,83524.95,16840,2999,Active
CC404436,C104436,TravelCard,313200.0,92197.1,221002.9,5277,2999,Active
CC404366,C104366,PremiumCard,165600.0,114111.27,51488.73,13417,999,Active
CC406240,C106240,CashbackCard,170100.0,127697.99,42402.01,4001,0,Active
CC401157,C101157,TravelCard,121800.0,62971.35,58828.65,7195,0,Active
CC409940,C109940,StudentCard,90000.0,1336.47,88663.53,13501,2999,Active
CC407326,C107326,SmartCard,184200.0,94959.04,89240.96,7799,999,Active
CC404457,C104457,FuelCard,60200.0,5451.12,54748.88,17367,999,Active
CC402326,C102326,CashbackCard,85500.0,26024.94,59475.06,4296,999,Active
CC407999,C107999,FuelCard,154600.0,68109.88,86490.12,2217,999,Active
CC403740,C103740,FuelCard,130400.0,78765.32,51634.68,10235,499,Active
CC408449,C108449,SmartCard,288900.0,65843.29,223056.71,5360,499,Active
CC405336,C105336,SmartCard,398400.0,89889.97,308510.03,1604,0,Active
CC402893,C102893,PremiumCard,245500.0,35528.15,209971.85,19857,499,Active
CC408102,C108102,CashbackCard,139500.0,11148.99,128351.01,4099,499,Active
CC403452,C103452,SmartCard,106000.0,53052.73,52947.27,15289,499,Active
CC408863,C108863,StudentCard,293500.0,98680.82,194819.18,12092,499,Active
CC400263,C100263,SmartCard,84400.0,24246.14,60153.86,6493,499,Active
CC404134,C104134,PremiumCard,219300.0,112059.05,107240.95,1709,499,Active
CC405214,C105214,SmartCard,259000.0,129379.55,129620.45,2000,2999,Active
CC402796,C102796,SmartCard,242700.0,87418.42,155281.58,943,0,Active
CC400069,C100069,FuelCard,103000.0,63272.74,39727.26,7439,2999,Active
CC402385,C102385,FuelCard,132200.0,1927.24,130272.76,7871,499,Active
CC401355,C101355,TravelCard,54900.0,7551.38,47348.62,13180,0,Active
CC405855,C105855,PremiumCard,188100.0,45293.14,142806.86,9784,499,Active
CC403313,C103313,StudentCard,275900.0,12613.61,263286.39,3898,999,Active
CC402666,C102666,PremiumCard,166800.0,19296.3,147503.7,5480,499,Active
CC401116,C101116,FuelCard,206700.0,66013.3,140686.7,5872,999,Active
CC407184,C107184,SmartCard,232800.0,15344.21,217455.79,13509,2999,Active
CC404587,C104587,FuelCard,261900.0,45477.42,216422.58,4293,0,Active
CC400393,C100393,CashbackCard,101700.0,62957.13,38742.87,11643,2999,Active
CC401944,C101944,SmartCard,210000.0,121278.09,88721.91,14165,999,Active
CC402430,C102430,FuelCard,95900.0,65137.4,30762.6,2166,0,Active
CC406434,C106434,CashbackCard,182200.0,50255.32,131944.68,15724,2999,Active
CC406096,C106096,FuelCard,138800.0,56438.37,82361.63,13069,2999,Active
CC409654,C109654,TravelCard,251500.0,1912.99,249587.01,4473,2999,Active
CC408328,C108328,TravelCard,118000.0,72620.74,45379.26,16577,0,Active
CC400357,C100357,SmartCard,123000.0,92339.15,30660.85,8787,499,Active
CC407895,C107895,FuelCard,138300.0,90137.34,48162.66,1169,499,Active
CC403504,C103504,FuelCard,248200.0,141955.8,106244.2,17092,499,Active
CC400979,C100979,PremiumCard,299500.0,199838.62,99661.38,3960,499,Active
CC400247,C100247,FuelCard,117700.0,77044.2,40655.8,13684,0,Active
CC400381,C100381,StudentCard,235100.0,96687.91,138412.09,948,999,Active
CC402389,C102389,SmartCard,304200.0,220127.0,84073.0,7140,0,Active
CC403357,C103357,SmartCard,301600.0,240523.71,61076.29,19879,499,Active
CC408108,C108108,TravelCard,85300.0,47283.83,38016.17,5563,0,Active
CC406163,C106163,StudentCard,21800.0,6248.79,15551.21,11560,0,Active
CC403206,C103206,TravelCard,201400.0,111322.5,90077.5,507,999,Active
CC403280,C103280,SmartCard,143200.0,39338.49,103861.51,15531,2999,Active
CC403456,C103456,CashbackCard,185600.0,129166.69,56433.31,5643,2999,Active
CC402208,C102208,SmartCard,106700.0,30601.79,76098.21,8397,2999,Active
CC402883,C102883,CashbackCard,313700.0,188423.5,125276.5,68,499,Active
CC405351,C105351,SmartCard,168600.0,54684.34,113915.66,15193,999,Active
CC402342,C102342,PremiumCard,44300.0,10645.07,33654.93,9798,499,Active
CC404067,C104067,SmartCard,120400.0,19674.24,100725.76,8534,499,Active
CC404658,C104658,SmartCard,57900.0,30559.38,27340.62,6439,0,Active
CC401536,C101536,CashbackCard,228300.0,73915.01,154384.99,2499,999,Active
CC401286,C101286,FuelCard,135700.0,5439.99,130260.01,13761,499,Active
CC408704,C108704,CashbackCard,71700.0,24769.06,46930.94,11053,2999,Active
CC401434,C101434,FuelCard,303200.0,55563.82,247636.18,7933,499,Active
CC407428,C107428,SmartCard,120600.0,6363.3,114236.7,4963,0,Active
CC406650,C106650,TravelCard,339000.0,101802.57,237197.43,279,0,Active
CC404815,C104815,SmartCard,38400.0,5656.13,32743.87,5217,499,Active
CC401558,C101558,PremiumCard,73800.0,37289.71,36510.29,9736,999,Active
CC407619,C107619,StudentCard,224000.0,26386.57,197613.43,7348,0,Active
CC404473,C104473,PremiumCard,124300.0,9649.02,114650.98,6741,0,Active
CC408931,C108931,SmartCard,189300.0,140773.26,48526.74,9042,999,Active
CC402359,C102359,FuelCard,302800.0,201864.75,100935.25,6924,499,Active
CC401202,C101202,SmartCard,423700.0,87587.95,336112.05,18211,0,Active
CC402294,C102294,CashbackCard,331500.0,167579.29,163920.71,2264,499,Active
CC401797,C101797,SmartCard,165100.0,57584.53,107515.47,18443,499,Active
CC407198,C107198,StudentCard,203400.0,141198.21,62201.79,17739,999,Active
CC402928,C102928,CashbackCard,287200.0,60991.28,226208.72,11659,499,Active
CC401289,C101289,CashbackCard,28100.0,13345.38,14754.62,18217,499,Active
CC408659,C108659,FuelCard,250300.0,55236.11,195063.89,5919,0,Active
CC409516,C109516,FuelCard,198200.0,82932.16,115267.84,3453,2999,Active
CC406851,C106851,PremiumCard,371600.0,110939.41,260660.59,7244,2999,Active
CC402613,C102613,StudentCard,72000.0,19551.35,52448.65,12507,499,Active
CC401164,C101164,FuelCard,62600.0,37187.53,25412.47,13616,499,Active
CC409189,C109189,PremiumCard,172600.0,38264.11,134335.89,2782,2999,Active
CC407367,C107367,CashbackCard,134400.0,106117.39,28282.61,5654,2999,Active
CC407506,C107506,StudentCard,238900.0,155337.95,83562.05,19909,999,Active
CC408457,C108457,SmartCard,135100.0,81104.41,53995.59,16942,499,Active
CC400439,C100439,FuelCard,82700.0,64283.81,18416.19,19176,999,Active
CC406739,C106739,CashbackCard,524400.0,231860.84,292539.16,950,2999,Active
CC402949,C102949,StudentCard,42400.0,18202.44,24197.56,7575,499,Active
CC408891,C108891,TravelCard,39600.0,30065.08,9534.92,10286,2999,Active
CC407969,C107969,TravelCard,121300.0,6172.33,115127.67,17772,0,Active
CC402449,C102449,CashbackCard,105000.0,18661.93,86338.07,10934,2999,Active
CC403380,C103380,PremiumCard,202800.0,141732.16,61067.84,19115,999,Active
CC403393,C103393,FuelCard,165500.0,88350.63,77149.37,4721,2999,Active
CC406997,C106997,SmartCard,337100.0,201196.21,135903.79,7349,0,Active
CC401567,C101567,StudentCard,149600.0,77567.18,72032.82,10782,499,Active
CC402065,C102065,FuelCard,60600.0,23400.61,37199.39,9127,999,Active
CC402781,C102781,StudentCard,99300.0,9179.67,90120.33,7464,0,Active
CC400456,C100456,CashbackCard,85100.0,17678.27,67421.73,15147,0,Active
CC400893,C100893,SmartCard,202700.0,67006.58,135693.42,16090,999,Active
CC400837,C100837,TravelCard,50800.0,16207.84,34592.16,6717,0,Active
CC401446,C101446,TravelCard,248100.0,191852.73,56247.27,9600,999,Active
CC400985,C100985,TravelCard,82600.0,34594.33,48005.67,3378,0,Active
CC404261,C104261,PremiumCard,427200.0,218758.28,208441.72,13772,999,Active
CC406971,C106971,SmartCard,200700.0,80622.66,120077.34,15049,2999,Active
CC407220,C107220,PremiumCard,267200.0,96760.21,170439.79,10058,999,Active
CC407256,C107256,SmartCard,89200.0,48588.2,40611.8,13945,499,Active
CC407675,C107675,FuelCard,64600.0,26264.59,38335.41,210,499,Active
CC409309,C109309,PremiumCard,252100.0,132666.11,119433.89,15866,0,Active
CC408430,C108430,FuelCard,93600.0,29237.19,64362.81,12087,999,Active
CC406795,C106795,TravelCard,456200.0,212079.31,244120.69,2512,2999,Active
CC400096,C100096,FuelCard,100400.0,67229.73,33170.27,16162,999,Active
CC401349,C101349,PremiumCard,103200.0,29621.23,73578.77,13014,2999,Active
CC408302,C108302,StudentCard,120500.0,40837.74,79662.26,6794,499,Active
CC402201,C102201,TravelCard,66700.0,52686.55,14013.45,4124,2999,Active
CC408132,C108132,SmartCard,119200.0,18839.34,100360.66,6576,0,Active
CC405195,C105195,PremiumCard,39000.0,27079.7,11920.3,14880,0,Active
CC401584,C101584,TravelCard,142600.0,85928.78,56671.22,16151,2999,Active
CC400502,C100502,StudentCard,256100.0,155185.85,100914.15,17869,2999,Active
CC406567,C106567,FuelCard,444900.0,88142.09,356757.91,6186,2999,Active
CC404126,C104126,SmartCard,323800.0,70308.8,253491.2,19425,999,Active
CC408345,C108345,FuelCard,157200.0,92657.52,64542.48,12259,999,Active
CC406734,C106734,SmartCard,169900.0,83619.87,86280.13,6578,0,Active
CC408940,C108940,CashbackCard,129700.0,80000.5,49699.5,19223,499,Active
CC409153,C109153,FuelCard,117200.0,85133.35,32066.65,17793,2999,Active
CC406272,C106272,CashbackCard,242000.0,181614.21,60385.79,17157,999,Active
CC408555,C108555,CashbackCard,71100.0,7860.37,63239.63,14169,0,Active
CC404836,C104836,SmartCard,285800.0,131558.83,154241.17,1561,999,Active
CC409311,C109311,FuelCard,206200.0,50360.22,155839.78,15110,2999,Active
CC405586,C105586,CashbackCard,135900.0,88111.28,47788.72,14193,999,Active
CC409587,C109587,SmartCard,201300.0,72175.82,129124.18,19459,999,Active
CC408661,C108661,PremiumCard,123900.0,65849.84,58050.16,12173,2999,Active
CC407532,C107532,StudentCard,131900.0,12390.51,119509.49,824,2999,Active
CC405211,C105211,FuelCard,245000.0,20443.68,224556.32,14978,499,Active
CC401785,C101785,FuelCard,255600.0,57818.87,197781.13,10735,2999,Active
CC404129,C104129,PremiumCard,149300.0,24071.39,125228.61,10048,999,Active
CC405464,C105464,FuelCard,90200.0,23854.8,66345.2,7034,999,Active
CC400310,C100310,CashbackCard,193300.0,21788.25,171511.75,5130,499,Active
CC402088,C102088,StudentCard,145500.0,23027.96,122472.04,11524,2999,Active
CC403213,C103213,SmartCard,297400.0,77238.88,220161.12,18688,999,Active
CC404211,C104211,FuelCard,176000.0,108776.66,67223.34,13290,499,Active
CC403093,C103093,CashbackCard,41200.0,12175.06,29024.94,13218,499,Active
CC408031,C108031,SmartCard,194000.0,129673.15,64326.85,3092,2999,Active
CC403290,C103290,StudentCard,199800.0,30589.72,169210.28,3130,999,Active
CC405475,C105475,PremiumCard,192800.0,29154.63,163645.37,613,999,Active
CC408443,C108443,StudentCard,111700.0,69991.24,41708.76,11890,999,Active
CC400139,C100139,PremiumCard,167500.0,49750.99,117749.01,3588,999,Active
CC401736,C101736,CashbackCard,124800.0,99487.25,25312.75,11801,999,Active
CC408568,C108568,SmartCard,173100.0,55285.47,117814.53,8691,999,Active
CC409312,C109312,PremiumCard,162600.0,73149.72,89450.28,1331,999,Active
CC409077,C109077,TravelCard,49400.0,34959.3,14440.7,10489,999,Active
CC407575,C107575,FuelCard,117200.0,6831.84,110368.16,7139,2999,Active
CC404084,C104084,StudentCard,178400.0,133987.7,44412.3,6460,2999,Active
CC404753,C104753,TravelCard,246600.0,67434.8,179165.2,14148,499,Active
CC400209,C100209,SmartCard,122900.0,95608.02,27291.98,7382,499,Active
CC405447,C105447,PremiumCard,216200.0,133637.89,82562.11,5889,2999,Active
CC403238,C103238,TravelCard,357900.0,43166.52,314733.48,11467,0,Active
CC405658,C105658,PremiumCard,186200.0,114809.37,71390.63,5736,0,Active
CC408094,C108094,StudentCard,245900.0,160137.03,85762.97,778,499,Active
CC401161,C101161,SmartCard,92600.0,55366.72,37233.28,8979,999,Active
CC401703,C101703,SmartCard,159300.0,64658.6,94641.4,17394,499,Active
CC403321,C103321,PremiumCard,114700.0,1780.77,112919.23,7230,999,Active
CC403995,C103995,FuelCard,69300.0,50948.09,18351.91,6416,2999,Active
CC401974,C101974,SmartCard,80900.0,47885.44,33014.56,16753,999,Active
CC400736,C100736,SmartCard,262700.0,42499.58,220200.42,10446,999,Active
CC409067,C109067,CashbackCard,173700.0,85179.45,88520.55,3411,2999,Active
CC404634,C104634,PremiumCard,311300.0,103095.68,208204.32,6053,999,Active
CC409118,C109118,PremiumCard,189100.0,25635.4,163464.6,7558,499,Active
CC406562,C106562,TravelCard,342400.0,129027.59,213372.41,15705,999,Active
CC405916,C105916,FuelCard,156900.0,95654.3,61245.7,8941,499,Active
CC405059,C105059,FuelCard,153600.0,106357.28,47242.72,3926,499,Active
CC407591,C107591,PremiumCard,70800.0,36492.64,34307.36,7863,499,Active
CC408492,C108492,SmartCard,214400.0,28250.36,186149.64,9569,0,Active
CC401651,C101651,SmartCard,96800.0,32722.16,64077.84,15065,0,Active
CC401240,C101240,CashbackCard,86400.0,68969.25,17430.75,17089,499,Active
CC400370,C100370,SmartCard,101600.0,6618.86,94981.14,18120,0,Active
CC401107,C101107,TravelCard,365400.0,103593.83,261806.17,17366,499,Active
CC409429,C109429,TravelCard,351600.0,98245.75,253354.25,17803,0,Active
CC400473,C100473,StudentCard,255600.0,169643.37,85956.63,728,999,Active
CC400395,C100395,CashbackCard,356000.0,209974.73,146025.27,6650,2999,Active
CC407960,C107960,StudentCard,27400.0,10255.93,17144.07,13317,2999,Active
CC404862,C104862,CashbackCard,129000.0,70331.22,58668.78,6438,0,Active
CC406634,C106634,SmartCard,222300.0,114282.32,108017.68,16058,999,Active
CC401484,C101484,SmartCard,25900.0,14553.23,11346.77,14570,2999,Active
CC408307,C108307,TravelCard,94500.0,15940.27,78559.73,3122,0,Active
CC407214,C107214,FuelCard,149700.0,114941.21,34758.79,13552,2999,Active
CC402477,C102477,CashbackCard,160700.0,105460.36,55239.64,497,999,Active
CC404061,C104061,TravelCard,28700.0,20566.21,8133.79,191,999,Active
CC409315,C109315,PremiumCard,246300.0,169491.53,76808.47,13632,2999,Active
CC401985,C101985,StudentCard,186900.0,57140.21,129759.79,2194,2999,Active
CC408523,C108523,SmartCard,298300.0,113114.41,185185.59,18743,499,Active
CC404567,C104567,TravelCard,262800.0,205229.95,57570.05,3658,0,Active
CC405167,C105167,CashbackCard,197900.0,496.92,197403.08,1278,499,Active
CC402967,C102967,StudentCard,107600.0,37963.65,69636.35,18113,2999,Active
CC400768,C100768,CashbackCard,111500.0,86867.66,24632.34,5449,999,Active
CC405770,C105770,StudentCard,156500.0,21784.25,134715.75,16450,0,Active
CC405042,C105042,CashbackCard,307100.0,86784.59,220315.41,19034,2999,Active
CC407765,C107765,PremiumCard,171100.0,83000.79,88099.21,18979,2999,Active
CC401039,C101039,FuelCard,183200.0,87479.25,95720.75,14342,0,Active
CC400778,C100778,FuelCard,131700.0,60381.85,71318.15,3093,499,Active
CC402804,C102804,PremiumCard,110700.0,47033.92,63666.08,12621,0,Active
CC400141,C100141,CashbackCard,99600.0,41061.71,58538.29,5193,0,Active
CC400125,C100125,SmartCard,151000.0,31567.66,119432.34,11464,999,Active
CC401917,C101917,PremiumCard,163600.0,109354.29,54245.71,3383,0,Active
CC409377,C109377,FuelCard,207800.0,51832.07,155967.93,19102,2999,Active
CC400427,C100427,SmartCard,200100.0,32339.93,167760.07,9089,2999,Active
CC408431,C108431,TravelCard,118900.0,45250.65,73649.35,5468,2999,Active
CC404938,C104938,SmartCard,120500.0,23317.8,97182.2,7274,499,Active
CC407391,C107391,TravelCard,156600.0,38932.84,117667.16,7884,2999,Active
CC406770,C106770,TravelCard,166600.0,21906.3,144693.7,11373,0,Active
CC404749,C104749,CashbackCard,155600.0,86676.71,68923.29,17368,2999,Active
CC407536,C107536,FuelCard,132000.0,50184.6,81815.4,9786,999,Active
CC401798,C101798,FuelCard,156500.0,61477.57,95022.43,8988,0,Active
CC408380,C108380,FuelCard,135400.0,98409.8,36990.2,8640,999,Active
CC409266,C109266,TravelCard,107700.0,6478.81,101221.19,13203,2999,Active
CC409946,C109946,StudentCard,109200.0,21292.04,87907.96,16926,2999,Active
CC406938,C106938,TravelCard,103200.0,3881.41,99318.59,10899,0,Active
CC401257,C101257,CashbackCard,131100.0,73512.05,57587.95,3744,499,Active
CC409624,C109624,FuelCard,79700.0,34842.6,44857.4,13744,2999,Active
CC404426,C104426,StudentCard,73100.0,5053.58,68046.42,9142,2999,Active
CC405424,C105424,TravelCard,281200.0,68669.39,212530.61,17051,499,Active
CC400029,C100029,CashbackCard,218000.0,137162.29,80837.71,9735,499,Active
CC401241,C101241,SmartCard,243500.0,21254.37,222245.63,2772,499,Active
CC406092,C106092,TravelCard,328200.0,113974.33,214225.67,15561,0,Active
CC407945,C107945,TravelCard,196300.0,97926.31,98373.69,6228,0,Active
CC404727,C104727,CashbackCard,128000.0,86473.44,41526.56,11016,499,Active
CC409030,C109030,TravelCard,197900.0,59406.28,138493.72,17599,999,Active
CC400056,C100056,TravelCard,126900.0,66622.28,60277.72,1921,499,Active
CC401529,C101529,PremiumCard,148200.0,8662.72,139537.28,15472,2999,Active
CC404983,C104983,StudentCard,138900.0,42773.45,96126.55,13067,999,Active
CC402459,C102459,SmartCard,187400.0,23488.78,163911.22,1420,0,Active
CC400076,C100076,SmartCard,106600.0,3656.67,102943.33,4642,2999,Active
CC409839,C109839,SmartCard,144500.0,19470.21,125029.79,14285,0,Active
CC402736,C102736,FuelCard,134700.0,77001.73,57698.27,8668,0,Active
CC401834,C101834,SmartCard,297900.0,77314.9,220585.1,14817,0,Active
CC406156,C106156,StudentCard,13300.0,77.73,13222.27,15917,999,Active
CC408138,C108138,TravelCard,124700.0,24503.76,100196.24,662,2999,Active
CC401920,C101920,SmartCard,127600.0,101931.46,25668.54,13940,999,Active
CC407521,C107521,PremiumCard,219400.0,125687.72,93712.28,12885,999,Active
CC406175,C106175,StudentCard,126500.0,797.0,125703.0,2581,499,Active
CC400374,C100374,CashbackCard,73500.0,24959.08,48540.92,13793,999,Active
CC401180,C101180,CashbackCard,103200.0,26405.2,76794.8,18914,0,Active
CC402000,C102000,StudentCard,218700.0,80180.81,138519.19,3273,499,Active
CC402983,C102983,StudentCard,174300.0,123689.15,50610.85,4932,499,Active
CC403930,C103930,CashbackCard,224400.0,75640.67,148759.33,7851,999,Active
CC406503,C106503,FuelCard,87100.0,66273.73,20826.27,17032,0,Active
CC408524,C108524,SmartCard,164700.0,74664.94,90035.06,16806,2999,Active
CC403269,C103269,PremiumCard,130500.0,51619.09,78880.91,16214,499,Active
CC405070,C105070,StudentCard,246900.0,140990.06,105909.94,2422,2999,Active
CC405375,C105375,CashbackCard,155000.0,105238.81,49761.19,9513,999,Active
CC400287,C100287,PremiumCard,90200.0,28754.44,61445.56,8019,499,Active
CC408098,C108098,SmartCard,90500.0,66323.92,24176.08,12797,2999,Active
CC404902,C104902,StudentCard,282200.0,6812.28,275387.72,12735,2999,Active
CC407173,C107173,FuelCard,87600.0,68637.24,18962.76,10947,2999,Active
CC402192,C102192,PremiumCard,288500.0,122517.71,165982.29,2072,2999,Active
CC400205,C100205,FuelCard,211200.0,117203.31,93996.69,4971,0,Active
CC407251,C107251,StudentCard,143700.0,36984.29,106715.71,16204,0,Active
CC404140,C104140,TravelCard,336000.0,191539.33,144460.67,10049,0,Active
CC407738,C107738,PremiumCard,280400.0,197690.25,82709.75,3871,0,Active
CC402495,C102495,CashbackCard,282100.0,149047.22,133052.78,5090,2999,Active
CC404575,C104575,PremiumCard,399900.0,236689.55,163210.45,12418,0,Active
CC406131,C106131,CashbackCard,98800.0,40625.21,58174.79,19024,499,Active
CC407202,C107202,StudentCard,221900.0,80960.22,140939.78,6698,999,Active
CC400482,C100482,CashbackCard,53800.0,37593.0,16207.0,2233,499,Active
CC405706,C105706,CashbackCard,55700.0,36872.64,18827.36,5315,2999,Active
CC409607,C109607,CashbackCard,158700.0,3224.84,155475.16,2393,999,Active
CC406836,C106836,PremiumCard,130500.0,82195.24,48304.76,560,0,Active
CC405909,C105909,CashbackCard,39100.0,17829.87,21270.13,3682,499,Active
CC408882,C108882,StudentCard,191600.0,140691.2,50908.8,7655,999,Active
CC405465,C105465,StudentCard,34800.0,13980.25,20819.75,5957,2999,Active
CC407693,C107693,TravelCard,159700.0,81680.67,78019.33,5141,999,Active
CC403318,C103318,SmartCard,134400.0,76523.53,57876.47,4818,499,Active
CC407749,C107749,TravelCard,208400.0,10486.03,197913.97,17675,999,Active
CC404598,C104598,CashbackCard,310900.0,112485.21,198414.79,18334,2999,Active
CC406700,C106700,FuelCard,240300.0,149310.73,90989.27,2508,499,Active
CC408679,C108679,PremiumCard,226100.0,10732.6,215367.4,15813,2999,Active
CC405118,C105118,FuelCard,300900.0,93571.44,207328.56,15898,499,Active
CC400028,C100028,StudentCard,318300.0,149540.79,168759.21,6489,999,Active
CC402694,C102694,CashbackCard,270400.0,75181.12,195218.88,3118,999,Active
CC409840,C109840,StudentCard,263900.0,153592.94,110307.06,4234,2999,Active
CC407026,C107026,CashbackCard,41300.0,14061.72,27238.28,16737,2999,Active
CC402934,C102934,FuelCard,230600.0,170040.68,60559.32,18180,999,Active
CC409833,C109833,CashbackCard,202500.0,23105.44,179394.56,3670,999,Active
CC405306,C105306,CashbackCard,107700.0,4168.93,103531.07,10637,999,Active
CC404540,C104540,SmartCard,174500.0,133296.48,41203.52,6656,999,Active
CC402200,C102200,TravelCard,90300.0,29321.65,60978.35,10326,2999,Active
CC406256,C106256,TravelCard,231700.0,113826.62,117873.38,11692,0,Active
CC409622,C109622,FuelCard,49300.0,30666.44,18633.56,6204,0,Active
CC401441,C101441,TravelCard,40300.0,8686.54,31613.46,4720,499,Active
CC403234,C103234,PremiumCard,43000.0,21329.91,21670.09,9886,2999,Active
CC406521,C106521,SmartCard,117400.0,31480.28,85919.72,303,999,Active
CC400998,C100998,TravelCard,82200.0,23139.49,59060.51,11021,999,Active
CC409861,C109861,FuelCard,188800.0,32806.43,155993.57,13192,2999,Active
CC406983,C106983,CashbackCard,205200.0,24760.91,180439.09,2774,0,Active
CC407637,C107637,TravelCard,105700.0,67269.78,38430.22,19456,999,Active
CC401489,C101489,TravelCard,127700.0,59585.05,68114.95,16444,499,Active
CC408671,C108671,TravelCard,25900.0,6946.75,18953.25,8661,2999,Active
CC407662,C107662,CashbackCard,74000.0,1696.81,72303.19,15799,2999,Active
CC400158,C100158,PremiumCard,118100.0,52473.85,65626.15,598,0,Active
CC403766,C103766,PremiumCard,165700.0,4641.83,161058.17,16962,0,Active
CC404367,C104367,TravelCard,193900.0,65192.31,128707.69,12439,499,Active
CC407989,C107989,StudentCard,177600.0,113568.44,64031.56,2246,2999,Active
CC405137,C105137,SmartCard,231500.0,108828.78,122671.22,7642,2999,Active
CC407736,C107736,SmartCard,52100.0,24260.77,27839.23,13721,999,Active
CC409452,C109452,TravelCard,141100.0,58745.18,82354.82,8463,2999,Active
CC400494,C100494,TravelCard,27500.0,4732.21,22767.79,6723,499,Active
CC402616,C102616,StudentCard,289000.0,216914.12,72085.88,13064,0,Active
CC405202,C105202,SmartCard,96300.0,26250.13,70049.87,12288,2999,Active
CC409268,C109268,SmartCard,325600.0,160336.06,165263.94,10778,999,Active
CC400242,C100242,SmartCard,167300.0,133095.4,34204.6,7024,499,Active
CC405332,C105332,StudentCard,120100.0,46391.68,73708.32,3953,2999,Active
CC409363,C109363,SmartCard,202500.0,64578.23,137921.77,12958,2999,Active
CC403204,C103204,PremiumCard,188500.0,114640.52,73859.48,8451,999,Active
CC407604,C107604,PremiumCard,198200.0,56640.17,141559.83,2943,2999,Active
CC403969,C103969,CashbackCard,188400.0,85834.81,102565.19,6128,499,Active
CC403527,C103527,SmartCard,157300.0,102937.08,54362.92,4857,999,Active
CC403087,C103087,TravelCard,101300.0,1317.92,99982.08,18427,499,Active
CC402219,C102219,CashbackCard,300400.0,215369.43,85030.57,9179,499,Active
CC409625,C109625,SmartCard,235700.0,51443.78,184256.22,1428,0,Active
CC406784,C106784,FuelCard,215200.0,82536.4,132663.6,15169,499,Active
CC408243,C108243,FuelCard,100400.0,58496.01,41903.99,2875,2999,Active
CC406445,C106445,TravelCard,125800.0,58388.82,67411.18,2130,0,Active
CC407956,C107956,FuelCard,107600.0,30931.77,76668.23,4031,999,Active
CC404449,C104449,CashbackCard,78100.0,21761.58,56338.42,14222,0,Active
CC401722,C101722,StudentCard,356700.0,48880.62,307819.38,11533,2999,Active
CC407709,C107709,FuelCard,128600.0,82949.06,45650.94,17614,0,Active
CC403727,C103727,CashbackCard,244700.0,75550.87,169149.13,18538,999,Active
CC401668,C101668,FuelCard,303600.0,176846.28,126753.72,4608,499,Active
CC401139,C101139,SmartCard,203000.0,7103.99,195896.01,13944,0,Active
CC407083,C107083,FuelCard,314200.0,38993.14,275206.86,15500,499,Active
CC400595,C100595,StudentCard,271600.0,177809.88,93790.12,1991,499,Active
CC408665,C108665,PremiumCard,119100.0,24153.37,94946.63,15928,2999,Active
CC400782,C100782,FuelCard,69600.0,1504.77,68095.23,5410,999,Active
CC409850,C109850,PremiumCard,121000.0,56629.62,64370.38,18093,0,Active
CC402078,C102078,SmartCard,259900.0,39745.32,220154.68,12060,999,Active
CC406550,C106550,StudentCard,112300.0,13874.5,98425.5,5024,999,Active
CC403794,C103794,SmartCard,196200.0,29363.23,166836.77,16923,999,Active
CC409217,C109217,StudentCard,276400.0,199878.43,76521.57,4585,2999,Active
CC405620,C105620,FuelCard,144700.0,88427.06,56272.94,758,999,Active
CC403274,C103274,StudentCard,214600.0,59697.7,154902.3,14564,499,Active
CC404769,C104769,SmartCard,134100.0,47677.1,86422.9,13785,499,Active
CC400234,C100234,CashbackCard,143000.0,33697.83,109302.17,6702,2999,Active
CC409672,C109672,SmartCard,262500.0,147095.42,115404.58,18921,999,Active
CC405865,C105865,PremiumCard,168600.0,104741.79,63858.21,9624,2999,Active
CC403013,C103013,StudentCard,237100.0,9285.5,227814.5,11010,999,Active
CC401557,C101557,TravelCard,150800.0,59986.44,90813.56,10676,499,Active
CC405273,C105273,TravelCard,386900.0,28151.73,358748.27,2462,2999,Active
CC409464,C109464,TravelCard,185100.0,132968.99,52131.01,6581,2999,Active
CC404813,C104813,TravelCard,232600.0,2520.1,230079.9,13825,999,Active
CC408904,C108904,CashbackCard,146100.0,103051.97,43048.03,9363,499,Active
CC409254,C109254,PremiumCard,38100.0,3753.67,34346.33,4258,0,Active
CC400981,C100981,StudentCard,273200.0,166773.36,106426.64,7048,499,Active
CC400532,C100532,StudentCard,115100.0,75804.93,39295.07,15880,0,Active
CC403463,C103463,SmartCard,136200.0,78107.79,58092.21,8723,499,Active
CC407784,C107784,SmartCard,164000.0,113899.82,50100.18,19701,499,Active
CC400433,C100433,StudentCard,258800.0,74516.6,184283.4,8386,0,Active
CC402592,C102592,PremiumCard,94300.0,35681.27,58618.73,6947,0,Active
CC409419,C109419,StudentCard,98400.0,45953.76,52446.24,3956,499,Active
CC403460,C103460,TravelCard,55500.0,34682.21,20817.79,12462,999,Active
CC405554,C105554,StudentCard,123300.0,20166.87,103133.13,8599,2999,Active
CC401646,C101646,StudentCard,104300.0,18935.04,85364.96,4525,0,Active
CC403096,C103096,PremiumCard,215300.0,12071.35,203228.65,19147,999,Active
CC402211,C102211,FuelCard,63400.0,34869.08,28530.92,14176,999,Active
CC401424,C101424,FuelCard,231900.0,136627.26,95272.74,15017,999,Active
CC408428,C108428,PremiumCard,143100.0,85150.12,57949.88,12546,2999,Active
CC400521,C100521,FuelCard,118900.0,34208.84,84691.16,7213,999,Active
CC409563,C109563,TravelCard,85800.0,19650.04,66149.96,3839,2999,Active
CC404680,C104680,TravelCard,206800.0,59473.11,147326.89,3127,999,Active
CC402538,C102538,FuelCard,260900.0,97086.02,163813.98,15351,499,Active
CC409124,C109124,SmartCard,232100.0,27914.18,204185.82,6932,0,Active
CC405154,C105154,TravelCard,122400.0,4325.09,118074.91,6877,0,Active
CC401225,C101225,SmartCard,201300.0,123271.3,78028.7,14633,0,Active
CC404079,C104079,SmartCard,271200.0,173217.8,97982.2,19701,499,Active
CC406334,C106334,TravelCard,241100.0,161251.05,79848.95,8424,0,Active
CC403264,C103264,SmartCard,272500.0,37986.93,234513.07,4922,499,Active
CC408849,C108849,TravelCard,259100.0,184684.13,74415.87,2906,999,Active
CC404053,C104053,CashbackCard,171600.0,10520.74,161079.26,14820,999,Active
CC401838,C101838,StudentCard,153300.0,39919.95,113380.05,17536,2999,Active
CC402063,C102063,StudentCard,110500.0,77089.46,33410.54,11128,999,Active
CC403832,C103832,TravelCard,225000.0,90785.29,134214.71,12615,2999,Active
CC407200,C107200,StudentCard,64500.0,4247.43,60252.57,16414,2999,Active
CC402911,C102911,SmartCard,160400.0,79420.97,80979.03,7458,2999,Active
CC407354,C107354,CashbackCard,194200.0,14677.98,179522.02,4966,0,Active
CC401348,C101348,SmartCard,156500.0,44186.18,112313.82,19873,499,Active
CC400410,C100410,CashbackCard,100800.0,62525.44,38274.56,2585,0,Active
CC407012,C107012,TravelCard,40300.0,8794.42,31505.58,19879,2999,Active
CC408980,C108980,TravelCard,250000.0,144473.72,105526.28,5785,499,Active
CC402217,C102217,TravelCard,390700.0,309332.25,81367.75,4345,2999,Active
CC403577,C103577,StudentCard,101100.0,49106.29,51993.71,12047,999,Active
CC407581,C107581,CashbackCard,267200.0,154020.2,113179.8,3177,2999,Active
CC403901,C103901,FuelCard,75700.0,30018.42,45681.58,18879,0,Active
CC405020,C105020,SmartCard,129400.0,29559.36,99840.64,19323,499,Active
CC409256,C109256,SmartCard,137100.0,26701.18,110398.82,15601,0,Active
CC404353,C104353,StudentCard,375100.0,161897.44,213202.56,16806,999,Active
CC400040,C100040,SmartCard,126900.0,31604.86,95295.14,3880,999,Active
CC409241,C109241,TravelCard,293300.0,25047.2,268252.8,16685,2999,Active
CC400129,C100129,TravelCard,71500.0,5022.0,66478.0,19867,499,Active
CC407716,C107716,CashbackCard,232700.0,108270.7,124429.3,12249,499,Active
CC409144,C109144,SmartCard,131300.0,28070.9,103229.1,4914,499,Active
CC401155,C101155,FuelCard,178800.0,108186.16,70613.84,12747,999,Active
CC406973,C106973,CashbackCard,145100.0,111864.1,33235.9,4777,2999,Active
CC409787,C109787,FuelCard,30800.0,2520.47,28279.53,14499,2999,Active
CC405136,C105136,CashbackCard,358500.0,101551.8,256948.2,7445,0,Active
CC405348,C105348,FuelCard,240500.0,189537.64,50962.36,8278,2999,Active
CC404931,C104931,FuelCard,355100.0,53745.23,301354.77,18294,0,Active
CC406097,C106097,SmartCard,388000.0,293717.87,94282.13,1693,999,Active
CC403367,C103367,StudentCard,148300.0,29359.27,118940.73,17502,0,Active
CC408648,C108648,SmartCard,315400.0,145340.78,170059.22,16246,2999,Active
CC403671,C103671,SmartCard,120600.0,47256.02,73343.98,12624,0,Active
CC403964,C103964,TravelCard,188500.0,40873.63,147626.37,607,0,Active
CC407309,C107309,FuelCard,329200.0,142299.7,186900.3,3973,0,Active
CC405583,C105583,SmartCard,151900.0,47814.22,104085.78,18798,0,Active
CC403856,C103856,PremiumCard,55100.0,43970.71,11129.29,2876,2999,Active
CC401099,C101099,PremiumCard,145200.0,13168.38,132031.62,12483,499,Active
CC409018,C109018,CashbackCard,248500.0,172522.28,75977.72,13539,499,Active
CC406655,C106655,CashbackCard,262500.0,137527.79,124972.21,10172,0,Active
CC401134,C101134,SmartCard,78200.0,50099.97,28100.03,2393,0,Active
CC400540,C100540,StudentCard,79300.0,20015.77,59284.23,2714,999,Active
CC403086,C103086,FuelCard,50900.0,14690.88,36209.12,13417,499,Active
CC405846,C105846,PremiumCard,223900.0,36118.8,187781.2,12706,999,Active
CC405419,C105419,TravelCard,145300.0,74031.01,71268.99,15136,2999,Active
CC400695,C100695,CashbackCard,218100.0,51807.1,166292.9,12647,499,Active
CC404541,C104541,FuelCard,132000.0,43546.68,88453.32,14264,2999,Active
CC409235,C109235,PremiumCard,170700.0,5846.15,164853.85,4899,499,Active
CC405461,C105461,PremiumCard,273800.0,44451.19,229348.81,19853,2999,Active
CC403857,C103857,TravelCard,46900.0,29655.8,17244.2,2634,999,Active
CC407444,C107444,PremiumCard,223300.0,157926.94,65373.06,12892,0,Active
CC404381,C104381,TravelCard,125900.0,53577.41,72322.59,11799,499,Active
CC407756,C107756,PremiumCard,142300.0,8347.42,133952.58,7720,2999,Active
CC404453,C104453,TravelCard,405500.0,72759.35,332740.65,2892,0,Active
CC400759,C100759,StudentCard,165300.0,40192.24,125107.76,16189,2999,Active
CC401208,C101208,FuelCard,25000.0,3207.66,21792.34,13295,0,Active
CC406805,C106805,SmartCard,354100.0,275920.89,78179.11,2583,2999,Active
CC403702,C103702,TravelCard,127400.0,39286.7,88113.3,8866,0,Active
CC403859,C103859,SmartCard,137700.0,78966.5,58733.5,15227,999,Active
CC407803,C107803,SmartCard,283000.0,86616.39,196383.61,17043,499,Active
CC401666,C101666,StudentCard,176900.0,55693.25,121206.75,14202,999,Active
CC408557,C108557,TravelCard,45800.0,22590.21,23209.79,5507,2999,Active
CC404282,C104282,StudentCard,98100.0,50230.09,47869.91,2993,999,Active
CC402171,C102171,TravelCard,251400.0,34664.6,216735.4,12294,999,Active
CC401595,C101595,CashbackCard,128000.0,91865.39,36134.61,14392,0,Active
CC401962,C101962,TravelCard,143700.0,55398.17,88301.83,14253,499,Active
CC406120,C106120,CashbackCard,41300.0,4724.0,36576.0,10231,499,Active
CC405847,C105847,PremiumCard,346600.0,52702.62,293897.38,4469,2999,Active
CC401153,C101153,CashbackCard,128800.0,42321.01,86478.99,1802,0,Active
CC407929,C107929,CashbackCard,142700.0,58240.96,84459.04,18089,999,Active
CC402519,C102519,SmartCard,195200.0,51326.53,143873.47,16671,999,Active
CC404944,C104944,StudentCard,110700.0,78759.9,31940.1,1888,499,Active
CC407541,C107541,FuelCard,409900.0,264091.84,145808.16,8622,499,Active
CC402766,C102766,StudentCard,208800.0,24798.53,184001.47,4804,499,Active
CC403015,C103015,PremiumCard,149200.0,17637.3,131562.7,3860,499,Active
CC405836,C105836,PremiumCard,84700.0,29340.33,55359.67,10372,0,Active
CC400078,C100078,PremiumCard,34600.0,27402.1,7197.9,9657,2999,Active
CC404539,C104539,PremiumCard,248500.0,89978.23,158521.77,12912,999,Active
CC406639,C106639,FuelCard,162900.0,55235.17,107664.83,2281,499,Active
CC406049,C106049,PremiumCard,157900.0,45859.49,112040.51,18195,2999,Active
CC401865,C101865,FuelCard,219000.0,15662.9,203337.1,8204,0,Active
CC400587,C100587,CashbackCard,122300.0,74496.58,47803.42,10217,0,Active
CC405616,C105616,CashbackCard,82500.0,55377.42,27122.58,11723,999,Active
CC403907,C103907,StudentCard,106400.0,66721.85,39678.15,5035,499,Active
CC405578,C105578,SmartCard,74800.0,53379.96,21420.04,20,2999,Active
CC409483,C109483,SmartCard,73800.0,5445.4,68354.6,17453,499,Active
CC405780,C105780,TravelCard,85100.0,12274.56,72825.44,7295,999,Active
CC406039,C106039,SmartCard,95100.0,28379.89,66720.11,11779,2999,Active
CC404960,C104960,TravelCard,267400.0,119315.72,148084.28,2054,499,Active
CC404109,C104109,PremiumCard,289000.0,170126.62,118873.38,6505,999,Active
CC409683,C109683,TravelCard,460500.0,123496.28,337003.72,13963,999,Active
CC404734,C104734,StudentCard,146900.0,46847.22,100052.78,6791,0,Active
CC403799,C103799,CashbackCard,165200.0,21917.85,143282.15,4247,999,Active
CC404824,C104824,TravelCard,259800.0,202836.2,56963.8,1039,2999,Active
CC408945,C108945,FuelCard,225700.0,154126.02,71573.98,4521,2999,Active
CC404280,C104280,FuelCard,49300.0,21235.83,28064.17,9875,0,Active
CC406657,C106657,CashbackCard,167900.0,61410.87,106489.13,14153,499,Active
CC403401,C103401,CashbackCard,126900.0,15719.74,111180.26,16525,2999,Active
CC406904,C106904,TravelCard,116900.0,33411.2,83488.8,768,999,Active
CC407018,C107018,TravelCard,119900.0,31273.08,88626.92,404,999,Active
CC400844,C100844,StudentCard,171900.0,100162.23,71737.77,13166,2999,Active
CC402212,C102212,CashbackCard,357100.0,134241.19,222858.81,9165,0,Active
CC404259,C104259,StudentCard,39100.0,5218.42,33881.58,16962,2999,Active
CC408252,C108252,CashbackCard,219100.0,13224.52,205875.48,1061,999,Active
CC404699,C104699,CashbackCard,168300.0,107273.16,61026.84,14875,499,Active
CC406225,C106225,SmartCard,173900.0,46325.16,127574.84,19371,999,Active
CC405721,C105721,StudentCard,271500.0,200973.89,70526.11,16854,999,Active
CC405468,C105468,StudentCard,160500.0,38746.31,121753.69,2995,499,Active
CC400971,C100971,PremiumCard,142700.0,93613.55,49086.45,5763,0,Active
CC406717,C106717,TravelCard,380300.0,246252.22,134047.78,7154,2999,Active
CC408014,C108014,PremiumCard,218900.0,133630.43,85269.57,6614,2999,Active
CC400259,C100259,PremiumCard,123900.0,40887.52,83012.48,6787,0,Active
CC403466,C103466,StudentCard,221300.0,108753.01,112546.99,18501,0,Active
CC401685,C101685,SmartCard,170100.0,71381.56,98718.44,17323,999,Active
CC406662,C106662,StudentCard,89300.0,48134.33,41165.67,7674,2999,Active
CC408342,C108342,StudentCard,217100.0,19495.82,197604.18,14621,499,Active
CC401182,C101182,SmartCard,108500.0,342.56,108157.44,15619,0,Active
CC404143,C104143,SmartCard,258000.0,70220.85,187779.15,1333,0,Active
CC402717,C102717,PremiumCard,116800.0,63753.06,53046.94,15333,499,Active
CC401410,C101410,SmartCard,125800.0,25605.38,100194.62,9364,499,Active
CC406897,C106897,FuelCard,132400.0,7351.26,125048.74,5897,999,Active
CC403281,C103281,SmartCard,312400.0,206161.18,106238.82,9555,999,Active
CC402509,C102509,SmartCard,188100.0,29720.5,158379.5,15174,999,Active
CC401649,C101649,SmartCard,107700.0,13534.73,94165.27,18979,499,Active
CC408707,C108707,SmartCard,136700.0,35348.18,101351.82,3733,499,Active
CC401491,C101491,CashbackCard,351800.0,265348.85,86451.15,9733,0,Active
CC408298,C108298,StudentCard,320500.0,234596.12,85903.88,19649,499,Active
CC409553,C109553,CashbackCard,146600.0,85757.14,60842.86,16567,0,Active
CC406499,C106499,CashbackCard,209000.0,211.08,208788.92,8402,499,Active
CC403568,C103568,CashbackCard,201700.0,9889.01,191810.99,18063,0,Active
CC405345,C105345,StudentCard,139500.0,7126.42,132373.58,17660,999,Active
CC401495,C101495,CashbackCard,135700.0,44951.21,90748.79,4373,2999,Active
CC401879,C101879,SmartCard,66300.0,15212.65,51087.35,17310,2999,Active
CC407158,C107158,CashbackCard,167600.0,13979.69,153620.31,14646,999,Active
CC409656,C109656,CashbackCard,151800.0,108408.18,43391.82,19059,499,Active
CC408196,C108196,FuelCard,38800.0,22574.12,16225.88,5140,2999,Active
CC404052,C104052,PremiumCard,66700.0,52892.52,13807.48,19994,0,Active
CC406534,C106534,SmartCard,117900.0,61079.45,56820.55,9585,999,Active
CC409208,C109208,TravelCard,149300.0,66107.45,83192.55,16537,2999,Active
CC402251,C102251,PremiumCard,304800.0,40316.78,264483.22,14756,0,Active
CC400828,C100828,StudentCard,188500.0,11327.72,177172.28,7893,2999,Active
CC401002,C101002,FuelCard,144800.0,67802.2,76997.8,17087,0,Active
CC404801,C104801,SmartCard,121300.0,26854.47,94445.53,9931,2999,Active
CC409540,C109540,SmartCard,122600.0,81191.66,41408.34,18722,2999,Active
CC401537,C101537,PremiumCard,234400.0,110031.84,124368.16,11638,0,Active
CC406834,C106834,StudentCard,220500.0,2820.05,217679.95,12450,2999,Active
CC409151,C109151,TravelCard,307000.0,33989.05,273010.95,10427,499,Active
CC403236,C103236,PremiumCard,15500.0,554.54,14945.46,15869,999,Active
CC406956,C106956,PremiumCard,144500.0,44547.04,99952.96,19653,499,Active
CC408798,C108798,SmartCard,287100.0,26076.98,261023.02,12548,2999,Active
CC403879,C103879,SmartCard,156100.0,84847.3,71252.7,13643,2999,Active
CC405861,C105861,PremiumCard,215400.0,155424.12,59975.88,1687,0,Active
CC402607,C102607,FuelCard,218000.0,165791.95,52208.05,18932,2999,Active
CC401833,C101833,StudentCard,54900.0,24337.91,30562.09,17371,999,Active
CC401918,C101918,TravelCard,269800.0,142213.25,127586.75,15136,499,Active
CC405057,C105057,PremiumCard,207200.0,60553.76,146646.24,17730,0,Active
CC400561,C100561,SmartCard,60800.0,1885.75,58914.25,18175,999,Active
CC407071,C107071,SmartCard,346500.0,161844.88,184655.12,16144,499,Active
CC405487,C105487,TravelCard,156800.0,121725.55,35074.45,11692,999,Active
CC405943,C105943,CashbackCard,250200.0,143402.48,106797.52,13046,499,Active
CC400463,C100463,StudentCard,432700.0,275197.17,157502.83,19971,999,Active
CC408598,C108598,FuelCard,160500.0,6034.3,154465.7,15101,999,Active
CC408780,C108780,PremiumCard,192800.0,20875.78,171924.22,3264,999,Active
CC406706,C106706,TravelCard,274900.0,116843.21,158056.79,14018,999,Active
CC406682,C106682,CashbackCard,43000.0,4980.61,38019.39,2856,2999,Active
CC409319,C109319,SmartCard,170400.0,72828.07,97571.93,15346,0,Active
CC401140,C101140,CashbackCard,168300.0,94905.28,73394.72,15589,499,Active
CC400465,C100465,PremiumCard,151800.0,117844.95,33955.05,19124,999,Active
CC409437,C109437,SmartCard,342700.0,98416.33,244283.67,5888,999,Active
