customer_id,name,age,occupation,monthly_income,credit_score,employment_years,city,created_at
C100000,Nikhil Roy,24,Salaried-Private,84800,644,1.8,Surat,01-09-2024
C100001,Ankita Chatterjee,55,Business Owner,158100,850,27.7,Bhopal,20-06-2024
C100002,Amit Verma,49,Freelancer,60500,673,19.2,Kolkata,24-07-2023
C100003,Tara Khanna,40,Salaried-Private,38000,641,4,Delhi,12-03-2024
C100004,Aisha Patel,40,Salaried-Private,98100,527,12.7,Indore,29-10-2024
C100005,Pooja Ghosh,58,Salaried-Government,52900,615,24.4,Bhopal,28-04-2024
C100006,Hemant Chaurasia,24,Freelancer,50600,729,0.6,Bhopal,01-07-2024
C100007,Manish Reddy,51,Business Owner,91800,735,14.6,Ahmedabad,01-10-2023
C100008,Mohit Bansal,29,Business Owner,77400,639,1.8,Surat,25-02-2024
C100009,Karan Singh,25,Salaried-Government,78900,644,1.6,Delhi,16-12-2023
C100010,Aditya Shukla,44,Salaried-Private,69100,839,20.5,Mumbai,21-03-2024
C100011,Dev Nair,63,Self-Employed,95100,900,36,Mumbai,27-06-2023
C100012,Seema Jain,53,Salaried-Private,51500,779,21.7,Ahmedabad,06-08-2024
C100013,Sneha Nair,54,Business Owner,95600,819,15.1,Nagpur,01-10-2024
C100014,Alok Chaurasia,52,Salaried-Private,52000,829,14.8,Mumbai,14-11-2024
C100015,Isha Bansal,55,Salaried-Private,64600,866,7.7,Jaipur,01-08-2023
C100016,Tarun Sharma,43,Self-Employed,71900,666,9.6,Chandigarh,13-01-2024
C100017,Ishaan Reddy,26,Salaried-Government,103100,625,3.7,Ahmedabad,18-01-2024
C100018,Karan Yadav,57,Self-Employed,74200,837,20.3,Mumbai,03-03-2025
C100019,Pankaj Mishra,40,Salaried-Government,21300,606,10.1,Indore,14-04-2025
C100020,Aditya Sharma,43,Student,21200,600,5.8,Indore,06-03-2024
C100021,Hemant Nair,37,Freelancer,57600,608,13.5,Ahmedabad,01-01-2024
C100022,Vivaan Mishra,29,Student,11100,671,3.2,Bhopal,20-01-2023
C100023,Karan Chaurasia,61,Self-Employed,71500,531,18.7,Bhopal,31-10-2023
C100024,Vikram Sen,55,Self-Employed,56900,573,14.7,Surat,05-03-2023
C100025,Pari Chatterjee,49,Self-Employed,123700,648,12,Bhopal,16-01-2024
C100026,Aditya Agarwal,38,Salaried-Government,68400,594,10.5,Lucknow,15-12-2023
C100027,Ruchi Singh,57,Salaried-Private,34600,770,23,Chandigarh,13-08-2023
C100028,Amit Krishnan,44,Self-Employed,83100,692,14.2,Delhi,28-05-2025
C100029,Nidhi Verma,40,Salaried-Private,86700,739,4.7,Delhi,21-10-2024
C100030,Amit Kapoor,40,Salaried-Private,65700,727,16.7,Bengaluru,01-08-2024
C100031,Raj Gupta,30,Student,9100,664,6.3,Nagpur,02-09-2024
C100032,Arjun Pillai,25,Salaried-Private,36800,764,3.3,Ahmedabad,07-11-2023
C100033,Dev Pillai,45,Self-Employed,53600,724,7.5,Surat,16-08-2023
C100034,Geeta Nair,60,Self-Employed,118100,672,33.2,Jaipur,04-02-2025
C100035,Alok Chatterjee,23,Salaried-Private,54400,553,1.4,Ahmedabad,14-01-2024
C100036,Priya Yadav,58,Student,18000,724,20.4,Lucknow,04-10-2024
C100037,Rekha Mishra,57,Salaried-Private,77100,590,7.8,Chandigarh,23-04-2024
C100038,Abhishek Mittal,33,Student,13500,712,4.5,Nagpur,19-01-2023
C100039,Rohan Chatterjee,48,Freelancer,47600,693,21.3,Delhi,19-02-2025
C100040,Aisha Patel,28,Salaried-Private,37400,576,3.3,Pune,18-01-2023
C100041,Neha Jain,54,Salaried-Private,46900,707,22.3,Bengaluru,29-10-2023
C100042,Aarav Sharma,51,Salaried-Private,88700,708,21.3,Jaipur,08-11-2024
C100043,Vikram Shah,36,Salaried-Government,71900,706,11.1,Lucknow,04-06-2024
C100044,Tara Rao,23,Salaried-Private,65400,701,0.9,Bengaluru,11-01-2025
C100045,Jyoti Tiwari,63,Retired,52700,635,35.1,Surat,25-04-2025
C100046,Pankaj Mittal,40,Salaried-Private,69200,737,7.7,Mumbai,01-10-2024
C100047,Sachin Gupta,60,Freelancer,52100,632,30.6,Kolkata,23-08-2023
C100048,Diya Malhotra,50,Salaried-Private,62500,603,14.4,Nagpur,04-01-2023
C100049,Mayank Dubey,55,Retired,60600,743,12.4,Lucknow,17-10-2024
C100050,Atharv Mehta,54,Salaried-Private,96500,769,14.5,Chandigarh,14-10-2023
C100051,Suresh Garg,29,Salaried-Government,36800,734,6.1,Nagpur,12-08-2024
C100052,Tushar Bose,37,Self-Employed,67400,673,10.1,Kolkata,04-04-2024
C100053,Ananya Das,41,Salaried-Private,79800,536,5.9,Delhi,15-05-2023
C100054,Anjali Agarwal,42,Freelancer,82500,810,6,Jaipur,25-11-2023
C100055,Pooja Awasthi,22,Salaried-Private,91000,537,0.7,Pune,05-06-2025
C100056,Hemant Patel,45,Self-Employed,56500,735,8.8,Nagpur,17-10-2023
C100057,Manoj Desai,27,Self-Employed,99000,863,2.1,Chennai,05-12-2024
C100058,Vijay Chaurasia,53,Self-Employed,80200,703,23.2,Kolkata,19-09-2024
C100059,Sneha Pillai,51,Salaried-Private,87900,716,12.8,Nagpur,21-01-2024
C100060,Sunita Gupta,61,Salaried-Private,86800,723,9.9,Chandigarh,14-11-2024
C100061,Dinesh Tripathi,53,Salaried-Private,42500,702,15.9,Bengaluru,18-05-2024
C100062,Sanya Kapoor,37,Salaried-Private,72400,878,9.6,Indore,14-07-2024
C100063,Dev Joshi,63,Salaried-Private,91900,626,26.1,Pune,21-11-2023
C100064,Akash Jain,39,Student,15400,604,4.3,Lucknow,27-04-2025
C100065,Tushar Kapoor,35,Self-Employed,65700,663,7.2,Indore,24-08-2023
C100066,Komal Khanna,60,Self-Employed,43900,825,17.6,Nagpur,27-04-2024
C100067,Tarun Pillai,37,Salaried-Government,81900,646,8.2,Lucknow,17-03-2025
C100068,Priya Saxena,24,Salaried-Private,60400,723,0.7,Chandigarh,01-10-2024
C100069,Aisha Khanna,41,Self-Employed,51900,773,8.1,Mumbai,10-06-2024
C100070,Ritika Jain,56,Salaried-Private,62500,751,22.8,Nagpur,14-03-2023
C100071,Naina Joshi,29,Salaried-Private,61300,770,2.3,Nagpur,29-11-2023
C100072,Shaurya Rao,41,Salaried-Government,56200,801,17.4,Hyderabad,08-02-2024
C100073,Naina Nair,26,Self-Employed,68100,714,4.5,Mumbai,05-02-2025
C100074,Manoj Shukla,51,Retired,24000,647,13.6,Nagpur,08-02-2025
C100075,Pallavi Chauhan,41,Salaried-Private,90000,705,13.5,Kolkata,03-02-2024
C100076,Sunita Singh,35,Salaried-Government,66500,662,9,Bengaluru,16-11-2023
C100077,Pooja Tiwari,30,Salaried-Private,36600,887,2.9,Hyderabad,16-06-2023
C100078,Sneha Krishnan,45,Salaried-Private,15400,639,11.3,Surat,06-03-2024
C100079,Isha Pandey,50,Business Owner,132500,738,25.7,Surat,18-05-2023
C100080,Amit Ghosh,62,Salaried-Private,82600,572,11.9,Surat,30-05-2023
C100081,Ajay Jain,40,Self-Employed,78700,702,11.4,Chennai,26-04-2025
C100082,Deepak Mukherjee,28,Salaried-Government,82300,669,4.3,Chandigarh,29-04-2024
C100083,Dinesh Roy,57,Salaried-Private,86600,747,11.4,Bhopal,11-12-2023
C100084,Tarun Pillai,48,Student,19600,739,15.5,Mumbai,15-01-2024
C100085,Abhishek Srivastava,51,Salaried-Government,66900,803,25.3,Jaipur,22-12-2023
C100086,Atharv Das,25,Freelancer,38900,792,1.1,Lucknow,26-01-2025
C100087,Vivaan Shukla,34,Salaried-Government,75000,685,4.3,Chennai,28-04-2024
C100088,Ravi Chatterjee,54,Student,25600,608,12.5,Lucknow,03-08-2024
C100089,Mohit Krishnan,57,Salaried-Private,67300,623,26.1,Bhopal,02-06-2024
C100090,Saanvi Das,40,Salaried-Government,100600,719,11.5,Indore,22-05-2024
C100091,Shaurya Shukla,56,Freelancer,64000,702,19.3,Chandigarh,24-01-2024
C100092,Rohan Khanna,58,Salaried-Private,77400,712,27.9,Lucknow,22-11-2024
C100093,Vishal Jain,38,Salaried-Government,120200,655,15,Kolkata,22-04-2025
C100094,Aarav Awasthi,60,Retired,68400,805,13.1,Delhi,07-11-2023
C100095,Pooja Agarwal,33,Self-Employed,111100,578,9.2,Kolkata,25-10-2023
C100096,Raj Bhatia,31,Business Owner,66500,642,4.6,Chandigarh,16-11-2024
C100097,Aarav Shukla,51,Self-Employed,130600,613,9.1,Kolkata,12-04-2023
C100098,Vijay Chatterjee,49,Freelancer,53900,671,10.6,Indore,13-02-2024
C100099,Vishal Verma,27,Student,10000,781,2.9,Jaipur,14-06-2025
C100100,Naina Srivastava,57,Self-Employed,28600,661,29.9,Mumbai,19-09-2024
C100101,Lalit Menon,29,Salaried-Private,64700,697,4.3,Bhopal,17-07-2023
C100102,Shweta Tiwari,56,Salaried-Private,47300,740,22.1,Ahmedabad,04-01-2024
C100103,Ravi Verma,21,Self-Employed,75800,664,0,Delhi,30-04-2025
C100104,Manish Pillai,56,Freelancer,39400,716,8.6,Lucknow,19-04-2024
C100105,Riya Iyer,55,Salaried-Government,113600,717,29.1,Pune,31-01-2025
C100106,Ramesh Mukherjee,55,Salaried-Private,79600,601,26.8,Chandigarh,31-12-2024
C100107,Diya Nair,50,Salaried-Private,112200,659,15.7,Chandigarh,30-11-2024
C100108,Geeta Nair,41,Self-Employed,49400,715,6.8,Nagpur,06-08-2024
C100109,Saanvi Dubey,52,Freelancer,81200,794,7.1,Nagpur,30-04-2023
C100110,Ruchi Chauhan,33,Salaried-Private,23700,786,10.6,Chandigarh,21-09-2023
C100111,Aisha Mishra,55,Self-Employed,84600,860,6.9,Bengaluru,01-02-2023
C100112,Diya Bansal,45,Freelancer,43500,725,8.8,Bhopal,27-01-2024
C100113,Vivaan Bose,41,Student,14900,649,13.6,Mumbai,03-06-2023
C100114,Arjun Patel,43,Salaried-Private,53500,682,18.8,Ahmedabad,26-06-2024
C100115,Vijay Naidu,46,Student,15500,673,7,Bhopal,28-12-2023
C100116,Pari Verma,22,Self-Employed,36200,652,0.7,Indore,26-04-2025
C100117,Siddharth Gupta,27,Freelancer,39300,716,2.6,Nagpur,13-12-2024
C100118,Aisha Tiwari,31,Salaried-Private,61300,723,6.8,Delhi,22-07-2023
C100119,Sachin Agarwal,26,Self-Employed,95900,600,1.3,Lucknow,20-12-2023
C100120,Gaurav Joshi,40,Self-Employed,80700,779,15.3,Delhi,11-01-2024
C100121,Divya Jain,50,Salaried-Private,89900,546,20.2,Jaipur,29-01-2023
C100122,Aditya Dubey,49,Salaried-Government,39200,668,24.3,Pune,15-10-2024
C100123,Pranav Bhatia,41,Self-Employed,63600,781,11,Hyderabad,06-03-2023
C100124,Naina Chaurasia,58,Self-Employed,97900,743,30.4,Chandigarh,07-01-2025
C100125,Diya Mishra,45,Salaried-Private,71500,662,13.9,Nagpur,19-02-2024
C100126,Divya Reddy,24,Salaried-Government,42800,843,1.7,Pune,13-02-2024
C100127,Rohan Das,54,Salaried-Private,86900,657,8.8,Lucknow,26-01-2023
C100128,Rajesh Tiwari,46,Student,16700,522,19.2,Chandigarh,19-07-2024
C100129,Sanya Gupta,48,Retired,34500,721,13.2,Lucknow,11-11-2024
C100130,Ritika Roy,45,Salaried-Private,74300,548,14.9,Chennai,07-01-2024
C100131,Pratibha Pandey,45,Salaried-Private,64700,623,15.7,Indore,09-08-2023
C100132,Raj Shukla,24,Salaried-Private,45700,736,2.2,Lucknow,17-06-2025
C100133,Ananya Mittal,45,Salaried-Government,57800,651,14.5,Indore,14-03-2024
C100134,Ananya Verma,55,Student,18600,729,21.6,Hyderabad,17-08-2024
C100135,Siddharth Desai,34,Self-Employed,61700,596,7.3,Delhi,14-12-2024
C100136,Seema Desai,47,Salaried-Private,87400,761,16.4,Lucknow,14-06-2024
C100137,Jyoti Desai,22,Salaried-Private,60300,553,0.5,Mumbai,12-05-2024
C100138,Pallavi Joshi,36,Salaried-Private,80200,797,11.2,Bengaluru,08-09-2024
C100139,Ravi Awasthi,40,Freelancer,59900,650,14.6,Hyderabad,05-03-2025
C100140,Deepak Krishnan,64,Self-Employed,68500,812,24.2,Bengaluru,08-09-2024
C100141,Tara Iyer,30,Self-Employed,30000,617,2.7,Indore,01-02-2025
C100142,Vivaan Chatterjee,33,Salaried-Private,41300,840,5.5,Indore,10-09-2023
C100143,Rajesh Das,38,Student,13000,605,13.4,Jaipur,05-06-2023
C100144,Sanya Mittal,64,Salaried-Private,57200,545,36.2,Lucknow,01-04-2023
C100145,Diya Iyer,58,Freelancer,74500,694,14.3,Surat,21-01-2023
C100146,Dinesh Iyer,22,Student,11600,780,0.9,Indore,06-02-2024
C100147,Sachin Sharma,31,Salaried-Government,113200,760,3.9,Pune,16-02-2025
C100148,Usha Sharma,57,Student,20400,776,30.4,Lucknow,28-02-2023
C100149,Aisha Bhatia,23,Salaried-Private,87700,757,1.7,Ahmedabad,13-08-2024
C100150,Ruchi Pillai,58,Business Owner,153700,637,20.5,Kolkata,21-12-2024
C100151,Varun Chatterjee,33,Salaried-Private,55200,749,10.4,Chennai,07-04-2025
C100152,Reyansh Das,61,Salaried-Government,86900,700,23.4,Chandigarh,30-12-2024
C100153,Isha Iyer,33,Salaried-Private,84600,635,5.6,Nagpur,16-03-2023
C100154,Dinesh Pandey,40,Salaried-Private,61400,703,14.6,Nagpur,17-05-2023
C100155,Mohit Reddy,50,Salaried-Private,63900,685,8,Ahmedabad,07-06-2025
C100156,Deepak Tiwari,26,Salaried-Private,44500,799,1.8,Delhi,26-03-2023
C100157,Shweta Dutta,45,Self-Employed,19000,641,8.4,Bhopal,05-06-2025
C100158,Ramesh Mittal,43,Salaried-Government,70900,645,14,Mumbai,29-04-2025
C100159,Ananya Saxena,55,Salaried-Private,54400,632,23.7,Bengaluru,30-08-2023
C100160,Mohit Shah,64,Retired,37300,837,33.8,Indore,27-12-2024
C100161,Varun Chatterjee,50,Student,21100,631,24.1,Chennai,22-02-2023
C100162,Sanjay Kapoor,39,Salaried-Private,33200,788,14.6,Jaipur,25-04-2023
C100163,Divya Patel,38,Salaried-Government,85000,610,11.5,Bengaluru,01-12-2023
C100164,Aisha Pillai,39,Self-Employed,84800,733,15.1,Chennai,25-07-2023
C100165,Abhishek Chauhan,56,Business Owner,89200,714,13.8,Chennai,26-01-2024
C100166,Arjun Pandey,35,Salaried-Government,64700,788,9.9,Hyderabad,01-09-2023
C100167,Pooja Malhotra,28,Business Owner,52700,774,1.8,Lucknow,30-08-2023
C100168,Geeta Bansal,35,Salaried-Private,75600,697,4,Lucknow,16-11-2023
C100169,Siddharth Garg,21,Salaried-Private,58700,645,0,Bengaluru,18-02-2023
C100170,Anjali Garg,25,Business Owner,98000,824,1.1,Nagpur,15-09-2024
C100171,Rekha Sharma,24,Self-Employed,79200,640,2.6,Jaipur,19-02-2025
C100172,Atharv Bansal,54,Freelancer,46900,505,17.4,Lucknow,27-12-2023
C100173,Vikram Garg,52,Salaried-Private,37000,536,25.9,Mumbai,10-07-2023
C100174,Amit Iyer,51,Salaried-Private,86100,563,16,Pune,23-03-2025
C100175,Amit Bhatia,41,Salaried-Private,76800,739,13.8,Nagpur,24-02-2025
C100176,Shaurya Joshi,52,Salaried-Private,56700,865,13.2,Bhopal,20-02-2024
C100177,Hemant Iyer,28,Salaried-Private,66000,526,6.1,Mumbai,21-08-2023
C100178,Vijay Verma,60,Self-Employed,111800,634,8.8,Lucknow,04-11-2024
C100179,Mayank Shukla,43,Self-Employed,102100,702,15.1,Chandigarh,03-02-2025
C100180,Pari Reddy,62,Business Owner,86300,816,35.5,Bengaluru,29-01-2023
C100181,Rohan Reddy,27,Salaried-Government,30100,621,4.5,Indore,12-09-2023
C100182,Pratibha Joshi,42,Salaried-Private,37100,732,16.4,Bengaluru,15-02-2025
C100183,Lalit Shukla,51,Business Owner,90000,673,12.3,Nagpur,01-04-2023
C100184,Aarav Malhotra,42,Salaried-Private,92600,900,10.8,Mumbai,11-08-2023
C100185,Pooja Mittal,40,Student,13700,693,5.6,Surat,10-01-2025
C100186,Riya Mukherjee,28,Salaried-Private,45900,715,3.2,Hyderabad,03-01-2025
C100187,Dev Ghosh,37,Self-Employed,57600,695,3.3,Surat,07-09-2023
C100188,Neha Verma,31,Student,10700,648,7.5,Chandigarh,21-02-2025
C100189,Karan Das,34,Self-Employed,70900,766,11.3,Jaipur,05-10-2023
C100190,Anjali Jain,51,Self-Employed,47300,594,20.7,Chandigarh,06-07-2023
C100191,Aarav Saxena,48,Business Owner,133500,539,20.7,Chandigarh,03-01-2024
C100192,Isha Gupta,47,Salaried-Private,62500,677,14.5,Chennai,19-06-2024
C100193,Meera Jain,36,Business Owner,173300,771,5,Indore,29-06-2024
C100194,Harsh Mehta,63,Student,21500,636,29.6,Delhi,23-08-2023
C100195,Nitin Shukla,24,Retired,53300,702,1.2,Kolkata,26-07-2024
C100196,Atharv Bansal,36,Salaried-Government,97100,596,7.8,Chandigarh,16-01-2023
C100197,Varun Dubey,26,Salaried-Private,48800,772,4.2,Lucknow,10-03-2023
C100198,Riya Pandey,35,Freelancer,43300,738,6.5,Chennai,13-08-2023
C100199,Nitin Mehta,63,Self-Employed,60700,690,16.9,Nagpur,07-05-2025
C100200,Ruchi Naidu,37,Salaried-Private,43200,699,3.6,Nagpur,25-09-2024
C100201,Kabir Iyer,60,Salaried-Private,70600,579,26.9,Delhi,16-02-2023
C100202,Mayank Rao,42,Salaried-Private,63800,581,7.4,Delhi,04-03-2023
C100203,Priya Nair,51,Salaried-Government,37200,675,19.4,Jaipur,22-01-2025
C100204,Hemant Yadav,41,Salaried-Private,108900,737,9.1,Bengaluru,31-03-2024
C100205,Riya Iyer,32,Salaried-Private,54200,733,8.3,Delhi,05-10-2024
C100206,Naina Naidu,54,Salaried-Private,69500,661,27.2,Bhopal,07-10-2023
C100207,Harsh Gupta,63,Student,23200,743,15.3,Ahmedabad,18-09-2023
C100208,Rekha Chaurasia,32,Salaried-Private,54100,801,8.3,Bhopal,23-05-2023
C100209,Diya Iyer,55,Salaried-Private,61400,682,10.4,Lucknow,21-06-2024
C100210,Sanya Naidu,32,Salaried-Government,64800,714,3.3,Surat,30-05-2024
C100211,Gaurav Pillai,52,Salaried-Private,67100,673,15.5,Pune,09-05-2024
C100212,Diya Mukherjee,55,Retired,56300,678,14.5,Chandigarh,19-04-2025
C100213,Komal Naidu,40,Student,16500,696,16.9,Delhi,23-08-2024
C100214,Sneha Roy,53,Salaried-Government,88800,829,24.4,Chennai,19-04-2025
C100215,Neha Mehta,32,Salaried-Government,64700,762,9.1,Bhopal,25-10-2024
C100216,Karan Mehta,24,Salaried-Government,66800,756,0.9,Lucknow,29-04-2023
C100217,Siddharth Yadav,25,Salaried-Private,51800,651,2.8,Hyderabad,08-04-2024
C100218,Rohan Awasthi,40,Salaried-Private,82700,620,11.8,Bhopal,24-05-2025
C100219,Komal Agarwal,60,Salaried-Private,77100,722,10.5,Kolkata,06-10-2024
C100220,Sanya Dubey,26,Salaried-Private,53800,787,3.8,Chandigarh,15-04-2023
C100221,Shweta Yadav,41,Self-Employed,69500,828,16,Bengaluru,28-06-2023
C100222,Ishaan Bhatia,51,Salaried-Private,64800,493,25.2,Bengaluru,11-03-2023
C100223,Neha Saxena,29,Salaried-Private,58800,884,6.9,Nagpur,15-09-2024
C100224,Dev Krishnan,52,Salaried-Government,71700,724,8.5,Indore,29-01-2024
C100225,Isha Joshi,34,Salaried-Government,53400,760,10.6,Pune,20-01-2024
C100226,Nikhil Sen,56,Salaried-Private,84300,553,30.2,Indore,28-05-2025
C100227,Rohan Srivastava,46,Salaried-Private,81600,673,17.1,Bhopal,26-04-2025
C100228,Vivaan Chatterjee,45,Salaried-Private,100300,760,7.9,Chennai,27-03-2023
C100229,Nidhi Iyer,28,Salaried-Private,45700,592,3.4,Pune,08-02-2025
C100230,Kabir Krishnan,41,Freelancer,62700,458,5.3,Kolkata,21-04-2025
C100231,Kabir Ghosh,58,Student,17300,709,7.5,Pune,02-01-2023
C100232,Varun Desai,21,Salaried-Government,78700,687,0,Chennai,02-04-2025
C100233,Tara Naidu,54,Salaried-Government,41700,801,29.1,Hyderabad,15-11-2024
C100234,Priya Nair,42,Business Owner,64900,676,17.7,Surat,12-09-2023
C100235,Rekha Joshi,52,Self-Employed,86400,686,11.7,Ahmedabad,26-06-2024
C100236,Sanjay Bansal,50,Salaried-Private,54200,743,18.4,Nagpur,07-02-2023
C100237,Dinesh Singh,40,Salaried-Private,47400,769,10.4,Indore,04-10-2024
C100238,Kavya Ghosh,34,Salaried-Government,55000,631,7.1,Delhi,07-11-2023
C100239,Sneha Chaurasia,48,Self-Employed,94300,769,13.5,Surat,21-08-2023
C100240,Ramesh Kumar,27,Salaried-Private,38700,644,5.2,Surat,15-12-2024
C100241,Manoj Kapoor,46,Salaried-Private,63900,690,18.8,Mumbai,19-12-2024
C100242,Manoj Mukherjee,25,Salaried-Private,49000,741,3.2,Chandigarh,16-11-2023
C100243,Nikhil Verma,49,Salaried-Private,82600,760,6.3,Jaipur,07-05-2023
C100244,Nikhil Kapoor,48,Salaried-Government,90000,718,13.2,Bhopal,28-10-2024
C100245,Vikram Roy,24,Business Owner,30500,598,1.9,Kolkata,19-03-2025
C100246,Pankaj Pandey,54,Self-Employed,104300,546,21.8,Ahmedabad,27-02-2025
C100247,Sneha Krishnan,39,Salaried-Private,50000,672,14.9,Lucknow,26-01-2024
C100248,Shweta Rao,55,Salaried-Private,73300,768,10.8,Chandigarh,11-04-2024
C100249,Mohit Mukherjee,22,Freelancer,29400,720,0.3,Chandigarh,06-04-2023
C100250,Naina Mishra,28,Salaried-Government,71500,710,5.8,Kolkata,22-10-2023
C100251,Mayank Mehta,42,Salaried-Private,114400,696,11.6,Jaipur,22-09-2024
C100252,Reyansh Sharma,29,Salaried-Private,60700,713,4.6,Nagpur,19-11-2024
C100253,Tara Bhatia,35,Freelancer,42200,606,11.5,Indore,15-12-2023
C100254,Vikram Joshi,50,Freelancer,51900,750,21,Pune,09-04-2025
C100255,Aisha Naidu,27,Student,8000,748,4.3,Surat,18-08-2023
C100256,Suresh Menon,50,Self-Employed,112400,668,9.6,Bengaluru,23-09-2024
C100257,Raj Sen,25,Salaried-Government,69000,725,2.5,Pune,25-08-2024
C100258,Simran Roy,28,Salaried-Government,40200,548,3.6,Jaipur,19-06-2024
C100259,Siddharth Agarwal,46,Salaried-Private,44700,701,15.7,Pune,28-10-2023
C100260,Tarun Pandey,55,Business Owner,102100,684,20.5,Indore,01-10-2024
C100261,Rekha Singh,28,Self-Employed,91200,794,1.5,Bhopal,15-07-2023
C100262,Manoj Das,34,Salaried-Private,37200,669,5.7,Mumbai,16-01-2025
C100263,Alok Khanna,61,Student,27600,753,20.8,Hyderabad,26-06-2024
C100264,Sanya Shukla,64,Salaried-Government,75700,660,23.7,Bengaluru,05-01-2024
C100265,Nikhil Chatterjee,46,Salaried-Private,46400,504,6.7,Bengaluru,12-11-2023
C100266,Pooja Tiwari,40,Salaried-Private,53200,669,15.8,Jaipur,23-04-2023
C100267,Tara Bhatia,36,Student,19500,698,6.5,Chandigarh,17-02-2023
C100268,Amit Kapoor,47,Student,14500,694,14.1,Lucknow,10-10-2023
C100269,Ravi Tiwari,47,Salaried-Government,54800,701,17.3,Ahmedabad,24-07-2023
C100270,Priya Roy,33,Retired,49200,646,8.4,Ahmedabad,10-09-2024
C100271,Amit Chatterjee,22,Student,9300,655,0.5,Hyderabad,10-02-2024
C100272,Jyoti Nair,27,Freelancer,33700,594,1.7,Bhopal,19-05-2023
C100273,Ajay Mukherjee,63,Student,27900,524,14.5,Bhopal,31-05-2024
C100274,Ananya Kumar,39,Salaried-Government,90000,684,5.7,Pune,25-07-2024
C100275,Priya Kapoor,42,Freelancer,57700,629,7.8,Bengaluru,13-03-2024
C100276,Manoj Rao,41,Self-Employed,59300,775,12.5,Kolkata,10-08-2024
C100277,Vishal Garg,55,Business Owner,86900,518,19.6,Lucknow,06-04-2025
C100278,Ravi Chatterjee,23,Salaried-Private,61500,712,0.6,Chennai,22-06-2024
C100279,Shaurya Nair,24,Business Owner,47200,856,2,Pune,04-11-2023
C100280,Ankita Bansal,33,Retired,53700,673,2.9,Bengaluru,17-07-2024
C100281,Varun Mittal,42,Salaried-Private,97400,694,17.6,Lucknow,19-02-2025
C100282,Geeta Chatterjee,50,Retired,41800,720,17.3,Indore,31-07-2024
C100283,Neha Singh,42,Salaried-Government,76700,731,12.9,Chandigarh,06-03-2024
C100284,Akash Sen,40,Salaried-Private,86300,660,7.6,Bhopal,15-04-2023
C100285,Jyoti Gupta,62,Salaried-Private,110500,615,22.9,Bengaluru,05-09-2024
C100286,Sunita Shah,28,Freelancer,71700,742,3.5,Indore,06-12-2024
C100287,Swati Dutta,46,Self-Employed,34300,532,21.6,Bhopal,01-05-2024
C100288,Rahul Bansal,44,Salaried-Private,57900,755,5.8,Chennai,22-07-2024
C100289,Swati Malhotra,41,Self-Employed,86000,661,10.4,Surat,08-04-2023
C100290,Vivaan Bansal,56,Salaried-Private,59100,689,26.4,Delhi,20-05-2025
C100291,Manoj Kumar,32,Salaried-Government,104100,653,6.4,Bhopal,16-01-2024
C100292,Pranav Rao,62,Student,29500,798,24.4,Mumbai,05-03-2025
C100293,Tara Mukherjee,35,Business Owner,67500,710,11.7,Mumbai,30-08-2024
C100294,Amit Joshi,44,Freelancer,50600,661,10.6,Surat,10-10-2024
C100295,Dinesh Das,43,Self-Employed,56800,660,4.4,Chandigarh,06-09-2023
C100296,Vijay Kumar,58,Retired,45500,674,31.4,Bhopal,25-08-2023
C100297,Simran Bose,40,Salaried-Private,58100,880,4.2,Nagpur,25-10-2023
C100298,Mohit Mukherjee,33,Salaried-Private,78900,586,9.1,Mumbai,31-08-2023
C100299,Rajesh Saxena,21,Salaried-Private,37200,772,0,Lucknow,23-09-2024
C100300,Atharv Dutta,37,Self-Employed,9600,726,3.4,Chennai,19-05-2023
C100301,Seema Sen,57,Self-Employed,41900,809,16.1,Indore,22-10-2024
C100302,Raj Awasthi,21,Business Owner,55100,738,0,Chennai,13-05-2023
C100303,Seema Sen,60,Salaried-Private,57500,688,8.8,Ahmedabad,27-04-2024
C100304,Nikhil Roy,44,Salaried-Private,67900,771,8.8,Chennai,21-09-2023
C100305,Vishal Chauhan,27,Self-Employed,42500,704,2.4,Lucknow,24-10-2024
C100306,Rahul Das,34,Retired,23700,743,3.5,Indore,16-09-2023
C100307,Ravi Reddy,45,Salaried-Private,46000,801,6.4,Jaipur,27-01-2025
C100308,Vikram Awasthi,34,Salaried-Private,37900,693,10.9,Pune,26-02-2025
C100309,Siddharth Chatterjee,25,Salaried-Private,45500,652,2.7,Pune,02-04-2024
C100310,Jyoti Tiwari,50,Salaried-Government,59000,637,12.1,Lucknow,22-01-2023
C100311,Kabir Mehta,50,Salaried-Private,80400,728,10.6,Surat,17-09-2024
C100312,Komal Pandey,26,Salaried-Private,37200,615,1.2,Hyderabad,06-09-2024
C100313,Geeta Bhatia,33,Self-Employed,62200,661,5.4,Pune,12-01-2023
C100314,Vishal Naidu,31,Salaried-Private,48100,609,4.1,Nagpur,21-05-2024
C100315,Gaurav Yadav,50,Salaried-Government,89900,734,24.4,Nagpur,27-01-2023
C100316,Karan Yadav,53,Salaried-Private,64700,629,11.3,Pune,11-08-2023
C100317,Reyansh Dubey,52,Student,23800,580,15,Chandigarh,26-06-2024
C100318,Ramesh Roy,62,Salaried-Government,51500,598,27.8,Delhi,22-02-2024
C100319,Meera Bansal,54,Salaried-Private,67200,644,14,Indore,26-07-2024
C100320,Rekha Singh,35,Salaried-Private,49100,648,10.5,Chennai,10-01-2024
C100321,Rekha Menon,25,Self-Employed,38200,705,2.8,Surat,22-09-2023
C100322,Geeta Sharma,48,Student,18800,669,6.1,Surat,04-03-2023
C100323,Lalit Krishnan,61,Salaried-Private,105700,725,32,Bhopal,09-07-2024
C100324,Riya Sen,63,Salaried-Private,54700,724,19.1,Nagpur,02-05-2024
C100325,Aditya Mehta,31,Salaried-Private,56500,747,2.7,Pune,02-04-2023
C100326,Nitin Sen,31,Self-Employed,38500,533,6.9,Jaipur,14-04-2023
C100327,Ishaan Krishnan,22,Student,8000,591,0.7,Surat,23-11-2024
C100328,Ravi Kumar,27,Salaried-Government,45600,731,1.5,Jaipur,14-01-2025
C100329,Rohan Yadav,45,Salaried-Private,55600,705,10.7,Pune,14-11-2023
C100330,Neha Yadav,45,Freelancer,47100,765,19.8,Pune,31-05-2025
C100331,Nitin Chauhan,37,Business Owner,87200,569,10.7,Jaipur,29-05-2024
C100332,Vikram Shukla,34,Salaried-Private,27200,646,7.5,Nagpur,07-05-2024
C100333,Nikhil Saxena,57,Salaried-Private,56900,664,19.9,Delhi,31-05-2025
C100334,Nikhil Yadav,41,Salaried-Government,79500,705,12.5,Hyderabad,07-07-2024
C100335,Kavya Tripathi,56,Freelancer,36300,688,23,Chandigarh,09-04-2024
C100336,Sanjay Menon,63,Business Owner,93400,731,10.4,Jaipur,22-04-2023
C100337,Ajay Nair,34,Business Owner,102600,686,5.6,Ahmedabad,19-04-2024
C100338,Gaurav Krishnan,29,Freelancer,34700,794,4.5,Pune,22-10-2023
C100339,Reyansh Roy,62,Salaried-Private,78200,827,29.2,Nagpur,03-04-2023
C100340,Tarun Awasthi,48,Salaried-Private,35400,595,19.4,Indore,24-04-2024
C100341,Aisha Sharma,33,Salaried-Private,77600,695,7.5,Bhopal,09-02-2023
C100342,Sanya Garg,48,Student,20100,746,16.5,Chennai,15-04-2025
C100343,Mohit Joshi,43,Self-Employed,76100,738,10.1,Surat,10-04-2025
C100344,Rohan Mehta,60,Salaried-Private,93100,661,30.6,Nagpur,13-10-2024
C100345,Nidhi Shah,32,Salaried-Private,52800,708,9.3,Hyderabad,18-02-2025
C100346,Ankita Chatterjee,64,Business Owner,85400,566,34.1,Hyderabad,13-01-2025
C100347,Tushar Gupta,62,Business Owner,148300,700,33.2,Surat,30-12-2024
C100348,Atharv Sen,28,Business Owner,149700,585,5.9,Bengaluru,23-04-2023
C100349,Shreya Das,28,Salaried-Private,43900,727,2.4,Chandigarh,13-06-2025
C100350,Ramesh Mittal,44,Student,17100,593,12.9,Bhopal,31-07-2023
C100351,Sachin Mittal,22,Freelancer,61100,702,0.6,Kolkata,29-03-2023
C100352,Hemant Krishnan,34,Business Owner,90700,719,7,Nagpur,01-03-2025
C100353,Kavya Sharma,40,Business Owner,114600,703,15.1,Jaipur,20-11-2024
C100354,Dinesh Garg,63,Student,27400,633,18,Ahmedabad,23-06-2024
C100355,Vishal Joshi,64,Student,23800,666,13.5,Indore,11-04-2023
C100356,Ruchi Joshi,27,Self-Employed,78500,786,2.4,Surat,14-10-2023
C100357,Atharv Menon,60,Salaried-Government,76000,657,11.7,Bengaluru,25-07-2024
C100358,Simran Mishra,25,Salaried-Government,35300,687,1.9,Bhopal,25-09-2024
C100359,Siddharth Bansal,53,Freelancer,41000,641,9,Kolkata,08-10-2024
C100360,Neha Chatterjee,58,Self-Employed,65100,771,9.7,Pune,13-08-2023
C100361,Suresh Reddy,60,Salaried-Private,89200,699,20.1,Bhopal,16-09-2024
C100362,Usha Shukla,30,Salaried-Private,77800,630,5.6,Chandigarh,10-04-2023
C100363,Kabir Gupta,60,Student,26100,684,24.4,Pune,27-08-2023
C100364,Gaurav Verma,26,Student,11600,662,1.3,Nagpur,16-01-2023
C100365,Ananya Bhatia,43,Retired,46800,798,19.4,Indore,05-03-2025
C100366,Suresh Mittal,41,Salaried-Government,74600,687,5.7,Bengaluru,28-11-2023
C100367,Sunita Roy,34,Freelancer,55700,577,8.6,Jaipur,24-05-2024
C100368,Tara Singh,21,Freelancer,51600,727,0,Surat,10-01-2023
C100369,Pooja Sen,54,Salaried-Private,40100,828,27,Ahmedabad,02-04-2025
C100370,Vivaan Chauhan,35,Salaried-Private,44800,782,7.8,Kolkata,26-12-2023
C100371,Seema Agarwal,50,Retired,32300,596,11.4,Nagpur,05-02-2024
C100372,Aditya Desai,39,Salaried-Private,84300,671,14,Jaipur,19-11-2023
C100373,Usha Sen,37,Self-Employed,112100,694,10.1,Bengaluru,05-11-2023
C100374,Komal Nair,59,Business Owner,33800,683,28.6,Bhopal,04-10-2023
C100375,Geeta Singh,25,Business Owner,139700,731,1.9,Pune,19-03-2025
C100376,Shaurya Iyer,53,Salaried-Private,69500,662,26.9,Bengaluru,13-03-2023
C100377,Ruchi Das,53,Business Owner,133200,626,27.2,Hyderabad,04-01-2025
C100378,Lalit Tiwari,37,Salaried-Private,71500,766,11.5,Bhopal,18-08-2023
C100379,Karan Joshi,32,Freelancer,71400,600,9.5,Nagpur,19-03-2023
C100380,Ravi Khanna,21,Salaried-Private,59200,624,0,Bengaluru,24-02-2025
C100381,Siddharth Das,62,Business Owner,60800,598,13.8,Bengaluru,30-01-2024
C100382,Ruchi Khanna,62,Freelancer,58700,737,27,Nagpur,24-03-2025
C100383,Sanjay Mishra,31,Salaried-Private,69300,698,6.6,Delhi,10-03-2023
C100384,Ritika Desai,22,Salaried-Private,51100,758,0.5,Jaipur,07-03-2023
C100385,Akash Desai,26,Freelancer,56500,625,1.9,Hyderabad,22-02-2025
C100386,Neha Naidu,23,Salaried-Private,54500,587,1.3,Bengaluru,16-08-2023
C100387,Tushar Singh,57,Salaried-Private,57500,653,11.8,Surat,06-03-2024
C100388,Vikram Yadav,60,Salaried-Government,52200,673,28.4,Bengaluru,28-05-2023
C100389,Manish Reddy,27,Student,9500,698,5,Hyderabad,24-08-2023
C100390,Sunita Bose,53,Self-Employed,83700,557,10.1,Surat,03-06-2024
C100391,Gaurav Bhatia,28,Salaried-Government,20200,721,5.4,Chennai,05-03-2023
C100392,Seema Dubey,37,Retired,30000,612,5.4,Nagpur,24-11-2024
C100393,Vijay Jain,47,Salaried-Government,27000,632,14.3,Jaipur,21-09-2023
C100394,Seema Bansal,52,Salaried-Government,59300,782,26.4,Delhi,29-03-2025
C100395,Vishal Tripathi,59,Salaried-Government,102000,520,9.8,Surat,25-11-2023
C100396,Manoj Menon,22,Salaried-Private,31700,710,0.3,Surat,11-10-2024
C100397,Tarun Rao,29,Salaried-Private,72300,716,7,Jaipur,23-05-2025
C100398,Aditya Patel,33,Business Owner,184000,642,3.7,Nagpur,11-08-2024
C100399,Ramesh Tiwari,34,Salaried-Private,89300,657,5.7,Surat,10-06-2025
C100400,Priya Awasthi,64,Business Owner,109500,794,22.4,Chandigarh,06-10-2024
C100401,Siddharth Chatterjee,55,Salaried-Private,85800,849,7,Lucknow,21-02-2024
C100402,Mayank Bhatia,35,Salaried-Government,36000,770,4.6,Hyderabad,04-06-2025
C100403,Ankita Nair,63,Salaried-Private,40300,836,32.8,Indore,02-04-2025
C100404,Pari Kumar,42,Self-Employed,75100,635,11.8,Lucknow,19-04-2025
C100405,Shaurya Bose,43,Business Owner,109600,570,10.5,Lucknow,19-12-2024
C100406,Vishal Singh,40,Salaried-Government,92200,689,12.9,Delhi,29-03-2023
C100407,Nikhil Garg,27,Salaried-Private,46000,751,2.6,Lucknow,23-11-2024
C100408,Arjun Mittal,62,Salaried-Private,75300,542,20.8,Delhi,25-07-2023
C100409,Jyoti Rao,21,Freelancer,46500,612,0,Pune,30-08-2023
C100410,Hemant Mittal,28,Salaried-Private,55200,623,5.2,Jaipur,02-12-2024
C100411,Tarun Awasthi,31,Freelancer,46800,715,5.9,Nagpur,30-10-2024
C100412,Vikram Roy,33,Salaried-Private,42700,704,6.8,Bengaluru,09-03-2023
C100413,Sneha Awasthi,26,Salaried-Private,62600,627,4,Bhopal,10-06-2025
C100414,Anjali Nair,21,Business Owner,94200,708,0,Jaipur,11-09-2024
C100415,Shaurya Dubey,50,Salaried-Government,62400,597,12.7,Jaipur,25-01-2025
C100416,Vijay Chaurasia,63,Salaried-Private,85100,658,20.7,Indore,24-03-2025
C100417,Reyansh Singh,26,Retired,47300,585,1.6,Ahmedabad,02-05-2024
C100418,Sanjay Tripathi,34,Salaried-Private,73700,679,11.3,Bengaluru,27-10-2023
C100419,Rahul Kumar,43,Salaried-Government,46400,622,14.4,Mumbai,01-01-2023
C100420,Ramesh Roy,61,Salaried-Government,78700,747,19.2,Pune,10-10-2024
C100421,Rekha Bose,51,Salaried-Government,52400,685,13.6,Nagpur,06-12-2023
C100422,Ramesh Krishnan,54,Freelancer,58700,670,27.6,Hyderabad,13-01-2024
C100423,Shaurya Bose,46,Salaried-Private,46800,828,11.3,Bengaluru,11-08-2024
C100424,Rohan Kumar,39,Student,19300,713,13.1,Mumbai,10-01-2024
C100425,Swati Bansal,29,Self-Employed,88000,663,6.3,Kolkata,05-05-2023
C100426,Alok Shukla,59,Retired,62000,642,31.8,Pune,22-02-2025
C100427,Manoj Chaurasia,56,Freelancer,74800,596,16.1,Pune,01-01-2024
C100428,Seema Bhatia,22,Student,8000,675,0.7,Jaipur,09-10-2024
C100429,Rajesh Gupta,52,Self-Employed,68200,714,13.3,Chennai,01-10-2024
C100430,Akash Tiwari,24,Salaried-Government,100000,541,2.6,Mumbai,13-08-2023
C100431,Rahul Sen,53,Salaried-Government,69700,581,6.6,Ahmedabad,13-03-2025
C100432,Anjali Jain,57,Business Owner,59100,647,21.6,Chandigarh,08-06-2025
C100433,Vivaan Tripathi,26,Salaried-Government,84700,604,2.8,Jaipur,23-09-2024
C100434,Aisha Shah,40,Business Owner,100200,698,15.5,Nagpur,04-02-2025
C100435,Saanvi Mukherjee,26,Salaried-Private,87100,707,1.8,Mumbai,03-07-2024
C100436,Ravi Garg,45,Freelancer,57500,678,6.3,Mumbai,05-10-2023
C100437,Harsh Ghosh,61,Salaried-Private,70600,734,31.7,Bengaluru,23-07-2023
C100438,Aisha Dutta,24,Student,14000,635,1.3,Mumbai,28-04-2025
C100439,Suresh Tiwari,38,Salaried-Private,31000,680,7.3,Surat,26-08-2024
C100440,Divya Khanna,63,Salaried-Private,60100,608,11.5,Surat,12-03-2024
C100441,Nikhil Shukla,34,Freelancer,35000,708,11,Chandigarh,24-01-2025
C100442,Vijay Malhotra,26,Freelancer,10900,687,3.2,Hyderabad,20-05-2024
C100443,Sunita Pandey,42,Business Owner,124300,602,14.4,Lucknow,30-01-2024
C100444,Nidhi Shukla,43,Retired,35100,672,18.2,Bengaluru,23-02-2023
C100445,Sneha Tiwari,50,Salaried-Private,84700,689,22.9,Nagpur,11-03-2025
C100446,Pankaj Dubey,34,Freelancer,55400,710,6.7,Hyderabad,05-03-2023
C100447,Pallavi Iyer,63,Salaried-Government,90700,719,13.1,Mumbai,01-11-2023
C100448,Sunita Rao,43,Self-Employed,63900,631,14.8,Bengaluru,26-06-2024
C100449,Pratibha Tripathi,33,Salaried-Government,48500,748,7.9,Kolkata,23-07-2024
C100450,Karan Garg,63,Salaried-Private,73600,732,9.8,Lucknow,07-08-2024
C100451,Dev Naidu,61,Self-Employed,104100,637,33.2,Ahmedabad,27-01-2025
C100452,Swati Awasthi,42,Business Owner,94800,602,9.1,Chennai,05-04-2024
C100453,Geeta Malhotra,22,Salaried-Private,41400,634,0.5,Bengaluru,09-03-2025
C100454,Nikhil Bose,47,Student,15100,564,14.6,Delhi,08-06-2024
C100455,Sanjay Awasthi,45,Self-Employed,80500,708,20.1,Indore,26-02-2024
C100456,Ajay Roy,27,Salaried-Private,46300,781,1.9,Chandigarh,14-12-2023
C100457,Akash Singh,48,Self-Employed,75100,804,12.4,Bengaluru,19-02-2024
C100458,Diya Chauhan,57,Salaried-Private,64600,602,19.8,Bengaluru,02-03-2024
C100459,Kavya Pandey,25,Salaried-Private,47700,750,3.6,Kolkata,30-04-2025
C100460,Aarav Mukherjee,52,Business Owner,109800,703,15.7,Pune,30-05-2023
C100461,Mohit Krishnan,27,Salaried-Private,68500,498,2.9,Bengaluru,24-02-2024
C100462,Mayank Shah,53,Salaried-Private,107100,669,27.3,Ahmedabad,23-04-2023
C100463,Karan Malhotra,39,Business Owner,119500,662,11.9,Ahmedabad,04-01-2023
C100464,Amit Mittal,21,Salaried-Private,86900,789,0,Jaipur,14-02-2024
C100465,Ruchi Mukherjee,63,Freelancer,47700,617,13.6,Chandigarh,12-03-2024
C100466,Neha Tiwari,28,Freelancer,21200,728,4.6,Chennai,21-09-2023
C100467,Suresh Mishra,47,Salaried-Private,65100,681,13.7,Lucknow,27-06-2024
C100468,Pankaj Rao,28,Self-Employed,89400,577,1.4,Lucknow,15-01-2023
C100469,Ravi Singh,62,Salaried-Private,85400,648,21.1,Lucknow,31-10-2024
C100470,Geeta Krishnan,53,Self-Employed,107900,818,27.4,Indore,10-01-2024
C100471,Mayank Kapoor,56,Salaried-Private,18300,668,25.3,Hyderabad,13-03-2023
C100472,Shweta Menon,40,Student,19600,755,11.2,Chandigarh,16-04-2025
C100473,Ravi Roy,41,Salaried-Private,69700,758,6.7,Mumbai,01-06-2024
C100474,Manoj Joshi,48,Business Owner,49400,651,11.7,Pune,29-02-2024
C100475,Rekha Chauhan,55,Salaried-Private,83100,589,30.5,Lucknow,03-07-2024
C100476,Divya Saxena,58,Salaried-Private,73200,598,24.5,Indore,11-05-2024
C100477,Ananya Ghosh,21,Salaried-Government,68900,806,0,Delhi,03-09-2024
C100478,Vijay Tiwari,50,Self-Employed,101600,707,20.8,Lucknow,16-10-2024
C100479,Reyansh Chatterjee,25,Retired,39800,547,1.1,Pune,03-09-2023
C100480,Sanjay Malhotra,33,Salaried-Private,30300,751,5.5,Jaipur,04-08-2024
C100481,Sneha Reddy,57,Salaried-Private,66500,547,13,Bhopal,20-11-2024
C100482,Anjali Bose,32,Salaried-Government,29300,618,9.1,Bhopal,05-05-2023
C100483,Tarun Gupta,56,Salaried-Government,88800,699,25,Ahmedabad,11-12-2024
C100484,Sachin Rao,41,Student,20400,884,11,Indore,09-11-2023
C100485,Pallavi Shukla,31,Student,8500,746,4.9,Ahmedabad,04-05-2023
C100486,Akash Nair,35,Student,11800,643,11.2,Hyderabad,01-10-2024
C100487,Rahul Bansal,44,Salaried-Private,46600,689,7.7,Nagpur,25-11-2024
C100488,Neha Srivastava,54,Salaried-Government,63700,763,8.3,Pune,14-05-2024
C100489,Nitin Rao,47,Business Owner,111600,810,20.7,Indore,08-07-2024
C100490,Varun Sen,62,Salaried-Private,62500,669,32.8,Indore,12-02-2024
C100491,Pranav Tiwari,59,Business Owner,124100,681,14.1,Delhi,28-01-2024
C100492,Hemant Bansal,54,Salaried-Private,89500,627,11.1,Lucknow,21-10-2023
C100493,Arjun Bose,47,Salaried-Private,87400,746,18.3,Indore,02-12-2024
C100494,Kavya Mishra,33,Student,9700,763,3.6,Hyderabad,16-03-2024
C100495,Sunita Chaurasia,39,Salaried-Private,89900,538,11.4,Kolkata,25-04-2023
C100496,Ishaan Krishnan,26,Retired,52600,656,3.5,Nagpur,05-08-2023
C100497,Karan Saxena,37,Salaried-Private,92500,596,10.2,Chandigarh,18-11-2023
C100498,Sachin Kumar,61,Salaried-Private,67800,702,20,Pune,02-11-2024
C100499,Arjun Mittal,39,Salaried-Private,47200,588,13.9,Pune,14-03-2025
C100500,Kabir Shukla,26,Salaried-Private,37300,579,4.3,Delhi,30-05-2023
C100501,Priya Awasthi,49,Self-Employed,50800,777,19.4,Nagpur,09-05-2023
C100502,Geeta Shah,63,Salaried-Private,72000,677,20.7,Indore,13-04-2024
C100503,Shreya Das,59,Self-Employed,101500,690,34.1,Chandigarh,15-04-2025
C100504,Ravi Reddy,33,Student,17000,717,6.2,Ahmedabad,17-09-2023
C100505,Gaurav Desai,40,Salaried-Government,57400,766,5.3,Ahmedabad,20-07-2024
C100506,Rahul Awasthi,44,Salaried-Private,63400,656,7.5,Pune,12-10-2024
C100507,Neha Roy,31,Salaried-Government,62200,657,4.4,Pune,07-01-2023
C100508,Seema Mishra,32,Freelancer,38200,654,3.5,Mumbai,25-11-2023
C100509,Pallavi Sen,31,Self-Employed,87700,779,7.4,Hyderabad,20-05-2023
C100510,Vijay Nair,64,Salaried-Private,79500,686,9,Surat,08-06-2025
C100511,Nitin Naidu,53,Self-Employed,82200,669,15.5,Chennai,16-02-2023
C100512,Ravi Pandey,57,Salaried-Government,82800,723,29.3,Bengaluru,28-04-2023
C100513,Manish Dutta,56,Salaried-Private,81300,838,9.9,Ahmedabad,25-11-2024
C100514,Kavya Kapoor,63,Salaried-Private,83900,698,25.3,Bhopal,23-05-2023
C100515,Rajesh Roy,25,Retired,24500,662,3.4,Pune,17-08-2023
C100516,Shweta Kapoor,59,Salaried-Private,88100,848,9.5,Chandigarh,13-05-2024
C100517,Jyoti Rao,23,Salaried-Private,60900,795,0.9,Surat,27-05-2024
C100518,Shreya Kumar,41,Salaried-Private,54300,782,4.5,Chennai,17-06-2025
C100519,Kavya Kumar,47,Self-Employed,82000,652,17.6,Surat,04-02-2025
C100520,Vivaan Srivastava,36,Salaried-Government,74100,643,7.4,Kolkata,23-01-2025
C100521,Raj Ghosh,27,Salaried-Private,79000,545,5.2,Bengaluru,22-03-2025
C100522,Rajesh Joshi,29,Salaried-Government,40700,763,5.5,Ahmedabad,17-05-2024
C100523,Ravi Rao,57,Business Owner,144800,707,22.4,Hyderabad,26-01-2025
C100524,Shweta Bose,35,Salaried-Private,61100,545,11.7,Jaipur,28-09-2024
C100525,Pankaj Rao,34,Student,11900,777,3.8,Mumbai,28-03-2024
C100526,Riya Malhotra,61,Salaried-Private,60300,662,29.9,Delhi,23-04-2025
C100527,Usha Sen,27,Salaried-Private,37400,668,4.3,Pune,09-05-2023
C100528,Rajesh Gupta,61,Retired,28100,563,26.9,Kolkata,12-12-2023
C100529,Pratibha Reddy,61,Freelancer,70800,729,25.9,Kolkata,09-11-2023
C100530,Alok Bhatia,47,Salaried-Private,105000,735,7.5,Delhi,03-05-2024
C100531,Aisha Naidu,28,Freelancer,20900,679,5.4,Delhi,29-10-2023
C100532,Shreya Pandey,27,Self-Employed,45600,653,3.9,Delhi,17-01-2024
C100533,Tara Mehta,33,Salaried-Private,74800,900,8.9,Delhi,10-06-2025
C100534,Nikhil Awasthi,46,Freelancer,53300,591,20.3,Bhopal,07-11-2024
C100535,Rahul Desai,27,Freelancer,59800,631,3.5,Chennai,27-12-2024
C100536,Simran Saxena,41,Salaried-Private,61000,745,17.4,Chandigarh,13-11-2023
C100537,Tushar Bose,26,Self-Employed,54100,606,1.4,Kolkata,18-10-2023
C100538,Tara Singh,44,Salaried-Government,64700,602,4.7,Nagpur,08-04-2024
C100539,Pranav Reddy,21,Salaried-Private,8000,771,0,Nagpur,07-01-2024
C100540,Kavya Bansal,52,Retired,31700,733,10.9,Surat,09-08-2024
C100541,Arjun Shukla,23,Self-Employed,89600,732,1.2,Indore,02-09-2023
C100542,Ishaan Mishra,29,Self-Employed,97800,709,3.2,Ahmedabad,08-05-2023
C100543,Tara Joshi,28,Self-Employed,102500,640,4.8,Pune,30-12-2023
C100544,Rohan Shah,57,Self-Employed,91000,673,31,Delhi,08-01-2025
C100545,Pallavi Patel,23,Salaried-Private,10700,675,1.5,Jaipur,14-03-2023
C100546,Aditya Chatterjee,39,Retired,32600,752,8.9,Surat,17-03-2023
C100547,Ruchi Tripathi,47,Self-Employed,108200,730,23.1,Jaipur,21-01-2025
C100548,Tara Bansal,43,Business Owner,148700,628,16.3,Hyderabad,09-12-2023
C100549,Reyansh Kumar,50,Salaried-Government,102100,758,22.3,Pune,24-04-2024
C100550,Manoj Yadav,56,Salaried-Private,64300,555,12,Hyderabad,20-11-2024
C100551,Kabir Das,38,Salaried-Private,35700,659,11.6,Bhopal,28-06-2024
C100552,Pratibha Agarwal,57,Salaried-Government,74000,599,9,Bengaluru,24-05-2025
C100553,Tara Krishnan,34,Salaried-Private,60500,620,4.7,Chennai,27-06-2023
C100554,Shaurya Chauhan,64,Business Owner,155300,857,9.1,Chennai,14-01-2025
C100555,Abhishek Das,43,Student,17700,565,15.3,Ahmedabad,11-02-2024
C100556,Diya Naidu,53,Salaried-Private,68100,624,6.9,Chennai,24-04-2023
C100557,Jyoti Yadav,59,Salaried-Private,71700,731,19.5,Indore,21-02-2024
C100558,Neha Tripathi,55,Business Owner,114400,659,22.2,Kolkata,26-03-2024
C100559,Jyoti Nair,58,Salaried-Private,82300,704,15.3,Pune,28-03-2023
C100560,Divya Yadav,44,Student,15300,796,10.5,Pune,11-03-2024
C100561,Reyansh Pillai,22,Salaried-Government,37600,738,0.8,Kolkata,28-01-2023
C100562,Saanvi Mittal,42,Salaried-Private,90800,656,17.5,Pune,22-08-2024
C100563,Lalit Tripathi,28,Salaried-Private,25000,673,5.6,Indore,10-07-2024
C100564,Ruchi Dubey,60,Student,28800,726,28.3,Delhi,21-04-2023
C100565,Anjali Jain,31,Salaried-Private,20800,733,3.9,Chennai,29-05-2024
C100566,Harsh Ghosh,31,Business Owner,73300,692,2.5,Ahmedabad,28-08-2023
C100567,Simran Krishnan,31,Salaried-Private,78400,720,5.4,Nagpur,04-08-2024
C100568,Ajay Joshi,49,Salaried-Private,66200,718,23.7,Chennai,01-08-2023
C100569,Kabir Kumar,46,Student,14300,674,8.9,Hyderabad,17-03-2025
C100570,Nitin Desai,62,Salaried-Private,79900,643,14.2,Pune,05-04-2024
C100571,Manish Pillai,39,Salaried-Private,63500,748,13.4,Lucknow,17-06-2025
C100572,Dinesh Awasthi,33,Self-Employed,65600,713,7.4,Nagpur,13-03-2023
C100573,Geeta Nair,23,Student,8000,514,1,Mumbai,25-01-2025
C100574,Pari Iyer,21,Salaried-Private,54300,622,0,Surat,20-02-2023
C100575,Shweta Chaurasia,37,Salaried-Private,49800,649,9.7,Jaipur,21-01-2023
C100576,Ritika Chatterjee,61,Retired,78200,675,33.8,Pune,02-06-2023
C100577,Aditya Agarwal,44,Business Owner,89500,789,10.5,Bengaluru,04-10-2023
C100578,Raj Dutta,60,Student,22700,900,19.9,Surat,18-03-2025
C100579,Rahul Pandey,25,Freelancer,36900,488,1,Surat,30-11-2024
C100580,Pallavi Nair,25,Business Owner,146500,726,1.8,Delhi,09-03-2023
C100581,Naina Mishra,57,Salaried-Government,38800,691,11.7,Surat,22-03-2025
C100582,Sachin Chaurasia,25,Salaried-Private,63800,675,0.9,Kolkata,01-08-2023
C100583,Kabir Tripathi,23,Business Owner,81100,735,0.8,Ahmedabad,31-03-2025
C100584,Pankaj Jain,38,Business Owner,49300,699,9.2,Kolkata,02-07-2023
C100585,Simran Garg,61,Retired,39200,656,14.9,Indore,26-08-2024
C100586,Mohit Ghosh,51,Self-Employed,85600,695,8.3,Ahmedabad,18-07-2024
C100587,Lalit Tiwari,25,Salaried-Private,39300,730,2.1,Indore,01-02-2025
C100588,Seema Garg,57,Salaried-Government,80600,729,10.9,Mumbai,12-07-2024
C100589,Ritika Roy,58,Self-Employed,122300,713,9.6,Chandigarh,25-05-2023
C100590,Pallavi Gupta,56,Salaried-Government,78300,645,30.5,Chandigarh,15-06-2025
C100591,Akash Gupta,60,Freelancer,36300,900,20.8,Lucknow,20-12-2023
C100592,Vikram Krishnan,31,Self-Employed,49700,716,7.6,Pune,29-04-2025
C100593,Rahul Bose,64,Salaried-Private,66500,750,13.7,Delhi,17-03-2023
C100594,Harsh Garg,35,Self-Employed,63100,648,7.3,Mumbai,26-03-2025
C100595,Saanvi Krishnan,56,Self-Employed,83600,707,9.2,Chennai,19-09-2023
C100596,Shaurya Saxena,46,Student,19200,697,12.2,Delhi,18-05-2025
C100597,Atharv Kumar,55,Salaried-Government,112200,543,26.5,Hyderabad,29-11-2024
C100598,Pooja Sen,48,Self-Employed,76700,634,22.3,Mumbai,26-05-2025
C100599,Manoj Iyer,49,Salaried-Government,46400,628,15.8,Pune,17-06-2023
C100600,Nitin Mittal,48,Self-Employed,104500,647,10.8,Indore,25-10-2024
C100601,Pratibha Gupta,55,Salaried-Private,93900,608,24.3,Delhi,30-10-2024
C100602,Mohit Garg,53,Student,21700,686,20.7,Pune,21-03-2025
C100603,Pranav Roy,26,Student,9500,793,2.6,Chennai,22-11-2024
C100604,Varun Menon,57,Self-Employed,95300,704,19.2,Ahmedabad,23-03-2023
C100605,Abhishek Joshi,44,Self-Employed,70100,596,12.5,Jaipur,02-03-2025
C100606,Rohan Yadav,35,Salaried-Private,19500,600,6.1,Indore,02-09-2023
C100607,Ishaan Sen,43,Self-Employed,88300,663,12.4,Bengaluru,20-05-2025
C100608,Manish Kapoor,63,Salaried-Government,96900,581,10.1,Chennai,25-11-2024
C100609,Deepak Kumar,58,Business Owner,148900,726,22.2,Delhi,03-11-2024
C100610,Pallavi Awasthi,57,Salaried-Private,54800,796,19.7,Mumbai,31-07-2024
C100611,Diya Mishra,41,Business Owner,103200,649,9.9,Lucknow,30-08-2024
C100612,Varun Roy,55,Salaried-Private,73600,697,14.5,Chennai,24-05-2024
C100613,Raj Sharma,37,Business Owner,97100,660,10.2,Hyderabad,06-12-2024
C100614,Rekha Tiwari,51,Self-Employed,80800,641,16.2,Ahmedabad,09-04-2025
C100615,Ravi Shukla,49,Salaried-Private,66900,705,7.6,Kolkata,20-06-2023
C100616,Anjali Desai,31,Salaried-Government,69200,637,4.6,Ahmedabad,19-01-2025
C100617,Kabir Das,32,Freelancer,60300,624,2.8,Bhopal,26-10-2024
C100618,Rekha Dubey,23,Self-Employed,96100,564,0.9,Lucknow,09-06-2024
C100619,Dinesh Roy,27,Salaried-Private,42300,691,3.4,Pune,29-03-2025
C100620,Amit Dutta,40,Salaried-Government,64300,775,9,Bengaluru,22-04-2025
C100621,Geeta Nair,42,Salaried-Private,54900,744,9.2,Delhi,12-02-2024
C100622,Sachin Khanna,28,Self-Employed,55200,807,2.8,Lucknow,03-03-2023
C100623,Amit Khanna,39,Self-Employed,34400,631,8.4,Chandigarh,20-01-2023
C100624,Swati Mehta,47,Salaried-Private,65900,757,6.5,Lucknow,06-07-2024
C100625,Tushar Dutta,31,Self-Employed,81500,604,9,Chandigarh,31-10-2023
C100626,Akash Chatterjee,35,Business Owner,88600,750,8.2,Surat,21-07-2023
C100627,Swati Sen,37,Freelancer,50300,819,10.3,Surat,28-03-2023
C100628,Lalit Dutta,43,Salaried-Private,72200,730,7.2,Nagpur,28-08-2023
C100629,Nitin Bose,37,Salaried-Private,89600,826,13.5,Jaipur,17-07-2024
C100630,Swati Bose,53,Salaried-Government,64100,641,19.2,Indore,16-12-2024
C100631,Sanya Srivastava,35,Salaried-Private,37200,674,6.9,Chandigarh,21-01-2025
C100632,Akash Rao,40,Salaried-Government,66100,616,13.3,Ahmedabad,17-08-2024
C100633,Rekha Dutta,37,Salaried-Private,99100,697,6.6,Pune,24-03-2023
C100634,Tushar Roy,29,Salaried-Private,35000,706,6.8,Bengaluru,22-09-2024
C100635,Usha Tiwari,51,Business Owner,120800,700,9.6,Chennai,20-01-2024
C100636,Saanvi Pillai,31,Salaried-Private,82200,654,7.8,Kolkata,27-04-2023
C100637,Aarav Ghosh,34,Business Owner,17500,643,11.4,Surat,28-08-2024
C100638,Nidhi Kumar,55,Salaried-Private,76800,719,18.5,Bhopal,10-05-2025
C100639,Nikhil Nair,62,Self-Employed,96900,681,33.4,Bengaluru,27-03-2025
C100640,Rekha Sharma,50,Salaried-Government,66200,597,7.3,Bengaluru,04-12-2024
C100641,Ajay Mishra,61,Freelancer,49700,535,25.4,Surat,18-07-2023
C100642,Isha Bhatia,58,Freelancer,49300,639,16.6,Mumbai,22-03-2024
C100643,Pooja Dubey,42,Salaried-Government,61700,578,9.6,Indore,20-04-2024
C100644,Naina Bose,54,Self-Employed,71900,623,17,Hyderabad,06-01-2024
C100645,Suresh Reddy,35,Salaried-Private,50800,653,8.6,Kolkata,16-01-2023
C100646,Dev Tiwari,41,Self-Employed,65700,678,12.6,Delhi,28-05-2024
C100647,Shaurya Sharma,44,Salaried-Private,88000,639,9.1,Delhi,18-12-2023
C100648,Siddharth Mishra,63,Salaried-Government,50600,862,19.7,Indore,07-11-2023
C100649,Shweta Nair,58,Salaried-Private,34800,584,13.9,Surat,07-11-2023
C100650,Reyansh Das,42,Student,20300,779,13.5,Nagpur,30-10-2024
C100651,Isha Rao,49,Salaried-Government,67500,677,7.6,Indore,09-06-2023
C100652,Ananya Gupta,29,Self-Employed,59900,636,4,Nagpur,08-05-2024
C100653,Shaurya Malhotra,56,Salaried-Government,72100,737,31,Bengaluru,09-05-2023
C100654,Akash Awasthi,45,Salaried-Private,68800,654,21.4,Lucknow,21-04-2025
C100655,Ravi Saxena,44,Salaried-Private,53700,623,12.9,Surat,29-11-2023
C100656,Varun Ghosh,54,Student,23000,826,12.3,Hyderabad,31-03-2025
C100657,Aisha Pandey,48,Freelancer,39400,510,16.4,Bengaluru,25-02-2023
C100658,Shreya Verma,24,Salaried-Private,50200,667,1.6,Pune,16-10-2024
C100659,Priya Malhotra,33,Business Owner,21900,698,2.8,Bhopal,26-03-2025
C100660,Ankita Bansal,28,Salaried-Government,89100,806,6.2,Ahmedabad,19-05-2023
C100661,Varun Krishnan,53,Salaried-Private,64300,657,13.7,Hyderabad,08-05-2025
C100662,Amit Singh,22,Self-Employed,82500,900,0.5,Jaipur,29-04-2025
C100663,Raj Tripathi,29,Salaried-Private,67700,750,4.5,Surat,15-02-2025
C100664,Kavya Ghosh,47,Salaried-Private,76400,502,21.2,Surat,11-10-2024
C100665,Nidhi Awasthi,51,Business Owner,99800,578,22.8,Jaipur,04-01-2023
C100666,Dinesh Desai,43,Salaried-Private,71600,709,7.6,Pune,14-04-2023
C100667,Nikhil Kapoor,58,Student,20200,591,26,Pune,07-11-2023
C100668,Swati Krishnan,61,Business Owner,66500,733,32.5,Pune,03-12-2024
C100669,Diya Sen,26,Freelancer,44400,650,3.5,Indore,28-01-2024
C100670,Pallavi Chauhan,62,Self-Employed,66100,594,12.2,Ahmedabad,11-02-2023
C100671,Reyansh Sharma,48,Student,23300,606,15.6,Indore,24-10-2023
C100672,Dev Dubey,48,Salaried-Government,79600,760,21.2,Chennai,23-01-2025
C100673,Saanvi Kapoor,25,Self-Employed,50400,525,1.3,Pune,21-12-2024
C100674,Vivaan Reddy,48,Self-Employed,70300,774,15.6,Pune,10-01-2025
C100675,Simran Tiwari,52,Student,21000,769,20.7,Pune,30-08-2024
C100676,Ruchi Kapoor,46,Salaried-Private,63600,663,16.1,Chennai,13-06-2023
C100677,Manoj Naidu,24,Self-Employed,73700,578,0.8,Surat,25-06-2023
C100678,Kavya Dutta,44,Freelancer,54300,732,9.1,Nagpur,09-06-2025
C100679,Karan Yadav,62,Salaried-Government,46300,648,24,Chennai,19-03-2023
C100680,Rekha Roy,52,Student,14200,560,10.7,Chennai,05-12-2024
C100681,Aarav Srivastava,27,Salaried-Government,54700,840,2.6,Chennai,23-06-2024
C100682,Ankita Mittal,63,Salaried-Private,83000,621,20.6,Hyderabad,08-02-2023
C100683,Tarun Menon,63,Self-Employed,74100,573,8.8,Mumbai,29-01-2025
C100684,Jyoti Sharma,28,Salaried-Government,90500,716,3.9,Mumbai,25-03-2025
C100685,Vikram Chatterjee,56,Salaried-Private,68100,684,31.4,Delhi,24-07-2024
C100686,Aditya Desai,38,Salaried-Private,88900,812,8.3,Bengaluru,09-06-2025
C100687,Pranav Sharma,47,Salaried-Private,88400,662,10.2,Surat,09-08-2023
C100688,Tara Sen,40,Freelancer,68400,660,7.2,Delhi,09-05-2025
C100689,Jyoti Mehta,55,Student,18200,709,19.1,Chennai,16-05-2024
C100690,Tara Sen,64,Self-Employed,83600,708,22.3,Ahmedabad,20-08-2024
C100691,Vivaan Menon,55,Salaried-Private,93100,712,27.3,Delhi,22-04-2024
C100692,Vikram Bansal,61,Self-Employed,88500,715,25.9,Kolkata,11-03-2025
C100693,Nikhil Srivastava,62,Student,26300,697,19.6,Indore,09-12-2024
C100694,Dev Rao,24,Business Owner,44800,653,1.4,Mumbai,30-12-2024
C100695,Tarun Verma,32,Salaried-Private,97800,761,6.4,Chennai,19-01-2024
C100696,Sanjay Bose,52,Salaried-Private,51600,658,11.7,Delhi,21-04-2025
C100697,Sneha Joshi,46,Student,12300,746,12.4,Hyderabad,10-10-2024
C100698,Alok Tripathi,23,Student,8000,792,0.8,Bhopal,10-11-2023
C100699,Sachin Mehta,25,Salaried-Private,8000,626,2.2,Kolkata,22-08-2023
C100700,Harsh Bhatia,43,Freelancer,35400,877,12.8,Pune,20-12-2024
C100701,Nidhi Nair,48,Salaried-Private,117000,640,21.4,Bhopal,22-01-2023
C100702,Tushar Pillai,28,Salaried-Private,50200,631,2.6,Indore,13-03-2025
C100703,Vivaan Menon,28,Freelancer,24000,726,5.8,Indore,23-11-2024
C100704,Saanvi Kapoor,26,Self-Employed,68600,725,2.9,Kolkata,29-05-2024
C100705,Vikram Chatterjee,45,Salaried-Government,50300,693,17,Chennai,06-06-2025
C100706,Manoj Mehta,21,Student,10800,747,0,Kolkata,29-08-2023
C100707,Gaurav Roy,46,Freelancer,39800,706,19.5,Chandigarh,06-06-2025
C100708,Karan Verma,41,Salaried-Private,68400,855,13.3,Ahmedabad,01-05-2023
C100709,Lalit Sen,41,Self-Employed,46500,682,4.2,Kolkata,06-11-2024
C100710,Geeta Das,50,Freelancer,97200,626,13.7,Chandigarh,30-06-2023
C100711,Vijay Roy,43,Self-Employed,86900,648,18.9,Jaipur,24-08-2024
C100712,Pratibha Pandey,53,Retired,44100,724,16.5,Chandigarh,12-11-2023
C100713,Divya Sen,54,Business Owner,91800,732,25.7,Ahmedabad,03-12-2023
C100714,Neha Mukherjee,61,Salaried-Private,59900,705,32.3,Bhopal,22-08-2023
C100715,Aditya Awasthi,56,Salaried-Private,53800,620,15.1,Bengaluru,12-04-2025
C100716,Kabir Sharma,43,Freelancer,40200,774,17.6,Lucknow,20-05-2024
C100717,Naina Roy,42,Retired,61500,844,9.7,Bhopal,08-03-2024
C100718,Pooja Reddy,31,Salaried-Private,47900,689,2.2,Ahmedabad,31-08-2023
C100719,Siddharth Chaurasia,47,Salaried-Private,22800,828,17.8,Jaipur,16-10-2024
C100720,Divya Kapoor,27,Freelancer,27700,753,4.6,Surat,10-08-2023
C100721,Vivaan Pandey,61,Salaried-Private,89600,870,20.6,Ahmedabad,25-05-2024
C100722,Vivaan Jain,58,Salaried-Private,64800,727,11.9,Kolkata,24-11-2023
C100723,Divya Shukla,26,Student,9800,692,3.2,Lucknow,18-03-2025
C100724,Meera Chatterjee,55,Freelancer,76300,758,24.4,Chandigarh,03-10-2023
C100725,Pallavi Shukla,26,Student,8000,646,3.3,Ahmedabad,12-09-2024
C100726,Suresh Srivastava,52,Business Owner,120600,730,13.9,Indore,13-06-2023
C100727,Reyansh Nair,24,Salaried-Private,42800,792,1.4,Bhopal,04-10-2023
C100728,Seema Shukla,42,Student,18400,748,12.3,Lucknow,11-04-2024
C100729,Reyansh Dutta,49,Salaried-Private,58400,686,9.4,Bengaluru,04-04-2025
C100730,Hemant Gupta,53,Salaried-Private,63000,705,25.4,Pune,01-01-2024
C100731,Sanya Kumar,39,Student,17900,743,4.9,Mumbai,09-06-2023
C100732,Sachin Sen,61,Business Owner,127900,757,21.6,Indore,13-03-2025
C100733,Pankaj Shukla,55,Student,21400,743,27.3,Jaipur,11-07-2023
C100734,Geeta Joshi,30,Salaried-Private,49200,714,5.1,Chennai,19-07-2023
C100735,Diya Iyer,50,Retired,63800,623,21.2,Hyderabad,20-11-2023
C100736,Seema Mishra,53,Self-Employed,92900,640,11.8,Lucknow,05-01-2025
C100737,Ruchi Chaurasia,35,Business Owner,81100,729,7.2,Delhi,27-11-2023
C100738,Aisha Dutta,53,Student,19100,749,22.4,Pune,11-05-2025
C100739,Nidhi Jain,60,Salaried-Government,98600,750,32.1,Mumbai,11-01-2025
C100740,Siddharth Sen,56,Business Owner,105700,641,22.8,Chandigarh,18-01-2025
C100741,Pankaj Jain,54,Self-Employed,75300,679,12.2,Chandigarh,29-01-2024
C100742,Hemant Shukla,48,Freelancer,56600,594,8.2,Chandigarh,17-01-2025
C100743,Pankaj Krishnan,32,Student,13700,570,8.7,Nagpur,24-02-2025
C100744,Ishaan Saxena,55,Business Owner,99800,701,20,Kolkata,25-12-2023
C100745,Rekha Mukherjee,37,Salaried-Private,85500,801,5.3,Surat,26-10-2023
C100746,Kabir Chaurasia,44,Salaried-Private,89400,701,12.4,Bhopal,08-04-2023
C100747,Seema Desai,34,Retired,44600,839,3.7,Chandigarh,15-12-2023
C100748,Siddharth Singh,34,Retired,54700,675,3.6,Ahmedabad,05-03-2024
C100749,Shweta Khanna,27,Retired,35500,687,5.1,Bhopal,17-11-2024
C100750,Rahul Tiwari,63,Salaried-Private,85600,613,24.4,Chandigarh,14-05-2024
C100751,Komal Jain,27,Salaried-Government,85000,664,2.2,Bhopal,11-08-2023
C100752,Tushar Srivastava,24,Freelancer,61500,594,2.5,Kolkata,26-09-2023
C100753,Alok Pillai,62,Freelancer,75100,567,36.9,Chennai,22-04-2023
C100754,Dev Gupta,45,Salaried-Private,77200,597,19.7,Chandigarh,16-07-2023
C100755,Rahul Agarwal,40,Self-Employed,120600,704,13.7,Mumbai,05-05-2023
C100756,Shreya Joshi,53,Salaried-Private,57000,629,28,Indore,25-11-2024
C100757,Manish Nair,37,Salaried-Government,63500,649,5.4,Surat,29-07-2023
C100758,Manish Chaurasia,26,Salaried-Private,52700,720,4.1,Bhopal,15-02-2023
C100759,Sneha Agarwal,53,Salaried-Private,60400,565,14.4,Nagpur,24-06-2024
C100760,Dev Ghosh,28,Salaried-Private,18000,689,1.6,Lucknow,14-05-2024
C100761,Ritika Sen,45,Student,22000,751,5.3,Indore,06-02-2023
C100762,Rajesh Sen,62,Business Owner,71600,765,13.6,Surat,12-09-2024
C100763,Aditya Mehta,62,Student,25200,725,30.6,Mumbai,20-08-2024
C100764,Mohit Mishra,36,Salaried-Government,35200,681,12.4,Pune,16-05-2025
C100765,Suresh Yadav,55,Salaried-Government,87800,643,9.8,Indore,19-11-2024
C100766,Diya Pandey,47,Salaried-Government,53600,681,20.6,Hyderabad,20-12-2024
C100767,Dinesh Gupta,42,Self-Employed,47100,819,15.3,Mumbai,03-11-2024
C100768,Pratibha Menon,27,Salaried-Government,67200,711,1.4,Ahmedabad,07-08-2024
C100769,Varun Ghosh,37,Business Owner,72000,682,11.4,Kolkata,23-07-2024
C100770,Reyansh Tiwari,49,Freelancer,46000,731,6.4,Kolkata,15-07-2024
C100771,Abhishek Naidu,64,Student,26000,687,16.5,Bhopal,31-01-2024
C100772,Sanya Menon,21,Salaried-Private,71000,708,0,Bengaluru,27-03-2023
C100773,Aisha Kumar,52,Self-Employed,58800,669,25.9,Ahmedabad,02-06-2025
C100774,Lalit Mishra,58,Salaried-Private,50000,654,10.1,Jaipur,28-05-2025
C100775,Vishal Mishra,62,Salaried-Private,71900,770,18.2,Lucknow,23-03-2023
C100776,Harsh Bhatia,39,Business Owner,112500,540,10.9,Bhopal,05-12-2024
C100777,Akash Reddy,26,Self-Employed,103100,733,3.6,Hyderabad,12-11-2024
C100778,Harsh Dubey,32,Business Owner,58100,650,9.2,Indore,12-08-2023
C100779,Abhishek Patel,58,Salaried-Private,63400,537,19.5,Nagpur,10-12-2023
C100780,Manish Tiwari,59,Retired,62300,611,30,Nagpur,23-11-2024
C100781,Ruchi Verma,49,Retired,67900,687,17.7,Mumbai,13-01-2025
C100782,Sunita Das,26,Salaried-Government,40700,694,1.7,Pune,26-12-2023
C100783,Sunita Mukherjee,26,Student,8000,740,3,Surat,20-07-2024
C100784,Arjun Krishnan,42,Salaried-Private,71000,755,8.8,Chennai,15-02-2024
C100785,Karan Reddy,46,Business Owner,79500,568,17.3,Mumbai,06-05-2023
C100786,Pallavi Pandey,22,Student,8000,711,0.4,Hyderabad,26-05-2023
C100787,Ananya Patel,51,Freelancer,59900,747,11.5,Mumbai,25-01-2025
C100788,Pari Rao,44,Freelancer,78000,709,19.8,Chandigarh,16-01-2023
C100789,Aarav Ghosh,21,Salaried-Government,31700,724,0,Chennai,10-03-2023
C100790,Rahul Dutta,25,Freelancer,69600,535,2.1,Surat,24-09-2023
C100791,Sunita Ghosh,40,Business Owner,77200,612,14,Mumbai,30-12-2024
C100792,Pooja Naidu,52,Salaried-Private,74300,800,27.5,Chandigarh,25-09-2024
C100793,Komal Dutta,57,Salaried-Private,101200,672,9.4,Hyderabad,25-05-2024
C100794,Tushar Das,39,Freelancer,56400,866,11.2,Hyderabad,14-07-2024
C100795,Ruchi Srivastava,33,Self-Employed,63700,587,4.5,Bengaluru,16-05-2023
C100796,Geeta Sharma,63,Self-Employed,100000,820,31.9,Delhi,24-05-2023
C100797,Mayank Shah,41,Student,15700,633,5.4,Indore,19-06-2024
C100798,Kabir Iyer,34,Business Owner,109900,765,9.8,Nagpur,17-11-2023
C100799,Swati Garg,40,Salaried-Government,63600,665,6.5,Mumbai,14-05-2024
C100800,Naina Agarwal,21,Salaried-Government,79400,701,0,Chennai,01-08-2024
C100801,Dinesh Das,34,Self-Employed,37700,733,10,Surat,12-10-2023
C100802,Nitin Menon,43,Freelancer,36600,636,5.4,Jaipur,06-02-2025
C100803,Shweta Nair,61,Self-Employed,48200,751,34,Lucknow,01-01-2025
C100804,Hemant Gupta,53,Self-Employed,77400,670,11.3,Indore,07-04-2023
C100805,Nitin Malhotra,55,Business Owner,52700,702,18.7,Bhopal,24-04-2023
C100806,Karan Rao,44,Business Owner,75100,479,16.4,Chennai,08-07-2023
C100807,Dinesh Pandey,25,Freelancer,27900,657,1.1,Pune,06-05-2023
C100808,Divya Mishra,38,Salaried-Private,91400,794,10.6,Pune,09-05-2024
C100809,Pankaj Menon,64,Freelancer,45300,742,24.1,Bengaluru,06-08-2023
C100810,Suresh Saxena,22,Self-Employed,35500,756,0.6,Jaipur,07-08-2024
C100811,Kavya Patel,59,Salaried-Private,75200,695,25.2,Delhi,18-02-2025
C100812,Rahul Dubey,51,Business Owner,154000,837,14.8,Delhi,06-05-2023
C100813,Rahul Gupta,33,Business Owner,89100,716,4.9,Bengaluru,30-05-2023
C100814,Anjali Shukla,55,Self-Employed,78700,638,11.2,Chandigarh,10-06-2023
C100815,Jyoti Mukherjee,57,Freelancer,79100,760,30.9,Kolkata,26-12-2024
C100816,Nitin Dubey,22,Salaried-Private,73000,764,0.5,Chennai,29-05-2025
C100817,Ritika Garg,25,Salaried-Private,65100,740,1.6,Jaipur,27-11-2024
C100818,Dev Tripathi,50,Salaried-Government,59300,656,6.9,Lucknow,08-09-2024
C100819,Vishal Agarwal,64,Salaried-Government,87700,715,31.2,Chandigarh,02-07-2024
C100820,Aarav Menon,22,Business Owner,44900,798,0.6,Ahmedabad,01-07-2023
C100821,Jyoti Tripathi,50,Freelancer,45600,725,9.7,Bhopal,27-02-2024
C100822,Divya Khanna,27,Business Owner,136200,582,5,Chennai,30-03-2025
C100823,Vishal Mehta,49,Salaried-Private,92200,643,23.9,Bhopal,17-11-2023
C100824,Raj Shah,48,Salaried-Government,80900,638,22,Bengaluru,26-01-2023
C100825,Gaurav Saxena,24,Salaried-Private,17600,622,1.8,Bengaluru,14-07-2023
C100826,Nikhil Jain,50,Business Owner,60900,520,13.4,Chandigarh,30-03-2024
C100827,Manish Mishra,60,Salaried-Private,57000,839,12.2,Chandigarh,17-09-2024
C100828,Jyoti Reddy,58,Self-Employed,76700,621,17.2,Indore,25-01-2024
C100829,Ajay Mehta,22,Freelancer,24400,619,0.6,Delhi,20-02-2024
C100830,Ajay Yadav,31,Business Owner,84100,537,3.6,Indore,17-09-2024
C100831,Aisha Tripathi,31,Salaried-Private,94300,763,5.2,Indore,04-09-2023
C100832,Pratibha Garg,40,Salaried-Private,70600,683,11.4,Jaipur,18-12-2024
C100833,Nikhil Chauhan,27,Business Owner,97400,666,4.3,Kolkata,20-10-2023
C100834,Pooja Nair,58,Self-Employed,56400,664,9.8,Bengaluru,10-04-2023
C100835,Seema Sen,55,Salaried-Private,35800,732,27.4,Surat,06-05-2023
C100836,Suresh Sen,56,Student,18600,644,18.2,Chandigarh,23-11-2023
C100837,Divya Krishnan,29,Self-Employed,28900,525,4.9,Surat,10-02-2023
C100838,Rahul Dutta,21,Salaried-Government,62200,586,0,Hyderabad,20-06-2023
C100839,Ruchi Bose,61,Salaried-Private,78700,584,12.7,Jaipur,30-01-2024
C100840,Rahul Awasthi,33,Salaried-Government,44100,708,9.8,Bengaluru,27-04-2025
C100841,Aisha Naidu,49,Salaried-Private,69200,764,21.4,Kolkata,28-05-2025
C100842,Vikram Rao,61,Salaried-Private,100400,812,35.8,Indore,18-11-2024
C100843,Rahul Saxena,22,Self-Employed,113400,566,0.5,Indore,29-04-2025
C100844,Pooja Agarwal,21,Salaried-Government,77400,741,0,Lucknow,07-07-2024
C100845,Aisha Khanna,21,Student,8000,631,0,Pune,02-05-2023
C100846,Kavya Desai,27,Student,12900,900,4.5,Pune,17-08-2024
C100847,Mohit Chaurasia,23,Salaried-Private,82800,803,0.6,Chandigarh,11-05-2024
C100848,Pranav Mittal,57,Salaried-Private,29300,820,14.9,Mumbai,05-02-2025
C100849,Tushar Iyer,47,Freelancer,78100,755,23.2,Pune,10-11-2023
C100850,Riya Sen,64,Retired,43700,717,21.9,Jaipur,08-01-2025
C100851,Pratibha Nair,56,Student,20600,650,12.7,Mumbai,07-08-2024
C100852,Sanya Mittal,63,Salaried-Private,64700,641,30.5,Bhopal,26-10-2024
C100853,Reyansh Singh,31,Salaried-Private,65400,625,3.9,Pune,25-01-2023
C100854,Sanya Chauhan,33,Salaried-Private,37600,735,6.9,Bhopal,19-05-2025
C100855,Suresh Shukla,58,Freelancer,54200,812,11.5,Bengaluru,04-05-2024
C100856,Priya Garg,31,Self-Employed,82600,663,5.2,Mumbai,07-08-2024
C100857,Aditya Bose,23,Self-Employed,72000,633,0.6,Ahmedabad,20-02-2024
C100858,Sunita Mehta,50,Self-Employed,86700,574,21.5,Nagpur,03-05-2023
C100859,Riya Singh,56,Salaried-Private,62500,708,15.9,Delhi,20-05-2024
C100860,Priya Iyer,63,Self-Employed,99400,793,17.8,Delhi,14-09-2024
C100861,Rohan Sharma,61,Salaried-Private,92100,796,35.8,Chandigarh,18-05-2023
C100862,Tushar Tripathi,26,Self-Employed,91900,804,3.9,Delhi,29-11-2023
C100863,Ruchi Tiwari,54,Business Owner,114900,730,19.4,Jaipur,10-07-2024
C100864,Sanjay Sen,58,Business Owner,132800,707,31.9,Mumbai,17-09-2023
C100865,Sanjay Bansal,51,Salaried-Private,84400,795,10.4,Mumbai,24-09-2023
C100866,Arjun Chaurasia,57,Freelancer,101200,606,21.7,Pune,12-04-2023
C100867,Sachin Khanna,57,Business Owner,141400,665,30.6,Surat,02-04-2024
C100868,Mayank Awasthi,40,Salaried-Private,60800,825,11.4,Jaipur,19-04-2023
C100869,Reyansh Bhatia,22,Salaried-Private,37200,599,0.4,Nagpur,21-02-2025
C100870,Vishal Chatterjee,41,Self-Employed,67700,687,15.4,Mumbai,05-06-2023
C100871,Shaurya Gupta,29,Salaried-Private,51600,738,2.4,Mumbai,26-03-2023
C100872,Karan Kapoor,26,Salaried-Private,67200,696,1.5,Chandigarh,13-04-2025
C100873,Ananya Tiwari,26,Salaried-Private,43000,778,3.6,Pune,24-12-2023
C100874,Manish Roy,51,Salaried-Private,90800,815,7.5,Hyderabad,27-06-2023
C100875,Alok Menon,43,Salaried-Government,38700,724,5.2,Indore,08-05-2024
C100876,Shweta Naidu,44,Self-Employed,36000,796,10.7,Chennai,03-04-2023
C100877,Kavya Mishra,53,Salaried-Private,65100,615,15.3,Mumbai,07-01-2024
C100878,Atharv Patel,45,Business Owner,70600,677,12.7,Mumbai,15-08-2024
C100879,Sanjay Krishnan,48,Salaried-Private,40600,878,19.4,Indore,07-03-2024
C100880,Ankita Kapoor,24,Salaried-Private,43500,841,1.8,Bengaluru,13-04-2025
C100881,Ishaan Mittal,58,Salaried-Private,54600,586,25.9,Nagpur,10-10-2024
C100882,Saanvi Awasthi,40,Freelancer,51800,686,4.5,Bengaluru,06-08-2024
C100883,Isha Patel,27,Retired,28000,695,2.5,Pune,25-08-2024
C100884,Raj Naidu,56,Salaried-Government,62600,722,30.7,Mumbai,09-09-2024
C100885,Pari Gupta,53,Salaried-Private,67700,792,16,Ahmedabad,05-03-2024
C100886,Dev Mukherjee,23,Salaried-Private,76100,838,0.7,Nagpur,05-04-2023
C100887,Vikram Pillai,29,Salaried-Private,87600,696,7.2,Nagpur,20-08-2023
C100888,Ritika Ghosh,21,Freelancer,46400,776,0,Pune,09-10-2023
C100889,Aisha Das,32,Salaried-Private,63900,741,5.9,Mumbai,21-08-2023
C100890,Hemant Shah,25,Retired,32400,683,1.4,Lucknow,10-09-2023
C100891,Rekha Tiwari,52,Self-Employed,89900,557,20.4,Chennai,18-11-2024
C100892,Shaurya Mishra,43,Self-Employed,84200,774,7.6,Indore,30-04-2025
C100893,Lalit Rao,64,Freelancer,82400,740,27,Mumbai,10-02-2024
C100894,Ruchi Tiwari,53,Salaried-Private,30000,715,23.4,Delhi,12-03-2024
C100895,Vikram Nair,47,Freelancer,50600,609,17.1,Chandigarh,24-10-2023
C100896,Naina Kapoor,43,Salaried-Private,70600,847,5.8,Surat,21-07-2024
C100897,Rekha Iyer,23,Freelancer,44400,698,0.5,Surat,08-09-2024
C100898,Aditya Agarwal,24,Self-Employed,44700,595,2.4,Jaipur,20-02-2023
C100899,Kabir Tripathi,48,Salaried-Private,39800,581,22.5,Bhopal,28-03-2024
C100900,Karan Awasthi,21,Freelancer,56900,742,0,Lucknow,19-01-2024
C100901,Rahul Agarwal,22,Salaried-Private,40300,742,0.5,Bengaluru,02-02-2024
C100902,Naina Saxena,30,Salaried-Private,23500,646,5.9,Bhopal,01-04-2024
C100903,Ishaan Roy,59,Freelancer,72900,727,29.8,Jaipur,05-05-2023
C100904,Ritika Yadav,41,Salaried-Government,78600,745,16.7,Bengaluru,20-12-2024
C100905,Manoj Pillai,52,Student,20300,694,21.4,Lucknow,21-03-2025
C100906,Deepak Bansal,39,Self-Employed,51300,631,5.5,Lucknow,08-04-2023
C100907,Naina Roy,28,Self-Employed,66100,766,5.2,Chennai,17-01-2025
C100908,Seema Saxena,37,Salaried-Private,85700,759,12.8,Bengaluru,20-05-2024
C100909,Siddharth Reddy,25,Salaried-Private,24300,729,1.8,Indore,23-01-2025
C100910,Pratibha Reddy,54,Retired,27400,617,18,Bhopal,15-06-2023
C100911,Aarav Chatterjee,29,Salaried-Private,45600,580,2.5,Bengaluru,18-06-2023
C100912,Tushar Khanna,37,Self-Employed,71800,696,6.6,Lucknow,05-01-2023
C100913,Aditya Bhatia,64,Salaried-Private,62300,763,34.8,Delhi,29-03-2024
C100914,Nitin Pillai,47,Salaried-Private,78300,774,6.8,Indore,08-01-2024
C100915,Amit Dutta,41,Self-Employed,100100,741,14.7,Chennai,02-05-2025
C100916,Pari Naidu,44,Freelancer,57700,652,6.2,Bengaluru,16-05-2024
C100917,Vivaan Shah,55,Freelancer,66600,625,13.8,Chandigarh,14-04-2025
C100918,Pooja Shah,32,Student,13500,680,6.7,Nagpur,25-08-2023
C100919,Aisha Mittal,49,Salaried-Private,66400,689,5.7,Lucknow,04-02-2023
C100920,Rohan Naidu,59,Salaried-Government,47200,775,25.6,Indore,17-01-2025
C100921,Swati Garg,46,Salaried-Private,44400,648,10.5,Indore,07-01-2023
C100922,Meera Bansal,40,Business Owner,52400,656,13.8,Chennai,03-02-2025
C100923,Riya Saxena,27,Salaried-Private,54400,852,5.3,Surat,05-04-2024
C100924,Manish Desai,31,Self-Employed,75600,815,4.9,Lucknow,06-06-2024
C100925,Vishal Bhatia,62,Salaried-Private,42400,615,9.1,Indore,10-07-2023
C100926,Isha Chatterjee,44,Freelancer,54400,805,18.3,Jaipur,30-08-2023
C100927,Tara Malhotra,34,Freelancer,35200,595,5.1,Jaipur,09-07-2023
C100928,Naina Rao,39,Student,12200,647,5.5,Bhopal,27-10-2024
C100929,Reyansh Tiwari,46,Salaried-Private,52500,662,20.4,Indore,23-02-2024
C100930,Nidhi Khanna,44,Retired,28800,678,8.3,Mumbai,02-04-2023
C100931,Sunita Naidu,51,Salaried-Private,79100,741,18.7,Indore,12-02-2023
C100932,Karan Kapoor,32,Salaried-Private,56000,696,4.2,Pune,08-10-2024
C100933,Kabir Das,49,Salaried-Private,82500,741,19.6,Kolkata,25-08-2024
C100934,Simran Tiwari,40,Salaried-Private,53700,655,12.4,Ahmedabad,12-10-2023
C100935,Vikram Sharma,62,Self-Employed,72700,720,22.8,Mumbai,12-11-2023
C100936,Naina Saxena,27,Salaried-Private,94900,700,3.5,Jaipur,21-12-2024
C100937,Tara Agarwal,27,Salaried-Government,27200,573,2.2,Nagpur,07-03-2023
C100938,Pari Mishra,41,Business Owner,137100,739,4.3,Lucknow,17-05-2025
C100939,Neha Bhatia,43,Freelancer,79300,699,16.7,Kolkata,03-02-2025
C100940,Ritika Mishra,51,Business Owner,124500,641,24.7,Mumbai,30-04-2023
C100941,Neha Ghosh,38,Self-Employed,64900,655,12.7,Chandigarh,17-04-2024
C100942,Deepak Dubey,61,Salaried-Private,99500,662,27.8,Lucknow,23-05-2024
C100943,Manoj Chaurasia,41,Freelancer,46900,667,10.6,Ahmedabad,03-04-2025
C100944,Manoj Tiwari,26,Salaried-Private,42900,827,3,Pune,21-06-2024
C100945,Anjali Bansal,26,Salaried-Private,49200,854,3.4,Pune,04-01-2023
C100946,Rohan Menon,63,Salaried-Private,60400,470,9.2,Hyderabad,14-09-2023
C100947,Jyoti Sharma,26,Business Owner,59700,728,2.5,Pune,10-06-2024
C100948,Aarav Sharma,62,Salaried-Government,101300,771,14.6,Bengaluru,04-12-2023
C100949,Manoj Yadav,33,Business Owner,68000,672,5.5,Pune,27-02-2024
C100950,Deepak Singh,25,Salaried-Private,56000,762,2.9,Nagpur,27-04-2025
C100951,Ramesh Das,34,Salaried-Government,33900,817,5.9,Jaipur,23-04-2025
C100952,Tushar Desai,48,Salaried-Government,72000,581,19.4,Jaipur,30-08-2023
C100953,Pooja Mittal,39,Salaried-Private,39100,696,15.8,Bhopal,09-06-2023
C100954,Seema Nair,55,Salaried-Government,48100,843,28.8,Indore,09-05-2025
C100955,Vijay Rao,47,Self-Employed,73800,592,20.3,Jaipur,06-05-2024
C100956,Lalit Kumar,38,Self-Employed,98200,685,13.6,Pune,16-06-2024
C100957,Pratibha Bhatia,48,Salaried-Private,74600,655,12.8,Kolkata,05-06-2023
C100958,Ishaan Awasthi,63,Business Owner,121100,782,29.9,Indore,02-08-2024
C100959,Tushar Chauhan,39,Salaried-Private,59600,784,12,Chennai,12-02-2025
C100960,Priya Singh,27,Salaried-Private,50700,700,5.3,Nagpur,02-05-2023
C100961,Rajesh Pandey,38,Salaried-Private,77600,694,10.2,Ahmedabad,29-10-2023
C100962,Nikhil Menon,57,Salaried-Government,62500,551,18,Lucknow,05-01-2024
C100963,Jyoti Desai,30,Salaried-Private,75300,805,7.1,Bengaluru,10-02-2024
C100964,Shaurya Agarwal,62,Business Owner,144000,673,29.7,Nagpur,21-07-2023
C100965,Neha Agarwal,46,Salaried-Private,48200,675,7.2,Chandigarh,10-09-2024
C100966,Hemant Agarwal,47,Freelancer,43300,764,16.1,Indore,18-07-2023
C100967,Pallavi Sen,34,Salaried-Private,49300,703,8,Chandigarh,01-09-2023
C100968,Raj Bhatia,61,Self-Employed,46800,767,25.7,Ahmedabad,11-05-2024
C100969,Ravi Shukla,22,Freelancer,36900,733,0.9,Hyderabad,19-04-2023
C100970,Komal Joshi,34,Salaried-Government,94300,710,8.1,Bhopal,29-01-2025
C100971,Dinesh Patel,39,Salaried-Private,41300,711,14.6,Jaipur,06-02-2024
C100972,Nidhi Awasthi,42,Self-Employed,106200,606,9.5,Hyderabad,18-05-2025
C100973,Diya Bhatia,41,Retired,35800,673,4.8,Chennai,28-11-2023
C100974,Ramesh Singh,27,Retired,60800,775,2.8,Bengaluru,14-01-2023
C100975,Vijay Saxena,30,Salaried-Private,45000,614,5.2,Nagpur,16-11-2023
C100976,Ananya Srivastava,25,Freelancer,43300,629,3.1,Lucknow,16-07-2024
C100977,Shweta Mishra,46,Salaried-Private,46800,616,16.1,Chennai,07-01-2023
C100978,Pooja Dubey,36,Salaried-Private,47200,699,7.6,Hyderabad,09-03-2024
C100979,Rajesh Awasthi,45,Business Owner,140400,813,12.6,Bhopal,02-12-2024
C100980,Nitin Sharma,46,Self-Employed,87400,736,22.4,Lucknow,13-03-2025
C100981,Gaurav Shukla,51,Self-Employed,102700,521,9,Lucknow,27-10-2024
C100982,Rajesh Kapoor,45,Freelancer,32600,736,8.3,Mumbai,11-08-2023
C100983,Gaurav Bose,49,Salaried-Private,79300,656,17.9,Nagpur,25-09-2024
C100984,Meera Bansal,46,Business Owner,66900,730,17.3,Ahmedabad,05-12-2024
C100985,Arjun Shukla,49,Salaried-Government,42300,674,13.3,Lucknow,06-01-2024
C100986,Pratibha Ghosh,48,Salaried-Private,70600,621,6,Bengaluru,12-08-2024
C100987,Komal Sen,34,Salaried-Government,70700,684,7.4,Surat,21-03-2024
C100988,Tushar Kumar,31,Retired,37600,650,3,Delhi,05-01-2024
C100989,Ritika Shah,55,Salaried-Government,89900,718,8.1,Ahmedabad,20-08-2024
C100990,Sneha Krishnan,36,Salaried-Private,78500,620,6.6,Hyderabad,25-05-2025
C100991,Dinesh Dubey,45,Business Owner,144600,611,7.1,Kolkata,09-05-2025
C100992,Vijay Krishnan,29,Retired,21900,741,4.1,Indore,17-01-2023
C100993,Nikhil Joshi,39,Student,20000,771,13.2,Mumbai,12-09-2023
C100994,Kavya Roy,44,Self-Employed,120400,744,5.4,Ahmedabad,17-01-2025
C100995,Mohit Shukla,48,Salaried-Government,63200,637,14.8,Nagpur,03-11-2024
C100996,Pratibha Shukla,44,Self-Employed,35200,626,12.6,Nagpur,22-10-2024
C100997,Nidhi Joshi,36,Freelancer,27900,629,3,Jaipur,07-07-2024
C100998,Ramesh Chauhan,63,Student,23700,754,30.1,Surat,21-01-2024
C100999,Aisha Rao,43,Freelancer,85000,626,5.8,Jaipur,25-07-2024
C101000,Rajesh Iyer,56,Salaried-Government,74900,761,29.8,Ahmedabad,15-01-2025
C101001,Varun Dutta,53,Salaried-Private,55500,739,20.7,Bengaluru,26-03-2023
C101002,Siddharth Reddy,45,Self-Employed,59200,787,9.6,Bhopal,11-01-2023
C101003,Tushar Kapoor,60,Salaried-Private,44100,771,33.1,Ahmedabad,18-11-2024
C101004,Deepak Roy,26,Salaried-Private,74500,734,2.4,Indore,26-02-2023
C101005,Nidhi Sharma,61,Salaried-Government,74500,573,15.3,Hyderabad,05-01-2024
C101006,Kabir Mukherjee,58,Business Owner,170000,754,17.4,Bengaluru,21-04-2023
C101007,Vikram Menon,43,Student,18900,692,13.8,Hyderabad,24-10-2023
C101008,Manoj Yadav,53,Freelancer,70100,660,22.6,Surat,17-06-2023
C101009,Rahul Reddy,43,Student,16300,791,14.6,Jaipur,25-01-2024
C101010,Mayank Chaurasia,32,Freelancer,30900,672,9.3,Surat,13-01-2023
C101011,Lalit Agarwal,56,Business Owner,74000,648,30.4,Hyderabad,23-02-2025
C101012,Priya Naidu,31,Salaried-Private,31600,774,3.4,Pune,26-09-2024
C101013,Sneha Kapoor,34,Self-Employed,93000,661,10.9,Surat,10-08-2024
C101014,Vijay Garg,43,Salaried-Private,56100,642,6,Kolkata,30-11-2024
C101015,Akash Dubey,57,Salaried-Private,88500,603,31.3,Pune,09-01-2023
C101016,Vishal Yadav,37,Salaried-Private,64100,624,6.1,Chennai,03-05-2024
C101017,Vijay Mishra,42,Freelancer,47700,628,8.1,Pune,31-07-2023
C101018,Shweta Bose,22,Business Owner,51000,737,0.5,Chennai,14-02-2025
C101019,Aditya Shukla,26,Student,11200,600,1.6,Lucknow,17-09-2024
C101020,Lalit Nair,23,Retired,31200,536,1.6,Bengaluru,12-03-2023
C101021,Priya Yadav,24,Student,12200,706,0.9,Lucknow,27-02-2025
C101022,Ruchi Chauhan,59,Salaried-Private,55900,637,19.3,Delhi,23-06-2024
C101023,Simran Iyer,58,Student,24900,682,30.9,Ahmedabad,29-04-2024
C101024,Ruchi Iyer,57,Freelancer,84700,795,23.2,Kolkata,27-04-2023
C101025,Reyansh Khanna,23,Student,9900,687,1.3,Indore,16-06-2024
C101026,Reyansh Mukherjee,24,Salaried-Private,71900,811,2.7,Surat,06-12-2023
C101027,Rajesh Reddy,33,Salaried-Private,71200,685,2.6,Chennai,10-09-2023
C101028,Siddharth Chauhan,45,Student,23500,764,10.2,Pune,13-07-2023
C101029,Komal Gupta,35,Salaried-Private,68000,646,4,Lucknow,07-05-2023
C101030,Swati Tiwari,42,Salaried-Government,84300,701,6.9,Indore,20-01-2025
C101031,Pranav Kapoor,28,Salaried-Government,62500,614,2.5,Chandigarh,29-01-2024
C101032,Ruchi Chauhan,53,Salaried-Private,52300,622,20.4,Indore,28-08-2023
C101033,Ananya Bhatia,34,Salaried-Private,36000,667,5.1,Hyderabad,29-04-2024
C101034,Raj Verma,23,Retired,49000,581,1.3,Kolkata,28-10-2023
C101035,Vishal Bhatia,53,Student,18000,695,22.9,Kolkata,23-05-2024
C101036,Ishaan Agarwal,60,Student,26100,659,18.8,Ahmedabad,31-01-2023
C101037,Atharv Awasthi,21,Salaried-Private,63300,708,0,Mumbai,21-06-2023
C101038,Swati Jain,40,Salaried-Private,81000,587,5.6,Hyderabad,12-08-2024
C101039,Siddharth Srivastava,57,Salaried-Government,63600,745,26.2,Chennai,11-03-2023
C101040,Lalit Naidu,52,Salaried-Government,55500,824,15.3,Ahmedabad,28-05-2025
C101041,Naina Awasthi,58,Salaried-Private,77400,810,29,Chennai,30-10-2023
C101042,Tushar Joshi,39,Freelancer,46500,839,10.2,Pune,31-05-2024
C101043,Kabir Menon,37,Retired,24600,687,11,Chandigarh,23-12-2024
C101044,Rahul Ghosh,52,Self-Employed,124900,670,14,Chennai,12-03-2024
C101045,Ajay Bhatia,27,Salaried-Government,45500,725,2.8,Hyderabad,03-09-2023
C101046,Raj Yadav,31,Salaried-Government,42600,667,5.1,Ahmedabad,13-02-2025
C101047,Pooja Naidu,47,Salaried-Private,60600,549,16.8,Mumbai,07-09-2024
C101048,Mayank Awasthi,50,Salaried-Private,91700,759,16.1,Hyderabad,05-10-2024
C101049,Komal Nair,26,Self-Employed,16000,663,3.8,Mumbai,22-08-2023
C101050,Nidhi Mishra,43,Salaried-Government,95000,576,5.2,Delhi,19-03-2023
C101051,Akash Verma,37,Self-Employed,50500,646,13.3,Chandigarh,31-07-2023
C101052,Hemant Kumar,43,Freelancer,57000,671,18.7,Mumbai,22-10-2024
C101053,Ramesh Bose,63,Salaried-Private,58300,689,15.6,Bengaluru,10-07-2023
C101054,Naina Bhatia,24,Salaried-Private,96000,696,0.8,Bengaluru,04-12-2024
C101055,Suresh Chauhan,64,Salaried-Private,74700,800,25.8,Surat,21-01-2024
C101056,Nikhil Desai,40,Salaried-Private,48400,584,4.7,Chennai,03-10-2023
C101057,Rahul Kapoor,54,Self-Employed,72000,678,11.9,Hyderabad,30-08-2023
C101058,Nidhi Roy,39,Freelancer,52600,617,10,Chandigarh,02-03-2023
C101059,Vijay Dutta,34,Student,14000,782,8.2,Hyderabad,23-11-2023
C101060,Priya Chatterjee,54,Self-Employed,89700,648,11.1,Nagpur,23-04-2025
C101061,Shaurya Awasthi,51,Salaried-Government,72500,663,25.6,Bhopal,02-06-2024
C101062,Shaurya Saxena,27,Salaried-Private,29900,768,2,Indore,03-12-2024
C101063,Tarun Patel,52,Salaried-Government,65400,795,9.5,Lucknow,18-01-2025
C101064,Varun Agarwal,54,Salaried-Private,80300,809,10.3,Chennai,23-09-2024
C101065,Anjali Srivastava,38,Student,13000,550,14.5,Surat,20-11-2024
C101066,Lalit Naidu,61,Salaried-Government,91300,732,32.6,Chandigarh,25-01-2024
C101067,Sachin Kapoor,49,Salaried-Private,66800,711,6.2,Indore,29-01-2024
C101068,Reyansh Desai,35,Salaried-Private,56200,684,9.9,Mumbai,13-01-2024
C101069,Arjun Naidu,21,Salaried-Private,78900,697,0,Indore,30-09-2023
C101070,Vikram Bansal,50,Student,14600,785,7.3,Bhopal,10-02-2023
C101071,Usha Tiwari,30,Salaried-Private,45100,769,2.3,Bhopal,14-08-2024
C101072,Lalit Desai,54,Salaried-Private,92800,765,25.8,Hyderabad,06-08-2024
C101073,Dinesh Sen,44,Salaried-Private,100800,711,11.5,Bengaluru,25-01-2024
C101074,Pankaj Tripathi,41,Freelancer,88600,874,11.8,Surat,21-08-2024
C101075,Dinesh Bose,28,Self-Employed,70000,658,1.6,Bengaluru,12-11-2024
C101076,Nitin Joshi,52,Self-Employed,89400,564,25.7,Bengaluru,27-03-2025
C101077,Priya Garg,28,Salaried-Government,81300,670,6.2,Nagpur,12-02-2025
C101078,Dev Shukla,39,Salaried-Private,87700,697,6.6,Indore,04-11-2023
C101079,Vijay Tiwari,57,Student,23600,787,23.7,Jaipur,15-09-2023
C101080,Tushar Roy,61,Salaried-Private,89500,652,27,Surat,04-03-2024
C101081,Ravi Patel,64,Salaried-Private,81400,731,37.7,Jaipur,13-12-2023
C101082,Vikram Bhatia,63,Self-Employed,95300,576,22.6,Chandigarh,29-08-2024
C101083,Nitin Desai,45,Salaried-Private,46200,773,8.8,Kolkata,27-01-2023
C101084,Karan Roy,29,Salaried-Private,51600,693,3.6,Surat,30-08-2023
C101085,Harsh Tiwari,57,Freelancer,50000,665,23.3,Chandigarh,22-01-2024
C101086,Alok Verma,56,Salaried-Government,48300,857,18.6,Chandigarh,29-03-2023
C101087,Reyansh Mittal,64,Salaried-Private,39200,771,11,Jaipur,30-01-2024
C101088,Jyoti Iyer,49,Salaried-Private,57700,605,21.4,Chandigarh,20-05-2023
C101089,Komal Desai,27,Business Owner,82000,683,4.8,Bengaluru,05-04-2025
C101090,Pari Nair,43,Salaried-Private,65900,900,11.8,Mumbai,02-04-2023
C101091,Raj Tiwari,40,Salaried-Private,73700,849,10.8,Delhi,01-01-2024
C101092,Dinesh Mukherjee,58,Self-Employed,85300,766,20.1,Chandigarh,22-08-2023
C101093,Ananya Garg,38,Self-Employed,66600,542,9.7,Chennai,19-01-2024
C101094,Varun Dutta,35,Retired,27600,790,3.8,Chandigarh,19-10-2024
C101095,Ritika Verma,24,Salaried-Government,81000,641,1.5,Indore,24-10-2023
C101096,Sanya Mittal,57,Salaried-Private,67400,795,18.5,Lucknow,16-10-2024
C101097,Priya Mittal,54,Self-Employed,68800,632,29.6,Ahmedabad,04-04-2023
C101098,Dev Iyer,22,Self-Employed,61900,728,0.2,Delhi,03-06-2025
C101099,Nikhil Agarwal,40,Salaried-Private,47900,635,8,Indore,27-06-2024
C101100,Abhishek Garg,42,Self-Employed,61700,660,11.5,Pune,03-04-2025
C101101,Sneha Ghosh,41,Salaried-Private,51800,737,15.9,Jaipur,10-07-2023
C101102,Amit Joshi,61,Freelancer,55400,582,20.9,Lucknow,14-09-2024
C101103,Tarun Mishra,27,Freelancer,56900,878,2.4,Indore,13-04-2024
C101104,Aarav Kumar,34,Salaried-Government,74700,609,7.5,Kolkata,11-09-2023
C101105,Shweta Tiwari,28,Retired,54400,601,2.9,Indore,22-11-2024
C101106,Tara Khanna,31,Retired,51500,737,5.8,Lucknow,23-03-2024
C101107,Raj Joshi,60,Salaried-Private,109700,799,26.6,Pune,22-10-2024
C101108,Kabir Singh,62,Salaried-Government,89200,667,23.4,Pune,18-01-2023
C101109,Dinesh Chaurasia,22,Self-Employed,79400,606,0.6,Jaipur,09-04-2023
C101110,Ankita Malhotra,48,Salaried-Private,56100,614,6.1,Lucknow,16-12-2024
C101111,Ravi Sen,31,Salaried-Government,82700,610,6.6,Lucknow,14-01-2024
C101112,Simran Ghosh,29,Salaried-Private,45100,711,7,Chandigarh,26-06-2023
C101113,Ishaan Mehta,33,Retired,20200,677,6.5,Mumbai,20-12-2024
C101114,Manoj Nair,29,Salaried-Government,97300,728,6.1,Ahmedabad,19-05-2023
C101115,Pankaj Pillai,42,Freelancer,32400,714,12.3,Bengaluru,07-01-2023
C101116,Atharv Mehta,64,Salaried-Government,87400,759,29.8,Mumbai,12-05-2024
C101117,Vikram Patel,46,Salaried-Private,47400,654,10.4,Lucknow,13-05-2023
C101118,Manoj Tiwari,52,Student,24000,624,27.2,Nagpur,28-09-2024
C101119,Sunita Tiwari,42,Salaried-Private,88700,705,7.4,Indore,11-01-2024
C101120,Varun Pandey,21,Salaried-Private,65600,685,0,Indore,29-03-2025
C101121,Manish Mishra,24,Salaried-Government,89100,713,0.7,Chennai,31-03-2024
C101122,Abhishek Menon,32,Business Owner,92600,636,6.4,Bengaluru,29-06-2023
C101123,Rajesh Pandey,31,Salaried-Private,103700,746,6.3,Pune,15-04-2024
C101124,Priya Bose,57,Salaried-Private,84300,598,23.6,Ahmedabad,06-08-2024
C101125,Reyansh Gupta,58,Salaried-Private,51800,652,11.9,Indore,13-03-2025
C101126,Ritika Reddy,58,Salaried-Private,71200,781,24.3,Chennai,24-04-2023
C101127,Karan Bose,49,Salaried-Private,63100,598,8.8,Hyderabad,05-11-2024
C101128,Reyansh Kapoor,45,Self-Employed,69600,774,17.5,Nagpur,25-06-2024
C101129,Hemant Shukla,49,Salaried-Private,33100,572,11,Indore,06-05-2025
C101130,Mayank Dubey,38,Salaried-Private,69500,563,8.4,Lucknow,09-06-2024
C101131,Kavya Shukla,50,Self-Employed,44300,567,13.3,Bengaluru,19-05-2025
C101132,Suresh Patel,55,Business Owner,20800,692,15.6,Jaipur,21-05-2024
C101133,Hemant Iyer,54,Salaried-Private,61300,747,23.3,Hyderabad,15-02-2023
C101134,Jyoti Reddy,48,Salaried-Private,50700,791,24.3,Bengaluru,16-04-2023
C101135,Sachin Garg,23,Salaried-Private,38600,782,1.1,Mumbai,01-04-2023
C101136,Sneha Srivastava,52,Retired,8200,750,14.9,Chennai,23-04-2024
C101137,Pankaj Saxena,37,Salaried-Private,44400,620,6.5,Delhi,26-12-2024
C101138,Dinesh Dubey,53,Salaried-Private,64300,622,20.4,Delhi,25-05-2024
C101139,Ajay Ghosh,44,Salaried-Government,55700,751,11.9,Hyderabad,21-04-2025
C101140,Akash Patel,59,Salaried-Private,77900,805,28.2,Kolkata,27-03-2024
C101141,Lalit Das,35,Salaried-Private,88500,610,8.7,Surat,06-09-2024
C101142,Divya Ghosh,61,Salaried-Private,81300,795,19.5,Indore,30-06-2023
C101143,Raj Agarwal,58,Self-Employed,105400,542,32.1,Hyderabad,09-01-2023
C101144,Pooja Garg,35,Self-Employed,98200,725,2.9,Chandigarh,07-10-2024
C101145,Nikhil Iyer,42,Business Owner,63800,681,14.3,Nagpur,27-03-2023
C101146,Simran Pandey,44,Freelancer,60200,672,11.2,Chandigarh,12-05-2025
C101147,Tara Pillai,54,Salaried-Private,88100,695,9.4,Pune,19-05-2025
C101148,Nitin Jain,51,Student,18900,614,7.9,Chennai,14-07-2023
C101149,Amit Kapoor,58,Business Owner,77500,727,24.2,Kolkata,22-03-2023
C101150,Geeta Chauhan,37,Freelancer,58900,693,4.9,Bhopal,11-03-2025
C101151,Usha Pillai,43,Business Owner,49400,762,17.6,Surat,21-03-2025
C101152,Diya Naidu,39,Salaried-Government,43800,813,7.5,Ahmedabad,29-04-2024
C101153,Saanvi Nair,61,Salaried-Private,57700,698,17.6,Bengaluru,03-12-2023
C101154,Nikhil Verma,34,Salaried-Government,75600,625,8.6,Lucknow,11-02-2024
C101155,Komal Krishnan,46,Salaried-Private,69400,599,8.9,Lucknow,17-04-2025
C101156,Raj Verma,26,Salaried-Government,85200,828,1,Kolkata,11-05-2024
C101157,Akash Mittal,58,Salaried-Private,51400,813,18.9,Delhi,27-06-2023
C101158,Vishal Mittal,37,Salaried-Private,41900,757,9.1,Ahmedabad,09-09-2024
C101159,Shweta Sen,35,Student,15400,687,7.2,Bhopal,25-05-2025
C101160,Nidhi Desai,46,Business Owner,72400,756,13,Nagpur,21-02-2023
C101161,Kabir Bose,42,Self-Employed,59900,793,14,Kolkata,13-04-2024
C101162,Rekha Dutta,58,Salaried-Private,32700,635,29.3,Bhopal,27-04-2024
C101163,Ankita Yadav,44,Self-Employed,82200,694,10.5,Delhi,21-11-2024
C101164,Mohit Chatterjee,43,Student,21700,594,16.6,Delhi,17-05-2024
C101165,Pratibha Das,25,Business Owner,56700,678,1,Lucknow,09-07-2023
C101166,Manoj Bose,21,Self-Employed,90500,817,0,Nagpur,02-07-2024
C101167,Shaurya Roy,38,Salaried-Government,66000,776,7.9,Delhi,30-04-2023
C101168,Geeta Mehta,64,Salaried-Private,36900,696,22.6,Bengaluru,22-04-2024
C101169,Sneha Tiwari,61,Business Owner,75400,475,10.6,Nagpur,29-07-2023
C101170,Gaurav Bose,48,Retired,32300,632,8,Nagpur,17-06-2025
C101171,Akash Shah,48,Salaried-Government,64300,697,10.9,Ahmedabad,03-11-2024
C101172,Anjali Patel,38,Salaried-Government,76500,674,6.7,Mumbai,02-11-2024
C101173,Gaurav Awasthi,28,Salaried-Government,104000,698,3.3,Pune,01-01-2023
C101174,Naina Awasthi,21,Salaried-Government,29000,703,0,Lucknow,21-01-2024
C101175,Ankita Shukla,35,Retired,32800,642,5,Chennai,12-09-2024
C101176,Abhishek Sharma,34,Business Owner,64500,689,8.2,Chennai,14-03-2024
C101177,Tarun Garg,29,Salaried-Government,35800,673,3.7,Ahmedabad,03-04-2023
C101178,Geeta Verma,32,Salaried-Government,67000,633,2.7,Ahmedabad,17-04-2024
C101179,Hemant Shah,22,Salaried-Government,60900,836,0.4,Chandigarh,19-08-2024
C101180,Mohit Yadav,47,Salaried-Private,29100,646,15.4,Kolkata,12-10-2024
C101181,Dinesh Sen,61,Self-Employed,82400,512,25,Kolkata,29-09-2023
C101182,Sanjay Bansal,51,Freelancer,36700,828,22.8,Ahmedabad,06-06-2024
C101183,Priya Sharma,40,Business Owner,96000,626,7.1,Surat,21-03-2025
C101184,Pooja Reddy,39,Salaried-Private,87600,765,10.7,Lucknow,09-05-2025
C101185,Siddharth Singh,34,Business Owner,108000,641,6.9,Mumbai,10-10-2023
C101186,Pratibha Saxena,27,Business Owner,96100,739,4.8,Mumbai,05-09-2024
C101187,Simran Mishra,47,Salaried-Private,54800,684,18.5,Bhopal,30-03-2025
C101188,Pari Mishra,45,Self-Employed,77200,771,7,Mumbai,10-03-2023
C101189,Kabir Garg,21,Self-Employed,79500,674,0,Kolkata,26-05-2024
C101190,Riya Patel,39,Freelancer,58600,636,8.1,Bhopal,11-11-2024
C101191,Anjali Verma,33,Salaried-Private,57800,709,10.4,Kolkata,16-07-2023
C101192,Sanjay Saxena,28,Salaried-Private,62100,658,2.8,Delhi,24-09-2023
C101193,Simran Desai,51,Salaried-Government,43500,532,15.8,Hyderabad,04-02-2025
C101194,Manish Tripathi,44,Salaried-Private,49500,639,13.5,Bengaluru,02-06-2023
C101195,Sanjay Krishnan,48,Salaried-Government,86900,900,6.6,Delhi,28-09-2023
C101196,Tushar Sharma,52,Freelancer,69900,544,21.7,Pune,19-01-2025
C101197,Raj Awasthi,64,Salaried-Private,74100,710,11.8,Pune,03-07-2024
C101198,Dinesh Chatterjee,56,Salaried-Government,107000,676,11,Surat,02-08-2024
C101199,Deepak Mittal,48,Retired,49900,834,10.9,Bhopal,04-05-2024
C101200,Naina Ghosh,59,Self-Employed,75600,602,33.2,Jaipur,09-12-2023
C101201,Amit Pillai,42,Salaried-Government,42100,694,18.5,Jaipur,08-12-2024
C101202,Shreya Krishnan,64,Self-Employed,117700,752,23.3,Bhopal,19-09-2023
C101203,Riya Dutta,54,Salaried-Private,83600,678,18.9,Hyderabad,19-08-2023
C101204,Simran Srivastava,49,Salaried-Private,102200,633,9.8,Kolkata,14-02-2024
C101205,Simran Roy,60,Business Owner,172900,704,19.2,Jaipur,23-04-2023
C101206,Atharv Saxena,43,Salaried-Government,41000,661,19.6,Bhopal,20-07-2024
C101207,Aditya Pillai,52,Salaried-Private,41700,661,23.4,Pune,01-04-2025
C101208,Shweta Shukla,33,Salaried-Private,8000,755,8.3,Kolkata,07-10-2024
C101209,Jyoti Krishnan,63,Freelancer,75500,723,16.6,Hyderabad,09-10-2023
C101210,Hemant Pillai,48,Salaried-Private,78900,735,19.8,Chennai,30-03-2023
C101211,Geeta Gupta,55,Business Owner,104700,722,29.8,Chandigarh,13-07-2024
C101212,Kabir Iyer,41,Salaried-Government,41500,763,17.8,Bhopal,21-04-2024
C101213,Sanya Mittal,59,Self-Employed,79100,796,23.6,Bengaluru,22-02-2025
C101214,Mohit Bansal,24,Salaried-Private,59900,666,0.9,Nagpur,12-03-2024
C101215,Pratibha Ghosh,26,Salaried-Private,72700,756,4.4,Jaipur,14-03-2023
C101216,Harsh Jain,43,Self-Employed,81400,588,12.7,Nagpur,22-03-2025
C101217,Vivaan Chauhan,53,Business Owner,122000,518,7.3,Chandigarh,20-09-2023
C101218,Sanjay Roy,56,Salaried-Private,66500,836,9,Delhi,24-11-2024
C101219,Gaurav Mehta,40,Salaried-Government,94100,667,11.5,Mumbai,17-03-2023
C101220,Suresh Iyer,49,Salaried-Government,85600,713,22,Indore,17-05-2025
C101221,Rohan Sen,45,Salaried-Private,40900,588,20.6,Lucknow,09-04-2025
C101222,Karan Saxena,63,Self-Employed,116100,595,36.2,Bhopal,03-03-2023
C101223,Vikram Dubey,49,Salaried-Private,90700,636,16.9,Mumbai,26-04-2025
C101224,Arjun Dutta,39,Self-Employed,84400,744,16,Bengaluru,16-12-2024
C101225,Ritika Jain,63,Salaried-Private,77400,650,12.8,Bhopal,25-03-2025
C101226,Neha Joshi,25,Salaried-Government,98600,667,1.1,Bhopal,28-07-2023
C101227,Meera Garg,64,Salaried-Private,39500,626,9.5,Chennai,25-11-2023
C101228,Sanya Bose,27,Salaried-Government,90200,786,4.5,Nagpur,29-03-2024
C101229,Jyoti Sharma,33,Salaried-Government,54800,757,10.1,Bengaluru,07-03-2024
C101230,Vikram Reddy,57,Student,25900,645,28.4,Chennai,13-10-2024
C101231,Meera Mittal,53,Salaried-Government,75900,746,27.4,Delhi,02-04-2025
C101232,Usha Nair,63,Freelancer,40900,666,24.5,Jaipur,24-02-2025
C101233,Kabir Mittal,53,Salaried-Private,57900,661,23.5,Ahmedabad,07-03-2025
C101234,Karan Chauhan,49,Salaried-Government,94200,690,12.2,Surat,21-10-2023
C101235,Shaurya Agarwal,36,Salaried-Private,56800,739,11,Chennai,11-01-2023
C101236,Vishal Desai,21,Salaried-Government,46800,615,0,Kolkata,09-06-2023
C101237,Saanvi Rao,26,Business Owner,69900,730,2.5,Kolkata,11-06-2023
C101238,Usha Bhatia,34,Freelancer,59500,888,3,Chennai,01-12-2024
C101239,Aditya Chatterjee,22,Self-Employed,108400,710,0.4,Bhopal,03-01-2024
C101240,Riya Joshi,43,Self-Employed,23400,686,18,Bhopal,05-12-2023
C101241,Suresh Singh,55,Salaried-Private,124600,691,20.8,Delhi,06-11-2024
C101242,Lalit Menon,63,Salaried-Private,75900,729,20.3,Chennai,06-03-2023
C101243,Pankaj Sharma,42,Freelancer,61700,560,18.1,Hyderabad,11-12-2023
C101244,Sneha Shah,59,Salaried-Private,61500,825,17.3,Chennai,27-12-2023
C101245,Kabir Chatterjee,64,Salaried-Private,72100,769,18.5,Delhi,05-07-2023
C101246,Riya Saxena,58,Student,23600,631,27.4,Pune,19-10-2023
C101247,Shweta Pandey,41,Retired,28400,686,9,Surat,15-01-2025
C101248,Amit Bansal,35,Self-Employed,52300,643,7.2,Pune,10-09-2024
C101249,Vikram Mukherjee,64,Salaried-Government,103800,719,30.3,Surat,03-11-2023
C101250,Pari Roy,31,Freelancer,23200,688,5,Delhi,24-02-2025
C101251,Varun Tiwari,39,Salaried-Private,71000,708,7.7,Bhopal,13-04-2023
C101252,Isha Dutta,24,Salaried-Government,53500,605,0.6,Kolkata,03-03-2025
C101253,Rekha Awasthi,55,Salaried-Government,53000,649,27.3,Lucknow,24-07-2024
C101254,Ishaan Kumar,49,Student,25400,775,15.9,Kolkata,09-07-2023
C101255,Deepak Yadav,24,Student,8000,638,2.4,Lucknow,17-02-2025
C101256,Usha Ghosh,30,Business Owner,55400,476,5.7,Jaipur,07-05-2023
C101257,Pari Verma,45,Salaried-Private,60900,677,8.2,Bengaluru,03-06-2024
C101258,Pranav Pandey,44,Salaried-Government,52800,880,10.4,Hyderabad,15-06-2024
C101259,Isha Sen,56,Salaried-Private,69100,758,17.2,Bhopal,15-06-2025
C101260,Usha Mukherjee,32,Student,13100,635,7.9,Pune,17-07-2023
C101261,Vivaan Naidu,61,Salaried-Private,75700,687,23.3,Mumbai,25-02-2025
C101262,Rajesh Rao,40,Salaried-Private,60100,743,12.3,Kolkata,08-05-2023
C101263,Isha Khanna,57,Business Owner,79900,551,26.2,Lucknow,09-08-2023
C101264,Siddharth Bose,31,Salaried-Government,78700,623,3.9,Bhopal,03-02-2023
C101265,Isha Desai,22,Freelancer,42600,718,0.8,Bhopal,24-10-2023
C101266,Dinesh Roy,23,Salaried-Private,45900,814,1,Nagpur,16-10-2024
C101267,Rajesh Bhatia,37,Freelancer,74100,655,10.6,Hyderabad,26-06-2023
C101268,Rajesh Bose,62,Salaried-Private,69000,815,14.5,Lucknow,07-03-2023
C101269,Vishal Das,23,Salaried-Private,77600,631,0.7,Chennai,16-05-2024
C101270,Rekha Malhotra,37,Salaried-Government,93900,423,11.4,Indore,05-01-2023
C101271,Rahul Shukla,25,Salaried-Private,82400,751,1.8,Hyderabad,09-08-2024
C101272,Pratibha Mittal,61,Self-Employed,98600,738,32.5,Lucknow,06-11-2024
C101273,Swati Khanna,50,Salaried-Private,66600,748,19.3,Bhopal,05-11-2024
C101274,Pranav Shah,54,Salaried-Private,66900,745,22,Jaipur,24-03-2023
C101275,Neha Yadav,52,Business Owner,92600,709,14.5,Ahmedabad,21-04-2024
C101276,Pooja Kumar,49,Salaried-Private,22900,662,23.3,Ahmedabad,17-10-2023
C101277,Lalit Singh,55,Business Owner,124600,681,29.3,Pune,21-04-2023
C101278,Atharv Pillai,21,Business Owner,95800,657,0,Delhi,26-05-2023
C101279,Dinesh Mukherjee,59,Salaried-Private,86700,660,21.3,Kolkata,14-08-2023
C101280,Ananya Rao,53,Freelancer,54900,543,26.7,Surat,09-11-2024
C101281,Harsh Ghosh,53,Salaried-Private,81100,595,8.7,Lucknow,26-02-2024
C101282,Suresh Mittal,38,Salaried-Government,37000,672,6.9,Mumbai,21-03-2023
C101283,Seema Roy,56,Salaried-Private,45600,507,30.4,Surat,31-08-2023
C101284,Rahul Das,37,Freelancer,10800,520,8.6,Chennai,09-06-2023
C101285,Vishal Chatterjee,23,Self-Employed,63600,662,1.7,Lucknow,15-02-2023
C101286,Shreya Bose,60,Self-Employed,63100,679,18.2,Kolkata,27-02-2025
C101287,Vikram Yadav,31,Retired,26200,658,5.7,Nagpur,11-03-2025
C101288,Swati Pillai,25,Salaried-Private,63300,499,2.1,Delhi,21-02-2023
C101289,Tarun Bose,48,Student,17800,806,14,Hyderabad,14-04-2024
C101290,Ananya Kumar,31,Business Owner,46100,572,8.4,Lucknow,13-02-2025
C101291,Saanvi Mishra,58,Student,30700,619,25.4,Hyderabad,19-06-2024
C101292,Raj Khanna,40,Student,15700,581,16.4,Hyderabad,04-11-2023
C101293,Geeta Mittal,21,Retired,20000,786,0,Surat,03-04-2023
C101294,Pari Saxena,62,Salaried-Private,58000,722,36.7,Kolkata,25-03-2023
C101295,Shweta Das,43,Freelancer,50000,649,15.3,Bengaluru,30-03-2025
C101296,Shweta Verma,32,Freelancer,45600,643,3.2,Chennai,30-07-2024
C101297,Usha Malhotra,50,Self-Employed,108900,710,14.2,Surat,15-02-2025
C101298,Ankita Das,44,Salaried-Private,62600,589,8.6,Mumbai,27-05-2025
C101299,Reyansh Krishnan,22,Retired,55700,718,0.4,Nagpur,18-12-2023
C101300,Akash Menon,54,Salaried-Private,59600,645,28.1,Pune,24-09-2024
C101301,Ritika Kumar,38,Salaried-Government,76700,733,14.8,Ahmedabad,28-06-2023
C101302,Tarun Tripathi,51,Self-Employed,102500,734,6.3,Surat,30-08-2024
C101303,Pranav Mittal,60,Salaried-Private,94500,646,11.6,Hyderabad,15-12-2024
C101304,Manish Shah,47,Business Owner,140400,536,10.3,Jaipur,26-04-2024
C101305,Ishaan Singh,50,Salaried-Private,61200,669,23,Nagpur,31-05-2024
C101306,Saanvi Bose,32,Business Owner,92200,577,6.9,Nagpur,12-02-2024
C101307,Shreya Rao,31,Freelancer,8300,687,6,Pune,18-01-2025
C101308,Rohan Mishra,39,Salaried-Private,58300,668,11.1,Nagpur,01-04-2024
C101309,Lalit Menon,58,Business Owner,137700,653,32,Delhi,09-03-2024
C101310,Rohan Srivastava,44,Salaried-Private,82100,588,9,Indore,09-12-2023
C101311,Alok Khanna,36,Freelancer,48600,782,4.3,Ahmedabad,13-03-2025
C101312,Harsh Garg,55,Retired,67000,653,21.3,Chennai,22-03-2023
C101313,Nidhi Dubey,58,Salaried-Private,62100,877,32.5,Delhi,06-10-2024
C101314,Pranav Joshi,60,Business Owner,80700,694,27.2,Surat,18-01-2024
C101315,Sneha Saxena,34,Self-Employed,60000,717,10.7,Delhi,14-11-2023
C101316,Pooja Joshi,52,Self-Employed,51500,690,25.6,Lucknow,29-01-2024
C101317,Divya Gupta,46,Business Owner,117900,725,8.8,Mumbai,10-11-2024
C101318,Naina Shah,40,Salaried-Government,74400,778,12.9,Kolkata,14-11-2023
C101319,Rahul Joshi,38,Self-Employed,87400,781,13.7,Ahmedabad,17-10-2023
C101320,Abhishek Mittal,26,Salaried-Private,48700,545,1.4,Nagpur,12-06-2025
C101321,Aarav Saxena,33,Salaried-Government,64000,758,7.9,Ahmedabad,22-01-2024
C101322,Pratibha Shah,45,Student,11300,721,9.4,Chennai,23-12-2024
C101323,Shaurya Shah,60,Salaried-Private,78100,694,30.2,Chandigarh,26-12-2023
C101324,Amit Kapoor,59,Self-Employed,83600,829,13.5,Indore,29-05-2025
C101325,Nitin Saxena,29,Salaried-Private,36200,825,3.7,Jaipur,12-01-2024
C101326,Vishal Tripathi,50,Freelancer,53900,760,19.5,Chandigarh,24-11-2023
C101327,Reyansh Srivastava,24,Self-Employed,61000,645,1.8,Bhopal,15-10-2024
C101328,Ritika Patel,50,Salaried-Government,110900,601,8.2,Ahmedabad,04-01-2025
C101329,Pratibha Chatterjee,36,Salaried-Private,39800,746,5.4,Indore,10-08-2023
C101330,Shweta Naidu,40,Salaried-Government,75400,800,15.6,Bhopal,24-04-2025
C101331,Mayank Verma,52,Retired,32300,522,27.7,Bengaluru,18-10-2023
C101332,Alok Krishnan,39,Self-Employed,59800,775,12.3,Ahmedabad,16-03-2025
C101333,Vishal Mukherjee,56,Salaried-Government,80600,671,7.2,Mumbai,06-04-2024
C101334,Rahul Naidu,44,Business Owner,90400,548,16.6,Chandigarh,30-05-2024
C101335,Meera Yadav,64,Salaried-Government,77600,729,27.9,Lucknow,07-09-2023
C101336,Shreya Shukla,49,Salaried-Government,79000,764,13.7,Mumbai,27-05-2023
C101337,Karan Pillai,34,Salaried-Private,50300,659,4.7,Mumbai,30-04-2023
C101338,Sneha Shah,55,Salaried-Private,86300,608,10.7,Surat,12-04-2023
C101339,Simran Mehta,38,Business Owner,85000,829,4.4,Pune,24-09-2024
C101340,Usha Mukherjee,44,Student,17200,629,14.9,Mumbai,06-07-2024
C101341,Ramesh Mehta,27,Student,11700,774,2.6,Mumbai,21-06-2024
C101342,Shweta Sharma,26,Student,10900,560,2.8,Bhopal,13-04-2025
C101343,Shreya Joshi,46,Salaried-Government,84700,725,14.2,Ahmedabad,01-05-2025
C101344,Rekha Singh,29,Salaried-Private,64500,720,5,Chandigarh,13-03-2024
C101345,Arjun Pandey,64,Self-Employed,94500,764,26.5,Ahmedabad,30-10-2024
C101346,Pranav Das,58,Retired,43900,806,20.8,Indore,13-03-2023
C101347,Sneha Bose,51,Business Owner,65800,624,9.3,Bhopal,29-05-2024
C101348,Deepak Singh,53,Salaried-Government,41900,727,7,Indore,24-01-2024
C101349,Jyoti Pillai,47,Business Owner,44900,577,15.7,Surat,28-08-2023
C101350,Manoj Kumar,23,Freelancer,73000,580,1,Mumbai,08-12-2023
C101351,Pari Joshi,38,Student,8400,634,8.3,Ahmedabad,29-06-2023
C101352,Manish Bose,42,Freelancer,71500,723,10.5,Delhi,06-04-2024
C101353,Manoj Awasthi,61,Salaried-Government,58400,822,11.2,Kolkata,16-04-2024
C101354,Amit Tiwari,30,Salaried-Private,82300,841,2.9,Kolkata,18-04-2023
C101355,Varun Bose,42,Salaried-Government,20400,654,13.9,Jaipur,19-02-2024
C101356,Karan Agarwal,36,Salaried-Private,56300,712,8.4,Nagpur,13-10-2023
C101357,Sneha Bose,26,Student,14600,757,3.1,Hyderabad,31-12-2023
C101358,Atharv Pillai,25,Self-Employed,84700,753,1.2,Indore,17-03-2025
C101359,Tara Menon,37,Salaried-Government,59500,675,12.3,Chandigarh,02-02-2024
C101360,Dinesh Dutta,24,Salaried-Private,17300,688,1.4,Ahmedabad,11-08-2024
C101361,Hemant Mukherjee,23,Self-Employed,35100,676,1.3,Kolkata,10-07-2023
C101362,Aisha Awasthi,36,Self-Employed,105300,679,7.9,Pune,15-05-2025
C101363,Alok Bansal,29,Salaried-Private,51200,660,4.2,Surat,14-01-2024
C101364,Vishal Srivastava,45,Student,17600,673,17.9,Chandigarh,10-10-2023
C101365,Divya Dutta,21,Salaried-Government,66700,657,0,Mumbai,05-02-2023
C101366,Swati Khanna,34,Salaried-Government,37000,594,3.3,Nagpur,02-02-2025
C101367,Rajesh Khanna,40,Salaried-Private,70700,759,5.1,Delhi,19-05-2024
C101368,Sachin Saxena,63,Self-Employed,72700,732,37.7,Bengaluru,10-05-2023
C101369,Nitin Iyer,48,Business Owner,108200,846,22.9,Jaipur,16-05-2024
C101370,Atharv Shukla,59,Student,21700,712,26.2,Delhi,29-08-2023
C101371,Diya Verma,36,Salaried-Private,29500,651,7.7,Chandigarh,23-08-2024
C101372,Ankita Dubey,40,Retired,35500,635,4.9,Hyderabad,09-06-2023
C101373,Rohan Yadav,39,Business Owner,115700,701,13.9,Chennai,04-10-2024
C101374,Kabir Shah,60,Salaried-Private,78500,736,13,Jaipur,10-06-2023
C101375,Deepak Krishnan,63,Salaried-Private,72400,671,16.4,Nagpur,29-08-2024
C101376,Mayank Garg,63,Salaried-Private,89800,575,33.1,Bengaluru,19-09-2023
C101377,Usha Kumar,54,Student,20800,623,12.5,Bhopal,24-12-2024
C101378,Ananya Shukla,43,Salaried-Private,64900,691,17.4,Surat,23-04-2024
C101379,Ankita Shah,44,Salaried-Government,59100,748,17.3,Kolkata,30-04-2023
C101380,Aarav Rao,64,Business Owner,135800,581,33.8,Indore,20-02-2025
C101381,Naina Kapoor,33,Student,13900,703,8.1,Surat,08-03-2025
C101382,Aisha Tripathi,36,Business Owner,76200,709,6.7,Bhopal,19-10-2023
C101383,Atharv Rao,60,Freelancer,35800,649,25.6,Jaipur,16-12-2023
C101384,Varun Das,37,Salaried-Private,83500,645,12.5,Kolkata,10-01-2023
C101385,Rohan Shukla,31,Student,10000,622,7.2,Chennai,23-08-2024
C101386,Jyoti Das,45,Salaried-Private,66000,701,19.3,Chennai,10-02-2024
C101387,Dinesh Ghosh,35,Salaried-Private,107700,786,12.4,Mumbai,19-04-2023
C101388,Kabir Chaurasia,60,Retired,58200,784,26.6,Chennai,08-08-2024
C101389,Sanjay Krishnan,60,Salaried-Private,102800,605,33.1,Bhopal,21-07-2023
C101390,Aarav Tripathi,34,Salaried-Private,49400,672,5.1,Chennai,30-07-2023
C101391,Sachin Desai,44,Self-Employed,100900,519,20.3,Ahmedabad,17-04-2025
C101392,Vijay Tripathi,64,Salaried-Private,72700,699,36,Pune,03-11-2024
C101393,Aarav Pillai,53,Salaried-Private,75100,739,7.3,Bhopal,04-05-2023
C101394,Varun Yadav,30,Self-Employed,118100,823,5.5,Jaipur,28-05-2024
C101395,Seema Iyer,46,Freelancer,49500,544,13.8,Pune,23-02-2024
C101396,Riya Tripathi,48,Freelancer,55100,601,20.8,Indore,10-05-2023
C101397,Ananya Awasthi,49,Salaried-Private,48100,698,8.1,Mumbai,27-03-2023
C101398,Anjali Srivastava,22,Self-Employed,87700,563,0.6,Delhi,20-02-2025
C101399,Karan Kapoor,34,Freelancer,40200,699,7.2,Delhi,25-03-2023
C101400,Tarun Roy,58,Salaried-Private,90300,743,17.6,Delhi,23-06-2024
C101401,Pooja Bhatia,31,Salaried-Private,26000,581,8.9,Bengaluru,13-06-2025
C101402,Tara Mukherjee,34,Salaried-Private,71200,701,7.5,Lucknow,14-12-2023
C101403,Varun Kapoor,35,Self-Employed,56200,591,6.8,Lucknow,28-07-2024
C101404,Sachin Dubey,28,Salaried-Private,72400,800,5.6,Delhi,04-02-2024
C101405,Tarun Kapoor,27,Business Owner,90000,710,1.8,Mumbai,26-07-2024
C101406,Shaurya Dubey,36,Retired,32600,633,6,Indore,07-09-2023
C101407,Sanjay Mittal,59,Salaried-Private,62500,590,15,Bhopal,01-09-2023
C101408,Mayank Krishnan,21,Self-Employed,45600,717,0,Chandigarh,22-05-2024
C101409,Naina Chauhan,33,Salaried-Private,76600,800,9.8,Lucknow,17-05-2023
C101410,Rekha Krishnan,23,Salaried-Private,34800,623,1.2,Ahmedabad,22-05-2024
C101411,Nikhil Singh,45,Freelancer,49300,652,10.2,Chennai,06-07-2024
C101412,Tara Sharma,32,Salaried-Government,72500,630,5.8,Chennai,02-06-2025
C101413,Varun Yadav,55,Student,26700,808,20.4,Kolkata,13-08-2023
C101414,Tara Chauhan,46,Self-Employed,75800,538,14.5,Mumbai,07-04-2023
C101415,Dinesh Sen,55,Salaried-Private,63700,792,12.9,Indore,01-09-2023
C101416,Lalit Das,48,Salaried-Government,77300,661,7.9,Nagpur,22-12-2024
C101417,Atharv Krishnan,40,Salaried-Private,21100,677,15.9,Delhi,14-01-2024
C101418,Pari Chatterjee,58,Student,19500,655,24,Kolkata,30-05-2023
C101419,Sunita Krishnan,41,Business Owner,84000,711,6,Pune,22-07-2023
C101420,Shreya Dutta,62,Salaried-Private,57100,630,36.6,Pune,21-12-2024
C101421,Abhishek Menon,64,Self-Employed,44800,771,21,Pune,25-04-2025
C101422,Aarav Sharma,46,Business Owner,125400,786,17.8,Kolkata,16-05-2023
C101423,Aditya Desai,50,Freelancer,59800,610,9.4,Nagpur,04-06-2024
C101424,Pari Bhatia,32,Salaried-Private,62200,742,9.4,Chandigarh,03-06-2025
C101425,Raj Tripathi,56,Salaried-Private,55100,659,8.9,Nagpur,03-03-2023
C101426,Meera Jain,50,Salaried-Private,68200,694,25.2,Chennai,25-05-2023
C101427,Komal Garg,60,Salaried-Government,87400,815,27.7,Bhopal,10-03-2024
C101428,Ritika Tripathi,32,Salaried-Government,59100,634,3.9,Ahmedabad,04-03-2023
C101429,Kabir Gupta,55,Salaried-Private,77500,765,11.1,Pune,19-05-2024
C101430,Riya Krishnan,41,Salaried-Government,51000,724,15.7,Mumbai,11-09-2024
C101431,Rajesh Mukherjee,29,Salaried-Government,65800,674,1.8,Indore,19-11-2023
C101432,Isha Sen,28,Salaried-Private,80600,721,2,Delhi,05-04-2025
C101433,Ruchi Bhatia,45,Student,21500,703,16.1,Kolkata,25-02-2025
C101434,Divya Mishra,35,Self-Employed,103500,602,3.6,Nagpur,11-10-2024
C101435,Anjali Gupta,25,Salaried-Government,68400,641,2.3,Surat,13-04-2024
C101436,Aditya Malhotra,39,Self-Employed,74000,607,10.8,Delhi,04-04-2023
C101437,Nidhi Malhotra,49,Salaried-Private,57200,666,6,Indore,03-08-2023
C101438,Nitin Agarwal,35,Student,8400,788,6.5,Jaipur,22-05-2025
C101439,Kavya Reddy,63,Self-Employed,50500,734,9.2,Hyderabad,02-05-2024
C101440,Meera Nair,55,Salaried-Government,70400,575,29.8,Hyderabad,25-01-2024
C101441,Ankita Patel,43,Student,16700,660,7.7,Bhopal,12-10-2024
C101442,Kavya Gupta,62,Freelancer,83000,711,28,Jaipur,04-08-2023
C101443,Neha Jain,40,Freelancer,72600,750,12.8,Pune,05-10-2023
C101444,Vivaan Ghosh,27,Salaried-Private,43700,634,4.4,Chennai,14-12-2023
C101445,Priya Malhotra,22,Salaried-Private,71800,591,0.4,Indore,24-02-2025
C101446,Aarav Khanna,62,Business Owner,89100,688,13.5,Pune,25-02-2024
C101447,Lalit Patel,63,Salaried-Government,92300,739,24,Jaipur,21-02-2023
C101448,Nikhil Tiwari,53,Business Owner,126600,717,22,Delhi,27-02-2024
C101449,Sunita Dutta,25,Freelancer,65500,619,2.9,Hyderabad,25-09-2023
C101450,Amit Patel,33,Salaried-Private,49900,827,2.8,Chandigarh,01-03-2024
C101451,Sachin Kumar,22,Salaried-Private,75700,683,0.7,Chandigarh,14-04-2025
C101452,Vishal Pillai,23,Salaried-Government,20100,698,0.6,Nagpur,17-10-2023
C101453,Mayank Sen,31,Salaried-Private,84900,639,5.7,Delhi,29-08-2023
C101454,Sunita Bansal,46,Business Owner,97200,783,14.7,Kolkata,03-03-2024
C101455,Karan Naidu,23,Business Owner,88700,739,0.6,Bengaluru,10-03-2023
C101456,Manish Saxena,64,Salaried-Government,32900,710,37.6,Chandigarh,07-07-2023
C101457,Tarun Jain,41,Business Owner,83600,600,12.9,Bengaluru,10-02-2023
C101458,Isha Malhotra,32,Self-Employed,102900,782,3.9,Delhi,24-03-2025
C101459,Akash Pandey,43,Business Owner,83100,753,5.2,Bhopal,09-11-2024
C101460,Pankaj Pillai,55,Salaried-Private,82900,773,25.2,Delhi,25-05-2023
C101461,Naina Tripathi,34,Business Owner,94300,697,10.3,Indore,30-10-2023
C101462,Amit Mukherjee,23,Business Owner,122800,692,0.5,Chandigarh,10-04-2023
C101463,Pranav Srivastava,23,Salaried-Private,59600,674,0.8,Jaipur,19-11-2024
C101464,Ajay Iyer,58,Self-Employed,58400,871,24,Bengaluru,29-04-2023
C101465,Nikhil Sharma,25,Student,10000,638,2,Chennai,09-08-2024
C101466,Pratibha Malhotra,48,Salaried-Private,97800,599,11.9,Hyderabad,31-05-2024
C101467,Ritika Saxena,37,Business Owner,110300,666,8,Pune,06-11-2024
C101468,Pranav Verma,55,Retired,45200,644,18.8,Hyderabad,05-02-2025
C101469,Mayank Reddy,23,Student,15800,783,0.7,Bengaluru,05-04-2025
C101470,Pallavi Bansal,60,Salaried-Government,101600,586,18.4,Chennai,25-10-2023
C101471,Hemant Garg,51,Self-Employed,97600,649,7.5,Mumbai,03-01-2025
C101472,Aditya Pillai,40,Retired,44400,701,3.9,Indore,06-06-2023
C101473,Varun Mittal,30,Self-Employed,87100,794,7.9,Bhopal,17-05-2023
C101474,Pari Tripathi,63,Salaried-Private,87100,750,10,Chennai,06-03-2025
C101475,Gaurav Dubey,34,Salaried-Private,16500,811,3,Bengaluru,27-03-2025
C101476,Dev Das,42,Freelancer,58700,716,17.3,Indore,29-08-2024
C101477,Shweta Kumar,38,Salaried-Government,63800,673,15,Delhi,30-10-2023
C101478,Varun Shukla,31,Salaried-Private,49000,755,7.9,Chandigarh,10-01-2024
C101479,Ananya Mehta,39,Salaried-Private,58300,579,5.4,Delhi,25-12-2024
C101480,Akash Yadav,27,Freelancer,21500,546,3.9,Delhi,26-07-2023
C101481,Manish Pillai,21,Salaried-Government,20800,761,0,Indore,14-04-2024
C101482,Deepak Agarwal,33,Student,16800,699,8.9,Jaipur,20-12-2023
C101483,Aditya Gupta,25,Business Owner,104400,772,1.1,Pune,07-06-2023
C101484,Divya Desai,39,Retired,11200,613,8.5,Mumbai,02-06-2024
C101485,Manoj Krishnan,58,Student,21300,785,14.6,Surat,12-09-2024
C101486,Raj Srivastava,28,Salaried-Private,75400,744,4.6,Jaipur,29-07-2023
C101487,Tara Roy,21,Business Owner,79000,689,0,Mumbai,25-08-2024
C101488,Diya Pillai,25,Salaried-Private,81500,708,2.2,Lucknow,05-04-2025
C101489,Neha Malhotra,43,Retired,54400,715,14,Kolkata,28-03-2025
C101490,Mayank Srivastava,33,Salaried-Private,32700,616,9.7,Bhopal,01-04-2025
C101491,Kabir Mittal,42,Business Owner,91800,662,17.7,Chandigarh,05-01-2024
C101492,Kabir Menon,22,Freelancer,37200,712,0.7,Jaipur,07-09-2024
C101493,Pratibha Shukla,35,Salaried-Private,32800,650,4.3,Mumbai,22-10-2024
C101494,Sanya Pandey,39,Freelancer,27900,566,14.8,Hyderabad,26-05-2025
C101495,Manoj Sen,39,Salaried-Private,46100,710,6.2,Chennai,11-04-2024
C101496,Ravi Mishra,45,Salaried-Government,56000,755,5.7,Nagpur,29-01-2025
C101497,Neha Shah,55,Salaried-Government,80300,777,17.2,Chennai,10-05-2024
C101498,Sneha Ghosh,41,Salaried-Government,91500,736,13.6,Kolkata,09-01-2025
C101499,Ajay Sen,58,Self-Employed,93100,759,11.3,Indore,05-11-2023
C101500,Ritika Tripathi,44,Student,19700,761,9.4,Mumbai,08-03-2023
C101501,Reyansh Krishnan,32,Salaried-Private,54100,694,2.8,Surat,22-11-2023
C101502,Atharv Agarwal,31,Self-Employed,84500,523,6.3,Indore,29-10-2023
C101503,Pari Nair,35,Student,13400,774,9.7,Bhopal,23-12-2024
C101504,Neha Joshi,47,Freelancer,47300,615,14.7,Kolkata,14-09-2024
C101505,Diya Chauhan,31,Salaried-Private,96900,604,5.1,Pune,25-07-2024
C101506,Nidhi Saxena,61,Student,17300,594,31.7,Bengaluru,20-06-2023
C101507,Siddharth Sen,42,Salaried-Private,25900,882,10.4,Jaipur,09-09-2024
C101508,Pankaj Pandey,58,Self-Employed,90000,728,18.8,Indore,06-09-2024
C101509,Sneha Bansal,51,Self-Employed,71600,607,18.1,Kolkata,17-04-2025
C101510,Atharv Awasthi,35,Freelancer,26600,629,9.7,Surat,28-08-2023
C101511,Ravi Garg,31,Salaried-Private,37900,685,7.4,Chennai,12-09-2024
C101512,Manish Shukla,53,Salaried-Private,49300,730,7.3,Chandigarh,10-03-2023
C101513,Aarav Chauhan,35,Freelancer,63900,711,11.1,Ahmedabad,22-10-2024
C101514,Arjun Mittal,31,Salaried-Private,83200,618,5.2,Pune,01-01-2025
C101515,Naina Bansal,61,Salaried-Government,112600,722,33.4,Hyderabad,26-11-2024
C101516,Nidhi Ghosh,42,Business Owner,45600,637,12.1,Surat,11-02-2024
C101517,Ajay Agarwal,23,Business Owner,45100,770,1.1,Mumbai,22-01-2024
C101518,Pranav Malhotra,42,Salaried-Private,34700,689,7.1,Indore,01-02-2023
C101519,Usha Shukla,41,Salaried-Private,88800,632,10.6,Nagpur,19-02-2024
C101520,Geeta Shukla,59,Retired,53200,743,20.7,Nagpur,09-10-2024
C101521,Ajay Mishra,52,Salaried-Government,74700,721,25.6,Nagpur,31-05-2025
C101522,Ishaan Khanna,29,Salaried-Private,62800,651,6.6,Bhopal,07-04-2023
C101523,Geeta Kapoor,27,Salaried-Private,56300,746,3.2,Bhopal,18-05-2024
C101524,Mayank Gupta,47,Salaried-Private,43000,736,21,Ahmedabad,11-08-2023
C101525,Arjun Tripathi,23,Retired,40000,782,1.6,Bengaluru,05-12-2023
C101526,Alok Agarwal,35,Salaried-Private,56900,745,12.1,Mumbai,06-12-2024
C101527,Pallavi Das,27,Salaried-Private,33400,667,2.7,Mumbai,22-02-2023
C101528,Akash Saxena,21,Self-Employed,79800,556,0,Lucknow,19-02-2023
C101529,Pranav Sharma,61,Salaried-Private,62500,704,34.4,Bengaluru,13-07-2023
C101530,Naina Patel,24,Salaried-Private,60700,716,1.8,Bengaluru,17-08-2023
C101531,Manish Joshi,21,Retired,31500,688,0,Indore,01-12-2024
C101532,Komal Jain,62,Business Owner,132900,459,20,Bengaluru,03-09-2023
C101533,Pooja Menon,29,Salaried-Private,62600,743,2.1,Bengaluru,14-04-2025
C101534,Jyoti Dubey,56,Salaried-Government,55100,615,12,Kolkata,28-05-2025
C101535,Nitin Gupta,22,Salaried-Private,61800,744,0.4,Hyderabad,07-12-2024
C101536,Ankita Verma,27,Salaried-Private,64500,825,3.5,Delhi,06-03-2024
C101537,Kabir Iyer,25,Self-Employed,79900,671,2.2,Lucknow,17-12-2024
C101538,Abhishek Chatterjee,52,Self-Employed,103300,730,18,Kolkata,27-05-2023
C101539,Naina Garg,48,Business Owner,79100,694,6.8,Kolkata,27-02-2025
C101540,Divya Pandey,41,Student,18300,724,4.1,Hyderabad,29-10-2023
C101541,Vivaan Roy,31,Salaried-Private,24500,691,5.2,Surat,05-02-2024
C101542,Rajesh Desai,24,Student,9100,640,1,Jaipur,19-03-2025
C101543,Gaurav Garg,46,Self-Employed,69400,618,20.6,Jaipur,06-05-2023
C101544,Reyansh Das,31,Salaried-Private,88000,820,5,Indore,01-04-2023
C101545,Mohit Desai,46,Freelancer,51500,722,11.2,Jaipur,11-07-2024
C101546,Meera Bansal,51,Salaried-Private,79200,758,17.4,Indore,03-06-2025
C101547,Meera Mehta,58,Self-Employed,38500,717,23.7,Indore,29-03-2025
C101548,Sachin Bansal,42,Business Owner,85100,770,5.4,Delhi,07-06-2025
C101549,Aarav Gupta,21,Salaried-Private,38100,614,0,Hyderabad,05-02-2024
C101550,Siddharth Verma,33,Student,20500,689,3.6,Lucknow,07-07-2024
C101551,Akash Dutta,58,Salaried-Private,56500,728,17.4,Bengaluru,05-01-2025
C101552,Hemant Desai,44,Freelancer,54400,791,10.3,Lucknow,15-06-2023
C101553,Arjun Naidu,48,Salaried-Private,68300,900,16.2,Ahmedabad,27-02-2025
C101554,Vishal Desai,41,Salaried-Private,31200,717,13.7,Chennai,28-01-2025
C101555,Ruchi Tripathi,28,Salaried-Government,51700,634,5.3,Jaipur,13-03-2023
C101556,Riya Mukherjee,60,Student,25100,588,22.2,Chennai,08-03-2024
C101557,Amit Saxena,55,Salaried-Private,70300,618,10.5,Kolkata,20-01-2024
C101558,Sachin Tripathi,64,Student,18500,620,29.5,Chandigarh,20-12-2024
C101559,Kabir Tiwari,58,Salaried-Private,58500,456,19.8,Jaipur,13-02-2024
C101560,Tara Srivastava,33,Salaried-Government,87800,639,7.3,Nagpur,18-04-2025
C101561,Ritika Chaurasia,32,Salaried-Government,77800,749,5.6,Kolkata,25-01-2024
C101562,Abhishek Pandey,31,Salaried-Private,83400,698,4.9,Bhopal,10-03-2024
C101563,Sneha Reddy,61,Student,21300,662,27.6,Kolkata,26-08-2023
C101564,Mayank Yadav,45,Salaried-Government,98300,564,13.6,Bhopal,31-01-2025
C101565,Komal Garg,40,Business Owner,94200,778,15.3,Indore,16-03-2024
C101566,Mayank Reddy,63,Self-Employed,121000,739,30.3,Indore,19-03-2024
C101567,Sunita Verma,47,Self-Employed,76500,690,13.9,Mumbai,12-10-2024
C101568,Manoj Naidu,61,Self-Employed,32900,508,14,Bengaluru,20-11-2024
C101569,Pooja Bhatia,64,Student,28000,644,9.1,Nagpur,03-09-2024
C101570,Raj Patel,24,Business Owner,75000,725,1,Chandigarh,27-05-2023
C101571,Divya Mukherjee,36,Self-Employed,63000,687,6,Jaipur,16-04-2025
C101572,Mayank Srivastava,53,Self-Employed,43900,701,9,Surat,13-01-2025
C101573,Shreya Sharma,56,Self-Employed,118900,752,23.4,Mumbai,23-10-2024
C101574,Isha Kapoor,27,Salaried-Government,51400,700,2.6,Kolkata,12-05-2024
C101575,Anjali Patel,35,Self-Employed,109400,748,3.1,Mumbai,10-11-2024
C101576,Akash Chauhan,45,Salaried-Government,60600,621,12.1,Surat,28-09-2024
C101577,Komal Khanna,56,Freelancer,43200,588,26.2,Jaipur,18-09-2023
C101578,Seema Pandey,25,Retired,50400,725,1.8,Surat,27-02-2024
C101579,Divya Naidu,47,Retired,42500,740,21.6,Lucknow,29-01-2023
C101580,Sneha Tiwari,34,Freelancer,48200,728,10.4,Nagpur,04-01-2023
C101581,Shweta Bose,30,Self-Employed,38800,696,7.4,Kolkata,06-04-2024
C101582,Komal Joshi,43,Business Owner,82200,666,14.7,Bhopal,08-11-2024
C101583,Neha Saxena,39,Salaried-Private,70800,707,13.8,Ahmedabad,01-12-2024
C101584,Sachin Garg,48,Salaried-Government,42700,716,12.8,Chandigarh,10-01-2025
C101585,Ajay Gupta,34,Salaried-Private,49400,722,8.9,Chennai,25-12-2023
C101586,Ritika Kumar,57,Salaried-Private,61000,897,12.8,Ahmedabad,02-05-2024
C101587,Rohan Menon,24,Retired,35000,611,1,Surat,02-01-2025
C101588,Manoj Saxena,58,Student,27500,900,31.8,Nagpur,30-01-2023
C101589,Aisha Nair,22,Self-Employed,59200,588,0.6,Indore,12-07-2024
C101590,Ajay Malhotra,53,Salaried-Private,54000,718,8,Chennai,19-12-2023
C101591,Rekha Bose,36,Business Owner,181900,611,5.1,Ahmedabad,26-10-2023
C101592,Ruchi Yadav,37,Salaried-Government,57400,713,8.4,Delhi,28-05-2024
C101593,Sanjay Krishnan,21,Freelancer,40900,764,0,Lucknow,05-11-2023
C101594,Naina Yadav,51,Retired,40700,688,24.8,Delhi,15-06-2024
C101595,Naina Sen,28,Salaried-Private,52300,765,2,Mumbai,06-09-2024
C101596,Karan Jain,50,Salaried-Private,68200,656,7.1,Chandigarh,04-04-2024
C101597,Meera Chauhan,52,Salaried-Private,85800,528,8.8,Ahmedabad,02-06-2024
C101598,Kabir Shah,58,Salaried-Private,77900,741,24.8,Bengaluru,23-12-2023
C101599,Amit Chatterjee,52,Salaried-Government,96600,696,17.8,Chandigarh,02-03-2023
C101600,Rajesh Naidu,34,Salaried-Private,81100,653,9.3,Chandigarh,01-11-2023
C101601,Ishaan Reddy,53,Salaried-Private,72000,657,19.7,Bhopal,12-05-2024
C101602,Pallavi Khanna,57,Salaried-Private,76900,724,9.6,Bhopal,22-11-2023
C101603,Ankita Shah,34,Salaried-Private,82400,627,4.9,Jaipur,09-02-2023
C101604,Deepak Chatterjee,26,Business Owner,54400,718,2.2,Nagpur,04-04-2024
C101605,Diya Mehta,60,Salaried-Private,120600,793,27.1,Jaipur,07-05-2024
C101606,Shweta Menon,27,Student,9100,846,3.7,Lucknow,27-02-2025
C101607,Kavya Agarwal,47,Salaried-Private,58400,801,22.4,Bengaluru,14-04-2025
C101608,Akash Shukla,31,Salaried-Private,34800,698,3,Jaipur,06-06-2024
C101609,Dev Sen,26,Salaried-Private,33400,705,4.3,Chennai,24-03-2023
C101610,Pooja Malhotra,55,Business Owner,132800,667,12,Bhopal,11-12-2024
C101611,Nikhil Khanna,27,Salaried-Private,102800,658,2.6,Lucknow,11-03-2024
C101612,Amit Saxena,50,Self-Employed,64000,759,6.5,Lucknow,21-06-2024
C101613,Diya Pillai,51,Salaried-Private,73900,666,12.2,Chandigarh,28-11-2024
C101614,Ankita Roy,23,Retired,36400,714,0.7,Surat,26-07-2024
C101615,Ishaan Desai,28,Salaried-Private,77800,614,2.5,Delhi,21-01-2024
C101616,Rahul Mukherjee,55,Salaried-Government,122900,808,20.4,Hyderabad,31-01-2025
C101617,Reyansh Shah,43,Student,21600,657,16.4,Nagpur,20-11-2023
C101618,Rajesh Patel,26,Salaried-Private,52200,774,3.6,Lucknow,06-08-2024
C101619,Pari Kapoor,64,Salaried-Private,82800,636,33.6,Nagpur,03-06-2024
C101620,Divya Gupta,32,Freelancer,58400,628,7.8,Delhi,07-01-2025
C101621,Usha Dubey,21,Salaried-Private,54600,794,0,Bengaluru,07-02-2025
C101622,Rekha Chauhan,61,Salaried-Private,49100,637,8.5,Surat,30-07-2023
C101623,Pooja Verma,21,Salaried-Government,42900,561,0,Mumbai,19-02-2025
C101624,Vishal Garg,45,Salaried-Private,87600,609,11.7,Delhi,13-06-2024
C101625,Ananya Mishra,64,Student,29200,752,23,Pune,01-09-2023
C101626,Diya Kumar,46,Self-Employed,71000,751,15.1,Lucknow,07-07-2024
C101627,Kabir Ghosh,46,Self-Employed,82300,631,5.1,Nagpur,20-05-2025
C101628,Gaurav Saxena,38,Salaried-Private,85700,642,5.6,Nagpur,09-07-2024
C101629,Seema Reddy,26,Business Owner,35500,739,2.6,Ahmedabad,27-05-2023
C101630,Vikram Tripathi,46,Business Owner,83700,797,18.5,Chandigarh,21-03-2024
C101631,Ramesh Mehta,60,Salaried-Private,111000,691,31.6,Chennai,10-07-2023
C101632,Harsh Bose,25,Student,10700,725,1.2,Lucknow,24-08-2023
C101633,Abhishek Mittal,59,Self-Employed,54100,757,14.6,Indore,22-09-2024
C101634,Ankita Khanna,39,Freelancer,53100,860,11.3,Surat,13-04-2023
C101635,Shreya Krishnan,44,Salaried-Private,84600,600,10.4,Bengaluru,19-02-2025
C101636,Gaurav Bose,28,Salaried-Private,8000,627,2.9,Chennai,24-03-2025
C101637,Kabir Gupta,48,Business Owner,104400,655,12.6,Nagpur,16-06-2023
C101638,Sanjay Garg,29,Freelancer,41200,752,5.5,Chandigarh,09-10-2023
C101639,Tara Das,33,Salaried-Government,29200,664,4.1,Bhopal,20-10-2023
C101640,Ajay Menon,52,Salaried-Private,69000,715,7.5,Mumbai,15-02-2023
C101641,Lalit Agarwal,23,Freelancer,42600,696,0.4,Pune,11-03-2023
C101642,Amit Verma,40,Salaried-Private,62100,689,10.8,Kolkata,31-10-2024
C101643,Ramesh Sharma,47,Salaried-Private,58400,697,9.8,Chandigarh,19-02-2024
C101644,Naina Mittal,26,Self-Employed,43500,768,3,Delhi,26-07-2023
C101645,Lalit Bhatia,33,Salaried-Private,30700,606,9.8,Chandigarh,10-04-2024
C101646,Aarav Yadav,36,Salaried-Private,47200,675,6.1,Surat,09-08-2023
C101647,Manish Roy,50,Salaried-Private,83800,595,9.5,Jaipur,15-06-2024
C101648,Reyansh Ghosh,63,Student,25700,701,8.4,Bhopal,09-06-2023
C101649,Priya Joshi,57,Salaried-Private,68000,674,31.9,Chandigarh,18-06-2023
C101650,Diya Joshi,29,Business Owner,57900,774,4.5,Lucknow,22-01-2025
C101651,Mohit Desai,21,Retired,28500,683,0,Kolkata,07-09-2023
C101652,Kabir Tripathi,23,Business Owner,112400,661,1.6,Nagpur,17-09-2023
C101653,Neha Chaurasia,47,Self-Employed,88500,673,23.3,Bhopal,10-11-2024
C101654,Ravi Mukherjee,27,Self-Employed,56900,826,4.8,Chennai,31-12-2023
C101655,Swati Tripathi,31,Salaried-Government,8000,555,4.1,Chandigarh,09-04-2023
C101656,Divya Shah,58,Self-Employed,64600,639,22,Jaipur,23-11-2024
C101657,Karan Mehta,59,Retired,42400,689,33.2,Indore,04-01-2023
C101658,Amit Verma,57,Freelancer,43900,635,23.2,Pune,05-02-2024
C101659,Divya Menon,32,Salaried-Government,55800,727,8.1,Chandigarh,17-12-2023
C101660,Manish Yadav,48,Salaried-Private,82100,687,22.5,Hyderabad,19-08-2024
C101661,Amit Pillai,47,Student,18500,703,16.4,Indore,05-06-2024
C101662,Karan Sharma,29,Salaried-Private,78000,701,5.5,Bengaluru,07-06-2024
C101663,Rekha Nair,45,Freelancer,29500,676,14.7,Bengaluru,13-03-2025
C101664,Sneha Jain,44,Salaried-Private,58100,585,10.1,Nagpur,19-06-2024
C101665,Rahul Ghosh,38,Business Owner,32800,699,6.4,Chennai,05-02-2023
C101666,Arjun Bansal,54,Freelancer,50400,546,21.2,Kolkata,23-02-2023
C101667,Rahul Singh,50,Salaried-Government,49100,633,25.7,Ahmedabad,28-10-2023
C101668,Simran Mishra,44,Salaried-Private,89800,732,19.3,Chandigarh,13-01-2023
C101669,Rahul Khanna,52,Freelancer,63000,784,10.8,Hyderabad,09-02-2025
C101670,Abhishek Tiwari,54,Salaried-Government,96000,882,26.1,Pune,21-11-2024
C101671,Saanvi Bose,45,Salaried-Private,56000,654,5.2,Indore,03-10-2024
C101672,Naina Tripathi,32,Self-Employed,45900,617,6.7,Indore,09-09-2024
C101673,Geeta Joshi,54,Salaried-Government,50600,729,28.1,Bengaluru,23-07-2024
C101674,Varun Sharma,52,Business Owner,108900,845,27,Kolkata,09-11-2023
C101675,Pari Singh,64,Salaried-Private,108400,818,26.8,Ahmedabad,09-01-2023
C101676,Varun Roy,27,Salaried-Government,72000,607,3.8,Kolkata,20-04-2023
C101677,Ramesh Gupta,39,Student,14300,670,8.5,Kolkata,23-02-2024
C101678,Manoj Das,61,Salaried-Private,67200,758,28.3,Mumbai,15-08-2023
C101679,Vishal Mittal,43,Salaried-Government,68600,763,8.2,Indore,30-05-2025
C101680,Pallavi Kapoor,62,Business Owner,169300,752,9.2,Hyderabad,09-01-2025
C101681,Komal Ghosh,21,Student,12000,645,0,Hyderabad,26-08-2024
C101682,Suresh Shukla,22,Self-Employed,72600,737,0.2,Bhopal,03-01-2024
C101683,Anjali Dutta,56,Freelancer,59800,763,23.3,Nagpur,03-01-2025
C101684,Reyansh Kumar,36,Salaried-Private,67000,615,7.6,Indore,01-01-2024
C101685,Nitin Chatterjee,43,Salaried-Government,80200,798,5.1,Chennai,07-04-2024
C101686,Neha Saxena,39,Student,14200,761,5.6,Chandigarh,04-10-2024
C101687,Vivaan Mehta,38,Student,12500,622,4.6,Bengaluru,22-11-2023
C101688,Ajay Pillai,62,Self-Employed,107200,770,14.4,Ahmedabad,02-04-2024
C101689,Neha Naidu,25,Salaried-Government,62600,754,2.6,Hyderabad,16-10-2023
C101690,Sanjay Shah,54,Salaried-Government,94600,762,19.8,Hyderabad,31-05-2023
C101691,Mayank Menon,60,Salaried-Private,103500,821,19.6,Indore,18-12-2024
C101692,Sachin Mishra,49,Student,21000,682,22.1,Indore,31-05-2025
C101693,Nidhi Das,38,Freelancer,56500,714,12.4,Bengaluru,20-02-2024
C101694,Dev Pillai,28,Salaried-Government,133700,488,4.7,Pune,09-02-2023
C101695,Usha Mittal,51,Salaried-Private,71100,779,18.6,Mumbai,18-10-2023
C101696,Ritika Ghosh,41,Salaried-Private,41200,767,13.7,Bhopal,08-03-2025
C101697,Meera Ghosh,27,Salaried-Private,51800,796,2.2,Chennai,13-08-2024
C101698,Harsh Chauhan,36,Business Owner,143700,626,5.7,Jaipur,26-08-2023
C101699,Manoj Verma,63,Self-Employed,51700,764,17.2,Jaipur,17-06-2025
C101700,Mohit Mishra,32,Salaried-Private,44400,768,7.9,Bengaluru,26-04-2023
C101701,Geeta Jain,28,Self-Employed,95400,642,3.5,Pune,23-01-2024
C101702,Ritika Garg,51,Retired,41700,770,26.1,Delhi,25-03-2024
C101703,Ankita Chauhan,29,Salaried-Private,56000,725,1.8,Bengaluru,28-05-2023
C101704,Rohan Bansal,61,Salaried-Government,100100,559,18.7,Bhopal,18-06-2023
C101705,Mohit Garg,58,Salaried-Government,59500,735,11.4,Pune,31-07-2024
C101706,Atharv Malhotra,64,Salaried-Private,42800,625,33.2,Ahmedabad,13-02-2023
C101707,Abhishek Malhotra,61,Self-Employed,48700,553,21.4,Lucknow,27-12-2023
C101708,Ruchi Dubey,31,Self-Employed,84000,721,6.3,Indore,24-09-2024
C101709,Divya Dubey,30,Salaried-Private,63800,684,5.6,Ahmedabad,14-06-2024
C101710,Jyoti Roy,36,Salaried-Private,47100,799,3.8,Indore,12-12-2023
C101711,Sunita Krishnan,41,Student,12800,696,15,Jaipur,16-06-2025
C101712,Karan Krishnan,59,Salaried-Private,64800,752,29.5,Mumbai,15-03-2024
C101713,Jyoti Joshi,53,Self-Employed,105600,736,20,Nagpur,17-02-2024
C101714,Vishal Chaurasia,49,Self-Employed,57100,770,11.1,Hyderabad,02-08-2024
C101715,Kabir Kumar,59,Freelancer,48600,616,26.9,Chandigarh,30-09-2023
C101716,Swati Mukherjee,49,Business Owner,61100,705,19.3,Indore,13-12-2023
C101717,Rajesh Ghosh,37,Freelancer,44500,675,13.4,Bhopal,01-06-2025
C101718,Pankaj Tiwari,39,Self-Employed,81300,744,5.1,Surat,19-07-2023
C101719,Rajesh Singh,43,Salaried-Government,115800,717,18.4,Chennai,23-08-2024
C101720,Atharv Ghosh,24,Salaried-Government,66500,640,2.5,Surat,06-12-2024
C101721,Sachin Pillai,53,Salaried-Government,72100,663,13.1,Kolkata,02-10-2023
C101722,Usha Awasthi,49,Salaried-Government,90700,825,19.6,Surat,11-10-2023
C101723,Rohan Ghosh,53,Salaried-Private,81700,556,12.3,Pune,13-10-2023
C101724,Shreya Tripathi,44,Salaried-Government,57000,745,8.4,Lucknow,28-01-2024
C101725,Vijay Reddy,55,Salaried-Government,124700,798,22.1,Kolkata,28-06-2024
C101726,Manoj Khanna,62,Salaried-Private,70900,736,9.6,Nagpur,08-11-2024
C101727,Amit Srivastava,46,Salaried-Private,69700,848,6.7,Delhi,23-11-2023
C101728,Saanvi Dutta,40,Freelancer,60400,764,12.6,Lucknow,21-03-2024
C101729,Sanjay Verma,25,Self-Employed,75900,722,3.5,Kolkata,26-11-2024
C101730,Pranav Iyer,55,Freelancer,82000,654,7.6,Jaipur,10-01-2023
C101731,Shaurya Mehta,60,Self-Employed,67400,722,8.4,Kolkata,23-06-2023
C101732,Karan Srivastava,51,Student,22600,737,7.6,Bengaluru,12-04-2023
C101733,Aisha Krishnan,59,Freelancer,61800,689,7.6,Jaipur,21-06-2023
C101734,Mohit Malhotra,58,Salaried-Private,89500,633,31.4,Ahmedabad,11-02-2025
C101735,Rohan Awasthi,56,Retired,44400,590,18.6,Hyderabad,29-07-2023
C101736,Vikram Shukla,43,Salaried-Private,56800,703,15.1,Indore,15-05-2025
C101737,Simran Kapoor,25,Self-Employed,85200,574,2,Hyderabad,25-02-2025
C101738,Anjali Garg,21,Freelancer,49700,649,0,Ahmedabad,04-12-2023
C101739,Anjali Shah,29,Salaried-Private,41800,491,4.3,Pune,24-03-2023
C101740,Pooja Mehta,39,Self-Employed,105500,762,15.4,Ahmedabad,31-07-2023
C101741,Ramesh Iyer,53,Salaried-Government,89400,785,21,Jaipur,24-06-2024
C101742,Swati Singh,41,Salaried-Private,61500,695,17.3,Surat,21-02-2024
C101743,Riya Tripathi,22,Salaried-Private,46000,833,0.5,Pune,16-02-2025
C101744,Seema Shukla,30,Salaried-Private,65900,797,7.3,Pune,16-11-2023
C101745,Geeta Shukla,64,Salaried-Private,85400,731,18.6,Lucknow,09-06-2023
C101746,Seema Shah,64,Self-Employed,44900,677,28.5,Lucknow,28-08-2024
C101747,Ishaan Agarwal,37,Self-Employed,81400,664,10.1,Jaipur,07-04-2025
C101748,Priya Mukherjee,56,Salaried-Government,88900,738,18.9,Kolkata,16-05-2024
C101749,Dinesh Srivastava,52,Business Owner,25100,672,17.1,Delhi,02-10-2024
C101750,Anjali Chauhan,61,Salaried-Private,74900,735,12.8,Jaipur,09-06-2024
C101751,Reyansh Joshi,60,Salaried-Private,84500,742,32.5,Hyderabad,26-07-2023
C101752,Tarun Shah,48,Freelancer,64100,671,14,Delhi,10-05-2024
C101753,Nidhi Pillai,38,Student,17500,770,5.2,Surat,01-06-2025
C101754,Mayank Patel,48,Salaried-Government,64100,671,18.7,Kolkata,15-06-2025
C101755,Simran Kumar,35,Salaried-Private,39800,687,9.9,Kolkata,19-01-2025
C101756,Vivaan Ghosh,36,Freelancer,21200,604,3.5,Lucknow,06-04-2024
C101757,Ajay Roy,47,Student,21900,661,11.3,Pune,21-02-2023
C101758,Rohan Dubey,46,Salaried-Government,86000,865,15.2,Pune,28-01-2024
C101759,Diya Iyer,46,Salaried-Private,88400,621,19.4,Bengaluru,12-01-2025
C101760,Alok Ghosh,37,Salaried-Private,46900,722,6.7,Delhi,26-04-2025
C101761,Ishaan Gupta,39,Self-Employed,92500,657,7.4,Indore,03-06-2024
C101762,Vishal Reddy,21,Student,8000,504,0,Chennai,26-01-2023
C101763,Atharv Pandey,47,Business Owner,70600,735,9.2,Ahmedabad,11-03-2025
C101764,Naina Mittal,46,Salaried-Private,67500,645,20.7,Indore,23-01-2025
C101765,Usha Agarwal,62,Self-Employed,98300,720,30.9,Hyderabad,14-06-2024
C101766,Harsh Chatterjee,43,Freelancer,79700,771,18.2,Bengaluru,04-01-2024
C101767,Shaurya Bhatia,41,Salaried-Government,63200,708,9,Lucknow,17-12-2024
C101768,Rahul Das,23,Freelancer,30900,710,0.6,Pune,28-09-2023
C101769,Ananya Dubey,29,Salaried-Government,43500,617,4.9,Hyderabad,19-01-2025
C101770,Shreya Menon,35,Salaried-Private,46800,743,4.7,Chandigarh,27-10-2023
C101771,Arjun Saxena,37,Self-Employed,125700,683,6.2,Hyderabad,17-12-2024
C101772,Rohan Kapoor,36,Salaried-Government,83200,532,7.2,Mumbai,05-09-2024
C101773,Reyansh Iyer,38,Retired,53200,754,8.9,Bhopal,22-02-2023
C101774,Pranav Krishnan,54,Self-Employed,73500,781,14,Nagpur,03-02-2023
C101775,Shreya Saxena,26,Salaried-Government,62500,807,2,Indore,21-08-2024
C101776,Arjun Reddy,35,Salaried-Government,81500,865,5.2,Delhi,10-02-2024
C101777,Siddharth Rao,28,Self-Employed,56700,750,4.8,Kolkata,18-03-2025
C101778,Jyoti Sen,34,Salaried-Government,59300,730,5.4,Indore,02-12-2024
C101779,Seema Chaurasia,51,Business Owner,78400,779,20.6,Surat,22-04-2025
C101780,Mayank Saxena,23,Salaried-Government,51500,616,1.4,Chennai,26-06-2023
C101781,Nidhi Patel,35,Salaried-Government,67200,556,9.8,Pune,21-11-2024
C101782,Sachin Krishnan,22,Self-Employed,46700,648,0.8,Chennai,01-02-2024
C101783,Abhishek Shukla,63,Salaried-Private,77500,793,36.5,Surat,07-10-2023
C101784,Gaurav Mittal,52,Business Owner,109500,643,9.4,Surat,05-12-2023
C101785,Aarav Naidu,31,Self-Employed,65700,727,4.2,Lucknow,11-02-2025
C101786,Vijay Shah,29,Salaried-Government,45500,732,6,Chennai,25-04-2024
C101787,Neha Mukherjee,25,Business Owner,93000,713,3,Lucknow,24-01-2023
C101788,Geeta Pandey,41,Freelancer,43900,584,5,Ahmedabad,06-03-2024
C101789,Siddharth Dutta,54,Freelancer,57900,716,28.8,Mumbai,24-11-2024
C101790,Divya Bansal,46,Salaried-Government,94700,660,20,Chandigarh,06-11-2024
C101791,Vishal Gupta,59,Salaried-Private,45100,822,31.5,Delhi,12-03-2024
C101792,Komal Rao,36,Business Owner,163600,795,5.1,Mumbai,15-12-2024
C101793,Isha Das,33,Self-Employed,69100,659,6.6,Lucknow,02-03-2025
C101794,Raj Rao,42,Self-Employed,84300,833,10.7,Delhi,20-02-2023
C101795,Rahul Bose,29,Self-Employed,51100,715,3.6,Kolkata,27-03-2024
C101796,Naina Roy,63,Freelancer,79100,558,15.1,Pune,28-02-2025
C101797,Gaurav Verma,29,Salaried-Private,55700,682,2.4,Nagpur,16-01-2024
C101798,Mohit Sharma,42,Self-Employed,64900,820,17,Chennai,16-06-2025
C101799,Usha Yadav,43,Salaried-Private,52300,622,12.6,Delhi,30-01-2025
C101800,Anjali Yadav,23,Salaried-Government,55400,682,1.2,Bengaluru,22-06-2023
C101801,Pari Pillai,41,Business Owner,109400,587,7.7,Nagpur,24-10-2023
C101802,Diya Yadav,41,Salaried-Government,72300,594,17.1,Nagpur,19-12-2023
C101803,Seema Bansal,32,Salaried-Government,64000,622,9.4,Bengaluru,14-03-2024
C101804,Varun Malhotra,26,Student,8100,583,3.4,Pune,14-09-2024
C101805,Neha Rao,22,Freelancer,32100,635,0.4,Mumbai,29-01-2025
C101806,Diya Chaurasia,21,Self-Employed,54900,827,0,Bhopal,18-05-2024
C101807,Komal Mukherjee,42,Retired,46900,684,13,Indore,12-01-2023
C101808,Aditya Tiwari,24,Salaried-Government,76300,754,2.3,Lucknow,08-02-2025
C101809,Tara Agarwal,63,Freelancer,73600,778,36.8,Kolkata,11-11-2023
C101810,Atharv Gupta,31,Salaried-Private,59000,600,2.5,Pune,12-11-2023
C101811,Harsh Mittal,49,Salaried-Private,73900,624,12.2,Chennai,19-01-2025
C101812,Meera Iyer,50,Salaried-Private,63200,750,13.7,Lucknow,03-01-2025
C101813,Pratibha Srivastava,42,Salaried-Private,28600,633,9.6,Jaipur,02-03-2025
C101814,Akash Tiwari,59,Self-Employed,76000,747,25.4,Ahmedabad,02-04-2025
C101815,Riya Mishra,25,Salaried-Private,49100,821,2.3,Pune,25-05-2023
C101816,Nikhil Sharma,31,Self-Employed,45100,570,8.2,Lucknow,10-06-2023
C101817,Nikhil Iyer,32,Salaried-Private,48100,658,3.9,Nagpur,05-02-2024
C101818,Rahul Chaurasia,26,Salaried-Private,59700,673,2.4,Delhi,03-06-2025
C101819,Manoj Bansal,33,Retired,24200,641,6.9,Chandigarh,06-11-2023
C101820,Naina Khanna,34,Business Owner,70500,641,10,Ahmedabad,04-11-2023
C101821,Karan Gupta,54,Student,26100,644,25.6,Surat,28-05-2025
C101822,Tara Pillai,34,Salaried-Government,30400,683,10.4,Chandigarh,22-05-2025
C101823,Rahul Chauhan,59,Salaried-Private,66500,703,21.4,Chennai,22-05-2024
C101824,Rajesh Sharma,54,Self-Employed,51200,763,12.2,Hyderabad,23-06-2024
C101825,Usha Mukherjee,60,Self-Employed,63600,687,27.6,Mumbai,26-12-2023
C101826,Seema Shah,25,Salaried-Private,52600,777,3.5,Nagpur,09-01-2025
C101827,Nitin Kumar,64,Student,22500,636,17.2,Chandigarh,23-02-2025
C101828,Varun Yadav,48,Self-Employed,90600,597,9.1,Lucknow,26-08-2023
C101829,Pankaj Shah,64,Business Owner,148400,677,9.3,Mumbai,29-09-2024
C101830,Ravi Reddy,36,Salaried-Government,85000,729,10,Indore,14-04-2024
C101831,Arjun Tiwari,62,Self-Employed,107000,764,23.8,Delhi,03-10-2024
C101832,Divya Krishnan,46,Salaried-Private,37400,802,7.4,Chennai,18-01-2024
C101833,Usha Menon,24,Retired,31300,707,1,Jaipur,04-07-2024
C101834,Nidhi Agarwal,39,Salaried-Government,78000,751,11.9,Mumbai,27-07-2024
C101835,Karan Chauhan,27,Salaried-Private,74800,800,3,Chandigarh,11-01-2024
C101836,Komal Krishnan,62,Salaried-Private,106500,633,14.9,Indore,12-07-2023
C101837,Hemant Nair,34,Self-Employed,96900,677,8.1,Ahmedabad,30-03-2023
C101838,Mohit Chatterjee,30,Retired,47400,900,2.1,Delhi,25-05-2025
C101839,Abhishek Khanna,45,Student,25800,752,5.1,Jaipur,24-07-2024
C101840,Shweta Roy,39,Business Owner,98300,735,6.9,Chandigarh,07-02-2024
C101841,Gaurav Menon,25,Retired,31100,756,1.6,Nagpur,09-01-2024
C101842,Komal Dutta,56,Business Owner,107700,589,9.6,Chennai,04-01-2024
C101843,Alok Menon,58,Salaried-Private,51500,635,10.4,Chennai,12-02-2024
C101844,Neha Awasthi,53,Self-Employed,80400,611,10.2,Delhi,06-02-2024
C101845,Reyansh Desai,48,Salaried-Private,31300,718,19.1,Mumbai,11-04-2025
C101846,Tara Mishra,38,Salaried-Private,51200,658,13,Chandigarh,12-02-2024
C101847,Kavya Ghosh,44,Salaried-Government,67200,697,7.5,Hyderabad,10-10-2024
C101848,Suresh Shah,43,Salaried-Private,82800,667,14.5,Chennai,16-03-2024
C101849,Ruchi Saxena,28,Retired,49100,557,2.5,Ahmedabad,04-12-2024
C101850,Abhishek Agarwal,24,Retired,22600,754,2.4,Delhi,11-01-2023
C101851,Pallavi Bhatia,32,Salaried-Government,110600,555,4.3,Chandigarh,15-11-2024
C101852,Isha Sharma,40,Business Owner,100300,636,5.5,Jaipur,17-07-2023
C101853,Saanvi Desai,28,Salaried-Government,68600,585,3.6,Ahmedabad,25-01-2024
C101854,Seema Srivastava,25,Salaried-Private,24200,613,1.2,Hyderabad,21-07-2024
C101855,Jyoti Bhatia,58,Salaried-Private,57400,704,12.5,Jaipur,18-05-2024
C101856,Kabir Joshi,37,Salaried-Private,82400,791,7,Lucknow,16-02-2023
C101857,Nitin Mukherjee,46,Salaried-Private,68400,565,16.6,Jaipur,04-05-2024
C101858,Pratibha Pandey,44,Salaried-Private,66400,645,6.5,Chandigarh,28-04-2023
C101859,Isha Awasthi,53,Salaried-Private,72300,550,12.8,Kolkata,05-08-2023
C101860,Dinesh Dubey,53,Salaried-Private,38900,637,25.6,Delhi,22-02-2024
C101861,Jyoti Iyer,34,Student,13200,687,5.1,Bengaluru,23-07-2024
C101862,Pratibha Gupta,58,Salaried-Private,98000,756,11.8,Chandigarh,16-04-2024
C101863,Tushar Chaurasia,37,Salaried-Private,83100,522,9.2,Delhi,04-12-2023
C101864,Jyoti Iyer,57,Self-Employed,77400,735,8,Ahmedabad,22-03-2023
C101865,Arjun Awasthi,38,Salaried-Government,101700,617,13,Hyderabad,18-02-2023
C101866,Saanvi Dubey,25,Self-Employed,37400,588,1.4,Chandigarh,07-02-2024
C101867,Abhishek Nair,54,Salaried-Private,48800,692,9.7,Chennai,23-05-2025
C101868,Rahul Sharma,22,Self-Employed,111100,746,0.8,Chandigarh,05-01-2025
C101869,Priya Bose,54,Self-Employed,93100,685,26.1,Bengaluru,10-01-2024
C101870,Rekha Mehta,22,Business Owner,79200,604,0.7,Surat,08-07-2023
C101871,Sachin Mittal,30,Self-Employed,68300,682,3.3,Bengaluru,11-11-2023
C101872,Sunita Krishnan,47,Salaried-Government,53200,629,14.8,Kolkata,16-03-2024
C101873,Atharv Singh,62,Salaried-Government,83000,740,36,Surat,18-07-2024
C101874,Mohit Bose,38,Salaried-Private,65700,775,9.1,Bengaluru,12-05-2024
C101875,Ramesh Roy,26,Self-Employed,68500,771,4.3,Ahmedabad,13-02-2024
C101876,Gaurav Nair,31,Salaried-Private,35800,683,6.7,Lucknow,24-07-2024
C101877,Isha Rao,60,Salaried-Private,75900,781,30.9,Hyderabad,29-05-2025
C101878,Jyoti Kumar,52,Business Owner,83500,610,10.4,Mumbai,09-01-2024
C101879,Divya Malhotra,25,Salaried-Private,36900,828,3.4,Hyderabad,15-02-2023
C101880,Vijay Sen,37,Salaried-Private,86700,610,12.8,Pune,04-02-2025
C101881,Ajay Kumar,32,Business Owner,161800,541,8.2,Bengaluru,04-01-2025
C101882,Sunita Chaurasia,28,Salaried-Government,106000,805,6,Bhopal,13-06-2024
C101883,Sneha Bhatia,58,Freelancer,69200,633,27.8,Lucknow,20-01-2023
C101884,Meera Sharma,48,Student,18300,692,16.3,Kolkata,12-03-2025
C101885,Aisha Shukla,28,Retired,35000,602,4.6,Kolkata,14-06-2023
C101886,Hemant Khanna,49,Salaried-Government,80600,881,21.7,Chandigarh,18-05-2025
C101887,Ankita Awasthi,39,Salaried-Private,53800,833,13,Surat,06-06-2023
C101888,Rajesh Chatterjee,23,Self-Employed,98500,818,1.2,Lucknow,03-01-2023
C101889,Rajesh Iyer,40,Self-Employed,24700,690,11.8,Pune,03-11-2023
C101890,Pooja Awasthi,29,Self-Employed,62100,767,6.5,Mumbai,19-03-2024
C101891,Vijay Pandey,31,Salaried-Private,75000,687,2.1,Delhi,27-02-2025
C101892,Siddharth Bansal,59,Salaried-Private,53300,777,26.7,Chandigarh,08-02-2023
C101893,Pranav Bose,52,Salaried-Private,62600,656,18.5,Bhopal,08-08-2023
C101894,Rekha Iyer,26,Salaried-Private,68900,817,3.9,Delhi,14-08-2024
C101895,Vijay Yadav,58,Salaried-Private,100200,658,12.7,Mumbai,08-04-2024
C101896,Nidhi Das,46,Student,14400,654,14.2,Hyderabad,06-02-2025
C101897,Isha Tiwari,59,Salaried-Private,42800,649,11,Pune,06-03-2024
C101898,Pari Pillai,53,Self-Employed,56100,703,21.2,Bengaluru,14-07-2024
C101899,Reyansh Desai,35,Student,9200,650,10.3,Jaipur,01-08-2023
C101900,Rekha Tiwari,44,Salaried-Government,37400,724,14.6,Indore,21-12-2023
C101901,Sanjay Das,44,Self-Employed,51900,649,13.5,Surat,21-02-2024
C101902,Deepak Desai,52,Business Owner,139900,764,13.7,Chennai,26-06-2024
C101903,Pooja Dubey,31,Salaried-Private,52800,809,6.5,Kolkata,29-01-2025
C101904,Pratibha Chauhan,35,Salaried-Government,66800,696,11.6,Nagpur,26-10-2023
C101905,Vishal Desai,31,Freelancer,32700,862,7,Chandigarh,20-09-2024
C101906,Sanya Malhotra,34,Business Owner,113500,787,2.8,Bengaluru,04-07-2023
C101907,Lalit Dubey,28,Freelancer,76800,862,3.9,Kolkata,19-12-2023
C101908,Sanya Sharma,22,Retired,22700,678,0.7,Delhi,16-03-2023
C101909,Pranav Chauhan,62,Salaried-Government,114800,564,22.7,Bhopal,31-08-2023
C101910,Pooja Nair,24,Business Owner,100900,638,1.8,Lucknow,14-12-2024
C101911,Varun Dutta,60,Self-Employed,82000,643,32.7,Hyderabad,09-04-2024
C101912,Sanya Khanna,21,Business Owner,100800,618,0,Chandigarh,27-03-2025
C101913,Rohan Tiwari,55,Business Owner,114100,521,8.7,Kolkata,22-07-2023
C101914,Nikhil Tripathi,35,Business Owner,153000,784,7.8,Chandigarh,23-01-2024
C101915,Manoj Bansal,43,Student,18600,533,14,Mumbai,21-05-2023
C101916,Riya Mehta,33,Salaried-Private,70600,764,9.6,Ahmedabad,17-09-2023
C101917,Manish Srivastava,42,Business Owner,82900,867,8.1,Jaipur,09-02-2023
C101918,Harsh Garg,40,Salaried-Private,79400,629,5.7,Delhi,11-07-2023
C101919,Sanjay Bhatia,44,Self-Employed,52200,718,14.2,Ahmedabad,10-01-2023
C101920,Neha Sen,38,Freelancer,52500,655,9,Chandigarh,27-08-2024
C101921,Hemant Pandey,44,Freelancer,99300,761,8.7,Lucknow,25-05-2025
C101922,Anjali Nair,57,Salaried-Government,19800,587,31,Delhi,11-02-2023
C101923,Meera Desai,40,Self-Employed,79200,681,8,Chandigarh,22-11-2023
C101924,Diya Tiwari,36,Salaried-Private,66400,779,3.6,Lucknow,10-03-2025
C101925,Dev Saxena,26,Salaried-Private,52400,683,1.2,Ahmedabad,03-02-2023
C101926,Ramesh Joshi,36,Salaried-Private,56900,558,5.1,Bhopal,03-10-2024
C101927,Vivaan Desai,26,Student,10500,780,1.4,Surat,07-06-2024
C101928,Vikram Garg,29,Salaried-Private,53200,584,3.8,Nagpur,15-01-2025
C101929,Aarav Menon,62,Retired,52100,694,10.5,Lucknow,28-02-2024
C101930,Ananya Menon,24,Salaried-Private,46400,733,1.8,Nagpur,14-03-2023
C101931,Saanvi Chauhan,42,Business Owner,161100,713,10.2,Bhopal,01-06-2024
C101932,Ananya Joshi,57,Self-Employed,74400,894,22.3,Pune,21-05-2025
C101933,Sunita Chatterjee,62,Business Owner,122600,757,36.6,Delhi,02-05-2024
C101934,Ruchi Dutta,27,Self-Employed,52300,671,5.4,Surat,15-02-2023
C101935,Jyoti Shah,28,Business Owner,120700,746,3.4,Jaipur,01-04-2023
C101936,Kavya Das,37,Student,16900,699,7.3,Nagpur,16-03-2024
C101937,Gaurav Shukla,45,Self-Employed,85700,696,16.3,Indore,04-11-2024
C101938,Gaurav Iyer,63,Salaried-Private,51300,707,19.2,Mumbai,09-07-2023
C101939,Gaurav Menon,30,Salaried-Private,43600,651,6.7,Chennai,05-12-2023
C101940,Aditya Ghosh,28,Business Owner,144800,718,4.3,Kolkata,19-05-2025
C101941,Sneha Menon,32,Salaried-Government,48100,646,3.7,Surat,15-06-2025
C101942,Vikram Kumar,59,Self-Employed,96600,542,18.6,Pune,13-03-2025
C101943,Suresh Pandey,22,Self-Employed,43700,777,0.8,Chennai,15-06-2024
C101944,Pooja Garg,37,Salaried-Government,89100,648,9.4,Ahmedabad,15-03-2025
C101945,Suresh Pillai,26,Freelancer,35000,696,3.5,Bhopal,17-03-2024
C101946,Kabir Mehta,27,Business Owner,59600,628,4.2,Nagpur,11-06-2025
C101947,Manish Shukla,61,Business Owner,81200,633,21.5,Chandigarh,22-11-2023
C101948,Naina Gupta,21,Business Owner,70300,607,0,Bengaluru,03-04-2025
C101949,Rahul Shukla,35,Student,15100,758,8.6,Nagpur,29-04-2024
C101950,Vivaan Nair,61,Self-Employed,83700,787,11.2,Kolkata,17-04-2025
C101951,Reyansh Srivastava,47,Retired,30300,686,16.1,Lucknow,01-03-2024
C101952,Arjun Joshi,24,Salaried-Private,55600,645,0.8,Lucknow,08-03-2025
C101953,Rajesh Verma,41,Self-Employed,46600,551,16.6,Kolkata,18-04-2024
C101954,Shreya Bansal,63,Business Owner,125400,762,30.3,Kolkata,04-01-2025
C101955,Vivaan Rao,38,Salaried-Government,85500,638,5.6,Jaipur,23-05-2025
C101956,Rohan Rao,44,Salaried-Private,63700,600,17.2,Delhi,13-03-2023
C101957,Ritika Agarwal,44,Self-Employed,81700,694,16.3,Chandigarh,31-12-2023
C101958,Mohit Verma,50,Salaried-Government,110600,669,20.6,Chennai,05-01-2023
C101959,Abhishek Tripathi,29,Student,11000,560,3.5,Chandigarh,10-09-2023
C101960,Riya Khanna,57,Salaried-Government,54100,577,20.4,Mumbai,14-02-2023
C101961,Naina Bose,64,Salaried-Private,83800,719,26.2,Delhi,18-01-2024
C101962,Neha Garg,27,Self-Employed,41200,633,2.8,Hyderabad,06-11-2023
C101963,Sanya Sen,57,Salaried-Government,70300,731,21.3,Chennai,16-02-2023
C101964,Manish Bose,56,Salaried-Private,57000,700,13,Delhi,10-12-2023
C101965,Rohan Kumar,53,Self-Employed,62000,773,26,Lucknow,15-02-2024
C101966,Ramesh Gupta,37,Self-Employed,66400,623,14,Mumbai,21-01-2023
C101967,Komal Mehta,41,Salaried-Private,81000,710,8.6,Delhi,08-04-2025
C101968,Manish Dutta,57,Self-Employed,106900,747,15.8,Surat,07-10-2023
C101969,Divya Tiwari,27,Self-Employed,90600,643,2.1,Surat,30-06-2023
C101970,Riya Garg,57,Freelancer,63800,779,29,Surat,19-02-2023
C101971,Ramesh Iyer,61,Salaried-Government,70800,557,12.6,Bhopal,22-03-2023
C101972,Ruchi Naidu,51,Salaried-Private,19800,616,22.8,Chandigarh,13-09-2024
C101973,Rajesh Kapoor,36,Retired,43400,550,11.7,Pune,15-01-2023
C101974,Riya Malhotra,45,Self-Employed,20900,624,10.1,Surat,25-03-2023
C101975,Amit Shukla,23,Salaried-Private,17300,670,1.5,Hyderabad,02-08-2024
C101976,Vijay Kumar,61,Freelancer,57400,755,20.7,Bhopal,06-11-2023
C101977,Rajesh Shah,36,Salaried-Private,66300,677,6.7,Bhopal,19-11-2024
C101978,Naina Jain,23,Freelancer,37600,638,1.7,Jaipur,21-09-2024
C101979,Manoj Awasthi,55,Business Owner,150700,578,17.6,Kolkata,27-08-2024
C101980,Saanvi Dutta,49,Retired,49700,590,6.7,Surat,02-03-2023
C101981,Ravi Dubey,48,Retired,40800,710,17.4,Bhopal,30-07-2024
C101982,Dev Joshi,23,Salaried-Private,83500,763,1.3,Indore,21-03-2025
C101983,Seema Khanna,54,Freelancer,82200,658,21.3,Delhi,05-01-2025
C101984,Suresh Kumar,49,Salaried-Private,76500,788,12.7,Surat,24-04-2025
C101985,Deepak Tripathi,55,Self-Employed,61000,613,23,Hyderabad,07-02-2025
C101986,Sanya Bose,57,Self-Employed,67200,658,14.5,Mumbai,06-04-2025
C101987,Siddharth Awasthi,30,Salaried-Private,29700,659,4.7,Mumbai,30-10-2023
C101988,Ankita Desai,30,Salaried-Private,57800,811,3.2,Delhi,18-08-2023
C101989,Harsh Mittal,61,Salaried-Private,50000,698,25.2,Ahmedabad,05-06-2024
C101990,Arjun Dubey,44,Salaried-Private,57600,544,17.6,Bhopal,20-06-2023
C101991,Kavya Sen,40,Salaried-Private,67800,766,5.1,Indore,15-08-2024
C101992,Alok Iyer,33,Student,8000,828,2.6,Chandigarh,10-06-2025
C101993,Seema Jain,49,Self-Employed,46900,667,20.5,Surat,04-11-2023
C101994,Komal Shukla,54,Freelancer,49100,615,14.1,Surat,05-11-2023
C101995,Shaurya Menon,21,Freelancer,43200,755,0,Mumbai,26-07-2024
C101996,Pratibha Malhotra,45,Business Owner,81800,849,14.3,Bhopal,02-07-2024
C101997,Anjali Joshi,64,Salaried-Government,71700,758,23.3,Mumbai,16-08-2024
C101998,Reyansh Menon,33,Student,10900,551,3.4,Chandigarh,28-12-2023
C101999,Sanya Singh,33,Business Owner,46400,747,8.8,Lucknow,01-01-2023
C102000,Ramesh Bansal,59,Business Owner,86100,725,12.3,Hyderabad,03-08-2023
C102001,Rahul Menon,23,Student,8400,604,1.6,Delhi,18-03-2023
C102002,Manoj Shah,38,Self-Employed,65400,792,12.5,Indore,29-05-2023
C102003,Dev Das,41,Self-Employed,76700,726,6.3,Hyderabad,23-10-2024
C102004,Komal Joshi,56,Student,23500,788,25.6,Kolkata,04-04-2023
C102005,Aditya Ghosh,26,Salaried-Government,77500,606,3.3,Lucknow,09-03-2023
C102006,Pooja Verma,40,Freelancer,41500,718,16.9,Ahmedabad,01-07-2023
C102007,Akash Mukherjee,27,Salaried-Private,25900,612,4.2,Hyderabad,01-04-2024
C102008,Pari Garg,55,Salaried-Private,94000,713,16.1,Kolkata,31-01-2023
C102009,Abhishek Roy,48,Self-Employed,86100,811,17.1,Kolkata,10-02-2023
C102010,Rajesh Pillai,42,Salaried-Private,44300,572,13.9,Ahmedabad,19-03-2025
C102011,Vikram Bansal,38,Retired,43100,576,12.3,Pune,15-01-2025
C102012,Deepak Krishnan,27,Salaried-Private,78800,768,3.2,Mumbai,16-07-2023
C102013,Pallavi Garg,61,Business Owner,159300,702,31.2,Pune,14-05-2024
C102014,Sanjay Agarwal,49,Salaried-Private,71200,784,11.2,Pune,18-11-2024
C102015,Usha Kapoor,35,Retired,51300,623,12.2,Hyderabad,03-07-2023
C102016,Ramesh Chatterjee,39,Salaried-Government,41100,690,7.5,Delhi,02-05-2024
C102017,Rekha Rao,52,Salaried-Private,66700,745,7,Ahmedabad,15-02-2025
C102018,Priya Tripathi,52,Salaried-Private,60700,705,10.5,Indore,19-02-2023
C102019,Geeta Sharma,41,Self-Employed,82200,549,17,Bengaluru,18-04-2023
C102020,Vijay Mehta,34,Retired,57500,900,9.8,Lucknow,25-01-2025
C102021,Ananya Khanna,50,Retired,47600,704,14.7,Nagpur,27-03-2025
C102022,Nitin Krishnan,49,Salaried-Private,47400,579,23.3,Nagpur,24-08-2024
C102023,Lalit Kumar,47,Salaried-Government,43100,711,9.7,Chennai,24-05-2025
C102024,Shreya Pandey,24,Salaried-Private,89100,727,1.1,Bengaluru,30-10-2024
C102025,Vivaan Chaurasia,41,Self-Employed,86300,772,5.8,Lucknow,15-08-2024
C102026,Ananya Shukla,48,Self-Employed,87600,767,13.8,Chennai,22-01-2023
C102027,Manish Bansal,62,Salaried-Private,64500,672,23,Chennai,24-01-2025
C102028,Saanvi Mishra,44,Self-Employed,81600,554,6.9,Lucknow,16-10-2023
C102029,Nidhi Sharma,36,Student,11300,718,4.2,Hyderabad,11-01-2025
C102030,Reyansh Pandey,45,Salaried-Private,72300,559,11.4,Kolkata,04-01-2023
C102031,Anjali Mehta,28,Salaried-Private,34300,782,2.5,Kolkata,13-02-2024
C102032,Pallavi Bansal,24,Salaried-Private,49000,628,1.8,Bhopal,13-07-2024
C102033,Manish Yadav,50,Salaried-Private,53700,738,16.4,Lucknow,20-04-2023
C102034,Dinesh Garg,64,Salaried-Private,8000,628,13.5,Pune,28-11-2023
C102035,Arjun Tiwari,58,Self-Employed,72500,651,7.7,Mumbai,16-03-2023
C102036,Karan Tripathi,46,Salaried-Private,47000,622,16.3,Hyderabad,25-02-2024
C102037,Aditya Pandey,22,Business Owner,81700,749,0.7,Bengaluru,04-04-2023
C102038,Priya Joshi,64,Student,25500,634,23.3,Chandigarh,08-08-2023
C102039,Anjali Das,40,Student,21200,744,11.5,Chandigarh,06-04-2024
C102040,Ramesh Dutta,33,Business Owner,102600,647,10.5,Mumbai,12-02-2024
C102041,Vishal Pillai,60,Salaried-Private,77300,673,28.8,Pune,01-02-2023
C102042,Rajesh Agarwal,53,Salaried-Private,77700,694,13.9,Bengaluru,30-12-2024
C102043,Kabir Sen,53,Salaried-Private,85200,705,25.4,Bhopal,08-03-2024
C102044,Sanya Krishnan,33,Retired,43300,612,7,Lucknow,25-09-2023
C102045,Jyoti Bansal,64,Retired,53600,744,24.3,Delhi,16-09-2023
C102046,Diya Garg,40,Salaried-Government,83700,670,13,Lucknow,01-04-2023
C102047,Jyoti Sharma,44,Salaried-Private,15700,725,11.5,Bhopal,23-02-2025
C102048,Rahul Gupta,54,Self-Employed,129300,698,26.9,Mumbai,15-11-2024
C102049,Varun Shah,50,Salaried-Private,98400,741,9.2,Surat,23-03-2023
C102050,Amit Mishra,28,Retired,38400,652,3.5,Kolkata,02-03-2025
C102051,Arjun Tripathi,34,Salaried-Private,31900,621,3.2,Bengaluru,04-09-2024
C102052,Tara Dutta,36,Salaried-Government,93100,728,10.4,Indore,11-09-2024
C102053,Rajesh Verma,62,Salaried-Government,61600,649,16,Mumbai,15-03-2023
C102054,Priya Sharma,52,Salaried-Private,78100,808,15.4,Kolkata,12-09-2023
C102055,Meera Iyer,37,Salaried-Government,38700,691,13.1,Indore,20-04-2024
C102056,Ananya Bansal,53,Student,27700,574,10.6,Chennai,28-08-2024
C102057,Aditya Roy,53,Salaried-Private,39000,639,6.5,Chennai,28-10-2023
C102058,Pranav Awasthi,38,Self-Employed,74500,611,10.3,Lucknow,22-12-2024
C102059,Karan Khanna,38,Salaried-Government,20600,768,8.6,Hyderabad,09-05-2024
C102060,Deepak Joshi,60,Salaried-Private,69800,752,9.3,Kolkata,26-01-2025
C102061,Usha Jain,45,Salaried-Private,56100,683,9.8,Bengaluru,07-03-2023
C102062,Vishal Mittal,27,Salaried-Private,80100,715,2.2,Delhi,17-09-2023
C102063,Varun Mittal,52,Salaried-Private,58900,681,11.9,Pune,26-03-2024
C102064,Diya Chatterjee,46,Salaried-Government,95500,763,18.8,Bengaluru,08-12-2024
C102065,Naina Bansal,43,Freelancer,36400,727,9.1,Kolkata,02-04-2024
C102066,Rohan Mishra,52,Business Owner,91400,749,16.8,Kolkata,19-09-2023
C102067,Naina Ghosh,60,Student,23100,668,15,Kolkata,29-01-2025
C102068,Isha Joshi,35,Salaried-Government,77000,641,12.1,Nagpur,01-02-2023
C102069,Isha Verma,39,Business Owner,107000,749,13.4,Bhopal,20-02-2023
C102070,Ruchi Khanna,29,Business Owner,114300,821,4,Ahmedabad,18-11-2023
C102071,Sunita Verma,49,Salaried-Private,71500,779,19.8,Bengaluru,21-04-2023
C102072,Ankita Roy,38,Salaried-Private,75000,817,7.1,Hyderabad,05-10-2023
C102073,Ravi Awasthi,36,Self-Employed,50500,700,3.9,Chandigarh,01-06-2025
C102074,Komal Srivastava,51,Freelancer,62200,611,15,Bhopal,17-01-2024
C102075,Siddharth Shah,38,Salaried-Government,102700,624,10.1,Indore,14-03-2024
C102076,Aarav Tripathi,41,Salaried-Private,29400,794,8.9,Indore,26-12-2023
C102077,Atharv Patel,40,Retired,46500,538,9.1,Mumbai,01-10-2024
C102078,Usha Agarwal,32,Salaried-Private,72900,811,7.7,Bhopal,15-12-2023
C102079,Manish Singh,26,Retired,52500,624,4.1,Chandigarh,20-09-2023
C102080,Aisha Dutta,57,Freelancer,70000,844,29.7,Bengaluru,14-01-2023
C102081,Tushar Yadav,25,Freelancer,47200,681,2.4,Chennai,21-07-2024
C102082,Saanvi Krishnan,35,Freelancer,56500,746,9,Nagpur,18-12-2024
C102083,Sunita Das,50,Salaried-Private,51900,878,16.6,Ahmedabad,16-01-2024
C102084,Atharv Bansal,26,Self-Employed,58700,662,2.3,Lucknow,11-10-2023
C102085,Kabir Roy,49,Freelancer,33800,657,20.1,Mumbai,18-01-2025
C102086,Rahul Shukla,53,Business Owner,148400,646,8.9,Surat,04-05-2025
C102087,Alok Shah,50,Salaried-Private,75600,611,23.9,Chennai,26-01-2024
C102088,Varun Malhotra,34,Salaried-Private,41900,659,5.2,Chandigarh,04-07-2023
C102089,Alok Chatterjee,21,Salaried-Private,60400,644,0,Delhi,01-09-2024
C102090,Ritika Verma,60,Salaried-Government,101600,595,15.3,Nagpur,14-07-2024
C102091,Ishaan Roy,35,Self-Employed,95400,677,10.8,Hyderabad,27-10-2023
C102092,Akash Tiwari,56,Freelancer,43200,722,13.6,Ahmedabad,29-12-2024
C102093,Vivaan Mukherjee,29,Freelancer,8000,609,5,Mumbai,04-07-2023
C102094,Anjali Patel,28,Business Owner,103500,682,3.1,Delhi,12-02-2023
C102095,Ishaan Garg,55,Salaried-Private,50900,800,22.4,Nagpur,15-07-2023
C102096,Mohit Malhotra,62,Salaried-Government,90600,580,25.2,Lucknow,31-10-2024
C102097,Divya Bhatia,58,Salaried-Private,88800,847,33.2,Indore,24-05-2024
C102098,Pratibha Tiwari,54,Salaried-Private,90500,639,13.8,Bhopal,09-09-2024
C102099,Ishaan Nair,31,Salaried-Private,93900,710,4.4,Surat,17-03-2024
C102100,Divya Pandey,61,Salaried-Private,95700,796,13.6,Surat,15-04-2023
C102101,Seema Mehta,50,Salaried-Private,101600,821,15.2,Chennai,24-09-2024
C102102,Ananya Shah,28,Self-Employed,101900,732,5.5,Lucknow,23-08-2024
C102103,Ramesh Saxena,26,Salaried-Private,86300,637,1.7,Nagpur,02-02-2025
C102104,Jyoti Shah,59,Salaried-Private,69400,627,33.2,Hyderabad,23-04-2023
C102105,Vivaan Garg,33,Salaried-Private,34000,639,2.5,Nagpur,03-02-2023
C102106,Divya Mishra,54,Self-Employed,138800,851,25.2,Kolkata,30-09-2023
C102107,Mohit Rao,27,Self-Employed,69900,659,4.1,Chandigarh,20-12-2024
C102108,Komal Agarwal,33,Salaried-Private,84400,718,10,Pune,02-04-2023
C102109,Aditya Pandey,33,Salaried-Private,48800,603,6.8,Lucknow,13-02-2025
C102110,Riya Awasthi,33,Retired,49400,594,8.1,Jaipur,02-05-2025
C102111,Manoj Chaurasia,50,Self-Employed,18900,684,6.8,Chennai,01-10-2024
C102112,Tarun Shah,61,Business Owner,90900,667,19,Mumbai,13-05-2025
C102113,Pari Mukherjee,61,Self-Employed,79600,671,29.6,Indore,03-09-2024
C102114,Kabir Jain,53,Freelancer,64200,571,8.8,Lucknow,21-03-2023
C102115,Manoj Awasthi,29,Student,14700,676,6,Kolkata,24-04-2025
C102116,Vijay Dubey,63,Salaried-Government,53200,811,17.5,Jaipur,16-12-2024
C102117,Shreya Bose,44,Business Owner,118300,629,10.3,Surat,11-03-2025
C102118,Amit Shukla,45,Salaried-Private,89100,765,15.7,Mumbai,18-04-2023
C102119,Pranav Reddy,51,Business Owner,175100,429,7.6,Bengaluru,27-11-2023
C102120,Shaurya Nair,54,Salaried-Government,89200,629,21,Nagpur,29-06-2023
C102121,Meera Chatterjee,62,Salaried-Private,62200,536,34.4,Mumbai,02-08-2024
C102122,Shweta Saxena,46,Retired,27700,783,6.6,Delhi,06-07-2024
C102123,Dev Patel,47,Student,24100,753,9.8,Nagpur,26-04-2024
C102124,Kavya Yadav,53,Salaried-Private,82500,609,6.7,Chandigarh,30-05-2023
C102125,Aarav Iyer,32,Retired,37100,708,6.2,Surat,07-04-2023
C102126,Ritika Agarwal,34,Salaried-Private,27800,780,9.3,Indore,03-06-2025
C102127,Suresh Pillai,48,Salaried-Government,50800,796,22.9,Lucknow,27-07-2023
C102128,Saanvi Bose,23,Student,10900,649,0.9,Delhi,12-05-2025
C102129,Kavya Mukherjee,35,Salaried-Private,67700,513,4.3,Mumbai,30-03-2024
C102130,Komal Bose,52,Salaried-Government,30100,612,6.8,Indore,18-01-2023
C102131,Vikram Mehta,63,Business Owner,125000,760,18,Ahmedabad,11-02-2024
C102132,Arjun Verma,43,Salaried-Private,32400,852,12.3,Pune,28-02-2025
C102133,Diya Desai,38,Salaried-Government,97100,690,14.1,Chennai,31-05-2024
C102134,Shaurya Malhotra,40,Salaried-Private,66800,641,6.7,Chandigarh,01-05-2025
C102135,Swati Reddy,51,Business Owner,85200,884,22.4,Bhopal,18-12-2024
C102136,Atharv Singh,44,Salaried-Private,84000,725,12.3,Surat,09-03-2025
C102137,Manoj Chatterjee,22,Salaried-Private,62500,591,0.8,Kolkata,24-12-2024
C102138,Mohit Kumar,44,Business Owner,139600,691,18.5,Jaipur,14-09-2024
C102139,Geeta Roy,38,Salaried-Private,63400,769,13.6,Pune,02-09-2023
C102140,Manoj Gupta,51,Salaried-Government,75600,685,14.4,Pune,15-07-2024
C102141,Alok Singh,59,Business Owner,94100,757,16.8,Bengaluru,27-08-2023
C102142,Siddharth Agarwal,63,Freelancer,65000,561,14.5,Kolkata,29-07-2024
C102143,Diya Chauhan,47,Salaried-Private,99400,580,9.4,Pune,07-07-2024
C102144,Lalit Chaurasia,36,Student,12700,623,9.5,Chennai,17-12-2024
C102145,Manish Malhotra,40,Business Owner,116300,674,16.6,Pune,07-12-2023
C102146,Seema Bhatia,28,Salaried-Private,40200,712,4.4,Lucknow,23-09-2023
C102147,Simran Gupta,62,Freelancer,27300,735,20,Chandigarh,13-05-2025
C102148,Diya Khanna,58,Business Owner,109400,893,13.7,Bhopal,26-10-2023
C102149,Nikhil Singh,58,Self-Employed,89700,634,24.3,Bhopal,24-07-2024
C102150,Usha Reddy,35,Self-Employed,69000,665,4.9,Nagpur,07-03-2025
C102151,Reyansh Chaurasia,35,Business Owner,45700,630,3.7,Pune,21-08-2023
C102152,Rahul Shukla,58,Retired,51500,774,9.8,Indore,11-12-2023
C102153,Priya Roy,44,Self-Employed,81600,782,18.3,Ahmedabad,05-04-2023
C102154,Jyoti Awasthi,52,Freelancer,42200,650,14.5,Bhopal,08-06-2023
C102155,Ishaan Awasthi,42,Business Owner,53100,853,18,Nagpur,13-10-2024
C102156,Reyansh Das,40,Student,15100,625,10.4,Chandigarh,16-04-2023
C102157,Ritika Desai,48,Retired,51600,770,18.5,Pune,16-10-2023
C102158,Vikram Agarwal,56,Salaried-Private,77300,807,27.3,Pune,05-05-2023
C102159,Ritika Iyer,35,Salaried-Private,43000,577,11.4,Surat,22-06-2023
C102160,Priya Krishnan,56,Self-Employed,83300,738,11,Nagpur,21-12-2024
C102161,Nidhi Yadav,31,Salaried-Government,84000,474,3.5,Bengaluru,16-08-2023
C102162,Ankita Dubey,38,Self-Employed,44700,752,5.2,Hyderabad,24-03-2024
C102163,Rajesh Agarwal,61,Freelancer,61000,601,20.5,Ahmedabad,17-09-2024
C102164,Ritika Singh,62,Student,28700,729,12.6,Bhopal,14-04-2025
C102165,Sneha Malhotra,61,Salaried-Government,48500,747,26.2,Hyderabad,15-08-2024
C102166,Komal Bose,34,Business Owner,130200,789,5.9,Ahmedabad,27-12-2023
C102167,Sneha Naidu,58,Salaried-Private,102200,766,32.4,Hyderabad,01-04-2023
C102168,Anjali Reddy,62,Self-Employed,77100,696,31.6,Lucknow,02-02-2024
C102169,Reyansh Rao,64,Salaried-Private,65300,659,30.4,Hyderabad,21-08-2024
C102170,Sanya Verma,21,Self-Employed,90800,687,0,Delhi,13-01-2023
C102171,Naina Sharma,53,Self-Employed,74300,601,7.3,Kolkata,08-07-2024
C102172,Atharv Mehta,64,Business Owner,29900,667,11.1,Mumbai,11-01-2023
C102173,Kavya Saxena,54,Self-Employed,76800,668,16.6,Chennai,21-12-2024
C102174,Rahul Desai,31,Salaried-Government,74800,628,8.4,Nagpur,14-05-2025
C102175,Riya Iyer,54,Salaried-Private,83000,553,8.8,Bhopal,20-03-2023
C102176,Karan Garg,25,Salaried-Private,39000,583,2,Surat,20-04-2025
C102177,Rajesh Awasthi,42,Retired,38200,433,15.9,Ahmedabad,03-09-2023
C102178,Sunita Singh,48,Student,22000,658,11.4,Bhopal,10-03-2023
C102179,Lalit Kumar,41,Salaried-Private,61800,718,17,Mumbai,24-12-2024
C102180,Divya Reddy,51,Salaried-Private,36400,470,25.6,Ahmedabad,13-10-2023
C102181,Ajay Menon,31,Salaried-Government,91700,712,2.4,Ahmedabad,31-01-2024
C102182,Geeta Chaurasia,47,Business Owner,91500,683,16.4,Mumbai,04-06-2025
C102183,Neha Roy,49,Salaried-Government,95700,600,8.5,Delhi,29-03-2025
C102184,Aarav Srivastava,48,Salaried-Private,37900,651,13.7,Ahmedabad,27-04-2024
C102185,Isha Chatterjee,33,Salaried-Government,62600,773,9.9,Bengaluru,14-09-2024
C102186,Rahul Tripathi,34,Salaried-Private,70400,612,3.3,Nagpur,07-09-2023
C102187,Rajesh Mukherjee,32,Salaried-Private,57700,694,9.4,Bengaluru,18-02-2023
C102188,Kavya Nair,41,Salaried-Private,39300,713,17.9,Mumbai,25-09-2024
C102189,Tarun Iyer,46,Business Owner,21600,617,16.7,Chandigarh,11-02-2024
C102190,Priya Saxena,36,Self-Employed,108600,776,6.7,Ahmedabad,13-04-2025
C102191,Meera Kumar,39,Salaried-Private,67200,722,6.8,Ahmedabad,25-09-2023
C102192,Ankita Pillai,33,Self-Employed,98800,674,6,Hyderabad,18-07-2023
C102193,Ruchi Garg,30,Salaried-Government,84500,881,2.9,Mumbai,15-11-2024
C102194,Vivaan Krishnan,49,Freelancer,64700,770,6,Lucknow,23-04-2024
C102195,Neha Rao,56,Retired,43100,551,8.5,Kolkata,15-05-2023
C102196,Sachin Garg,33,Salaried-Private,69600,659,8,Pune,31-07-2024
C102197,Alok Mukherjee,58,Student,27300,881,7.9,Hyderabad,05-03-2025
C102198,Gaurav Menon,46,Business Owner,100700,616,10.3,Bengaluru,18-07-2024
C102199,Pari Joshi,28,Business Owner,151700,708,4.7,Lucknow,18-10-2024
C102200,Komal Reddy,37,Salaried-Government,33900,783,5.2,Delhi,30-05-2023
C102201,Naina Verma,21,Salaried-Private,22900,735,0,Nagpur,11-06-2024
C102202,Vivaan Dutta,22,Salaried-Private,75200,754,0.2,Jaipur,14-09-2024
C102203,Shaurya Saxena,35,Retired,28800,743,3.9,Bengaluru,20-05-2024
C102204,Reyansh Singh,40,Self-Employed,122600,700,6.8,Indore,25-04-2025
C102205,Neha Tiwari,56,Salaried-Government,103900,632,10.1,Chennai,06-05-2025
C102206,Nikhil Patel,26,Self-Employed,106100,730,2.7,Chennai,01-05-2024
C102207,Shaurya Bose,57,Salaried-Private,87100,660,10.4,Lucknow,16-02-2025
C102208,Lalit Singh,31,Salaried-Private,40600,647,4.1,Delhi,11-03-2023
C102209,Mohit Menon,27,Self-Employed,28600,802,4.2,Surat,09-04-2025
C102210,Nidhi Garg,51,Self-Employed,113900,666,19.7,Chennai,15-05-2023
C102211,Kavya Das,55,Freelancer,33600,821,15.9,Bhopal,10-01-2025
C102212,Pallavi Naidu,47,Business Owner,149100,722,22.1,Ahmedabad,06-02-2024
C102213,Saanvi Menon,26,Self-Employed,84100,679,3.8,Surat,12-11-2023
C102214,Lalit Khanna,26,Freelancer,44800,541,3.1,Ahmedabad,27-01-2025
C102215,Sachin Bose,38,Salaried-Private,70600,860,8.6,Bengaluru,02-06-2023
C102216,Tara Bhatia,40,Business Owner,110500,696,4.6,Chennai,03-06-2024
C102217,Vijay Mittal,64,Business Owner,98700,513,21,Bhopal,26-09-2023
C102218,Sneha Verma,33,Salaried-Private,88300,772,7,Kolkata,27-08-2023
C102219,Usha Tiwari,29,Salaried-Private,86000,688,7.1,Bengaluru,15-05-2025
C102220,Sachin Bansal,62,Salaried-Private,74500,616,35.5,Delhi,27-05-2023
C102221,Pallavi Iyer,27,Salaried-Private,45400,761,1.7,Delhi,17-05-2025
C102222,Rahul Krishnan,22,Self-Employed,97700,490,0.9,Bhopal,25-01-2023
C102223,Pari Awasthi,39,Salaried-Private,21700,626,13.1,Nagpur,03-07-2023
C102224,Sanya Pandey,38,Business Owner,109000,672,11.5,Kolkata,04-12-2023
C102225,Vivaan Menon,48,Salaried-Private,80600,760,22.5,Jaipur,23-07-2023
C102226,Manish Das,59,Salaried-Private,53600,867,16.2,Kolkata,22-08-2023
C102227,Priya Dubey,62,Salaried-Private,90900,674,19.7,Chennai,15-08-2024
C102228,Meera Menon,33,Salaried-Private,59300,725,9.7,Chandigarh,24-02-2023
C102229,Raj Mittal,64,Retired,43700,900,11.7,Hyderabad,13-05-2024
C102230,Lalit Garg,48,Salaried-Private,85100,693,18.8,Chandigarh,01-01-2024
C102231,Seema Gupta,24,Salaried-Private,34500,722,2.3,Delhi,22-05-2024
C102232,Pari Verma,62,Salaried-Private,88800,594,33.6,Jaipur,09-11-2023
C102233,Alok Pandey,27,Salaried-Government,19300,839,2.1,Jaipur,27-03-2025
C102234,Sneha Saxena,46,Self-Employed,82900,635,16.9,Delhi,25-10-2023
C102235,Ritika Chauhan,55,Freelancer,58300,710,8.8,Indore,16-05-2024
C102236,Geeta Gupta,31,Salaried-Government,52600,707,8,Bengaluru,30-01-2024
C102237,Manish Reddy,32,Self-Employed,79800,698,5.9,Lucknow,06-06-2024
C102238,Diya Awasthi,41,Salaried-Government,66700,655,12.7,Kolkata,23-12-2023
C102239,Ishaan Gupta,59,Freelancer,76100,710,30.2,Chandigarh,18-08-2024
C102240,Deepak Das,30,Self-Employed,83000,833,5,Ahmedabad,04-07-2023
C102241,Ajay Patel,50,Salaried-Private,75700,873,16.1,Jaipur,04-04-2024
C102242,Ishaan Shah,40,Business Owner,104900,681,10,Chandigarh,05-02-2025
C102243,Anjali Tripathi,25,Freelancer,38000,649,2.5,Mumbai,07-06-2024
C102244,Rohan Mukherjee,52,Salaried-Government,66300,625,21.8,Hyderabad,01-07-2023
C102245,Pankaj Pillai,57,Retired,50400,900,27.5,Ahmedabad,03-11-2024
C102246,Saanvi Mehta,46,Student,17700,692,5.5,Pune,15-10-2023
C102247,Sunita Pillai,28,Salaried-Private,80000,781,3.1,Mumbai,03-04-2025
C102248,Priya Gupta,27,Freelancer,47900,742,3,Surat,12-01-2025
C102249,Simran Garg,39,Self-Employed,82200,869,4.8,Delhi,18-04-2025
C102250,Anjali Chatterjee,43,Self-Employed,41100,666,16,Chandigarh,22-01-2025
C102251,Aisha Pillai,45,Self-Employed,98200,606,13.6,Bengaluru,24-08-2024
C102252,Rajesh Krishnan,31,Student,10500,830,2,Surat,17-08-2024
C102253,Gaurav Patel,43,Self-Employed,49800,759,14.1,Indore,30-08-2023
C102254,Rajesh Das,33,Self-Employed,110300,733,5.2,Pune,30-11-2023
C102255,Hemant Srivastava,51,Salaried-Private,81000,814,21.3,Hyderabad,19-02-2025
C102256,Komal Saxena,56,Salaried-Government,96000,735,11.4,Hyderabad,10-07-2024
C102257,Vivaan Kumar,49,Student,20800,808,5.6,Ahmedabad,16-09-2024
C102258,Sneha Kumar,21,Business Owner,85000,712,0,Chennai,12-07-2023
C102259,Pallavi Nair,64,Salaried-Private,66600,762,21.9,Indore,27-11-2023
C102260,Ajay Nair,22,Student,11000,723,0.7,Bhopal,14-08-2023
C102261,Swati Desai,64,Freelancer,79300,665,26.8,Lucknow,18-07-2024
C102262,Pooja Bansal,22,Self-Employed,64800,673,0.2,Pune,12-04-2024
C102263,Ishaan Nair,43,Salaried-Private,105300,664,13.5,Delhi,16-01-2024
C102264,Pranav Chauhan,25,Self-Employed,62900,710,2.2,Hyderabad,22-11-2024
C102265,Ajay Srivastava,25,Salaried-Private,28700,647,3,Ahmedabad,20-01-2025
C102266,Varun Patel,51,Salaried-Private,32600,719,11.4,Bhopal,16-04-2025
C102267,Pranav Saxena,53,Self-Employed,38300,717,22.5,Chandigarh,30-10-2023
C102268,Pooja Jain,26,Student,9000,697,3.2,Nagpur,10-03-2024
C102269,Sachin Gupta,63,Salaried-Government,72200,708,26.7,Ahmedabad,31-01-2024
C102270,Pratibha Bose,35,Student,15900,637,6.8,Jaipur,20-04-2025
C102271,Deepak Shukla,35,Student,13800,659,2.9,Hyderabad,14-12-2024
C102272,Ruchi Yadav,34,Salaried-Private,77100,557,4.3,Lucknow,11-04-2025
C102273,Varun Garg,41,Salaried-Private,63900,679,15.8,Surat,30-06-2023
C102274,Simran Tripathi,28,Business Owner,91200,614,4.4,Delhi,05-05-2024
C102275,Arjun Garg,39,Freelancer,42000,694,10.9,Ahmedabad,22-05-2024
C102276,Mohit Mishra,30,Salaried-Government,95400,637,5.1,Indore,20-01-2024
C102277,Priya Nair,23,Business Owner,39800,521,0.5,Kolkata,08-02-2024
C102278,Priya Mittal,37,Self-Employed,79600,872,7.1,Ahmedabad,30-01-2025
C102279,Rohan Sharma,50,Business Owner,93800,675,18.4,Delhi,27-11-2023
C102280,Usha Joshi,54,Business Owner,126200,814,9.5,Chandigarh,04-02-2024
C102281,Aditya Sharma,36,Salaried-Private,60600,646,12.7,Indore,09-04-2023
C102282,Alok Nair,35,Salaried-Private,60800,824,3.5,Indore,25-07-2024
C102283,Gaurav Naidu,55,Salaried-Private,63300,597,23,Indore,11-01-2023
C102284,Ritika Chatterjee,50,Student,24000,697,11.9,Nagpur,03-11-2024
C102285,Vishal Chauhan,57,Student,22700,596,29,Chennai,06-07-2024
C102286,Ishaan Roy,60,Freelancer,91100,900,30.4,Chandigarh,13-05-2025
C102287,Kabir Mittal,57,Salaried-Private,74800,671,15.6,Chennai,19-05-2024
C102288,Mohit Gupta,62,Self-Employed,82900,758,21.5,Pune,10-10-2024
C102289,Seema Tripathi,39,Salaried-Private,59300,724,15.7,Bengaluru,22-04-2025
C102290,Sanjay Mukherjee,38,Salaried-Government,79700,689,10.6,Mumbai,25-07-2023
C102291,Nitin Pillai,35,Salaried-Private,48800,728,2.9,Jaipur,29-09-2023
C102292,Shweta Verma,31,Freelancer,50300,796,7.4,Delhi,13-04-2024
C102293,Pooja Sharma,53,Salaried-Private,68000,743,14.5,Bengaluru,06-02-2023
C102294,Atharv Pillai,52,Self-Employed,86200,705,12.2,Bengaluru,04-08-2023
C102295,Tarun Jain,56,Retired,51200,729,27.4,Surat,21-02-2024
C102296,Saanvi Naidu,28,Business Owner,103700,848,6.1,Kolkata,09-08-2023
C102297,Shweta Sharma,42,Salaried-Private,65300,656,5.1,Nagpur,07-02-2023
C102298,Karan Reddy,30,Student,16600,534,4.3,Surat,02-11-2024
C102299,Diya Agarwal,60,Self-Employed,91700,606,15.4,Bengaluru,21-08-2023
C102300,Ruchi Patel,32,Salaried-Government,122200,616,9.1,Hyderabad,16-01-2023
C102301,Kabir Dutta,27,Business Owner,92000,623,4.8,Hyderabad,24-08-2024
C102302,Ishaan Iyer,46,Student,21100,615,20.8,Ahmedabad,23-07-2023
C102303,Naina Ghosh,59,Salaried-Government,59700,687,8.7,Delhi,16-02-2024
C102304,Sachin Mehta,61,Self-Employed,115600,717,9.4,Ahmedabad,15-11-2024
C102305,Ramesh Patel,25,Salaried-Government,46600,705,2.3,Chennai,22-10-2023
C102306,Akash Nair,35,Salaried-Private,69700,632,4.4,Delhi,10-06-2024
C102307,Arjun Nair,27,Freelancer,42200,765,1.7,Indore,20-12-2024
C102308,Abhishek Iyer,34,Salaried-Private,69200,733,5,Pune,24-10-2024
C102309,Ishaan Ghosh,44,Salaried-Government,64500,816,16,Mumbai,30-10-2023
C102310,Manoj Krishnan,33,Salaried-Government,47900,754,8,Chandigarh,24-12-2023
C102311,Naina Krishnan,23,Salaried-Private,50400,659,1.5,Surat,25-05-2023
C102312,Siddharth Joshi,43,Salaried-Government,103200,799,5.4,Pune,19-05-2023
C102313,Vishal Mittal,23,Self-Employed,78000,713,1.5,Pune,09-09-2023
C102314,Tarun Rao,30,Salaried-Private,32800,748,4.9,Bengaluru,28-04-2025
C102315,Akash Nair,21,Salaried-Private,76900,749,0,Chennai,07-05-2025
C102316,Vijay Dubey,24,Student,8000,671,1.9,Bengaluru,05-02-2025
C102317,Rajesh Srivastava,40,Retired,49500,695,14.4,Bengaluru,14-08-2023
C102318,Sneha Shah,58,Salaried-Government,87500,682,10.1,Pune,16-06-2024
C102319,Rahul Awasthi,55,Salaried-Private,80900,623,26,Bhopal,23-11-2023
C102320,Mohit Bose,25,Salaried-Private,93700,522,2.4,Bengaluru,05-09-2023
C102321,Alok Rao,22,Salaried-Private,38800,630,0.6,Bhopal,07-06-2023
C102322,Shreya Patel,35,Salaried-Government,79500,707,11.4,Bhopal,12-05-2025
C102323,Shreya Pillai,49,Student,23200,770,19.5,Mumbai,05-08-2024
C102324,Pankaj Kumar,53,Business Owner,80200,755,19.5,Chennai,23-09-2024
C102325,Manish Tripathi,57,Salaried-Private,54500,665,15.7,Jaipur,07-09-2023
C102326,Pankaj Pandey,36,Retired,35600,630,8.4,Bengaluru,30-05-2025
C102327,Usha Garg,28,Salaried-Government,70400,676,5.5,Ahmedabad,08-07-2023
C102328,Nitin Reddy,22,Salaried-Private,27200,606,0.9,Lucknow,13-06-2023
C102329,Swati Sharma,27,Salaried-Government,75000,522,4.4,Mumbai,12-06-2024
C102330,Tarun Menon,23,Salaried-Private,27600,560,1.5,Surat,20-04-2025
C102331,Vikram Chatterjee,58,Student,26900,794,25.5,Chennai,19-11-2024
C102332,Hemant Chauhan,32,Salaried-Government,76200,840,8.1,Chandigarh,05-05-2025
C102333,Sachin Mehta,57,Business Owner,163600,764,13.3,Bengaluru,16-06-2024
C102334,Ankita Bhatia,45,Salaried-Government,84800,688,11.9,Lucknow,12-08-2023
C102335,Tarun Menon,44,Student,16500,571,13.6,Chandigarh,24-03-2024
C102336,Gaurav Kapoor,41,Self-Employed,54800,675,11.7,Ahmedabad,25-03-2024
C102337,Ritika Pandey,57,Salaried-Government,80200,740,22.3,Ahmedabad,26-05-2025
C102338,Suresh Mittal,22,Salaried-Private,54800,754,0.9,Ahmedabad,23-09-2023
C102339,Pooja Dubey,25,Student,13400,737,3.2,Chandigarh,14-09-2023
C102340,Rohan Mishra,39,Self-Employed,50900,784,14,Ahmedabad,07-01-2024
C102341,Naina Bhatia,38,Salaried-Private,102200,850,13.3,Nagpur,01-03-2024
C102342,Ankita Garg,45,Student,21700,650,18.1,Bengaluru,12-06-2024
C102343,Shreya Kapoor,53,Salaried-Private,63700,900,21.6,Ahmedabad,22-06-2023
C102344,Simran Sharma,46,Salaried-Private,101000,533,9.5,Jaipur,29-12-2024
C102345,Mayank Mukherjee,32,Self-Employed,51600,625,8.8,Jaipur,28-03-2024
C102346,Reyansh Gupta,35,Salaried-Private,64700,705,5.5,Ahmedabad,26-02-2024
C102347,Usha Chauhan,54,Salaried-Government,45600,730,23.3,Nagpur,13-03-2024
C102348,Sachin Roy,29,Salaried-Private,95100,679,2.2,Kolkata,07-04-2025
C102349,Naina Chaurasia,43,Salaried-Private,30900,644,12.8,Bengaluru,25-11-2024
C102350,Rajesh Chaurasia,44,Salaried-Private,35400,861,9.7,Pune,24-05-2024
C102351,Reyansh Iyer,54,Salaried-Private,55500,644,22.9,Mumbai,16-02-2024
C102352,Pankaj Tiwari,52,Retired,61300,607,24.8,Chennai,25-07-2023
C102353,Sanjay Sen,41,Self-Employed,96900,829,4.2,Kolkata,09-05-2023
C102354,Mayank Naidu,34,Salaried-Government,68400,758,3.6,Delhi,28-04-2025
C102355,Ishaan Chaurasia,37,Salaried-Government,89300,780,13.6,Kolkata,04-05-2025
C102356,Akash Menon,39,Business Owner,91500,709,6.6,Hyderabad,08-09-2023
C102357,Isha Nair,30,Salaried-Private,67000,579,6.4,Indore,30-08-2023
C102358,Anjali Gupta,48,Salaried-Private,98800,701,20.8,Bengaluru,09-02-2025
C102359,Divya Chauhan,30,Business Owner,83700,571,6.5,Ahmedabad,09-08-2023
C102360,Pankaj Krishnan,49,Salaried-Government,54800,707,6.2,Bengaluru,06-09-2024
C102361,Hemant Chaurasia,54,Freelancer,64700,741,23.6,Ahmedabad,22-03-2025
C102362,Atharv Bhatia,63,Student,27300,770,36.7,Kolkata,13-04-2025
C102363,Lalit Verma,26,Freelancer,47800,679,2.3,Kolkata,19-08-2024
C102364,Abhishek Garg,54,Salaried-Private,88300,753,23,Kolkata,14-04-2023
C102365,Vikram Patel,24,Salaried-Private,52200,615,1.2,Ahmedabad,08-03-2025
C102366,Siddharth Awasthi,35,Salaried-Private,63200,766,12.6,Chennai,29-06-2023
C102367,Lalit Shah,28,Freelancer,52800,741,2.4,Indore,16-09-2023
C102368,Alok Patel,28,Student,11900,617,2.9,Surat,09-06-2023
C102369,Pratibha Malhotra,28,Student,15900,724,2.2,Surat,17-02-2023
C102370,Rahul Menon,22,Salaried-Private,62800,776,0.9,Ahmedabad,23-06-2023
C102371,Pooja Chatterjee,57,Freelancer,53500,694,21.6,Chandigarh,25-01-2024
C102372,Pranav Bansal,23,Self-Employed,79500,626,0.7,Lucknow,13-01-2023
C102373,Tarun Saxena,38,Freelancer,66900,704,5,Bengaluru,09-08-2023
C102374,Pooja Rao,51,Self-Employed,96600,738,24.4,Ahmedabad,16-05-2023
C102375,Vijay Gupta,64,Salaried-Private,86600,626,10.5,Indore,19-10-2024
C102376,Rahul Verma,58,Salaried-Private,39800,605,24.1,Indore,07-09-2024
C102377,Mayank Bhatia,27,Retired,8000,722,3.8,Nagpur,13-07-2023
C102378,Ajay Kapoor,64,Salaried-Government,105800,761,31.8,Chandigarh,18-02-2025
C102379,Amit Malhotra,49,Salaried-Government,81400,864,19,Nagpur,12-03-2023
C102380,Saanvi Gupta,28,Salaried-Government,62800,742,5.5,Hyderabad,23-05-2023
C102381,Saanvi Gupta,40,Salaried-Government,83400,595,4.3,Nagpur,01-03-2024
C102382,Ajay Gupta,61,Student,30000,847,20,Nagpur,28-03-2025
C102383,Tara Ghosh,38,Salaried-Private,90100,777,4.4,Lucknow,11-09-2023
C102384,Tushar Rao,29,Salaried-Private,77400,531,3.9,Lucknow,17-05-2025
C102385,Suresh Shah,59,Freelancer,45000,604,22.5,Lucknow,18-08-2023
C102386,Saanvi Kapoor,62,Self-Employed,64200,650,25.2,Delhi,23-07-2024
C102387,Sachin Srivastava,63,Salaried-Private,24100,750,35.6,Delhi,11-10-2023
C102388,Diya Singh,63,Salaried-Private,84500,502,35.5,Hyderabad,21-06-2024
C102389,Ruchi Joshi,59,Salaried-Private,92400,684,15.8,Chennai,03-10-2023
C102390,Diya Garg,40,Salaried-Private,86400,755,13.1,Mumbai,09-08-2023
C102391,Jyoti Mishra,29,Salaried-Private,71700,464,5.6,Chandigarh,02-02-2024
C102392,Rohan Mehta,48,Salaried-Private,62700,749,23.5,Mumbai,25-10-2023
C102393,Shreya Awasthi,30,Business Owner,73500,760,2.3,Pune,03-06-2024
C102394,Jyoti Bose,41,Student,13800,614,12.6,Delhi,17-03-2024
C102395,Rajesh Ghosh,49,Student,19000,590,13.6,Surat,29-04-2024
C102396,Kabir Tripathi,62,Salaried-Government,55400,619,18.2,Nagpur,14-05-2023
C102397,Mayank Joshi,33,Salaried-Private,94900,480,7.6,Jaipur,19-06-2024
C102398,Suresh Jain,32,Retired,21800,657,4.4,Jaipur,16-10-2024
C102399,Vikram Chaurasia,53,Freelancer,53600,705,7.2,Jaipur,26-04-2023
C102400,Isha Iyer,21,Self-Employed,19500,585,0,Chennai,30-06-2023
C102401,Aarav Saxena,45,Salaried-Private,70500,768,6.3,Pune,23-02-2023
C102402,Sanjay Dutta,53,Salaried-Private,67800,698,13.8,Chennai,23-07-2023
C102403,Tarun Dubey,45,Self-Employed,67000,710,14.8,Indore,18-04-2025
C102404,Aditya Shukla,37,Self-Employed,50000,655,10.2,Pune,27-03-2023
C102405,Komal Krishnan,57,Salaried-Private,69400,749,24,Hyderabad,20-07-2023
C102406,Vishal Menon,37,Retired,32900,788,14.3,Kolkata,05-05-2023
C102407,Siddharth Garg,52,Self-Employed,75100,658,14.9,Chandigarh,17-01-2025
C102408,Anjali Gupta,41,Self-Employed,121000,759,5.9,Pune,06-06-2024
C102409,Ritika Verma,22,Salaried-Private,58800,750,0.3,Mumbai,01-03-2023
C102410,Ruchi Kumar,44,Freelancer,61700,722,12.8,Ahmedabad,01-08-2023
C102411,Kavya Garg,23,Business Owner,73900,825,0.9,Bhopal,31-08-2024
C102412,Karan Verma,61,Salaried-Private,55300,630,33.6,Bhopal,08-11-2024
C102413,Mayank Shah,47,Self-Employed,75800,657,14.5,Chandigarh,26-06-2024
C102414,Geeta Awasthi,37,Business Owner,174500,644,8.3,Kolkata,24-05-2024
C102415,Rahul Malhotra,42,Freelancer,47800,745,16.9,Nagpur,21-02-2024
C102416,Pallavi Tripathi,48,Salaried-Private,73000,669,20.4,Delhi,23-01-2025
C102417,Sanya Joshi,32,Student,10200,625,7.7,Delhi,03-12-2023
C102418,Shaurya Agarwal,33,Salaried-Government,8000,814,6.8,Lucknow,18-05-2025
C102419,Sanjay Krishnan,39,Salaried-Private,46400,831,6.6,Bhopal,16-02-2025
C102420,Kavya Chaurasia,32,Salaried-Private,107000,669,6.6,Hyderabad,16-04-2025
C102421,Ankita Mukherjee,54,Salaried-Private,80100,582,9.3,Chennai,24-09-2024
C102422,Aarav Saxena,25,Salaried-Private,89400,842,2.3,Hyderabad,07-11-2023
C102423,Kabir Gupta,57,Salaried-Government,67300,727,28.7,Hyderabad,05-08-2024
C102424,Sunita Dubey,36,Business Owner,18600,716,8.4,Mumbai,19-02-2024
C102425,Lalit Jain,45,Salaried-Private,42400,694,6,Hyderabad,14-04-2025
C102426,Ajay Nair,27,Retired,40200,622,1.3,Lucknow,27-03-2025
C102427,Riya Mehta,37,Salaried-Private,66200,656,12.8,Lucknow,02-03-2023
C102428,Aarav Mehta,54,Self-Employed,78900,746,11.8,Indore,09-11-2024
C102429,Simran Das,32,Student,11100,645,6.2,Nagpur,05-11-2024
C102430,Kabir Mehta,26,Freelancer,61000,723,3.7,Hyderabad,04-07-2024
C102431,Sanya Khanna,43,Self-Employed,62800,690,8.3,Surat,21-05-2025
C102432,Aisha Joshi,28,Business Owner,100700,610,5,Pune,12-03-2023
C102433,Tarun Chauhan,34,Salaried-Private,64100,819,3.3,Hyderabad,24-05-2025
C102434,Atharv Garg,40,Salaried-Private,55200,735,13.8,Lucknow,04-01-2023
C102435,Pratibha Patel,45,Salaried-Government,50700,714,5.9,Pune,06-06-2023
C102436,Ananya Naidu,49,Salaried-Private,57700,733,11,Surat,04-08-2024
C102437,Shreya Mehta,50,Salaried-Government,113300,553,11,Hyderabad,29-12-2024
C102438,Pallavi Das,58,Salaried-Private,92000,654,30.5,Ahmedabad,25-03-2025
C102439,Ankita Nair,23,Student,12100,559,1.1,Delhi,22-02-2023
C102440,Ruchi Agarwal,36,Student,11900,691,11.9,Mumbai,11-01-2025
C102441,Kabir Rao,21,Freelancer,21000,709,0,Chandigarh,14-09-2024
C102442,Nitin Mittal,21,Business Owner,123100,709,0,Indore,28-12-2023
C102443,Usha Singh,30,Salaried-Private,76700,785,5.3,Delhi,31-07-2024
C102444,Shaurya Dubey,47,Salaried-Private,68100,570,13.4,Lucknow,23-12-2023
C102445,Pranav Nair,60,Business Owner,91700,629,25.8,Surat,15-02-2024
C102446,Aditya Kumar,55,Self-Employed,44500,719,13.6,Chennai,07-07-2023
C102447,Rekha Ghosh,49,Salaried-Government,90800,714,23.6,Ahmedabad,07-11-2023
C102448,Varun Agarwal,55,Salaried-Government,100200,589,28.4,Chennai,19-08-2024
C102449,Komal Chauhan,28,Salaried-Government,48400,782,1.8,Delhi,04-08-2023
C102450,Abhishek Sharma,57,Salaried-Private,54100,811,30.3,Bhopal,15-12-2024
C102451,Mohit Singh,60,Salaried-Private,95400,728,12.8,Chennai,11-11-2023
C102452,Pankaj Mishra,25,Salaried-Government,48000,566,2.7,Kolkata,10-04-2025
C102453,Vivaan Bansal,41,Self-Employed,116700,710,15.5,Delhi,31-03-2023
C102454,Sachin Mehta,57,Retired,46100,714,13.3,Mumbai,12-11-2023
C102455,Raj Menon,41,Self-Employed,64700,667,5.6,Surat,30-09-2023
C102456,Abhishek Chauhan,57,Business Owner,103800,803,26.3,Ahmedabad,28-05-2024
C102457,Dev Srivastava,62,Freelancer,54200,678,20.9,Lucknow,01-04-2024
C102458,Sunita Pillai,41,Salaried-Private,85500,861,10.8,Indore,28-02-2023
C102459,Dev Roy,23,Business Owner,117100,760,1.5,Indore,08-04-2024
C102460,Ramesh Mittal,35,Salaried-Government,90000,715,5.3,Delhi,24-04-2024
C102461,Jyoti Chauhan,30,Self-Employed,74000,764,2.4,Chennai,03-06-2024
C102462,Manoj Malhotra,41,Salaried-Private,53900,810,17.4,Hyderabad,25-04-2024
C102463,Neha Mittal,46,Student,18200,754,17.2,Bengaluru,16-10-2024
C102464,Isha Reddy,41,Retired,35900,679,13.1,Ahmedabad,10-10-2024
C102465,Nitin Saxena,29,Salaried-Private,87500,640,3.5,Kolkata,15-04-2023
C102466,Diya Mishra,34,Salaried-Private,80200,602,11.7,Nagpur,27-07-2024
C102467,Sanjay Kumar,50,Salaried-Private,64800,494,10.3,Bhopal,04-02-2025
C102468,Vijay Chatterjee,22,Freelancer,29600,698,0.3,Mumbai,24-02-2024
C102469,Vikram Sharma,30,Self-Employed,106600,664,3.8,Jaipur,26-11-2023
C102470,Diya Roy,60,Salaried-Private,73300,664,28,Hyderabad,14-04-2024
C102471,Siddharth Ghosh,25,Freelancer,43500,768,1.5,Nagpur,22-06-2023
C102472,Komal Dutta,39,Salaried-Government,101800,686,7.5,Hyderabad,13-02-2024
C102473,Tushar Kumar,30,Salaried-Government,52900,839,5.1,Delhi,11-06-2023
C102474,Ananya Chauhan,25,Salaried-Government,55100,642,2.6,Nagpur,20-11-2023
C102475,Priya Menon,39,Self-Employed,67700,612,5.5,Lucknow,26-12-2024
C102476,Ruchi Shukla,43,Salaried-Government,40300,585,14.5,Lucknow,08-04-2025
C102477,Tushar Sen,28,Salaried-Private,64100,747,3.3,Surat,06-03-2024
C102478,Sanya Malhotra,24,Salaried-Government,44900,778,1.3,Lucknow,20-04-2025
C102479,Akash Kapoor,26,Student,8500,633,1.3,Hyderabad,20-08-2023
C102480,Rohan Joshi,49,Self-Employed,60300,603,24.7,Lucknow,16-08-2023
C102481,Amit Pillai,58,Student,21300,805,25.4,Hyderabad,18-04-2025
C102482,Isha Agarwal,28,Self-Employed,48700,571,1.9,Indore,13-07-2024
C102483,Sanjay Malhotra,35,Freelancer,53600,768,6.4,Pune,11-06-2024
C102484,Divya Tiwari,36,Salaried-Private,57900,643,3.8,Indore,22-11-2023
C102485,Ruchi Rao,36,Freelancer,50800,719,8.7,Chennai,24-07-2024
C102486,Dinesh Sen,31,Salaried-Private,106100,782,6.9,Bengaluru,26-04-2025
C102487,Aarav Sharma,23,Salaried-Private,52700,726,0.5,Pune,12-08-2023
C102488,Sanjay Yadav,44,Salaried-Private,76300,667,19.4,Jaipur,16-11-2024
C102489,Aditya Krishnan,36,Salaried-Private,75400,802,6.9,Lucknow,26-12-2023
C102490,Seema Chatterjee,36,Student,14100,705,5.5,Mumbai,12-11-2023
C102491,Ananya Pandey,32,Retired,40700,900,3.2,Delhi,04-10-2023
C102492,Suresh Pandey,61,Freelancer,60300,552,12.1,Chennai,14-02-2025
C102493,Shreya Das,47,Salaried-Private,69500,552,20.7,Chandigarh,10-08-2023
C102494,Suresh Pillai,39,Student,13700,761,9.6,Chennai,19-01-2024
C102495,Swati Garg,30,Business Owner,75800,688,6.8,Kolkata,19-03-2025
C102496,Priya Gupta,56,Salaried-Private,69300,753,12.6,Nagpur,14-03-2024
C102497,Ramesh Naidu,60,Self-Employed,34300,597,16.5,Bengaluru,26-04-2023
C102498,Manoj Pandey,22,Business Owner,136300,704,0.5,Bengaluru,28-05-2025
C102499,Neha Iyer,61,Salaried-Private,114200,733,20.7,Lucknow,22-03-2023
C102500,Sunita Chatterjee,51,Self-Employed,82100,648,8.1,Chandigarh,17-03-2025
C102501,Ajay Malhotra,25,Business Owner,110900,715,0.9,Pune,09-12-2023
C102502,Alok Mishra,54,Salaried-Private,89800,584,29.6,Bengaluru,09-08-2024
C102503,Riya Yadav,25,Salaried-Government,33000,716,2.7,Delhi,14-08-2024
C102504,Siddharth Chatterjee,23,Self-Employed,89100,809,0.5,Nagpur,30-08-2023
C102505,Abhishek Jain,26,Business Owner,76400,592,3.7,Jaipur,12-10-2023
C102506,Tara Chaurasia,41,Retired,68500,586,9.1,Pune,01-05-2023
C102507,Anjali Roy,48,Freelancer,51800,782,20.5,Chennai,02-07-2023
C102508,Kabir Rao,38,Self-Employed,94600,588,14.7,Bengaluru,19-02-2023
C102509,Suresh Desai,26,Self-Employed,63700,756,1.1,Chennai,19-02-2023
C102510,Kavya Garg,29,Self-Employed,121900,702,7,Chandigarh,10-01-2024
C102511,Rahul Jain,58,Self-Employed,68500,656,11.7,Kolkata,19-01-2025
C102512,Tushar Kapoor,63,Salaried-Private,95100,811,17.1,Indore,20-12-2023
C102513,Pankaj Iyer,54,Business Owner,121300,772,21.1,Kolkata,24-10-2024
C102514,Mohit Mehta,25,Business Owner,102500,717,2.8,Surat,22-10-2023
C102515,Sanya Khanna,57,Self-Employed,85900,520,11.5,Lucknow,03-08-2024
C102516,Aisha Agarwal,51,Student,18200,739,8.9,Bengaluru,14-04-2024
C102517,Anjali Bansal,44,Business Owner,14400,596,9.2,Kolkata,21-10-2024
C102518,Harsh Rao,27,Salaried-Government,86500,675,2.6,Indore,03-09-2024
C102519,Neha Jain,64,Salaried-Private,62400,689,18.2,Jaipur,27-01-2025
C102520,Saanvi Dutta,40,Salaried-Private,86000,844,6.1,Hyderabad,13-05-2024
C102521,Harsh Agarwal,22,Salaried-Government,68600,670,0.9,Jaipur,28-08-2023
C102522,Amit Ghosh,30,Salaried-Government,90500,579,6.8,Surat,17-03-2023
C102523,Pari Menon,38,Salaried-Private,77800,809,15.1,Indore,12-12-2024
C102524,Dev Agarwal,23,Salaried-Private,8000,739,0.5,Chandigarh,01-07-2023
C102525,Amit Saxena,35,Salaried-Private,72900,751,3.5,Delhi,03-04-2023
C102526,Akash Mehta,41,Freelancer,46500,806,11.5,Jaipur,19-01-2024
C102527,Ananya Roy,62,Freelancer,79000,829,25.8,Surat,19-04-2025
C102528,Dev Chauhan,24,Salaried-Government,74700,619,1.9,Chandigarh,17-10-2023
C102529,Neha Jain,46,Salaried-Private,77100,580,6.6,Mumbai,23-05-2024
C102530,Amit Chatterjee,61,Salaried-Private,65600,757,31.6,Chennai,23-02-2024
C102531,Pari Malhotra,56,Salaried-Private,50700,666,19,Hyderabad,18-11-2024
C102532,Siddharth Singh,61,Salaried-Government,67000,676,18.3,Bengaluru,04-01-2025
C102533,Ishaan Joshi,28,Salaried-Private,21800,593,3.9,Chandigarh,14-03-2024
C102534,Suresh Mehta,56,Salaried-Private,57200,735,8,Ahmedabad,26-01-2024
C102535,Raj Das,64,Retired,32600,717,15.1,Pune,27-12-2023
C102536,Aarav Reddy,35,Self-Employed,37100,673,12.6,Jaipur,27-09-2024
C102537,Rajesh Yadav,42,Freelancer,54300,577,12.3,Mumbai,27-09-2024
C102538,Suresh Bansal,44,Salaried-Private,74900,787,5.9,Hyderabad,23-08-2023
C102539,Raj Dubey,42,Salaried-Private,62800,709,8.5,Kolkata,24-10-2023
C102540,Aisha Naidu,33,Student,11600,771,4,Hyderabad,07-10-2024
C102541,Ankita Shukla,63,Salaried-Government,56500,520,35.6,Ahmedabad,23-06-2024
C102542,Suresh Bose,63,Self-Employed,75200,695,32.1,Chennai,20-10-2024
C102543,Tarun Mukherjee,37,Retired,29500,627,9.3,Indore,02-01-2023
C102544,Nidhi Mishra,56,Self-Employed,78500,694,30.3,Indore,07-03-2025
C102545,Ritika Shukla,38,Salaried-Private,31400,760,7.8,Nagpur,24-01-2025
C102546,Vikram Menon,55,Self-Employed,96400,724,27.4,Pune,13-03-2025
C102547,Nitin Saxena,46,Salaried-Private,53700,689,13.2,Chennai,31-05-2023
C102548,Aisha Patel,41,Salaried-Private,70500,691,15.9,Kolkata,22-05-2024
C102549,Vivaan Agarwal,26,Salaried-Private,74700,566,4.2,Bhopal,06-07-2024
C102550,Aisha Rao,49,Student,20400,610,14.7,Bhopal,18-09-2023
C102551,Pranav Shukla,35,Business Owner,119200,787,4.5,Kolkata,08-02-2025
C102552,Usha Pandey,30,Salaried-Private,17300,642,3,Jaipur,23-02-2023
C102553,Arjun Kapoor,29,Salaried-Private,48300,778,3.2,Jaipur,04-09-2024
C102554,Shreya Chauhan,64,Business Owner,140500,767,15.3,Ahmedabad,29-05-2024
C102555,Aarav Rao,25,Student,11400,752,1.9,Delhi,02-03-2024
C102556,Sneha Jain,56,Salaried-Private,106000,722,19.4,Pune,25-11-2024
C102557,Siddharth Saxena,59,Salaried-Private,104300,660,9.9,Bhopal,30-03-2024
C102558,Ishaan Bhatia,22,Student,9500,669,0.8,Bhopal,02-03-2023
C102559,Naina Pandey,46,Student,17500,733,5,Surat,31-01-2024
C102560,Dev Bansal,46,Student,15400,512,7.4,Nagpur,20-04-2025
C102561,Reyansh Yadav,36,Salaried-Private,51500,787,3.1,Nagpur,01-02-2023
C102562,Raj Rao,50,Salaried-Private,58400,648,25.8,Kolkata,23-02-2023
C102563,Suresh Shah,38,Salaried-Government,54200,681,8.3,Chandigarh,27-11-2024
C102564,Nidhi Dubey,40,Salaried-Private,44200,680,6.4,Hyderabad,08-04-2023
C102565,Vivaan Joshi,39,Student,16700,679,5.1,Ahmedabad,10-05-2025
C102566,Ajay Chauhan,56,Salaried-Private,102900,590,16.1,Ahmedabad,02-05-2024
C102567,Lalit Krishnan,48,Self-Employed,99200,707,23.8,Bhopal,10-10-2024
C102568,Vijay Chaurasia,37,Student,13700,729,9.3,Ahmedabad,21-09-2024
C102569,Geeta Krishnan,61,Retired,61200,525,17.9,Chennai,19-03-2025
C102570,Rohan Mishra,56,Business Owner,113100,592,15.9,Pune,17-06-2025
C102571,Mohit Mittal,62,Student,24500,755,11.6,Bhopal,23-02-2025
C102572,Manoj Reddy,53,Salaried-Private,65700,746,18,Surat,01-09-2024
C102573,Rohan Desai,38,Salaried-Government,62900,713,8.4,Delhi,16-11-2023
C102574,Lalit Chatterjee,55,Salaried-Private,81600,637,24.1,Mumbai,18-10-2023
C102575,Varun Shah,35,Retired,40300,743,4.7,Pune,23-11-2023
C102576,Usha Rao,32,Student,10500,585,3.3,Bhopal,23-05-2025
C102577,Ananya Chauhan,40,Salaried-Private,47100,676,11.5,Indore,18-02-2024
C102578,Ajay Bansal,63,Salaried-Private,77900,587,30.2,Bengaluru,07-02-2023
C102579,Tushar Awasthi,45,Salaried-Government,79500,678,13.2,Mumbai,24-03-2023
C102580,Shreya Jain,37,Salaried-Private,55100,605,12,Hyderabad,16-05-2024
C102581,Aditya Tiwari,41,Freelancer,33900,745,15.8,Indore,10-02-2023
C102582,Sachin Ghosh,33,Salaried-Private,84800,727,10.1,Ahmedabad,05-09-2024
C102583,Pranav Shukla,49,Freelancer,71800,645,13,Mumbai,03-01-2023
C102584,Shweta Sharma,36,Self-Employed,24300,770,12.5,Kolkata,23-08-2024
C102585,Rohan Sen,45,Salaried-Government,99600,618,16.7,Surat,20-04-2024
C102586,Shweta Dutta,37,Salaried-Private,57200,685,10.2,Delhi,24-08-2024
C102587,Divya Pandey,35,Retired,40900,636,8.2,Surat,29-04-2024
C102588,Tara Bose,63,Self-Employed,110100,755,9,Bhopal,24-12-2023
C102589,Meera Verma,36,Salaried-Government,102900,746,8.9,Mumbai,11-03-2023
C102590,Deepak Menon,24,Salaried-Government,83800,796,2.2,Mumbai,20-06-2024
C102591,Naina Chaurasia,37,Student,15400,688,14.3,Bhopal,09-06-2023
C102592,Mohit Roy,44,Freelancer,31200,447,11.6,Ahmedabad,08-03-2025
C102593,Meera Iyer,25,Freelancer,13200,647,3.6,Delhi,29-10-2024
C102594,Pranav Bansal,34,Self-Employed,92300,819,4.2,Bengaluru,02-05-2025
C102595,Shaurya Ghosh,28,Student,15100,656,6.1,Bhopal,23-04-2024
C102596,Ruchi Awasthi,43,Salaried-Private,47500,533,13.5,Bhopal,09-04-2025
C102597,Gaurav Chauhan,52,Business Owner,91800,729,20.6,Nagpur,01-12-2024
C102598,Rekha Gupta,63,Salaried-Government,65000,731,25.3,Lucknow,18-01-2025
C102599,Shweta Bansal,38,Self-Employed,58800,630,15.1,Lucknow,30-06-2023
C102600,Arjun Nair,58,Retired,60700,669,8.5,Indore,02-12-2024
C102601,Divya Mishra,30,Retired,39200,618,4.4,Indore,29-05-2024
C102602,Shaurya Rao,55,Self-Employed,74100,732,27.6,Mumbai,08-12-2024
C102603,Pari Dubey,45,Self-Employed,139400,705,7.6,Surat,04-08-2023
C102604,Alok Chaurasia,54,Student,17100,589,19.8,Chandigarh,19-08-2023
C102605,Abhishek Tiwari,54,Retired,52800,687,18.7,Nagpur,14-05-2025
C102606,Dev Roy,44,Freelancer,36400,626,17.6,Mumbai,03-01-2024
C102607,Ananya Awasthi,32,Salaried-Private,56300,805,9.3,Chandigarh,11-04-2025
C102608,Naina Khanna,44,Salaried-Private,67200,761,8.8,Jaipur,20-07-2023
C102609,Seema Chauhan,57,Student,25200,673,24.7,Lucknow,21-10-2023
C102610,Riya Jain,63,Freelancer,56600,694,24.5,Nagpur,09-01-2024
C102611,Rekha Garg,61,Business Owner,92300,774,26.6,Nagpur,20-05-2023
C102612,Shaurya Menon,28,Business Owner,81900,678,2.4,Bengaluru,14-01-2024
C102613,Tarun Gupta,47,Salaried-Government,47100,747,10.2,Kolkata,13-05-2023
C102614,Neha Agarwal,25,Salaried-Government,76000,809,2.3,Ahmedabad,11-05-2023
C102615,Raj Pillai,50,Freelancer,60100,649,5.9,Kolkata,08-06-2023
C102616,Anjali Mukherjee,64,Salaried-Private,80900,823,30.2,Ahmedabad,18-11-2023
C102617,Manish Srivastava,23,Business Owner,86600,801,0.6,Bhopal,22-07-2024
C102618,Pankaj Iyer,49,Business Owner,93000,713,23.9,Indore,07-12-2023
C102619,Reyansh Tiwari,62,Freelancer,79200,656,32.9,Lucknow,11-06-2023
C102620,Dinesh Pillai,58,Salaried-Private,90200,712,23.5,Surat,08-05-2025
C102621,Dinesh Singh,38,Business Owner,140100,681,14,Bengaluru,15-06-2023
C102622,Priya Shah,25,Salaried-Private,64100,626,3.6,Pune,26-07-2024
C102623,Ishaan Agarwal,61,Salaried-Private,98100,737,29.7,Chennai,29-12-2023
C102624,Pratibha Verma,61,Salaried-Government,67300,608,25.5,Delhi,20-02-2023
C102625,Lalit Singh,46,Salaried-Private,61000,662,12.9,Jaipur,15-12-2024
C102626,Vivaan Sharma,64,Student,29000,658,33.1,Surat,05-04-2023
C102627,Varun Joshi,21,Student,10800,572,0,Mumbai,01-05-2023
C102628,Shaurya Dutta,48,Salaried-Private,60000,741,14.3,Ahmedabad,12-02-2023
C102629,Ankita Agarwal,22,Freelancer,27700,665,0.6,Kolkata,22-05-2023
C102630,Varun Saxena,62,Self-Employed,77500,795,14.8,Ahmedabad,10-10-2023
C102631,Vikram Jain,50,Business Owner,77700,672,21.8,Hyderabad,09-03-2023
C102632,Siddharth Desai,61,Student,29400,651,32.6,Mumbai,12-06-2023
C102633,Pallavi Chauhan,45,Self-Employed,93800,621,5.1,Hyderabad,27-02-2023
C102634,Shreya Agarwal,24,Salaried-Private,40900,689,0.8,Nagpur,19-07-2023
C102635,Kabir Bhatia,22,Salaried-Private,34500,688,0.9,Indore,28-05-2023
C102636,Kabir Kapoor,35,Salaried-Government,49000,746,4.5,Lucknow,12-09-2023
C102637,Sachin Singh,53,Student,19400,688,22.9,Chennai,17-12-2024
C102638,Komal Mishra,27,Self-Employed,64400,857,3.2,Mumbai,17-04-2023
C102639,Harsh Reddy,58,Salaried-Government,99800,731,20.9,Indore,05-06-2025
C102640,Tarun Krishnan,31,Salaried-Private,39700,607,2.8,Ahmedabad,05-04-2024
C102641,Rahul Bansal,42,Student,23500,597,6.2,Jaipur,04-07-2023
C102642,Tushar Pandey,29,Salaried-Private,39300,728,4.8,Nagpur,26-05-2023
C102643,Manoj Iyer,41,Business Owner,50900,606,9.3,Indore,13-06-2023
C102644,Nidhi Krishnan,40,Business Owner,149600,750,14.4,Jaipur,20-11-2024
C102645,Pranav Chatterjee,21,Salaried-Private,81400,763,0,Lucknow,29-05-2023
C102646,Pallavi Dutta,45,Salaried-Private,61000,762,18.4,Jaipur,11-05-2024
C102647,Siddharth Iyer,55,Salaried-Government,82500,622,16.5,Ahmedabad,09-02-2023
C102648,Sachin Bansal,62,Salaried-Private,79500,765,22,Hyderabad,03-02-2024
C102649,Manoj Agarwal,35,Business Owner,98000,720,4.3,Mumbai,26-01-2025
C102650,Ananya Verma,59,Freelancer,38500,637,26.1,Nagpur,22-12-2024
C102651,Swati Mittal,59,Salaried-Private,20600,670,19.5,Indore,04-04-2024
C102652,Rahul Desai,64,Self-Employed,62900,727,34.4,Pune,22-08-2023
C102653,Sanjay Reddy,37,Salaried-Private,97700,640,10.5,Lucknow,25-10-2023
C102654,Varun Iyer,58,Salaried-Private,106900,720,11.8,Delhi,23-10-2023
C102655,Pallavi Yadav,45,Freelancer,49400,803,11.7,Bengaluru,08-07-2023
C102656,Vivaan Rao,23,Freelancer,29500,761,1.3,Bhopal,19-08-2024
C102657,Atharv Joshi,32,Freelancer,52800,694,8.8,Nagpur,07-06-2023
C102658,Rajesh Agarwal,50,Salaried-Private,75400,710,12.9,Surat,18-05-2025
C102659,Tara Iyer,28,Self-Employed,83200,649,4.7,Kolkata,10-04-2023
C102660,Manoj Gupta,40,Salaried-Government,12500,641,6.1,Surat,15-07-2024
C102661,Raj Dubey,55,Retired,84500,569,28.3,Mumbai,22-08-2024
C102662,Meera Kumar,27,Business Owner,126600,719,3.6,Chennai,13-08-2024
C102663,Amit Mehta,42,Student,16100,737,15.5,Chennai,16-08-2024
C102664,Akash Agarwal,30,Salaried-Private,44200,680,4.3,Kolkata,09-02-2024
C102665,Siddharth Mukherjee,44,Salaried-Government,91400,623,19.7,Bhopal,25-04-2023
C102666,Harsh Tiwari,31,Freelancer,55900,693,7,Delhi,11-07-2024
C102667,Vijay Sharma,63,Salaried-Government,79300,799,12.9,Ahmedabad,10-07-2023
C102668,Neha Garg,24,Self-Employed,78200,763,1.8,Chandigarh,03-07-2023
C102669,Aisha Yadav,63,Self-Employed,80100,689,16.4,Bhopal,06-01-2025
C102670,Abhishek Bose,55,Retired,51400,851,26.6,Bhopal,06-05-2023
C102671,Simran Dutta,58,Salaried-Private,84300,900,27.7,Ahmedabad,26-04-2024
C102672,Nikhil Krishnan,58,Student,24100,645,20.2,Nagpur,25-11-2023
C102673,Mayank Rao,29,Salaried-Government,70100,670,3.3,Bengaluru,09-06-2023
C102674,Nikhil Ghosh,61,Salaried-Government,107100,751,31.9,Bhopal,08-05-2025
C102675,Shaurya Bansal,47,Self-Employed,38100,612,20.7,Bengaluru,09-08-2024
C102676,Manoj Naidu,63,Salaried-Private,55800,756,23.3,Lucknow,09-03-2024
C102677,Pranav Mittal,59,Retired,48500,695,26.7,Indore,27-01-2025
C102678,Isha Kapoor,46,Student,16100,712,10,Lucknow,05-11-2023
C102679,Kavya Roy,37,Retired,34600,639,7.1,Bengaluru,23-10-2023
C102680,Ishaan Roy,26,Retired,50500,624,4.3,Indore,31-01-2023
C102681,Ajay Garg,25,Business Owner,84800,533,2.9,Nagpur,16-11-2024
C102682,Nitin Srivastava,38,Salaried-Government,27100,802,4.3,Kolkata,20-05-2025
C102683,Aisha Menon,56,Student,21000,758,18.2,Chennai,26-01-2025
C102684,Simran Bhatia,43,Salaried-Private,65000,743,10.5,Surat,17-01-2023
C102685,Pranav Khanna,42,Freelancer,53000,715,7.6,Nagpur,09-11-2023
C102686,Vivaan Bose,31,Salaried-Government,76700,507,9,Nagpur,12-05-2025
C102687,Ishaan Awasthi,45,Business Owner,112800,636,7.1,Delhi,11-04-2025
C102688,Tara Mukherjee,49,Salaried-Government,68600,669,11.8,Bengaluru,09-07-2023
C102689,Aditya Agarwal,64,Salaried-Government,51500,601,34.1,Jaipur,29-12-2023
C102690,Ramesh Nair,53,Salaried-Private,59000,553,9.4,Bhopal,12-05-2024
C102691,Pari Dubey,47,Salaried-Government,57200,610,12,Mumbai,07-04-2023
C102692,Nidhi Naidu,61,Salaried-Government,70200,694,25.8,Lucknow,18-12-2023
C102693,Rajesh Chaurasia,39,Salaried-Private,76000,695,7.8,Hyderabad,12-11-2024
C102694,Ajay Desai,62,Salaried-Private,79500,764,19.9,Chennai,06-11-2024
C102695,Divya Bhatia,37,Self-Employed,92200,858,9.4,Bhopal,06-06-2023
C102696,Gaurav Agarwal,26,Salaried-Private,49300,742,4.3,Chennai,14-04-2024
C102697,Mayank Malhotra,39,Freelancer,75300,677,14.6,Bengaluru,05-07-2023
C102698,Amit Dubey,26,Salaried-Private,70500,834,1.4,Nagpur,31-10-2024
C102699,Karan Chaurasia,26,Self-Employed,70700,564,3,Indore,12-08-2024
C102700,Nikhil Chauhan,59,Salaried-Private,82300,526,25,Indore,13-09-2024
C102701,Nidhi Dutta,55,Self-Employed,63400,618,14.6,Jaipur,01-04-2024
C102702,Aisha Mittal,30,Self-Employed,19000,747,3.5,Hyderabad,30-11-2023
C102703,Mohit Naidu,57,Self-Employed,65800,703,22.3,Lucknow,13-03-2023
C102704,Shaurya Tripathi,24,Salaried-Government,78100,601,1.5,Chandigarh,07-11-2024
C102705,Sanya Iyer,33,Self-Employed,72700,632,10,Pune,21-12-2024
C102706,Reyansh Rao,52,Salaried-Private,64700,590,9.7,Jaipur,18-01-2024
C102707,Shaurya Verma,34,Salaried-Government,47000,587,3,Nagpur,19-01-2023
C102708,Jyoti Shah,53,Salaried-Government,30300,808,26.6,Jaipur,13-05-2024
C102709,Shweta Menon,59,Business Owner,148800,690,31.4,Bhopal,21-06-2023
C102710,Meera Bansal,23,Salaried-Government,56700,830,1,Mumbai,14-04-2025
C102711,Diya Rao,22,Freelancer,37500,614,0.7,Indore,17-07-2024
C102712,Sanjay Garg,62,Salaried-Government,62100,728,32.5,Nagpur,06-06-2025
C102713,Lalit Joshi,43,Salaried-Private,88900,711,8.3,Bengaluru,23-11-2024
C102714,Ramesh Roy,43,Salaried-Private,81400,762,14.5,Ahmedabad,03-03-2025
C102715,Kabir Sen,41,Salaried-Private,43700,706,14.3,Chennai,15-02-2024
C102716,Kabir Awasthi,40,Self-Employed,101500,774,8.6,Jaipur,29-04-2025
C102717,Komal Chauhan,51,Freelancer,53700,732,25.9,Bhopal,11-02-2024
C102718,Hemant Dubey,46,Freelancer,44200,599,21.9,Bengaluru,20-12-2023
C102719,Atharv Pandey,28,Salaried-Government,56800,747,3.8,Lucknow,25-04-2025
C102720,Vishal Tripathi,48,Salaried-Private,50100,679,6.8,Delhi,18-11-2023
C102721,Dinesh Rao,50,Student,15900,620,24.5,Pune,30-09-2023
C102722,Priya Tripathi,25,Salaried-Private,72100,746,2.3,Jaipur,12-04-2024
C102723,Rajesh Jain,37,Salaried-Government,62000,763,4.8,Ahmedabad,08-05-2024
C102724,Ishaan Mishra,55,Student,23700,644,24.2,Delhi,02-05-2024
C102725,Kavya Kapoor,48,Salaried-Government,77600,663,18.4,Ahmedabad,03-08-2024
C102726,Manoj Mittal,27,Salaried-Private,68400,579,1.8,Pune,18-02-2024
C102727,Mohit Bhatia,22,Salaried-Private,14500,537,0.4,Jaipur,14-04-2025
C102728,Jyoti Chaurasia,46,Self-Employed,55200,668,20.1,Chennai,16-03-2025
C102729,Abhishek Joshi,41,Salaried-Private,74400,754,17.6,Kolkata,19-11-2024
C102730,Vishal Bose,63,Business Owner,64000,643,20.3,Nagpur,18-11-2023
C102731,Pranav Yadav,43,Salaried-Government,77500,805,6.5,Ahmedabad,17-04-2023
C102732,Pratibha Ghosh,61,Salaried-Private,43200,670,17.9,Lucknow,03-01-2023
C102733,Rahul Chauhan,30,Salaried-Private,58900,672,5,Chennai,19-11-2024
C102734,Harsh Nair,40,Freelancer,77400,668,7.8,Lucknow,23-05-2023
C102735,Sanjay Krishnan,27,Salaried-Government,79900,770,3.8,Ahmedabad,13-07-2024
C102736,Ravi Kapoor,46,Business Owner,38800,609,5.1,Surat,02-02-2024
C102737,Seema Awasthi,29,Salaried-Government,82400,682,6.2,Bengaluru,28-11-2024
C102738,Ramesh Chatterjee,42,Salaried-Private,99800,651,16.6,Bhopal,07-02-2025
C102739,Sanya Mehta,36,Salaried-Government,128000,654,11.2,Bengaluru,30-03-2023
C102740,Alok Bansal,29,Self-Employed,80600,694,3.3,Bengaluru,10-03-2024
C102741,Riya Dubey,25,Salaried-Government,32100,675,2.6,Lucknow,08-04-2025
C102742,Nitin Pandey,43,Freelancer,59800,773,10,Chennai,10-12-2023
C102743,Shaurya Chauhan,62,Student,29400,683,19.4,Nagpur,15-12-2024
C102744,Priya Joshi,29,Freelancer,44200,731,5.6,Lucknow,29-10-2024
C102745,Aisha Desai,38,Self-Employed,97800,708,13.4,Hyderabad,01-02-2025
C102746,Sanya Chaurasia,30,Self-Employed,49400,799,7,Nagpur,07-03-2023
C102747,Abhishek Mehta,56,Self-Employed,88900,669,12.7,Indore,03-03-2025
C102748,Harsh Roy,39,Salaried-Private,12400,657,11.9,Chennai,14-01-2023
C102749,Geeta Yadav,63,Freelancer,45600,746,16.3,Surat,28-03-2023
C102750,Geeta Nair,31,Student,12200,656,6.4,Ahmedabad,12-06-2023
C102751,Kavya Chauhan,24,Salaried-Private,48900,727,1.4,Nagpur,19-12-2024
C102752,Sanya Tiwari,46,Student,14300,869,18.8,Nagpur,13-05-2023
C102753,Vikram Mittal,49,Freelancer,47200,608,24,Pune,22-09-2024
C102754,Atharv Chatterjee,64,Salaried-Government,85000,815,17.3,Indore,20-09-2023
C102755,Kabir Bhatia,59,Student,23200,644,30.7,Lucknow,04-09-2024
C102756,Reyansh Dutta,59,Salaried-Private,71400,797,27.3,Delhi,18-09-2024
C102757,Karan Kumar,48,Salaried-Private,80400,746,16.1,Jaipur,11-12-2023
C102758,Meera Pillai,36,Salaried-Private,54100,736,8.5,Pune,17-05-2025
C102759,Mayank Patel,39,Self-Employed,105800,683,7.6,Nagpur,26-08-2023
C102760,Nikhil Patel,26,Salaried-Government,40700,666,1.7,Bengaluru,14-03-2023
C102761,Meera Dubey,39,Student,21200,625,4.7,Mumbai,02-07-2024
C102762,Gaurav Kumar,37,Salaried-Private,83700,693,11.2,Bengaluru,19-02-2023
C102763,Mohit Bose,22,Salaried-Private,48300,672,0.4,Mumbai,15-09-2023
C102764,Ramesh Khanna,29,Self-Employed,62300,704,4.4,Kolkata,06-04-2024
C102765,Swati Naidu,44,Salaried-Private,68300,577,18.9,Bhopal,05-04-2025
C102766,Pratibha Gupta,37,Business Owner,113600,698,10.7,Kolkata,27-09-2024
C102767,Priya Yadav,64,Salaried-Government,101800,796,13.7,Mumbai,01-07-2024
C102768,Sneha Nair,42,Retired,25300,759,15,Bhopal,22-04-2024
C102769,Arjun Singh,63,Business Owner,118800,699,14.7,Indore,19-11-2023
C102770,Komal Mehta,50,Salaried-Private,24300,888,21.6,Chandigarh,15-01-2025
C102771,Karan Verma,22,Salaried-Private,51900,641,0.3,Delhi,20-01-2023
C102772,Tarun Saxena,29,Salaried-Private,87300,686,2.4,Hyderabad,24-05-2023
C102773,Nidhi Kapoor,52,Retired,28400,568,26.5,Delhi,25-05-2023
C102774,Isha Gupta,44,Business Owner,46000,654,9.1,Surat,14-07-2024
C102775,Rahul Malhotra,34,Salaried-Government,70600,833,4,Chennai,19-09-2023
C102776,Reyansh Jain,43,Salaried-Private,91500,664,7.7,Mumbai,01-03-2023
C102777,Shreya Joshi,60,Student,24800,561,17.7,Lucknow,26-05-2023
C102778,Akash Mishra,38,Salaried-Private,23700,753,13.4,Chandigarh,16-08-2024
C102779,Ritika Chaurasia,22,Business Owner,34500,716,0.3,Jaipur,05-05-2024
C102780,Dev Desai,34,Freelancer,50800,754,2.7,Bengaluru,28-04-2024
C102781,Dinesh Menon,62,Salaried-Private,47800,663,33,Indore,11-10-2024
C102782,Pallavi Joshi,54,Self-Employed,82500,611,13.5,Pune,12-04-2024
C102783,Manoj Yadav,57,Salaried-Private,73300,676,9.1,Surat,06-03-2025
C102784,Suresh Desai,61,Salaried-Government,65700,734,8.8,Mumbai,27-05-2024
C102785,Pooja Krishnan,26,Retired,56800,682,4.1,Jaipur,03-08-2024
C102786,Dev Agarwal,33,Business Owner,111700,727,6.8,Indore,13-10-2023
C102787,Hemant Verma,23,Freelancer,64200,646,1.3,Jaipur,04-06-2024
C102788,Shweta Shah,21,Self-Employed,88100,727,0,Chennai,14-06-2023
C102789,Nitin Ghosh,57,Salaried-Private,66400,689,20.4,Ahmedabad,04-08-2023
C102790,Shreya Naidu,62,Business Owner,98200,638,30.3,Hyderabad,13-05-2025
C102791,Vivaan Agarwal,27,Self-Employed,61300,700,5,Surat,25-02-2025
C102792,Usha Iyer,52,Salaried-Private,81000,661,20.1,Kolkata,01-01-2024
C102793,Pooja Das,44,Salaried-Government,55400,737,18.2,Nagpur,12-10-2023
C102794,Suresh Naidu,24,Self-Employed,108600,766,0.6,Mumbai,09-07-2024
C102795,Ankita Mishra,61,Business Owner,80100,732,21.4,Nagpur,24-09-2024
C102796,Arjun Srivastava,59,Salaried-Private,74500,560,23.7,Chennai,30-01-2023
C102797,Tarun Verma,45,Student,17200,605,8.2,Delhi,03-11-2024
C102798,Sneha Pillai,52,Salaried-Government,63000,638,9.7,Hyderabad,03-02-2023
C102799,Akash Yadav,38,Salaried-Private,105200,632,5,Ahmedabad,10-02-2023
C102800,Rajesh Chatterjee,55,Salaried-Private,59800,645,13.6,Chandigarh,01-03-2024
C102801,Akash Pillai,40,Freelancer,46700,761,14.8,Jaipur,08-08-2024
C102802,Naina Chauhan,64,Salaried-Government,63100,745,9.4,Hyderabad,06-11-2023
C102803,Ajay Khanna,23,Salaried-Government,62200,655,1.2,Lucknow,18-04-2025
C102804,Akash Nair,28,Salaried-Private,55800,735,1.7,Mumbai,07-01-2024
C102805,Varun Mittal,63,Business Owner,69000,716,25.8,Chennai,16-09-2024
C102806,Deepak Verma,33,Freelancer,42000,683,4.5,Nagpur,05-04-2024
C102807,Deepak Chauhan,34,Salaried-Private,72400,782,4,Nagpur,05-03-2024
C102808,Karan Awasthi,55,Student,24900,630,17.9,Chennai,20-09-2023
C102809,Komal Joshi,29,Salaried-Private,58700,693,2.9,Ahmedabad,29-12-2023
C102810,Alok Malhotra,43,Salaried-Private,65000,605,10.2,Pune,01-12-2023
C102811,Tarun Pandey,33,Self-Employed,62100,609,7.7,Chennai,15-05-2023
C102812,Pallavi Das,29,Business Owner,75100,582,6.8,Bengaluru,04-11-2024
C102813,Rekha Iyer,63,Salaried-Private,53400,609,26.6,Chandigarh,22-07-2023
C102814,Vivaan Chatterjee,29,Self-Employed,31800,691,4.4,Surat,03-01-2023
C102815,Jyoti Reddy,25,Salaried-Private,42600,662,2.4,Jaipur,11-03-2025
C102816,Gaurav Khanna,50,Self-Employed,99300,673,15.4,Chandigarh,20-09-2024
C102817,Ishaan Awasthi,59,Business Owner,89600,669,22.6,Indore,18-12-2023
C102818,Sanya Chatterjee,26,Retired,30800,826,3,Bhopal,27-10-2024
C102819,Ajay Mukherjee,52,Salaried-Government,64900,598,16.9,Delhi,27-05-2023
C102820,Rohan Mukherjee,44,Self-Employed,105100,596,17.3,Chandigarh,21-11-2023
C102821,Ajay Malhotra,57,Self-Employed,58100,621,17,Mumbai,25-12-2023
C102822,Shweta Naidu,26,Salaried-Private,62500,683,1.4,Lucknow,28-02-2024
C102823,Tarun Rao,63,Salaried-Private,70400,731,27.3,Nagpur,30-01-2024
C102824,Mayank Jain,48,Retired,44600,736,20.4,Indore,18-01-2024
C102825,Ravi Chaurasia,58,Salaried-Private,74700,766,27.6,Ahmedabad,02-11-2023
C102826,Vikram Bhatia,36,Freelancer,50900,678,5.6,Nagpur,26-12-2023
C102827,Kabir Rao,62,Salaried-Private,87300,661,26.8,Hyderabad,16-01-2023
C102828,Nidhi Pandey,48,Freelancer,54300,818,24.3,Indore,13-01-2023
C102829,Arjun Sen,26,Salaried-Private,91900,471,1.4,Chandigarh,27-11-2023
C102830,Ananya Chatterjee,61,Retired,49500,692,22.6,Chandigarh,30-08-2024
C102831,Seema Tripathi,56,Business Owner,47500,721,14.5,Nagpur,18-03-2025
C102832,Neha Rao,34,Salaried-Private,73000,840,9.8,Chandigarh,25-03-2025
C102833,Ramesh Chatterjee,45,Business Owner,110100,563,10.3,Nagpur,05-09-2023
C102834,Suresh Kumar,38,Self-Employed,73600,657,12.1,Ahmedabad,06-05-2024
C102835,Manish Rao,44,Salaried-Private,59000,580,7.2,Nagpur,23-11-2023
C102836,Sneha Bansal,63,Salaried-Private,29500,540,10.4,Bhopal,27-02-2023
C102837,Naina Khanna,60,Business Owner,41300,669,10.6,Bengaluru,06-10-2024
C102838,Reyansh Shukla,30,Business Owner,144300,768,3.4,Pune,10-02-2023
C102839,Manoj Pandey,63,Salaried-Private,60100,785,33.4,Bhopal,21-05-2023
C102840,Nitin Dutta,40,Student,18700,640,5.8,Surat,15-02-2025
C102841,Abhishek Pillai,52,Salaried-Private,35300,738,6.9,Delhi,27-01-2025
C102842,Dev Mishra,54,Salaried-Private,47300,671,26.3,Jaipur,18-06-2024
C102843,Vikram Bose,42,Self-Employed,90700,738,9.7,Pune,05-05-2024
C102844,Sanjay Singh,41,Salaried-Private,60900,781,12.2,Delhi,25-10-2024
C102845,Lalit Pandey,41,Salaried-Private,73800,675,5.2,Bengaluru,25-04-2024
C102846,Rahul Shukla,58,Self-Employed,80500,778,30.9,Hyderabad,28-10-2024
C102847,Dev Joshi,37,Salaried-Private,57200,591,8.8,Pune,25-04-2023
C102848,Karan Sen,33,Salaried-Private,46200,739,3.2,Indore,02-06-2025
C102849,Aditya Krishnan,36,Business Owner,55800,771,9.7,Hyderabad,02-03-2023
C102850,Akash Krishnan,29,Self-Employed,102900,769,3.6,Bengaluru,24-10-2024
C102851,Divya Iyer,38,Freelancer,75900,596,7.6,Indore,02-02-2025
C102852,Vikram Bansal,26,Self-Employed,43100,670,2.4,Kolkata,28-01-2023
C102853,Manoj Naidu,24,Salaried-Government,37400,709,1.7,Nagpur,19-07-2023
C102854,Reyansh Ghosh,52,Salaried-Private,60400,724,19.6,Chennai,06-09-2023
C102855,Meera Menon,24,Freelancer,50600,696,0.9,Bengaluru,28-01-2024
C102856,Riya Bhatia,46,Salaried-Private,61400,803,18.2,Bhopal,01-06-2023
C102857,Diya Yadav,55,Salaried-Private,78600,588,7.4,Delhi,01-04-2024
C102858,Abhishek Singh,52,Freelancer,55600,669,21.4,Chandigarh,11-05-2025
C102859,Vijay Verma,40,Business Owner,91900,558,6.2,Bengaluru,22-01-2023
C102860,Sneha Chatterjee,29,Self-Employed,127100,748,4.1,Bhopal,06-03-2025
C102861,Ajay Agarwal,61,Salaried-Private,60500,733,23.7,Jaipur,25-09-2024
C102862,Ishaan Chatterjee,57,Salaried-Private,102200,900,23.5,Bengaluru,31-01-2024
C102863,Rahul Khanna,47,Salaried-Government,102700,777,19.6,Indore,03-05-2024
C102864,Ananya Malhotra,24,Business Owner,105300,722,1.7,Chennai,19-05-2023
C102865,Abhishek Reddy,22,Salaried-Government,18500,703,0.8,Chandigarh,29-03-2025
C102866,Divya Joshi,34,Salaried-Private,60800,663,11.3,Bengaluru,11-02-2023
C102867,Amit Chaurasia,27,Salaried-Private,47100,697,5.3,Ahmedabad,28-04-2023
C102868,Lalit Shukla,58,Self-Employed,81300,714,15.7,Hyderabad,27-09-2024
C102869,Pallavi Bose,30,Business Owner,57600,531,2,Nagpur,01-06-2023
C102870,Naina Mishra,33,Salaried-Private,74900,706,8.4,Delhi,13-03-2023
C102871,Siddharth Malhotra,63,Salaried-Private,91500,701,15.8,Jaipur,21-08-2023
C102872,Dev Khanna,57,Salaried-Private,92800,834,26.5,Chennai,27-05-2024
C102873,Saanvi Dubey,30,Salaried-Private,51000,677,1.8,Chandigarh,02-10-2023
C102874,Priya Agarwal,37,Self-Employed,47000,625,11.9,Jaipur,27-01-2025
C102875,Raj Kapoor,43,Salaried-Private,70800,712,5.5,Kolkata,28-04-2025
C102876,Pratibha Sen,50,Self-Employed,119700,703,23.7,Bhopal,11-01-2024
C102877,Shreya Khanna,62,Freelancer,61500,678,26.9,Surat,25-05-2024
C102878,Karan Kumar,59,Retired,53600,585,11.9,Surat,23-06-2024
C102879,Shreya Yadav,63,Student,24300,671,23.3,Pune,01-09-2023
C102880,Arjun Chaurasia,22,Salaried-Private,45300,640,0.6,Hyderabad,09-03-2024
C102881,Pooja Kumar,31,Salaried-Private,72200,673,8.2,Mumbai,13-07-2023
C102882,Harsh Naidu,45,Salaried-Private,62500,747,13.7,Jaipur,19-05-2025
C102883,Raj Chauhan,23,Business Owner,101700,641,1.2,Surat,14-04-2024
C102884,Diya Kapoor,36,Salaried-Private,71200,672,6.3,Hyderabad,15-01-2024
C102885,Isha Agarwal,27,Salaried-Government,70500,733,4.3,Chennai,01-07-2023
C102886,Dinesh Awasthi,62,Salaried-Private,82600,670,9.6,Mumbai,11-05-2023
C102887,Abhishek Menon,23,Salaried-Private,38700,894,1.8,Jaipur,14-03-2023
C102888,Jyoti Mishra,27,Business Owner,61200,709,3.7,Nagpur,28-09-2023
C102889,Shweta Rao,29,Business Owner,89800,594,6.3,Surat,15-07-2024
C102890,Mohit Singh,27,Self-Employed,68000,623,4.5,Delhi,21-04-2025
C102891,Diya Tripathi,46,Student,16700,607,8.8,Ahmedabad,24-08-2024
C102892,Amit Agarwal,37,Salaried-Private,66200,623,6.4,Indore,26-05-2023
C102893,Nidhi Jain,61,Salaried-Private,89200,736,15.8,Bengaluru,08-03-2023
C102894,Isha Dutta,32,Salaried-Government,91000,605,3.9,Hyderabad,09-04-2024
C102895,Mohit Joshi,44,Business Owner,142400,674,4.9,Bhopal,30-03-2024
C102896,Alok Awasthi,50,Self-Employed,46000,778,22.6,Lucknow,08-03-2023
C102897,Anjali Chaurasia,48,Salaried-Private,42500,644,15.6,Bengaluru,29-05-2024
C102898,Kabir Roy,56,Retired,43500,740,21.5,Mumbai,06-04-2023
C102899,Divya Malhotra,29,Salaried-Private,59800,554,4.4,Delhi,25-07-2024
C102900,Aisha Krishnan,43,Salaried-Government,64100,659,6.3,Jaipur,04-06-2025
C102901,Deepak Singh,56,Self-Employed,66700,619,17.7,Chennai,08-01-2023
C102902,Tara Tripathi,58,Student,22100,707,15,Bengaluru,05-09-2023
C102903,Ananya Yadav,48,Business Owner,114300,614,22.3,Mumbai,15-12-2024
C102904,Shaurya Chatterjee,49,Retired,28200,849,19.3,Delhi,21-10-2024
C102905,Ravi Roy,59,Salaried-Private,117100,566,11.9,Pune,20-04-2024
C102906,Kabir Awasthi,48,Self-Employed,77300,782,18.7,Hyderabad,20-04-2025
C102907,Sachin Dutta,62,Freelancer,77200,761,23.9,Chandigarh,07-01-2024
C102908,Vishal Dutta,26,Self-Employed,54100,712,1.3,Chandigarh,21-08-2024
C102909,Aditya Chatterjee,36,Salaried-Government,79100,696,3.7,Chandigarh,31-01-2024
C102910,Hemant Iyer,25,Retired,35800,833,1.2,Lucknow,21-05-2025
C102911,Hemant Verma,24,Salaried-Private,73300,888,2.3,Ahmedabad,12-02-2024
C102912,Harsh Awasthi,41,Salaried-Government,64100,673,15.6,Bengaluru,13-04-2023
C102913,Alok Malhotra,30,Student,16500,695,5.6,Bengaluru,04-02-2025
C102914,Suresh Roy,38,Student,10600,637,3.6,Surat,03-01-2024
C102915,Ramesh Bansal,40,Retired,52000,594,8,Nagpur,10-09-2024
C102916,Deepak Malhotra,48,Student,19400,719,13,Chandigarh,31-12-2023
C102917,Ankita Malhotra,62,Salaried-Private,51000,707,16.4,Bhopal,15-09-2023
C102918,Rekha Chaurasia,58,Student,28900,555,22.5,Bhopal,12-08-2023
C102919,Vijay Chauhan,37,Salaried-Government,107600,732,3.9,Mumbai,12-01-2023
C102920,Ajay Khanna,35,Business Owner,27200,706,3,Indore,23-03-2023
C102921,Aisha Mehta,54,Salaried-Government,77600,643,20.2,Surat,05-12-2023
C102922,Atharv Khanna,26,Freelancer,57300,635,1.9,Indore,28-11-2024
C102923,Rekha Menon,44,Self-Employed,85800,726,15.7,Nagpur,20-06-2023
C102924,Mayank Shah,39,Freelancer,75400,820,13.4,Delhi,19-09-2024
C102925,Ramesh Mukherjee,29,Salaried-Private,84400,724,5,Indore,30-06-2024
C102926,Ritika Dutta,48,Salaried-Private,71100,753,24.1,Jaipur,11-09-2024
C102927,Ramesh Dutta,35,Salaried-Government,116200,630,9.1,Pune,30-07-2024
C102928,Divya Ghosh,29,Salaried-Private,76900,658,5.9,Nagpur,05-02-2025
C102929,Aisha Shah,49,Business Owner,88000,741,18.2,Surat,18-10-2023
C102930,Anjali Reddy,28,Salaried-Private,46800,578,5.3,Surat,25-08-2024
C102931,Mayank Mukherjee,50,Self-Employed,107400,712,13.7,Surat,15-02-2025
C102932,Siddharth Das,28,Salaried-Private,41900,725,3.5,Surat,17-08-2024
C102933,Karan Chatterjee,40,Salaried-Private,54400,685,8.3,Lucknow,02-06-2025
C102934,Pankaj Reddy,56,Self-Employed,74300,716,21.1,Pune,10-01-2025
C102935,Divya Ghosh,31,Salaried-Private,66100,694,4.6,Nagpur,27-02-2024
C102936,Kabir Desai,54,Salaried-Private,64300,639,29.4,Lucknow,26-11-2024
C102937,Deepak Pillai,52,Salaried-Private,41100,591,19.3,Ahmedabad,01-03-2024
C102938,Pooja Shah,60,Salaried-Private,93800,686,17,Kolkata,28-03-2025
C102939,Dev Dutta,28,Self-Employed,59100,793,3.9,Mumbai,12-03-2023
C102940,Vivaan Krishnan,52,Salaried-Private,107800,778,23.1,Delhi,11-06-2025
C102941,Pratibha Mukherjee,62,Salaried-Government,83600,664,31.3,Lucknow,01-03-2025
C102942,Suresh Pandey,54,Business Owner,141800,671,21.3,Pune,27-09-2023
C102943,Siddharth Mehta,29,Self-Employed,84300,657,1.6,Nagpur,09-05-2023
C102944,Harsh Bose,57,Self-Employed,112000,661,29.1,Ahmedabad,05-06-2024
C102945,Manish Gupta,25,Salaried-Private,68000,713,3.3,Indore,19-07-2024
C102946,Abhishek Garg,46,Student,19000,767,20.3,Lucknow,01-12-2023
C102947,Manish Khanna,42,Salaried-Government,93000,874,14.1,Mumbai,03-08-2024
C102948,Ankita Sharma,44,Salaried-Private,113900,630,5,Pune,25-04-2024
C102949,Meera Rao,43,Student,16200,734,19,Indore,07-11-2023
C102950,Tara Patel,22,Business Owner,113800,740,0.2,Chandigarh,07-03-2024
C102951,Dinesh Mishra,43,Self-Employed,74700,664,6.7,Bengaluru,31-03-2023
C102952,Neha Chaurasia,62,Student,26200,601,26.2,Hyderabad,04-05-2024
C102953,Kavya Pillai,40,Salaried-Private,63400,711,9.9,Nagpur,11-08-2024
C102954,Manish Awasthi,33,Freelancer,14300,851,8.7,Kolkata,18-05-2025
C102955,Jyoti Khanna,64,Business Owner,98800,716,27.7,Chandigarh,04-11-2023
C102956,Arjun Roy,25,Salaried-Government,84100,629,0.8,Kolkata,21-03-2023
C102957,Ankita Verma,42,Salaried-Private,48100,674,13.6,Delhi,18-05-2023
C102958,Diya Pandey,43,Salaried-Private,82200,601,17.6,Jaipur,02-03-2025
C102959,Manoj Pandey,42,Student,17200,684,16.7,Delhi,02-04-2025
C102960,Akash Singh,61,Salaried-Private,67200,744,12.4,Indore,07-12-2024
C102961,Manish Srivastava,39,Salaried-Private,80300,636,8,Chennai,13-03-2024
C102962,Pallavi Khanna,63,Business Owner,126600,438,11.9,Bhopal,03-06-2025
C102963,Tara Iyer,23,Business Owner,102300,717,1.5,Hyderabad,22-09-2024
C102964,Rahul Nair,53,Salaried-Private,88100,653,20.5,Delhi,22-07-2023
C102965,Reyansh Mishra,47,Freelancer,57600,628,14,Mumbai,28-09-2023
C102966,Usha Tripathi,31,Self-Employed,30500,623,4.1,Delhi,30-04-2025
C102967,Aisha Krishnan,31,Freelancer,42000,718,7.5,Indore,14-05-2023
C102968,Pari Patel,52,Salaried-Private,31300,652,23.4,Delhi,09-10-2024
C102969,Jyoti Malhotra,49,Salaried-Private,79300,766,15.2,Delhi,01-02-2023
C102970,Atharv Sharma,47,Self-Employed,97900,770,7.5,Hyderabad,20-09-2024
C102971,Pooja Krishnan,23,Salaried-Private,74600,669,1.1,Nagpur,07-11-2023
C102972,Karan Nair,47,Self-Employed,88100,651,21.5,Bhopal,15-01-2023
C102973,Riya Saxena,64,Salaried-Private,91600,703,26.2,Hyderabad,15-02-2023
C102974,Seema Srivastava,21,Freelancer,18800,671,0,Ahmedabad,17-06-2023
C102975,Shreya Kumar,41,Student,15900,542,8.1,Jaipur,10-06-2025
C102976,Atharv Kumar,42,Freelancer,29800,837,9.2,Chennai,26-05-2025
C102977,Deepak Saxena,60,Retired,44300,743,11,Lucknow,29-07-2023
C102978,Nitin Nair,33,Student,17900,645,5.3,Chennai,28-09-2023
C102979,Shweta Bhatia,41,Salaried-Government,92600,540,6.4,Chennai,24-04-2023
C102980,Shreya Pillai,52,Salaried-Government,87500,678,17.9,Indore,26-03-2024
C102981,Harsh Malhotra,23,Student,8500,634,1,Ahmedabad,09-01-2025
C102982,Shweta Rao,56,Student,19300,678,27.5,Indore,24-04-2024
C102983,Raj Srivastava,57,Retired,49600,514,16.8,Chandigarh,20-12-2024
C102984,Swati Rao,52,Freelancer,74200,653,10.8,Chennai,24-05-2025
C102985,Rajesh Shukla,49,Salaried-Private,74400,658,7.3,Mumbai,16-06-2025
C102986,Rohan Yadav,53,Student,16300,667,12.1,Bengaluru,26-10-2023
C102987,Jyoti Awasthi,55,Student,22200,664,23.4,Pune,08-08-2023
C102988,Riya Iyer,60,Business Owner,42400,690,24.9,Chandigarh,15-03-2024
C102989,Rahul Pillai,39,Student,17900,804,11.4,Chandigarh,13-02-2023
C102990,Ritika Verma,41,Self-Employed,57400,647,16,Ahmedabad,10-02-2024
C102991,Ramesh Tripathi,49,Student,15800,609,10.6,Chennai,12-10-2024
C102992,Jyoti Bhatia,29,Salaried-Private,74600,553,4.2,Lucknow,24-06-2023
C102993,Rekha Chaurasia,58,Student,24700,642,11.8,Mumbai,28-12-2024
C102994,Sneha Mehta,54,Salaried-Private,72800,578,11.7,Ahmedabad,07-02-2025
C102995,Nitin Shukla,48,Salaried-Private,109600,773,12.4,Bengaluru,12-11-2023
C102996,Priya Chauhan,34,Salaried-Private,72900,683,9,Lucknow,05-10-2023
C102997,Nidhi Bansal,36,Salaried-Government,52300,763,11.8,Lucknow,22-04-2025
C102998,Vijay Awasthi,40,Salaried-Private,73000,808,7.9,Bhopal,05-01-2025
C102999,Anjali Mittal,50,Retired,41200,616,13.9,Nagpur,25-11-2024
C103000,Kavya Dutta,55,Self-Employed,110000,668,27.9,Hyderabad,31-10-2023
C103001,Shweta Das,50,Student,20700,789,21.6,Hyderabad,04-01-2024
C103002,Neha Dubey,61,Salaried-Private,78600,706,27.3,Ahmedabad,17-09-2024
C103003,Rohan Iyer,63,Salaried-Private,43000,728,20.4,Kolkata,09-10-2024
C103004,Arjun Desai,52,Freelancer,57400,771,13.6,Lucknow,08-08-2023
C103005,Nikhil Rao,37,Business Owner,92600,765,11.3,Hyderabad,01-01-2023
C103006,Riya Tiwari,47,Self-Employed,51800,720,6.9,Jaipur,20-02-2023
C103007,Amit Desai,39,Freelancer,47700,798,10.4,Indore,02-11-2023
C103008,Anjali Pillai,48,Freelancer,61800,683,6.5,Delhi,24-02-2024
C103009,Shaurya Chaurasia,56,Self-Employed,79900,733,22.3,Indore,02-06-2023
C103010,Suresh Naidu,37,Retired,22500,669,9.6,Bengaluru,28-01-2023
C103011,Kavya Malhotra,43,Business Owner,88100,774,5.3,Pune,02-10-2023
C103012,Aditya Kapoor,23,Business Owner,73800,635,1,Bengaluru,23-02-2025
C103013,Komal Jain,53,Salaried-Government,77600,557,10.7,Mumbai,08-07-2023
C103014,Jyoti Chaurasia,42,Salaried-Private,65100,742,15.9,Chennai,19-08-2024
C103015,Seema Mittal,41,Salaried-Private,54800,606,16.8,Surat,05-10-2024
C103016,Amit Mehta,44,Freelancer,46000,597,9.7,Pune,13-07-2024
C103017,Riya Verma,30,Business Owner,93800,795,2,Surat,16-01-2025
C103018,Geeta Shukla,47,Salaried-Private,84700,770,21.5,Chandigarh,16-09-2023
C103019,Manish Agarwal,53,Self-Employed,85500,665,25.3,Surat,12-06-2023
C103020,Vikram Kapoor,36,Salaried-Private,89500,449,11.4,Lucknow,28-05-2023
C103021,Gaurav Shah,26,Salaried-Private,79700,734,2.2,Chennai,11-01-2024
C103022,Hemant Khanna,38,Student,19500,735,4.3,Bhopal,16-04-2024
C103023,Sunita Srivastava,29,Salaried-Government,93800,735,7.1,Mumbai,22-06-2024
C103024,Ishaan Yadav,37,Salaried-Private,92700,731,8.7,Bhopal,06-03-2025
C103025,Vikram Mukherjee,48,Salaried-Government,45900,672,12.1,Mumbai,11-05-2023
C103026,Divya Verma,25,Salaried-Government,76300,658,3,Surat,03-07-2024
C103027,Sunita Naidu,53,Business Owner,139800,612,21.4,Chandigarh,21-11-2023
C103028,Vivaan Srivastava,30,Retired,53400,632,2.1,Indore,13-09-2024
C103029,Sachin Pandey,60,Self-Employed,63100,715,34,Kolkata,25-06-2023
C103030,Mohit Dutta,53,Self-Employed,94600,721,18.9,Bhopal,16-01-2023
C103031,Pari Singh,32,Salaried-Government,66600,753,3.6,Chennai,20-05-2024
C103032,Isha Agarwal,45,Self-Employed,119900,585,5.1,Chennai,01-10-2023
C103033,Ravi Sharma,25,Salaried-Private,28900,551,2.3,Indore,22-03-2025
C103034,Ramesh Agarwal,25,Salaried-Private,41200,655,2.5,Jaipur,19-10-2024
C103035,Tara Dubey,63,Student,19600,601,11.3,Indore,21-02-2024
C103036,Vivaan Mukherjee,56,Salaried-Government,77700,706,20.4,Kolkata,10-12-2023
C103037,Shweta Pandey,27,Salaried-Government,112700,592,3,Bhopal,26-08-2024
C103038,Ananya Dutta,33,Salaried-Private,58900,783,6.1,Bengaluru,19-02-2024
C103039,Sunita Pandey,29,Freelancer,48800,621,7.1,Surat,10-10-2024
C103040,Komal Yadav,38,Salaried-Private,72800,818,6.9,Hyderabad,20-10-2024
C103041,Ankita Khanna,33,Salaried-Government,62700,731,9.8,Surat,10-06-2025
C103042,Sneha Naidu,35,Freelancer,55500,603,6.2,Chennai,08-10-2023
C103043,Priya Jain,44,Salaried-Government,78300,859,7.5,Kolkata,19-07-2024
C103044,Shaurya Dutta,29,Student,8900,702,2.5,Indore,20-03-2024
C103045,Suresh Nair,59,Salaried-Private,68300,703,32.6,Bengaluru,16-06-2023
C103046,Vishal Awasthi,53,Business Owner,124500,693,6.9,Lucknow,27-07-2023
C103047,Deepak Pandey,54,Retired,57300,725,11.7,Lucknow,10-01-2023
C103048,Shweta Chaurasia,28,Self-Employed,100000,737,3.1,Chennai,27-09-2023
C103049,Vijay Garg,52,Business Owner,111100,627,20.5,Kolkata,06-05-2023
C103050,Sanjay Tiwari,57,Salaried-Government,82700,675,16.7,Indore,16-06-2023
C103051,Alok Bansal,28,Freelancer,58800,698,1.5,Jaipur,23-04-2023
C103052,Manish Iyer,54,Student,19700,729,18.5,Bengaluru,02-01-2023
C103053,Manish Bhatia,36,Business Owner,73700,739,12.3,Lucknow,15-04-2024
C103054,Sanya Gupta,55,Student,21500,696,27.9,Delhi,17-04-2025
C103055,Mayank Agarwal,42,Self-Employed,43800,642,18.8,Pune,31-01-2024
C103056,Kabir Khanna,56,Self-Employed,89800,645,15.4,Bhopal,31-03-2024
C103057,Pankaj Krishnan,27,Salaried-Private,78400,596,1.7,Lucknow,07-07-2024
C103058,Harsh Srivastava,38,Business Owner,72100,738,4.2,Lucknow,06-06-2024
C103059,Komal Srivastava,33,Student,14400,632,9.7,Hyderabad,11-03-2023
C103060,Sachin Nair,31,Self-Employed,54900,672,7.2,Mumbai,05-02-2024
C103061,Kabir Pillai,34,Salaried-Private,39900,705,8.3,Bhopal,08-01-2025
C103062,Ramesh Mukherjee,37,Self-Employed,121700,698,8.8,Hyderabad,14-07-2023
C103063,Neha Sen,26,Freelancer,30000,684,2.6,Nagpur,09-04-2023
C103064,Sanjay Das,52,Student,16800,610,16.9,Chennai,02-08-2024
C103065,Saanvi Chatterjee,45,Salaried-Private,68900,711,10.9,Jaipur,07-09-2024
C103066,Abhishek Malhotra,57,Salaried-Private,74800,666,19.2,Lucknow,13-10-2024
C103067,Nidhi Desai,52,Salaried-Government,87600,686,10.8,Pune,15-09-2024
C103068,Usha Krishnan,27,Salaried-Private,97400,787,1.7,Chandigarh,25-09-2023
C103069,Naina Mehta,24,Retired,24900,724,1,Chennai,26-05-2024
C103070,Amit Rao,39,Salaried-Government,55000,642,15.8,Ahmedabad,04-02-2025
C103071,Usha Dubey,42,Self-Employed,113000,685,18.8,Indore,07-06-2023
C103072,Sanya Chauhan,31,Salaried-Private,77800,819,7.3,Chennai,15-09-2024
C103073,Pranav Naidu,55,Salaried-Government,91700,669,26.7,Chennai,05-07-2024
C103074,Aarav Naidu,46,Retired,35900,688,6.8,Delhi,04-09-2023
C103075,Kabir Srivastava,53,Salaried-Government,98100,747,9.2,Bhopal,12-04-2025
C103076,Usha Awasthi,25,Salaried-Private,72700,708,1.1,Mumbai,29-05-2023
C103077,Dev Mittal,56,Salaried-Private,72800,661,8.5,Ahmedabad,25-12-2024
C103078,Divya Joshi,30,Retired,29600,624,6.5,Chennai,26-05-2024
C103079,Rekha Shah,40,Retired,41900,685,4.6,Indore,27-04-2023
C103080,Manoj Awasthi,40,Salaried-Private,95600,746,16.4,Kolkata,01-02-2024
C103081,Rahul Garg,57,Self-Employed,54100,793,23.7,Ahmedabad,25-10-2023
C103082,Aditya Agarwal,33,Salaried-Private,43800,569,3.8,Kolkata,11-01-2024
C103083,Neha Reddy,31,Self-Employed,54900,829,7.7,Jaipur,11-12-2024
C103084,Mayank Gupta,35,Salaried-Private,52400,664,10.9,Hyderabad,01-08-2024
C103085,Riya Naidu,36,Freelancer,49700,761,8.9,Delhi,27-06-2023
C103086,Ruchi Jain,28,Student,13900,623,1.8,Bengaluru,30-10-2024
C103087,Mayank Ghosh,28,Salaried-Private,67000,561,3.4,Nagpur,05-10-2024
C103088,Seema Mittal,31,Salaried-Government,65800,584,5.8,Mumbai,26-03-2023
C103089,Ritika Patel,41,Salaried-Private,68500,663,14.4,Jaipur,06-04-2025
C103090,Ishaan Mishra,36,Salaried-Private,73500,732,6.1,Chandigarh,06-01-2023
C103091,Suresh Tiwari,38,Salaried-Private,28200,686,13.8,Surat,13-09-2023
C103092,Komal Garg,52,Salaried-Private,88800,673,11.6,Bhopal,19-09-2023
C103093,Sunita Shah,31,Retired,27100,773,9,Delhi,26-03-2023
C103094,Pranav Iyer,61,Salaried-Private,62100,689,11.2,Pune,19-08-2024
C103095,Pratibha Bansal,54,Student,22500,705,25.8,Lucknow,19-02-2024
C103096,Tushar Khanna,28,Salaried-Private,56300,900,2,Mumbai,04-01-2025
C103097,Vivaan Pandey,34,Self-Employed,82900,691,9.5,Ahmedabad,10-10-2023
C103098,Suresh Malhotra,29,Salaried-Government,66800,634,6.4,Chandigarh,08-02-2025
C103099,Priya Chatterjee,33,Student,12200,720,5,Ahmedabad,03-04-2024
C103100,Divya Kumar,37,Salaried-Private,92000,752,4.3,Chandigarh,05-01-2023
C103101,Pranav Khanna,26,Salaried-Private,71200,714,4.5,Kolkata,30-09-2023
C103102,Neha Reddy,21,Business Owner,97700,707,0,Delhi,22-11-2023
C103103,Tarun Krishnan,40,Business Owner,117800,816,13.9,Jaipur,29-03-2024
C103104,Komal Tripathi,51,Business Owner,77400,800,14.1,Ahmedabad,25-09-2024
C103105,Rajesh Bose,34,Salaried-Private,103700,686,3.8,Bhopal,23-05-2023
C103106,Siddharth Ghosh,58,Salaried-Private,48000,635,18.2,Bhopal,27-12-2024
C103107,Gaurav Desai,37,Freelancer,52200,722,11.3,Pune,05-06-2023
C103108,Rohan Saxena,60,Self-Employed,74700,639,12,Indore,14-06-2025
C103109,Kavya Sen,31,Self-Employed,62200,760,2.1,Indore,13-12-2023
C103110,Sanya Rao,44,Salaried-Private,55100,722,19.2,Kolkata,23-04-2025
C103111,Siddharth Sen,54,Salaried-Private,52800,900,22.8,Delhi,22-03-2023
C103112,Rekha Shukla,23,Student,12600,799,1.4,Lucknow,02-07-2023
C103113,Ananya Srivastava,61,Business Owner,65400,603,34.5,Kolkata,04-06-2025
C103114,Seema Joshi,37,Salaried-Private,81100,650,9,Surat,31-05-2023
C103115,Nikhil Yadav,42,Student,18600,529,8.9,Lucknow,18-10-2023
C103116,Kavya Mehta,48,Self-Employed,67700,519,22.6,Chandigarh,19-05-2024
C103117,Usha Bose,49,Salaried-Private,76900,700,24.9,Nagpur,29-06-2023
C103118,Mohit Kapoor,22,Salaried-Government,57400,593,0.2,Chennai,10-11-2023
C103119,Anjali Ghosh,59,Business Owner,68000,821,16.4,Pune,24-09-2024
C103120,Reyansh Khanna,48,Salaried-Government,47300,779,12.2,Bengaluru,07-03-2024
C103121,Riya Garg,64,Self-Employed,98900,673,11.9,Lucknow,14-01-2024
C103122,Tara Saxena,41,Business Owner,115300,671,7.1,Lucknow,26-08-2024
C103123,Pankaj Kapoor,47,Salaried-Private,70200,809,5.6,Chandigarh,12-05-2025
C103124,Varun Reddy,40,Student,14700,819,13.1,Bengaluru,27-01-2025
C103125,Ajay Desai,60,Salaried-Government,71900,616,10.7,Bhopal,17-02-2023
C103126,Shreya Chauhan,57,Salaried-Government,67700,605,29.6,Surat,19-07-2024
C103127,Isha Garg,60,Business Owner,47700,663,23.7,Indore,07-03-2024
C103128,Manoj Shah,43,Self-Employed,76300,725,9.9,Mumbai,23-01-2024
C103129,Divya Menon,55,Salaried-Government,85600,651,26.1,Pune,31-07-2023
C103130,Jyoti Roy,36,Self-Employed,73600,727,9.8,Nagpur,29-08-2023
C103131,Amit Gupta,41,Student,21600,839,14.5,Bhopal,24-09-2024
C103132,Ananya Gupta,54,Freelancer,41100,573,26.9,Surat,26-05-2025
C103133,Isha Ghosh,24,Freelancer,34600,649,2.3,Nagpur,06-05-2024
C103134,Ritika Chatterjee,52,Salaried-Private,70100,579,23.1,Surat,07-07-2023
C103135,Rajesh Garg,21,Salaried-Government,65900,622,0,Kolkata,03-08-2023
C103136,Pankaj Agarwal,46,Self-Employed,30400,660,11.6,Chennai,20-06-2023
C103137,Gaurav Pandey,41,Salaried-Private,75100,633,13.1,Lucknow,17-04-2024
C103138,Dev Gupta,41,Freelancer,56000,729,11.9,Kolkata,29-09-2024
C103139,Mohit Nair,42,Salaried-Private,21000,695,18.4,Chennai,01-12-2024
C103140,Nikhil Rao,42,Salaried-Private,61100,713,11.6,Bengaluru,03-08-2024
C103141,Ananya Desai,38,Salaried-Private,45600,662,6,Hyderabad,27-05-2025
C103142,Aditya Menon,40,Salaried-Private,53500,670,9.9,Kolkata,15-03-2025
C103143,Amit Mehta,45,Salaried-Private,37800,657,11.8,Chennai,24-07-2023
C103144,Riya Dubey,54,Self-Employed,89200,673,17.4,Jaipur,01-04-2025
C103145,Ankita Bose,45,Self-Employed,117900,731,14.6,Mumbai,18-02-2023
C103146,Lalit Reddy,49,Salaried-Private,71500,536,24.2,Pune,01-11-2024
C103147,Deepak Bose,57,Salaried-Private,26200,706,14.3,Jaipur,24-05-2024
C103148,Ravi Mittal,64,Freelancer,65800,620,37.8,Lucknow,26-01-2023
C103149,Naina Singh,25,Salaried-Private,52700,660,3,Bhopal,05-10-2023
C103150,Vivaan Jain,52,Self-Employed,52000,562,10.2,Bengaluru,19-02-2025
C103151,Abhishek Agarwal,30,Self-Employed,78100,663,3.6,Chennai,01-11-2024
C103152,Ramesh Singh,29,Self-Employed,90300,715,6.7,Surat,24-05-2024
C103153,Jyoti Iyer,55,Student,19800,719,25.9,Mumbai,22-11-2024
C103154,Rajesh Ghosh,24,Self-Employed,27800,589,0.9,Jaipur,25-06-2023
C103155,Kavya Bhatia,58,Retired,23700,716,22.5,Chennai,20-06-2023
C103156,Kavya Rao,54,Student,19500,774,13,Kolkata,10-07-2024
C103157,Naina Mittal,64,Salaried-Private,69100,650,27.6,Chandigarh,07-02-2024
C103158,Shweta Dutta,50,Salaried-Private,56300,688,9.3,Bengaluru,24-07-2023
C103159,Vishal Bose,59,Salaried-Private,56500,522,17,Ahmedabad,22-01-2023
C103160,Priya Chatterjee,26,Salaried-Government,75000,619,2.4,Chandigarh,31-01-2024
C103161,Geeta Sharma,60,Self-Employed,92700,715,22.5,Chandigarh,14-10-2024
C103162,Sneha Nair,28,Salaried-Private,61800,765,2.6,Chennai,09-12-2023
C103163,Vijay Bose,34,Salaried-Private,76500,643,9.2,Hyderabad,07-05-2024
C103164,Varun Mishra,26,Salaried-Government,48100,900,3.8,Ahmedabad,24-06-2023
C103165,Vivaan Tiwari,38,Business Owner,59800,714,11,Surat,31-05-2025
C103166,Hemant Saxena,53,Business Owner,84100,590,26.6,Lucknow,28-12-2024
C103167,Deepak Sen,32,Retired,30300,787,8.3,Lucknow,01-11-2023
C103168,Alok Chaurasia,57,Salaried-Private,28400,584,8.3,Chennai,14-03-2024
C103169,Saanvi Khanna,47,Salaried-Government,58900,715,6.7,Bhopal,14-08-2024
C103170,Priya Patel,48,Retired,57100,614,17.9,Chandigarh,12-05-2023
C103171,Saanvi Sharma,62,Business Owner,130000,590,28.9,Lucknow,30-05-2024
C103172,Ramesh Chatterjee,40,Self-Employed,86200,769,16.7,Chandigarh,02-08-2023
C103173,Deepak Dutta,36,Self-Employed,75200,670,3,Indore,14-05-2024
C103174,Alok Kapoor,64,Salaried-Private,101200,833,15.7,Bhopal,24-03-2024
C103175,Swati Kapoor,45,Student,14700,600,18.8,Delhi,17-01-2024
C103176,Isha Sen,48,Self-Employed,53600,563,22.2,Chandigarh,26-07-2024
C103177,Seema Joshi,34,Self-Employed,98200,656,6.8,Jaipur,02-12-2023
C103178,Usha Gupta,30,Self-Employed,70300,900,4.8,Ahmedabad,24-11-2024
C103179,Nitin Awasthi,28,Salaried-Government,48500,753,5.6,Ahmedabad,27-07-2023
C103180,Rekha Menon,30,Salaried-Private,69600,734,4.7,Bengaluru,11-02-2023
C103181,Ramesh Bose,29,Freelancer,40200,732,6,Nagpur,14-09-2024
C103182,Mayank Srivastava,53,Self-Employed,58700,650,27.7,Mumbai,22-06-2024
C103183,Vikram Dutta,23,Salaried-Private,38500,900,0.8,Jaipur,25-09-2024
C103184,Sachin Malhotra,48,Salaried-Government,78400,728,10.6,Indore,17-12-2023
C103185,Usha Naidu,62,Student,25300,712,35.1,Lucknow,23-08-2024
C103186,Pratibha Reddy,54,Salaried-Government,107100,774,16.4,Nagpur,12-02-2023
C103187,Rekha Tripathi,38,Salaried-Government,60900,587,3.6,Indore,30-05-2025
C103188,Aarav Shah,23,Self-Employed,59400,618,1.1,Mumbai,06-03-2025
C103189,Karan Mukherjee,57,Freelancer,81400,672,22.7,Bengaluru,21-10-2023
C103190,Simran Desai,21,Business Owner,119500,777,0,Delhi,01-10-2023
C103191,Rohan Agarwal,50,Student,20300,579,20.6,Pune,26-05-2023
C103192,Diya Chatterjee,50,Salaried-Private,35400,679,10.5,Pune,20-05-2025
C103193,Amit Mishra,29,Student,9000,664,2.3,Chennai,23-02-2023
C103194,Mohit Kumar,53,Student,17900,556,12,Bengaluru,11-01-2025
C103195,Lalit Verma,28,Self-Employed,69700,649,4,Delhi,30-04-2023
C103196,Siddharth Nair,30,Self-Employed,57400,731,7.2,Kolkata,21-05-2025
C103197,Aarav Gupta,56,Salaried-Private,101100,576,20,Jaipur,27-08-2023
C103198,Anjali Iyer,64,Salaried-Government,43100,799,34.2,Chennai,31-01-2024
C103199,Aditya Bansal,32,Salaried-Private,36200,722,2.7,Chennai,23-02-2023
C103200,Karan Sharma,61,Salaried-Private,75900,719,18.4,Kolkata,22-09-2023
C103201,Tushar Yadav,61,Retired,55300,688,20.2,Bengaluru,29-04-2025
C103202,Pallavi Ghosh,54,Salaried-Private,16500,595,25.1,Bengaluru,15-06-2024
C103203,Naina Bansal,27,Self-Employed,26800,632,3.8,Mumbai,20-10-2023
C103204,Ankita Ghosh,34,Salaried-Private,54900,717,9.7,Pune,12-03-2025
C103205,Isha Dutta,50,Salaried-Government,101900,643,12.7,Mumbai,17-04-2025
C103206,Suresh Roy,64,Salaried-Government,119200,712,36.7,Pune,05-01-2024
C103207,Sanya Krishnan,56,Salaried-Private,60700,617,26.9,Pune,05-12-2023
C103208,Pratibha Das,39,Self-Employed,69100,726,15.1,Hyderabad,21-01-2025
C103209,Nikhil Pillai,31,Retired,27000,726,3.8,Surat,01-05-2024
C103210,Pooja Malhotra,63,Salaried-Government,91200,563,8.6,Bengaluru,14-09-2023
C103211,Shreya Gupta,33,Retired,56100,693,7.6,Hyderabad,19-06-2024
C103212,Isha Awasthi,36,Business Owner,134200,578,8.2,Nagpur,24-11-2023
C103213,Pratibha Sen,63,Self-Employed,82100,543,31.3,Indore,25-12-2023
C103214,Geeta Krishnan,45,Salaried-Private,47800,639,6.4,Delhi,19-08-2024
C103215,Vikram Naidu,32,Salaried-Private,59600,900,6.8,Hyderabad,18-11-2023
C103216,Meera Iyer,21,Student,12400,743,0,Jaipur,18-04-2024
C103217,Alok Kumar,39,Self-Employed,63600,800,10.1,Chennai,19-08-2024
C103218,Raj Shukla,64,Salaried-Government,37800,734,13.4,Bengaluru,29-03-2025
C103219,Nidhi Shukla,40,Freelancer,45800,703,15.9,Chennai,21-03-2025
C103220,Neha Roy,51,Salaried-Private,61400,760,9.8,Nagpur,08-03-2025
C103221,Manish Rao,32,Freelancer,19300,631,6.6,Bengaluru,04-11-2024
C103222,Siddharth Garg,55,Salaried-Private,73200,728,6.9,Surat,16-02-2024
C103223,Tushar Shukla,55,Student,23400,777,10.5,Nagpur,01-02-2024
C103224,Jyoti Desai,47,Salaried-Private,102600,751,14.3,Bhopal,02-03-2023
C103225,Seema Bose,54,Salaried-Private,41600,785,7.5,Lucknow,07-12-2024
C103226,Rohan Dutta,46,Business Owner,121400,712,14.5,Chennai,20-04-2025
C103227,Meera Garg,37,Salaried-Private,80700,827,5.3,Chennai,23-07-2024
C103228,Naina Bhatia,53,Student,22600,666,22.7,Surat,18-04-2025
C103229,Nitin Pillai,57,Business Owner,70200,859,29.1,Nagpur,05-04-2024
C103230,Vikram Chauhan,58,Salaried-Private,48500,733,27,Pune,13-04-2023
C103231,Nitin Bansal,30,Salaried-Private,60500,658,2.2,Surat,07-03-2025
C103232,Komal Khanna,50,Student,20100,588,15.9,Nagpur,02-01-2024
C103233,Pallavi Krishnan,21,Self-Employed,52600,623,0,Chandigarh,30-03-2024
C103234,Ajay Malhotra,46,Student,22100,606,12.2,Nagpur,05-07-2024
C103235,Geeta Mehta,46,Salaried-Private,57000,681,19.7,Pune,31-01-2024
C103236,Seema Mittal,36,Student,8600,579,3.4,Lucknow,30-01-2024
C103237,Anjali Nair,64,Self-Employed,77800,795,16.2,Hyderabad,23-08-2024
C103238,Ananya Naidu,59,Business Owner,118600,706,29.6,Mumbai,15-10-2023
C103239,Manish Desai,22,Salaried-Government,68400,695,0.5,Ahmedabad,26-01-2024
C103240,Sanjay Yadav,30,Salaried-Private,65300,596,3.3,Chandigarh,15-05-2023
C103241,Varun Pillai,30,Retired,54500,626,7.8,Ahmedabad,16-09-2023
C103242,Ruchi Mittal,60,Retired,35200,507,12.1,Chennai,12-10-2024
C103243,Komal Mukherjee,43,Salaried-Government,60000,818,16.5,Nagpur,08-04-2024
C103244,Abhishek Jain,53,Student,25700,570,10.4,Ahmedabad,26-11-2023
C103245,Meera Bhatia,56,Salaried-Private,29700,577,30.6,Bengaluru,24-04-2025
C103246,Pratibha Sen,54,Salaried-Private,67100,803,24.8,Bengaluru,30-06-2023
C103247,Pari Sharma,24,Salaried-Private,80800,723,1.2,Bengaluru,27-03-2024
C103248,Kavya Saxena,27,Salaried-Government,89600,703,5.3,Nagpur,02-03-2023
C103249,Geeta Roy,38,Salaried-Private,75000,718,4.8,Surat,09-06-2025
C103250,Varun Shah,35,Salaried-Government,81200,768,11.2,Mumbai,26-01-2025
C103251,Gaurav Krishnan,53,Salaried-Private,47000,695,22.1,Jaipur,08-01-2025
C103252,Ishaan Nair,27,Business Owner,134300,576,1.9,Ahmedabad,31-08-2023
C103253,Amit Awasthi,37,Freelancer,31200,743,9.3,Jaipur,12-03-2024
C103254,Rahul Dubey,31,Business Owner,55500,722,2.1,Bhopal,12-02-2024
C103255,Akash Rao,29,Salaried-Private,66000,783,4.8,Ahmedabad,31-10-2023
C103256,Ramesh Nair,28,Freelancer,38900,585,4.3,Chennai,21-01-2023
C103257,Sneha Yadav,29,Salaried-Private,62300,630,3.9,Pune,04-08-2024
C103258,Riya Dutta,45,Freelancer,60500,720,18.7,Lucknow,17-01-2023
C103259,Vivaan Ghosh,39,Self-Employed,115900,621,15.3,Delhi,09-05-2025
C103260,Simran Menon,40,Salaried-Government,77600,503,10.9,Surat,12-05-2023
C103261,Sanjay Srivastava,42,Salaried-Private,51000,703,14.1,Chandigarh,08-01-2024
C103262,Suresh Tripathi,53,Freelancer,67600,761,9.7,Nagpur,29-09-2023
C103263,Hemant Dutta,58,Student,20600,672,33.3,Ahmedabad,12-07-2023
C103264,Ananya Mehta,44,Business Owner,126400,742,18.4,Ahmedabad,05-06-2025
C103265,Aditya Saxena,49,Retired,45000,719,24.2,Indore,28-04-2023
C103266,Jyoti Dubey,53,Student,22300,684,23.8,Bhopal,23-12-2024
C103267,Rajesh Pillai,51,Salaried-Private,31400,695,12.8,Kolkata,10-04-2024
C103268,Tara Awasthi,26,Business Owner,18000,790,1.8,Pune,01-09-2024
C103269,Ramesh Yadav,64,Salaried-Private,42200,609,24,Indore,04-02-2024
C103270,Ajay Chauhan,28,Salaried-Government,101700,757,1.8,Ahmedabad,07-01-2023
C103271,Ishaan Desai,39,Salaried-Private,39200,591,10.6,Indore,07-04-2024
C103272,Abhishek Sharma,49,Retired,53000,624,12.9,Ahmedabad,24-01-2023
C103273,Ajay Joshi,38,Business Owner,74300,786,12.1,Jaipur,13-03-2024
C103274,Alok Shukla,31,Salaried-Private,54200,591,6.4,Kolkata,04-06-2024
C103275,Vikram Ghosh,61,Salaried-Government,75500,671,14.9,Chandigarh,31-05-2024
C103276,Rohan Bhatia,24,Salaried-Government,97900,883,2.1,Chandigarh,30-09-2024
C103277,Siddharth Garg,31,Business Owner,110700,778,4.2,Delhi,10-10-2023
C103278,Lalit Tripathi,64,Student,26600,625,16.1,Bhopal,05-06-2025
C103279,Pallavi Das,53,Salaried-Private,93700,648,15.8,Delhi,04-03-2024
C103280,Tara Reddy,24,Salaried-Government,47800,673,0.9,Bhopal,15-09-2024
C103281,Divya Shukla,54,Self-Employed,104800,800,14.1,Lucknow,20-01-2024
C103282,Nitin Desai,63,Salaried-Government,97100,614,16,Jaipur,25-11-2023
C103283,Pranav Mishra,25,Self-Employed,89000,608,0.9,Mumbai,19-04-2024
C103284,Isha Srivastava,39,Salaried-Private,59100,745,7.4,Bhopal,20-01-2025
C103285,Varun Tiwari,41,Salaried-Private,54300,553,10.5,Lucknow,09-02-2024
C103286,Shreya Dutta,26,Salaried-Government,43400,613,3.9,Jaipur,02-03-2023
C103287,Pranav Saxena,29,Student,9000,674,2.6,Hyderabad,08-08-2024
C103288,Lalit Yadav,28,Salaried-Private,39500,683,3,Chandigarh,10-11-2023
C103289,Harsh Yadav,29,Salaried-Private,65500,580,1.8,Hyderabad,01-10-2024
C103290,Komal Singh,38,Business Owner,87500,721,4.3,Ahmedabad,19-01-2025
C103291,Ankita Agarwal,41,Student,17500,726,9,Pune,27-12-2023
C103292,Manish Khanna,31,Salaried-Government,75200,638,5.5,Ahmedabad,15-04-2025
C103293,Pratibha Kumar,33,Salaried-Private,38600,818,8.7,Indore,20-10-2024
C103294,Gaurav Shah,29,Business Owner,56300,715,5.9,Chandigarh,28-08-2024
C103295,Pallavi Mittal,56,Salaried-Government,69500,610,29.4,Lucknow,01-04-2025
C103296,Riya Joshi,30,Business Owner,66800,819,7.5,Lucknow,02-03-2025
C103297,Ananya Bose,60,Salaried-Private,53000,646,10.6,Chandigarh,22-11-2024
C103298,Hemant Shukla,44,Salaried-Private,98100,709,6.4,Chandigarh,08-06-2025
C103299,Sanya Gupta,56,Salaried-Private,38300,646,19.2,Chandigarh,28-11-2024
C103300,Riya Mehta,49,Business Owner,163900,754,17.2,Mumbai,07-02-2025
C103301,Ramesh Dubey,32,Salaried-Government,71300,652,6.8,Bhopal,21-10-2024
C103302,Mayank Shah,47,Salaried-Private,85100,659,14.1,Chennai,18-02-2024
C103303,Priya Yadav,33,Salaried-Government,84400,679,10.6,Bengaluru,21-12-2023
C103304,Sneha Chauhan,26,Freelancer,55900,648,2.8,Bengaluru,26-12-2024
C103305,Suresh Mittal,32,Salaried-Private,92600,779,9.4,Nagpur,09-05-2025
C103306,Priya Nair,33,Business Owner,58200,588,10.7,Bhopal,08-06-2024
C103307,Dev Reddy,26,Business Owner,85000,689,2.6,Pune,22-06-2023
C103308,Gaurav Saxena,22,Salaried-Government,42100,693,0.3,Indore,30-12-2024
C103309,Shreya Mukherjee,62,Retired,29000,674,17.6,Jaipur,21-09-2023
C103310,Sanjay Chauhan,43,Student,15100,759,9.9,Bhopal,22-10-2024
C103311,Abhishek Malhotra,38,Salaried-Private,99300,574,14,Bhopal,06-07-2023
C103312,Ritika Ghosh,61,Salaried-Private,67500,735,34.9,Hyderabad,11-02-2025
C103313,Neha Pillai,30,Salaried-Private,98300,595,2.9,Bhopal,11-03-2024
C103314,Suresh Mehta,38,Salaried-Private,103500,654,3.6,Nagpur,01-12-2023
C103315,Akash Roy,58,Self-Employed,152700,595,28.9,Kolkata,03-11-2024
C103316,Sneha Chauhan,48,Student,24800,657,16,Chennai,27-09-2024
C103317,Rohan Agarwal,38,Student,22100,637,12.3,Jaipur,21-08-2023
C103318,Meera Ghosh,32,Salaried-Private,65900,820,4.8,Bhopal,02-03-2023
C103319,Isha Awasthi,22,Salaried-Government,65900,709,0.3,Ahmedabad,14-05-2025
C103320,Alok Jain,24,Salaried-Private,62100,724,1.2,Mumbai,23-05-2025
C103321,Ishaan Awasthi,28,Self-Employed,68800,601,1.6,Mumbai,17-08-2024
C103322,Karan Garg,55,Salaried-Private,71600,749,16,Chandigarh,10-04-2023
C103323,Harsh Kapoor,49,Student,21700,814,7.5,Surat,22-04-2025
C103324,Nikhil Mehta,40,Student,14500,751,10,Hyderabad,20-02-2024
C103325,Naina Bhatia,55,Salaried-Private,41000,581,25.8,Lucknow,29-06-2024
C103326,Ananya Bose,28,Business Owner,102400,658,1.6,Chennai,30-08-2024
C103327,Priya Singh,30,Self-Employed,53000,696,7.4,Kolkata,12-06-2024
C103328,Karan Dubey,38,Freelancer,41400,640,4.9,Hyderabad,27-07-2023
C103329,Vijay Tripathi,61,Salaried-Government,73400,893,26.4,Mumbai,18-05-2025
C103330,Harsh Joshi,48,Salaried-Private,58400,650,9.9,Indore,21-04-2024
C103331,Manish Pandey,58,Self-Employed,107400,692,29.3,Jaipur,01-05-2025
C103332,Ramesh Tripathi,31,Salaried-Private,55700,640,2.1,Nagpur,01-05-2023
C103333,Gaurav Agarwal,58,Self-Employed,108700,714,18.3,Delhi,16-09-2024
C103334,Ananya Sen,24,Salaried-Private,60300,799,2.6,Pune,12-06-2023
C103335,Vivaan Pandey,31,Business Owner,89200,702,2.8,Ahmedabad,14-04-2023
C103336,Ajay Tiwari,44,Freelancer,55700,670,16.8,Mumbai,01-03-2025
C103337,Rekha Joshi,23,Salaried-Private,30000,598,1.4,Chandigarh,17-04-2023
C103338,Vishal Gupta,58,Salaried-Government,82700,789,15.7,Nagpur,06-02-2023
C103339,Siddharth Mittal,59,Business Owner,130400,688,9.2,Hyderabad,31-01-2023
C103340,Anjali Chatterjee,44,Salaried-Private,84000,677,18,Indore,26-11-2023
C103341,Pratibha Khanna,34,Self-Employed,38700,498,10.8,Indore,13-05-2023
C103342,Lalit Mittal,25,Business Owner,41000,675,1.2,Ahmedabad,08-03-2023
C103343,Aditya Chauhan,48,Salaried-Government,59500,656,21.4,Lucknow,07-05-2024
C103344,Sanya Mukherjee,44,Freelancer,75400,545,18,Ahmedabad,07-07-2023
C103345,Neha Mishra,54,Self-Employed,84500,771,19.9,Hyderabad,05-02-2024
C103346,Pallavi Verma,47,Self-Employed,57800,645,19.5,Chennai,01-04-2023
C103347,Akash Awasthi,26,Salaried-Private,27900,835,1.1,Hyderabad,16-09-2024
C103348,Ravi Srivastava,26,Salaried-Private,43300,799,2.7,Nagpur,13-01-2024
C103349,Riya Yadav,55,Salaried-Private,53600,630,29.8,Delhi,13-03-2025
C103350,Abhishek Mishra,27,Student,13500,791,4.5,Ahmedabad,27-12-2024
C103351,Geeta Iyer,62,Student,27700,812,15.9,Indore,05-12-2023
C103352,Vijay Kapoor,25,Freelancer,28800,639,2.5,Kolkata,27-10-2023
C103353,Pari Jain,53,Salaried-Private,82900,609,11.2,Mumbai,21-02-2025
C103354,Vikram Kapoor,63,Self-Employed,98400,522,14.9,Pune,25-11-2023
C103355,Komal Shah,40,Freelancer,32700,715,6.3,Surat,17-03-2025
C103356,Nikhil Menon,23,Business Owner,86100,615,0.7,Delhi,29-03-2023
C103357,Shreya Patel,59,Salaried-Private,77000,724,20.9,Chandigarh,02-09-2024
C103358,Nikhil Malhotra,29,Student,11900,636,3.3,Surat,06-02-2024
C103359,Aarav Iyer,44,Salaried-Private,30000,622,17.1,Hyderabad,21-01-2025
C103360,Manoj Srivastava,64,Salaried-Private,74800,646,35.5,Chandigarh,20-03-2023
C103361,Pallavi Pandey,53,Student,23000,579,17.3,Pune,13-04-2025
C103362,Geeta Naidu,23,Salaried-Government,96100,649,0.7,Pune,17-06-2025
C103363,Aditya Sharma,57,Salaried-Government,60200,630,32.3,Chennai,16-02-2024
C103364,Pratibha Desai,28,Self-Employed,55700,687,1.6,Pune,13-08-2024
C103365,Isha Dubey,53,Retired,43300,694,18.7,Bhopal,28-03-2024
C103366,Ishaan Mishra,48,Salaried-Private,71600,605,9.6,Mumbai,03-07-2024
C103367,Ishaan Kumar,33,Freelancer,50400,775,10.3,Nagpur,09-04-2024
C103368,Vishal Bose,39,Salaried-Private,74300,678,7.7,Chandigarh,20-08-2024
C103369,Nitin Gupta,26,Salaried-Private,34500,805,4.4,Nagpur,19-02-2024
C103370,Dev Reddy,64,Salaried-Government,86400,712,37.9,Surat,09-06-2025
C103371,Ajay Dubey,31,Self-Employed,52200,693,8.6,Delhi,03-05-2025
C103372,Naina Chatterjee,34,Salaried-Private,57300,649,9.8,Chandigarh,20-12-2024
C103373,Manoj Awasthi,43,Salaried-Government,106900,745,15.8,Lucknow,24-03-2023
C103374,Geeta Tiwari,50,Self-Employed,44000,689,25.1,Kolkata,28-07-2023
C103375,Hemant Reddy,43,Self-Employed,68100,758,7.8,Jaipur,23-11-2023
C103376,Tarun Bansal,43,Business Owner,56000,816,16.9,Pune,23-04-2023
C103377,Alok Khanna,46,Freelancer,56400,630,7,Indore,26-03-2025
C103378,Usha Singh,58,Salaried-Government,98400,743,16.8,Indore,04-09-2023
C103379,Vikram Chauhan,38,Salaried-Government,71000,737,8.2,Jaipur,27-11-2024
C103380,Riya Roy,57,Salaried-Government,72300,727,32.3,Nagpur,24-03-2025
C103381,Vikram Agarwal,55,Self-Employed,111500,662,14.4,Ahmedabad,17-09-2023
C103382,Komal Sharma,63,Salaried-Private,78400,658,24.7,Hyderabad,14-10-2024
C103383,Hemant Shukla,61,Salaried-Private,87400,646,25.7,Ahmedabad,20-08-2024
C103384,Atharv Krishnan,56,Salaried-Private,83300,644,23.6,Indore,29-07-2024
C103385,Manoj Awasthi,31,Salaried-Government,8000,613,2.8,Bhopal,02-01-2023
C103386,Shweta Desai,55,Retired,45700,678,20.1,Mumbai,09-05-2024
C103387,Nikhil Das,53,Self-Employed,52900,627,20.6,Lucknow,24-04-2024
C103388,Aarav Tripathi,33,Salaried-Government,47100,721,10,Bhopal,05-01-2023
C103389,Nitin Naidu,50,Self-Employed,113000,701,25.2,Delhi,06-04-2025
C103390,Lalit Nair,32,Business Owner,80400,705,4,Jaipur,14-11-2024
C103391,Karan Menon,44,Salaried-Government,111300,674,8,Nagpur,10-07-2024
C103392,Reyansh Srivastava,56,Salaried-Government,43500,692,23.8,Pune,24-11-2023
C103393,Manish Sharma,29,Business Owner,56500,668,4.3,Lucknow,29-03-2025
C103394,Harsh Nair,35,Salaried-Private,75800,753,10.1,Pune,18-01-2024
C103395,Pratibha Bose,55,Self-Employed,71400,655,27,Bengaluru,09-03-2023
C103396,Raj Verma,40,Self-Employed,81000,722,3.9,Pune,18-06-2025
C103397,Simran Dutta,63,Freelancer,59000,584,34.2,Kolkata,25-04-2024
C103398,Rekha Sen,21,Retired,31300,741,0,Ahmedabad,14-06-2024
C103399,Sanjay Nair,52,Freelancer,51500,642,27.2,Hyderabad,07-09-2024
C103400,Ravi Dutta,56,Self-Employed,84300,619,17.5,Nagpur,29-05-2023
C103401,Shaurya Shah,61,Salaried-Private,83800,601,31.9,Jaipur,30-01-2023
C103402,Meera Srivastava,27,Self-Employed,107100,598,2,Surat,17-02-2024
C103403,Vishal Gupta,64,Freelancer,58000,650,24.4,Jaipur,18-02-2025
C103404,Lalit Verma,38,Student,13900,801,4.2,Pune,13-06-2025
C103405,Varun Nair,36,Freelancer,41600,634,10.7,Nagpur,19-08-2023
C103406,Pallavi Ghosh,36,Salaried-Private,90400,516,12.9,Ahmedabad,07-06-2025
C103407,Abhishek Mukherjee,49,Business Owner,121300,727,22.1,Mumbai,17-02-2025
C103408,Vikram Menon,50,Student,14200,592,19.6,Ahmedabad,05-01-2025
C103409,Seema Bose,41,Business Owner,33800,750,5.7,Ahmedabad,09-09-2023
C103410,Shreya Rao,24,Business Owner,62600,655,2.7,Pune,21-10-2024
C103411,Vijay Sen,64,Self-Employed,88700,671,19,Bengaluru,02-06-2025
C103412,Rekha Patel,30,Self-Employed,68800,786,5.8,Kolkata,07-06-2024
C103413,Nitin Chaurasia,25,Salaried-Private,66900,739,1.6,Mumbai,09-03-2025
C103414,Rekha Jain,47,Salaried-Private,61900,589,20.3,Pune,06-09-2023
C103415,Mayank Saxena,39,Freelancer,73600,603,8.4,Chandigarh,09-02-2025
C103416,Gaurav Bansal,48,Student,21400,540,12.8,Lucknow,09-06-2023
C103417,Ruchi Srivastava,59,Student,23700,891,7.7,Chandigarh,10-09-2024
C103418,Sunita Shah,25,Salaried-Private,79500,622,2.4,Bengaluru,23-11-2023
C103419,Tara Singh,33,Salaried-Private,26800,777,4.5,Nagpur,28-12-2023
C103420,Sachin Garg,43,Salaried-Private,62100,646,18.6,Bengaluru,22-10-2024
C103421,Kabir Tripathi,55,Freelancer,59800,602,25.4,Jaipur,17-02-2024
C103422,Manoj Awasthi,47,Business Owner,117700,699,22.5,Nagpur,29-01-2025
C103423,Pranav Khanna,37,Retired,18800,656,7.6,Hyderabad,12-06-2024
C103424,Manish Das,47,Salaried-Private,60200,753,17.2,Delhi,06-04-2024
C103425,Pankaj Menon,64,Self-Employed,92800,759,22.2,Pune,29-08-2023
C103426,Vikram Patel,42,Freelancer,60000,641,17.6,Mumbai,03-08-2024
C103427,Sneha Naidu,59,Salaried-Private,93900,578,16.2,Surat,19-08-2023
C103428,Pari Shah,55,Retired,55700,592,14.6,Chandigarh,04-11-2024
C103429,Shaurya Naidu,34,Self-Employed,69700,507,5.9,Surat,12-03-2024
C103430,Sachin Mishra,31,Salaried-Private,72500,668,5.5,Hyderabad,23-04-2024
C103431,Ajay Tiwari,54,Salaried-Private,64200,688,27.1,Mumbai,20-04-2024
C103432,Pankaj Krishnan,30,Student,12300,590,3.1,Chennai,08-02-2023
C103433,Siddharth Malhotra,35,Self-Employed,90700,592,9.2,Indore,18-12-2024
C103434,Vikram Sen,31,Freelancer,47300,685,4.1,Pune,12-06-2025
C103435,Swati Krishnan,47,Freelancer,60200,638,6.7,Indore,01-11-2024
C103436,Divya Pandey,33,Salaried-Government,86400,675,10.4,Nagpur,13-06-2023
C103437,Mohit Bose,49,Freelancer,66600,660,21,Chandigarh,16-07-2024
C103438,Anjali Singh,62,Student,28400,704,35.5,Hyderabad,25-05-2023
C103439,Anjali Ghosh,57,Salaried-Private,116000,652,17.3,Hyderabad,11-08-2024
C103440,Raj Garg,62,Freelancer,71600,651,29.9,Bengaluru,03-02-2024
C103441,Komal Dubey,22,Salaried-Private,46200,536,0.7,Pune,23-02-2025
C103442,Siddharth Nair,41,Salaried-Private,73200,686,12.7,Kolkata,07-06-2024
C103443,Sunita Saxena,30,Salaried-Government,74400,698,2.1,Lucknow,22-02-2023
C103444,Manoj Tiwari,61,Student,26100,669,10,Mumbai,22-02-2025
C103445,Sneha Chaurasia,52,Salaried-Private,97300,847,10.4,Chennai,28-05-2024
C103446,Lalit Iyer,35,Salaried-Government,29000,697,10.1,Pune,10-03-2025
C103447,Sunita Mishra,45,Business Owner,146000,689,18.2,Pune,24-02-2023
C103448,Shreya Mukherjee,47,Salaried-Private,102400,735,17,Jaipur,02-08-2023
C103449,Vijay Ghosh,42,Freelancer,61500,858,7,Lucknow,10-04-2023
C103450,Sanya Nair,41,Student,18000,702,14.9,Nagpur,24-09-2023
C103451,Arjun Shah,23,Salaried-Private,51000,509,0.6,Mumbai,04-03-2024
C103452,Ankita Dutta,40,Salaried-Private,62700,723,15.7,Bengaluru,12-08-2024
C103453,Alok Dutta,36,Retired,47400,616,7,Bengaluru,19-12-2023
C103454,Nitin Das,57,Salaried-Private,82100,538,25.5,Chennai,07-03-2024
C103455,Pankaj Das,59,Salaried-Private,84600,828,12.1,Mumbai,22-10-2024
C103456,Sanjay Bansal,54,Retired,53700,806,13.9,Pune,08-01-2024
C103457,Tara Khanna,22,Student,11300,609,0.5,Hyderabad,06-01-2025
C103458,Vikram Krishnan,58,Business Owner,128000,627,20.3,Kolkata,15-04-2023
C103459,Ajay Mehta,38,Self-Employed,48200,700,4.6,Kolkata,12-12-2024
C103460,Tara Rao,39,Student,17900,611,10.5,Surat,21-12-2024
C103461,Aditya Patel,62,Business Owner,163900,693,10.4,Bhopal,05-06-2024
C103462,Lalit Sen,59,Business Owner,102300,638,32.2,Delhi,26-09-2023
C103463,Gaurav Patel,23,Freelancer,68800,658,1,Bengaluru,06-01-2023
C103464,Rahul Bose,36,Business Owner,64600,577,7.6,Lucknow,04-06-2025
C103465,Usha Yadav,53,Self-Employed,78100,757,19.3,Pune,22-01-2023
C103466,Kabir Tripathi,44,Salaried-Government,55600,784,17.2,Indore,20-03-2023
C103467,Rekha Naidu,32,Self-Employed,103500,687,2.7,Mumbai,21-06-2023
C103468,Abhishek Kapoor,44,Self-Employed,114600,694,15.9,Delhi,22-06-2023
C103469,Shaurya Gupta,59,Salaried-Government,73500,741,31.8,Ahmedabad,30-08-2023
C103470,Anjali Rao,30,Salaried-Government,89900,693,4.6,Kolkata,13-07-2023
C103471,Shweta Bansal,53,Freelancer,83200,830,6.7,Mumbai,19-02-2024
C103472,Shaurya Roy,53,Salaried-Government,72600,585,11.9,Kolkata,19-03-2025
C103473,Nitin Roy,59,Salaried-Private,72800,759,32.6,Chennai,09-12-2023
C103474,Manish Mukherjee,34,Salaried-Private,74900,682,3.7,Surat,07-05-2023
C103475,Nikhil Tiwari,30,Salaried-Private,41700,596,1.9,Bhopal,17-05-2023
C103476,Aditya Joshi,45,Freelancer,55400,868,20.5,Jaipur,02-02-2025
C103477,Simran Khanna,44,Salaried-Government,116800,888,18.5,Nagpur,28-03-2023
C103478,Pari Malhotra,39,Salaried-Private,52200,671,9.4,Jaipur,06-05-2025
C103479,Neha Krishnan,55,Freelancer,71300,726,6.9,Pune,20-01-2023
C103480,Pari Menon,56,Salaried-Private,79500,654,21.3,Delhi,07-02-2023
C103481,Gaurav Khanna,31,Salaried-Private,55700,663,7.7,Chennai,04-03-2023
C103482,Ajay Bhatia,56,Freelancer,61500,598,14,Pune,11-04-2025
C103483,Sanya Khanna,31,Self-Employed,112100,594,3.2,Chandigarh,01-01-2023
C103484,Nidhi Desai,38,Freelancer,59700,836,14.2,Ahmedabad,08-03-2025
C103485,Ishaan Joshi,22,Freelancer,55800,685,0.7,Lucknow,30-01-2023
C103486,Atharv Sharma,35,Student,18700,686,7.2,Bengaluru,07-10-2024
C103487,Pankaj Yadav,63,Salaried-Private,66000,625,35,Pune,07-02-2024
C103488,Suresh Dubey,40,Freelancer,34800,700,11.9,Chandigarh,09-08-2023
C103489,Vishal Rao,52,Business Owner,157000,583,26.7,Indore,31-08-2024
C103490,Shaurya Sen,25,Salaried-Private,59300,626,1.1,Pune,03-10-2024
C103491,Anjali Chatterjee,48,Student,21700,587,13.6,Ahmedabad,12-01-2024
C103492,Swati Chaurasia,37,Salaried-Government,50100,790,10.8,Chennai,06-04-2023
C103493,Arjun Sharma,53,Student,22200,551,15.5,Nagpur,25-08-2023
C103494,Mayank Joshi,61,Self-Employed,55700,594,17.8,Delhi,18-01-2023
C103495,Reyansh Kumar,44,Self-Employed,76700,527,15.8,Indore,07-07-2024
C103496,Pari Krishnan,25,Salaried-Private,43600,615,2.5,Lucknow,17-11-2023
C103497,Simran Kapoor,41,Student,13600,645,8,Nagpur,23-07-2024
C103498,Diya Dubey,26,Self-Employed,60700,767,2.6,Bengaluru,30-04-2024
C103499,Ramesh Dubey,40,Salaried-Private,16700,664,13.2,Delhi,01-10-2024
C103500,Siddharth Jain,23,Salaried-Private,32600,652,1.3,Bengaluru,14-02-2024
C103501,Kabir Singh,49,Freelancer,67700,714,14.5,Chennai,13-09-2023
C103502,Sachin Dubey,34,Salaried-Private,67200,654,5,Hyderabad,14-07-2024
C103503,Meera Khanna,29,Self-Employed,43400,879,2.2,Pune,10-05-2025
C103504,Arjun Mittal,21,Business Owner,105500,648,0,Chennai,15-09-2024
C103505,Aarav Mukherjee,60,Salaried-Private,53000,721,30.2,Chandigarh,04-06-2023
C103506,Vishal Rao,57,Self-Employed,97700,760,22.7,Chennai,19-08-2023
C103507,Priya Roy,56,Salaried-Private,66700,640,21,Chennai,17-05-2025
C103508,Ritika Sen,23,Student,8100,694,0.6,Bhopal,07-10-2024
C103509,Hemant Garg,36,Student,14000,642,7.7,Hyderabad,23-07-2024
C103510,Seema Desai,63,Salaried-Private,123000,720,22.6,Pune,13-10-2024
C103511,Gaurav Reddy,46,Self-Employed,57800,696,13.1,Pune,03-09-2023
C103512,Pari Desai,26,Self-Employed,73400,679,1.8,Ahmedabad,08-04-2025
C103513,Reyansh Malhotra,27,Retired,44800,594,1.7,Chennai,29-06-2023
C103514,Shaurya Verma,32,Salaried-Government,43700,835,9.4,Jaipur,28-04-2025
C103515,Ramesh Naidu,63,Self-Employed,44500,733,24.8,Bhopal,28-07-2023
C103516,Ruchi Awasthi,28,Student,9200,554,5.6,Ahmedabad,10-10-2023
C103517,Ishaan Tripathi,60,Salaried-Private,85800,659,26.1,Nagpur,04-08-2024
C103518,Swati Mehta,50,Self-Employed,69400,564,22.5,Surat,23-03-2024
C103519,Suresh Khanna,61,Salaried-Private,66400,750,14,Chennai,12-05-2025
C103520,Ravi Jain,57,Self-Employed,102300,693,9.9,Hyderabad,06-02-2025
C103521,Ananya Mittal,35,Salaried-Government,48400,687,8.8,Mumbai,19-02-2025
C103522,Naina Nair,57,Retired,46300,619,21,Mumbai,27-05-2024
C103523,Alok Chaurasia,28,Salaried-Government,30000,659,1.9,Lucknow,02-06-2025
C103524,Amit Bhatia,33,Salaried-Private,66200,752,7.5,Chandigarh,16-10-2024
C103525,Raj Joshi,30,Freelancer,51300,772,2.9,Kolkata,17-10-2023
C103526,Isha Verma,26,Freelancer,58700,756,1.4,Bengaluru,22-06-2024
C103527,Mayank Malhotra,24,Business Owner,52600,563,2.7,Ahmedabad,16-12-2023
C103528,Simran Nair,29,Business Owner,85100,677,4.7,Jaipur,05-09-2023
C103529,Rajesh Tripathi,26,Salaried-Private,31400,704,2.2,Pune,03-11-2024
C103530,Gaurav Roy,37,Self-Employed,66500,631,4.3,Kolkata,04-01-2024
C103531,Pankaj Gupta,24,Salaried-Private,85800,560,2.5,Kolkata,14-08-2023
C103532,Ravi Dutta,23,Salaried-Private,49400,584,1.7,Delhi,10-02-2025
C103533,Ankita Singh,64,Student,21400,803,16.3,Bengaluru,31-10-2023
C103534,Aarav Sharma,24,Business Owner,67400,594,1.5,Mumbai,29-10-2024
C103535,Sunita Menon,24,Salaried-Private,24000,687,2,Surat,15-09-2023
C103536,Dev Nair,22,Salaried-Private,29500,671,0.3,Indore,11-12-2023
C103537,Pari Dubey,26,Student,12300,669,2.9,Indore,03-01-2024
C103538,Tarun Malhotra,44,Salaried-Private,35300,659,8.1,Surat,11-03-2024
C103539,Ajay Tripathi,57,Salaried-Private,75600,754,12.9,Indore,25-11-2024
C103540,Hemant Krishnan,53,Salaried-Private,68300,693,19.9,Pune,14-11-2023
C103541,Hemant Agarwal,46,Salaried-Private,54400,638,10.4,Chandigarh,08-01-2023
C103542,Dev Tripathi,24,Salaried-Private,60700,693,1.8,Kolkata,20-05-2023
C103543,Akash Mehta,55,Retired,35300,583,13,Pune,24-01-2023
C103544,Aarav Joshi,22,Salaried-Private,72200,728,0.5,Lucknow,31-03-2025
C103545,Tarun Yadav,48,Self-Employed,60000,634,23,Indore,04-01-2023
C103546,Pratibha Yadav,39,Business Owner,82800,642,9.7,Kolkata,09-04-2025
C103547,Riya Singh,59,Self-Employed,69100,731,20.9,Surat,29-07-2024
C103548,Ramesh Dubey,34,Business Owner,115300,664,7.1,Hyderabad,09-01-2023
C103549,Pankaj Menon,49,Business Owner,116600,669,22.4,Kolkata,26-11-2023
C103550,Saanvi Yadav,40,Self-Employed,10700,775,12.9,Surat,27-11-2024
C103551,Rohan Patel,43,Self-Employed,80900,614,4.9,Chennai,28-02-2024
C103552,Ravi Naidu,62,Freelancer,32500,724,11.6,Chandigarh,28-12-2024
C103553,Saanvi Mittal,52,Business Owner,89500,769,18.7,Chandigarh,24-02-2024
C103554,Kavya Naidu,39,Freelancer,49500,780,13.2,Bhopal,21-11-2023
C103555,Ananya Mishra,40,Salaried-Private,55600,862,5.4,Chandigarh,02-07-2023
C103556,Komal Das,52,Business Owner,116400,646,17.1,Surat,20-08-2024
C103557,Seema Awasthi,36,Business Owner,117000,628,9.7,Jaipur,12-12-2024
C103558,Geeta Tiwari,28,Salaried-Private,42300,751,3.4,Nagpur,10-09-2024
C103559,Pankaj Naidu,41,Student,13800,757,13.7,Chennai,18-06-2023
C103560,Jyoti Das,24,Salaried-Private,55500,625,1.3,Mumbai,15-11-2023
C103561,Ravi Menon,28,Salaried-Private,26900,722,4.5,Pune,07-09-2024
C103562,Ravi Pandey,39,Student,14000,900,13.2,Ahmedabad,11-07-2023
C103563,Rohan Yadav,56,Salaried-Private,96000,702,30.4,Surat,27-10-2024
C103564,Alok Naidu,55,Salaried-Government,41000,760,22,Bengaluru,08-04-2025
C103565,Deepak Bhatia,32,Salaried-Government,57400,814,4.9,Hyderabad,18-08-2023
C103566,Pooja Sen,39,Student,13700,882,12.7,Indore,27-11-2023
C103567,Kavya Kumar,27,Salaried-Government,107000,715,4.6,Kolkata,30-09-2024
C103568,Saanvi Verma,54,Business Owner,84000,792,16.2,Ahmedabad,31-10-2024
C103569,Pratibha Bansal,31,Freelancer,40300,622,4.5,Mumbai,15-07-2023
C103570,Nitin Bhatia,56,Self-Employed,55300,690,10.7,Mumbai,12-03-2024
C103571,Dinesh Naidu,58,Student,23100,647,24.9,Bhopal,18-04-2024
C103572,Meera Patel,51,Freelancer,60300,538,15.3,Surat,19-01-2025
C103573,Riya Iyer,35,Salaried-Government,46600,558,4.1,Pune,07-10-2024
C103574,Aditya Dutta,62,Retired,61300,723,24.3,Pune,11-05-2023
C103575,Suresh Saxena,51,Self-Employed,84500,728,26.8,Ahmedabad,12-05-2023
C103576,Atharv Saxena,49,Salaried-Private,83200,609,6.6,Bhopal,24-03-2025
C103577,Abhishek Nair,58,Salaried-Private,63200,814,20.8,Indore,01-09-2024
C103578,Divya Saxena,59,Self-Employed,87000,604,32.5,Ahmedabad,16-02-2025
C103579,Pankaj Menon,24,Salaried-Private,51900,708,2.6,Pune,30-04-2023
C103580,Karan Singh,59,Self-Employed,116200,664,16.7,Ahmedabad,20-04-2024
C103581,Lalit Awasthi,54,Salaried-Government,76300,700,10.6,Kolkata,06-03-2023
C103582,Abhishek Sharma,30,Self-Employed,69800,762,4.5,Chennai,05-03-2024
C103583,Aisha Pandey,34,Salaried-Private,51000,748,5.5,Chennai,11-11-2023
C103584,Simran Gupta,54,Freelancer,48900,743,17.7,Ahmedabad,12-10-2023
C103585,Vikram Menon,30,Salaried-Government,69300,736,5.6,Bhopal,16-07-2023
C103586,Rahul Pillai,40,Salaried-Private,79000,590,14,Chennai,27-04-2023
C103587,Ajay Reddy,51,Salaried-Government,57400,779,19.3,Ahmedabad,15-05-2023
C103588,Kavya Shah,49,Salaried-Government,74500,606,23.1,Hyderabad,25-04-2024
C103589,Karan Sharma,61,Self-Employed,86400,684,28.6,Kolkata,21-08-2023
C103590,Sunita Tiwari,25,Self-Employed,76200,663,2.3,Delhi,29-09-2023
C103591,Nikhil Gupta,33,Salaried-Private,25700,711,3.4,Kolkata,16-11-2024
C103592,Rajesh Verma,64,Student,22700,644,32.8,Lucknow,02-01-2024
C103593,Divya Tiwari,46,Salaried-Government,40500,673,17.5,Lucknow,13-02-2025
C103594,Shreya Chaurasia,31,Salaried-Private,59700,818,4.4,Surat,19-07-2024
C103595,Alok Roy,33,Freelancer,34400,581,4.3,Jaipur,23-04-2025
C103596,Pooja Bansal,35,Business Owner,77700,691,9.2,Surat,23-09-2024
C103597,Pankaj Bansal,45,Self-Employed,46900,597,6.2,Ahmedabad,06-05-2025
C103598,Dinesh Tripathi,33,Salaried-Government,56400,742,9,Nagpur,16-10-2024
C103599,Shweta Krishnan,48,Salaried-Government,46600,628,9.7,Surat,19-07-2024
C103600,Siddharth Sen,40,Self-Employed,91800,696,11.7,Chennai,06-12-2023
C103601,Pratibha Desai,47,Salaried-Private,75000,585,10.7,Surat,16-09-2024
C103602,Pranav Mehta,27,Salaried-Private,60400,792,3.2,Chennai,01-01-2024
C103603,Dinesh Sharma,48,Retired,40200,691,20.5,Lucknow,02-10-2023
C103604,Nitin Tiwari,61,Business Owner,38800,696,16,Pune,26-01-2023
C103605,Varun Iyer,26,Salaried-Government,52400,754,1.1,Kolkata,16-03-2025
C103606,Atharv Saxena,35,Salaried-Private,45400,586,3.6,Jaipur,25-09-2023
C103607,Lalit Dubey,51,Business Owner,107900,646,7.6,Nagpur,10-11-2023
C103608,Saanvi Sen,48,Salaried-Private,78200,705,14.1,Jaipur,12-12-2024
C103609,Simran Krishnan,50,Salaried-Private,73100,550,7.5,Jaipur,23-10-2024
C103610,Pankaj Naidu,45,Salaried-Private,89900,561,11.7,Indore,25-08-2024
C103611,Divya Chatterjee,51,Business Owner,81800,626,20.7,Chandigarh,07-12-2024
C103612,Rohan Nair,47,Self-Employed,61800,597,21.2,Mumbai,27-05-2025
C103613,Mohit Krishnan,24,Salaried-Private,77000,664,1.1,Ahmedabad,30-05-2025
C103614,Neha Roy,54,Salaried-Private,71500,732,26.9,Lucknow,01-03-2024
C103615,Karan Iyer,40,Self-Employed,67700,750,16.8,Pune,29-01-2023
C103616,Geeta Verma,23,Self-Employed,111100,841,1.3,Hyderabad,21-04-2023
C103617,Jyoti Khanna,38,Business Owner,113300,695,12.2,Kolkata,15-08-2023
C103618,Aarav Rao,40,Salaried-Private,58800,701,10.2,Bengaluru,28-04-2024
C103619,Rahul Jain,24,Business Owner,67200,688,0.8,Jaipur,29-02-2024
C103620,Riya Sharma,64,Student,29400,710,37.5,Lucknow,03-07-2024
C103621,Rekha Gupta,30,Self-Employed,74600,723,7.8,Chennai,18-12-2024
C103622,Pooja Bansal,35,Salaried-Private,61100,762,6,Surat,06-10-2024
C103623,Abhishek Roy,40,Business Owner,117200,771,6.4,Chandigarh,14-10-2024
C103624,Harsh Bhatia,57,Salaried-Private,87000,734,8.9,Chennai,02-02-2025
C103625,Komal Dubey,53,Salaried-Private,78800,812,17.6,Ahmedabad,09-03-2023
C103626,Akash Mukherjee,54,Salaried-Private,85900,695,28,Jaipur,18-12-2023
C103627,Gaurav Khanna,31,Student,13600,633,2.3,Surat,10-02-2025
C103628,Ankita Pillai,58,Salaried-Government,87500,657,23.2,Surat,24-04-2023
C103629,Nidhi Kapoor,57,Student,20500,674,28.3,Chennai,07-01-2024
C103630,Vijay Ghosh,41,Self-Employed,117400,610,9.3,Delhi,08-12-2024
C103631,Vijay Sharma,45,Self-Employed,46000,637,15.1,Kolkata,08-02-2025
C103632,Kabir Sharma,22,Salaried-Private,61600,598,0.5,Chennai,10-01-2025
C103633,Rajesh Mukherjee,54,Self-Employed,47100,714,8.1,Pune,06-03-2025
C103634,Suresh Verma,63,Salaried-Private,69800,718,23.2,Chandigarh,21-02-2023
C103635,Pallavi Shukla,41,Salaried-Government,55900,546,5.2,Ahmedabad,06-04-2025
C103636,Nitin Bansal,44,Salaried-Private,66900,637,15.6,Indore,18-03-2024
C103637,Pallavi Rao,42,Salaried-Government,76400,837,8.8,Lucknow,08-12-2024
C103638,Raj Bose,24,Self-Employed,44200,737,2.3,Bengaluru,31-08-2023
C103639,Pankaj Dutta,48,Salaried-Private,65200,726,16.5,Bengaluru,09-11-2024
C103640,Nikhil Pandey,52,Salaried-Private,95300,641,26.5,Surat,05-05-2023
C103641,Suresh Mehta,61,Retired,33300,707,28.7,Hyderabad,04-04-2024
C103642,Akash Chaurasia,61,Salaried-Private,53900,686,28.3,Nagpur,02-02-2023
C103643,Pankaj Gupta,42,Salaried-Private,80600,628,8.7,Pune,15-05-2024
C103644,Ramesh Dutta,63,Salaried-Private,73400,651,21.4,Mumbai,11-06-2025
C103645,Kabir Sharma,44,Salaried-Government,73000,653,16.6,Chennai,09-04-2024
C103646,Rahul Bhatia,49,Business Owner,131900,580,19.8,Bhopal,06-02-2023
C103647,Pranav Naidu,47,Salaried-Private,49500,581,17.8,Bengaluru,09-04-2024
C103648,Sunita Bhatia,64,Salaried-Government,66300,673,8.8,Ahmedabad,02-07-2023
C103649,Sanya Pillai,53,Self-Employed,63400,621,6.8,Bhopal,09-07-2023
C103650,Shaurya Verma,26,Salaried-Private,50000,663,1.2,Indore,07-06-2024
C103651,Nitin Mehta,24,Student,13500,553,0.7,Bengaluru,23-10-2023
C103652,Anjali Pillai,39,Retired,19800,747,13.3,Chandigarh,12-12-2023
C103653,Rajesh Dutta,43,Salaried-Private,39900,852,12.8,Surat,09-06-2023
C103654,Pooja Menon,50,Salaried-Private,39300,768,16,Bengaluru,26-07-2024
C103655,Ruchi Khanna,42,Salaried-Private,91400,784,5.5,Ahmedabad,07-10-2024
C103656,Dinesh Chaurasia,43,Salaried-Private,51500,737,16.3,Delhi,14-03-2025
C103657,Isha Garg,61,Salaried-Government,69300,711,10.6,Bengaluru,14-01-2024
C103658,Amit Garg,35,Self-Employed,32800,691,5,Indore,23-01-2023
C103659,Aisha Singh,42,Salaried-Government,63100,616,16.2,Chennai,07-08-2023
C103660,Kavya Bose,45,Salaried-Private,81900,747,16.4,Pune,05-06-2025
C103661,Rekha Singh,41,Salaried-Private,68100,740,5.3,Delhi,20-12-2024
C103662,Sachin Shah,63,Retired,48500,650,10.6,Pune,25-04-2024
C103663,Riya Gupta,63,Student,20400,725,20.4,Delhi,16-03-2025
C103664,Saanvi Chauhan,43,Salaried-Private,57200,633,13.7,Chandigarh,16-08-2023
C103665,Sachin Kapoor,40,Business Owner,100300,644,7.1,Pune,05-01-2023
C103666,Sneha Verma,46,Salaried-Government,48700,749,15.2,Nagpur,12-08-2024
C103667,Meera Mittal,28,Business Owner,111800,731,3.2,Chandigarh,01-03-2025
C103668,Simran Bhatia,39,Self-Employed,94400,675,11,Bhopal,29-04-2023
C103669,Pooja Patel,30,Student,10300,653,6.4,Pune,25-01-2023
C103670,Swati Gupta,27,Salaried-Private,71900,704,4.7,Nagpur,26-10-2024
C103671,Sachin Dubey,25,Salaried-Private,54400,541,1.3,Jaipur,30-09-2024
C103672,Pallavi Naidu,46,Retired,56800,627,6.5,Bengaluru,06-02-2023
C103673,Arjun Rao,21,Salaried-Private,95700,593,0,Delhi,28-02-2025
C103674,Ankita Patel,49,Salaried-Private,44300,687,8.8,Indore,30-05-2025
C103675,Gaurav Kumar,40,Business Owner,120200,785,8.1,Indore,01-08-2023
C103676,Ruchi Joshi,37,Freelancer,71300,728,3.5,Surat,29-01-2025
C103677,Karan Jain,54,Business Owner,70100,649,25.8,Chennai,29-04-2025
C103678,Sachin Tripathi,44,Freelancer,44000,630,18.3,Lucknow,07-02-2024
C103679,Jyoti Nair,53,Business Owner,82000,631,22.4,Bengaluru,10-10-2024
C103680,Vishal Saxena,52,Salaried-Private,64700,849,13.9,Bhopal,02-03-2024
C103681,Raj Shah,22,Self-Employed,57800,694,0.7,Pune,04-06-2025
C103682,Isha Naidu,30,Freelancer,44400,702,5.4,Pune,24-03-2023
C103683,Atharv Naidu,46,Student,20800,514,16.6,Nagpur,29-06-2023
C103684,Karan Malhotra,63,Salaried-Private,33900,590,11,Bhopal,01-08-2023
C103685,Sanya Ghosh,27,Salaried-Private,37900,682,4.9,Surat,26-04-2023
C103686,Karan Bhatia,25,Freelancer,56300,648,1.8,Delhi,06-03-2023
C103687,Ankita Desai,62,Salaried-Private,82500,703,15.9,Delhi,18-08-2024
C103688,Ruchi Shah,63,Salaried-Private,50600,697,19.9,Kolkata,20-06-2024
C103689,Alok Sharma,28,Freelancer,55800,736,2.6,Bengaluru,08-04-2024
C103690,Ritika Bansal,38,Self-Employed,104600,546,15.2,Hyderabad,30-10-2024
C103691,Pallavi Shah,48,Salaried-Private,64800,601,17.6,Chandigarh,03-01-2025
C103692,Deepak Joshi,29,Salaried-Private,38000,677,6.6,Chennai,31-08-2023
C103693,Ajay Gupta,35,Salaried-Private,78100,639,12.1,Bhopal,22-01-2024
C103694,Rajesh Kapoor,38,Freelancer,78400,666,10.3,Lucknow,09-08-2024
C103695,Ananya Ghosh,49,Salaried-Government,52200,696,21.3,Delhi,02-01-2023
C103696,Sanjay Pillai,34,Salaried-Private,61000,629,10.8,Mumbai,02-04-2024
C103697,Rajesh Agarwal,39,Salaried-Government,91700,709,5.5,Chennai,12-03-2024
C103698,Raj Sharma,33,Salaried-Private,62100,732,4.7,Mumbai,04-09-2023
C103699,Divya Khanna,54,Salaried-Private,33300,690,15.9,Mumbai,22-08-2024
C103700,Aditya Shukla,27,Salaried-Private,66300,747,3.8,Kolkata,25-10-2023
C103701,Alok Mishra,31,Self-Employed,46500,513,7.4,Delhi,09-10-2023
C103702,Gaurav Malhotra,31,Salaried-Private,33600,638,4.4,Nagpur,14-10-2024
C103703,Lalit Mehta,60,Salaried-Private,36000,756,30.8,Bengaluru,27-03-2024
C103704,Aditya Shukla,62,Salaried-Government,103100,626,27,Indore,28-06-2023
C103705,Nitin Tripathi,43,Salaried-Government,50900,607,10.1,Ahmedabad,27-06-2024
C103706,Shreya Rao,27,Salaried-Private,64100,679,4.1,Jaipur,22-10-2023
C103707,Rekha Chaurasia,54,Salaried-Private,79800,690,26.3,Mumbai,08-10-2024
C103708,Ramesh Reddy,42,Salaried-Private,66600,647,9.1,Chandigarh,09-03-2024
C103709,Pranav Kumar,58,Salaried-Government,81800,839,17.4,Lucknow,01-08-2023
C103710,Riya Krishnan,36,Business Owner,106200,718,10.3,Kolkata,16-03-2023
C103711,Kabir Desai,64,Salaried-Private,75000,619,21.5,Ahmedabad,30-08-2023
C103712,Divya Saxena,56,Freelancer,45800,571,11.4,Kolkata,15-08-2024
C103713,Vishal Pillai,30,Business Owner,64400,722,7.2,Ahmedabad,10-09-2024
C103714,Aisha Patel,52,Salaried-Private,65300,615,10.6,Bhopal,14-01-2025
C103715,Seema Naidu,33,Salaried-Private,57300,860,4.5,Nagpur,15-11-2023
C103716,Naina Shah,36,Salaried-Private,69600,724,12.1,Ahmedabad,05-04-2025
C103717,Vishal Gupta,32,Salaried-Private,81400,737,7.1,Chennai,06-11-2024
C103718,Komal Chauhan,51,Self-Employed,86300,712,15.1,Chandigarh,25-10-2023
C103719,Ankita Kumar,32,Salaried-Private,43200,776,5.1,Mumbai,29-08-2023
C103720,Ravi Kapoor,49,Freelancer,20300,491,9.2,Jaipur,29-05-2024
C103721,Simran Srivastava,46,Salaried-Government,53600,591,6.2,Ahmedabad,10-11-2024
C103722,Priya Krishnan,54,Business Owner,58200,771,27.6,Jaipur,28-02-2024
C103723,Tushar Mukherjee,64,Freelancer,49500,807,9.9,Kolkata,22-05-2023
C103724,Ritika Roy,21,Self-Employed,71800,591,0,Chandigarh,21-11-2024
C103725,Pranav Mishra,64,Student,25700,538,31.2,Kolkata,12-02-2024
C103726,Komal Pillai,25,Retired,56900,701,3.3,Hyderabad,27-01-2023
C103727,Hemant Chatterjee,44,Salaried-Government,80300,730,16,Ahmedabad,22-06-2023
C103728,Meera Dubey,35,Salaried-Private,98800,706,5.2,Chandigarh,03-06-2024
C103729,Sunita Garg,49,Salaried-Government,87400,688,10.9,Pune,09-04-2024
C103730,Dinesh Mukherjee,52,Salaried-Private,89100,545,27.1,Ahmedabad,30-05-2023
C103731,Sanya Roy,58,Self-Employed,72200,660,25.5,Jaipur,22-09-2024
C103732,Sunita Agarwal,38,Salaried-Government,43700,668,13.3,Kolkata,26-07-2024
C103733,Aisha Reddy,62,Salaried-Government,67000,646,21,Indore,19-04-2024
C103734,Meera Krishnan,35,Freelancer,49400,533,10.4,Nagpur,09-03-2023
C103735,Karan Tripathi,29,Salaried-Private,45600,733,7.1,Pune,25-05-2023
C103736,Tushar Roy,37,Self-Employed,48400,756,7.2,Surat,13-06-2023
C103737,Ajay Chauhan,44,Salaried-Private,72500,627,9.8,Jaipur,09-04-2025
C103738,Komal Reddy,50,Freelancer,39500,671,6.7,Lucknow,22-07-2023
C103739,Saanvi Awasthi,57,Self-Employed,43600,646,25.8,Bhopal,05-01-2023
C103740,Ishaan Bansal,30,Salaried-Private,36200,646,3.3,Bhopal,14-09-2023
C103741,Ananya Das,34,Business Owner,85700,732,4.9,Pune,19-10-2024
C103742,Aisha Menon,62,Salaried-Private,51600,729,26.3,Nagpur,10-07-2023
C103743,Sachin Kapoor,40,Business Owner,88300,779,13.6,Bengaluru,12-10-2024
C103744,Deepak Pillai,31,Self-Employed,84400,776,4.9,Lucknow,26-01-2023
C103745,Lalit Mittal,64,Salaried-Government,90300,679,37,Ahmedabad,17-03-2025
C103746,Rahul Dubey,40,Business Owner,74500,900,6,Ahmedabad,07-05-2024
C103747,Ajay Das,64,Student,21500,807,24.5,Kolkata,14-02-2025
C103748,Vishal Menon,61,Freelancer,50800,634,25.3,Lucknow,09-10-2024
C103749,Divya Tripathi,60,Self-Employed,97300,704,24.7,Indore,16-05-2023
C103750,Komal Sharma,46,Business Owner,126500,540,16.5,Chennai,20-08-2024
C103751,Pallavi Bose,56,Salaried-Government,82300,694,22.5,Bhopal,01-05-2025
C103752,Varun Mehta,63,Freelancer,80000,825,31.7,Bhopal,05-03-2024
C103753,Manish Das,32,Freelancer,76100,900,8.5,Chandigarh,16-05-2023
C103754,Lalit Desai,22,Salaried-Private,45700,677,0.9,Lucknow,11-05-2024
C103755,Mayank Bose,35,Salaried-Private,90300,720,12,Pune,22-05-2024
C103756,Pranav Iyer,49,Salaried-Private,61000,737,15.8,Hyderabad,04-12-2024
C103757,Aditya Patel,45,Salaried-Private,85000,851,16.7,Chennai,21-05-2023
C103758,Rahul Awasthi,24,Salaried-Government,77300,612,1.4,Pune,13-08-2024
C103759,Rahul Shukla,45,Salaried-Private,25100,896,15.7,Ahmedabad,08-12-2023
C103760,Ravi Verma,28,Self-Employed,45600,661,1.4,Hyderabad,05-08-2023
C103761,Priya Sharma,43,Salaried-Private,39400,592,10.1,Chennai,14-12-2024
C103762,Harsh Ghosh,46,Salaried-Private,29400,659,21,Hyderabad,09-05-2024
C103763,Lalit Sen,49,Business Owner,127300,634,18.8,Nagpur,22-04-2025
C103764,Rekha Roy,39,Salaried-Government,113200,730,3.8,Kolkata,31-07-2023
C103765,Dinesh Pillai,38,Salaried-Government,61600,557,9.6,Delhi,16-10-2023
C103766,Ananya Reddy,50,Freelancer,69300,701,13.2,Kolkata,04-04-2025
C103767,Nikhil Saxena,53,Retired,63600,742,24.5,Kolkata,28-01-2024
C103768,Vikram Krishnan,56,Self-Employed,85000,811,9.8,Ahmedabad,20-12-2023
C103769,Manish Agarwal,35,Salaried-Private,60100,743,8.7,Pune,23-12-2024
C103770,Hemant Srivastava,39,Salaried-Private,57300,802,12.6,Jaipur,08-04-2023
C103771,Sachin Awasthi,35,Retired,45100,638,8.6,Chandigarh,20-06-2024
C103772,Vivaan Reddy,44,Business Owner,125200,730,9,Chandigarh,13-11-2023
C103773,Aisha Pillai,26,Freelancer,53400,509,3.8,Jaipur,18-03-2025
C103774,Pari Srivastava,39,Business Owner,108900,687,13.6,Lucknow,26-04-2023
C103775,Pankaj Bose,29,Salaried-Private,57200,719,3.6,Mumbai,23-10-2023
C103776,Ritika Patel,44,Salaried-Government,34700,723,8.9,Mumbai,20-06-2023
C103777,Priya Awasthi,58,Freelancer,73200,565,24.6,Lucknow,18-06-2023
C103778,Arjun Ghosh,64,Student,21600,652,19.7,Ahmedabad,16-08-2023
C103779,Gaurav Ghosh,40,Salaried-Private,75000,671,8.4,Kolkata,08-05-2024
C103780,Pratibha Garg,23,Self-Employed,84900,658,1,Bhopal,20-03-2024
C103781,Gaurav Sharma,31,Salaried-Private,36200,743,5.2,Surat,25-02-2024
C103782,Pranav Tiwari,25,Retired,27300,666,3.1,Jaipur,01-03-2025
C103783,Pankaj Shukla,54,Salaried-Private,110600,704,28.6,Delhi,03-03-2025
C103784,Vijay Malhotra,64,Business Owner,102700,656,30.1,Nagpur,09-07-2023
C103785,Gaurav Mukherjee,45,Salaried-Private,40200,771,6.3,Kolkata,22-03-2023
C103786,Seema Malhotra,28,Self-Employed,88000,784,3.1,Pune,31-08-2024
C103787,Mohit Bansal,21,Business Owner,63300,664,0,Kolkata,10-02-2023
C103788,Gaurav Mishra,63,Salaried-Private,33400,900,27.9,Nagpur,28-06-2024
C103789,Meera Bose,34,Freelancer,57500,627,8,Bengaluru,06-06-2023
C103790,Komal Roy,25,Student,8000,761,3.6,Delhi,03-06-2023
C103791,Rekha Bansal,28,Student,12000,605,3.6,Surat,27-08-2024
C103792,Mayank Yadav,32,Salaried-Private,43100,748,3,Bhopal,25-11-2024
C103793,Aarav Yadav,49,Business Owner,121800,753,17.3,Indore,20-10-2023
C103794,Nidhi Krishnan,60,Self-Employed,86000,611,17.8,Bhopal,19-11-2023
C103795,Usha Bose,33,Self-Employed,8700,670,3.9,Mumbai,29-03-2023
C103796,Neha Bose,51,Salaried-Government,80900,841,13.8,Jaipur,16-03-2025
C103797,Divya Desai,23,Self-Employed,59800,623,0.7,Hyderabad,08-03-2025
C103798,Vivaan Das,21,Salaried-Private,83300,724,0,Bengaluru,23-05-2023
C103799,Nidhi Bhatia,23,Salaried-Government,70000,717,1.1,Chennai,17-11-2024
C103800,Abhishek Tiwari,61,Salaried-Private,86100,689,30.7,Nagpur,08-04-2025
C103801,Dev Bansal,46,Salaried-Private,50800,549,20.5,Jaipur,06-03-2025
C103802,Divya Pandey,56,Salaried-Private,53200,754,13.4,Hyderabad,18-01-2024
C103803,Nidhi Kumar,21,Salaried-Private,54500,689,0,Chandigarh,11-04-2023
C103804,Aditya Shah,21,Freelancer,38200,774,0,Nagpur,12-04-2024
C103805,Pari Sharma,58,Self-Employed,112900,715,33,Surat,11-10-2023
C103806,Ankita Chauhan,25,Salaried-Private,53500,693,3.2,Ahmedabad,10-11-2023
C103807,Tarun Sen,27,Freelancer,26800,713,3.3,Ahmedabad,16-07-2024
C103808,Manoj Menon,43,Student,14600,603,17.8,Chennai,31-05-2024
C103809,Vikram Garg,47,Student,21500,807,18.1,Nagpur,13-03-2023
C103810,Ananya Mishra,31,Freelancer,45300,656,2.8,Chennai,16-07-2024
C103811,Rahul Iyer,40,Retired,38000,656,4.9,Pune,11-06-2025
C103812,Vivaan Awasthi,50,Self-Employed,103000,798,24.8,Delhi,25-06-2023
C103813,Atharv Agarwal,40,Retired,29600,704,16.1,Chandigarh,12-06-2025
C103814,Karan Sen,37,Student,8000,662,8.3,Ahmedabad,05-04-2023
C103815,Shreya Srivastava,24,Salaried-Private,39100,718,2,Bhopal,11-04-2024
C103816,Hemant Bose,40,Student,16600,732,7.9,Bengaluru,27-03-2023
C103817,Diya Iyer,56,Freelancer,54000,678,24.2,Delhi,13-06-2025
C103818,Harsh Dubey,48,Freelancer,29800,758,13.8,Ahmedabad,12-12-2024
C103819,Arjun Verma,60,Student,26900,582,17.3,Mumbai,23-04-2025
C103820,Tara Ghosh,26,Salaried-Government,66100,710,2.5,Lucknow,06-02-2023
C103821,Riya Srivastava,21,Salaried-Government,69100,754,0,Nagpur,02-07-2024
C103822,Suresh Mukherjee,45,Self-Employed,85700,742,20.6,Nagpur,14-01-2025
C103823,Arjun Verma,28,Business Owner,49200,508,5.7,Pune,18-03-2023
C103824,Deepak Shah,47,Student,19600,672,8.7,Hyderabad,18-04-2025
C103825,Ankita Garg,60,Student,26600,586,15.4,Lucknow,24-04-2023
C103826,Kavya Chaurasia,35,Business Owner,130100,802,5.7,Bengaluru,10-04-2023
C103827,Isha Singh,45,Retired,51300,656,5,Mumbai,25-09-2023
C103828,Diya Dubey,50,Salaried-Private,76900,785,16.6,Kolkata,06-04-2025
C103829,Deepak Menon,27,Retired,14600,584,3.2,Chandigarh,11-01-2025
C103830,Pari Patel,60,Salaried-Private,70300,721,11.2,Bhopal,24-01-2024
C103831,Rahul Patel,29,Self-Employed,46200,687,7.1,Pune,30-04-2024
C103832,Manish Singh,56,Salaried-Private,94600,900,25.7,Delhi,04-02-2023
C103833,Varun Khanna,50,Self-Employed,104700,789,9.5,Jaipur,17-01-2025
C103834,Suresh Pandey,27,Salaried-Government,42000,775,4.2,Chandigarh,16-02-2023
C103835,Arjun Verma,52,Salaried-Private,66500,852,13.6,Mumbai,02-10-2024
C103836,Ritika Khanna,29,Self-Employed,75200,713,5.1,Ahmedabad,30-11-2023
C103837,Ananya Ghosh,47,Business Owner,127200,691,13.8,Delhi,03-01-2025
C103838,Seema Krishnan,63,Salaried-Private,38300,668,12.5,Kolkata,24-01-2023
C103839,Akash Mukherjee,62,Business Owner,33700,711,21.4,Bhopal,28-08-2023
C103840,Dinesh Menon,59,Salaried-Private,71000,469,33.2,Jaipur,09-08-2024
C103841,Ravi Bose,42,Salaried-Private,12800,682,15.2,Jaipur,22-09-2024
C103842,Karan Gupta,45,Salaried-Private,67800,708,15.3,Bengaluru,06-01-2023
C103843,Aisha Joshi,34,Self-Employed,85400,680,10.3,Chandigarh,11-03-2023
C103844,Abhishek Chatterjee,61,Freelancer,79800,569,31.2,Bhopal,24-11-2023
C103845,Sachin Shukla,41,Self-Employed,59100,676,16.4,Bengaluru,12-09-2024
C103846,Ajay Mishra,54,Freelancer,59800,566,9.1,Lucknow,22-07-2024
C103847,Divya Verma,36,Self-Employed,87600,835,4.4,Chennai,14-03-2024
C103848,Pranav Desai,53,Freelancer,38000,665,24.3,Nagpur,13-06-2024
C103849,Mohit Sen,30,Retired,47600,522,8.1,Bhopal,29-10-2023
C103850,Varun Gupta,53,Salaried-Government,79300,675,19,Chandigarh,29-05-2024
C103851,Divya Dubey,23,Salaried-Private,43700,758,1.7,Jaipur,18-09-2024
C103852,Atharv Yadav,25,Salaried-Private,59400,702,2.7,Pune,10-07-2023
C103853,Aarav Chauhan,36,Self-Employed,68700,617,3.9,Lucknow,07-01-2023
C103854,Komal Tiwari,42,Self-Employed,93100,639,17.8,Surat,16-09-2023
C103855,Rekha Pandey,52,Salaried-Private,60200,666,24.4,Hyderabad,25-11-2024
C103856,Reyansh Chatterjee,36,Student,14900,647,8.6,Jaipur,25-01-2025
C103857,Riya Awasthi,21,Retired,25500,583,0,Jaipur,27-04-2024
C103858,Aisha Gupta,35,Salaried-Private,41800,680,6.2,Indore,08-02-2025
C103859,Meera Shukla,40,Salaried-Private,66000,583,12,Chandigarh,23-01-2024
C103860,Deepak Krishnan,44,Salaried-Private,46300,762,11.3,Bhopal,14-10-2024
C103861,Nikhil Dubey,49,Salaried-Government,89300,779,15.9,Bengaluru,21-04-2024
C103862,Lalit Joshi,31,Student,14000,601,6.5,Surat,01-01-2023
C103863,Usha Mehta,47,Self-Employed,58000,631,6.2,Chennai,02-09-2023
C103864,Amit Rao,48,Salaried-Private,70100,656,7.2,Hyderabad,27-08-2024
C103865,Ishaan Mehta,55,Salaried-Government,57200,686,8.8,Mumbai,09-07-2024
C103866,Vishal Kumar,43,Salaried-Private,31700,705,13.6,Jaipur,25-10-2024
C103867,Diya Das,56,Salaried-Government,61400,726,17.1,Nagpur,25-07-2023
C103868,Divya Agarwal,30,Salaried-Government,63000,724,5,Surat,15-06-2023
C103869,Pankaj Saxena,52,Self-Employed,90900,817,17.1,Indore,14-04-2025
C103870,Atharv Khanna,23,Self-Employed,70400,695,0.5,Lucknow,27-11-2023
C103871,Dinesh Shah,25,Student,12600,577,3,Delhi,02-12-2024
C103872,Naina Chauhan,59,Salaried-Private,50600,558,26.2,Lucknow,20-02-2023
C103873,Diya Jain,41,Freelancer,46000,817,13.6,Bhopal,06-03-2025
C103874,Pallavi Patel,48,Salaried-Private,98700,735,6,Bhopal,16-02-2025
C103875,Siddharth Dubey,47,Salaried-Private,26800,700,17.1,Jaipur,05-10-2024
C103876,Dinesh Dubey,51,Student,18900,718,16.5,Kolkata,19-09-2023
C103877,Atharv Chaurasia,31,Business Owner,57700,701,7.3,Nagpur,14-03-2023
C103878,Kabir Awasthi,28,Salaried-Private,53900,722,1.9,Nagpur,08-07-2023
C103879,Karan Mukherjee,22,Salaried-Government,51300,657,0.7,Kolkata,14-04-2024
C103880,Ajay Mishra,59,Business Owner,122500,782,33.2,Chandigarh,07-05-2025
C103881,Ajay Joshi,30,Student,12600,639,7.2,Hyderabad,25-09-2024
C103882,Deepak Gupta,46,Self-Employed,44700,614,20.6,Surat,06-03-2024
C103883,Kavya Gupta,41,Salaried-Private,51200,552,5.1,Bhopal,09-07-2024
C103884,Shreya Srivastava,28,Salaried-Government,63300,670,4,Indore,26-10-2024
C103885,Arjun Rao,39,Salaried-Private,77000,792,6.7,Nagpur,08-09-2024
C103886,Deepak Chauhan,24,Salaried-Private,104900,659,1.7,Bengaluru,06-04-2023
C103887,Sunita Bose,28,Self-Employed,85700,582,4.9,Kolkata,27-04-2024
C103888,Lalit Singh,27,Freelancer,30200,707,4.3,Jaipur,20-03-2025
C103889,Priya Nair,57,Salaried-Private,67500,638,32.2,Ahmedabad,23-07-2024
C103890,Varun Chauhan,45,Freelancer,56500,812,20.9,Mumbai,07-12-2023
C103891,Pranav Malhotra,61,Business Owner,87400,779,14.9,Chandigarh,19-05-2024
C103892,Ritika Yadav,40,Freelancer,59100,587,16,Chandigarh,09-10-2024
C103893,Suresh Shah,29,Salaried-Private,12800,668,6.6,Delhi,12-03-2023
C103894,Neha Tripathi,47,Salaried-Government,83100,632,18.4,Pune,15-06-2023
C103895,Shweta Tripathi,61,Salaried-Private,61500,596,15.2,Bhopal,10-06-2024
C103896,Ramesh Khanna,44,Salaried-Private,62000,684,7.6,Chennai,24-03-2023
C103897,Riya Bose,21,Salaried-Private,84300,758,0,Bhopal,24-02-2024
C103898,Anjali Chauhan,34,Salaried-Private,35000,678,3,Mumbai,15-11-2024
C103899,Varun Garg,61,Salaried-Private,76500,650,15.9,Chennai,30-03-2024
C103900,Lalit Yadav,43,Salaried-Private,79700,515,5.5,Indore,25-12-2024
C103901,Ritika Singh,62,Student,25200,630,23.3,Mumbai,09-03-2023
C103902,Lalit Mittal,43,Freelancer,27000,728,13.9,Jaipur,20-02-2024
C103903,Swati Das,21,Salaried-Private,82000,584,0,Mumbai,24-03-2025
C103904,Kavya Das,59,Student,22800,786,30.8,Bengaluru,24-06-2024
C103905,Atharv Kapoor,54,Salaried-Private,57600,641,8.8,Nagpur,25-01-2025
C103906,Siddharth Kapoor,52,Salaried-Government,66100,705,14.8,Ahmedabad,28-12-2023
C103907,Tushar Rao,63,Freelancer,54700,656,23.1,Chandigarh,15-02-2023
C103908,Pooja Tripathi,29,Salaried-Government,37500,591,4.9,Indore,02-10-2023
C103909,Ritika Mehta,60,Salaried-Private,73900,726,16.5,Pune,20-03-2025
C103910,Saanvi Mittal,31,Salaried-Government,51400,639,7,Lucknow,18-07-2023
C103911,Seema Saxena,63,Self-Employed,98900,628,18.4,Indore,29-01-2025
C103912,Meera Menon,29,Self-Employed,81600,502,3,Ahmedabad,26-07-2024
C103913,Karan Roy,45,Salaried-Government,105900,800,12.4,Indore,30-11-2024
C103914,Shweta Malhotra,55,Salaried-Government,69400,690,9.5,Delhi,03-05-2025
C103915,Pranav Tripathi,24,Salaried-Private,40100,774,2.6,Indore,17-04-2025
C103916,Naina Jain,23,Self-Employed,31500,734,1.2,Pune,01-04-2024
C103917,Aditya Kapoor,58,Salaried-Private,113700,785,11.1,Kolkata,16-08-2024
C103918,Ajay Sharma,23,Student,11000,636,1.5,Hyderabad,11-04-2023
C103919,Kabir Pillai,48,Business Owner,76600,581,19,Bhopal,21-04-2023
C103920,Shweta Chauhan,62,Salaried-Government,114100,758,20.6,Chennai,12-04-2025
C103921,Sachin Mishra,48,Business Owner,142200,711,24,Mumbai,24-05-2023
C103922,Reyansh Kapoor,42,Salaried-Private,36400,648,11.6,Delhi,16-02-2023
C103923,Shaurya Malhotra,39,Salaried-Private,47100,746,6.3,Bengaluru,06-03-2023
C103924,Aditya Desai,49,Salaried-Government,68800,714,21.1,Surat,14-01-2023
C103925,Ankita Verma,46,Salaried-Government,47000,738,21.3,Surat,13-01-2024
C103926,Dinesh Pandey,43,Business Owner,93700,612,8.4,Bengaluru,17-03-2023
C103927,Deepak Reddy,27,Retired,43900,764,1.2,Delhi,28-05-2023
C103928,Isha Reddy,50,Salaried-Government,41900,685,18.2,Hyderabad,03-03-2025
C103929,Saanvi Dubey,53,Salaried-Government,79700,778,22.8,Mumbai,01-02-2023
C103930,Komal Joshi,52,Self-Employed,106400,773,11.9,Chennai,16-04-2023
C103931,Nikhil Pandey,24,Salaried-Private,64200,744,2.6,Delhi,10-04-2024
C103932,Ananya Jain,51,Salaried-Private,65500,680,9.5,Hyderabad,06-07-2023
C103933,Anjali Tiwari,53,Retired,37800,742,24.3,Ahmedabad,04-10-2023
C103934,Vishal Khanna,29,Freelancer,60500,777,6.5,Chennai,23-02-2024
C103935,Meera Srivastava,58,Retired,33700,733,11.8,Kolkata,28-06-2023
C103936,Ananya Patel,44,Salaried-Private,69100,706,12.7,Hyderabad,18-10-2024
C103937,Naina Desai,41,Salaried-Private,63500,746,4.4,Indore,22-09-2024
C103938,Vijay Ghosh,52,Salaried-Government,97700,652,20.1,Mumbai,16-01-2023
C103939,Abhishek Bhatia,43,Student,15300,803,12.8,Ahmedabad,30-05-2024
C103940,Ananya Srivastava,44,Salaried-Private,54200,553,17.1,Bengaluru,27-10-2023
C103941,Ravi Singh,34,Salaried-Private,35400,688,7.2,Kolkata,11-05-2024
C103942,Gaurav Desai,61,Salaried-Private,79700,659,17.9,Kolkata,12-08-2024
C103943,Alok Chauhan,63,Freelancer,54000,636,12.4,Bhopal,14-11-2023
C103944,Lalit Agarwal,26,Freelancer,32200,709,1.2,Lucknow,01-07-2024
C103945,Aarav Patel,53,Business Owner,76300,601,18.2,Bhopal,10-11-2024
C103946,Ruchi Khanna,22,Salaried-Private,66100,862,0.8,Ahmedabad,24-12-2024
C103947,Shreya Mehta,37,Business Owner,59100,580,11.8,Chennai,18-05-2023
C103948,Shaurya Mishra,63,Salaried-Government,55000,612,20,Surat,13-05-2024
C103949,Reyansh Gupta,28,Salaried-Private,75700,607,6.2,Lucknow,05-02-2024
C103950,Ankita Dubey,37,Salaried-Private,58100,704,5.3,Bengaluru,21-03-2025
C103951,Saanvi Mehta,30,Self-Employed,92500,775,8.1,Indore,15-12-2023
C103952,Nitin Mukherjee,53,Salaried-Private,60600,731,11.6,Kolkata,01-08-2023
C103953,Arjun Reddy,41,Retired,41000,803,6.4,Bhopal,17-12-2024
C103954,Mohit Krishnan,47,Salaried-Government,74300,624,20.8,Mumbai,20-12-2023
C103955,Mayank Krishnan,62,Salaried-Government,107400,748,21.7,Chennai,17-06-2023
C103956,Geeta Kumar,43,Business Owner,138600,676,18.1,Pune,28-04-2024
C103957,Dinesh Yadav,53,Business Owner,137700,718,23.2,Chandigarh,07-06-2025
C103958,Tarun Ghosh,25,Salaried-Private,44000,775,1.2,Hyderabad,26-09-2023
C103959,Swati Bhatia,30,Self-Employed,45900,551,2.6,Chandigarh,24-05-2023
C103960,Sachin Reddy,62,Salaried-Private,86600,852,21,Bhopal,29-02-2024
C103961,Rahul Gupta,58,Salaried-Government,105600,684,21.9,Hyderabad,01-02-2024
C103962,Ananya Garg,49,Business Owner,136400,571,13.9,Nagpur,27-09-2023
C103963,Ritika Kapoor,37,Self-Employed,72700,635,5.6,Lucknow,29-06-2024
C103964,Tarun Mukherjee,29,Salaried-Government,79700,700,2.8,Kolkata,19-01-2023
C103965,Geeta Saxena,58,Salaried-Private,84700,637,20.6,Delhi,16-01-2024
C103966,Rohan Iyer,55,Self-Employed,83200,528,7.1,Kolkata,01-05-2023
C103967,Siddharth Das,31,Salaried-Private,62800,697,5.1,Chennai,27-02-2025
C103968,Ravi Naidu,46,Student,18500,625,5.6,Ahmedabad,10-05-2024
C103969,Usha Saxena,48,Self-Employed,57900,740,21.9,Mumbai,02-08-2024
C103970,Alok Dutta,42,Student,14600,596,13.3,Chandigarh,24-06-2024
C103971,Shaurya Mishra,61,Salaried-Government,61100,870,12.5,Delhi,05-09-2024
C103972,Hemant Yadav,26,Freelancer,20400,724,3.7,Kolkata,05-09-2024
C103973,Aarav Saxena,32,Salaried-Private,62300,705,6,Delhi,04-03-2025
C103974,Dev Rao,25,Salaried-Private,55800,738,2.2,Chennai,05-07-2024
C103975,Varun Malhotra,51,Salaried-Private,82200,546,11.4,Nagpur,27-04-2023
C103976,Vivaan Mukherjee,49,Salaried-Private,91400,653,13.3,Bengaluru,01-12-2023
C103977,Pallavi Pandey,64,Student,29400,827,35,Bengaluru,07-02-2024
C103978,Ritika Dutta,44,Business Owner,142600,675,7,Indore,25-03-2025
C103979,Anjali Nair,27,Self-Employed,50200,682,3.8,Delhi,28-12-2023
C103980,Kabir Desai,40,Self-Employed,39200,648,6.7,Nagpur,19-02-2025
C103981,Simran Naidu,24,Self-Employed,89500,810,1.5,Chandigarh,06-11-2024
C103982,Akash Tiwari,50,Self-Employed,110800,677,16.6,Pune,19-12-2023
C103983,Aarav Awasthi,50,Freelancer,80500,591,8.3,Surat,28-01-2025
C103984,Riya Garg,58,Self-Employed,92400,900,9.4,Jaipur,02-03-2024
C103985,Mayank Das,35,Business Owner,29700,574,7.5,Surat,09-02-2024
C103986,Riya Tiwari,34,Salaried-Private,67500,682,6.3,Bengaluru,28-04-2023
C103987,Nidhi Mittal,24,Retired,40900,618,2.5,Indore,16-04-2023
C103988,Deepak Ghosh,39,Salaried-Private,87200,636,12.4,Ahmedabad,11-05-2024
C103989,Vishal Mukherjee,41,Salaried-Government,100000,610,16.6,Surat,16-11-2024
C103990,Riya Srivastava,54,Student,24200,640,28,Lucknow,02-02-2025
C103991,Alok Roy,54,Salaried-Private,56500,767,7,Lucknow,05-12-2024
C103992,Mohit Shukla,27,Salaried-Private,36800,533,4.9,Kolkata,10-02-2024
C103993,Pallavi Desai,33,Salaried-Government,77000,792,10.5,Ahmedabad,05-09-2023
C103994,Pankaj Tripathi,43,Salaried-Government,51900,774,11.4,Jaipur,02-01-2024
C103995,Reyansh Srivastava,35,Student,18300,723,9,Jaipur,04-06-2023
C103996,Karan Saxena,22,Freelancer,17100,692,0.4,Bhopal,15-04-2024
C103997,Rajesh Mukherjee,58,Salaried-Government,87800,715,10,Chandigarh,08-05-2023
C103998,Mayank Roy,53,Retired,49600,801,12.3,Surat,12-11-2024
C103999,Nikhil Naidu,43,Self-Employed,69800,550,5.6,Pune,01-04-2023
C104000,Alok Shukla,34,Student,10700,739,7,Kolkata,03-01-2024
C104001,Arjun Dutta,58,Salaried-Private,28600,624,24.3,Mumbai,19-09-2023
C104002,Aisha Yadav,22,Salaried-Government,49200,753,0.2,Chennai,15-07-2024
C104003,Siddharth Kapoor,40,Salaried-Private,52300,638,6.8,Ahmedabad,06-10-2024
C104004,Pratibha Agarwal,56,Salaried-Private,91200,750,8.8,Surat,18-12-2023
C104005,Ananya Joshi,62,Business Owner,79300,568,35.9,Pune,15-09-2023
C104006,Dinesh Roy,32,Salaried-Private,68500,554,8.4,Mumbai,07-04-2025
C104007,Aarav Bhatia,49,Self-Employed,46200,677,6.2,Bengaluru,23-01-2025
C104008,Amit Nair,29,Business Owner,106600,810,6.2,Bengaluru,29-01-2025
C104009,Harsh Khanna,26,Salaried-Private,12200,724,3.9,Lucknow,28-10-2023
C104010,Swati Mukherjee,36,Salaried-Government,112600,739,11.5,Indore,08-02-2023
C104011,Geeta Joshi,59,Business Owner,98700,763,31,Bhopal,26-09-2024
C104012,Nidhi Khanna,51,Student,11900,650,15.8,Kolkata,07-07-2023
C104013,Naina Tiwari,42,Salaried-Private,49000,736,7.7,Bengaluru,10-07-2023
C104014,Ajay Awasthi,33,Retired,27300,637,9.7,Indore,18-12-2024
C104015,Ruchi Gupta,27,Freelancer,35900,660,4.7,Kolkata,13-04-2023
C104016,Meera Tripathi,32,Business Owner,80700,676,4.3,Chandigarh,22-01-2025
C104017,Nitin Gupta,27,Salaried-Government,48300,643,3.6,Chennai,06-08-2023
C104018,Ravi Patel,29,Business Owner,65100,684,4.7,Chennai,25-10-2023
C104019,Vijay Saxena,51,Freelancer,37500,665,16.2,Jaipur,17-07-2024
C104020,Pallavi Naidu,26,Salaried-Private,73400,634,3.1,Lucknow,13-09-2024
C104021,Neha Shukla,23,Retired,48200,675,0.5,Delhi,20-08-2024
C104022,Ishaan Iyer,44,Student,16700,694,11.9,Ahmedabad,01-04-2024
C104023,Swati Mehta,33,Salaried-Government,64900,601,4.8,Nagpur,12-07-2024
C104024,Suresh Singh,41,Business Owner,60000,722,4,Surat,08-12-2023
C104025,Kabir Gupta,27,Self-Employed,70100,651,3.4,Mumbai,15-01-2024
C104026,Karan Tiwari,30,Freelancer,51300,703,4.1,Surat,21-04-2023
C104027,Sneha Joshi,40,Freelancer,48100,633,9.5,Bhopal,18-05-2024
C104028,Ramesh Garg,51,Salaried-Private,74900,775,8.3,Bhopal,08-11-2023
C104029,Rajesh Jain,39,Salaried-Private,68400,766,10,Bengaluru,27-04-2025
C104030,Pratibha Bansal,44,Salaried-Private,43100,602,8.9,Bengaluru,16-05-2025
C104031,Varun Garg,43,Student,20600,725,4.4,Chandigarh,09-03-2023
C104032,Amit Patel,32,Salaried-Government,60300,804,8.2,Indore,29-07-2024
C104033,Pranav Chaurasia,33,Student,18100,606,7.7,Chennai,16-03-2023
C104034,Riya Shah,39,Salaried-Government,76900,622,10.3,Bengaluru,19-11-2023
C104035,Rahul Shukla,22,Salaried-Private,94800,753,0.6,Chandigarh,20-03-2024
C104036,Sanya Srivastava,51,Student,23800,578,12.8,Chandigarh,17-09-2023
C104037,Lalit Malhotra,48,Self-Employed,82300,630,7.7,Indore,22-12-2024
C104038,Akash Shukla,34,Salaried-Government,49800,606,5.8,Lucknow,08-01-2023
C104039,Tara Chatterjee,37,Salaried-Private,47400,746,12,Nagpur,01-03-2025
C104040,Abhishek Verma,35,Salaried-Private,71300,635,8.8,Bhopal,01-06-2025
C104041,Gaurav Shukla,49,Salaried-Private,69100,667,21.1,Bhopal,19-10-2024
C104042,Tara Iyer,54,Salaried-Government,60700,629,27.4,Chandigarh,10-06-2025
C104043,Manish Chaurasia,25,Self-Employed,87600,785,1.5,Ahmedabad,18-07-2023
C104044,Simran Awasthi,39,Salaried-Private,63000,620,15.1,Delhi,10-07-2024
C104045,Nidhi Reddy,21,Salaried-Private,71800,578,0,Ahmedabad,13-11-2024
C104046,Vikram Shukla,40,Salaried-Private,43100,570,11.3,Hyderabad,08-11-2023
C104047,Gaurav Menon,31,Salaried-Government,86500,748,5.5,Nagpur,15-07-2023
C104048,Shaurya Tripathi,35,Retired,44600,747,7.4,Pune,13-12-2023
C104049,Akash Krishnan,41,Salaried-Government,94800,794,5,Indore,14-01-2023
C104050,Komal Mehta,35,Salaried-Private,80100,591,3.3,Pune,18-04-2024
C104051,Harsh Awasthi,38,Self-Employed,70800,672,7.3,Kolkata,18-05-2023
C104052,Atharv Saxena,54,Student,21000,877,11.3,Lucknow,11-10-2023
C104053,Pranav Yadav,56,Freelancer,86500,668,9.1,Pune,21-05-2025
C104054,Hemant Naidu,21,Freelancer,39400,640,0,Lucknow,04-03-2023
C104055,Nitin Jain,37,Student,16900,680,14.2,Delhi,04-10-2024
C104056,Aarav Yadav,58,Self-Employed,71600,733,12.9,Jaipur,09-08-2023
C104057,Meera Tripathi,44,Retired,19900,724,20.5,Pune,13-05-2023
C104058,Rajesh Joshi,30,Salaried-Private,34100,635,5.2,Bengaluru,09-05-2024
C104059,Sunita Agarwal,47,Freelancer,60900,642,8.7,Kolkata,07-10-2023
C104060,Tushar Srivastava,27,Student,12800,658,1.8,Delhi,06-09-2024
C104061,Amit Srivastava,21,Student,9500,623,0,Bhopal,05-03-2025
C104062,Shweta Verma,48,Salaried-Government,96500,595,12.3,Indore,08-10-2024
C104063,Tara Desai,43,Freelancer,59100,833,7.6,Chennai,04-10-2024
C104064,Vishal Mukherjee,54,Salaried-Private,52700,655,25.7,Pune,23-07-2024
C104065,Nidhi Desai,36,Self-Employed,86300,664,6.9,Chennai,08-08-2023
C104066,Diya Malhotra,58,Salaried-Government,79000,666,21,Bhopal,10-02-2024
C104067,Pranav Chaurasia,39,Self-Employed,59400,682,9.9,Mumbai,29-05-2025
C104068,Varun Das,53,Business Owner,115900,732,21.2,Bengaluru,21-04-2024
C104069,Ishaan Das,25,Salaried-Private,58200,651,3.6,Mumbai,07-06-2024
C104070,Sanjay Kapoor,25,Salaried-Private,44500,777,2,Surat,17-07-2024
C104071,Vishal Garg,55,Salaried-Private,65000,737,14.5,Bhopal,09-05-2024
C104072,Pallavi Chauhan,57,Business Owner,147600,686,31.7,Lucknow,13-04-2023
C104073,Manish Gupta,62,Business Owner,148600,648,36.8,Bengaluru,11-06-2024
C104074,Atharv Saxena,35,Business Owner,99600,781,10.5,Pune,24-05-2023
C104075,Sunita Iyer,21,Salaried-Private,56100,675,0,Nagpur,21-10-2024
C104076,Isha Pillai,64,Freelancer,38300,586,20.9,Bhopal,18-03-2025
C104077,Geeta Shukla,47,Business Owner,153400,784,15,Mumbai,26-08-2023
C104078,Karan Ghosh,31,Salaried-Private,79700,633,4.5,Bengaluru,22-09-2023
C104079,Vikram Mittal,54,Salaried-Private,83200,761,20.9,Bhopal,22-01-2023
C104080,Pari Dutta,60,Salaried-Government,26100,482,30.3,Surat,17-10-2023
C104081,Manish Singh,33,Salaried-Government,66200,660,5.5,Delhi,08-08-2024
C104082,Sanjay Mishra,54,Salaried-Private,65700,782,19,Hyderabad,07-06-2023
C104083,Kabir Pandey,55,Salaried-Private,82300,692,25.2,Surat,02-03-2024
C104084,Atharv Verma,43,Salaried-Private,54800,736,7.6,Chandigarh,26-12-2024
C104085,Sunita Krishnan,48,Salaried-Private,61200,617,16.9,Chandigarh,31-12-2024
C104086,Vijay Mukherjee,32,Salaried-Private,71800,718,8.2,Delhi,31-01-2023
C104087,Arjun Mittal,61,Freelancer,47600,687,9.5,Hyderabad,14-04-2025
C104088,Tushar Roy,64,Self-Employed,69400,709,16.2,Jaipur,30-01-2025
C104089,Raj Srivastava,64,Salaried-Government,82000,855,9.4,Jaipur,03-07-2024
C104090,Sanya Ghosh,53,Business Owner,143600,805,6.5,Nagpur,24-12-2024
C104091,Priya Krishnan,22,Self-Employed,85800,756,0.5,Chandigarh,19-06-2024
C104092,Alok Malhotra,37,Salaried-Private,82900,756,11,Chennai,08-01-2024
C104093,Rahul Pillai,40,Salaried-Private,63900,616,8.9,Bengaluru,26-07-2024
C104094,Naina Pandey,63,Salaried-Private,101700,657,26.7,Mumbai,10-03-2025
C104095,Rajesh Mishra,45,Self-Employed,33800,562,8,Kolkata,12-03-2023
C104096,Pallavi Verma,44,Salaried-Government,114200,595,18.1,Bengaluru,21-10-2024
C104097,Meera Bhatia,27,Salaried-Government,110200,625,2.7,Kolkata,23-11-2023
C104098,Ananya Yadav,55,Self-Employed,90600,691,23.6,Surat,04-02-2025
C104099,Aisha Malhotra,35,Retired,48600,589,4.1,Chandigarh,14-08-2024
C104100,Siddharth Dutta,25,Salaried-Private,55800,685,3.1,Kolkata,30-03-2023
C104101,Manish Bansal,64,Self-Employed,78200,679,24.2,Pune,19-04-2024
C104102,Manish Shukla,29,Salaried-Government,50300,596,7,Bhopal,22-01-2025
C104103,Reyansh Malhotra,21,Business Owner,86400,815,0,Surat,07-12-2024
C104104,Dev Khanna,24,Business Owner,107000,590,2.4,Surat,09-09-2024
C104105,Manish Tiwari,40,Business Owner,109000,785,9.3,Nagpur,17-04-2023
C104106,Pari Rao,25,Salaried-Private,96300,514,1.1,Nagpur,15-06-2025
C104107,Meera Verma,58,Salaried-Government,77500,680,25.2,Lucknow,27-07-2024
C104108,Sneha Bhatia,43,Freelancer,29000,588,7.2,Bengaluru,02-01-2025
C104109,Nidhi Naidu,35,Salaried-Government,102300,642,10.6,Mumbai,25-01-2025
C104110,Varun Malhotra,21,Retired,18300,827,0,Jaipur,10-06-2025
C104111,Akash Awasthi,42,Salaried-Government,56600,660,15.3,Bengaluru,20-08-2024
C104112,Vivaan Mehta,27,Salaried-Government,68900,601,3.2,Indore,09-05-2024
C104113,Isha Malhotra,64,Salaried-Government,86900,732,24.8,Pune,11-03-2023
C104114,Pooja Pandey,33,Salaried-Government,33500,656,8.6,Hyderabad,02-05-2023
C104115,Arjun Saxena,41,Freelancer,40100,698,13.3,Ahmedabad,19-08-2024
C104116,Mayank Joshi,21,Salaried-Private,25400,610,0,Lucknow,13-04-2025
C104117,Isha Nair,26,Self-Employed,82900,623,3.3,Chennai,04-02-2025
C104118,Pari Mittal,30,Self-Employed,98000,631,5.5,Delhi,05-02-2025
C104119,Ajay Tripathi,23,Student,8000,745,1.5,Ahmedabad,14-05-2023
C104120,Rajesh Pillai,52,Self-Employed,102300,677,12.7,Kolkata,08-02-2024
C104121,Amit Malhotra,62,Retired,60600,605,13.4,Nagpur,10-07-2024
C104122,Komal Iyer,64,Student,23500,696,30.7,Delhi,10-07-2024
C104123,Swati Chatterjee,32,Salaried-Private,19700,689,6.4,Bhopal,13-03-2024
C104124,Neha Verma,55,Student,18600,728,28.2,Chennai,25-04-2025
C104125,Nikhil Mishra,43,Retired,34700,646,19.3,Bengaluru,22-07-2023
C104126,Hemant Mishra,23,Salaried-Private,86600,686,1.6,Delhi,22-01-2025
C104127,Hemant Mittal,24,Self-Employed,64400,723,1.7,Ahmedabad,02-02-2024
C104128,Geeta Iyer,45,Salaried-Private,44500,605,17.5,Surat,01-08-2024
C104129,Aarav Tripathi,39,Self-Employed,76700,762,7.8,Lucknow,16-01-2024
C104130,Divya Pillai,21,Salaried-Private,29100,685,0,Chandigarh,20-11-2023
C104131,Amit Joshi,61,Business Owner,120500,609,29.9,Bengaluru,29-05-2024
C104132,Arjun Nair,53,Salaried-Government,51800,599,23.9,Surat,27-04-2024
C104133,Nikhil Kapoor,43,Self-Employed,54800,680,4.5,Mumbai,04-11-2024
C104134,Anjali Naidu,64,Salaried-Private,79700,647,34.6,Ahmedabad,07-03-2023
C104135,Usha Reddy,63,Business Owner,160800,764,34.3,Nagpur,29-03-2023
C104136,Priya Krishnan,63,Salaried-Government,125700,675,17.8,Surat,09-12-2023
C104137,Akash Chaurasia,32,Self-Employed,45400,711,2.3,Chandigarh,01-07-2023
C104138,Arjun Verma,59,Salaried-Private,58300,620,30.9,Mumbai,07-10-2024
C104139,Anjali Das,43,Salaried-Private,74100,689,5.5,Indore,31-07-2024
C104140,Vivaan Desai,52,Salaried-Government,98600,800,11.2,Pune,08-05-2023
C104141,Ramesh Mishra,58,Student,16600,670,21.5,Chandigarh,21-04-2023
C104142,Neha Das,28,Salaried-Private,59500,644,5.4,Pune,28-01-2025
C104143,Vijay Kumar,40,Business Owner,80000,622,14.2,Lucknow,14-08-2024
C104144,Sunita Menon,26,Salaried-Private,18500,681,3.4,Jaipur,15-03-2025
C104145,Raj Shukla,33,Business Owner,50000,800,9.4,Chandigarh,14-08-2024
C104146,Divya Yadav,39,Salaried-Private,50800,578,12.2,Nagpur,30-12-2023
C104147,Reyansh Naidu,58,Salaried-Government,76600,687,23.9,Kolkata,30-10-2023
C104148,Suresh Garg,58,Salaried-Government,97500,557,11.7,Mumbai,18-01-2025
C104149,Nikhil Mehta,38,Salaried-Private,68900,657,8.6,Hyderabad,08-06-2025
C104150,Ajay Rao,35,Salaried-Private,79600,712,7.2,Pune,27-01-2024
C104151,Deepak Khanna,44,Salaried-Government,70300,564,4.9,Delhi,02-03-2024
C104152,Geeta Verma,61,Self-Employed,65100,654,19.4,Kolkata,24-12-2023
C104153,Varun Dutta,63,Retired,47600,710,15.1,Jaipur,15-05-2025
C104154,Saanvi Chaurasia,30,Salaried-Government,79400,702,2.4,Kolkata,19-04-2023
C104155,Pari Agarwal,29,Student,14500,709,4.7,Hyderabad,10-06-2023
C104156,Vijay Chaurasia,52,Salaried-Government,69600,612,11.3,Pune,09-01-2025
C104157,Ajay Chaurasia,34,Salaried-Private,41600,709,4.3,Bhopal,21-04-2025
C104158,Rekha Malhotra,29,Salaried-Private,64900,641,6,Bengaluru,05-09-2023
C104159,Aditya Tripathi,22,Salaried-Government,71400,747,0.8,Jaipur,02-06-2024
C104160,Kavya Bose,38,Salaried-Private,86500,508,11.3,Chandigarh,14-09-2023
C104161,Ananya Sen,38,Student,13000,658,5.7,Nagpur,09-06-2025
C104162,Aditya Patel,45,Business Owner,76200,699,15.4,Kolkata,04-03-2023
C104163,Vijay Bose,29,Self-Employed,87300,801,5.6,Pune,22-06-2024
C104164,Pratibha Mishra,52,Salaried-Government,63900,696,11.3,Surat,16-06-2024
C104165,Tushar Das,50,Salaried-Government,62200,704,8.5,Ahmedabad,18-04-2025
C104166,Sachin Mishra,41,Self-Employed,104100,725,10.1,Chandigarh,23-05-2024
C104167,Atharv Bose,28,Salaried-Private,30400,784,3.5,Chennai,11-11-2023
C104168,Aditya Saxena,43,Salaried-Private,104900,665,6.8,Chennai,19-03-2024
C104169,Isha Khanna,50,Salaried-Private,54300,575,9.7,Chennai,23-07-2024
C104170,Deepak Kapoor,37,Salaried-Private,78700,564,8.8,Chandigarh,03-02-2025
C104171,Vivaan Shah,32,Business Owner,88900,746,6.3,Kolkata,29-01-2023
C104172,Pranav Mishra,43,Salaried-Private,69200,708,12.7,Chandigarh,07-10-2024
C104173,Pankaj Chaurasia,36,Salaried-Private,55700,667,13.3,Mumbai,08-06-2024
C104174,Pooja Ghosh,38,Student,17600,635,3.9,Chandigarh,28-06-2023
C104175,Deepak Bose,36,Retired,34800,699,11.3,Bhopal,04-12-2023
C104176,Tarun Dutta,34,Salaried-Government,53100,704,5.8,Delhi,14-05-2024
C104177,Jyoti Iyer,52,Salaried-Government,112800,735,22.5,Delhi,11-01-2025
C104178,Dinesh Kapoor,41,Freelancer,52500,599,14.3,Jaipur,27-01-2025
C104179,Arjun Agarwal,41,Salaried-Private,49500,546,12.7,Indore,23-03-2024
C104180,Sunita Verma,49,Salaried-Government,38900,612,18,Bhopal,20-09-2024
C104181,Sanjay Dutta,36,Salaried-Private,98300,586,10,Pune,15-04-2024
C104182,Kavya Desai,25,Salaried-Government,50000,575,2.9,Indore,06-09-2024
C104183,Varun Agarwal,58,Retired,72500,816,10.8,Ahmedabad,03-06-2025
C104184,Dinesh Nair,23,Freelancer,51200,506,0.9,Surat,20-03-2023
C104185,Pari Iyer,46,Retired,44700,724,19.7,Nagpur,12-03-2025
C104186,Anjali Naidu,32,Business Owner,97800,767,6.4,Bengaluru,12-06-2023
C104187,Manish Naidu,30,Self-Employed,122800,777,2.7,Chandigarh,18-04-2025
C104188,Usha Chauhan,22,Freelancer,9300,703,0.9,Ahmedabad,08-01-2024
C104189,Rajesh Mukherjee,60,Business Owner,110500,802,34.8,Chennai,02-06-2023
C104190,Sneha Das,39,Salaried-Government,61900,831,10.1,Ahmedabad,11-02-2023
C104191,Aarav Sharma,36,Salaried-Private,56700,664,8.6,Chennai,03-03-2025
C104192,Tara Reddy,53,Self-Employed,82400,728,12.9,Surat,15-10-2024
C104193,Atharv Mittal,22,Salaried-Private,50100,789,0.6,Bengaluru,21-01-2024
C104194,Sneha Jain,45,Salaried-Government,74200,622,21.1,Jaipur,18-04-2025
C104195,Usha Srivastava,42,Salaried-Private,62900,669,7.9,Surat,06-02-2025
C104196,Sanya Iyer,45,Self-Employed,44100,636,9.9,Bhopal,08-06-2023
C104197,Dev Garg,26,Salaried-Private,64600,726,4.1,Surat,02-04-2024
C104198,Ajay Srivastava,62,Salaried-Private,85700,541,19.2,Lucknow,01-08-2024
C104199,Abhishek Tiwari,31,Salaried-Government,52600,802,8.8,Indore,23-08-2024
C104200,Vijay Khanna,50,Salaried-Private,104000,738,12.9,Jaipur,29-03-2024
C104201,Tarun Agarwal,53,Retired,61800,736,6.5,Chennai,14-08-2023
C104202,Kabir Mehta,36,Salaried-Government,85100,503,13,Chandigarh,01-08-2023
C104203,Isha Saxena,26,Salaried-Government,80800,608,1.8,Delhi,25-06-2023
C104204,Sunita Mishra,34,Salaried-Private,60800,808,8.9,Pune,08-03-2024
C104205,Harsh Roy,56,Freelancer,76300,677,8.2,Hyderabad,16-05-2024
C104206,Raj Das,60,Self-Employed,119300,559,28.2,Bhopal,30-04-2025
C104207,Pallavi Krishnan,62,Salaried-Government,94700,711,14.5,Nagpur,09-05-2023
C104208,Ananya Patel,30,Salaried-Private,47200,741,6.8,Chennai,03-03-2024
C104209,Pari Garg,47,Business Owner,97100,737,22.8,Nagpur,16-07-2024
C104210,Vijay Tripathi,27,Student,12400,669,1.4,Nagpur,23-01-2024
C104211,Meera Bansal,52,Salaried-Government,91300,784,14.2,Pune,30-01-2023
C104212,Arjun Sharma,39,Salaried-Private,60700,632,12.6,Hyderabad,30-08-2024
C104213,Karan Ghosh,52,Salaried-Private,56100,731,27.8,Kolkata,29-06-2023
C104214,Harsh Mukherjee,51,Salaried-Private,98700,705,13.6,Bhopal,27-10-2024
C104215,Shweta Iyer,64,Business Owner,70900,679,38.5,Bhopal,05-09-2023
C104216,Pari Bansal,42,Retired,30100,654,17.4,Chandigarh,31-08-2024
C104217,Arjun Shukla,36,Retired,23100,655,10.6,Kolkata,01-06-2023
C104218,Deepak Yadav,44,Freelancer,38100,688,10.7,Ahmedabad,10-07-2024
C104219,Diya Iyer,28,Salaried-Private,82700,668,4,Nagpur,17-04-2023
C104220,Swati Chaurasia,25,Retired,50000,746,2.8,Jaipur,26-09-2023
C104221,Pankaj Bose,43,Salaried-Private,62300,646,15,Bhopal,18-11-2024
C104222,Deepak Naidu,57,Salaried-Private,79300,817,14.5,Bhopal,31-08-2023
C104223,Akash Pillai,44,Business Owner,96900,648,13.6,Chandigarh,12-01-2024
C104224,Rahul Chatterjee,55,Salaried-Private,44800,760,26.7,Indore,26-01-2024
C104225,Atharv Khanna,28,Freelancer,82300,769,3.7,Surat,18-08-2023
C104226,Vishal Sen,40,Retired,57100,701,11.3,Ahmedabad,04-06-2024
C104227,Varun Iyer,47,Freelancer,60100,695,11.2,Hyderabad,02-10-2023
C104228,Pranav Mishra,36,Freelancer,36300,627,4.7,Mumbai,19-04-2024
C104229,Deepak Pillai,21,Salaried-Government,55600,646,0,Bengaluru,15-12-2024
C104230,Nikhil Mishra,24,Salaried-Private,42400,703,1.5,Nagpur,07-11-2024
C104231,Varun Menon,61,Freelancer,61600,685,25.7,Bhopal,23-07-2023
C104232,Swati Roy,47,Self-Employed,83800,787,19,Kolkata,10-09-2024
C104233,Seema Ghosh,32,Student,11600,645,2.8,Hyderabad,16-11-2024
C104234,Mayank Tiwari,32,Salaried-Private,30300,653,4.7,Delhi,19-05-2024
C104235,Vishal Ghosh,22,Salaried-Private,98000,561,0.8,Hyderabad,18-10-2024
C104236,Alok Patel,62,Salaried-Government,82100,743,11.4,Hyderabad,13-01-2024
C104237,Rajesh Naidu,25,Business Owner,104200,739,3.6,Bhopal,02-03-2023
C104238,Pooja Dubey,54,Freelancer,50400,765,21.2,Lucknow,02-06-2024
C104239,Mayank Reddy,31,Retired,18300,765,8.6,Mumbai,26-03-2025
C104240,Meera Desai,35,Salaried-Private,58900,751,10,Mumbai,09-03-2024
C104241,Manoj Shah,33,Salaried-Government,58200,755,10.5,Lucknow,22-05-2024
C104242,Kabir Mukherjee,57,Salaried-Private,83600,741,24,Bengaluru,29-08-2024
C104243,Kabir Mukherjee,22,Salaried-Private,73500,752,0.4,Surat,24-01-2025
C104244,Vikram Das,36,Salaried-Government,83300,545,11.4,Ahmedabad,18-03-2024
C104245,Aditya Awasthi,33,Self-Employed,94500,606,4.3,Mumbai,14-10-2023
C104246,Ishaan Bhatia,33,Salaried-Government,105000,594,7.1,Surat,21-07-2024
C104247,Ravi Shah,29,Salaried-Government,72300,792,3.7,Bengaluru,12-09-2024
C104248,Shweta Mukherjee,61,Self-Employed,108400,633,30.4,Hyderabad,26-08-2024
C104249,Akash Menon,37,Freelancer,58300,638,11.7,Chennai,26-06-2024
C104250,Nikhil Dutta,39,Salaried-Private,24200,684,14.5,Nagpur,18-06-2025
C104251,Saanvi Roy,37,Salaried-Private,58300,589,6,Hyderabad,01-09-2023
C104252,Riya Ghosh,64,Business Owner,77400,722,38.6,Hyderabad,12-10-2023
C104253,Arjun Garg,35,Freelancer,53300,517,10.7,Bengaluru,05-02-2025
C104254,Akash Bhatia,36,Freelancer,37300,591,7.1,Indore,13-06-2023
C104255,Aditya Tripathi,35,Salaried-Private,72700,706,4.1,Bhopal,02-01-2025
C104256,Harsh Kapoor,35,Self-Employed,95100,594,6.2,Nagpur,12-08-2023
C104257,Akash Iyer,24,Student,13100,785,0.8,Indore,26-08-2024
C104258,Harsh Mukherjee,47,Salaried-Government,106500,699,16.4,Kolkata,07-02-2025
C104259,Priya Patel,22,Salaried-Government,24000,774,0.3,Bengaluru,20-02-2025
C104260,Mohit Bose,30,Retired,22200,711,4.5,Ahmedabad,27-06-2024
C104261,Jyoti Sharma,29,Salaried-Private,116800,696,5.3,Jaipur,17-07-2023
C104262,Rohan Chaurasia,33,Business Owner,125100,619,6.2,Chandigarh,01-11-2023
C104263,Priya Pillai,54,Student,22100,757,27,Ahmedabad,01-10-2024
C104264,Divya Mehta,47,Salaried-Private,66000,725,9.6,Mumbai,28-07-2024
C104265,Varun Bose,64,Business Owner,103400,862,24.4,Pune,17-09-2023
C104266,Raj Sen,36,Salaried-Government,24000,749,12.6,Jaipur,29-05-2024
C104267,Mohit Chauhan,61,Student,21900,651,17.9,Nagpur,25-04-2025
C104268,Amit Verma,22,Student,8300,704,0.5,Surat,22-02-2023
C104269,Alok Nair,43,Student,14900,716,18.8,Mumbai,23-05-2024
C104270,Priya Naidu,56,Salaried-Private,57300,781,19.2,Kolkata,12-05-2024
C104271,Vijay Mehta,44,Freelancer,94100,799,18.5,Nagpur,03-02-2025
C104272,Priya Pillai,62,Student,23900,670,35.2,Pune,20-08-2023
C104273,Dinesh Nair,34,Self-Employed,77900,594,4.9,Chennai,11-06-2023
C104274,Shreya Desai,22,Self-Employed,72200,542,0.8,Mumbai,03-02-2024
C104275,Pallavi Dutta,55,Salaried-Private,80400,600,22.4,Jaipur,14-10-2023
C104276,Vikram Shah,23,Student,8000,633,1.8,Chennai,10-03-2025
C104277,Ritika Chatterjee,54,Salaried-Private,93100,814,20.1,Indore,17-11-2024
C104278,Pari Khanna,53,Salaried-Private,76700,813,24.2,Hyderabad,20-12-2023
C104279,Ishaan Malhotra,58,Student,19200,759,16.4,Surat,19-11-2023
C104280,Dinesh Mehta,42,Student,16300,780,13.1,Surat,12-01-2023
C104281,Ankita Das,60,Retired,46500,630,29.1,Chandigarh,22-03-2023
C104282,Geeta Desai,28,Salaried-Government,58500,567,6.1,Pune,15-05-2024
C104283,Pooja Chauhan,40,Salaried-Private,72800,610,7.1,Delhi,14-08-2024
C104284,Siddharth Verma,26,Salaried-Government,76500,528,1.3,Bengaluru,16-12-2024
C104285,Aarav Rao,54,Salaried-Private,78500,602,29.2,Jaipur,10-04-2023
C104286,Vijay Chaurasia,52,Student,21700,642,19.3,Chennai,25-05-2023
C104287,Vishal Krishnan,56,Self-Employed,82100,705,7.4,Chennai,15-05-2024
C104288,Pankaj Mishra,54,Salaried-Government,26400,694,18.6,Delhi,21-03-2023
C104289,Sunita Jain,34,Salaried-Private,75800,636,11.1,Ahmedabad,22-01-2025
C104290,Saanvi Menon,23,Salaried-Government,72000,736,1.8,Jaipur,03-02-2024
C104291,Pratibha Khanna,61,Student,21300,629,17.1,Hyderabad,09-06-2024
C104292,Pankaj Gupta,42,Business Owner,105400,696,15.7,Chandigarh,03-12-2024
C104293,Pranav Gupta,25,Salaried-Private,69600,601,2.1,Surat,26-03-2024
C104294,Rekha Iyer,61,Salaried-Private,94400,781,19.1,Pune,08-03-2023
C104295,Sneha Roy,64,Salaried-Government,88900,695,31.4,Jaipur,25-07-2023
C104296,Vikram Das,40,Salaried-Private,69000,744,7.4,Chandigarh,09-11-2023
C104297,Geeta Srivastava,54,Student,24300,586,16.4,Delhi,27-05-2023
C104298,Kavya Khanna,22,Business Owner,78600,705,0.4,Chennai,09-04-2024
C104299,Riya Reddy,25,Salaried-Private,64800,735,1.2,Lucknow,17-01-2023
C104300,Dev Reddy,33,Freelancer,38900,522,5.6,Lucknow,11-05-2023
C104301,Rohan Bansal,49,Salaried-Government,96100,787,24.4,Chennai,21-12-2024
C104302,Ruchi Sharma,26,Salaried-Private,24800,583,2.5,Surat,24-04-2023
C104303,Ananya Sen,22,Self-Employed,86000,709,0.7,Jaipur,28-01-2023
C104304,Swati Singh,50,Salaried-Private,67000,833,11.6,Jaipur,07-02-2024
C104305,Diya Awasthi,54,Salaried-Government,94900,770,26.6,Indore,11-02-2025
C104306,Riya Sen,53,Freelancer,44300,567,20.4,Hyderabad,08-08-2023
C104307,Meera Kumar,56,Student,22500,669,30.3,Pune,24-12-2023
C104308,Sanjay Patel,56,Salaried-Private,70200,789,15,Ahmedabad,16-11-2024
C104309,Pankaj Ghosh,47,Self-Employed,86800,627,15,Surat,30-03-2025
C104310,Pratibha Menon,43,Salaried-Private,42800,657,7.3,Lucknow,27-09-2023
C104311,Lalit Naidu,58,Self-Employed,96100,663,10.9,Bhopal,21-05-2023
C104312,Vivaan Pandey,36,Salaried-Private,24100,729,9.1,Bengaluru,10-08-2023
C104313,Vivaan Jain,25,Self-Employed,51600,564,3,Surat,30-12-2024
C104314,Isha Menon,54,Salaried-Private,36900,735,11.2,Bengaluru,30-10-2023
C104315,Ravi Pillai,33,Student,15500,632,8.3,Nagpur,18-02-2025
C104316,Dinesh Chaurasia,64,Student,26700,683,28.8,Mumbai,20-03-2024
C104317,Pooja Bose,39,Salaried-Private,71300,672,9.7,Delhi,12-01-2024
C104318,Sneha Mukherjee,58,Freelancer,82400,740,27.3,Indore,14-10-2024
C104319,Vikram Desai,22,Salaried-Private,49100,685,0.6,Pune,03-06-2025
C104320,Priya Chaurasia,50,Business Owner,119100,813,25,Pune,05-11-2024
C104321,Manish Dutta,40,Salaried-Private,63900,768,14,Lucknow,10-07-2023
C104322,Ravi Roy,41,Salaried-Private,61300,625,16.4,Bengaluru,20-10-2023
C104323,Meera Joshi,32,Business Owner,134200,809,5,Kolkata,11-04-2023
C104324,Ishaan Jain,63,Salaried-Government,123100,724,32.2,Chennai,15-06-2024
C104325,Mohit Jain,38,Self-Employed,62400,702,15.2,Hyderabad,24-05-2025
C104326,Siddharth Rao,58,Self-Employed,100800,762,11.6,Bengaluru,11-10-2023
C104327,Reyansh Naidu,39,Salaried-Private,68600,606,10,Pune,19-08-2023
C104328,Hemant Reddy,23,Salaried-Private,62400,579,1.6,Kolkata,15-04-2025
C104329,Manoj Menon,59,Self-Employed,87100,695,18.2,Lucknow,26-01-2023
C104330,Simran Joshi,29,Self-Employed,61200,640,4.4,Bengaluru,10-07-2023
C104331,Meera Naidu,32,Salaried-Private,8000,847,8,Chandigarh,20-12-2023
C104332,Isha Bansal,58,Salaried-Government,109100,635,28.8,Bengaluru,24-04-2025
C104333,Alok Menon,60,Self-Employed,64900,692,13.2,Surat,11-06-2025
C104334,Ravi Saxena,61,Business Owner,96300,709,19,Pune,15-03-2025
C104335,Ananya Patel,39,Freelancer,47700,785,8.6,Indore,26-01-2025
C104336,Pankaj Srivastava,54,Salaried-Government,56500,608,10.1,Lucknow,27-01-2023
C104337,Vikram Pillai,35,Self-Employed,77400,562,3.7,Kolkata,28-03-2023
C104338,Rekha Srivastava,53,Self-Employed,77700,803,23.1,Mumbai,14-03-2025
C104339,Pranav Chauhan,43,Salaried-Private,49500,693,17.5,Bhopal,20-11-2023
C104340,Pankaj Gupta,23,Salaried-Private,58800,753,1.7,Nagpur,26-05-2023
C104341,Shaurya Reddy,39,Salaried-Private,61500,757,15.6,Delhi,27-04-2024
C104342,Nikhil Nair,41,Freelancer,66800,772,17.9,Jaipur,08-04-2025
C104343,Deepak Ghosh,32,Salaried-Private,32600,654,2.8,Nagpur,17-12-2024
C104344,Riya Rao,37,Self-Employed,53100,636,7.6,Surat,12-01-2024
C104345,Shweta Nair,43,Self-Employed,92200,534,5.7,Indore,23-06-2023
C104346,Vijay Saxena,23,Salaried-Government,47200,607,1.3,Bhopal,20-11-2024
C104347,Ananya Shukla,27,Freelancer,31900,689,5.3,Indore,23-03-2023
C104348,Ajay Tiwari,54,Business Owner,82300,636,7.4,Chennai,13-04-2023
C104349,Pallavi Roy,36,Salaried-Private,59000,597,8.5,Indore,22-10-2024
C104350,Rajesh Agarwal,47,Freelancer,52800,691,14.9,Bengaluru,16-06-2023
C104351,Harsh Pillai,45,Self-Employed,70600,798,7.5,Bhopal,20-01-2023
C104352,Ravi Rao,45,Salaried-Private,44000,682,18.8,Jaipur,10-06-2025
C104353,Aarav Pandey,39,Business Owner,119900,607,8.6,Delhi,08-04-2024
C104354,Dev Agarwal,42,Business Owner,138800,802,10.4,Lucknow,06-12-2024
C104355,Vishal Verma,57,Salaried-Private,31200,622,31.4,Indore,27-09-2024
C104356,Shweta Pandey,63,Retired,31200,803,15.7,Indore,11-01-2025
C104357,Ajay Shukla,32,Self-Employed,94500,673,5.2,Bengaluru,23-08-2024
C104358,Kabir Sharma,50,Self-Employed,115300,705,21.4,Bhopal,01-10-2024
C104359,Tara Dutta,63,Salaried-Private,29200,809,22.5,Indore,04-04-2024
C104360,Pranav Jain,21,Salaried-Private,71300,582,0,Nagpur,25-05-2023
C104361,Dinesh Joshi,55,Salaried-Government,110100,612,18.2,Jaipur,04-12-2024
C104362,Sanjay Rao,42,Self-Employed,53700,661,8.4,Indore,11-03-2024
C104363,Alok Kapoor,63,Self-Employed,120700,686,13.2,Chennai,15-06-2024
C104364,Jyoti Shah,46,Freelancer,51200,899,19.9,Kolkata,01-10-2023
C104365,Aarav Verma,57,Salaried-Private,75700,620,14.1,Chennai,11-01-2025
C104366,Akash Krishnan,28,Business Owner,67800,585,6.3,Pune,10-11-2024
C104367,Manish Singh,27,Freelancer,62400,614,1.2,Chennai,06-06-2024
C104368,Ananya Jain,61,Freelancer,73400,709,32.7,Surat,13-06-2023
C104369,Abhishek Roy,44,Freelancer,80800,731,19.9,Lucknow,25-01-2024
C104370,Abhishek Ghosh,45,Student,22200,626,5.8,Bhopal,21-08-2023
C104371,Tarun Sen,28,Salaried-Private,57600,690,4.5,Chandigarh,21-06-2024
C104372,Pari Patel,30,Business Owner,191100,864,6.7,Delhi,03-03-2023
C104373,Atharv Reddy,57,Retired,63600,692,22.7,Ahmedabad,18-01-2024
C104374,Sneha Chauhan,34,Self-Employed,84200,718,10.6,Surat,01-06-2025
C104375,Akash Nair,46,Salaried-Private,45100,837,7.3,Ahmedabad,08-07-2023
C104376,Divya Agarwal,34,Retired,19800,627,11.2,Bengaluru,20-03-2024
C104377,Amit Patel,32,Salaried-Private,30500,623,6.4,Hyderabad,29-02-2024
C104378,Lalit Ghosh,28,Salaried-Private,39100,648,3.1,Jaipur,18-02-2025
C104379,Vishal Dubey,61,Salaried-Private,98500,652,22.7,Pune,03-05-2025
C104380,Shaurya Patel,62,Salaried-Government,87600,547,17.9,Lucknow,21-01-2025
C104381,Anjali Jain,26,Salaried-Government,49000,698,2.6,Surat,13-06-2024
C104382,Lalit Shah,36,Salaried-Government,63500,706,4.6,Hyderabad,14-01-2024
C104383,Naina Chauhan,45,Student,17100,667,19,Surat,17-10-2024
C104384,Gaurav Verma,37,Salaried-Government,84500,712,7.6,Jaipur,15-02-2023
C104385,Isha Nair,52,Self-Employed,57300,709,16.3,Delhi,14-08-2024
C104386,Raj Dutta,32,Student,13700,576,9.2,Bhopal,09-10-2023
C104387,Kabir Desai,23,Freelancer,49600,710,1.7,Lucknow,20-02-2024
C104388,Aarav Ghosh,35,Salaried-Private,43600,731,10.5,Indore,07-08-2024
C104389,Ritika Bhatia,47,Salaried-Private,97200,566,5.7,Nagpur,02-01-2024
C104390,Arjun Jain,28,Self-Employed,61700,806,5.8,Chennai,24-09-2023
C104391,Hemant Bose,56,Freelancer,42100,587,11.6,Bhopal,28-06-2023
C104392,Jyoti Jain,21,Self-Employed,86500,601,0,Nagpur,29-12-2023
C104393,Pankaj Mishra,23,Salaried-Private,56900,704,1.7,Mumbai,14-01-2023
C104394,Sanjay Rao,43,Business Owner,109900,739,5.9,Surat,14-02-2025
C104395,Rohan Verma,43,Business Owner,58900,751,6.4,Bhopal,15-02-2025
C104396,Rahul Nair,33,Self-Employed,90300,738,7.2,Delhi,03-09-2024
C104397,Seema Jain,32,Student,19200,641,5.8,Mumbai,07-09-2023
C104398,Seema Ghosh,24,Freelancer,25000,692,1.4,Chennai,20-11-2024
C104399,Ananya Bose,50,Business Owner,110900,671,22.2,Bengaluru,16-06-2024
C104400,Tara Dubey,37,Business Owner,69300,704,13.2,Bengaluru,27-08-2023
C104401,Rajesh Garg,26,Business Owner,176100,711,4.5,Hyderabad,21-02-2024
C104402,Ankita Chaurasia,38,Self-Employed,102600,654,4.9,Hyderabad,14-03-2023
C104403,Nikhil Tiwari,62,Salaried-Government,83100,664,27.6,Kolkata,09-04-2023
C104404,Seema Kumar,32,Business Owner,53100,539,8.9,Indore,06-12-2023
C104405,Manoj Garg,60,Self-Employed,57900,755,14.4,Bhopal,01-02-2023
C104406,Seema Bose,32,Salaried-Government,81300,715,5.9,Delhi,21-02-2025
C104407,Diya Nair,29,Salaried-Private,31000,500,1.6,Bhopal,27-04-2025
C104408,Amit Gupta,32,Business Owner,49800,750,3.2,Chandigarh,24-10-2023
C104409,Mohit Krishnan,35,Self-Employed,71800,686,4,Pune,22-11-2023
C104410,Pankaj Ghosh,26,Salaried-Private,59700,614,3.5,Ahmedabad,23-11-2024
C104411,Mohit Rao,46,Salaried-Government,78900,609,15.9,Kolkata,10-10-2023
C104412,Mohit Joshi,35,Salaried-Private,51800,632,3.2,Indore,08-12-2024
C104413,Ankita Joshi,52,Retired,56400,613,19.1,Bengaluru,18-03-2023
C104414,Tushar Mittal,42,Student,14100,618,5.2,Kolkata,24-04-2024
C104415,Manoj Agarwal,40,Self-Employed,88600,829,6.5,Nagpur,03-01-2023
C104416,Aarav Kumar,41,Salaried-Government,73200,720,16.6,Lucknow,15-10-2024
C104417,Pooja Desai,27,Business Owner,109600,859,3.1,Chennai,13-10-2024
C104418,Tarun Tripathi,52,Self-Employed,106800,714,23.2,Bhopal,19-02-2024
C104419,Usha Shah,25,Retired,29100,730,1.7,Hyderabad,08-03-2025
C104420,Arjun Pillai,52,Salaried-Private,54200,617,8.6,Hyderabad,21-08-2024
C104421,Vikram Kapoor,64,Salaried-Private,38400,672,35.3,Nagpur,18-08-2023
C104422,Gaurav Mittal,54,Self-Employed,30700,678,10.4,Chandigarh,15-06-2024
C104423,Meera Iyer,41,Salaried-Private,59500,738,8.9,Hyderabad,07-02-2024
C104424,Isha Malhotra,34,Self-Employed,68600,686,9,Chandigarh,20-09-2024
C104425,Pankaj Malhotra,59,Freelancer,41800,714,23.3,Bengaluru,12-07-2024
C104426,Ramesh Shah,32,Salaried-Private,42000,711,9.3,Chennai,02-12-2024
C104427,Pallavi Chatterjee,42,Salaried-Government,102400,671,18.7,Nagpur,31-05-2023
C104428,Ishaan Iyer,54,Business Owner,129200,666,10,Pune,21-01-2023
C104429,Rekha Gupta,61,Freelancer,39800,632,14.3,Delhi,30-11-2023
C104430,Pankaj Bansal,61,Salaried-Government,66800,776,25.9,Nagpur,07-03-2023
C104431,Pallavi Yadav,24,Salaried-Private,64300,665,0.9,Mumbai,16-03-2024
C104432,Diya Garg,60,Self-Employed,66600,716,22.6,Nagpur,19-11-2023
C104433,Saanvi Patel,26,Salaried-Government,44700,674,2.3,Ahmedabad,03-08-2024
C104434,Tushar Rao,46,Freelancer,48600,772,20.5,Chennai,01-09-2024
C104435,Dinesh Iyer,61,Self-Employed,108200,537,33.7,Chennai,02-06-2025
C104436,Ajay Iyer,49,Salaried-Private,89800,717,10.7,Delhi,11-01-2023
C104437,Pratibha Bansal,62,Freelancer,48600,586,10.9,Indore,23-03-2024
C104438,Nidhi Chatterjee,36,Self-Employed,83100,723,13.4,Nagpur,19-12-2024
C104439,Priya Sen,34,Salaried-Private,60100,677,4,Chandigarh,20-08-2023
C104440,Aisha Mittal,35,Self-Employed,47400,568,4.5,Hyderabad,16-02-2025
C104441,Kavya Kapoor,36,Student,13400,709,5.6,Jaipur,11-08-2024
C104442,Gaurav Saxena,51,Business Owner,59500,706,13.2,Lucknow,20-03-2024
C104443,Nikhil Rao,40,Salaried-Private,85900,674,5.8,Mumbai,14-04-2023
C104444,Abhishek Khanna,53,Business Owner,150500,694,13.6,Surat,26-05-2024
C104445,Pooja Ghosh,39,Salaried-Private,54000,701,3.9,Hyderabad,06-01-2023
C104446,Tushar Dubey,34,Self-Employed,55600,782,9.9,Chandigarh,08-10-2023
C104447,Vishal Verma,29,Self-Employed,94500,669,3.1,Indore,05-12-2023
C104448,Seema Mukherjee,45,Salaried-Private,88900,774,18.5,Pune,18-03-2023
C104449,Nidhi Naidu,60,Salaried-Private,48300,684,25.5,Hyderabad,04-03-2023
C104450,Pratibha Kapoor,58,Student,22600,787,19.8,Ahmedabad,10-03-2025
C104451,Anjali Gupta,32,Salaried-Private,58200,669,9.7,Mumbai,05-03-2024
C104452,Lalit Srivastava,42,Freelancer,40100,632,9.9,Hyderabad,24-03-2023
C104453,Amit Ghosh,52,Business Owner,112800,609,10.1,Hyderabad,22-10-2023
C104454,Tara Garg,47,Self-Employed,59600,686,15.7,Mumbai,19-06-2024
C104455,Rajesh Chauhan,23,Salaried-Private,45000,623,0.6,Chandigarh,15-03-2025
C104456,Kavya Pillai,47,Salaried-Private,63400,801,10.2,Ahmedabad,06-02-2024
C104457,Pratibha Sharma,22,Salaried-Private,25600,614,0.8,Bhopal,10-06-2023
C104458,Ruchi Malhotra,26,Self-Employed,18600,627,4.1,Chennai,10-03-2024
C104459,Shweta Chaurasia,49,Retired,55200,734,14.7,Chennai,16-09-2024
C104460,Alok Ghosh,25,Student,8000,776,2.1,Ahmedabad,26-04-2023
C104461,Diya Chaurasia,35,Salaried-Private,103300,753,8.4,Hyderabad,22-07-2024
C104462,Jyoti Garg,46,Salaried-Private,104400,780,6.5,Chandigarh,07-11-2023
C104463,Rekha Kumar,49,Salaried-Private,56100,681,10.6,Bhopal,14-06-2025
C104464,Gaurav Awasthi,40,Retired,68700,685,11.5,Lucknow,30-01-2024
C104465,Saanvi Desai,25,Salaried-Private,75400,852,1.7,Bengaluru,27-05-2024
C104466,Anjali Pillai,56,Salaried-Private,56100,823,12.2,Chandigarh,28-09-2024
C104467,Mayank Yadav,62,Self-Employed,20400,740,26.8,Pune,27-12-2024
C104468,Pari Ghosh,60,Self-Employed,98100,783,23.3,Nagpur,19-02-2023
C104469,Aisha Sharma,53,Salaried-Private,68400,758,13.7,Pune,13-11-2023
C104470,Pankaj Saxena,38,Business Owner,108600,599,14.6,Surat,11-01-2023
C104471,Gaurav Mukherjee,59,Salaried-Private,65600,686,28.3,Pune,06-03-2023
C104472,Saanvi Joshi,42,Salaried-Private,40500,805,13,Indore,04-03-2024
C104473,Dinesh Mehta,27,Salaried-Private,48900,744,2.1,Delhi,31-12-2023
C104474,Lalit Gupta,58,Salaried-Government,90800,688,24.2,Nagpur,11-10-2024
C104475,Divya Bose,35,Retired,34300,805,9.5,Bhopal,28-08-2024
C104476,Ishaan Shah,62,Self-Employed,73700,720,24.9,Mumbai,10-04-2025
C104477,Usha Nair,37,Freelancer,26100,744,10.3,Hyderabad,17-08-2023
C104478,Ravi Agarwal,59,Salaried-Private,72000,720,11.9,Chennai,07-05-2024
C104479,Shweta Menon,44,Business Owner,61600,732,10,Pune,05-05-2023
C104480,Kabir Mukherjee,41,Retired,52000,736,16.5,Jaipur,19-01-2024
C104481,Dinesh Chauhan,34,Salaried-Government,49500,791,3.8,Surat,05-04-2023
C104482,Nitin Chauhan,57,Retired,43900,800,22.1,Bengaluru,03-04-2025
C104483,Dinesh Shukla,23,Self-Employed,118700,661,1.7,Bhopal,21-04-2024
C104484,Pallavi Tripathi,41,Business Owner,86200,721,4.2,Mumbai,07-03-2023
C104485,Alok Kapoor,37,Salaried-Private,52600,789,14,Jaipur,29-10-2023
C104486,Swati Tiwari,44,Self-Employed,89300,682,18.8,Chandigarh,24-11-2024
C104487,Arjun Nair,32,Self-Employed,27600,579,7.7,Pune,18-11-2024
C104488,Mayank Joshi,50,Retired,59600,616,20.2,Ahmedabad,03-11-2024
C104489,Dinesh Das,37,Student,17600,615,12.9,Mumbai,28-07-2024
C104490,Ritika Shukla,29,Salaried-Government,75200,654,2.6,Bengaluru,05-06-2025
C104491,Rekha Chaurasia,29,Student,8000,621,5.5,Kolkata,24-04-2025
C104492,Suresh Reddy,51,Student,19500,765,13.2,Delhi,28-12-2023
C104493,Aisha Rao,32,Self-Employed,39900,663,8.9,Jaipur,01-06-2025
C104494,Rahul Pandey,34,Salaried-Private,82700,793,7.5,Indore,08-09-2024
C104495,Abhishek Joshi,48,Salaried-Private,86900,602,19.9,Pune,01-01-2023
C104496,Sanjay Singh,35,Salaried-Private,68400,661,4.4,Lucknow,02-11-2024
C104497,Sachin Desai,38,Salaried-Private,37700,693,6.3,Surat,31-07-2023
C104498,Lalit Chaurasia,31,Retired,54900,753,7.9,Chandigarh,12-02-2025
C104499,Jyoti Yadav,36,Salaried-Private,55800,779,7.1,Chandigarh,06-08-2023
C104500,Akash Chaurasia,51,Business Owner,157800,660,17.1,Lucknow,07-03-2024
C104501,Ajay Rao,44,Self-Employed,81600,771,16.3,Mumbai,02-03-2025
C104502,Akash Bose,64,Self-Employed,95400,559,13.7,Bhopal,07-12-2024
C104503,Nitin Chaurasia,54,Salaried-Private,59000,758,13.6,Bhopal,30-04-2023
C104504,Sanjay Awasthi,21,Self-Employed,99800,587,0,Pune,28-05-2025
C104505,Dinesh Pillai,37,Self-Employed,87000,728,13.5,Jaipur,11-01-2024
C104506,Gaurav Nair,33,Self-Employed,105400,786,3.6,Bhopal,22-04-2024
C104507,Nikhil Krishnan,46,Salaried-Private,68600,761,11.5,Chennai,17-02-2023
C104508,Harsh Yadav,32,Business Owner,90900,562,9.6,Bengaluru,26-01-2023
C104509,Vishal Garg,63,Salaried-Private,83700,656,32.9,Lucknow,06-03-2024
C104510,Ruchi Dutta,34,Self-Employed,105800,753,8.7,Chennai,17-11-2023
C104511,Mohit Patel,43,Salaried-Government,91700,748,12.9,Lucknow,04-02-2023
C104512,Nikhil Malhotra,26,Salaried-Private,59800,711,3.9,Ahmedabad,20-03-2023
C104513,Usha Dubey,61,Freelancer,30300,508,34.5,Chandigarh,14-10-2024
C104514,Divya Iyer,61,Salaried-Private,87200,788,33.9,Bengaluru,13-06-2024
C104515,Vikram Joshi,55,Student,17500,792,22,Ahmedabad,11-04-2024
C104516,Deepak Tripathi,36,Student,14400,695,10.6,Jaipur,25-05-2024
C104517,Ritika Roy,23,Salaried-Government,58800,707,1.5,Jaipur,17-06-2025
C104518,Rekha Singh,52,Salaried-Private,39000,726,23.8,Bhopal,20-02-2024
C104519,Ruchi Shukla,39,Salaried-Private,69700,807,12.8,Kolkata,06-06-2025
C104520,Deepak Gupta,64,Student,31900,704,14,Nagpur,27-09-2023
C104521,Kavya Patel,51,Self-Employed,70500,675,22,Pune,07-12-2024
C104522,Reyansh Mittal,44,Salaried-Private,79500,722,10.9,Bhopal,20-07-2024
C104523,Mayank Shukla,64,Self-Employed,139700,700,14.6,Delhi,21-09-2023
C104524,Mayank Nair,56,Salaried-Private,86300,692,9.5,Kolkata,16-04-2023
C104525,Komal Pandey,41,Self-Employed,58500,547,7.4,Indore,12-04-2023
C104526,Aisha Shukla,21,Self-Employed,71700,732,0,Nagpur,12-08-2024
C104527,Aisha Awasthi,25,Salaried-Private,66200,783,1.5,Delhi,21-05-2023
C104528,Atharv Jain,40,Freelancer,74500,772,12.7,Chennai,12-07-2024
C104529,Dinesh Sharma,45,Salaried-Private,88900,769,21,Surat,13-09-2024
C104530,Isha Rao,22,Self-Employed,8000,676,0.2,Mumbai,26-10-2024
C104531,Vijay Shah,26,Self-Employed,47500,698,1.5,Pune,01-05-2023
C104532,Tara Roy,51,Retired,44200,781,11.2,Indore,21-04-2023
C104533,Divya Sen,54,Salaried-Government,51400,757,25.2,Bhopal,13-09-2023
C104534,Dev Krishnan,22,Student,8000,800,0.4,Kolkata,14-03-2024
C104535,Varun Krishnan,43,Salaried-Government,53300,634,7.3,Kolkata,25-03-2023
C104536,Pari Desai,24,Student,9400,627,0.9,Pune,17-03-2024
C104537,Riya Kumar,52,Salaried-Private,56900,661,9.5,Bengaluru,16-02-2023
C104538,Aditya Chatterjee,57,Business Owner,70500,615,25.3,Lucknow,07-05-2023
C104539,Pranav Patel,59,Salaried-Private,71000,584,26.4,Bengaluru,17-12-2023
C104540,Sneha Verma,47,Retired,47500,724,10.9,Chandigarh,31-05-2024
C104541,Naina Naidu,48,Retired,38200,717,13.9,Pune,09-01-2024
C104542,Rahul Tiwari,61,Salaried-Government,106700,715,25.6,Chandigarh,28-09-2024
C104543,Seema Gupta,47,Self-Employed,77800,719,22.9,Jaipur,22-06-2023
C104544,Manoj Gupta,40,Self-Employed,52700,570,13.7,Nagpur,28-03-2023
C104545,Mayank Chaurasia,54,Salaried-Private,45700,648,25.1,Surat,08-04-2025
C104546,Vijay Yadav,46,Business Owner,91200,670,22.1,Indore,28-01-2024
C104547,Meera Mittal,58,Business Owner,138400,704,17.3,Bhopal,30-06-2024
C104548,Amit Tiwari,44,Self-Employed,55400,571,5.7,Lucknow,08-10-2024
C104549,Riya Tripathi,59,Salaried-Private,82100,618,27.5,Pune,20-09-2023
C104550,Suresh Singh,22,Student,8900,646,0.3,Mumbai,28-02-2023
C104551,Nikhil Menon,22,Salaried-Private,95300,778,0.5,Chandigarh,21-01-2025
C104552,Atharv Bhatia,25,Self-Employed,77000,712,2.9,Surat,07-09-2024
C104553,Pratibha Mukherjee,45,Salaried-Private,50600,769,14.2,Hyderabad,12-05-2024
C104554,Siddharth Saxena,52,Salaried-Private,82100,682,14.2,Mumbai,19-02-2025
C104555,Karan Sharma,30,Salaried-Private,74000,691,5,Indore,05-02-2024
C104556,Meera Sharma,27,Salaried-Government,54200,728,2.2,Jaipur,14-02-2023
C104557,Deepak Bansal,58,Self-Employed,52900,673,9.3,Delhi,07-11-2024
C104558,Kabir Garg,54,Self-Employed,92100,643,16.1,Bhopal,24-12-2024
C104559,Sneha Jain,49,Business Owner,101200,575,6.7,Bhopal,27-11-2023
C104560,Harsh Pandey,42,Business Owner,47900,639,18.6,Ahmedabad,29-06-2023
C104561,Shweta Sen,39,Salaried-Private,67300,756,9.2,Chennai,23-12-2024
C104562,Varun Kumar,21,Salaried-Private,42300,787,0,Hyderabad,20-02-2023
C104563,Deepak Singh,29,Self-Employed,32800,623,6.9,Surat,04-01-2023
C104564,Shreya Das,60,Business Owner,92300,555,20.1,Hyderabad,20-01-2025
C104565,Aditya Das,35,Self-Employed,102400,769,6.9,Jaipur,10-08-2023
C104566,Meera Kumar,51,Salaried-Private,91200,699,24.8,Mumbai,09-12-2024
C104567,Raj Chaurasia,51,Freelancer,71100,582,6.7,Jaipur,22-04-2024
C104568,Suresh Singh,34,Salaried-Private,65600,440,7,Pune,18-04-2025
C104569,Rohan Jain,29,Self-Employed,83500,615,3.1,Nagpur,22-01-2025
C104570,Pallavi Chauhan,51,Salaried-Private,69000,653,21.8,Lucknow,10-03-2024
C104571,Ankita Verma,25,Business Owner,54200,595,3.1,Jaipur,31-10-2024
C104572,Nidhi Desai,42,Salaried-Government,49000,742,13.3,Ahmedabad,27-05-2023
C104573,Mayank Joshi,60,Business Owner,84200,627,18.9,Hyderabad,20-04-2025
C104574,Pranav Nair,52,Salaried-Private,95400,695,18.2,Lucknow,05-04-2025
C104575,Rohan Dutta,54,Self-Employed,105000,885,19.9,Ahmedabad,23-08-2023
C104576,Mohit Mehta,24,Salaried-Private,34600,694,1.9,Bengaluru,14-04-2024
C104577,Shweta Ghosh,29,Business Owner,92900,684,6.8,Delhi,10-04-2025
C104578,Riya Nair,33,Salaried-Private,51700,680,4.5,Jaipur,22-10-2023
C104579,Nikhil Tiwari,33,Salaried-Private,56700,742,4.1,Pune,14-04-2023
C104580,Ravi Verma,29,Business Owner,74000,734,2.7,Mumbai,01-06-2025
C104581,Aisha Tiwari,63,Salaried-Private,99900,614,28.9,Chennai,29-06-2023
C104582,Karan Mittal,28,Salaried-Private,57400,655,5.8,Nagpur,22-05-2023
C104583,Tushar Bansal,52,Freelancer,59900,635,13.3,Surat,25-02-2024
C104584,Ajay Chatterjee,46,Freelancer,57600,666,12.4,Delhi,20-02-2024
C104585,Priya Mittal,47,Student,15600,828,22.8,Indore,09-07-2023
C104586,Vikram Bansal,30,Salaried-Private,60800,738,2.7,Nagpur,04-03-2025
C104587,Ajay Dutta,34,Self-Employed,96700,688,10.6,Chennai,29-01-2023
C104588,Mohit Malhotra,47,Freelancer,78000,791,22.7,Kolkata,08-04-2025
C104589,Ritika Chaurasia,34,Salaried-Private,37200,700,9.9,Bhopal,29-07-2024
C104590,Vivaan Pillai,51,Business Owner,51400,556,13.1,Kolkata,25-08-2023
C104591,Aarav Srivastava,22,Salaried-Private,56600,821,0.7,Indore,02-01-2024
C104592,Usha Jain,24,Student,12800,669,1.2,Jaipur,14-03-2023
C104593,Tushar Mittal,53,Self-Employed,87400,512,9.1,Surat,10-04-2025
C104594,Aarav Rao,48,Salaried-Government,86300,564,7.4,Bhopal,26-09-2024
C104595,Hemant Shah,22,Salaried-Government,31000,774,0.2,Lucknow,04-06-2025
C104596,Meera Nair,60,Salaried-Private,59200,562,34.5,Mumbai,09-02-2023
C104597,Vikram Mittal,21,Salaried-Private,11100,789,0,Chandigarh,12-04-2025
C104598,Diya Bhatia,63,Business Owner,100200,701,17.8,Delhi,19-01-2025
C104599,Deepak Joshi,53,Self-Employed,26900,741,19.4,Pune,09-04-2024
C104600,Mohit Desai,64,Self-Employed,115200,676,27.2,Mumbai,09-07-2024
C104601,Ishaan Singh,62,Salaried-Private,102500,737,13.5,Nagpur,05-10-2023
C104602,Alok Bose,34,Business Owner,97700,719,5.2,Surat,03-04-2024
C104603,Shaurya Srivastava,54,Salaried-Government,40400,682,19.2,Pune,09-05-2025
C104604,Divya Kumar,30,Salaried-Private,66100,604,7.1,Bhopal,02-01-2025
C104605,Pari Kapoor,41,Student,21800,711,5.8,Delhi,03-12-2023
C104606,Tara Iyer,31,Self-Employed,81400,546,8,Hyderabad,10-05-2024
C104607,Meera Chaurasia,42,Self-Employed,102800,769,13.2,Lucknow,07-12-2023
C104608,Suresh Desai,59,Retired,42400,702,20.6,Indore,10-11-2023
C104609,Pankaj Mittal,40,Salaried-Government,48900,724,5.7,Pune,25-07-2024
C104610,Sneha Awasthi,25,Student,9600,472,2.3,Lucknow,11-01-2024
C104611,Tushar Shukla,35,Business Owner,31900,594,6.3,Mumbai,24-07-2024
C104612,Saanvi Shukla,55,Self-Employed,133900,659,11.3,Hyderabad,23-05-2025
C104613,Pallavi Khanna,43,Salaried-Private,66600,743,18,Bengaluru,05-04-2023
C104614,Kabir Bose,45,Salaried-Private,81900,616,12.5,Kolkata,30-12-2023
C104615,Karan Chauhan,39,Salaried-Government,57500,892,4.6,Pune,22-06-2023
C104616,Sunita Ghosh,33,Salaried-Private,28900,663,4.9,Delhi,01-03-2023
C104617,Pankaj Sharma,47,Salaried-Private,93900,612,8.5,Hyderabad,01-01-2023
C104618,Tara Tiwari,48,Self-Employed,49800,672,23.2,Delhi,02-12-2023
C104619,Gaurav Awasthi,60,Business Owner,114800,621,14.4,Bengaluru,31-03-2023
C104620,Atharv Naidu,48,Salaried-Private,74700,596,15,Surat,09-10-2024
C104621,Simran Malhotra,64,Business Owner,107600,777,31,Bengaluru,05-11-2023
C104622,Ramesh Ghosh,57,Student,20300,724,11.2,Mumbai,16-07-2023
C104623,Ishaan Kapoor,24,Business Owner,84400,733,1.5,Surat,03-05-2025
C104624,Shweta Patel,38,Freelancer,35600,787,11.2,Chandigarh,17-07-2024
C104625,Deepak Khanna,37,Business Owner,120300,736,13.1,Delhi,20-12-2024
C104626,Kabir Srivastava,21,Salaried-Private,66400,604,0,Pune,23-11-2024
C104627,Dev Tiwari,28,Salaried-Government,62800,746,1.8,Chandigarh,25-07-2023
C104628,Ishaan Gupta,54,Student,19700,592,14,Bengaluru,19-07-2024
C104629,Sneha Ghosh,36,Business Owner,161400,665,6.7,Bhopal,15-04-2023
C104630,Amit Malhotra,27,Freelancer,25600,680,2.8,Surat,23-04-2024
C104631,Ritika Shukla,33,Retired,19300,671,10.3,Lucknow,17-06-2025
C104632,Isha Bhatia,33,Salaried-Private,58200,545,2.7,Bhopal,09-07-2023
C104633,Hemant Tripathi,28,Salaried-Private,52600,610,2.9,Hyderabad,10-10-2024
C104634,Suresh Mishra,25,Self-Employed,93900,692,2.2,Hyderabad,17-02-2023
C104635,Isha Chauhan,54,Salaried-Private,81100,643,8.6,Jaipur,15-04-2024
C104636,Tushar Menon,57,Self-Employed,81100,782,19.4,Chandigarh,24-04-2023
C104637,Ruchi Malhotra,42,Freelancer,60400,792,5.8,Mumbai,30-05-2025
C104638,Vishal Mehta,48,Self-Employed,88400,603,21.2,Surat,06-02-2024
C104639,Varun Iyer,61,Salaried-Private,113100,701,15.6,Nagpur,08-05-2025
C104640,Nitin Iyer,58,Business Owner,110900,823,20.9,Surat,23-03-2025
C104641,Varun Rao,22,Salaried-Private,41800,675,0.6,Mumbai,15-04-2023
C104642,Geeta Mittal,62,Student,25200,651,17,Bengaluru,31-03-2024
C104643,Sachin Pandey,23,Salaried-Private,8000,750,0.9,Hyderabad,26-07-2024
C104644,Rekha Shukla,22,Student,8600,659,0.6,Pune,23-01-2024
C104645,Nitin Sen,38,Salaried-Government,91300,795,13,Delhi,12-09-2024
C104646,Priya Reddy,53,Salaried-Government,86500,645,16.5,Chandigarh,06-02-2024
C104647,Rajesh Garg,24,Self-Employed,74400,653,1.6,Nagpur,16-02-2025
C104648,Raj Rao,33,Salaried-Private,72800,754,7.4,Pune,21-07-2024
C104649,Pankaj Agarwal,32,Salaried-Government,89200,701,5.5,Mumbai,24-03-2024
C104650,Siddharth Desai,38,Freelancer,73600,699,12,Surat,09-02-2025
C104651,Tarun Ghosh,64,Freelancer,68400,537,8.7,Mumbai,03-09-2024
C104652,Gaurav Kumar,35,Salaried-Private,54300,659,7.5,Pune,01-09-2023
C104653,Saanvi Gupta,30,Business Owner,17600,751,7.6,Delhi,16-11-2023
C104654,Nikhil Verma,26,Student,13200,619,3.2,Surat,25-03-2023
C104655,Divya Verma,29,Freelancer,55400,744,4.3,Indore,28-12-2023
C104656,Pratibha Khanna,26,Salaried-Government,65900,711,3.7,Pune,24-05-2024
C104657,Vivaan Joshi,46,Salaried-Private,51200,671,11.9,Ahmedabad,21-05-2024
C104658,Sneha Krishnan,39,Student,18300,791,9.5,Kolkata,13-12-2024
C104659,Varun Bhatia,42,Salaried-Government,63200,662,7.1,Nagpur,12-07-2023
C104660,Rekha Kumar,57,Salaried-Government,74100,669,10.3,Lucknow,23-12-2023
C104661,Nikhil Sharma,46,Freelancer,53100,671,5.4,Nagpur,14-12-2024
C104662,Isha Verma,27,Salaried-Private,66400,696,4.3,Chennai,19-10-2024
C104663,Nitin Menon,37,Freelancer,32000,746,8.4,Lucknow,23-03-2024
C104664,Tarun Iyer,34,Salaried-Private,71500,572,11.1,Nagpur,11-12-2024
C104665,Arjun Agarwal,57,Business Owner,79300,761,11.7,Bengaluru,05-02-2025
C104666,Aarav Singh,34,Retired,30000,689,4.8,Ahmedabad,20-01-2024
C104667,Ramesh Tripathi,27,Retired,46000,731,3.9,Nagpur,09-12-2024
C104668,Atharv Mittal,53,Student,18100,874,7.6,Kolkata,21-07-2023
C104669,Suresh Kapoor,39,Student,18100,641,9.9,Ahmedabad,20-05-2024
C104670,Mohit Bansal,25,Salaried-Private,58600,590,1.1,Surat,13-08-2023
C104671,Ravi Gupta,51,Retired,25200,699,9.4,Ahmedabad,10-09-2024
C104672,Gaurav Chatterjee,30,Student,15900,710,5,Kolkata,26-11-2023
C104673,Ajay Krishnan,59,Self-Employed,88600,763,22.7,Surat,02-02-2025
C104674,Shreya Mehta,57,Salaried-Government,83600,649,12.5,Bengaluru,01-04-2025
C104675,Mayank Tiwari,37,Salaried-Private,81500,625,6.2,Lucknow,01-11-2023
C104676,Priya Menon,45,Self-Employed,111600,574,9.6,Bhopal,31-01-2023
C104677,Ankita Bansal,45,Business Owner,104000,586,7.2,Nagpur,18-10-2024
C104678,Reyansh Chaurasia,49,Salaried-Government,85300,659,24.5,Chandigarh,02-04-2025
C104679,Ravi Khanna,24,Salaried-Government,69900,681,2.1,Nagpur,11-04-2025
C104680,Pranav Jain,35,Self-Employed,63400,854,3.9,Kolkata,28-07-2023
C104681,Pranav Chauhan,28,Salaried-Private,26100,548,3.2,Ahmedabad,29-01-2023
C104682,Rahul Pillai,51,Retired,47600,713,9.6,Lucknow,10-03-2023
C104683,Shweta Shukla,24,Salaried-Private,83800,634,1.1,Bengaluru,25-03-2024
C104684,Sneha Tripathi,43,Salaried-Private,75500,709,18.9,Ahmedabad,02-09-2023
C104685,Ishaan Menon,53,Salaried-Private,46500,642,9.5,Indore,11-05-2023
C104686,Priya Naidu,62,Student,27900,767,33.5,Mumbai,29-06-2023
C104687,Sanya Singh,33,Student,12100,764,9.5,Delhi,13-12-2023
C104688,Riya Bhatia,21,Salaried-Private,13200,672,0,Surat,18-02-2023
C104689,Diya Iyer,52,Salaried-Private,87800,808,17,Jaipur,15-01-2025
C104690,Nitin Pandey,21,Salaried-Government,39700,746,0,Chandigarh,09-05-2025
C104691,Lalit Ghosh,23,Salaried-Private,91400,805,1.6,Bengaluru,29-06-2023
C104692,Rohan Malhotra,64,Business Owner,141900,697,33.7,Ahmedabad,02-06-2024
C104693,Ajay Pillai,58,Salaried-Private,65200,765,21,Pune,02-02-2023
C104694,Ruchi Agarwal,52,Self-Employed,89400,631,7.2,Nagpur,18-03-2023
C104695,Tushar Krishnan,57,Salaried-Government,128200,629,12.1,Kolkata,14-09-2023
C104696,Manoj Kumar,24,Salaried-Government,83700,866,0.7,Delhi,01-02-2025
C104697,Diya Khanna,24,Salaried-Government,66900,603,1,Lucknow,02-12-2024
C104698,Aisha Saxena,34,Salaried-Private,118000,662,7.2,Surat,01-10-2024
C104699,Tushar Mishra,22,Salaried-Private,57800,536,0.8,Nagpur,07-04-2023
C104700,Manoj Desai,60,Salaried-Private,82200,624,25.6,Ahmedabad,15-07-2023
C104701,Arjun Jain,23,Salaried-Private,37100,606,1.2,Indore,11-06-2024
C104702,Dev Yadav,44,Retired,22100,629,16.6,Chennai,29-11-2023
C104703,Atharv Singh,58,Salaried-Private,64000,713,24,Kolkata,30-10-2024
C104704,Reyansh Das,53,Salaried-Private,68600,733,16.3,Chennai,12-05-2024
C104705,Hemant Awasthi,31,Salaried-Private,65600,609,7.7,Chennai,28-05-2024
C104706,Manish Tiwari,41,Freelancer,29300,621,8.3,Jaipur,02-06-2024
C104707,Akash Saxena,45,Student,19800,769,20.4,Jaipur,21-04-2025
C104708,Isha Chauhan,54,Freelancer,43900,823,9.3,Indore,15-05-2024
C104709,Sanjay Agarwal,39,Self-Employed,87800,793,11.6,Pune,12-11-2024
C104710,Vikram Jain,33,Freelancer,63800,557,6.6,Surat,12-03-2024
C104711,Riya Dubey,56,Salaried-Government,65800,785,17.4,Ahmedabad,21-03-2023
C104712,Neha Das,60,Student,21000,831,19.5,Indore,02-05-2024
C104713,Atharv Shah,42,Freelancer,77100,555,4.8,Indore,09-02-2025
C104714,Karan Bansal,22,Salaried-Private,72900,777,0.7,Chennai,15-11-2024
C104715,Shweta Srivastava,43,Salaried-Government,72600,708,9.8,Kolkata,08-05-2024
C104716,Harsh Yadav,60,Salaried-Private,100000,668,20.8,Pune,10-05-2025
C104717,Ritika Mukherjee,64,Salaried-Private,73900,699,34.1,Mumbai,20-05-2025
C104718,Rohan Tripathi,38,Freelancer,40900,721,10.3,Indore,28-04-2025
C104719,Manish Bose,27,Salaried-Private,37400,778,4.8,Lucknow,05-06-2025
C104720,Reyansh Srivastava,46,Business Owner,94600,782,7.4,Nagpur,27-10-2023
C104721,Seema Srivastava,57,Retired,56700,567,14.3,Chennai,28-05-2023
C104722,Rajesh Patel,62,Salaried-Government,107500,644,14.7,Pune,03-02-2024
C104723,Pari Rao,23,Salaried-Government,61800,696,1.6,Hyderabad,12-08-2023
C104724,Pari Kapoor,33,Self-Employed,99900,820,9,Pune,25-05-2023
C104725,Pranav Mukherjee,42,Freelancer,49000,469,16.5,Chandigarh,11-08-2024
C104726,Tushar Ghosh,25,Salaried-Private,41000,637,2.4,Bhopal,10-04-2023
C104727,Rohan Mishra,59,Salaried-Private,44100,564,13.5,Bengaluru,20-02-2023
C104728,Akash Roy,25,Self-Employed,55500,578,1.9,Mumbai,15-06-2023
C104729,Komal Mittal,50,Student,16000,761,17,Surat,27-12-2023
C104730,Aisha Naidu,61,Salaried-Private,111200,654,8.5,Bengaluru,16-08-2024
C104731,Varun Kapoor,51,Salaried-Government,82200,505,19.4,Bhopal,08-06-2025
C104732,Sachin Agarwal,54,Retired,45100,674,26.3,Delhi,16-07-2024
C104733,Nikhil Mukherjee,32,Salaried-Private,93800,856,4.7,Chennai,18-04-2024
C104734,Nitin Menon,57,Salaried-Private,43400,541,24.3,Chennai,23-09-2023
C104735,Jyoti Desai,39,Self-Employed,69900,733,9.7,Kolkata,26-10-2023
C104736,Pooja Bose,23,Salaried-Private,95800,819,0.4,Bhopal,10-07-2024
C104737,Ravi Desai,37,Salaried-Private,58500,684,6.4,Jaipur,17-06-2023
C104738,Rajesh Das,36,Self-Employed,130700,853,8.5,Chennai,12-03-2023
C104739,Rekha Tripathi,43,Business Owner,121900,645,15.6,Surat,06-11-2024
C104740,Vijay Mehta,32,Self-Employed,101700,810,5.3,Kolkata,03-06-2025
C104741,Varun Naidu,41,Salaried-Government,97900,791,6.6,Nagpur,17-04-2025
C104742,Anjali Singh,39,Self-Employed,73200,688,4.4,Nagpur,28-08-2024
C104743,Aditya Khanna,35,Self-Employed,59900,570,9.8,Indore,11-04-2025
C104744,Mohit Desai,51,Freelancer,54200,607,13.7,Bengaluru,12-11-2024
C104745,Komal Ghosh,34,Freelancer,33400,497,8.5,Hyderabad,28-02-2023
C104746,Tara Iyer,54,Business Owner,99100,742,11.7,Bengaluru,18-12-2023
C104747,Diya Mukherjee,32,Student,12600,719,8,Jaipur,10-03-2023
C104748,Diya Joshi,59,Freelancer,86200,699,16.8,Bhopal,22-08-2023
C104749,Riya Tripathi,37,Salaried-Private,73300,681,3.8,Bengaluru,10-06-2025
C104750,Priya Chauhan,22,Retired,61800,797,0.6,Nagpur,13-01-2025
C104751,Pratibha Mehta,27,Student,8000,705,4.3,Mumbai,07-05-2025
C104752,Ajay Shah,56,Salaried-Private,44700,642,29.8,Kolkata,08-03-2024
C104753,Pari Srivastava,59,Salaried-Private,63100,701,33.4,Pune,17-07-2023
C104754,Karan Malhotra,30,Self-Employed,105400,859,4.7,Indore,08-12-2023
C104755,Abhishek Menon,47,Salaried-Government,68500,740,16.3,Chennai,27-06-2023
C104756,Ramesh Bansal,46,Business Owner,51000,656,14.8,Bengaluru,18-05-2025
C104757,Kavya Verma,26,Self-Employed,62100,685,2.9,Jaipur,14-06-2024
C104758,Isha Singh,40,Salaried-Private,38600,722,5.3,Mumbai,13-02-2023
C104759,Tushar Sharma,51,Salaried-Private,39100,652,20.1,Surat,13-10-2023
C104760,Shaurya Menon,63,Student,31000,643,36.8,Bengaluru,24-03-2024
C104761,Mohit Chauhan,58,Salaried-Private,62800,688,10.7,Pune,08-10-2024
C104762,Shweta Garg,25,Business Owner,95100,815,1.7,Jaipur,17-03-2025
C104763,Sneha Malhotra,31,Salaried-Private,57100,751,2.5,Indore,05-07-2023
C104764,Dinesh Menon,40,Salaried-Government,62600,656,9.2,Lucknow,27-09-2024
C104765,Vishal Jain,27,Self-Employed,48200,756,3.2,Bhopal,26-12-2024
C104766,Kavya Gupta,46,Salaried-Private,58800,689,11.3,Bhopal,03-12-2024
C104767,Komal Khanna,21,Business Owner,98800,722,0,Lucknow,12-09-2023
C104768,Dev Shah,25,Business Owner,135000,720,3,Pune,01-11-2023
C104769,Diya Tripathi,23,Salaried-Private,74700,522,0.7,Pune,06-05-2023
C104770,Diya Tripathi,34,Salaried-Government,38900,442,9.5,Indore,07-06-2024
C104771,Amit Shah,54,Business Owner,132800,718,24.9,Hyderabad,04-11-2023
C104772,Rajesh Patel,28,Business Owner,106000,627,4.2,Bhopal,08-01-2024
C104773,Raj Patel,64,Self-Employed,68200,559,18.1,Delhi,18-01-2023
C104774,Vivaan Kumar,32,Freelancer,51300,621,9.4,Bhopal,29-04-2025
C104775,Seema Mehta,22,Salaried-Private,66800,763,0.5,Hyderabad,03-08-2024
C104776,Neha Mehta,35,Salaried-Private,61500,717,3.3,Lucknow,03-08-2023
C104777,Rohan Mehta,53,Business Owner,116200,759,9.4,Nagpur,03-03-2023
C104778,Shaurya Shah,25,Business Owner,62000,725,3.3,Indore,18-12-2023
C104779,Ruchi Bansal,24,Freelancer,77100,618,0.9,Ahmedabad,13-05-2023
C104780,Priya Mishra,58,Salaried-Private,31200,746,19,Bengaluru,19-06-2023
C104781,Ruchi Mittal,47,Self-Employed,90300,740,17.8,Ahmedabad,15-12-2024
C104782,Atharv Saxena,36,Business Owner,105700,686,9,Surat,17-02-2023
C104783,Tara Agarwal,54,Salaried-Private,81100,696,21.7,Kolkata,31-03-2024
C104784,Tushar Pandey,58,Self-Employed,63800,752,16.4,Chandigarh,26-11-2024
C104785,Shreya Saxena,36,Self-Employed,100100,635,10,Surat,17-06-2024
C104786,Manoj Shukla,45,Salaried-Private,62400,776,5,Mumbai,29-04-2023
C104787,Ishaan Patel,21,Salaried-Government,34400,730,0,Indore,11-09-2023
C104788,Neha Reddy,34,Salaried-Private,38300,685,3.7,Chennai,05-06-2023
C104789,Swati Pandey,47,Student,19000,805,13.5,Delhi,25-05-2025
C104790,Sneha Nair,29,Salaried-Private,26300,580,2.4,Hyderabad,02-09-2024
C104791,Jyoti Bose,64,Salaried-Private,108200,659,25.1,Bhopal,07-06-2025
C104792,Rahul Pillai,63,Salaried-Private,92800,639,13.7,Chandigarh,03-05-2023
C104793,Manish Dutta,32,Salaried-Private,95900,723,5.4,Ahmedabad,26-11-2023
C104794,Siddharth Agarwal,38,Salaried-Private,96200,789,4.3,Kolkata,15-11-2023
C104795,Pari Mehta,29,Self-Employed,60800,610,4.1,Chennai,10-12-2024
C104796,Abhishek Garg,43,Salaried-Private,46400,900,16.8,Nagpur,07-03-2023
C104797,Vishal Mittal,26,Salaried-Private,8000,628,2.1,Jaipur,22-12-2024
C104798,Komal Chatterjee,38,Salaried-Private,53700,716,11.8,Delhi,26-02-2024
C104799,Nitin Mukherjee,45,Salaried-Government,108900,696,12,Jaipur,02-04-2025
C104800,Nidhi Dubey,47,Salaried-Private,48800,691,9.5,Delhi,24-10-2023
C104801,Kabir Tripathi,47,Self-Employed,71400,627,10.7,Bengaluru,14-02-2025
C104802,Manoj Tiwari,30,Business Owner,73900,776,3.7,Hyderabad,16-03-2025
C104803,Vivaan Chaurasia,55,Business Owner,113600,628,24.5,Delhi,31-01-2024
C104804,Rohan Verma,51,Salaried-Private,92700,552,10.2,Bhopal,19-03-2025
C104805,Pratibha Krishnan,54,Student,16800,592,29.2,Surat,21-11-2023
C104806,Harsh Reddy,41,Business Owner,52900,803,13.6,Kolkata,17-08-2024
C104807,Shweta Iyer,60,Salaried-Private,100300,795,18.8,Chandigarh,21-04-2025
C104808,Shweta Bose,38,Salaried-Government,83400,531,15.3,Surat,09-06-2023
C104809,Neha Iyer,56,Freelancer,53800,753,12.3,Surat,03-01-2024
C104810,Karan Rao,29,Salaried-Private,92300,535,5.9,Jaipur,17-02-2023
C104811,Riya Jain,31,Salaried-Government,34500,682,3.9,Pune,13-04-2024
C104812,Amit Joshi,44,Self-Employed,97500,598,13.4,Mumbai,05-09-2023
C104813,Atharv Nair,45,Salaried-Private,63200,760,5.7,Jaipur,28-03-2023
C104814,Pranav Chatterjee,53,Retired,53100,732,25.4,Chandigarh,24-03-2025
C104815,Naina Dubey,34,Salaried-Private,12500,760,5.9,Indore,22-09-2023
C104816,Nikhil Yadav,59,Salaried-Private,65000,666,23.1,Hyderabad,19-10-2024
C104817,Sunita Shah,35,Salaried-Private,75300,675,11.9,Indore,27-05-2023
C104818,Hemant Tiwari,44,Salaried-Government,68300,570,5.1,Mumbai,28-08-2023
C104819,Aarav Krishnan,62,Student,28400,601,36,Hyderabad,16-03-2023
C104820,Geeta Rao,44,Freelancer,72700,766,13.1,Bhopal,29-09-2024
C104821,Dev Joshi,51,Student,17400,711,22.4,Delhi,30-11-2023
C104822,Abhishek Khanna,60,Self-Employed,101400,703,20.7,Kolkata,22-03-2025
C104823,Divya Yadav,63,Salaried-Government,55500,789,32.4,Surat,08-04-2024
C104824,Mayank Tripathi,42,Salaried-Government,70100,586,17.1,Mumbai,21-06-2023
C104825,Pallavi Ghosh,39,Salaried-Private,75300,748,8.4,Bengaluru,02-12-2024
C104826,Geeta Joshi,29,Student,8900,587,5.6,Pune,19-02-2025
C104827,Ruchi Pandey,44,Salaried-Government,87000,811,20.7,Bhopal,30-06-2024
C104828,Isha Desai,61,Salaried-Government,65400,733,29.2,Chandigarh,17-09-2024
C104829,Sanjay Pillai,42,Self-Employed,60500,766,18.3,Chennai,12-01-2025
C104830,Atharv Agarwal,36,Freelancer,61300,633,10.7,Pune,09-04-2023
C104831,Rekha Rao,25,Salaried-Private,39900,860,1.7,Bengaluru,29-07-2023
C104832,Alok Garg,38,Business Owner,66400,849,13.2,Ahmedabad,02-12-2024
C104833,Seema Saxena,31,Business Owner,125300,733,6.7,Bhopal,16-12-2024
C104834,Pallavi Jain,63,Freelancer,62500,783,9.4,Delhi,19-06-2023
C104835,Priya Mehta,44,Salaried-Private,35100,661,7.4,Hyderabad,16-02-2023
C104836,Geeta Krishnan,27,Salaried-Private,74500,589,2.3,Chennai,02-05-2024
C104837,Meera Sen,23,Salaried-Government,52400,751,1.4,Mumbai,07-09-2023
C104838,Shweta Chauhan,58,Student,18800,609,28,Indore,29-05-2023
C104839,Mohit Desai,61,Retired,18900,787,31.2,Bhopal,04-02-2024
C104840,Varun Mittal,54,Self-Employed,100900,778,8.2,Chennai,28-08-2023
C104841,Pankaj Dubey,26,Salaried-Private,39800,704,1.3,Delhi,11-05-2025
C104842,Seema Chaurasia,25,Salaried-Private,31700,699,1.6,Kolkata,01-01-2025
C104843,Vijay Mukherjee,29,Self-Employed,84500,771,5.4,Ahmedabad,23-03-2023
C104844,Jyoti Pandey,54,Salaried-Private,84300,714,26.1,Bengaluru,16-05-2025
C104845,Geeta Nair,54,Self-Employed,60300,656,26.7,Pune,25-08-2023
C104846,Simran Naidu,57,Freelancer,73000,569,12.4,Indore,28-05-2023
C104847,Divya Chatterjee,25,Salaried-Government,107300,772,2.9,Bengaluru,18-05-2023
C104848,Jyoti Chauhan,27,Salaried-Government,92500,723,3.9,Indore,08-12-2023
C104849,Priya Rao,60,Salaried-Private,94400,900,33.1,Mumbai,18-01-2024
C104850,Jyoti Sen,61,Salaried-Private,77300,683,29.6,Ahmedabad,23-03-2025
C104851,Isha Roy,52,Business Owner,86200,717,17.7,Delhi,23-10-2023
C104852,Hemant Pandey,25,Salaried-Government,60900,715,3,Lucknow,08-09-2024
C104853,Shaurya Awasthi,24,Salaried-Private,65000,741,1.2,Ahmedabad,24-03-2023
C104854,Saanvi Sharma,23,Salaried-Private,30600,607,1.5,Surat,09-01-2025
C104855,Nikhil Bose,51,Salaried-Private,51600,681,22.4,Nagpur,09-03-2024
C104856,Shweta Dubey,58,Business Owner,57100,754,29.5,Indore,05-06-2024
C104857,Nidhi Srivastava,48,Self-Employed,82400,665,10,Lucknow,12-03-2024
C104858,Aarav Desai,32,Self-Employed,72400,754,8.7,Pune,29-10-2024
C104859,Harsh Jain,54,Self-Employed,63500,697,10.5,Lucknow,21-07-2024
C104860,Arjun Mishra,23,Salaried-Private,72200,722,1.5,Jaipur,25-11-2023
C104861,Tara Roy,57,Self-Employed,55300,780,30.6,Lucknow,26-01-2025
C104862,Komal Shukla,60,Salaried-Private,56800,670,8.8,Lucknow,08-04-2023
C104863,Meera Malhotra,52,Student,23000,567,19.8,Chandigarh,26-05-2025
C104864,Riya Saxena,59,Salaried-Private,88800,672,25.1,Lucknow,14-07-2024
C104865,Sanjay Chatterjee,46,Salaried-Government,53000,621,19.3,Kolkata,04-04-2023
C104866,Divya Naidu,41,Salaried-Private,67600,520,5.4,Bengaluru,25-03-2024
C104867,Rahul Shah,35,Freelancer,37100,677,11.7,Nagpur,01-11-2023
C104868,Kavya Menon,61,Salaried-Private,67100,705,35.8,Delhi,16-02-2023
C104869,Jyoti Patel,51,Student,20700,764,20.1,Surat,25-05-2025
C104870,Vijay Singh,29,Salaried-Private,69400,599,4,Hyderabad,27-02-2025
C104871,Simran Srivastava,63,Freelancer,65900,696,27.1,Surat,25-05-2024
C104872,Reyansh Iyer,23,Business Owner,97500,784,0.5,Ahmedabad,22-04-2023
C104873,Saanvi Sharma,46,Salaried-Private,43400,640,18.2,Mumbai,24-12-2023
C104874,Vikram Bhatia,29,Salaried-Private,66000,732,2,Indore,07-10-2024
C104875,Sachin Pandey,50,Salaried-Government,84200,820,12.3,Chandigarh,27-01-2024
C104876,Ankita Mehta,39,Freelancer,62200,540,5.4,Pune,02-05-2024
C104877,Tushar Dutta,40,Student,13700,703,13.5,Pune,28-01-2025
C104878,Tara Mehta,50,Salaried-Private,84900,785,17.9,Jaipur,13-06-2023
C104879,Deepak Mehta,54,Salaried-Government,44700,658,22.8,Chandigarh,16-02-2025
C104880,Pallavi Yadav,37,Salaried-Private,52800,798,3.9,Nagpur,31-05-2025
C104881,Ritika Chatterjee,64,Salaried-Private,66700,740,19.7,Bhopal,23-09-2023
C104882,Pratibha Joshi,42,Self-Employed,44100,828,10.2,Delhi,16-04-2025
C104883,Lalit Shukla,28,Salaried-Private,52000,734,4.4,Mumbai,05-10-2023
C104884,Saanvi Saxena,21,Salaried-Private,59400,837,0,Bengaluru,22-09-2024
C104885,Tushar Pillai,29,Student,8000,705,5.2,Pune,21-09-2024
C104886,Vijay Joshi,51,Business Owner,87400,583,14.3,Mumbai,22-04-2025
C104887,Reyansh Desai,44,Freelancer,25200,633,19.2,Indore,02-03-2023
C104888,Vivaan Nair,35,Salaried-Private,101400,776,7.2,Surat,19-06-2024
C104889,Amit Sen,42,Student,17300,762,5.7,Delhi,31-01-2025
C104890,Sunita Singh,57,Self-Employed,83400,667,9.8,Bhopal,24-03-2023
C104891,Ananya Mehta,46,Self-Employed,81600,836,9.5,Chandigarh,07-01-2023
C104892,Geeta Kumar,23,Salaried-Private,67900,661,0.7,Chennai,28-02-2023
C104893,Kavya Bhatia,23,Student,12000,718,1.5,Chennai,19-02-2024
C104894,Priya Garg,42,Self-Employed,36900,720,14.8,Lucknow,19-05-2024
C104895,Vijay Mittal,38,Freelancer,71800,584,4.3,Kolkata,14-12-2024
C104896,Aditya Bansal,58,Business Owner,142700,692,29.5,Nagpur,15-01-2024
C104897,Vikram Mittal,46,Freelancer,52900,878,6.7,Indore,02-04-2025
C104898,Ramesh Bansal,54,Business Owner,97400,620,24.7,Nagpur,12-04-2023
C104899,Vijay Mehta,46,Student,8900,731,7,Surat,18-07-2024
C104900,Mohit Pillai,36,Salaried-Private,36100,593,7,Chandigarh,23-02-2024
C104901,Reyansh Desai,49,Salaried-Private,76600,616,20.3,Ahmedabad,22-04-2024
C104902,Anjali Chaurasia,48,Business Owner,137200,587,10.2,Chandigarh,28-03-2024
C104903,Mayank Patel,52,Self-Employed,95900,769,8.7,Lucknow,19-09-2024
C104904,Sachin Mittal,29,Self-Employed,67400,620,6,Kolkata,06-10-2024
C104905,Vishal Mishra,49,Business Owner,160800,805,19.1,Hyderabad,27-01-2025
C104906,Nidhi Pillai,33,Self-Employed,94900,651,9.9,Nagpur,27-11-2023
C104907,Ruchi Agarwal,55,Freelancer,51300,697,22.1,Mumbai,12-01-2023
C104908,Reyansh Jain,56,Salaried-Private,112600,729,8.8,Delhi,24-05-2023
C104909,Rekha Tripathi,48,Student,15800,553,17.5,Surat,29-06-2024
C104910,Manish Shukla,62,Salaried-Private,42000,702,31.8,Pune,25-05-2023
C104911,Mohit Agarwal,44,Self-Employed,65100,717,5.9,Bhopal,21-11-2024
C104912,Ramesh Menon,22,Student,8000,772,0.3,Mumbai,01-01-2023
C104913,Komal Reddy,47,Salaried-Private,58100,611,17.5,Lucknow,12-04-2025
C104914,Tara Das,55,Salaried-Private,84600,627,25.6,Hyderabad,11-06-2025
C104915,Swati Kumar,25,Salaried-Private,55900,741,1.8,Kolkata,26-12-2023
C104916,Naina Gupta,25,Self-Employed,67400,803,2.9,Ahmedabad,11-02-2025
C104917,Usha Krishnan,33,Salaried-Government,66600,642,3.8,Bengaluru,22-03-2025
C104918,Sachin Bhatia,58,Salaried-Private,23600,584,18.9,Ahmedabad,30-12-2024
C104919,Pratibha Krishnan,44,Student,12900,656,16.6,Delhi,21-07-2024
C104920,Tara Dubey,63,Salaried-Private,64100,608,14.3,Bhopal,06-07-2023
C104921,Ramesh Joshi,59,Self-Employed,61000,720,16.9,Chennai,28-10-2023
C104922,Vivaan Patel,45,Self-Employed,70000,604,15.4,Delhi,19-11-2023
C104923,Nidhi Bose,50,Salaried-Private,94700,772,12.8,Nagpur,04-06-2025
C104924,Manish Garg,35,Salaried-Private,59100,705,11.4,Surat,01-08-2024
C104925,Priya Singh,24,Retired,18300,763,2.6,Ahmedabad,22-02-2023
C104926,Shweta Mishra,38,Business Owner,69400,496,11,Kolkata,25-05-2023
C104927,Anjali Desai,47,Salaried-Private,99600,554,19.4,Bhopal,21-02-2025
C104928,Varun Bhatia,29,Freelancer,71700,794,6.7,Ahmedabad,13-03-2024
C104929,Dev Desai,30,Self-Employed,83900,635,6.2,Mumbai,20-04-2024
C104930,Arjun Srivastava,21,Salaried-Private,23800,566,0,Lucknow,06-04-2025
C104931,Pankaj Singh,53,Business Owner,110600,680,8.2,Kolkata,10-06-2024
C104932,Neha Srivastava,60,Salaried-Government,84500,712,30.3,Delhi,08-01-2024
C104933,Ritika Bansal,57,Salaried-Private,69900,677,14.1,Hyderabad,19-01-2025
C104934,Sanjay Mukherjee,37,Student,12900,719,4,Pune,29-10-2023
C104935,Dinesh Garg,47,Salaried-Private,58100,715,15.9,Nagpur,14-04-2025
C104936,Gaurav Rao,63,Salaried-Private,59000,711,15.1,Bhopal,06-03-2023
C104937,Arjun Krishnan,47,Salaried-Private,42500,794,6.7,Bengaluru,16-03-2025
C104938,Rekha Shah,34,Freelancer,71100,689,8.1,Hyderabad,21-04-2023
C104939,Ravi Kapoor,35,Business Owner,121800,694,3.8,Mumbai,24-02-2024
C104940,Aisha Chauhan,52,Student,19800,747,25.5,Hyderabad,12-07-2023
C104941,Vishal Patel,40,Salaried-Private,69600,734,16.7,Bengaluru,02-10-2024
C104942,Anjali Iyer,57,Freelancer,64600,617,25.8,Kolkata,23-02-2024
C104943,Meera Krishnan,59,Self-Employed,137400,693,15.3,Mumbai,08-11-2024
C104944,Rekha Tiwari,22,Salaried-Private,72900,725,0.6,Jaipur,22-05-2024
C104945,Akash Sharma,52,Salaried-Private,84100,645,6.9,Chennai,08-11-2023
C104946,Ananya Awasthi,37,Freelancer,51000,644,10.2,Lucknow,21-10-2024
C104947,Tarun Bhatia,43,Salaried-Private,55100,576,8.5,Nagpur,01-10-2023
C104948,Nikhil Naidu,32,Self-Employed,103600,464,5.7,Nagpur,22-07-2023
C104949,Nidhi Singh,37,Self-Employed,88100,663,5.2,Indore,09-01-2025
C104950,Simran Reddy,35,Salaried-Private,44000,696,12.5,Jaipur,14-06-2025
C104951,Gaurav Das,23,Retired,39200,598,0.7,Jaipur,27-04-2024
C104952,Hemant Gupta,55,Freelancer,71000,800,16.7,Jaipur,13-05-2025
C104953,Vikram Nair,27,Salaried-Government,16800,598,2.3,Bhopal,20-07-2023
C104954,Pooja Shah,37,Business Owner,64900,762,9.3,Hyderabad,05-01-2023
C104955,Hemant Shah,29,Salaried-Government,71700,724,6.7,Pune,03-03-2025
C104956,Simran Rao,28,Business Owner,29200,858,2.2,Pune,18-01-2025
C104957,Divya Reddy,37,Salaried-Private,26100,727,4.8,Indore,21-03-2024
C104958,Aditya Pillai,61,Salaried-Government,70500,574,10.1,Hyderabad,08-02-2025
C104959,Ravi Khanna,62,Salaried-Private,81200,776,25.1,Hyderabad,23-02-2025
C104960,Pratibha Bhatia,37,Salaried-Government,78700,827,9.9,Pune,21-11-2023
C104961,Vijay Bhatia,43,Salaried-Government,104100,553,17,Ahmedabad,29-05-2023
C104962,Vijay Shukla,64,Salaried-Private,73800,742,33.8,Lucknow,07-07-2024
C104963,Pari Tiwari,31,Retired,32500,753,2.7,Delhi,12-03-2025
C104964,Aditya Tiwari,62,Salaried-Private,45300,669,34.3,Hyderabad,04-06-2024
C104965,Aditya Saxena,25,Salaried-Private,48900,493,3.1,Nagpur,31-12-2023
C104966,Abhishek Tiwari,30,Salaried-Government,79700,668,5.9,Surat,30-07-2023
C104967,Sachin Bansal,35,Self-Employed,89700,646,6.2,Pune,21-09-2023
C104968,Sanya Khanna,22,Salaried-Private,60700,811,0.7,Nagpur,20-11-2024
C104969,Hemant Ghosh,56,Self-Employed,93100,686,22.2,Hyderabad,29-11-2023
C104970,Ankita Bose,58,Business Owner,143600,668,16.5,Surat,31-03-2024
C104971,Abhishek Chatterjee,37,Salaried-Private,62900,642,3.3,Hyderabad,26-06-2024
C104972,Ruchi Dubey,57,Retired,63800,715,22.1,Lucknow,29-09-2023
C104973,Ruchi Mehta,54,Salaried-Private,53700,692,19.9,Kolkata,28-09-2023
C104974,Mohit Dutta,56,Self-Employed,78200,628,10.8,Bengaluru,10-10-2024
C104975,Aditya Jain,56,Salaried-Private,59400,710,29.2,Kolkata,02-08-2024
C104976,Ankita Saxena,46,Business Owner,123400,653,7.8,Ahmedabad,29-11-2024
C104977,Geeta Desai,25,Freelancer,29400,477,1.6,Lucknow,29-03-2024
C104978,Shweta Agarwal,61,Salaried-Private,64600,743,18.4,Indore,10-01-2023
C104979,Vikram Mehta,47,Salaried-Private,28200,730,17.6,Bhopal,12-08-2024
C104980,Sanjay Krishnan,60,Salaried-Private,82500,708,10,Chennai,13-01-2023
C104981,Gaurav Naidu,63,Salaried-Private,96700,659,29,Lucknow,31-10-2023
C104982,Sunita Mishra,29,Retired,47100,681,3.9,Jaipur,27-10-2024
C104983,Mohit Reddy,38,Self-Employed,92300,759,5.6,Kolkata,22-08-2023
C104984,Nidhi Chaurasia,29,Self-Employed,89300,642,2.2,Hyderabad,22-02-2025
C104985,Siddharth Mehta,23,Retired,42200,755,1,Jaipur,29-08-2024
C104986,Pratibha Bansal,63,Freelancer,70600,572,21.5,Pune,24-03-2025
C104987,Suresh Garg,61,Freelancer,70900,704,11.8,Nagpur,21-04-2024
C104988,Mayank Yadav,61,Salaried-Private,57900,690,21.5,Ahmedabad,18-02-2024
C104989,Vivaan Roy,59,Salaried-Private,66200,770,21,Ahmedabad,09-05-2023
C104990,Manish Chatterjee,49,Salaried-Private,67600,616,24.8,Delhi,20-03-2025
C104991,Amit Yadav,43,Salaried-Private,57100,623,15.4,Chennai,10-08-2024
C104992,Ruchi Desai,64,Salaried-Government,43200,574,9,Nagpur,04-01-2025
C104993,Usha Kapoor,45,Salaried-Private,39900,640,12.8,Surat,07-09-2023
C104994,Riya Menon,49,Salaried-Government,76800,711,6,Chandigarh,05-07-2023
C104995,Reyansh Mukherjee,30,Salaried-Government,84000,548,5,Lucknow,24-11-2023
C104996,Simran Jain,53,Salaried-Private,68000,654,14,Kolkata,03-03-2024
C104997,Seema Yadav,57,Salaried-Private,124700,747,30,Nagpur,08-02-2025
C104998,Atharv Iyer,50,Salaried-Government,51900,679,15.8,Chennai,29-08-2023
C104999,Arjun Krishnan,42,Salaried-Government,78700,697,16.7,Pune,02-07-2023
C105000,Akash Jain,29,Business Owner,132500,579,4.9,Lucknow,18-04-2023
C105001,Varun Bose,22,Business Owner,122500,690,0.5,Kolkata,23-01-2024
C105002,Rahul Saxena,48,Salaried-Private,78900,694,9.7,Pune,04-04-2023
C105003,Tarun Singh,51,Salaried-Private,88400,680,9.8,Surat,19-03-2023
C105004,Gaurav Mittal,54,Salaried-Private,69300,702,25,Bhopal,18-11-2023
C105005,Saanvi Dubey,62,Salaried-Private,104700,670,33.5,Lucknow,10-02-2024
C105006,Lalit Khanna,42,Salaried-Government,97100,658,9,Ahmedabad,07-01-2024
C105007,Saanvi Dutta,57,Retired,37200,602,19.7,Mumbai,08-04-2025
C105008,Meera Khanna,52,Salaried-Private,73800,769,12.4,Bhopal,06-04-2025
C105009,Ananya Verma,33,Salaried-Private,28900,586,6.2,Indore,17-05-2024
C105010,Anjali Krishnan,58,Business Owner,151500,715,29.9,Chandigarh,25-04-2025
C105011,Harsh Sharma,23,Self-Employed,72200,835,0.6,Bengaluru,20-02-2025
C105012,Mohit Kumar,47,Salaried-Private,92400,781,10.5,Bhopal,13-02-2023
C105013,Saanvi Ghosh,62,Salaried-Private,69200,731,28.2,Hyderabad,02-05-2024
C105014,Manish Sen,49,Student,13900,702,11.7,Indore,10-11-2023
C105015,Pranav Dubey,62,Salaried-Private,124100,688,10.5,Lucknow,22-02-2023
C105016,Pankaj Pillai,23,Self-Employed,69900,618,0.9,Kolkata,11-08-2024
C105017,Dinesh Menon,44,Freelancer,37200,665,15.5,Bengaluru,30-03-2024
C105018,Sneha Gupta,55,Salaried-Private,91500,739,30.2,Ahmedabad,04-07-2024
C105019,Neha Menon,49,Business Owner,164300,735,23.1,Bengaluru,29-07-2023
C105020,Ritika Sharma,59,Salaried-Private,66200,753,22.5,Lucknow,27-01-2025
C105021,Amit Dutta,41,Salaried-Private,61000,786,14.9,Nagpur,25-01-2024
C105022,Isha Das,51,Salaried-Private,71800,678,18,Bhopal,03-08-2023
C105023,Sanya Pandey,39,Retired,26900,699,9.8,Surat,02-08-2023
C105024,Sunita Tiwari,59,Salaried-Private,56400,536,12.1,Nagpur,06-09-2023
C105025,Ritika Joshi,26,Salaried-Private,92600,874,2,Nagpur,12-04-2023
C105026,Shweta Srivastava,32,Student,12300,648,5.7,Nagpur,19-02-2025
C105027,Hemant Sen,25,Salaried-Private,39800,738,3.6,Mumbai,10-07-2023
C105028,Aarav Sen,51,Student,18900,649,18.8,Nagpur,28-10-2024
C105029,Shreya Malhotra,31,Business Owner,126300,663,8.6,Mumbai,28-12-2023
C105030,Ravi Dutta,34,Self-Employed,23800,664,5,Pune,19-04-2023
C105031,Lalit Iyer,57,Freelancer,62500,589,8.9,Chennai,10-01-2025
C105032,Sunita Dubey,36,Business Owner,172800,507,13.3,Bhopal,29-12-2024
C105033,Komal Kapoor,27,Salaried-Private,98000,787,2.6,Mumbai,23-11-2024
C105034,Pallavi Mittal,21,Retired,39900,729,0,Nagpur,26-11-2023
C105035,Priya Agarwal,30,Student,15800,609,2.2,Ahmedabad,03-02-2023
C105036,Siddharth Mishra,61,Student,28200,720,32.1,Delhi,06-12-2024
C105037,Shaurya Garg,45,Self-Employed,72600,756,4.8,Nagpur,30-11-2024
C105038,Deepak Rao,64,Self-Employed,105400,640,35.9,Mumbai,22-02-2025
C105039,Mohit Chauhan,30,Self-Employed,112500,729,2.8,Pune,28-01-2023
C105040,Diya Shah,36,Salaried-Private,35700,765,4.9,Hyderabad,02-02-2025
C105041,Nidhi Mukherjee,28,Salaried-Government,76000,576,5.4,Lucknow,10-03-2023
C105042,Manish Nair,38,Self-Employed,81500,734,8,Hyderabad,26-01-2023
C105043,Ankita Agarwal,45,Business Owner,100900,724,9.1,Surat,16-11-2024
C105044,Shweta Saxena,56,Salaried-Private,69300,840,21.6,Delhi,29-10-2024
C105045,Meera Malhotra,37,Salaried-Government,72000,735,6,Mumbai,20-12-2023
C105046,Nikhil Shukla,54,Self-Employed,86800,660,13.2,Delhi,19-10-2024
C105047,Tara Yadav,48,Salaried-Government,95900,670,6.3,Hyderabad,17-10-2023
C105048,Pranav Shukla,33,Retired,43500,848,6.9,Kolkata,18-04-2023
C105049,Ravi Tiwari,61,Business Owner,98300,666,11.6,Surat,04-12-2023
C105050,Ishaan Desai,40,Salaried-Private,45800,733,14.9,Surat,18-03-2025
C105051,Hemant Jain,27,Salaried-Private,48000,668,4.4,Delhi,16-04-2024
C105052,Priya Mittal,63,Business Owner,113200,783,16.8,Pune,20-10-2024
C105053,Suresh Tiwari,61,Salaried-Government,61000,779,22.9,Ahmedabad,29-06-2024
C105054,Dinesh Shah,23,Freelancer,59900,687,1.2,Pune,14-08-2024
C105055,Harsh Chatterjee,60,Salaried-Private,79200,659,26,Lucknow,26-08-2024
C105056,Kabir Jain,62,Salaried-Private,94300,659,20.2,Kolkata,07-04-2023
C105057,Kavya Mittal,57,Salaried-Government,60800,550,23.6,Pune,28-03-2023
C105058,Vikram Jain,32,Business Owner,65800,697,3.5,Hyderabad,20-04-2023
C105059,Pratibha Mishra,48,Retired,57400,695,14.3,Chennai,28-05-2023
C105060,Naina Rao,44,Student,17800,617,6.1,Bhopal,12-09-2024
C105061,Naina Singh,48,Salaried-Government,66800,543,23.2,Lucknow,26-01-2024
C105062,Mayank Pillai,48,Freelancer,66000,706,13,Ahmedabad,25-11-2023
C105063,Ananya Naidu,49,Salaried-Private,79400,718,17.7,Ahmedabad,16-02-2025
C105064,Hemant Naidu,43,Self-Employed,44700,718,11.9,Chennai,05-03-2024
C105065,Divya Bose,51,Student,24400,604,6.6,Kolkata,17-11-2024
C105066,Raj Kumar,44,Salaried-Government,60700,720,5.6,Indore,13-07-2024
C105067,Swati Pandey,21,Retired,53400,673,0,Bengaluru,18-06-2023
C105068,Swati Mukherjee,22,Salaried-Private,28700,753,0.7,Jaipur,29-11-2023
C105069,Manoj Iyer,63,Salaried-Private,78100,613,27.3,Chandigarh,16-09-2023
C105070,Mohit Srivastava,61,Self-Employed,77500,783,13.3,Delhi,07-10-2024
C105071,Hemant Bose,46,Student,12300,802,13.6,Jaipur,07-12-2023
C105072,Hemant Bhatia,28,Salaried-Private,71000,699,3.2,Jaipur,23-05-2024
C105073,Varun Menon,55,Freelancer,26800,716,20.3,Nagpur,12-02-2025
C105074,Mohit Krishnan,27,Salaried-Private,51600,750,2.6,Pune,28-11-2023
C105075,Rohan Sharma,37,Business Owner,129700,617,13.2,Chandigarh,30-05-2025
C105076,Jyoti Bansal,35,Self-Employed,58900,649,7.4,Delhi,02-07-2023
C105077,Reyansh Patel,21,Salaried-Private,36900,700,0,Jaipur,10-03-2023
C105078,Arjun Mishra,56,Business Owner,127600,861,24.2,Hyderabad,23-06-2023
C105079,Usha Dutta,43,Business Owner,88800,597,16.4,Surat,14-03-2024
C105080,Kabir Menon,34,Self-Employed,61500,820,6.6,Surat,27-01-2023
C105081,Ritika Desai,43,Salaried-Private,89300,677,6.1,Chennai,23-11-2023
C105082,Hemant Jain,21,Salaried-Private,31700,682,0,Bhopal,13-10-2023
C105083,Rekha Roy,40,Retired,35100,782,8.1,Ahmedabad,17-10-2023
C105084,Shweta Das,43,Business Owner,124500,860,15.7,Hyderabad,27-06-2023
C105085,Hemant Mehta,35,Freelancer,29900,718,9.2,Lucknow,25-03-2024
C105086,Rohan Tiwari,57,Business Owner,159200,797,14.5,Kolkata,07-09-2023
C105087,Jyoti Chatterjee,31,Freelancer,44500,613,2,Kolkata,08-10-2024
C105088,Divya Dubey,27,Salaried-Private,74900,648,3.9,Bengaluru,06-06-2024
C105089,Pooja Bansal,44,Salaried-Government,88900,585,13.7,Nagpur,15-06-2024
C105090,Jyoti Srivastava,60,Business Owner,98700,653,28.9,Pune,22-11-2024
C105091,Seema Chatterjee,37,Salaried-Private,51800,732,10.9,Jaipur,17-01-2024
C105092,Gaurav Patel,23,Salaried-Private,54900,705,0.7,Bengaluru,31-05-2023
C105093,Harsh Chatterjee,63,Self-Employed,99900,833,29.9,Mumbai,12-10-2024
C105094,Aisha Roy,40,Student,12900,846,10.3,Lucknow,29-04-2025
C105095,Gaurav Saxena,28,Business Owner,52300,676,4.2,Delhi,06-01-2024
C105096,Shaurya Mukherjee,48,Salaried-Private,95500,639,12.1,Lucknow,06-10-2024
C105097,Siddharth Kumar,35,Retired,29800,777,10.5,Mumbai,09-08-2024
C105098,Vijay Das,62,Salaried-Private,78500,792,13.8,Chennai,11-02-2023
C105099,Sneha Naidu,33,Salaried-Private,55800,723,4.1,Indore,01-06-2023
C105100,Pooja Malhotra,45,Retired,40700,742,8.8,Jaipur,07-09-2024
C105101,Diya Das,44,Freelancer,76100,735,17.3,Chennai,02-11-2023
C105102,Abhishek Nair,31,Student,12000,602,7.1,Delhi,25-08-2023
C105103,Tara Tripathi,42,Freelancer,46700,589,8.2,Bhopal,26-05-2024
C105104,Ramesh Tripathi,25,Business Owner,81000,688,1.2,Jaipur,15-05-2024
C105105,Mayank Yadav,49,Salaried-Private,56100,672,6.2,Ahmedabad,06-04-2025
C105106,Saanvi Kapoor,54,Salaried-Private,54800,710,22.4,Chandigarh,01-06-2025
C105107,Alok Chauhan,62,Student,23200,672,23.7,Indore,18-01-2023
C105108,Diya Shukla,35,Student,18800,546,9.7,Lucknow,16-02-2024
C105109,Pranav Yadav,33,Salaried-Government,81000,523,8.3,Kolkata,16-10-2024
C105110,Ruchi Nair,45,Salaried-Government,62500,748,19,Surat,03-11-2023
C105111,Ishaan Sharma,51,Salaried-Private,86600,639,14.7,Bhopal,11-03-2024
C105112,Aditya Roy,64,Salaried-Private,40500,667,33.5,Chennai,15-09-2024
C105113,Ravi Mehta,22,Student,12800,637,0.5,Lucknow,01-11-2024
C105114,Ramesh Tiwari,31,Salaried-Private,84900,619,7,Kolkata,30-04-2025
C105115,Sachin Joshi,32,Salaried-Government,114100,621,6.4,Hyderabad,14-04-2023
C105116,Pankaj Agarwal,32,Student,15700,763,9.3,Hyderabad,07-02-2024
C105117,Mayank Singh,41,Self-Employed,84500,673,9.2,Jaipur,16-06-2024
C105118,Tushar Desai,59,Salaried-Government,104100,746,25.9,Bengaluru,14-03-2025
C105119,Ananya Mittal,22,Salaried-Private,42900,747,0.6,Chennai,15-01-2024
C105120,Sachin Tripathi,56,Salaried-Private,61100,714,31.5,Pune,16-02-2023
C105121,Deepak Gupta,48,Salaried-Private,64500,753,6.9,Bengaluru,08-10-2023
C105122,Ramesh Joshi,48,Salaried-Private,93200,695,16.7,Chennai,18-04-2025
C105123,Naina Sen,50,Salaried-Private,49500,796,10.5,Chennai,30-01-2023
C105124,Shaurya Malhotra,26,Salaried-Private,37800,751,4.1,Mumbai,03-05-2025
C105125,Shreya Gupta,53,Salaried-Private,72500,767,24.2,Chennai,17-04-2024
C105126,Swati Gupta,31,Salaried-Private,73400,615,6.6,Surat,05-07-2023
C105127,Pallavi Saxena,43,Retired,33400,706,11.8,Kolkata,04-11-2023
C105128,Pooja Tiwari,50,Salaried-Private,80000,545,19.6,Pune,15-11-2023
C105129,Ananya Mittal,47,Salaried-Government,101000,807,15.3,Surat,09-04-2025
C105130,Aarav Saxena,35,Student,17500,632,5.6,Bengaluru,30-12-2024
C105131,Ishaan Krishnan,38,Salaried-Private,68900,651,13.2,Nagpur,06-11-2024
C105132,Nikhil Bose,41,Salaried-Government,66500,580,11.2,Delhi,13-01-2023
C105133,Reyansh Bhatia,22,Freelancer,72200,687,0.4,Kolkata,20-03-2023
C105134,Ishaan Mukherjee,52,Self-Employed,78800,670,20.6,Chandigarh,02-03-2025
C105135,Sneha Iyer,25,Salaried-Private,75400,837,0.9,Chandigarh,06-10-2023
C105136,Isha Joshi,41,Business Owner,158700,772,14.1,Ahmedabad,24-06-2023
C105137,Sneha Pillai,49,Business Owner,125900,657,14.8,Kolkata,22-08-2023
C105138,Neha Tripathi,24,Salaried-Government,39800,552,1.9,Indore,15-08-2024
C105139,Tarun Agarwal,64,Salaried-Private,47400,504,13.3,Ahmedabad,07-09-2024
C105140,Tara Khanna,37,Salaried-Private,55400,606,11.2,Mumbai,06-09-2023
C105141,Ravi Mittal,21,Freelancer,55400,581,0,Ahmedabad,01-06-2024
C105142,Naina Mukherjee,49,Salaried-Private,75100,719,20.1,Mumbai,11-01-2025
C105143,Rahul Reddy,45,Salaried-Private,108700,684,12.6,Indore,20-11-2023
C105144,Tara Bhatia,49,Self-Employed,87600,694,18.2,Hyderabad,30-04-2023
C105145,Varun Gupta,54,Student,20500,607,19.3,Bengaluru,19-07-2023
C105146,Pallavi Tiwari,41,Salaried-Private,40300,698,7.3,Surat,02-06-2025
C105147,Aarav Dubey,57,Salaried-Private,93000,580,7.8,Chennai,01-02-2024
C105148,Mayank Ghosh,37,Salaried-Government,66800,682,7.8,Chandigarh,09-10-2024
C105149,Rahul Garg,44,Business Owner,49000,753,17.7,Lucknow,14-08-2023
C105150,Abhishek Bansal,27,Salaried-Government,63400,660,2.6,Kolkata,14-02-2025
C105151,Rahul Kapoor,48,Student,16100,717,19.6,Chennai,20-06-2023
C105152,Mayank Kapoor,32,Salaried-Private,50900,529,7.1,Chennai,14-04-2023
C105153,Manish Chatterjee,51,Salaried-Private,67100,525,13.4,Mumbai,04-01-2025
C105154,Vishal Krishnan,56,Salaried-Government,54600,714,7,Indore,06-07-2024
C105155,Isha Das,58,Salaried-Private,60000,772,18.6,Hyderabad,21-05-2025
C105156,Mayank Chauhan,61,Salaried-Government,60100,669,19,Kolkata,23-04-2024
C105157,Sunita Ghosh,26,Freelancer,34500,856,1.5,Mumbai,10-11-2024
C105158,Vijay Pandey,27,Salaried-Private,37200,570,4.6,Kolkata,15-04-2024
C105159,Komal Sharma,61,Business Owner,88600,638,34.8,Chennai,26-02-2023
C105160,Suresh Naidu,37,Salaried-Private,43500,697,4.6,Kolkata,08-12-2023
C105161,Pari Sharma,22,Self-Employed,80500,729,0.4,Chennai,24-04-2025
C105162,Ananya Kumar,33,Salaried-Government,69700,643,7.7,Chandigarh,04-05-2025
C105163,Rajesh Verma,57,Self-Employed,109100,611,31.2,Nagpur,13-02-2024
C105164,Tarun Rao,36,Salaried-Private,98700,744,12.8,Surat,15-02-2025
C105165,Deepak Chauhan,24,Retired,42300,697,2.6,Bhopal,27-08-2023
C105166,Sneha Dutta,52,Student,22000,655,15.8,Ahmedabad,04-10-2023
C105167,Mohit Agarwal,29,Freelancer,59000,728,7.1,Delhi,25-11-2024
C105168,Pooja Shukla,36,Student,15600,671,6.8,Pune,02-03-2023
C105169,Vijay Nair,21,Salaried-Private,56000,677,0,Delhi,04-01-2023
C105170,Amit Bose,47,Self-Employed,75700,677,18,Mumbai,09-08-2023
C105171,Reyansh Mukherjee,40,Salaried-Private,42200,620,11.2,Nagpur,28-01-2023
C105172,Aarav Chauhan,59,Student,26000,610,28.9,Kolkata,13-05-2024
C105173,Lalit Das,35,Salaried-Private,60000,646,8.9,Lucknow,13-11-2024
C105174,Anjali Khanna,30,Salaried-Private,87600,695,7,Ahmedabad,30-07-2024
C105175,Diya Chaurasia,28,Business Owner,120100,548,3.1,Surat,25-05-2023
C105176,Tarun Nair,29,Salaried-Private,45700,762,3.2,Chennai,31-01-2025
C105177,Varun Pandey,40,Business Owner,135500,701,13.9,Jaipur,01-03-2024
C105178,Mayank Das,24,Salaried-Private,8000,595,1.6,Kolkata,02-10-2023
C105179,Diya Verma,38,Business Owner,156600,832,5.5,Bengaluru,17-04-2024
C105180,Manoj Ghosh,58,Student,19000,686,17.1,Jaipur,24-05-2023
C105181,Suresh Menon,54,Self-Employed,91100,586,25.1,Hyderabad,13-06-2025
C105182,Aditya Joshi,49,Salaried-Private,74700,816,23.7,Jaipur,20-02-2024
C105183,Ishaan Verma,60,Salaried-Private,93100,802,28.6,Ahmedabad,24-10-2023
C105184,Diya Gupta,55,Salaried-Private,62000,616,23.9,Chennai,14-09-2024
C105185,Ramesh Singh,49,Salaried-Private,23300,657,21.5,Ahmedabad,01-10-2023
C105186,Ananya Bhatia,58,Self-Employed,72900,654,12.6,Delhi,18-11-2024
C105187,Harsh Chatterjee,26,Salaried-Private,52600,536,3,Nagpur,02-03-2024
C105188,Ishaan Shah,57,Salaried-Private,28400,710,22.2,Jaipur,26-02-2025
C105189,Vivaan Mehta,33,Salaried-Private,60700,756,10.3,Mumbai,11-03-2024
C105190,Sneha Dutta,53,Student,17800,735,6.7,Bengaluru,06-08-2024
C105191,Gaurav Yadav,61,Salaried-Private,84000,695,35.2,Mumbai,08-05-2024
C105192,Atharv Dutta,42,Salaried-Private,58500,764,14.9,Hyderabad,25-05-2025
C105193,Geeta Kumar,24,Salaried-Government,104800,604,0.6,Indore,01-03-2025
C105194,Alok Sen,37,Salaried-Private,56300,833,9,Lucknow,12-02-2024
C105195,Amit Ghosh,38,Student,16300,620,4.2,Indore,30-09-2024
C105196,Tara Shah,62,Salaried-Private,67100,637,25.5,Kolkata,14-07-2023
C105197,Raj Shukla,62,Business Owner,52500,641,21.2,Chennai,14-02-2025
C105198,Arjun Shukla,46,Self-Employed,71100,638,18.5,Pune,08-07-2024
C105199,Seema Shah,62,Freelancer,72500,675,24.8,Chennai,14-12-2023
C105200,Aarav Bansal,40,Business Owner,114900,678,14.3,Indore,11-03-2025
C105201,Jyoti Krishnan,39,Freelancer,46500,697,8.2,Jaipur,24-11-2024
C105202,Manish Ghosh,57,Salaried-Government,42900,620,28.8,Bhopal,01-06-2023
C105203,Aarav Chauhan,50,Salaried-Government,86300,706,23.4,Hyderabad,14-05-2025
C105204,Manoj Chatterjee,43,Business Owner,110200,609,14.5,Indore,13-09-2023
C105205,Ruchi Tiwari,41,Self-Employed,94200,752,7.7,Indore,12-03-2023
C105206,Kavya Verma,52,Self-Employed,71800,748,27.7,Jaipur,11-11-2023
C105207,Akash Chauhan,54,Salaried-Private,34500,684,25.5,Chennai,27-01-2024
C105208,Ravi Agarwal,42,Salaried-Private,74100,639,16.7,Jaipur,10-03-2023
C105209,Hemant Verma,22,Salaried-Government,60700,713,0.2,Mumbai,20-06-2024
C105210,Manish Kumar,25,Salaried-Private,84400,621,3.1,Bengaluru,26-01-2024
C105211,Aarav Agarwal,27,Salaried-Government,63500,692,2.1,Kolkata,11-06-2024
C105212,Ankita Tripathi,41,Salaried-Private,62100,677,11.1,Nagpur,23-03-2024
C105213,Saanvi Reddy,48,Self-Employed,86800,900,18.7,Chandigarh,06-04-2024
C105214,Nitin Tripathi,56,Business Owner,82900,594,17.1,Hyderabad,19-05-2023
C105215,Raj Verma,31,Self-Employed,54500,474,3.7,Nagpur,10-01-2025
C105216,Jyoti Desai,55,Business Owner,98500,643,18.7,Kolkata,17-07-2024
C105217,Rahul Shah,50,Salaried-Private,48200,549,11.9,Surat,09-07-2023
C105218,Vikram Mishra,23,Salaried-Private,51200,629,1.3,Bhopal,10-04-2023
C105219,Alok Kumar,36,Business Owner,156100,599,4.2,Delhi,19-05-2025
C105220,Lalit Mittal,34,Freelancer,65900,617,6.3,Bengaluru,15-04-2024
C105221,Diya Chauhan,60,Business Owner,113500,611,24,Surat,28-12-2024
C105222,Ritika Ghosh,61,Business Owner,153700,780,35.7,Ahmedabad,08-03-2024
C105223,Shaurya Das,57,Business Owner,76000,687,19.7,Delhi,21-09-2023
C105224,Lalit Pandey,44,Business Owner,176900,792,11.5,Bengaluru,22-09-2023
C105225,Mohit Roy,42,Business Owner,81700,695,18.7,Bengaluru,30-01-2023
C105226,Ramesh Mehta,34,Business Owner,157300,777,11,Kolkata,08-05-2024
C105227,Akash Verma,55,Salaried-Private,108600,672,22.8,Chennai,10-10-2024
C105228,Ajay Mehta,24,Salaried-Private,21100,810,1.7,Indore,10-04-2023
C105229,Atharv Mishra,32,Salaried-Government,97200,732,4.3,Mumbai,24-01-2023
C105230,Saanvi Gupta,26,Self-Employed,61200,626,3.2,Ahmedabad,30-05-2023
C105231,Vijay Patel,42,Freelancer,43300,736,16.5,Pune,13-03-2024
C105232,Tara Dubey,34,Salaried-Private,70700,692,11.5,Delhi,11-04-2024
C105233,Rajesh Desai,29,Salaried-Private,38000,669,2.6,Chandigarh,07-06-2024
C105234,Diya Desai,37,Freelancer,58400,696,6.3,Chandigarh,26-01-2025
C105235,Vikram Chaurasia,58,Salaried-Private,51000,747,30.3,Mumbai,30-05-2025
C105236,Naina Kumar,45,Freelancer,56400,519,19.3,Jaipur,19-03-2025
C105237,Neha Sharma,57,Salaried-Private,96100,666,25.3,Kolkata,10-10-2023
C105238,Abhishek Pillai,61,Salaried-Government,85000,747,10.9,Mumbai,10-02-2024
C105239,Akash Rao,60,Salaried-Government,68200,710,27.1,Hyderabad,08-10-2024
C105240,Lalit Mishra,36,Salaried-Private,71800,600,7.9,Pune,27-08-2023
C105241,Karan Roy,59,Salaried-Private,42100,496,17.5,Jaipur,08-05-2025
C105242,Pankaj Srivastava,61,Salaried-Private,54200,824,15,Ahmedabad,24-04-2023
C105243,Akash Shukla,63,Salaried-Private,63200,674,17.7,Kolkata,21-02-2024
C105244,Komal Srivastava,36,Salaried-Private,76700,812,8.6,Lucknow,08-11-2024
C105245,Amit Kumar,31,Freelancer,54500,751,3.1,Bengaluru,19-04-2023
C105246,Deepak Bhatia,46,Salaried-Private,75700,627,13.9,Delhi,09-06-2025
C105247,Sunita Chauhan,62,Salaried-Government,76300,491,9.6,Bhopal,21-04-2023
C105248,Pari Iyer,60,Salaried-Private,54800,651,19,Hyderabad,16-08-2023
C105249,Gaurav Singh,46,Student,22700,680,21.8,Kolkata,17-12-2023
C105250,Shaurya Khanna,27,Freelancer,35200,721,4.3,Mumbai,01-08-2024
C105251,Sanya Joshi,39,Retired,45200,597,4.5,Nagpur,20-10-2023
C105252,Ravi Mittal,52,Student,20300,697,21.1,Lucknow,28-05-2024
C105253,Tushar Mukherjee,45,Salaried-Private,75900,705,8.1,Nagpur,12-10-2023
C105254,Rekha Shukla,36,Business Owner,74600,770,8,Nagpur,10-11-2023
C105255,Vivaan Menon,36,Salaried-Private,82100,667,6.1,Hyderabad,12-03-2024
C105256,Meera Awasthi,23,Student,13200,717,1.7,Ahmedabad,24-09-2023
C105257,Sachin Jain,33,Salaried-Government,87100,716,2.9,Indore,28-04-2024
C105258,Mayank Chaurasia,50,Salaried-Government,75600,761,23.7,Kolkata,11-01-2024
C105259,Jyoti Joshi,31,Student,10900,616,6.9,Lucknow,27-08-2023
C105260,Mohit Khanna,64,Freelancer,106400,450,19.5,Ahmedabad,29-12-2023
C105261,Aditya Bose,24,Retired,22300,664,2.4,Ahmedabad,01-02-2024
C105262,Shaurya Tripathi,46,Salaried-Private,82600,673,12.1,Ahmedabad,13-03-2024
C105263,Sunita Mishra,42,Salaried-Private,70100,597,14.5,Bhopal,09-08-2024
C105264,Aditya Chaurasia,57,Salaried-Private,68100,569,27.1,Kolkata,19-09-2023
C105265,Ravi Kapoor,60,Salaried-Government,80200,646,15.6,Ahmedabad,16-05-2024
C105266,Ravi Bose,44,Salaried-Government,58500,679,5.8,Kolkata,27-01-2024
C105267,Mohit Nair,48,Salaried-Private,74300,698,21.8,Kolkata,10-11-2024
C105268,Arjun Pandey,51,Freelancer,61100,506,10.9,Hyderabad,12-07-2024
C105269,Nikhil Patel,43,Salaried-Private,117400,557,18.7,Pune,04-09-2023
C105270,Geeta Mehta,29,Business Owner,125500,789,3.4,Surat,14-07-2023
C105271,Rahul Naidu,39,Student,17000,667,8.8,Bhopal,06-12-2023
C105272,Rajesh Pillai,31,Self-Employed,83800,692,5,Ahmedabad,13-11-2023
C105273,Vishal Kapoor,41,Salaried-Government,109000,589,10.6,Indore,13-05-2024
C105274,Shreya Reddy,48,Salaried-Private,46400,686,23.6,Nagpur,12-08-2023
C105275,Ananya Khanna,30,Salaried-Private,54900,658,3.3,Bengaluru,28-03-2025
C105276,Ajay Shah,31,Business Owner,31000,635,6.3,Hyderabad,20-01-2025
C105277,Ananya Tiwari,57,Salaried-Government,87200,576,14.6,Jaipur,04-07-2024
C105278,Aisha Kapoor,37,Salaried-Private,78400,622,4.7,Chennai,20-08-2024
C105279,Kavya Garg,29,Retired,24300,841,3.2,Delhi,17-09-2023
C105280,Suresh Saxena,52,Business Owner,146300,673,18.2,Chandigarh,18-05-2024
C105281,Ritika Srivastava,52,Freelancer,44900,749,19.4,Indore,03-02-2023
C105282,Pallavi Menon,57,Salaried-Government,67400,674,13.8,Hyderabad,04-05-2023
C105283,Swati Tiwari,54,Retired,47600,662,29.4,Hyderabad,08-04-2024
C105284,Priya Roy,64,Salaried-Private,104100,644,19.5,Bhopal,30-03-2023
C105285,Tara Joshi,46,Salaried-Private,47800,794,19.6,Mumbai,05-05-2025
C105286,Naina Khanna,33,Student,13900,711,2.7,Mumbai,27-10-2024
C105287,Komal Chaurasia,58,Student,25400,620,25.4,Chandigarh,23-08-2024
C105288,Seema Jain,32,Salaried-Government,77400,660,4.5,Bengaluru,18-03-2025
C105289,Sanjay Tripathi,33,Salaried-Private,71900,776,6.9,Surat,18-01-2024
C105290,Geeta Kumar,57,Salaried-Private,84600,465,28.3,Ahmedabad,13-02-2025
C105291,Meera Malhotra,59,Freelancer,50300,712,26.9,Ahmedabad,11-03-2023
C105292,Mayank Bose,35,Freelancer,76600,734,6.3,Nagpur,21-12-2024
C105293,Akash Mehta,53,Salaried-Private,65600,629,22.8,Surat,15-04-2023
C105294,Harsh Bose,61,Salaried-Private,66100,702,19.6,Hyderabad,21-04-2023
C105295,Tara Agarwal,56,Business Owner,145100,741,8.6,Chandigarh,31-10-2024
C105296,Ritika Jain,21,Business Owner,67800,591,0,Bengaluru,25-09-2024
C105297,Pari Mittal,50,Salaried-Government,79100,759,24.8,Bengaluru,12-10-2023
C105298,Rohan Mishra,28,Self-Employed,51500,711,1.8,Pune,17-05-2023
C105299,Rohan Tripathi,58,Retired,78000,679,25.2,Chennai,21-09-2023
C105300,Manoj Chatterjee,23,Salaried-Private,102000,703,1.6,Nagpur,24-02-2024
C105301,Neha Malhotra,64,Self-Employed,80600,748,26.6,Kolkata,27-07-2023
C105302,Aarav Awasthi,28,Self-Employed,81300,877,3.8,Ahmedabad,21-04-2025
C105303,Reyansh Rao,39,Self-Employed,73300,739,6.6,Surat,18-03-2025
C105304,Deepak Iyer,31,Student,11200,746,3.4,Ahmedabad,30-12-2023
C105305,Rohan Agarwal,56,Self-Employed,82900,707,16.7,Surat,02-10-2023
C105306,Sanjay Sen,38,Self-Employed,71800,842,11,Ahmedabad,28-06-2023
C105307,Isha Iyer,53,Salaried-Private,37400,568,13.4,Kolkata,09-06-2023
C105308,Nitin Reddy,23,Business Owner,97200,555,1.1,Indore,20-03-2023
C105309,Naina Srivastava,40,Salaried-Private,61800,701,11.8,Surat,27-11-2023
C105310,Pratibha Tiwari,61,Salaried-Private,77200,744,13.9,Delhi,15-03-2025
C105311,Arjun Roy,61,Salaried-Government,74800,485,28.8,Mumbai,01-10-2024
C105312,Shaurya Dutta,30,Self-Employed,61000,688,5.8,Ahmedabad,17-02-2023
C105313,Mayank Gupta,38,Retired,50300,673,10.4,Chennai,08-01-2024
C105314,Ajay Chatterjee,39,Business Owner,112300,756,9.6,Jaipur,24-10-2023
C105315,Rohan Sen,45,Freelancer,75900,725,10.9,Jaipur,19-11-2024
C105316,Shaurya Menon,44,Salaried-Private,74100,546,13.4,Bhopal,17-04-2024
C105317,Vivaan Patel,25,Self-Employed,62900,603,2.9,Chennai,05-09-2024
C105318,Usha Singh,54,Retired,53600,623,22.9,Lucknow,01-03-2023
C105319,Sachin Verma,30,Salaried-Government,20500,742,6.4,Nagpur,17-11-2023
C105320,Shreya Bansal,34,Freelancer,82900,722,4.5,Hyderabad,19-11-2023
C105321,Mohit Reddy,57,Self-Employed,87000,643,26.8,Nagpur,26-02-2025
C105322,Pallavi Pillai,51,Salaried-Private,110700,708,13,Nagpur,15-11-2024
C105323,Jyoti Khanna,38,Self-Employed,51900,603,6.2,Pune,08-03-2023
C105324,Vishal Mittal,61,Salaried-Private,48600,851,11.4,Chandigarh,30-05-2023
C105325,Mohit Mukherjee,38,Salaried-Private,69100,736,13.3,Hyderabad,23-10-2024
C105326,Tara Jain,45,Salaried-Private,71900,753,15.3,Mumbai,21-11-2023
C105327,Amit Dutta,31,Salaried-Private,65800,800,7.9,Hyderabad,02-04-2024
C105328,Sneha Chatterjee,29,Salaried-Government,67800,771,4.7,Delhi,10-12-2023
C105329,Sanjay Pandey,42,Student,14800,684,16.8,Ahmedabad,16-10-2023
C105330,Rahul Srivastava,45,Salaried-Government,37400,670,14.2,Hyderabad,24-04-2023
C105331,Ankita Desai,56,Freelancer,62500,792,22.8,Nagpur,03-01-2024
C105332,Ramesh Srivastava,38,Self-Employed,42000,688,4.1,Kolkata,17-12-2024
C105333,Pankaj Reddy,60,Salaried-Private,43100,626,26.1,Hyderabad,13-06-2024
C105334,Ramesh Shukla,47,Salaried-Private,57800,846,16.1,Chennai,05-06-2023
C105335,Ajay Malhotra,24,Student,10700,606,1.1,Chennai,04-09-2023
C105336,Siddharth Shukla,53,Self-Employed,126500,560,8.9,Delhi,03-10-2024
C105337,Seema Agarwal,46,Student,21200,762,11.1,Jaipur,30-06-2024
C105338,Shaurya Kapoor,38,Salaried-Private,90500,635,4.1,Mumbai,14-06-2025
C105339,Sanya Tripathi,41,Business Owner,116900,732,12.4,Jaipur,22-04-2024
C105340,Mayank Khanna,34,Freelancer,55100,833,7.6,Lucknow,05-05-2025
C105341,Sanjay Mittal,48,Retired,73900,581,22.7,Surat,22-11-2024
C105342,Kavya Naidu,45,Salaried-Private,38100,682,13.5,Mumbai,26-02-2025
C105343,Shreya Pandey,40,Retired,35600,804,13.5,Lucknow,11-06-2023
C105344,Riya Sharma,33,Salaried-Government,57900,743,8,Kolkata,20-12-2023
C105345,Tara Ghosh,38,Freelancer,65100,675,11.7,Chandigarh,17-11-2023
C105346,Ravi Shukla,42,Self-Employed,50900,878,8.8,Ahmedabad,01-04-2023
C105347,Ritika Mishra,41,Self-Employed,92300,686,9.8,Kolkata,04-04-2024
C105348,Sneha Menon,34,Salaried-Government,78500,723,3.7,Ahmedabad,20-02-2023
C105349,Nikhil Mehta,46,Freelancer,67000,821,16.4,Delhi,16-10-2024
C105350,Meera Pandey,30,Salaried-Private,74500,769,3.7,Ahmedabad,30-08-2023
C105351,Nikhil Nair,43,Salaried-Government,103100,801,12.9,Lucknow,30-10-2023
C105352,Abhishek Awasthi,26,Self-Employed,66800,618,4.2,Bhopal,09-08-2023
C105353,Tushar Mishra,41,Business Owner,113000,795,13.6,Jaipur,03-10-2023
C105354,Sneha Malhotra,55,Salaried-Government,57900,702,13.2,Pune,17-02-2024
C105355,Komal Nair,56,Business Owner,71100,631,19.6,Hyderabad,14-03-2025
C105356,Ananya Chatterjee,51,Salaried-Government,111300,714,18.6,Bhopal,28-04-2023
C105357,Nikhil Nair,53,Business Owner,74800,706,25.4,Bhopal,09-04-2023
C105358,Vishal Ghosh,23,Business Owner,109300,845,1.5,Chennai,14-10-2023
C105359,Rajesh Desai,36,Business Owner,111000,727,6.3,Chandigarh,16-10-2024
C105360,Pooja Pandey,49,Freelancer,74000,628,23.6,Bhopal,09-11-2024
C105361,Amit Sen,56,Self-Employed,40200,605,10.6,Ahmedabad,24-12-2024
C105362,Sanjay Tiwari,46,Salaried-Private,82800,688,9.8,Jaipur,02-09-2024
C105363,Sneha Dutta,58,Business Owner,100900,587,8.3,Nagpur,24-08-2023
C105364,Pari Reddy,33,Salaried-Private,47800,629,5,Surat,14-08-2024
C105365,Pooja Pillai,27,Salaried-Private,52400,668,2.9,Lucknow,29-01-2024
C105366,Nidhi Malhotra,24,Freelancer,61800,655,1.1,Indore,05-09-2024
C105367,Pankaj Menon,46,Salaried-Government,86600,751,5.2,Indore,12-04-2024
C105368,Vikram Mishra,50,Salaried-Government,69300,631,6,Chandigarh,18-04-2025
C105369,Komal Khanna,33,Retired,24100,486,10.2,Lucknow,24-11-2024
C105370,Pallavi Rao,55,Salaried-Private,47200,552,24.3,Hyderabad,03-06-2025
C105371,Dev Bansal,53,Salaried-Private,82900,691,22,Lucknow,25-02-2025
C105372,Nikhil Bansal,36,Salaried-Private,35400,638,11.3,Pune,21-03-2024
C105373,Manoj Agarwal,31,Salaried-Private,56600,589,6.9,Hyderabad,20-12-2023
C105374,Atharv Dutta,53,Business Owner,186600,864,7.8,Nagpur,09-09-2023
C105375,Neha Garg,50,Freelancer,63000,755,24.6,Ahmedabad,10-11-2023
C105376,Pooja Iyer,28,Self-Employed,86600,688,3.5,Surat,26-06-2023
C105377,Amit Awasthi,32,Salaried-Private,38200,704,5.7,Surat,13-11-2023
C105378,Aisha Verma,42,Self-Employed,44900,665,17.2,Surat,26-02-2025
C105379,Ajay Yadav,43,Salaried-Private,79700,591,7.5,Bhopal,25-06-2023
C105380,Pranav Tripathi,28,Business Owner,81800,774,2.9,Bhopal,28-02-2025
C105381,Priya Chatterjee,62,Self-Employed,110600,764,32.7,Indore,20-02-2023
C105382,Nidhi Bansal,38,Salaried-Private,64700,531,9.6,Indore,28-05-2023
C105383,Simran Kumar,37,Freelancer,107300,714,7.9,Delhi,11-03-2025
C105384,Divya Nair,23,Freelancer,37200,712,1.7,Ahmedabad,19-04-2024
C105385,Harsh Bose,59,Salaried-Private,78000,665,31.2,Lucknow,08-10-2023
C105386,Lalit Mittal,31,Self-Employed,50900,855,8.2,Bhopal,23-06-2023
C105387,Akash Sen,64,Self-Employed,110400,855,15,Hyderabad,11-01-2023
C105388,Vijay Pandey,42,Salaried-Private,74200,660,16.6,Bhopal,05-07-2023
C105389,Vikram Khanna,59,Salaried-Private,53000,670,25.1,Lucknow,11-05-2023
C105390,Sanya Kumar,28,Business Owner,83800,665,4.8,Kolkata,09-09-2024
C105391,Nitin Nair,28,Student,15500,633,1.6,Chennai,28-04-2025
C105392,Priya Desai,56,Self-Employed,112400,623,20.6,Jaipur,14-08-2023
C105393,Dinesh Mehta,57,Self-Employed,48900,727,12.7,Jaipur,24-02-2023
C105394,Rajesh Rao,44,Self-Employed,66400,846,19.5,Chennai,12-06-2025
C105395,Meera Dubey,22,Salaried-Government,103200,819,0.6,Kolkata,14-09-2024
C105396,Tara Agarwal,62,Salaried-Private,70100,753,25.9,Jaipur,23-12-2023
C105397,Komal Sharma,38,Salaried-Government,73500,498,6.3,Indore,03-12-2024
C105398,Pallavi Menon,62,Student,28000,535,20.3,Bengaluru,18-09-2024
C105399,Tarun Chaurasia,59,Freelancer,39500,771,21.7,Surat,04-11-2024
C105400,Aisha Shah,58,Student,20500,812,28.4,Delhi,02-06-2023
C105401,Simran Mishra,51,Salaried-Private,62500,733,18.8,Hyderabad,28-10-2023
C105402,Manish Yadav,50,Self-Employed,108900,671,8.1,Bhopal,13-04-2024
C105403,Aarav Pillai,44,Self-Employed,102100,803,11.9,Surat,29-07-2024
C105404,Karan Joshi,22,Salaried-Private,71800,751,0.4,Hyderabad,15-05-2024
C105405,Aarav Srivastava,38,Salaried-Private,61000,780,9.8,Surat,11-09-2023
C105406,Sanjay Mukherjee,53,Freelancer,76500,542,16.9,Nagpur,30-11-2023
C105407,Sanya Reddy,56,Business Owner,100300,722,7.5,Pune,10-01-2024
C105408,Vikram Sharma,45,Self-Employed,91900,835,8.3,Chandigarh,09-03-2023
C105409,Hemant Bhatia,52,Salaried-Private,87600,735,20.5,Hyderabad,17-01-2025
C105410,Ruchi Dutta,21,Self-Employed,109100,772,0,Pune,06-08-2024
C105411,Geeta Khanna,41,Salaried-Private,63900,692,4.7,Indore,29-06-2024
C105412,Manoj Ghosh,43,Salaried-Private,58500,697,13.6,Delhi,20-11-2024
C105413,Tushar Mukherjee,60,Self-Employed,115100,809,21.5,Bengaluru,26-02-2024
C105414,Riya Tripathi,34,Salaried-Private,89600,639,4,Mumbai,13-06-2024
C105415,Akash Bansal,31,Retired,31700,623,2,Bengaluru,10-09-2024
C105416,Arjun Dutta,36,Salaried-Government,44400,648,6.5,Chandigarh,07-08-2024
C105417,Deepak Tiwari,28,Salaried-Private,84200,694,5.2,Jaipur,28-10-2024
C105418,Pratibha Pillai,45,Salaried-Private,33800,556,7,Delhi,04-03-2023
C105419,Pooja Reddy,49,Business Owner,48200,745,24.1,Chennai,17-04-2025
C105420,Tarun Kapoor,56,Salaried-Private,65600,676,20.3,Bhopal,19-04-2024
C105421,Nidhi Kumar,63,Salaried-Private,73800,759,30.7,Kolkata,22-11-2024
C105422,Raj Kapoor,24,Salaried-Government,38400,516,2.7,Lucknow,06-02-2023
C105423,Atharv Chauhan,31,Salaried-Private,63400,758,3.8,Chennai,06-03-2024
C105424,Vikram Bhatia,34,Self-Employed,77600,798,7.9,Indore,13-02-2024
C105425,Dev Sharma,31,Salaried-Government,53900,723,4.4,Pune,16-07-2023
C105426,Isha Bhatia,57,Salaried-Private,110100,698,9.3,Nagpur,14-03-2025
C105427,Anjali Bansal,27,Freelancer,53300,757,4.5,Ahmedabad,28-02-2024
C105428,Manish Sharma,22,Salaried-Government,85700,794,0.2,Chandigarh,14-03-2025
C105429,Priya Reddy,58,Self-Employed,45900,728,29.9,Jaipur,31-01-2024
C105430,Swati Dubey,63,Salaried-Private,42500,734,31.8,Surat,16-06-2024
C105431,Isha Iyer,30,Self-Employed,80600,824,5.8,Delhi,23-06-2024
C105432,Aisha Jain,35,Salaried-Private,97700,755,8.6,Chandigarh,24-07-2024
C105433,Neha Desai,43,Salaried-Government,47100,623,17.4,Ahmedabad,16-07-2024
C105434,Dinesh Khanna,44,Salaried-Private,67100,791,5.5,Hyderabad,22-12-2024
C105435,Priya Bhatia,64,Retired,35400,675,30.8,Lucknow,15-07-2023
C105436,Hemant Menon,38,Salaried-Private,47400,689,5.5,Chandigarh,06-10-2024
C105437,Shreya Garg,21,Student,8800,689,0,Lucknow,26-12-2024
C105438,Gaurav Pandey,39,Student,14000,759,7.5,Indore,07-01-2025
C105439,Amit Mehta,45,Salaried-Government,41400,826,10.3,Chennai,07-01-2024
C105440,Sunita Tripathi,43,Salaried-Private,37200,687,7.4,Bengaluru,14-01-2024
C105441,Dev Gupta,43,Salaried-Government,27800,822,15.3,Jaipur,09-12-2024
C105442,Isha Agarwal,61,Retired,54700,701,23.6,Pune,08-04-2024
C105443,Shreya Mehta,56,Self-Employed,94300,806,29.5,Pune,15-01-2023
C105444,Mayank Gupta,32,Self-Employed,84600,708,8.1,Surat,07-11-2024
C105445,Tara Joshi,36,Salaried-Private,42800,647,11.7,Mumbai,23-11-2024
C105446,Abhishek Malhotra,50,Freelancer,71700,844,24.1,Ahmedabad,04-04-2024
C105447,Hemant Pillai,39,Salaried-Private,76300,644,13.8,Ahmedabad,09-05-2024
C105448,Tarun Saxena,39,Salaried-Private,62300,636,5.1,Mumbai,21-04-2024
C105449,Pankaj Mukherjee,28,Salaried-Private,54700,587,2.3,Lucknow,16-01-2024
C105450,Nitin Roy,32,Salaried-Government,50600,788,5.3,Bhopal,19-09-2024
C105451,Komal Pillai,53,Student,21600,803,13.8,Nagpur,09-05-2023
C105452,Manish Chauhan,58,Freelancer,84700,722,30.3,Nagpur,17-09-2023
C105453,Tushar Sen,55,Salaried-Private,91400,615,19.3,Delhi,09-03-2025
C105454,Manoj Bhatia,34,Salaried-Government,60100,688,10.6,Hyderabad,22-12-2024
C105455,Swati Bose,27,Freelancer,55000,664,2.8,Ahmedabad,17-02-2023
C105456,Anjali Sharma,28,Self-Employed,42400,603,5.8,Jaipur,04-06-2023
C105457,Sunita Kapoor,38,Salaried-Private,76400,652,4.3,Nagpur,13-04-2023
C105458,Kavya Shukla,43,Salaried-Government,51000,728,11.3,Chennai,11-05-2025
C105459,Pratibha Pandey,60,Self-Employed,98200,646,32.4,Kolkata,31-01-2025
C105460,Deepak Krishnan,60,Retired,84200,715,20.1,Lucknow,31-05-2024
C105461,Amit Dutta,21,Business Owner,69800,548,0,Indore,11-09-2024
C105462,Kabir Desai,52,Salaried-Private,125900,833,14,Lucknow,09-07-2024
C105463,Sunita Roy,34,Business Owner,108900,665,10.1,Lucknow,29-01-2025
C105464,Ishaan Dutta,29,Salaried-Private,43200,756,5.1,Nagpur,08-04-2025
C105465,Raj Sen,45,Student,15500,697,18.4,Bhopal,24-05-2025
C105466,Pranav Mukherjee,22,Salaried-Government,112900,729,0.6,Bhopal,04-11-2023
C105467,Pratibha Das,35,Salaried-Private,70500,600,9,Chandigarh,03-11-2023
C105468,Rohan Yadav,45,Salaried-Government,57600,627,13.7,Chennai,14-04-2023
C105469,Ananya Srivastava,32,Salaried-Private,55300,629,6.6,Delhi,29-12-2024
C105470,Karan Khanna,47,Salaried-Private,74000,693,17.7,Chandigarh,12-01-2024
C105471,Tushar Tiwari,41,Self-Employed,73800,797,5.7,Chandigarh,04-02-2023
C105472,Dev Malhotra,56,Freelancer,63500,724,25.8,Surat,15-01-2025
C105473,Vivaan Dutta,28,Freelancer,75200,619,3.1,Delhi,31-03-2025
C105474,Hemant Mukherjee,23,Salaried-Government,36500,692,0.4,Nagpur,08-02-2025
C105475,Simran Mehta,44,Salaried-Private,77100,685,15,Chandigarh,27-07-2024
C105476,Karan Kapoor,32,Salaried-Government,63300,661,6.9,Surat,25-02-2025
C105477,Pooja Das,52,Salaried-Government,61900,688,22,Ahmedabad,23-03-2025
C105478,Pari Mukherjee,25,Salaried-Private,78000,752,3.6,Mumbai,04-05-2024
C105479,Manish Joshi,46,Student,13900,624,13.1,Lucknow,22-05-2024
C105480,Pallavi Ghosh,64,Retired,21800,655,37.9,Pune,18-10-2023
C105481,Aisha Krishnan,25,Salaried-Private,61100,767,2.4,Mumbai,21-07-2024
C105482,Anjali Mishra,34,Freelancer,47000,724,5.9,Mumbai,16-06-2025
C105483,Sachin Dubey,58,Self-Employed,48300,789,25,Delhi,16-04-2025
C105484,Arjun Mittal,44,Salaried-Private,30000,799,7.8,Chennai,31-01-2025
C105485,Pankaj Krishnan,28,Self-Employed,115100,588,6.1,Delhi,30-09-2023
C105486,Karan Srivastava,30,Salaried-Private,67900,713,4.6,Delhi,12-11-2024
C105487,Anjali Chaurasia,54,Salaried-Private,68600,649,6.8,Pune,06-11-2023
C105488,Ajay Mukherjee,58,Retired,74100,595,24.4,Mumbai,16-01-2023
C105489,Rajesh Mittal,36,Self-Employed,96500,631,4.3,Bengaluru,05-02-2025
C105490,Rajesh Singh,41,Salaried-Private,98400,670,5.2,Pune,01-10-2023
C105491,Riya Iyer,55,Salaried-Government,48100,663,7.4,Mumbai,18-05-2025
C105492,Naina Bhatia,28,Retired,21200,634,5.7,Hyderabad,06-05-2024
C105493,Dinesh Krishnan,30,Salaried-Government,77700,690,2,Indore,23-08-2024
C105494,Kabir Awasthi,55,Student,23100,879,19.6,Ahmedabad,02-06-2024
C105495,Vishal Mehta,29,Student,15200,544,4.3,Chandigarh,23-01-2024
C105496,Manoj Bansal,54,Salaried-Private,35600,776,27.6,Ahmedabad,28-03-2025
C105497,Sanya Iyer,42,Business Owner,118900,696,17.6,Jaipur,10-04-2023
C105498,Hemant Agarwal,64,Business Owner,136900,665,36.3,Delhi,26-05-2023
C105499,Tushar Joshi,22,Freelancer,59400,527,0.5,Lucknow,30-06-2024
C105500,Rohan Rao,62,Salaried-Government,68000,751,21.8,Chennai,20-05-2025
C105501,Meera Verma,30,Salaried-Private,69000,575,7,Chennai,11-01-2025
C105502,Aarav Bansal,22,Salaried-Private,39900,752,0.3,Hyderabad,28-09-2024
C105503,Rahul Awasthi,52,Self-Employed,71400,830,8.7,Lucknow,09-04-2023
C105504,Divya Bhatia,44,Freelancer,36500,582,19.4,Surat,22-02-2023
C105505,Saanvi Kumar,57,Freelancer,46300,780,7.9,Kolkata,19-09-2023
C105506,Vijay Sen,25,Self-Employed,61800,691,1.9,Pune,05-10-2024
C105507,Shreya Joshi,24,Salaried-Private,46400,519,1,Delhi,02-04-2023
C105508,Aditya Mishra,45,Salaried-Private,49400,591,6.2,Bhopal,16-11-2023
C105509,Raj Awasthi,59,Freelancer,38400,700,33.5,Surat,02-11-2023
C105510,Riya Bose,38,Self-Employed,119900,730,5.4,Jaipur,17-05-2023
C105511,Tara Shukla,56,Freelancer,50000,561,17.6,Nagpur,03-06-2024
C105512,Pooja Naidu,60,Salaried-Private,77200,694,14.8,Delhi,03-08-2023
C105513,Nidhi Bhatia,59,Salaried-Government,37000,751,20.7,Hyderabad,28-04-2023
C105514,Ramesh Jain,43,Student,21100,763,16.2,Indore,25-01-2024
C105515,Mayank Pillai,51,Salaried-Private,70300,657,19.9,Mumbai,02-03-2024
C105516,Rajesh Krishnan,44,Salaried-Private,55300,723,13.8,Chennai,04-07-2023
C105517,Gaurav Mehta,50,Business Owner,85700,778,16.2,Chandigarh,13-01-2023
C105518,Ritika Mishra,45,Self-Employed,96500,762,7,Jaipur,06-03-2023
C105519,Usha Verma,44,Retired,8000,752,11.1,Chennai,11-01-2025
C105520,Arjun Iyer,40,Student,13400,691,15.8,Pune,09-01-2025
C105521,Mayank Pillai,49,Business Owner,95400,686,21.7,Ahmedabad,31-08-2024
C105522,Riya Dubey,54,Salaried-Private,65600,711,8.1,Hyderabad,29-08-2023
C105523,Simran Yadav,61,Salaried-Government,131600,638,31.5,Mumbai,07-08-2024
C105524,Jyoti Malhotra,47,Student,17600,771,20.3,Surat,09-04-2025
C105525,Sachin Kumar,25,Salaried-Government,83900,570,3,Mumbai,01-02-2025
C105526,Ruchi Desai,46,Retired,64700,649,19.3,Lucknow,29-09-2024
C105527,Raj Sen,34,Business Owner,114700,694,11.5,Lucknow,05-05-2023
C105528,Tarun Rao,22,Salaried-Private,41900,723,0.2,Nagpur,06-02-2024
C105529,Arjun Saxena,24,Self-Employed,36400,738,1.4,Nagpur,20-05-2025
C105530,Divya Rao,47,Business Owner,122300,817,22.8,Nagpur,01-12-2024
C105531,Nidhi Khanna,62,Salaried-Private,104300,701,24.1,Jaipur,12-02-2023
C105532,Saanvi Rao,43,Salaried-Private,74700,633,14.9,Delhi,03-03-2025
C105533,Harsh Kumar,40,Business Owner,135100,688,8.6,Bhopal,06-02-2024
C105534,Pooja Yadav,24,Salaried-Private,108000,670,1,Indore,17-05-2023
C105535,Dev Pillai,50,Salaried-Private,83300,734,25.7,Hyderabad,02-01-2023
C105536,Mohit Patel,23,Business Owner,53600,602,0.9,Pune,01-01-2024
C105537,Vishal Dutta,58,Freelancer,59600,674,21.9,Delhi,08-04-2025
C105538,Ishaan Joshi,56,Self-Employed,112900,826,13,Chennai,29-06-2024
C105539,Manoj Mittal,64,Retired,47200,701,37.7,Pune,05-03-2024
C105540,Simran Bhatia,33,Student,17600,598,4.6,Indore,12-04-2024
C105541,Pratibha Mehta,28,Salaried-Government,61800,662,5.9,Hyderabad,04-09-2023
C105542,Ramesh Mishra,34,Salaried-Private,66900,511,5.3,Bengaluru,17-01-2023
C105543,Sachin Bhatia,56,Freelancer,52400,683,30.2,Surat,04-02-2024
C105544,Tarun Patel,30,Salaried-Private,61800,821,4.1,Lucknow,15-06-2023
C105545,Dev Joshi,60,Freelancer,63000,594,31.6,Nagpur,06-05-2025
C105546,Tushar Verma,27,Self-Employed,29800,567,3.7,Chandigarh,14-08-2023
C105547,Sanya Khanna,23,Salaried-Government,51600,635,0.6,Hyderabad,27-07-2023
C105548,Divya Dutta,30,Self-Employed,40000,759,3.7,Lucknow,10-02-2024
C105549,Mohit Dutta,54,Self-Employed,69400,826,24.2,Indore,07-11-2023
C105550,Deepak Agarwal,47,Student,16300,718,17.3,Bhopal,28-06-2024
C105551,Suresh Mukherjee,36,Salaried-Private,81200,589,6.7,Jaipur,10-01-2023
C105552,Dinesh Chaurasia,49,Student,22500,681,9.4,Chennai,25-05-2025
C105553,Kavya Mittal,49,Salaried-Private,77400,834,21.8,Delhi,17-07-2023
C105554,Shreya Saxena,45,Freelancer,33300,660,15.3,Pune,20-08-2024
C105555,Nikhil Bose,43,Student,16800,693,14.9,Jaipur,06-03-2025
C105556,Manoj Joshi,25,Salaried-Government,32500,704,2.1,Nagpur,12-02-2023
C105557,Nikhil Kapoor,32,Salaried-Private,56500,564,4.9,Kolkata,07-03-2024
C105558,Manoj Tripathi,44,Freelancer,63600,769,10.8,Lucknow,18-06-2024
C105559,Riya Mehta,26,Freelancer,61900,757,1.1,Chandigarh,30-03-2023
C105560,Tara Gupta,41,Salaried-Private,72500,531,17.2,Ahmedabad,17-08-2024
C105561,Manish Tiwari,26,Self-Employed,98200,588,2.3,Chandigarh,18-01-2025
C105562,Tara Sharma,55,Freelancer,61800,611,18.3,Bhopal,25-04-2023
C105563,Kavya Patel,25,Salaried-Private,51900,747,1.8,Surat,31-01-2025
C105564,Kavya Kapoor,25,Self-Employed,88600,633,1.8,Lucknow,27-02-2024
C105565,Meera Das,49,Salaried-Government,91600,725,19,Lucknow,30-05-2025
C105566,Pari Yadav,30,Salaried-Private,48100,672,6,Nagpur,15-09-2023
C105567,Shreya Sen,36,Freelancer,56100,694,11.5,Surat,25-02-2023
C105568,Deepak Chaurasia,34,Salaried-Private,54300,727,3.3,Delhi,15-08-2024
C105569,Pranav Malhotra,30,Student,8000,702,7.3,Hyderabad,31-01-2024
C105570,Aisha Chaurasia,54,Self-Employed,89800,691,28.7,Chennai,26-07-2024
C105571,Rekha Iyer,51,Self-Employed,46900,713,26.8,Indore,07-03-2025
C105572,Dev Gupta,31,Salaried-Government,71700,708,2.9,Mumbai,15-02-2025
C105573,Hemant Patel,51,Salaried-Government,38700,669,16.2,Hyderabad,17-04-2023
C105574,Rekha Nair,52,Freelancer,44900,652,26.6,Lucknow,02-03-2023
C105575,Sunita Tripathi,44,Business Owner,83300,842,16.8,Jaipur,23-11-2023
C105576,Sneha Kumar,46,Freelancer,73200,655,6.1,Mumbai,30-04-2023
C105577,Sanya Pillai,62,Salaried-Government,65200,799,33.2,Chandigarh,25-03-2025
C105578,Kabir Dutta,40,Salaried-Private,41100,631,15,Mumbai,08-05-2024
C105579,Mohit Chaurasia,37,Salaried-Private,68700,755,11.9,Delhi,24-03-2023
C105580,Suresh Saxena,44,Freelancer,49700,830,11.2,Bhopal,15-05-2024
C105581,Tara Kumar,57,Salaried-Government,92300,666,23.1,Ahmedabad,15-10-2024
C105582,Sanjay Singh,52,Self-Employed,54100,634,21.7,Jaipur,27-11-2024
C105583,Geeta Chauhan,24,Salaried-Government,66300,655,1.4,Mumbai,04-05-2025
C105584,Komal Pandey,41,Salaried-Government,122800,696,15,Bengaluru,10-07-2024
C105585,Rohan Desai,53,Business Owner,93100,719,12.5,Hyderabad,25-06-2024
C105586,Pranav Naidu,30,Self-Employed,74100,687,3,Pune,21-02-2023
C105587,Arjun Srivastava,64,Retired,30300,650,34.5,Surat,02-03-2025
C105588,Shreya Mittal,56,Salaried-Private,51900,844,15.3,Pune,28-11-2024
C105589,Sachin Mittal,58,Self-Employed,91800,677,8.9,Indore,20-12-2024
C105590,Karan Pandey,24,Salaried-Private,49600,637,2.3,Hyderabad,25-05-2025
C105591,Pallavi Kapoor,46,Freelancer,63800,756,19,Chennai,26-12-2024
C105592,Tushar Roy,44,Self-Employed,85400,760,17.5,Delhi,24-01-2024
C105593,Ritika Mukherjee,48,Salaried-Government,42300,799,11.8,Bhopal,20-07-2024
C105594,Mohit Roy,58,Freelancer,75000,845,23,Surat,06-03-2025
C105595,Rekha Sen,36,Salaried-Government,39200,713,3.1,Kolkata,05-03-2023
C105596,Ankita Sharma,44,Salaried-Private,48900,664,4.6,Bhopal,14-05-2023
C105597,Hemant Mishra,50,Salaried-Government,77100,539,11.1,Chandigarh,26-12-2023
C105598,Rekha Naidu,54,Salaried-Private,99500,619,18.7,Ahmedabad,16-08-2024
C105599,Ritika Kapoor,54,Student,18400,699,20.5,Bhopal,20-01-2025
C105600,Pari Patel,35,Business Owner,98300,600,4.1,Hyderabad,05-10-2023
C105601,Meera Singh,64,Freelancer,63700,562,34.7,Surat,03-07-2023
C105602,Hemant Srivastava,21,Student,10200,686,0,Ahmedabad,20-06-2023
C105603,Shaurya Sen,42,Freelancer,71300,752,6,Ahmedabad,28-09-2023
C105604,Nidhi Dubey,47,Salaried-Government,62000,669,20.2,Surat,24-02-2023
C105605,Saanvi Naidu,23,Salaried-Private,76000,763,1.3,Jaipur,06-04-2024
C105606,Aditya Shah,40,Salaried-Government,97400,743,10.5,Nagpur,14-02-2025
C105607,Shaurya Shah,47,Student,24000,775,14.1,Lucknow,16-01-2024
C105608,Aarav Shukla,47,Student,20200,856,18.8,Ahmedabad,13-03-2024
C105609,Nitin Pandey,26,Freelancer,48500,896,1.7,Bhopal,05-01-2025
C105610,Rahul Chaurasia,33,Salaried-Private,50300,746,7.5,Nagpur,12-01-2023
C105611,Swati Verma,31,Salaried-Private,29800,647,3.8,Jaipur,26-05-2025
C105612,Gaurav Menon,49,Student,18600,687,7.3,Hyderabad,03-07-2023
C105613,Aisha Desai,35,Salaried-Private,62800,815,8.2,Indore,07-04-2023
C105614,Nidhi Verma,46,Self-Employed,73400,619,9.7,Surat,15-06-2024
C105615,Sanya Pillai,53,Salaried-Government,86400,808,23,Pune,17-01-2023
C105616,Ritika Bansal,56,Salaried-Private,39900,672,22.9,Ahmedabad,08-02-2024
C105617,Pari Yadav,29,Business Owner,85400,710,2.9,Chandigarh,27-11-2024
C105618,Harsh Mishra,60,Retired,72500,626,31.3,Surat,10-09-2024
C105619,Swati Dutta,28,Freelancer,62700,583,3.1,Surat,09-03-2023
C105620,Dinesh Malhotra,21,Salaried-Government,74100,668,0,Chandigarh,17-10-2024
C105621,Pooja Gupta,22,Salaried-Government,69500,794,0.4,Delhi,04-08-2023
C105622,Manoj Mittal,29,Student,10400,625,2.7,Pune,15-06-2023
C105623,Sneha Dutta,59,Self-Employed,39100,814,30.5,Kolkata,11-11-2023
C105624,Swati Mukherjee,30,Salaried-Government,74200,645,7.6,Hyderabad,05-02-2024
C105625,Kabir Srivastava,51,Business Owner,21700,597,13.4,Chandigarh,26-09-2023
C105626,Nikhil Bose,39,Salaried-Private,55700,708,7.6,Hyderabad,24-04-2024
C105627,Vijay Joshi,22,Salaried-Private,55300,742,0.7,Lucknow,06-08-2024
C105628,Naina Singh,40,Student,14500,697,6.8,Ahmedabad,11-03-2023
C105629,Manish Malhotra,22,Self-Employed,118500,709,0.8,Jaipur,07-09-2023
C105630,Rohan Kapoor,41,Salaried-Private,99500,823,4.1,Mumbai,04-10-2023
C105631,Tushar Menon,45,Salaried-Private,85300,700,7.2,Chandigarh,30-06-2024
C105632,Kabir Krishnan,43,Retired,30700,646,6.3,Hyderabad,20-08-2023
C105633,Karan Mishra,33,Self-Employed,116900,606,5.1,Indore,18-09-2024
C105634,Vishal Chaurasia,54,Self-Employed,94100,796,26.6,Nagpur,15-10-2024
C105635,Atharv Khanna,47,Salaried-Private,46600,652,16.8,Bengaluru,20-01-2023
C105636,Amit Chatterjee,32,Retired,37800,659,3,Mumbai,22-07-2024
C105637,Mohit Mittal,40,Student,18700,766,4.8,Hyderabad,27-11-2023
C105638,Shweta Mukherjee,25,Self-Employed,53200,852,1.6,Chennai,20-09-2023
C105639,Lalit Chaurasia,61,Salaried-Private,73800,711,25.4,Nagpur,16-02-2023
C105640,Naina Mehta,54,Business Owner,111300,685,20.3,Delhi,13-03-2024
C105641,Dinesh Kapoor,33,Freelancer,31200,684,3.4,Hyderabad,20-11-2024
C105642,Akash Mukherjee,50,Freelancer,51300,651,21.2,Bengaluru,21-05-2023
C105643,Rajesh Desai,50,Retired,32300,656,18.6,Bhopal,22-02-2023
C105644,Tarun Reddy,47,Self-Employed,97200,666,23.1,Lucknow,06-05-2023
C105645,Manish Yadav,23,Salaried-Private,37600,758,1.2,Kolkata,14-02-2025
C105646,Neha Naidu,59,Salaried-Government,82100,685,16.3,Bhopal,05-07-2023
C105647,Tara Reddy,63,Freelancer,38600,794,11.9,Pune,01-02-2025
C105648,Rekha Gupta,63,Salaried-Private,49100,678,35.4,Hyderabad,20-06-2023
C105649,Rohan Rao,64,Salaried-Private,48600,657,9.7,Lucknow,10-04-2024
C105650,Anjali Menon,61,Business Owner,94700,796,17.8,Indore,06-02-2024
C105651,Komal Pandey,53,Salaried-Government,77300,693,18.3,Chandigarh,28-04-2025
C105652,Neha Mishra,23,Freelancer,50600,677,1.2,Mumbai,03-09-2023
C105653,Ramesh Bose,41,Salaried-Private,27600,686,12.2,Chennai,26-11-2023
C105654,Pranav Singh,31,Salaried-Private,55600,805,7,Nagpur,06-02-2024
C105655,Vishal Pandey,30,Salaried-Private,43600,711,2.6,Mumbai,30-09-2023
C105656,Meera Mukherjee,57,Business Owner,119500,797,25.3,Kolkata,31-05-2023
C105657,Atharv Chauhan,56,Freelancer,53700,669,28.8,Chandigarh,13-04-2023
C105658,Deepak Patel,43,Salaried-Government,67500,777,4.9,Indore,17-06-2024
C105659,Dinesh Chaurasia,53,Salaried-Government,56900,707,7.2,Lucknow,16-10-2024
C105660,Sanjay Pillai,26,Salaried-Private,91500,764,4.5,Indore,02-06-2023
C105661,Ajay Tiwari,30,Business Owner,50500,764,3.8,Delhi,18-01-2024
C105662,Saanvi Mehta,58,Retired,43000,611,19.2,Chennai,27-09-2024
C105663,Saanvi Sharma,40,Freelancer,53300,693,7.9,Mumbai,30-05-2025
C105664,Shweta Das,45,Salaried-Private,59600,765,14.1,Bhopal,28-04-2023
C105665,Usha Agarwal,41,Self-Employed,55700,777,14,Surat,22-02-2025
C105666,Shaurya Chauhan,29,Salaried-Private,22000,783,5.9,Indore,14-12-2023
C105667,Pankaj Saxena,57,Salaried-Private,55600,696,16.2,Surat,06-04-2024
C105668,Reyansh Mukherjee,54,Salaried-Private,49000,810,12.6,Surat,01-03-2023
C105669,Sachin Dutta,51,Salaried-Private,100600,642,17.5,Chandigarh,11-02-2024
C105670,Rahul Naidu,36,Salaried-Private,106300,576,7,Ahmedabad,15-09-2023
C105671,Pankaj Tripathi,49,Freelancer,54400,665,17.8,Indore,31-07-2023
C105672,Nidhi Agarwal,62,Salaried-Private,43300,782,25.8,Nagpur,26-02-2025
C105673,Komal Mehta,49,Freelancer,67000,603,23.1,Surat,18-05-2023
C105674,Ishaan Sharma,42,Student,13700,564,4.3,Pune,01-08-2023
C105675,Ajay Verma,32,Self-Employed,57200,550,3,Surat,06-08-2023
C105676,Ananya Desai,44,Salaried-Government,55900,747,17.3,Nagpur,28-11-2024
C105677,Naina Rao,37,Freelancer,42400,570,9.7,Kolkata,10-05-2024
C105678,Simran Gupta,47,Salaried-Private,58300,732,6.3,Chandigarh,16-02-2024
C105679,Harsh Patel,23,Salaried-Government,32400,658,1.7,Jaipur,08-05-2023
C105680,Komal Mukherjee,29,Salaried-Government,48300,625,5.2,Ahmedabad,22-12-2023
C105681,Geeta Garg,55,Freelancer,73900,611,18.4,Nagpur,06-03-2025
C105682,Divya Bose,37,Freelancer,49900,703,11.9,Pune,24-03-2024
C105683,Simran Srivastava,40,Freelancer,53600,627,11.7,Mumbai,20-05-2025
C105684,Pallavi Das,44,Business Owner,25800,683,10.6,Chandigarh,10-02-2023
C105685,Ritika Joshi,40,Self-Employed,96300,726,7.7,Jaipur,28-08-2023
C105686,Ruchi Naidu,54,Freelancer,46200,735,17.1,Mumbai,17-05-2023
C105687,Manish Iyer,31,Student,15600,757,5.3,Hyderabad,03-08-2024
C105688,Hemant Sen,54,Salaried-Government,77100,704,23,Chandigarh,04-04-2023
C105689,Neha Chauhan,30,Retired,29900,600,4.8,Lucknow,05-01-2024
C105690,Diya Chatterjee,37,Student,9600,718,3.4,Kolkata,04-02-2023
C105691,Deepak Rao,46,Self-Employed,128200,751,17,Chandigarh,16-04-2024
C105692,Abhishek Bhatia,59,Salaried-Private,86300,678,9.5,Nagpur,18-06-2023
C105693,Ankita Pandey,31,Salaried-Private,76300,668,7.9,Hyderabad,24-11-2024
C105694,Sanjay Verma,46,Freelancer,83100,890,17.4,Hyderabad,20-02-2024
C105695,Tushar Roy,23,Salaried-Private,60300,585,1.2,Chandigarh,02-07-2024
C105696,Geeta Patel,24,Salaried-Government,91500,733,1.6,Pune,20-06-2023
C105697,Vishal Bansal,54,Self-Employed,67700,773,10.6,Surat,21-08-2024
C105698,Rajesh Khanna,52,Student,22900,656,20.4,Kolkata,31-01-2023
C105699,Siddharth Shukla,37,Freelancer,40300,672,4.4,Nagpur,11-05-2023
C105700,Dinesh Krishnan,48,Freelancer,46700,654,16.8,Delhi,06-01-2025
C105701,Pratibha Shukla,37,Salaried-Government,69000,690,5.3,Bhopal,04-08-2023
C105702,Vijay Nair,33,Salaried-Private,34500,757,7.4,Nagpur,23-10-2024
C105703,Mohit Kumar,39,Business Owner,105700,679,5.5,Chandigarh,17-02-2025
C105704,Dev Kapoor,34,Salaried-Private,54000,900,3.5,Nagpur,28-04-2023
C105705,Rohan Iyer,56,Self-Employed,32300,648,18.5,Bengaluru,22-05-2025
C105706,Atharv Desai,39,Retired,34700,795,12.5,Nagpur,03-01-2025
C105707,Manish Joshi,35,Self-Employed,63300,733,5.1,Nagpur,14-05-2024
C105708,Rajesh Shukla,44,Self-Employed,95700,703,12.6,Indore,14-10-2023
C105709,Simran Tiwari,54,Business Owner,110300,814,25.1,Chandigarh,06-07-2023
C105710,Aisha Mehta,33,Freelancer,72000,562,7,Pune,26-07-2023
C105711,Suresh Garg,62,Salaried-Government,88300,727,25.3,Bhopal,05-04-2024
C105712,Mayank Saxena,41,Salaried-Government,56300,631,7.1,Mumbai,17-05-2023
C105713,Abhishek Bansal,50,Salaried-Private,65400,654,8.3,Chandigarh,03-03-2024
C105714,Dev Tiwari,63,Self-Employed,74400,652,12.8,Bengaluru,01-04-2024
C105715,Manish Awasthi,39,Salaried-Private,72000,613,15.9,Bhopal,19-08-2024
C105716,Meera Chatterjee,29,Self-Employed,70600,558,2.1,Hyderabad,07-01-2023
C105717,Rahul Bansal,53,Freelancer,46700,718,9.8,Surat,22-10-2023
C105718,Rajesh Das,21,Salaried-Private,55200,683,0,Delhi,01-05-2023
C105719,Manoj Naidu,41,Self-Employed,85100,668,15,Mumbai,03-03-2025
C105720,Mohit Desai,64,Salaried-Private,52100,748,20.6,Mumbai,25-01-2025
C105721,Shreya Patel,39,Salaried-Private,68500,726,13.6,Ahmedabad,30-05-2025
C105722,Reyansh Menon,51,Salaried-Private,35400,663,14.8,Bhopal,25-03-2025
C105723,Aarav Mukherjee,44,Salaried-Private,86300,900,17.4,Hyderabad,31-03-2025
C105724,Mayank Chaurasia,30,Retired,42900,767,7.4,Hyderabad,21-10-2023
C105725,Vivaan Rao,34,Retired,57800,884,6.7,Chennai,08-06-2025
C105726,Lalit Shah,44,Business Owner,61500,656,20.5,Bengaluru,03-01-2023
C105727,Varun Awasthi,25,Self-Employed,94800,714,3.4,Chennai,05-05-2023
C105728,Kabir Malhotra,39,Freelancer,66200,590,3.8,Pune,27-09-2023
C105729,Kabir Bhatia,39,Student,14900,655,10.7,Surat,15-08-2023
C105730,Vishal Mishra,57,Self-Employed,71400,643,23.8,Surat,15-12-2024
C105731,Nitin Dutta,26,Salaried-Private,35300,900,4,Chandigarh,19-11-2024
C105732,Vivaan Nair,58,Business Owner,59700,633,24.8,Pune,30-05-2023
C105733,Rahul Awasthi,39,Retired,31200,665,12.3,Indore,24-02-2024
C105734,Sunita Nair,49,Salaried-Private,41100,569,11.3,Chandigarh,26-03-2023
C105735,Pallavi Joshi,45,Salaried-Government,105200,738,18.6,Indore,14-05-2025
C105736,Deepak Bose,34,Salaried-Government,32700,612,3.2,Lucknow,26-09-2024
C105737,Ramesh Shah,61,Salaried-Government,79800,765,26.4,Mumbai,14-05-2023
C105738,Hemant Pandey,30,Business Owner,105500,552,3.1,Hyderabad,22-11-2024
C105739,Abhishek Srivastava,22,Salaried-Government,68800,680,0.7,Chandigarh,04-10-2023
C105740,Nitin Awasthi,54,Student,22800,535,24.9,Bengaluru,27-07-2023
C105741,Ajay Bose,48,Freelancer,69900,651,8.7,Indore,04-08-2024
C105742,Hemant Chauhan,60,Salaried-Private,61700,666,29.5,Chennai,19-07-2023
C105743,Geeta Ghosh,41,Freelancer,53400,640,15.7,Chandigarh,04-01-2024
C105744,Swati Iyer,21,Freelancer,39300,645,0,Chennai,05-03-2025
C105745,Ritika Kapoor,21,Self-Employed,97300,772,0,Delhi,22-11-2023
C105746,Harsh Kapoor,40,Salaried-Government,114300,871,6.4,Hyderabad,16-05-2023
C105747,Divya Malhotra,31,Freelancer,28900,711,2.9,Nagpur,11-05-2024
C105748,Ruchi Shukla,61,Salaried-Government,31800,615,30.5,Kolkata,10-05-2023
C105749,Shaurya Menon,26,Salaried-Private,68400,695,2,Kolkata,25-12-2024
C105750,Aisha Verma,59,Salaried-Private,91600,665,24.7,Jaipur,27-10-2024
C105751,Rajesh Sen,30,Salaried-Private,97700,765,1.8,Jaipur,25-01-2024
C105752,Rahul Saxena,26,Business Owner,113600,720,1.3,Chandigarh,29-04-2024
C105753,Vikram Garg,33,Salaried-Private,87700,566,7.5,Chennai,31-01-2023
C105754,Abhishek Srivastava,27,Self-Employed,108200,784,2.8,Mumbai,30-07-2024
C105755,Dinesh Bose,38,Salaried-Government,99500,772,13.9,Bhopal,04-12-2024
C105756,Shreya Sen,35,Freelancer,63700,809,3.6,Pune,24-03-2025
C105757,Vishal Jain,44,Salaried-Government,41500,644,14.6,Indore,11-10-2024
C105758,Sanjay Shukla,44,Student,17400,706,15.9,Surat,18-09-2023
C105759,Seema Dutta,21,Student,9200,586,0,Bhopal,31-03-2024
C105760,Abhishek Shah,26,Salaried-Private,55000,684,3.4,Chandigarh,18-10-2023
C105761,Vivaan Awasthi,28,Business Owner,89600,725,2.6,Hyderabad,26-06-2024
C105762,Mohit Iyer,29,Salaried-Private,89500,642,5.9,Bengaluru,22-02-2025
C105763,Sunita Mukherjee,25,Freelancer,33500,712,2.4,Delhi,28-11-2023
C105764,Arjun Dubey,34,Self-Employed,90400,707,9.8,Hyderabad,17-12-2024
C105765,Vikram Verma,45,Salaried-Private,70900,654,6.8,Nagpur,06-04-2023
C105766,Akash Mehta,34,Salaried-Private,43000,798,3.8,Mumbai,05-10-2024
C105767,Aisha Shah,35,Salaried-Government,42400,667,6.7,Indore,18-12-2024
C105768,Kabir Kapoor,41,Freelancer,24800,694,9.5,Ahmedabad,05-12-2024
C105769,Varun Pandey,45,Freelancer,61400,571,7,Bhopal,20-12-2023
C105770,Ruchi Srivastava,35,Salaried-Private,59300,730,3.6,Bhopal,28-10-2024
C105771,Sanya Sen,30,Salaried-Private,42100,648,2.3,Chandigarh,05-06-2025
C105772,Anjali Menon,39,Salaried-Government,26400,760,4.3,Chennai,27-02-2023
C105773,Mohit Desai,22,Self-Employed,76800,586,0.2,Delhi,29-05-2025
C105774,Nidhi Iyer,42,Salaried-Private,59900,723,16.1,Kolkata,21-11-2023
C105775,Akash Tripathi,62,Salaried-Private,57100,514,35,Kolkata,15-10-2023
C105776,Vijay Das,38,Student,12200,731,8.5,Hyderabad,05-04-2023
C105777,Amit Ghosh,25,Salaried-Government,56900,674,1.3,Delhi,25-06-2023
C105778,Ishaan Tiwari,52,Business Owner,115400,729,13.3,Ahmedabad,09-04-2024
C105779,Nitin Roy,26,Salaried-Government,55200,640,3.9,Ahmedabad,14-11-2024
C105780,Divya Bose,29,Salaried-Government,37600,609,6.8,Bengaluru,14-10-2024
C105781,Swati Singh,27,Self-Employed,67000,655,2.2,Bengaluru,19-11-2024
C105782,Ravi Gupta,59,Salaried-Private,91100,709,8.4,Kolkata,17-10-2024
C105783,Nitin Jain,64,Salaried-Private,73000,737,17.9,Kolkata,29-01-2023
C105784,Aarav Chaurasia,46,Retired,43800,710,11.7,Kolkata,11-02-2024
C105785,Mohit Rao,48,Student,18100,607,5.5,Lucknow,28-04-2024
C105786,Karan Joshi,49,Business Owner,70700,837,19,Surat,13-02-2023
C105787,Vivaan Mittal,47,Salaried-Private,46900,713,7.5,Bhopal,13-09-2023
C105788,Nitin Sharma,44,Salaried-Private,31000,634,5.9,Indore,13-09-2023
C105789,Kavya Dutta,64,Salaried-Private,95800,728,30.2,Delhi,14-02-2023
C105790,Simran Kumar,53,Student,22400,703,23.7,Pune,09-02-2024
C105791,Anjali Shukla,24,Freelancer,46500,672,1,Indore,23-01-2024
C105792,Priya Pillai,38,Self-Employed,79900,668,12.5,Indore,03-05-2024
C105793,Rohan Mukherjee,63,Retired,53900,766,17.1,Bengaluru,30-04-2023
C105794,Pallavi Saxena,38,Salaried-Private,47100,825,7.1,Hyderabad,26-05-2025
C105795,Suresh Mittal,29,Self-Employed,61400,526,2.3,Nagpur,12-09-2023
C105796,Komal Joshi,59,Salaried-Private,60700,787,13.6,Bengaluru,09-07-2024
C105797,Dev Patel,48,Salaried-Private,116000,698,6.1,Kolkata,24-05-2024
C105798,Sunita Naidu,45,Student,20900,702,16.1,Bhopal,07-01-2023
C105799,Ishaan Shah,39,Student,16000,790,14.3,Mumbai,12-08-2023
C105800,Isha Naidu,26,Salaried-Private,84300,480,1.2,Indore,20-09-2024
C105801,Mayank Malhotra,37,Salaried-Private,86200,758,6.1,Chandigarh,23-11-2023
C105802,Ravi Mittal,40,Self-Employed,40500,788,8.4,Indore,26-10-2023
C105803,Harsh Tiwari,61,Salaried-Private,66500,634,19,Mumbai,30-09-2024
C105804,Ankita Saxena,34,Self-Employed,70800,579,10.1,Bengaluru,19-12-2024
C105805,Suresh Chatterjee,27,Self-Employed,83100,823,1.4,Surat,27-12-2024
C105806,Pari Nair,39,Salaried-Private,57700,548,11.3,Pune,30-01-2024
C105807,Tushar Mittal,64,Salaried-Private,70200,724,24.6,Chandigarh,18-02-2024
C105808,Ritika Agarwal,42,Salaried-Private,54200,769,16.5,Mumbai,30-08-2024
C105809,Riya Garg,37,Student,17800,714,6.6,Ahmedabad,14-06-2024
C105810,Simran Desai,50,Salaried-Government,40300,731,7.9,Bengaluru,02-12-2023
C105811,Ankita Mittal,49,Self-Employed,66900,668,8.2,Lucknow,25-10-2023
C105812,Vishal Sharma,34,Salaried-Private,23300,720,8.3,Surat,20-05-2025
C105813,Nidhi Tripathi,63,Business Owner,71900,634,24.4,Jaipur,07-03-2025
C105814,Sunita Iyer,47,Salaried-Private,71700,644,16,Jaipur,01-10-2023
C105815,Vikram Mehta,23,Salaried-Private,62500,692,0.6,Delhi,15-03-2023
C105816,Saanvi Patel,38,Business Owner,84800,569,3.9,Hyderabad,08-05-2025
C105817,Lalit Bansal,61,Business Owner,140000,747,23.9,Lucknow,29-03-2023
C105818,Seema Rao,38,Salaried-Private,88900,494,4.4,Hyderabad,30-07-2023
C105819,Tarun Srivastava,45,Salaried-Government,68600,719,20.4,Nagpur,04-02-2023
C105820,Manish Gupta,47,Retired,46400,723,19.8,Delhi,28-11-2024
C105821,Pankaj Agarwal,51,Salaried-Private,57900,625,9.8,Pune,02-04-2023
C105822,Saanvi Tiwari,59,Salaried-Private,82700,593,23.5,Pune,14-10-2023
C105823,Pratibha Mittal,27,Salaried-Government,36600,652,1.8,Delhi,19-07-2024
C105824,Tushar Roy,43,Salaried-Private,99700,746,18.8,Nagpur,18-02-2023
C105825,Tushar Mehta,44,Self-Employed,102600,723,14.1,Hyderabad,17-06-2025
C105826,Rohan Tripathi,27,Business Owner,52000,598,2.5,Indore,03-12-2024
C105827,Pooja Tiwari,50,Self-Employed,58700,697,19.6,Surat,25-06-2024
C105828,Arjun Das,26,Self-Employed,78100,712,1,Jaipur,19-05-2024
C105829,Manish Naidu,41,Salaried-Government,61100,706,8,Nagpur,18-08-2023
C105830,Priya Menon,35,Freelancer,58300,609,5.1,Mumbai,14-06-2024
C105831,Ajay Sen,27,Salaried-Private,50200,699,2.7,Bhopal,06-01-2025
C105832,Geeta Rao,57,Salaried-Private,99900,768,9.3,Bhopal,27-03-2024
C105833,Komal Bose,31,Business Owner,92300,736,8.8,Chandigarh,16-11-2023
C105834,Kavya Iyer,32,Salaried-Private,107800,729,5.8,Jaipur,21-09-2023
C105835,Ramesh Chatterjee,58,Salaried-Private,81900,823,29.6,Pune,18-06-2024
C105836,Sanjay Gupta,59,Salaried-Private,43200,699,9.2,Bengaluru,15-03-2025
C105837,Sanjay Naidu,22,Business Owner,155200,635,0.8,Surat,01-02-2024
C105838,Priya Jain,33,Salaried-Private,81800,625,7.9,Ahmedabad,21-08-2024
C105839,Akash Naidu,52,Business Owner,112600,710,20.9,Ahmedabad,04-04-2024
C105840,Jyoti Dutta,55,Freelancer,67900,575,26,Nagpur,15-03-2024
C105841,Aisha Chaurasia,64,Self-Employed,54700,663,24.4,Mumbai,06-04-2023
C105842,Divya Mehta,45,Salaried-Private,28500,721,15.5,Hyderabad,01-11-2023
C105843,Atharv Mukherjee,21,Freelancer,43300,780,0,Kolkata,17-04-2025
C105844,Diya Saxena,59,Salaried-Private,97800,571,10.9,Nagpur,05-03-2025
C105845,Lalit Verma,28,Student,12200,689,1.7,Jaipur,02-10-2023
C105846,Riya Joshi,26,Business Owner,144700,696,4.4,Kolkata,14-06-2024
C105847,Geeta Mishra,50,Salaried-Private,93000,696,23.7,Bhopal,24-06-2024
C105848,Komal Jain,47,Freelancer,54700,699,14.6,Chandigarh,04-03-2025
C105849,Ritika Awasthi,23,Self-Employed,95200,691,1.5,Chandigarh,07-01-2023
C105850,Swati Saxena,28,Salaried-Government,96800,805,5.7,Surat,02-10-2023
C105851,Varun Bhatia,46,Salaried-Government,68700,789,13.2,Ahmedabad,18-02-2024
C105852,Suresh Krishnan,32,Self-Employed,65300,861,3,Jaipur,12-04-2024
C105853,Varun Kumar,51,Business Owner,104500,694,16.1,Kolkata,21-11-2024
C105854,Nikhil Chaurasia,39,Student,8200,648,8,Ahmedabad,03-11-2023
C105855,Ananya Srivastava,46,Salaried-Private,70600,613,5.4,Chandigarh,05-07-2024
C105856,Ananya Rao,41,Self-Employed,91300,652,17.4,Jaipur,01-02-2025
C105857,Nikhil Shah,37,Business Owner,99000,752,11.2,Chennai,14-10-2023
C105858,Kavya Srivastava,36,Business Owner,105000,765,11.3,Surat,26-03-2024
C105859,Raj Saxena,51,Salaried-Government,71500,744,18.5,Pune,08-08-2024
C105860,Ankita Chaurasia,43,Salaried-Government,25400,630,8.5,Bhopal,23-12-2024
C105861,Ruchi Khanna,47,Freelancer,81000,639,15.8,Indore,16-12-2024
C105862,Rohan Agarwal,46,Salaried-Private,57600,845,16.9,Surat,01-01-2024
C105863,Harsh Bansal,30,Salaried-Private,46200,620,5.6,Chandigarh,23-05-2023
C105864,Riya Khanna,61,Self-Employed,114600,810,11.6,Bengaluru,18-04-2023
C105865,Anjali Saxena,45,Salaried-Private,84200,724,18.5,Nagpur,01-03-2023
C105866,Dev Shah,52,Salaried-Private,72900,632,12.7,Lucknow,09-03-2024
C105867,Vivaan Naidu,59,Salaried-Private,85600,598,18.2,Indore,20-02-2024
C105868,Nidhi Tripathi,61,Business Owner,67000,634,23.4,Chandigarh,13-08-2023
C105869,Tushar Tiwari,50,Retired,43600,719,25.6,Chandigarh,29-01-2024
C105870,Aditya Nair,55,Salaried-Government,102600,622,14.2,Delhi,14-09-2024
C105871,Suresh Roy,41,Salaried-Private,49500,811,4.6,Hyderabad,12-02-2023
C105872,Pallavi Nair,53,Freelancer,40800,669,28.2,Pune,15-08-2023
C105873,Shweta Nair,35,Salaried-Private,62200,745,12.2,Kolkata,03-09-2024
C105874,Pallavi Bose,52,Retired,46600,736,10.5,Ahmedabad,06-08-2023
C105875,Kabir Mehta,24,Self-Employed,82700,822,2.3,Ahmedabad,07-06-2024
C105876,Divya Chatterjee,61,Salaried-Private,43400,651,33.7,Jaipur,30-11-2024
C105877,Naina Saxena,31,Salaried-Government,8400,689,2.1,Pune,09-10-2023
C105878,Anjali Kumar,49,Salaried-Private,84600,580,20.4,Jaipur,02-04-2023
C105879,Ritika Gupta,21,Freelancer,26700,692,0,Chandigarh,07-09-2023
C105880,Mayank Kumar,27,Salaried-Private,45200,777,4.7,Surat,31-07-2024
C105881,Shaurya Ghosh,64,Student,18900,700,9.2,Pune,17-09-2023
C105882,Isha Garg,57,Freelancer,74800,876,24.6,Nagpur,01-04-2025
C105883,Aisha Malhotra,30,Student,12900,723,6.9,Bengaluru,13-04-2023
C105884,Komal Ghosh,26,Student,11200,638,1.1,Mumbai,16-02-2024
C105885,Jyoti Nair,56,Salaried-Private,75100,727,25.5,Pune,15-04-2025
C105886,Manoj Rao,64,Self-Employed,33800,567,12.2,Jaipur,25-10-2024
C105887,Kabir Sen,28,Freelancer,31000,620,1.8,Bhopal,24-02-2023
C105888,Simran Malhotra,50,Salaried-Government,62200,591,24.5,Jaipur,11-09-2023
C105889,Sanjay Jain,33,Salaried-Private,44800,688,10.2,Kolkata,09-02-2023
C105890,Pratibha Nair,53,Salaried-Private,62400,684,23,Chennai,12-05-2025
C105891,Simran Garg,39,Salaried-Private,67100,786,14.8,Mumbai,05-12-2024
C105892,Siddharth Tiwari,26,Student,13300,674,1.1,Pune,13-08-2023
C105893,Nikhil Ghosh,35,Salaried-Government,33500,604,7.8,Surat,18-02-2024
C105894,Vijay Reddy,44,Business Owner,96900,819,18.6,Bhopal,07-02-2024
C105895,Meera Roy,56,Retired,55500,452,28.9,Bengaluru,31-12-2024
C105896,Aisha Menon,21,Salaried-Private,36500,688,0,Hyderabad,07-04-2023
C105897,Seema Desai,63,Freelancer,57700,706,17.9,Delhi,03-04-2024
C105898,Karan Pandey,49,Salaried-Private,75500,690,19.3,Lucknow,18-10-2024
C105899,Ajay Ghosh,59,Salaried-Private,70400,730,9.2,Chennai,19-03-2025
C105900,Seema Garg,61,Salaried-Private,84500,701,29.9,Indore,11-11-2023
C105901,Tushar Patel,27,Salaried-Private,59300,728,2.2,Chandigarh,11-11-2023
C105902,Usha Nair,25,Salaried-Government,55200,640,2.3,Nagpur,03-08-2024
C105903,Pallavi Yadav,55,Salaried-Government,48300,570,11.4,Mumbai,10-06-2024
C105904,Aisha Gupta,29,Salaried-Private,63100,685,5.7,Bhopal,29-03-2025
C105905,Pranav Bansal,27,Salaried-Private,59400,606,5.2,Hyderabad,17-07-2023
C105906,Pari Awasthi,41,Business Owner,64200,631,11.6,Jaipur,16-12-2023
C105907,Mohit Saxena,61,Salaried-Private,82600,785,34.6,Hyderabad,08-02-2024
C105908,Pooja Chaurasia,56,Freelancer,78300,816,16.9,Surat,12-04-2024
C105909,Harsh Verma,43,Student,15100,773,8.8,Bhopal,30-04-2023
C105910,Vishal Mehta,29,Business Owner,67900,766,6.3,Ahmedabad,21-05-2023
C105911,Ravi Mishra,35,Self-Employed,53300,692,3.2,Hyderabad,24-03-2024
C105912,Komal Ghosh,51,Business Owner,46300,768,11.9,Kolkata,18-03-2023
C105913,Atharv Awasthi,27,Business Owner,154500,731,4.1,Jaipur,18-02-2024
C105914,Akash Mittal,44,Student,16100,838,7.6,Chandigarh,26-05-2023
C105915,Rahul Iyer,21,Retired,22700,609,0,Delhi,24-01-2023
C105916,Nitin Kumar,35,Salaried-Government,41300,740,7.5,Mumbai,10-01-2024
C105917,Saanvi Reddy,31,Self-Employed,60700,587,3.7,Chandigarh,23-03-2023
C105918,Suresh Saxena,50,Freelancer,44500,740,13.3,Delhi,01-08-2024
C105919,Vikram Naidu,61,Salaried-Private,99800,557,15.9,Hyderabad,22-05-2024
C105920,Pranav Naidu,27,Self-Employed,38400,588,4.1,Indore,14-05-2023
C105921,Rahul Bhatia,56,Business Owner,52800,585,9.7,Ahmedabad,07-10-2024
C105922,Vivaan Malhotra,49,Business Owner,116900,717,22.3,Delhi,22-09-2023
C105923,Varun Bansal,63,Salaried-Government,74900,719,12.8,Chennai,18-08-2024
C105924,Reyansh Dutta,61,Salaried-Private,66500,886,15.9,Bhopal,30-04-2025
C105925,Suresh Naidu,25,Salaried-Private,67800,682,2.6,Surat,10-10-2024
C105926,Rekha Dubey,53,Self-Employed,82100,754,14.3,Chandigarh,01-10-2023
C105927,Suresh Nair,47,Student,18500,695,14.5,Hyderabad,06-03-2024
C105928,Ruchi Patel,25,Student,8000,736,2.4,Bhopal,28-09-2023
C105929,Rohan Gupta,32,Salaried-Government,28200,695,4.2,Mumbai,03-11-2023
C105930,Nikhil Shah,61,Salaried-Private,57000,776,23,Bengaluru,04-03-2025
C105931,Tarun Desai,44,Freelancer,35900,601,19.7,Kolkata,10-09-2024
C105932,Nitin Tiwari,35,Business Owner,102200,499,2.8,Indore,04-05-2024
C105933,Siddharth Awasthi,35,Self-Employed,28400,717,8.6,Nagpur,01-09-2023
C105934,Ananya Shukla,57,Salaried-Government,65100,545,15.3,Pune,14-04-2024
C105935,Simran Mittal,33,Salaried-Private,56300,793,9.6,Bhopal,20-07-2024
C105936,Ramesh Dutta,27,Freelancer,45800,643,1.6,Hyderabad,29-09-2024
C105937,Anjali Yadav,46,Self-Employed,85600,609,6.1,Nagpur,24-03-2023
C105938,Kabir Saxena,64,Salaried-Government,70500,900,20.8,Delhi,18-02-2025
C105939,Diya Naidu,29,Student,9400,679,5.4,Ahmedabad,28-04-2024
C105940,Sachin Gupta,32,Business Owner,132200,683,2.2,Mumbai,15-11-2023
C105941,Shreya Srivastava,41,Student,15300,742,15.4,Jaipur,09-10-2024
C105942,Jyoti Pandey,29,Salaried-Government,94900,759,3.5,Ahmedabad,09-05-2024
C105943,Rahul Yadav,49,Salaried-Government,64500,780,23.6,Chandigarh,12-10-2023
C105944,Harsh Saxena,32,Student,12600,575,9.2,Surat,01-04-2025
C105945,Hemant Shukla,26,Retired,33300,727,3.7,Pune,06-04-2025
C105946,Manish Chatterjee,32,Retired,40200,662,7.9,Nagpur,29-03-2025
C105947,Komal Verma,61,Freelancer,53300,614,24.8,Delhi,07-03-2023
C105948,Akash Tripathi,62,Salaried-Government,79000,695,31,Delhi,05-04-2025
C105949,Ankita Mittal,43,Salaried-Private,94400,549,7.1,Bengaluru,28-08-2023
C105950,Nitin Joshi,38,Salaried-Government,90400,767,13.1,Jaipur,09-11-2023
C105951,Neha Chaurasia,57,Student,25800,660,21.4,Nagpur,31-08-2024
C105952,Pranav Ghosh,29,Salaried-Government,34200,646,6,Bengaluru,05-03-2024
C105953,Isha Roy,49,Freelancer,36300,674,15.3,Chandigarh,13-01-2025
C105954,Ravi Khanna,50,Student,20500,669,18.6,Chandigarh,20-08-2024
C105955,Sanya Mukherjee,52,Retired,54600,779,13.6,Chennai,13-04-2023
C105956,Pooja Pandey,30,Student,10300,593,4.5,Bengaluru,07-05-2023
C105957,Arjun Nair,52,Self-Employed,61700,658,14.1,Chandigarh,31-03-2023
C105958,Pallavi Bansal,47,Salaried-Government,101600,677,18.7,Chandigarh,24-10-2023
C105959,Shweta Mittal,59,Retired,56400,603,12.9,Lucknow,23-02-2024
C105960,Pooja Sharma,28,Salaried-Private,79000,704,6,Chandigarh,04-03-2025
C105961,Vishal Dutta,47,Salaried-Private,56600,630,20.3,Kolkata,07-11-2023
C105962,Pari Yadav,57,Retired,41200,573,28.9,Pune,29-03-2023
C105963,Gaurav Bhatia,33,Business Owner,123200,740,10.1,Mumbai,09-05-2024
C105964,Pranav Naidu,53,Self-Employed,72500,814,16.2,Kolkata,11-01-2024
C105965,Kavya Verma,25,Salaried-Private,44400,690,3.3,Lucknow,28-01-2025
C105966,Riya Agarwal,52,Self-Employed,56500,680,15.8,Bengaluru,01-02-2023
C105967,Sanjay Tiwari,47,Student,17100,672,7,Chennai,17-09-2023
C105968,Jyoti Shah,29,Self-Employed,90200,652,1.9,Jaipur,18-09-2024
C105969,Pratibha Dutta,23,Salaried-Government,28100,777,0.5,Chennai,10-01-2023
C105970,Kabir Menon,53,Self-Employed,93900,701,10.6,Indore,21-05-2024
C105971,Nidhi Malhotra,31,Student,10100,507,4.5,Kolkata,26-08-2024
C105972,Anjali Shah,42,Student,16000,778,18.6,Ahmedabad,30-01-2023
C105973,Vikram Nair,23,Salaried-Government,58100,765,0.7,Hyderabad,21-05-2024
C105974,Mohit Tiwari,63,Self-Employed,77500,739,35.2,Indore,17-04-2025
C105975,Swati Patel,45,Salaried-Private,58900,468,18.4,Lucknow,09-04-2024
C105976,Atharv Nair,61,Salaried-Government,66700,689,32.1,Jaipur,05-06-2023
C105977,Usha Mukherjee,28,Salaried-Private,46400,758,5.2,Chennai,06-12-2024
C105978,Jyoti Gupta,30,Self-Employed,101300,725,7.9,Delhi,23-02-2023
C105979,Simran Gupta,47,Self-Employed,77000,707,7.4,Bhopal,03-02-2025
C105980,Dev Ghosh,47,Salaried-Private,62900,761,13.9,Mumbai,08-05-2025
C105981,Harsh Chauhan,55,Salaried-Private,55700,699,15,Ahmedabad,10-05-2023
C105982,Kabir Mehta,61,Salaried-Private,62800,785,16,Jaipur,04-09-2023
C105983,Aisha Awasthi,57,Salaried-Private,56600,701,18.5,Kolkata,18-01-2025
C105984,Tara Joshi,27,Business Owner,114900,703,3.2,Lucknow,29-10-2024
C105985,Amit Mukherjee,34,Salaried-Private,45100,758,11.6,Mumbai,01-05-2024
C105986,Raj Dutta,61,Salaried-Private,26100,652,15.4,Hyderabad,29-08-2024
C105987,Arjun Shukla,45,Retired,43300,598,20.1,Mumbai,22-02-2025
C105988,Rahul Malhotra,59,Salaried-Private,64600,689,12,Hyderabad,05-10-2024
C105989,Isha Pillai,45,Student,16100,729,16,Hyderabad,25-05-2024
C105990,Karan Chauhan,23,Self-Employed,88700,767,0.8,Bhopal,15-12-2023
C105991,Pallavi Pandey,41,Business Owner,8500,755,17.4,Pune,15-03-2025
C105992,Abhishek Awasthi,57,Self-Employed,118200,692,23.2,Jaipur,29-05-2024
C105993,Kavya Tiwari,49,Salaried-Private,87300,679,6.9,Bengaluru,19-01-2025
C105994,Jyoti Dutta,26,Freelancer,36000,638,4.2,Chandigarh,09-02-2025
C105995,Pari Menon,30,Freelancer,40400,706,3.7,Kolkata,21-10-2023
C105996,Meera Naidu,58,Salaried-Private,79900,560,31.4,Indore,31-10-2024
C105997,Lalit Malhotra,64,Freelancer,69700,692,9,Surat,01-08-2024
C105998,Simran Iyer,54,Self-Employed,64000,900,11.7,Chandigarh,25-07-2023
C105999,Pankaj Menon,25,Student,8000,560,1.6,Bhopal,26-05-2024
C106000,Simran Bhatia,48,Freelancer,88600,705,18.4,Delhi,08-05-2025
C106001,Vivaan Roy,57,Salaried-Private,88500,723,27.3,Kolkata,26-04-2024
C106002,Pranav Jain,49,Student,19900,723,17.9,Pune,11-09-2024
C106003,Sanya Tiwari,47,Retired,45500,609,6.3,Pune,09-04-2023
C106004,Akash Shah,41,Business Owner,115900,738,10.1,Pune,17-12-2023
C106005,Mayank Dutta,31,Salaried-Private,73800,648,5.5,Indore,22-01-2023
C106006,Neha Chauhan,33,Freelancer,15400,568,5.4,Nagpur,26-11-2023
C106007,Karan Desai,53,Self-Employed,70400,766,15.8,Ahmedabad,05-11-2023
C106008,Siddharth Kumar,24,Salaried-Private,47100,740,1.6,Nagpur,20-06-2023
C106009,Isha Kumar,24,Student,9000,604,1.8,Chennai,24-03-2024
C106010,Vikram Joshi,38,Self-Employed,91300,650,10.9,Chandigarh,30-03-2024
C106011,Raj Sharma,55,Student,16500,636,11.8,Delhi,12-05-2024
C106012,Vivaan Das,49,Business Owner,56000,556,23.3,Bengaluru,25-12-2023
C106013,Dinesh Garg,46,Salaried-Private,51400,748,19.5,Bengaluru,11-04-2024
C106014,Vivaan Srivastava,44,Retired,44100,750,17.3,Jaipur,05-06-2024
C106015,Naina Bansal,25,Self-Employed,87600,666,3.1,Lucknow,12-05-2023
C106016,Nitin Chatterjee,35,Self-Employed,110800,694,7.9,Mumbai,09-03-2024
C106017,Usha Mukherjee,24,Salaried-Government,55400,697,2.6,Bengaluru,05-01-2025
C106018,Vivaan Shukla,54,Salaried-Private,84800,712,15.1,Indore,26-09-2024
C106019,Komal Jain,54,Business Owner,123900,590,16.3,Pune,09-10-2024
C106020,Ankita Garg,32,Salaried-Government,76800,730,8.5,Lucknow,22-09-2023
C106021,Sachin Menon,33,Student,13000,587,9.7,Mumbai,16-02-2025
C106022,Ananya Garg,34,Retired,33400,739,6.7,Ahmedabad,15-03-2024
C106023,Manoj Kapoor,60,Freelancer,42600,601,31,Pune,05-03-2025
C106024,Ajay Gupta,42,Salaried-Private,40800,582,13.5,Chandigarh,22-05-2023
C106025,Ritika Dubey,54,Business Owner,112300,694,15.6,Surat,19-01-2025
C106026,Ishaan Srivastava,40,Salaried-Private,61500,685,15.8,Delhi,24-09-2023
C106027,Naina Sen,51,Freelancer,49400,695,16.6,Hyderabad,20-08-2024
C106028,Sunita Jain,44,Salaried-Government,84300,621,18.3,Jaipur,16-01-2023
C106029,Simran Chatterjee,33,Student,12400,698,9.2,Mumbai,01-02-2024
C106030,Lalit Naidu,59,Salaried-Government,55600,712,10.2,Delhi,02-12-2024
C106031,Ritika Saxena,52,Salaried-Private,62100,782,25.1,Bhopal,25-07-2024
C106032,Pranav Menon,54,Retired,56000,703,10.4,Mumbai,07-10-2023
C106033,Usha Tripathi,62,Self-Employed,57800,640,31.6,Lucknow,11-08-2023
C106034,Nitin Mittal,31,Student,12900,574,7.3,Jaipur,27-07-2023
C106035,Mayank Rao,25,Student,9700,559,2.9,Nagpur,09-04-2025
C106036,Pari Bhatia,46,Self-Employed,57700,714,21.1,Jaipur,29-09-2023
C106037,Tarun Sharma,35,Salaried-Government,59600,752,8.7,Bengaluru,23-07-2024
C106038,Ramesh Chauhan,40,Self-Employed,35900,614,8.3,Surat,11-01-2023
C106039,Sunita Tripathi,31,Freelancer,49800,707,6.2,Lucknow,22-06-2024
C106040,Pooja Rao,38,Retired,23400,669,11.7,Chennai,07-08-2024
C106041,Vikram Gupta,38,Salaried-Private,83200,749,7.7,Hyderabad,06-06-2024
C106042,Pallavi Awasthi,36,Business Owner,91100,762,5.7,Ahmedabad,20-01-2025
C106043,Sachin Tripathi,53,Salaried-Private,56400,507,17.4,Kolkata,07-09-2024
C106044,Swati Chatterjee,47,Self-Employed,104300,778,21.5,Hyderabad,09-07-2023
C106045,Meera Pandey,41,Freelancer,35500,705,12.8,Chandigarh,08-09-2024
C106046,Lalit Pandey,25,Student,8000,638,3.3,Bhopal,02-08-2023
C106047,Rekha Desai,46,Salaried-Government,30300,644,13.3,Bengaluru,09-02-2023
C106048,Shreya Gupta,28,Salaried-Government,92100,696,6,Chandigarh,16-04-2025
C106049,Jyoti Mishra,34,Salaried-Private,97700,654,9.8,Ahmedabad,17-01-2024
C106050,Pratibha Mehta,39,Salaried-Private,28700,609,8.1,Bengaluru,24-01-2024
C106051,Pranav Chatterjee,27,Salaried-Government,45000,630,3.1,Chennai,27-05-2025
C106052,Reyansh Bansal,38,Student,15300,599,15.3,Indore,30-06-2024
C106053,Sachin Tripathi,32,Salaried-Government,53600,795,9.5,Bengaluru,13-11-2024
C106054,Vikram Roy,58,Salaried-Private,69200,694,18,Mumbai,28-02-2025
C106055,Nitin Chaurasia,58,Business Owner,99000,875,29,Lucknow,22-06-2023
C106056,Simran Dubey,21,Salaried-Private,63200,719,0,Jaipur,17-05-2023
C106057,Akash Bhatia,47,Salaried-Private,46200,734,9.8,Hyderabad,21-01-2024
C106058,Harsh Krishnan,49,Student,20000,598,15.7,Chandigarh,08-03-2023
C106059,Nitin Awasthi,37,Salaried-Private,39100,668,11.7,Kolkata,20-02-2024
C106060,Dev Agarwal,41,Salaried-Government,59400,694,5.1,Hyderabad,04-05-2024
C106061,Akash Shukla,55,Self-Employed,37900,634,26,Lucknow,30-05-2025
C106062,Pallavi Reddy,37,Salaried-Private,53300,650,5.6,Bhopal,02-06-2023
C106063,Simran Krishnan,23,Salaried-Private,44300,720,1.1,Ahmedabad,06-05-2025
C106064,Rekha Joshi,37,Salaried-Private,80300,727,7.4,Chandigarh,06-08-2023
C106065,Sneha Malhotra,32,Salaried-Private,58200,581,7.9,Bengaluru,11-03-2023
C106066,Vishal Bansal,37,Student,15000,704,5.8,Mumbai,31-01-2025
C106067,Ruchi Mittal,31,Salaried-Government,64000,733,5.3,Mumbai,27-08-2023
C106068,Mayank Shah,27,Salaried-Government,16100,635,2.3,Pune,24-09-2023
C106069,Harsh Naidu,64,Salaried-Government,33800,629,10.2,Pune,07-03-2023
C106070,Pooja Joshi,26,Retired,31200,719,4,Indore,27-04-2024
C106071,Geeta Verma,52,Salaried-Private,73000,485,11.1,Nagpur,24-06-2023
C106072,Neha Khanna,52,Student,19900,683,11.2,Surat,01-07-2024
C106073,Aarav Verma,48,Salaried-Private,48500,818,6.3,Nagpur,09-02-2024
C106074,Ankita Krishnan,61,Retired,46100,479,22.1,Nagpur,02-09-2023
C106075,Jyoti Iyer,21,Salaried-Private,48500,753,0,Ahmedabad,24-06-2024
C106076,Atharv Pillai,34,Salaried-Private,75800,734,7.7,Hyderabad,19-05-2023
C106077,Aditya Kumar,29,Self-Employed,86600,577,5.7,Ahmedabad,31-12-2024
C106078,Neha Patel,46,Salaried-Private,53900,729,5.8,Mumbai,15-09-2024
C106079,Seema Krishnan,48,Freelancer,54000,768,9.2,Surat,20-03-2023
C106080,Gaurav Verma,60,Business Owner,112400,602,18.5,Indore,14-06-2025
C106081,Diya Patel,37,Business Owner,108000,639,13.1,Bhopal,11-09-2023
C106082,Shreya Das,31,Salaried-Private,92100,695,2.8,Hyderabad,18-05-2025
C106083,Mohit Mehta,61,Business Owner,103100,773,28.8,Jaipur,02-07-2024
C106084,Amit Khanna,50,Salaried-Private,90000,650,25.2,Indore,08-04-2025
C106085,Simran Kumar,54,Retired,32300,681,8.4,Lucknow,18-02-2024
C106086,Aisha Mishra,40,Business Owner,75200,638,8.2,Mumbai,24-11-2024
C106087,Sneha Jain,40,Self-Employed,22300,685,14,Mumbai,05-10-2023
C106088,Ananya Das,38,Student,15500,766,14.5,Indore,17-09-2024
C106089,Reyansh Joshi,53,Self-Employed,94300,702,11.9,Indore,10-06-2023
C106090,Akash Yadav,30,Self-Employed,8300,652,5.8,Chandigarh,12-05-2023
C106091,Reyansh Bhatia,63,Salaried-Private,75600,688,29.9,Jaipur,29-09-2024
C106092,Meera Reddy,28,Business Owner,110100,632,3.4,Nagpur,30-01-2023
C106093,Ajay Iyer,41,Salaried-Government,80500,612,13.4,Kolkata,31-07-2023
C106094,Arjun Pandey,34,Salaried-Private,36300,781,7.6,Surat,15-03-2024
C106095,Arjun Srivastava,49,Freelancer,67600,821,24,Hyderabad,08-09-2024
C106096,Ishaan Sen,50,Salaried-Private,66800,546,16.7,Pune,04-06-2024
C106097,Abhishek Naidu,61,Business Owner,122900,745,22.5,Bengaluru,05-04-2025
C106098,Ravi Saxena,55,Salaried-Private,66100,758,22.7,Kolkata,13-10-2024
C106099,Sachin Pandey,31,Salaried-Government,72900,594,3.1,Pune,14-07-2023
C106100,Tarun Dubey,30,Student,15200,644,5.1,Lucknow,25-09-2024
C106101,Ananya Dubey,60,Salaried-Private,66500,643,9.2,Indore,11-10-2024
C106102,Ramesh Mehta,42,Business Owner,105500,847,13.4,Bhopal,04-02-2025
C106103,Gaurav Shah,25,Self-Employed,97600,826,2.3,Jaipur,21-12-2024
C106104,Divya Saxena,57,Student,22300,609,28.4,Chandigarh,19-07-2024
C106105,Jyoti Desai,49,Salaried-Private,43700,569,21.2,Ahmedabad,23-07-2024
C106106,Sanjay Menon,22,Freelancer,55200,750,0.5,Surat,14-02-2024
C106107,Aditya Krishnan,55,Salaried-Government,105700,739,22.5,Bengaluru,20-10-2023
C106108,Pari Mishra,47,Salaried-Government,99300,794,10.7,Delhi,11-05-2025
C106109,Geeta Verma,48,Salaried-Government,87000,608,12.7,Mumbai,04-08-2023
C106110,Saanvi Kapoor,59,Salaried-Government,24100,741,9.7,Chennai,26-01-2025
C106111,Priya Krishnan,42,Self-Employed,59100,630,5.7,Surat,09-12-2024
C106112,Nitin Krishnan,41,Salaried-Private,51300,737,15.5,Kolkata,08-07-2024
C106113,Ananya Rao,48,Salaried-Government,72300,687,23.8,Nagpur,21-10-2023
C106114,Lalit Tripathi,29,Business Owner,145200,853,4.3,Delhi,02-10-2024
C106115,Riya Chauhan,27,Salaried-Government,39100,721,1.7,Ahmedabad,26-12-2024
C106116,Priya Tiwari,58,Salaried-Private,114600,672,9.7,Pune,22-06-2024
C106117,Hemant Singh,30,Salaried-Government,55700,699,2.1,Hyderabad,26-01-2025
C106118,Alok Srivastava,43,Salaried-Government,52400,679,17.9,Jaipur,04-04-2024
C106119,Pankaj Malhotra,32,Business Owner,119400,605,5.6,Pune,22-02-2025
C106120,Vikram Garg,31,Student,15000,836,8.2,Hyderabad,30-12-2023
C106121,Komal Chaurasia,47,Self-Employed,92000,821,11.8,Kolkata,05-01-2025
C106122,Gaurav Kapoor,56,Business Owner,77400,677,21.4,Hyderabad,03-03-2023
C106123,Hemant Shukla,40,Salaried-Private,72600,746,12.8,Chandigarh,21-03-2025
C106124,Kabir Chauhan,27,Retired,23000,847,1.4,Pune,23-08-2024
C106125,Pallavi Kapoor,31,Salaried-Private,43100,785,6.8,Ahmedabad,16-04-2025
C106126,Sachin Mukherjee,28,Salaried-Government,61200,664,5.3,Bengaluru,10-04-2025
C106127,Tushar Saxena,59,Salaried-Private,53800,681,8.2,Indore,20-03-2024
C106128,Shweta Joshi,35,Salaried-Private,81700,554,3.4,Bengaluru,15-08-2024
C106129,Geeta Mukherjee,37,Freelancer,41100,748,9,Surat,20-09-2023
C106130,Lalit Sharma,24,Salaried-Private,51800,787,2.6,Surat,29-05-2025
C106131,Riya Roy,40,Salaried-Private,45000,786,16.7,Delhi,20-06-2023
C106132,Jyoti Pandey,61,Salaried-Private,91800,749,11.1,Bengaluru,20-06-2023
C106133,Jyoti Verma,39,Retired,32200,713,13.2,Delhi,18-12-2023
C106134,Sunita Garg,49,Freelancer,73500,611,21.1,Indore,26-01-2024
C106135,Ankita Jain,29,Student,14700,707,6.5,Jaipur,16-08-2023
C106136,Tushar Yadav,27,Student,9300,630,1.4,Bengaluru,16-05-2025
C106137,Jyoti Pandey,53,Student,21100,725,28.2,Bhopal,27-01-2025
C106138,Deepak Mehta,23,Salaried-Government,50900,626,1.6,Indore,02-07-2023
C106139,Abhishek Chaurasia,40,Salaried-Private,73500,732,11.9,Kolkata,27-01-2025
C106140,Sanya Kapoor,34,Salaried-Private,56300,794,3.2,Jaipur,10-10-2023
C106141,Ruchi Srivastava,21,Salaried-Private,46700,717,0,Bhopal,03-02-2024
C106142,Mohit Kumar,44,Business Owner,98700,721,10.2,Ahmedabad,03-06-2025
C106143,Tarun Malhotra,63,Salaried-Private,40200,759,33.6,Delhi,28-12-2024
C106144,Kabir Bhatia,24,Salaried-Private,54700,829,2.2,Chandigarh,13-11-2023
C106145,Kabir Tiwari,56,Business Owner,122800,689,30,Chennai,30-07-2024
C106146,Usha Khanna,44,Salaried-Private,67000,731,11.4,Surat,23-12-2024
C106147,Simran Agarwal,52,Salaried-Private,86400,813,26.1,Mumbai,01-06-2024
C106148,Akash Mishra,25,Salaried-Private,49100,740,3.3,Pune,11-08-2023
C106149,Ramesh Bansal,59,Business Owner,88500,533,8.1,Pune,30-12-2024
C106150,Tara Reddy,21,Salaried-Private,32700,627,0,Chennai,14-11-2023
C106151,Tarun Bhatia,60,Salaried-Private,62500,749,29.6,Jaipur,25-12-2024
C106152,Ankita Mittal,49,Salaried-Private,105500,663,18.6,Ahmedabad,30-04-2024
C106153,Varun Desai,35,Freelancer,54000,803,5,Indore,20-12-2024
C106154,Abhishek Naidu,21,Salaried-Private,43300,835,0,Lucknow,11-01-2025
C106155,Raj Reddy,47,Salaried-Private,45300,639,11,Ahmedabad,05-05-2024
C106156,Shreya Yadav,24,Student,8000,598,1.9,Chennai,21-10-2023
C106157,Vishal Das,47,Student,16200,653,22.2,Pune,16-10-2023
C106158,Simran Verma,55,Salaried-Private,83800,659,12.5,Chennai,01-02-2023
C106159,Rekha Yadav,32,Salaried-Private,50900,810,2.6,Lucknow,29-12-2023
C106160,Shweta Mittal,31,Salaried-Private,39800,603,6.6,Indore,07-07-2023
C106161,Geeta Jain,30,Business Owner,64500,749,6.4,Lucknow,04-09-2024
C106162,Ishaan Verma,30,Salaried-Private,71600,801,3.8,Nagpur,18-08-2024
C106163,Komal Kapoor,26,Student,10000,747,2.6,Bengaluru,30-03-2025
C106164,Sunita Patel,31,Freelancer,38000,720,5.5,Delhi,29-05-2023
C106165,Abhishek Yadav,50,Self-Employed,70200,677,22.4,Lucknow,12-10-2024
C106166,Ananya Mittal,34,Salaried-Private,104300,843,8.9,Nagpur,28-07-2023
C106167,Pankaj Kumar,55,Student,25500,664,13.3,Jaipur,12-12-2024
C106168,Deepak Dutta,57,Business Owner,149400,778,14.1,Ahmedabad,28-12-2024
C106169,Manish Singh,54,Freelancer,29200,671,14.1,Kolkata,20-09-2023
C106170,Pooja Iyer,44,Salaried-Private,61200,541,6.9,Bengaluru,23-05-2025
C106171,Pallavi Mehta,34,Business Owner,72600,669,3.8,Nagpur,30-01-2024
C106172,Tara Patel,61,Freelancer,68700,677,30.9,Mumbai,25-07-2024
C106173,Tushar Malhotra,30,Retired,49300,675,7,Chandigarh,03-11-2024
C106174,Pallavi Agarwal,41,Self-Employed,81800,639,7.6,Ahmedabad,28-06-2024
C106175,Anjali Gupta,40,Self-Employed,52700,737,15.1,Bhopal,22-02-2025
C106176,Meera Singh,53,Salaried-Government,58800,747,19.2,Lucknow,02-03-2023
C106177,Vishal Dubey,45,Business Owner,117500,673,16.8,Bhopal,05-04-2024
C106178,Aditya Bose,56,Student,24400,658,28.6,Lucknow,12-12-2024
C106179,Sachin Desai,61,Self-Employed,85400,608,16.6,Surat,17-01-2023
C106180,Pooja Singh,38,Salaried-Private,64400,710,11.3,Kolkata,03-03-2024
C106181,Suresh Joshi,59,Salaried-Private,71200,800,15.8,Mumbai,08-03-2025
C106182,Varun Shukla,28,Self-Employed,75300,801,5.8,Bhopal,23-10-2023
C106183,Pari Naidu,61,Student,26400,636,16.4,Pune,29-03-2023
C106184,Simran Pandey,28,Salaried-Private,70400,849,4.5,Pune,12-12-2023
C106185,Neha Yadav,58,Salaried-Government,75800,662,12.3,Chandigarh,21-04-2024
C106186,Ananya Iyer,38,Student,14900,600,7.8,Delhi,22-03-2023
C106187,Kavya Mukherjee,63,Self-Employed,80700,583,18.7,Bengaluru,07-03-2024
C106188,Dev Bhatia,26,Salaried-Private,41400,600,3.6,Indore,16-08-2024
C106189,Manoj Krishnan,41,Salaried-Government,51100,714,8,Nagpur,15-05-2025
C106190,Suresh Sharma,60,Salaried-Government,88100,672,16.7,Indore,23-08-2024
C106191,Rekha Shukla,23,Salaried-Private,41500,635,0.4,Mumbai,23-04-2023
C106192,Rohan Rao,32,Business Owner,118400,629,4.6,Pune,21-04-2025
C106193,Ravi Naidu,24,Self-Employed,66000,603,1.2,Jaipur,20-08-2024
C106194,Pankaj Chauhan,35,Self-Employed,91300,622,8.1,Chennai,27-01-2025
C106195,Vishal Shukla,38,Self-Employed,88100,774,8.2,Delhi,07-10-2023
C106196,Rajesh Yadav,48,Salaried-Private,82700,836,23.9,Mumbai,29-01-2023
C106197,Mohit Saxena,32,Salaried-Private,49900,836,6.4,Chandigarh,26-01-2024
C106198,Seema Pandey,27,Salaried-Private,65600,744,1.5,Bhopal,18-11-2023
C106199,Isha Jain,28,Salaried-Private,72600,651,5.4,Surat,10-01-2024
C106200,Nikhil Jain,62,Business Owner,54800,634,9.7,Delhi,26-04-2025
C106201,Vikram Nair,62,Salaried-Private,105400,756,32.2,Ahmedabad,10-11-2023
C106202,Lalit Desai,30,Business Owner,164100,684,4.4,Ahmedabad,30-08-2023
C106203,Dinesh Singh,29,Salaried-Private,77100,724,1.9,Delhi,03-03-2025
C106204,Atharv Patel,23,Salaried-Private,71900,845,1.8,Bengaluru,17-03-2025
C106205,Vikram Mittal,63,Salaried-Private,83600,709,23,Ahmedabad,11-10-2024
C106206,Neha Mukherjee,52,Self-Employed,70600,872,24.7,Hyderabad,23-04-2023
C106207,Kavya Awasthi,54,Self-Employed,76600,601,16.3,Pune,20-03-2025
C106208,Pranav Malhotra,33,Freelancer,64200,725,6.3,Hyderabad,06-02-2023
C106209,Reyansh Sharma,49,Salaried-Private,46700,712,12.7,Bengaluru,29-12-2024
C106210,Saanvi Joshi,23,Self-Employed,41300,607,0.9,Nagpur,28-10-2024
C106211,Ishaan Kapoor,50,Freelancer,49200,751,21.9,Bengaluru,11-01-2024
C106212,Sunita Mukherjee,46,Salaried-Private,78100,814,5.5,Jaipur,26-06-2023
C106213,Nitin Iyer,35,Salaried-Private,43300,862,7.6,Bhopal,25-02-2023
C106214,Diya Jain,52,Salaried-Private,62900,722,12,Chennai,02-02-2023
C106215,Manoj Tiwari,49,Salaried-Private,64100,537,16.5,Chennai,26-09-2023
C106216,Vishal Menon,40,Student,12800,720,6.7,Jaipur,03-03-2024
C106217,Tara Shah,29,Salaried-Government,10000,740,3.6,Delhi,08-11-2023
C106218,Lalit Naidu,22,Self-Employed,41800,667,0.6,Surat,29-06-2024
C106219,Simran Das,62,Freelancer,64600,706,29.5,Bengaluru,02-04-2023
C106220,Varun Nair,33,Salaried-Government,76000,652,10.3,Chandigarh,25-09-2024
C106221,Neha Malhotra,34,Self-Employed,83100,681,4.8,Surat,19-05-2023
C106222,Mohit Joshi,50,Salaried-Private,78800,773,15.6,Pune,03-02-2024
C106223,Atharv Tripathi,32,Salaried-Government,51100,798,4.9,Pune,21-01-2023
C106224,Gaurav Rao,37,Salaried-Private,44600,585,10,Bengaluru,16-04-2025
C106225,Simran Dutta,52,Salaried-Private,74900,650,14.2,Mumbai,30-01-2024
C106226,Dev Verma,47,Salaried-Private,61200,562,7,Nagpur,02-12-2023
C106227,Varun Mishra,49,Business Owner,128200,846,17.6,Mumbai,02-06-2023
C106228,Tarun Bhatia,21,Business Owner,100200,764,0,Bengaluru,28-07-2023
C106229,Dev Menon,40,Business Owner,136700,540,4.4,Mumbai,02-09-2023
C106230,Simran Mittal,41,Salaried-Private,53700,682,16.4,Kolkata,28-03-2023
C106231,Raj Shukla,48,Retired,56600,665,21.8,Chandigarh,08-03-2024
C106232,Karan Malhotra,27,Salaried-Private,98100,634,3.6,Hyderabad,13-05-2023
C106233,Seema Bansal,28,Freelancer,47700,770,1.5,Bhopal,28-05-2023
C106234,Shreya Verma,54,Business Owner,117200,778,14.5,Surat,23-03-2023
C106235,Aarav Mukherjee,50,Self-Employed,55300,709,12.8,Bhopal,28-02-2023
C106236,Komal Bose,56,Salaried-Government,94200,642,24.7,Pune,16-01-2025
C106237,Alok Dubey,32,Freelancer,66500,639,8.5,Jaipur,20-11-2024
C106238,Shaurya Awasthi,64,Business Owner,89400,696,19.3,Hyderabad,31-08-2024
C106239,Priya Chaurasia,33,Salaried-Private,71500,654,5.9,Pune,07-03-2025
C106240,Raj Pillai,49,Freelancer,59700,688,10,Indore,13-02-2024
C106241,Ishaan Roy,28,Salaried-Private,65600,734,5,Chennai,31-10-2023
C106242,Isha Menon,61,Self-Employed,101500,572,17.8,Ahmedabad,22-01-2024
C106243,Ananya Tiwari,35,Self-Employed,84100,631,9.7,Chandigarh,21-02-2024
C106244,Isha Singh,56,Freelancer,55800,685,24.3,Chennai,06-04-2023
C106245,Usha Agarwal,35,Salaried-Government,84400,817,4.3,Bhopal,17-09-2023
C106246,Usha Joshi,55,Salaried-Private,90800,761,27.9,Chennai,27-02-2024
C106247,Aditya Tripathi,40,Salaried-Government,55900,688,14.8,Nagpur,20-02-2024
C106248,Neha Awasthi,23,Salaried-Private,55800,720,1.2,Lucknow,17-12-2023
C106249,Sunita Nair,29,Self-Employed,26800,675,2.1,Nagpur,22-03-2023
C106250,Ankita Pillai,51,Salaried-Government,85300,778,9.5,Jaipur,12-09-2023
C106251,Sanya Tripathi,29,Freelancer,66800,724,2.1,Lucknow,18-02-2024
C106252,Reyansh Das,33,Salaried-Private,54700,790,6.3,Lucknow,15-07-2023
C106253,Shreya Mehta,44,Salaried-Private,66900,581,8.9,Bengaluru,20-02-2024
C106254,Ritika Srivastava,32,Salaried-Government,60100,624,8.6,Mumbai,16-10-2023
C106255,Suresh Pillai,26,Salaried-Private,49300,709,2.5,Nagpur,04-10-2023
C106256,Sanya Sharma,48,Salaried-Private,70400,730,13.9,Jaipur,17-04-2025
C106257,Reyansh Chauhan,51,Salaried-Government,55200,880,25.4,Delhi,20-02-2025
C106258,Ankita Roy,53,Salaried-Government,68100,545,19.3,Surat,22-09-2024
C106259,Rohan Shah,62,Salaried-Private,53300,685,19.3,Chennai,14-01-2024
C106260,Vishal Desai,26,Self-Employed,82100,686,4.4,Pune,22-12-2024
C106261,Vikram Bose,39,Student,16200,701,9.4,Bhopal,14-05-2023
C106262,Neha Verma,31,Self-Employed,59700,827,6.1,Jaipur,18-06-2023
C106263,Hemant Shukla,60,Salaried-Private,71300,760,18.2,Kolkata,06-11-2024
C106264,Pranav Khanna,44,Salaried-Private,59800,560,15.4,Jaipur,23-03-2025
C106265,Mohit Singh,25,Salaried-Private,79500,814,3,Hyderabad,12-05-2023
C106266,Gaurav Iyer,51,Self-Employed,67400,810,19.2,Chandigarh,19-03-2024
C106267,Shweta Chaurasia,22,Business Owner,108700,717,0.4,Kolkata,18-03-2023
C106268,Rekha Rao,33,Salaried-Private,45700,557,10.3,Pune,26-05-2025
C106269,Akash Khanna,52,Salaried-Private,83700,680,17.3,Chandigarh,28-11-2023
C106270,Reyansh Desai,43,Salaried-Private,84500,730,17.1,Jaipur,04-01-2025
C106271,Seema Awasthi,54,Salaried-Private,89900,773,6.8,Chennai,18-12-2024
C106272,Dinesh Saxena,46,Retired,60700,547,14.1,Chandigarh,27-05-2023
C106273,Nidhi Verma,58,Salaried-Private,75600,629,31.6,Kolkata,06-05-2025
C106274,Shweta Kumar,45,Salaried-Private,89400,781,16.4,Delhi,16-05-2025
C106275,Diya Rao,23,Salaried-Government,97000,814,0.6,Chennai,15-08-2024
C106276,Dinesh Yadav,24,Salaried-Private,33800,719,2.1,Lucknow,13-05-2025
C106277,Riya Nair,55,Salaried-Private,56500,780,7.2,Pune,16-03-2025
C106278,Pranav Sen,22,Salaried-Government,28000,720,0.5,Lucknow,20-05-2024
C106279,Sneha Srivastava,37,Salaried-Private,82600,769,5.9,Hyderabad,26-05-2024
C106280,Amit Shukla,21,Salaried-Private,24800,695,0,Nagpur,14-06-2025
C106281,Komal Sen,34,Self-Employed,28500,722,3,Lucknow,21-06-2023
C106282,Divya Khanna,47,Self-Employed,50100,589,16.4,Hyderabad,29-02-2024
C106283,Pallavi Naidu,28,Salaried-Private,23000,741,5,Chennai,23-05-2024
C106284,Mayank Patel,41,Student,17100,582,8.1,Chennai,28-03-2023
C106285,Jyoti Gupta,64,Salaried-Private,50500,745,26.3,Kolkata,24-10-2024
C106286,Meera Bose,24,Retired,13900,646,1.6,Pune,22-07-2024
C106287,Raj Rao,23,Student,8900,710,1.8,Bhopal,09-03-2023
C106288,Saanvi Dutta,32,Salaried-Government,65300,613,8.5,Bengaluru,31-01-2025
C106289,Vijay Patel,57,Salaried-Private,32000,644,31,Bengaluru,13-01-2024
C106290,Shaurya Joshi,38,Freelancer,39400,715,13.2,Mumbai,10-04-2023
C106291,Usha Gupta,49,Salaried-Government,70100,750,18.5,Surat,17-03-2023
C106292,Harsh Naidu,22,Salaried-Private,48300,774,0.2,Indore,06-09-2023
C106293,Karan Rao,53,Self-Employed,70900,598,25.6,Chennai,24-12-2023
C106294,Suresh Kapoor,23,Salaried-Government,87200,572,1.5,Bhopal,28-12-2023
C106295,Aditya Shah,52,Student,27100,606,12.3,Kolkata,21-05-2024
C106296,Shaurya Verma,27,Business Owner,80400,606,2.3,Chennai,13-08-2024
C106297,Siddharth Tiwari,58,Student,19100,808,21,Lucknow,07-10-2024
C106298,Rahul Sharma,34,Business Owner,85700,800,5.2,Mumbai,03-02-2024
C106299,Mayank Srivastava,29,Self-Employed,73900,611,7,Indore,16-11-2023
C106300,Usha Mehta,35,Self-Employed,70300,827,4.7,Nagpur,01-11-2024
C106301,Mayank Tiwari,21,Retired,40300,788,0,Bhopal,21-04-2023
C106302,Vijay Roy,28,Retired,62300,558,1.6,Indore,21-03-2025
C106303,Neha Chaurasia,47,Freelancer,27000,601,15.3,Indore,21-03-2024
C106304,Vishal Reddy,34,Freelancer,41100,553,9.3,Ahmedabad,17-07-2024
C106305,Deepak Mishra,36,Self-Employed,109000,689,9.2,Mumbai,27-04-2023
C106306,Pallavi Malhotra,56,Salaried-Private,58600,690,12.1,Jaipur,21-03-2023
C106307,Pallavi Gupta,26,Student,12600,683,4.2,Ahmedabad,29-03-2023
C106308,Dev Patel,38,Salaried-Private,74400,529,7.9,Chandigarh,23-12-2023
C106309,Naina Chatterjee,29,Salaried-Private,82900,578,2.4,Bhopal,21-10-2024
C106310,Atharv Dutta,42,Salaried-Government,111000,717,7,Bhopal,12-05-2025
C106311,Pankaj Tiwari,35,Self-Employed,79600,741,7.1,Bhopal,01-07-2024
C106312,Sneha Ghosh,23,Self-Employed,24900,522,1.2,Bhopal,22-01-2024
C106313,Varun Naidu,24,Salaried-Private,42200,583,1.9,Ahmedabad,22-04-2024
C106314,Diya Khanna,58,Salaried-Private,113500,778,9.3,Surat,02-06-2023
C106315,Rahul Pandey,23,Salaried-Private,27500,586,1.6,Chennai,31-05-2023
C106316,Tushar Chaurasia,55,Salaried-Private,78500,690,14.8,Surat,10-02-2025
C106317,Pooja Mishra,61,Salaried-Private,20700,577,15.3,Jaipur,08-04-2025
C106318,Meera Chauhan,41,Business Owner,52800,754,13.6,Mumbai,24-01-2025
C106319,Ramesh Patel,34,Salaried-Private,77900,530,8.2,Chandigarh,13-02-2025
C106320,Sneha Naidu,55,Salaried-Government,74900,666,30.4,Lucknow,15-10-2024
C106321,Pranav Saxena,64,Salaried-Private,64700,764,21,Lucknow,28-01-2025
C106322,Harsh Shah,26,Self-Employed,48500,736,1.6,Hyderabad,14-02-2023
C106323,Swati Kumar,63,Student,19100,645,37,Hyderabad,28-02-2023
C106324,Aisha Saxena,62,Salaried-Private,85300,636,22,Mumbai,17-03-2025
C106325,Divya Krishnan,27,Salaried-Private,51700,669,4,Mumbai,07-03-2023
C106326,Tara Awasthi,23,Business Owner,40100,582,0.5,Lucknow,22-08-2023
C106327,Harsh Chatterjee,52,Salaried-Private,68000,682,13.5,Indore,29-02-2024
C106328,Nitin Bose,24,Freelancer,54500,681,2.7,Pune,18-04-2024
C106329,Ramesh Malhotra,47,Retired,41000,652,22.8,Ahmedabad,17-09-2023
C106330,Riya Mishra,23,Self-Employed,69600,770,1.8,Pune,09-03-2025
C106331,Meera Pillai,51,Retired,45500,601,23.3,Bhopal,30-10-2023
C106332,Ishaan Agarwal,31,Salaried-Government,49000,550,5.5,Bhopal,06-12-2024
C106333,Usha Bhatia,25,Salaried-Government,63300,647,2.4,Indore,30-09-2024
C106334,Siddharth Nair,23,Salaried-Private,70500,700,0.5,Delhi,12-02-2023
C106335,Ananya Verma,29,Salaried-Private,78900,683,6,Nagpur,21-04-2025
C106336,Rekha Rao,44,Salaried-Private,80000,679,16.7,Mumbai,07-07-2023
C106337,Nidhi Agarwal,24,Salaried-Government,46800,596,2.1,Pune,26-06-2024
C106338,Neha Dutta,56,Self-Employed,95300,615,16.4,Chennai,24-06-2024
C106339,Usha Gupta,47,Salaried-Private,74700,652,10,Surat,26-01-2023
C106340,Seema Pillai,34,Self-Employed,54200,642,10,Hyderabad,24-05-2025
C106341,Suresh Agarwal,64,Salaried-Private,62900,777,37.9,Jaipur,06-02-2023
C106342,Ajay Kumar,49,Salaried-Private,79800,713,13.9,Indore,25-01-2024
C106343,Rohan Mittal,50,Salaried-Private,94100,651,6.9,Bengaluru,28-07-2023
C106344,Jyoti Mittal,28,Business Owner,32800,772,5.8,Indore,07-07-2023
C106345,Vishal Das,52,Self-Employed,117800,733,21.2,Ahmedabad,09-01-2023
C106346,Manoj Mehta,45,Business Owner,134900,591,16.1,Jaipur,23-04-2023
C106347,Pratibha Sen,64,Salaried-Private,76200,432,37,Ahmedabad,05-05-2023
C106348,Vishal Gupta,42,Salaried-Government,63600,583,14.1,Bengaluru,23-08-2024
C106349,Amit Nair,50,Retired,49300,734,18.3,Bengaluru,17-02-2023
C106350,Ankita Naidu,36,Salaried-Private,48200,758,10.5,Mumbai,01-05-2024
C106351,Anjali Sharma,22,Salaried-Government,57000,555,0.5,Pune,07-09-2023
C106352,Rahul Singh,26,Salaried-Private,27500,736,2,Delhi,02-02-2023
C106353,Vikram Tiwari,59,Salaried-Private,35400,734,14.3,Ahmedabad,11-02-2023
C106354,Mohit Bansal,53,Salaried-Government,124600,810,22.7,Kolkata,22-01-2025
C106355,Rahul Agarwal,37,Salaried-Private,62700,765,5.9,Chandigarh,31-03-2025
C106356,Ankita Awasthi,51,Self-Employed,82900,800,25.6,Lucknow,11-07-2024
C106357,Riya Mehta,21,Student,8200,720,0,Bhopal,15-04-2024
C106358,Jyoti Jain,22,Salaried-Private,38800,722,0.6,Mumbai,01-08-2023
C106359,Sachin Srivastava,43,Salaried-Private,57700,661,5.1,Lucknow,14-02-2025
C106360,Neha Joshi,48,Freelancer,56300,754,13.9,Chennai,17-03-2024
C106361,Pallavi Das,62,Salaried-Government,72600,584,19.7,Bhopal,02-09-2024
C106362,Sanjay Chaurasia,54,Student,19200,671,24,Indore,07-12-2024
C106363,Sachin Mishra,32,Salaried-Private,69000,733,2.6,Delhi,19-02-2024
C106364,Suresh Khanna,56,Self-Employed,84500,805,16.9,Kolkata,24-10-2023
C106365,Vijay Das,42,Student,17800,644,16.8,Jaipur,24-02-2024
C106366,Pankaj Ghosh,57,Salaried-Private,83500,769,24,Chennai,15-03-2025
C106367,Aarav Sen,28,Freelancer,44100,670,5.2,Hyderabad,10-10-2024
C106368,Suresh Agarwal,22,Self-Employed,62300,768,0.7,Bengaluru,13-09-2024
C106369,Alok Patel,23,Freelancer,68500,626,1.3,Ahmedabad,16-10-2023
C106370,Usha Krishnan,64,Salaried-Private,53300,746,20.4,Lucknow,17-10-2023
C106371,Pari Shukla,24,Salaried-Government,20500,675,1.4,Lucknow,22-04-2024
C106372,Suresh Naidu,62,Salaried-Private,82500,597,9.7,Chandigarh,25-01-2023
C106373,Pratibha Bhatia,52,Retired,37800,673,10.4,Nagpur,16-04-2023
C106374,Seema Malhotra,27,Salaried-Private,35900,791,3.5,Surat,15-05-2024
C106375,Aarav Jain,59,Salaried-Private,87900,611,31.4,Pune,07-12-2024
C106376,Pranav Naidu,27,Student,10200,562,3.8,Chennai,11-12-2023
C106377,Divya Reddy,27,Salaried-Private,32100,716,2.8,Jaipur,23-10-2023
C106378,Tarun Awasthi,46,Self-Employed,122400,564,19.6,Ahmedabad,23-09-2024
C106379,Jyoti Tiwari,33,Salaried-Private,27600,809,6.2,Delhi,10-06-2023
C106380,Vivaan Mukherjee,33,Self-Employed,68700,813,4.6,Pune,31-03-2023
C106381,Pooja Agarwal,29,Salaried-Private,20400,766,2,Lucknow,28-10-2024
C106382,Tarun Rao,47,Salaried-Government,76900,690,20.3,Bengaluru,21-03-2024
C106383,Harsh Dutta,22,Self-Employed,51000,820,0.6,Hyderabad,25-03-2023
C106384,Ankita Tripathi,31,Salaried-Private,75400,798,6.1,Chennai,27-07-2024
C106385,Sneha Kapoor,45,Salaried-Private,64300,647,16.9,Kolkata,06-05-2025
C106386,Simran Sen,42,Salaried-Private,90400,808,13.1,Bhopal,15-11-2023
C106387,Sanjay Shukla,51,Business Owner,86200,619,13.4,Chennai,12-09-2024
C106388,Dinesh Krishnan,30,Salaried-Private,26500,668,5.7,Delhi,22-09-2024
C106389,Meera Jain,49,Salaried-Private,71000,547,8.3,Mumbai,28-10-2024
C106390,Riya Mukherjee,54,Salaried-Private,63100,701,13.4,Surat,02-03-2024
C106391,Lalit Chatterjee,38,Salaried-Government,27300,660,9.8,Chandigarh,15-03-2023
C106392,Deepak Sen,32,Business Owner,58600,652,2.7,Delhi,24-04-2023
C106393,Sneha Mishra,45,Salaried-Government,53900,674,18.6,Surat,22-05-2024
C106394,Pallavi Das,46,Student,22900,637,5.8,Indore,08-04-2024
C106395,Raj Reddy,25,Business Owner,112200,700,1.8,Bhopal,27-01-2023
C106396,Mayank Menon,45,Freelancer,48000,789,12.4,Nagpur,01-08-2023
C106397,Riya Awasthi,27,Business Owner,105500,610,4.1,Nagpur,22-10-2023
C106398,Pranav Mittal,46,Salaried-Private,24200,752,7.7,Chandigarh,04-01-2025
C106399,Tushar Mishra,61,Retired,42200,703,31,Ahmedabad,13-10-2024
C106400,Kabir Sen,44,Freelancer,59600,718,11.5,Lucknow,12-02-2025
C106401,Shweta Joshi,54,Self-Employed,83200,690,12.4,Chandigarh,14-07-2023
C106402,Manish Das,34,Salaried-Private,49400,630,3.5,Chandigarh,23-02-2025
C106403,Anjali Tripathi,61,Salaried-Private,70200,726,33.9,Chennai,19-09-2024
C106404,Kabir Dutta,56,Self-Employed,88100,734,16.9,Ahmedabad,13-02-2023
C106405,Diya Reddy,61,Salaried-Government,76300,627,18.7,Ahmedabad,10-05-2024
C106406,Gaurav Tripathi,53,Business Owner,128400,592,10.4,Bhopal,23-08-2023
C106407,Gaurav Bhatia,49,Salaried-Government,78700,698,15.5,Bhopal,30-03-2025
C106408,Mohit Singh,44,Self-Employed,87500,753,9.8,Nagpur,03-02-2024
C106409,Aditya Ghosh,61,Salaried-Private,105300,776,12.6,Indore,23-03-2024
C106410,Deepak Chatterjee,58,Salaried-Private,86400,789,26.9,Delhi,25-04-2025
C106411,Swati Desai,39,Salaried-Private,97000,724,14.9,Pune,29-09-2023
C106412,Nikhil Mittal,24,Freelancer,34400,664,1.3,Ahmedabad,14-07-2024
C106413,Amit Shah,21,Self-Employed,27800,683,0,Bhopal,26-02-2025
C106414,Atharv Kumar,31,Student,11800,582,4.6,Mumbai,26-05-2024
C106415,Shaurya Agarwal,23,Business Owner,81600,637,1.7,Chandigarh,06-03-2024
C106416,Pari Roy,30,Freelancer,71000,686,5.5,Indore,02-10-2023
C106417,Pankaj Nair,25,Self-Employed,40500,664,1.3,Bengaluru,17-09-2023
C106418,Gaurav Joshi,64,Freelancer,59900,696,27.6,Pune,21-01-2025
C106419,Amit Mishra,25,Student,11100,571,1.9,Surat,10-01-2024
C106420,Deepak Agarwal,48,Business Owner,102000,603,5.7,Jaipur,26-10-2023
C106421,Neha Bhatia,36,Salaried-Private,57600,750,13.2,Kolkata,03-02-2024
C106422,Atharv Sen,28,Business Owner,102300,628,2,Chennai,24-02-2023
C106423,Tarun Chaurasia,51,Salaried-Private,88600,639,14.7,Mumbai,20-07-2023
C106424,Amit Rao,63,Salaried-Private,102500,702,27.7,Hyderabad,26-03-2025
C106425,Ravi Garg,55,Business Owner,102600,620,20.7,Jaipur,18-12-2024
C106426,Lalit Joshi,63,Freelancer,47700,775,8.5,Hyderabad,15-03-2025
C106427,Riya Nair,46,Salaried-Private,95700,593,15.6,Nagpur,08-01-2025
C106428,Pranav Rao,50,Salaried-Private,45000,686,20.6,Bengaluru,03-02-2023
C106429,Vishal Shukla,27,Student,16000,622,4.8,Chandigarh,05-02-2024
C106430,Usha Shukla,58,Salaried-Private,96700,706,12.2,Chennai,30-04-2023
C106431,Arjun Dutta,53,Salaried-Private,97600,654,7.2,Hyderabad,16-01-2023
C106432,Rajesh Krishnan,32,Business Owner,114300,695,9.5,Hyderabad,07-08-2023
C106433,Sanya Malhotra,36,Freelancer,16200,780,10.1,Hyderabad,03-04-2023
C106434,Pankaj Pillai,47,Self-Employed,51500,632,13.5,Nagpur,21-03-2025
C106435,Saanvi Khanna,21,Self-Employed,73400,635,0,Chennai,03-04-2024
C106436,Ananya Joshi,56,Salaried-Private,55500,663,10.8,Chennai,25-04-2025
C106437,Anjali Desai,33,Salaried-Private,53500,805,10.5,Mumbai,23-08-2023
C106438,Abhishek Kumar,24,Freelancer,55000,681,2,Chennai,31-03-2024
C106439,Pratibha Yadav,35,Freelancer,46900,785,11.4,Delhi,25-10-2023
C106440,Priya Pillai,57,Salaried-Private,45000,672,21.2,Bengaluru,06-04-2024
C106441,Sanya Malhotra,33,Salaried-Private,77500,786,9.1,Lucknow,22-04-2024
C106442,Abhishek Iyer,44,Salaried-Private,74500,723,9.9,Surat,09-02-2023
C106443,Vijay Tripathi,56,Salaried-Private,64000,733,10.3,Jaipur,19-08-2024
C106444,Geeta Pandey,22,Salaried-Private,69600,575,0.4,Hyderabad,07-07-2023
C106445,Reyansh Mehta,54,Salaried-Private,70100,563,27.3,Lucknow,18-06-2023
C106446,Pooja Patel,33,Freelancer,70100,776,8.3,Bengaluru,15-06-2025
C106447,Dinesh Gupta,51,Salaried-Private,70000,775,15.6,Lucknow,10-09-2024
C106448,Ramesh Roy,29,Business Owner,133600,893,2.9,Lucknow,28-03-2023
C106449,Rohan Malhotra,27,Self-Employed,23400,564,3.7,Delhi,09-04-2023
C106450,Aarav Tiwari,55,Freelancer,64900,728,20.9,Surat,12-03-2023
C106451,Amit Krishnan,56,Retired,42200,604,20,Nagpur,23-05-2024
C106452,Sneha Bose,64,Salaried-Government,58800,629,30.8,Surat,30-08-2024
C106453,Geeta Srivastava,50,Salaried-Private,89800,653,10.7,Nagpur,25-08-2024
C106454,Ajay Garg,41,Business Owner,124500,729,11.2,Bhopal,04-01-2023
C106455,Rekha Mukherjee,29,Salaried-Private,18100,629,3.3,Mumbai,20-09-2023
C106456,Neha Tiwari,33,Salaried-Private,74100,693,4.1,Indore,15-06-2023
C106457,Ankita Desai,49,Salaried-Private,78100,758,12.1,Delhi,22-01-2025
C106458,Rajesh Saxena,36,Student,12100,772,11.4,Hyderabad,11-05-2023
C106459,Ajay Reddy,42,Salaried-Private,46700,742,5.9,Bhopal,10-12-2024
C106460,Dev Naidu,28,Salaried-Government,28300,720,2.7,Kolkata,05-08-2023
C106461,Rohan Krishnan,40,Salaried-Government,60700,677,10.9,Surat,04-03-2025
C106462,Isha Iyer,31,Business Owner,86300,647,4.8,Chennai,15-10-2023
C106463,Anjali Kapoor,25,Salaried-Private,72500,733,3.1,Nagpur,04-11-2023
C106464,Komal Ghosh,26,Student,11100,597,3.7,Delhi,28-04-2024
C106465,Riya Awasthi,43,Business Owner,62900,698,14.8,Hyderabad,19-04-2025
C106466,Ajay Das,37,Salaried-Government,72200,604,6.4,Bhopal,07-02-2024
C106467,Ananya Dubey,25,Salaried-Government,56500,685,0.9,Chandigarh,11-03-2024
C106468,Ramesh Khanna,43,Freelancer,37800,601,9.2,Chennai,12-12-2023
C106469,Vivaan Rao,28,Freelancer,21400,651,4.3,Kolkata,08-10-2023
C106470,Vishal Singh,21,Salaried-Government,74200,637,0,Mumbai,04-06-2025
C106471,Sneha Khanna,26,Salaried-Private,65900,626,3.9,Jaipur,14-07-2024
C106472,Isha Kumar,40,Salaried-Private,73700,684,16.9,Bhopal,20-05-2025
C106473,Sneha Khanna,62,Salaried-Private,56800,494,29.4,Hyderabad,06-03-2025
C106474,Harsh Kumar,31,Salaried-Private,62400,545,4.9,Nagpur,23-01-2024
C106475,Rekha Agarwal,33,Salaried-Private,32300,749,9.1,Surat,11-03-2025
C106476,Pratibha Srivastava,31,Salaried-Private,39300,697,3.9,Mumbai,26-04-2023
C106477,Shreya Sharma,36,Student,14400,624,13,Ahmedabad,07-08-2023
C106478,Ananya Tiwari,52,Freelancer,60600,767,14.2,Bengaluru,21-02-2024
C106479,Simran Bansal,35,Freelancer,23500,632,9.6,Hyderabad,18-05-2023
C106480,Varun Iyer,49,Self-Employed,51800,641,6,Delhi,15-01-2023
C106481,Vijay Awasthi,60,Self-Employed,72800,628,25,Bhopal,08-02-2024
C106482,Sachin Naidu,62,Salaried-Private,90600,846,16.7,Lucknow,01-03-2023
C106483,Neha Saxena,45,Business Owner,71600,709,6.5,Hyderabad,24-04-2025
C106484,Usha Mehta,52,Salaried-Private,70200,706,15.6,Delhi,27-04-2024
C106485,Priya Pandey,61,Self-Employed,87900,730,11,Chennai,18-05-2025
C106486,Ankita Jain,55,Retired,43600,538,11.2,Chennai,31-07-2024
C106487,Diya Sharma,34,Student,14300,634,10.7,Delhi,06-09-2023
C106488,Nidhi Malhotra,26,Salaried-Private,30100,720,1.2,Delhi,21-08-2024
C106489,Rohan Malhotra,26,Business Owner,69000,690,3.2,Lucknow,02-03-2023
C106490,Arjun Srivastava,59,Salaried-Private,98900,871,9.2,Chandigarh,26-03-2024
C106491,Vishal Malhotra,45,Salaried-Private,94700,651,16.9,Chennai,30-09-2024
C106492,Pankaj Saxena,34,Salaried-Private,77100,767,11.5,Pune,06-02-2024
C106493,Aditya Iyer,36,Salaried-Private,83000,756,7.5,Nagpur,28-07-2023
C106494,Neha Dubey,33,Business Owner,34400,696,10.5,Pune,09-04-2025
C106495,Ankita Shah,56,Salaried-Government,53600,713,22.7,Chandigarh,09-07-2023
C106496,Dinesh Khanna,47,Salaried-Private,59200,665,16,Bhopal,07-09-2023
C106497,Abhishek Sharma,59,Retired,77200,533,12.2,Indore,24-10-2024
C106498,Nitin Shukla,34,Self-Employed,63700,717,11.3,Nagpur,22-08-2023
C106499,Geeta Nair,41,Salaried-Government,84900,727,16.1,Bengaluru,30-06-2023
C106500,Tushar Pillai,26,Self-Employed,77100,738,1.5,Nagpur,11-05-2023
C106501,Swati Kapoor,63,Self-Employed,91300,698,9.2,Surat,06-12-2024
C106502,Seema Awasthi,43,Salaried-Government,68800,767,9.9,Hyderabad,20-04-2023
C106503,Gaurav Shah,45,Self-Employed,46800,617,7.5,Indore,13-04-2025
C106504,Reyansh Chaurasia,39,Student,8000,798,7.8,Pune,15-05-2023
C106505,Priya Mukherjee,32,Salaried-Private,85000,613,9.6,Nagpur,19-05-2023
C106506,Geeta Dutta,62,Salaried-Government,63300,680,32.9,Ahmedabad,15-05-2025
C106507,Vijay Reddy,42,Salaried-Private,26100,738,10.7,Surat,07-05-2024
C106508,Pari Yadav,50,Student,21200,641,11.4,Kolkata,07-10-2024
C106509,Rekha Das,22,Salaried-Private,63800,749,0.6,Nagpur,22-09-2024
C106510,Manish Sen,33,Salaried-Private,75200,663,10.3,Kolkata,18-09-2023
C106511,Shreya Das,56,Retired,60400,698,26.4,Bengaluru,26-04-2024
C106512,Shweta Jain,24,Self-Employed,45100,672,2.4,Indore,02-03-2024
C106513,Ankita Gupta,25,Salaried-Private,39100,639,2.9,Mumbai,29-03-2025
C106514,Jyoti Awasthi,56,Salaried-Private,62600,869,19.3,Chandigarh,02-02-2025
C106515,Rekha Srivastava,34,Salaried-Government,83800,625,3.9,Ahmedabad,02-03-2023
C106516,Pooja Saxena,33,Retired,12600,499,9.3,Lucknow,03-08-2024
C106517,Ananya Reddy,45,Salaried-Government,72900,626,15.7,Chennai,14-06-2025
C106518,Manish Sen,29,Salaried-Private,76800,702,5.9,Hyderabad,10-02-2024
C106519,Vikram Rao,22,Self-Employed,87800,663,0.7,Indore,19-05-2024
C106520,Nikhil Khanna,21,Salaried-Government,76100,772,0,Bengaluru,19-11-2024
C106521,Dev Tripathi,24,Salaried-Private,77500,770,1.2,Mumbai,12-07-2023
C106522,Ajay Chauhan,27,Student,8000,655,4.8,Ahmedabad,13-09-2023
C106523,Arjun Desai,51,Salaried-Private,99300,560,14.6,Chennai,23-07-2024
C106524,Shreya Kapoor,34,Student,14400,579,4.2,Jaipur,20-05-2025
C106525,Suresh Pandey,24,Freelancer,66600,687,1.9,Pune,21-08-2024
C106526,Shreya Khanna,21,Salaried-Private,31500,559,0,Pune,27-11-2024
C106527,Vikram Reddy,41,Business Owner,39900,656,13,Lucknow,05-01-2023
C106528,Lalit Joshi,57,Freelancer,87000,806,22.1,Chandigarh,26-03-2023
C106529,Shreya Das,35,Self-Employed,49400,714,9.3,Mumbai,23-01-2025
C106530,Swati Garg,23,Self-Employed,59300,692,1.8,Bengaluru,29-11-2024
C106531,Rajesh Chatterjee,31,Salaried-Private,69500,607,3.9,Bhopal,06-03-2023
C106532,Siddharth Mehta,42,Salaried-Private,78900,706,18.5,Indore,19-12-2023
C106533,Rohan Gupta,29,Business Owner,125700,678,5.9,Nagpur,13-07-2023
C106534,Hemant Mehta,64,Salaried-Private,76700,710,34.3,Pune,30-06-2024
C106535,Ritika Joshi,54,Salaried-Private,47100,745,25.1,Kolkata,20-06-2024
C106536,Rajesh Das,36,Salaried-Government,82000,764,3.2,Bengaluru,20-01-2023
C106537,Diya Khanna,62,Salaried-Private,85900,703,22.7,Delhi,28-11-2024
C106538,Aisha Das,35,Freelancer,20600,724,3.8,Jaipur,05-06-2023
C106539,Alok Das,27,Freelancer,69100,649,4,Mumbai,29-07-2024
C106540,Gaurav Mishra,62,Freelancer,20600,773,9.9,Bengaluru,18-01-2025
C106541,Alok Saxena,63,Salaried-Private,92500,622,9.4,Hyderabad,12-07-2024
C106542,Isha Bose,34,Salaried-Government,51700,671,10.9,Mumbai,05-06-2025
C106543,Ritika Kumar,47,Freelancer,65700,788,21.9,Bengaluru,19-03-2024
C106544,Ishaan Pillai,28,Salaried-Government,74500,652,4.5,Mumbai,05-09-2023
C106545,Sneha Mittal,49,Business Owner,98000,587,14.6,Kolkata,07-04-2024
C106546,Pari Malhotra,51,Self-Employed,88800,660,23.4,Jaipur,21-10-2024
C106547,Rekha Bansal,52,Salaried-Private,65700,801,27.1,Ahmedabad,23-01-2024
C106548,Shaurya Khanna,46,Salaried-Private,79300,510,6,Pune,27-03-2023
C106549,Abhishek Agarwal,51,Business Owner,169900,713,8.2,Bengaluru,07-09-2023
C106550,Tarun Malhotra,45,Salaried-Private,37800,634,20,Bhopal,14-04-2024
C106551,Sneha Menon,57,Student,13100,668,9.7,Bhopal,23-11-2023
C106552,Swati Ghosh,28,Self-Employed,58800,660,4.9,Ahmedabad,04-04-2025
C106553,Nidhi Mehta,42,Salaried-Private,53700,764,12.3,Surat,01-03-2025
C106554,Reyansh Shah,39,Business Owner,83100,696,10.2,Nagpur,04-08-2024
C106555,Komal Khanna,44,Salaried-Government,49300,768,6.2,Surat,11-12-2023
C106556,Sanya Bhatia,27,Salaried-Private,74800,793,4.3,Kolkata,04-06-2023
C106557,Aarav Pillai,35,Retired,22000,685,8.7,Lucknow,15-11-2024
C106558,Riya Rao,62,Business Owner,118800,669,34.9,Bhopal,07-05-2025
C106559,Saanvi Tiwari,25,Self-Employed,82900,722,2.1,Bhopal,05-07-2024
C106560,Ramesh Naidu,48,Freelancer,59900,734,22.6,Bengaluru,14-01-2023
C106561,Akash Khanna,50,Self-Employed,89300,601,9.5,Lucknow,21-07-2023
C106562,Rekha Khanna,41,Salaried-Government,89400,712,6.9,Indore,10-05-2024
C106563,Ankita Iyer,22,Salaried-Private,56500,668,0.9,Delhi,19-05-2023
C106564,Aarav Rao,22,Salaried-Private,48500,653,0.3,Nagpur,01-06-2024
C106565,Ananya Rao,33,Salaried-Government,76000,636,4.4,Pune,21-04-2023
C106566,Atharv Sen,25,Salaried-Government,75300,641,1.2,Indore,07-02-2024
C106567,Gaurav Khanna,25,Business Owner,118100,798,2.8,Kolkata,21-03-2024
C106568,Lalit Srivastava,28,Salaried-Government,25600,654,5.2,Kolkata,04-08-2024
C106569,Raj Srivastava,29,Self-Employed,64800,781,6.6,Bengaluru,03-07-2023
C106570,Aisha Shukla,57,Freelancer,41400,696,10.9,Chandigarh,17-06-2024
C106571,Ramesh Jain,49,Retired,50900,597,11.9,Nagpur,22-08-2023
C106572,Vishal Mittal,22,Salaried-Private,69900,705,0.4,Nagpur,24-01-2024
C106573,Gaurav Awasthi,48,Student,18200,587,23.8,Hyderabad,23-01-2025
C106574,Arjun Tripathi,27,Freelancer,34700,733,3.6,Surat,28-02-2023
C106575,Lalit Kapoor,39,Salaried-Private,74100,674,7.9,Chandigarh,15-03-2024
C106576,Arjun Agarwal,22,Salaried-Private,52700,756,0.4,Nagpur,28-04-2025
C106577,Shaurya Mukherjee,24,Salaried-Private,84700,807,1.3,Nagpur,27-10-2023
C106578,Pranav Bansal,26,Business Owner,146700,563,3.5,Surat,17-01-2024
C106579,Alok Krishnan,40,Self-Employed,97600,657,11.1,Chennai,16-06-2023
C106580,Ananya Mittal,41,Salaried-Government,73600,594,12.7,Bengaluru,28-05-2023
C106581,Ishaan Khanna,36,Freelancer,79200,864,7.9,Ahmedabad,29-01-2024
C106582,Karan Bansal,48,Salaried-Private,70600,655,5.9,Surat,28-05-2024
C106583,Priya Roy,52,Salaried-Government,62400,584,21.1,Hyderabad,26-08-2023
C106584,Raj Rao,53,Student,19000,862,22.6,Surat,20-05-2024
C106585,Pallavi Mukherjee,46,Retired,34600,627,8.2,Bhopal,05-02-2023
C106586,Aarav Dutta,45,Freelancer,53500,558,15.7,Jaipur,16-04-2024
C106587,Pallavi Roy,42,Salaried-Private,72700,598,17.1,Chandigarh,19-02-2025
C106588,Usha Khanna,31,Salaried-Private,30700,696,6.2,Chennai,02-10-2024
C106589,Shweta Mishra,42,Salaried-Private,54400,691,14,Indore,26-05-2024
C106590,Siddharth Bansal,21,Salaried-Government,65200,622,0,Nagpur,17-05-2025
C106591,Tara Menon,63,Salaried-Private,84700,653,17.9,Mumbai,17-01-2025
C106592,Usha Mishra,37,Student,14600,686,4.9,Chennai,20-02-2023
C106593,Karan Bose,54,Business Owner,109000,802,17.5,Chandigarh,28-10-2024
C106594,Mayank Yadav,63,Salaried-Government,50100,714,15.2,Chandigarh,14-10-2024
C106595,Shaurya Shukla,42,Salaried-Private,45200,641,14.3,Jaipur,14-01-2023
C106596,Atharv Reddy,58,Salaried-Government,74000,672,25.9,Jaipur,30-12-2023
C106597,Rekha Mukherjee,42,Salaried-Government,80100,753,4.3,Ahmedabad,11-08-2024
C106598,Siddharth Garg,26,Business Owner,97400,829,4.3,Jaipur,22-08-2024
C106599,Swati Das,22,Salaried-Private,38400,597,0.8,Indore,07-05-2023
C106600,Jyoti Saxena,26,Freelancer,42200,775,1.5,Mumbai,05-08-2023
C106601,Siddharth Mehta,62,Salaried-Private,101600,670,21.9,Indore,07-03-2023
C106602,Reyansh Tripathi,41,Salaried-Private,73900,561,6.9,Delhi,04-04-2024
C106603,Ramesh Menon,35,Retired,36600,539,12.2,Lucknow,27-01-2023
C106604,Kabir Malhotra,40,Salaried-Private,42100,793,11.3,Pune,20-07-2024
C106605,Rekha Roy,32,Salaried-Private,45100,803,7.6,Bengaluru,30-01-2025
C106606,Mayank Bose,59,Self-Employed,81400,646,33.6,Mumbai,02-12-2024
C106607,Ishaan Mukherjee,64,Salaried-Government,83800,675,28.9,Hyderabad,28-05-2024
C106608,Pratibha Mittal,24,Salaried-Private,67500,547,2.4,Mumbai,27-08-2024
C106609,Manish Tiwari,52,Salaried-Private,75200,752,11.4,Bengaluru,26-11-2024
C106610,Nitin Agarwal,35,Salaried-Private,53200,685,5,Pune,25-11-2024
C106611,Anjali Pillai,23,Self-Employed,54500,563,1,Hyderabad,28-07-2024
C106612,Siddharth Pillai,61,Salaried-Private,111900,713,32.7,Ahmedabad,03-06-2025
C106613,Arjun Tripathi,23,Freelancer,35900,574,0.5,Chandigarh,05-05-2023
C106614,Ruchi Malhotra,30,Student,8000,725,4.6,Mumbai,08-03-2024
C106615,Naina Krishnan,22,Salaried-Private,22600,596,0.8,Pune,01-07-2024
C106616,Mayank Krishnan,41,Salaried-Private,55900,715,6.5,Pune,25-01-2025
C106617,Ananya Ghosh,47,Salaried-Private,84200,640,16.4,Chennai,11-04-2023
C106618,Pallavi Chaurasia,35,Salaried-Private,49100,498,3.5,Jaipur,01-10-2023
C106619,Amit Roy,24,Salaried-Private,85800,772,0.6,Hyderabad,17-02-2023
C106620,Abhishek Verma,26,Freelancer,45900,770,2.1,Hyderabad,28-09-2023
C106621,Dinesh Dutta,62,Salaried-Private,93600,652,31.3,Mumbai,03-11-2023
C106622,Ravi Chaurasia,56,Salaried-Government,57800,710,8,Lucknow,20-10-2023
C106623,Pooja Verma,62,Business Owner,80600,727,18.7,Pune,31-03-2023
C106624,Mohit Rao,44,Freelancer,54700,725,16.3,Bhopal,13-06-2024
C106625,Vishal Rao,45,Salaried-Private,74300,829,11,Delhi,27-09-2024
C106626,Atharv Nair,55,Salaried-Private,65000,723,18.2,Hyderabad,02-07-2023
C106627,Tara Jain,48,Retired,47300,658,14.9,Jaipur,28-06-2024
C106628,Geeta Dutta,40,Salaried-Private,74400,725,15.9,Bhopal,03-12-2023
C106629,Usha Joshi,33,Business Owner,47300,652,9.8,Bengaluru,06-09-2024
C106630,Vishal Kumar,42,Business Owner,85500,607,5.1,Chennai,21-02-2024
C106631,Amit Mehta,23,Self-Employed,54400,785,1.4,Chennai,27-03-2025
C106632,Ishaan Jain,29,Salaried-Private,48800,730,4.6,Mumbai,31-10-2024
C106633,Ananya Kumar,53,Salaried-Private,75900,542,14.3,Kolkata,23-11-2023
C106634,Ishaan Naidu,59,Salaried-Government,64600,634,20.7,Lucknow,15-03-2024
C106635,Kavya Mukherjee,25,Self-Employed,19500,743,3.3,Pune,17-05-2024
C106636,Amit Yadav,25,Freelancer,41800,561,3,Lucknow,19-04-2023
C106637,Riya Yadav,24,Business Owner,55100,628,1.8,Chennai,03-12-2023
C106638,Meera Sen,55,Student,23300,896,11,Jaipur,05-09-2023
C106639,Vikram Mittal,34,Retired,47900,660,8.2,Nagpur,07-05-2023
C106640,Hemant Khanna,35,Business Owner,24000,770,7.7,Bengaluru,12-08-2023
C106641,Abhishek Garg,21,Salaried-Private,39500,805,0,Mumbai,27-01-2025
C106642,Anjali Joshi,63,Salaried-Government,85100,620,36.1,Delhi,27-12-2024
C106643,Manish Kapoor,40,Self-Employed,39800,707,17,Indore,30-05-2024
C106644,Akash Tiwari,56,Self-Employed,98800,859,30.3,Jaipur,11-07-2024
C106645,Siddharth Dubey,52,Salaried-Private,88400,730,22.2,Indore,14-07-2024
C106646,Shreya Chauhan,27,Self-Employed,64500,878,3.7,Pune,21-09-2024
C106647,Divya Reddy,56,Salaried-Private,53500,637,14.8,Nagpur,21-08-2023
C106648,Neha Pandey,45,Salaried-Private,18400,826,20.7,Pune,22-05-2024
C106649,Diya Mehta,47,Freelancer,67400,691,13.5,Bhopal,15-01-2025
C106650,Dinesh Roy,29,Salaried-Government,107800,669,2.7,Jaipur,01-02-2023
C106651,Sneha Iyer,58,Self-Employed,123900,749,10.3,Bhopal,03-04-2024
C106652,Shaurya Desai,61,Self-Employed,77300,682,31.4,Chandigarh,06-04-2023
C106653,Tarun Bose,38,Self-Employed,46600,680,7.3,Hyderabad,04-03-2023
C106654,Nikhil Bansal,25,Salaried-Private,73400,729,2.9,Chandigarh,11-07-2024
C106655,Abhishek Pillai,58,Self-Employed,77800,547,23.6,Bengaluru,16-10-2023
C106656,Gaurav Chaurasia,60,Salaried-Private,80200,628,15.5,Kolkata,31-03-2024
C106657,Pankaj Agarwal,43,Business Owner,106500,753,17.5,Surat,13-02-2024
C106658,Reyansh Mishra,46,Salaried-Private,66900,769,19.8,Mumbai,17-05-2024
C106659,Tarun Mehta,30,Retired,48900,715,2.9,Jaipur,28-10-2023
C106660,Vijay Srivastava,23,Freelancer,61900,711,0.6,Hyderabad,11-04-2024
C106661,Simran Mishra,62,Salaried-Government,65400,721,25.4,Lucknow,14-04-2023
C106662,Ajay Tripathi,42,Salaried-Private,44900,763,7.6,Kolkata,11-08-2023
C106663,Neha Iyer,33,Salaried-Government,10300,567,5.2,Delhi,20-10-2023
C106664,Nitin Iyer,51,Business Owner,88900,652,25.7,Nagpur,24-04-2024
C106665,Akash Garg,22,Business Owner,53400,682,0.3,Chennai,03-01-2023
C106666,Nitin Garg,24,Business Owner,102600,711,1.6,Jaipur,12-03-2025
C106667,Reyansh Shukla,31,Student,11200,512,4.1,Lucknow,10-07-2023
C106668,Diya Ghosh,40,Salaried-Government,63100,588,8.4,Bhopal,21-01-2025
C106669,Isha Ghosh,37,Business Owner,120400,696,7.3,Surat,28-07-2024
C106670,Shweta Nair,29,Salaried-Government,72400,771,3.1,Surat,05-10-2023
C106671,Lalit Malhotra,36,Self-Employed,69200,656,11,Pune,30-04-2024
C106672,Nidhi Reddy,35,Salaried-Government,103200,642,10.8,Chennai,07-09-2023
C106673,Geeta Khanna,44,Freelancer,65000,732,13.3,Bengaluru,04-12-2023
C106674,Aisha Dutta,45,Salaried-Private,56300,662,19.9,Nagpur,01-01-2025
C106675,Sachin Singh,59,Salaried-Private,62800,759,11.2,Bhopal,13-05-2025
C106676,Anjali Saxena,56,Salaried-Private,84800,675,19.4,Hyderabad,28-02-2024
C106677,Gaurav Nair,33,Student,13700,592,9.4,Bhopal,11-02-2023
C106678,Ruchi Khanna,60,Self-Employed,54700,801,24.8,Lucknow,31-01-2024
C106679,Priya Garg,43,Salaried-Government,89000,792,19.6,Bengaluru,30-07-2024
C106680,Ramesh Menon,29,Salaried-Government,91400,617,4.9,Hyderabad,30-03-2024
C106681,Dev Yadav,35,Salaried-Government,92100,725,12.2,Chandigarh,13-07-2024
C106682,Varun Khanna,53,Student,25700,657,8.6,Nagpur,13-05-2023
C106683,Tushar Garg,57,Retired,72200,740,8.3,Bengaluru,13-04-2024
C106684,Aditya Pandey,37,Freelancer,78100,621,7.2,Nagpur,07-01-2024
C106685,Gaurav Chauhan,27,Freelancer,51900,757,4.7,Ahmedabad,26-08-2023
C106686,Manish Desai,29,Salaried-Private,54000,783,1.9,Indore,13-05-2025
C106687,Sneha Sen,25,Salaried-Private,20000,607,1.5,Ahmedabad,29-03-2024
C106688,Diya Bhatia,51,Self-Employed,78300,697,26.7,Chennai,12-11-2023
C106689,Pallavi Yadav,43,Business Owner,113400,794,14.3,Ahmedabad,28-02-2024
C106690,Kavya Malhotra,40,Salaried-Private,63500,609,9,Kolkata,02-08-2024
C106691,Vivaan Tripathi,50,Business Owner,39200,632,7.4,Pune,12-05-2023
C106692,Rahul Bose,57,Salaried-Private,63700,742,26.2,Chennai,02-06-2025
C106693,Suresh Roy,56,Salaried-Private,81900,679,29.7,Kolkata,01-08-2023
C106694,Priya Chatterjee,27,Salaried-Private,36900,559,4.3,Chennai,04-04-2023
C106695,Rekha Ghosh,46,Freelancer,56700,662,7,Lucknow,29-01-2024
C106696,Reyansh Mehta,59,Business Owner,117000,837,21.7,Chennai,19-05-2025
C106697,Abhishek Agarwal,55,Self-Employed,106400,860,16.4,Chennai,01-12-2023
C106698,Ravi Sen,35,Freelancer,77000,640,11.7,Chandigarh,02-06-2024
C106699,Sunita Joshi,38,Freelancer,44800,613,12.5,Jaipur,28-04-2023
C106700,Siddharth Singh,60,Salaried-Government,80100,655,29.7,Bhopal,22-03-2024
C106701,Aarav Sen,22,Freelancer,47800,831,0.5,Pune,03-08-2023
C106702,Divya Bose,44,Salaried-Private,77200,758,5,Chandigarh,05-01-2023
C106703,Saanvi Mehta,26,Self-Employed,80900,809,3.7,Nagpur,16-06-2024
C106704,Alok Nair,60,Salaried-Private,99100,774,25.1,Mumbai,17-04-2024
C106705,Naina Verma,22,Salaried-Government,9600,575,0.3,Lucknow,25-09-2024
C106706,Amit Shah,22,Self-Employed,76400,615,0.7,Indore,13-06-2025
C106707,Riya Tiwari,35,Salaried-Private,70300,634,4.3,Bhopal,07-11-2024
C106708,Ritika Chatterjee,29,Salaried-Government,58500,647,5.7,Pune,10-02-2025
C106709,Nitin Dubey,42,Business Owner,24000,629,14.7,Ahmedabad,30-04-2024
C106710,Vikram Dutta,34,Self-Employed,69700,645,2.7,Chennai,26-04-2025
C106711,Swati Verma,36,Salaried-Private,46800,738,11.1,Hyderabad,19-02-2023
C106712,Deepak Sharma,45,Salaried-Private,98200,705,11.6,Bhopal,07-12-2024
C106713,Tara Dubey,45,Salaried-Government,78400,789,13.3,Delhi,27-07-2023
C106714,Dinesh Ghosh,62,Freelancer,47700,707,35.9,Ahmedabad,20-05-2025
C106715,Ritika Srivastava,42,Student,10500,627,17.7,Bhopal,17-10-2024
C106716,Ramesh Dubey,45,Salaried-Private,76400,706,11.2,Lucknow,28-06-2023
C106717,Ajay Pillai,50,Business Owner,121900,577,20.2,Lucknow,17-09-2023
C106718,Vivaan Verma,28,Self-Employed,63600,504,3.9,Kolkata,03-03-2023
C106719,Siddharth Sharma,50,Retired,51800,739,22.5,Bhopal,26-08-2024
C106720,Nidhi Sharma,58,Salaried-Private,62800,770,15.7,Pune,04-07-2023
C106721,Kavya Kumar,34,Self-Employed,96800,700,6.9,Lucknow,05-08-2024
C106722,Deepak Jain,28,Self-Employed,92600,662,2,Mumbai,25-02-2023
C106723,Reyansh Naidu,36,Salaried-Private,28200,576,12.7,Mumbai,09-04-2024
C106724,Vikram Saxena,33,Salaried-Private,31900,778,10,Chennai,17-07-2023
C106725,Harsh Sen,46,Salaried-Private,105600,735,9.8,Ahmedabad,05-10-2023
C106726,Nidhi Das,59,Salaried-Government,96200,717,23.1,Chennai,16-01-2024
C106727,Swati Agarwal,47,Business Owner,58000,688,12.1,Chennai,13-03-2023
C106728,Manish Shah,26,Business Owner,39700,648,1.5,Delhi,05-12-2023
C106729,Geeta Kumar,34,Salaried-Private,64400,600,3,Ahmedabad,18-10-2024
C106730,Lalit Verma,51,Student,16800,702,23.3,Delhi,07-11-2023
C106731,Atharv Joshi,35,Salaried-Government,59100,645,5.6,Lucknow,11-08-2023
C106732,Priya Sharma,46,Retired,42400,652,14,Chandigarh,15-03-2024
C106733,Anjali Mukherjee,51,Salaried-Private,65200,827,25,Jaipur,12-09-2023
C106734,Vijay Garg,35,Freelancer,67600,686,3,Chennai,15-03-2025
C106735,Kavya Nair,49,Student,25000,487,16.3,Surat,21-04-2023
C106736,Isha Bhatia,38,Freelancer,43100,643,14.8,Bhopal,12-03-2024
C106737,Isha Pandey,26,Freelancer,27900,604,3.8,Hyderabad,17-10-2024
C106738,Deepak Patel,37,Salaried-Government,75500,680,5.7,Hyderabad,16-12-2023
C106739,Alok Menon,40,Business Owner,147800,588,6.5,Kolkata,13-05-2025
C106740,Atharv Desai,21,Self-Employed,56300,723,0,Ahmedabad,13-06-2025
C106741,Jyoti Das,60,Salaried-Government,94800,670,10,Hyderabad,09-03-2024
C106742,Ramesh Tripathi,44,Retired,32200,646,14.2,Chennai,01-10-2024
C106743,Usha Agarwal,22,Salaried-Private,55800,700,0.4,Kolkata,22-11-2023
C106744,Pooja Sen,59,Salaried-Government,50100,681,29.9,Indore,09-05-2025
C106745,Swati Chatterjee,58,Student,23100,672,17.2,Chennai,09-04-2024
C106746,Sachin Srivastava,21,Salaried-Private,52700,669,0,Bengaluru,05-07-2024
C106747,Nidhi Pandey,28,Salaried-Private,70000,688,5.3,Hyderabad,19-12-2023
C106748,Rohan Roy,37,Salaried-Private,97000,722,4.2,Jaipur,20-01-2024
C106749,Vivaan Khanna,43,Freelancer,46600,704,13.7,Nagpur,05-10-2023
C106750,Suresh Kapoor,52,Student,14700,772,27.1,Indore,16-08-2023
C106751,Akash Malhotra,39,Salaried-Private,58200,644,11.8,Chennai,24-05-2025
C106752,Diya Kapoor,47,Self-Employed,83600,711,6.7,Chennai,29-10-2023
C106753,Shaurya Jain,21,Self-Employed,70800,886,0,Surat,21-04-2025
C106754,Arjun Srivastava,49,Business Owner,94200,690,8.1,Hyderabad,05-01-2023
C106755,Neha Krishnan,61,Business Owner,151600,702,18.3,Surat,17-07-2024
C106756,Akash Chauhan,44,Retired,43800,585,7.5,Indore,02-01-2025
C106757,Lalit Mittal,41,Salaried-Private,60900,632,14.1,Jaipur,18-01-2023
C106758,Manish Agarwal,34,Salaried-Private,44600,678,5,Chandigarh,01-03-2023
C106759,Anjali Krishnan,62,Self-Employed,40500,728,15.7,Lucknow,01-12-2023
C106760,Dev Singh,22,Salaried-Government,68100,742,0.5,Bengaluru,12-10-2023
C106761,Sachin Naidu,33,Salaried-Government,70700,716,4.8,Surat,29-06-2023
C106762,Ananya Malhotra,27,Salaried-Private,36200,749,4.5,Hyderabad,27-03-2024
C106763,Amit Tiwari,59,Salaried-Private,69300,610,21.6,Bhopal,08-06-2024
C106764,Divya Gupta,42,Student,16200,721,12.4,Lucknow,15-02-2025
C106765,Meera Gupta,61,Salaried-Private,58500,689,12.5,Mumbai,26-12-2023
C106766,Ramesh Jain,50,Self-Employed,58600,698,24.3,Chennai,17-12-2024
C106767,Riya Iyer,45,Freelancer,60100,660,10.7,Delhi,10-01-2024
C106768,Kavya Menon,43,Salaried-Private,59300,612,10.2,Pune,12-11-2024
C106769,Pari Sharma,29,Salaried-Private,46400,589,3,Jaipur,10-04-2025
C106770,Nitin Bose,45,Salaried-Government,51100,713,20.9,Nagpur,04-01-2024
C106771,Reyansh Chauhan,51,Self-Employed,74900,731,18.7,Pune,24-03-2025
C106772,Atharv Garg,63,Salaried-Private,90300,683,10.2,Ahmedabad,20-05-2024
C106773,Pari Naidu,45,Self-Employed,80600,690,8,Hyderabad,02-09-2023
C106774,Ankita Shah,62,Salaried-Private,66700,632,22,Jaipur,11-02-2025
C106775,Divya Roy,62,Salaried-Private,77600,731,13.6,Pune,15-07-2024
C106776,Sachin Sen,43,Salaried-Private,91100,698,13.7,Lucknow,15-05-2024
C106777,Vijay Nair,40,Salaried-Private,72400,661,7.9,Surat,18-02-2025
C106778,Diya Bansal,27,Salaried-Government,68600,759,2.7,Delhi,09-08-2024
C106779,Raj Mishra,32,Student,14600,733,8.3,Bhopal,13-05-2025
C106780,Akash Ghosh,59,Salaried-Private,67000,567,21.5,Chennai,07-01-2023
C106781,Manoj Agarwal,27,Self-Employed,72800,694,1.7,Bengaluru,31-10-2024
C106782,Isha Dutta,38,Self-Employed,61100,612,7.8,Surat,14-03-2024
C106783,Arjun Ghosh,51,Business Owner,50400,698,24.8,Chennai,31-03-2023
C106784,Nidhi Agarwal,31,Self-Employed,78200,439,7.9,Kolkata,12-11-2023
C106785,Ramesh Yadav,63,Salaried-Private,78700,707,30.7,Bengaluru,04-09-2024
C106786,Siddharth Agarwal,49,Self-Employed,70300,747,22.1,Bhopal,27-02-2023
C106787,Dev Agarwal,22,Salaried-Private,76100,682,0.3,Nagpur,18-03-2024
C106788,Divya Srivastava,31,Freelancer,36500,592,2.9,Pune,31-08-2024
C106789,Swati Reddy,53,Salaried-Private,32400,841,6.8,Mumbai,17-09-2023
C106790,Komal Naidu,58,Business Owner,80500,784,10.6,Lucknow,24-02-2025
C106791,Karan Pandey,61,Self-Employed,45000,644,31.1,Bengaluru,13-03-2025
C106792,Dev Bansal,58,Business Owner,113600,676,8.4,Kolkata,01-08-2024
C106793,Pankaj Malhotra,24,Salaried-Private,41200,527,1.6,Pune,28-07-2024
C106794,Lalit Awasthi,53,Business Owner,132300,737,11.9,Delhi,07-09-2023
C106795,Nidhi Krishnan,25,Business Owner,120400,588,3.1,Bengaluru,01-04-2025
C106796,Ananya Mehta,24,Salaried-Government,41400,739,2.3,Bhopal,21-03-2024
C106797,Geeta Chaurasia,51,Salaried-Private,50800,769,22.1,Lucknow,02-03-2023
C106798,Ravi Tiwari,42,Salaried-Private,74100,685,9.8,Chennai,11-11-2023
C106799,Komal Reddy,49,Salaried-Private,85800,607,23.7,Mumbai,06-12-2024
C106800,Reyansh Jain,58,Freelancer,26600,783,30.6,Bengaluru,03-06-2024
C106801,Pranav Rao,24,Salaried-Government,67900,690,2,Kolkata,11-06-2024
C106802,Siddharth Tripathi,44,Business Owner,26900,691,14.5,Chandigarh,13-09-2024
C106803,Ruchi Sen,57,Business Owner,84800,618,15.7,Bengaluru,29-09-2023
C106804,Ramesh Verma,40,Business Owner,130600,715,13.6,Lucknow,25-08-2023
C106805,Aisha Mukherjee,44,Business Owner,193500,692,19.7,Surat,28-02-2025
C106806,Manoj Chatterjee,42,Self-Employed,68700,584,8.8,Delhi,15-03-2024
C106807,Ritika Bansal,60,Self-Employed,51700,794,15.6,Delhi,18-12-2024
C106808,Riya Saxena,23,Salaried-Private,45500,827,0.8,Bengaluru,21-07-2024
C106809,Arjun Roy,59,Freelancer,60300,770,33.8,Bengaluru,26-05-2024
C106810,Aditya Bansal,56,Retired,39000,755,20.2,Mumbai,29-03-2024
C106811,Vishal Yadav,56,Salaried-Government,54200,829,30.7,Bhopal,24-05-2025
C106812,Amit Chauhan,39,Student,14200,598,11.4,Bhopal,04-06-2024
C106813,Nidhi Yadav,43,Retired,46500,602,8.9,Indore,19-12-2024
C106814,Sunita Iyer,37,Salaried-Government,63200,656,9.8,Indore,25-07-2023
C106815,Sachin Naidu,32,Business Owner,64200,713,3.4,Pune,25-02-2024
C106816,Isha Shah,59,Self-Employed,65100,666,19.5,Pune,28-04-2024
C106817,Simran Menon,43,Salaried-Private,55500,606,11.2,Jaipur,19-02-2023
C106818,Lalit Mishra,52,Salaried-Private,47400,687,18.7,Indore,18-06-2025
C106819,Sanya Saxena,25,Salaried-Government,46500,679,1.9,Lucknow,01-07-2024
C106820,Dinesh Desai,55,Freelancer,67900,757,17.6,Surat,07-04-2023
C106821,Priya Patel,49,Salaried-Private,61600,692,22.8,Chandigarh,26-01-2024
C106822,Sanya Mishra,64,Freelancer,33100,532,14,Bhopal,07-06-2025
C106823,Nikhil Srivastava,26,Business Owner,122800,729,4.2,Jaipur,05-06-2024
C106824,Vikram Dubey,44,Business Owner,110500,823,13.3,Chandigarh,19-07-2023
C106825,Rekha Dutta,43,Salaried-Private,36100,687,14.1,Jaipur,12-02-2023
C106826,Aisha Gupta,44,Salaried-Government,61700,768,6.3,Chandigarh,31-12-2023
C106827,Ruchi Garg,23,Salaried-Private,40000,645,0.6,Chandigarh,11-01-2025
C106828,Sneha Rao,41,Salaried-Private,76500,736,14.3,Lucknow,30-08-2023
C106829,Usha Garg,34,Salaried-Private,52800,628,10.8,Jaipur,25-12-2024
C106830,Sanya Roy,48,Salaried-Private,64300,669,15.2,Indore,17-05-2024
C106831,Priya Chaurasia,31,Salaried-Private,55200,669,3.2,Jaipur,10-11-2024
C106832,Naina Nair,40,Self-Employed,38100,723,14.4,Pune,26-03-2025
C106833,Gaurav Malhotra,48,Salaried-Government,102200,629,22.7,Chennai,03-12-2024
C106834,Arjun Chatterjee,23,Salaried-Private,69000,573,1.3,Chennai,16-09-2024
C106835,Sachin Das,55,Student,19600,720,11.2,Bhopal,13-06-2023
C106836,Nidhi Gupta,52,Self-Employed,83000,727,15.2,Nagpur,22-10-2024
C106837,Mayank Kapoor,23,Student,12000,690,1.7,Ahmedabad,05-04-2024
C106838,Vijay Khanna,23,Self-Employed,68100,764,0.7,Chennai,05-07-2023
C106839,Kavya Dubey,58,Salaried-Private,100900,678,11.8,Jaipur,12-11-2024
C106840,Ravi Das,33,Student,21800,705,8.3,Pune,30-03-2025
C106841,Alok Jain,58,Student,22700,655,21.5,Surat,14-07-2024
C106842,Saanvi Sen,42,Self-Employed,60400,668,7.2,Mumbai,26-02-2025
C106843,Divya Reddy,36,Self-Employed,48300,714,9.5,Jaipur,10-04-2024
C106844,Sanjay Roy,33,Salaried-Government,16600,863,10.3,Hyderabad,13-03-2025
C106845,Pratibha Yadav,49,Salaried-Government,99200,754,22.4,Ahmedabad,16-11-2023
C106846,Riya Verma,25,Freelancer,39900,729,0.8,Surat,23-01-2023
C106847,Komal Nair,38,Self-Employed,93800,755,13.8,Kolkata,19-08-2024
C106848,Ritika Mittal,36,Salaried-Private,82500,504,9.6,Nagpur,11-11-2023
C106849,Pranav Jain,27,Salaried-Private,35800,710,2.3,Delhi,05-02-2023
C106850,Priya Roy,36,Salaried-Private,42400,759,4,Pune,28-04-2024
C106851,Shaurya Bansal,44,Salaried-Private,99100,701,20.2,Bhopal,26-01-2023
C106852,Arjun Sharma,50,Salaried-Government,70600,687,6.4,Pune,07-04-2024
C106853,Aditya Tiwari,24,Student,8000,606,1,Delhi,28-01-2024
C106854,Ramesh Agarwal,59,Salaried-Private,49300,652,25.5,Surat,05-09-2023
C106855,Mohit Krishnan,59,Salaried-Private,67400,623,27.8,Nagpur,08-05-2024
C106856,Abhishek Saxena,51,Salaried-Private,97200,774,11.6,Indore,03-01-2024
C106857,Arjun Yadav,61,Self-Employed,98500,814,28.6,Nagpur,19-10-2023
C106858,Varun Bose,39,Self-Employed,77600,846,13.2,Ahmedabad,15-03-2023
C106859,Anjali Ghosh,57,Self-Employed,118500,629,27.4,Indore,05-09-2024
C106860,Vikram Agarwal,52,Retired,62100,635,22.6,Mumbai,05-03-2023
C106861,Divya Sharma,45,Retired,46600,627,5.3,Delhi,16-04-2025
C106862,Nidhi Verma,28,Freelancer,91200,612,5.8,Chandigarh,02-02-2025
C106863,Pallavi Reddy,45,Freelancer,49600,607,14.3,Mumbai,26-04-2023
C106864,Anjali Sen,60,Salaried-Government,100300,653,19.6,Jaipur,16-11-2023
C106865,Usha Reddy,64,Self-Employed,73800,761,9.3,Surat,02-03-2024
C106866,Vijay Bose,40,Salaried-Government,88000,635,11.7,Bengaluru,31-05-2024
C106867,Ajay Khanna,31,Freelancer,44000,770,3.1,Bengaluru,28-04-2025
C106868,Shreya Tiwari,53,Salaried-Private,77000,800,18.7,Bengaluru,24-01-2023
C106869,Amit Verma,24,Salaried-Private,104000,718,1,Nagpur,09-05-2025
C106870,Tara Dutta,27,Salaried-Private,76400,789,4.1,Hyderabad,06-08-2024
C106871,Rohan Bhatia,45,Self-Employed,87000,584,6.3,Surat,17-03-2024
C106872,Manoj Jain,64,Business Owner,80400,647,26.7,Bhopal,16-10-2023
C106873,Lalit Bansal,35,Salaried-Private,64400,704,9.1,Bhopal,24-11-2024
C106874,Siddharth Tiwari,40,Self-Employed,49400,705,9.1,Chennai,05-02-2023
C106875,Naina Krishnan,35,Salaried-Government,85600,807,11.8,Nagpur,22-06-2023
C106876,Nidhi Rao,40,Freelancer,65400,609,10.8,Pune,13-02-2025
C106877,Ruchi Chatterjee,21,Salaried-Private,51400,644,0,Nagpur,25-12-2024
C106878,Siddharth Kumar,47,Salaried-Private,98700,688,13.3,Chennai,17-02-2024
C106879,Jyoti Singh,47,Self-Employed,112900,655,19.6,Delhi,27-05-2025
C106880,Manoj Pillai,34,Self-Employed,74800,607,10.8,Jaipur,23-12-2023
C106881,Anjali Menon,32,Freelancer,57400,650,5.4,Nagpur,26-10-2023
C106882,Reyansh Kumar,54,Self-Employed,65100,670,28.9,Lucknow,02-05-2023
C106883,Rohan Kapoor,29,Student,10600,797,2.5,Delhi,31-07-2023
C106884,Tarun Reddy,23,Salaried-Private,34200,603,1.6,Bhopal,07-08-2023
C106885,Ravi Menon,22,Salaried-Government,50400,752,0.6,Chandigarh,17-04-2023
C106886,Ananya Joshi,59,Retired,46900,788,11.3,Nagpur,24-05-2025
C106887,Saanvi Tripathi,37,Salaried-Private,28200,643,10.2,Chandigarh,07-02-2024
C106888,Nitin Verma,25,Freelancer,54800,709,1.2,Ahmedabad,14-06-2025
C106889,Neha Tiwari,59,Salaried-Private,90600,739,31.2,Hyderabad,21-10-2023
C106890,Geeta Singh,27,Salaried-Government,62700,722,4.6,Nagpur,20-03-2025
C106891,Anjali Pandey,35,Salaried-Private,8000,687,9.2,Pune,24-03-2024
C106892,Vishal Mukherjee,21,Self-Employed,59900,634,0,Jaipur,07-08-2023
C106893,Sanya Verma,50,Freelancer,33300,737,25.3,Surat,11-04-2024
C106894,Ajay Verma,51,Salaried-Private,54800,658,23.9,Nagpur,10-07-2023
C106895,Rekha Chauhan,54,Salaried-Private,97200,696,23.1,Kolkata,15-02-2025
C106896,Ramesh Verma,32,Salaried-Private,10700,695,5,Indore,07-10-2023
C106897,Pranav Garg,35,Salaried-Private,44300,755,7.5,Lucknow,05-03-2025
C106898,Varun Yadav,62,Salaried-Government,95200,848,17.9,Bengaluru,05-11-2024
C106899,Mayank Shukla,57,Retired,39000,626,28.6,Delhi,30-01-2024
C106900,Rohan Sen,22,Salaried-Private,39800,690,0.4,Surat,19-02-2024
C106901,Sneha Kapoor,51,Salaried-Government,117200,578,11,Ahmedabad,13-11-2024
C106902,Mohit Sharma,56,Salaried-Government,82800,810,12.3,Mumbai,29-01-2023
C106903,Pallavi Menon,45,Salaried-Private,83300,696,11.5,Lucknow,17-05-2024
C106904,Varun Patel,49,Salaried-Private,76100,667,17.8,Nagpur,25-09-2024
C106905,Akash Gupta,21,Business Owner,93200,698,0,Mumbai,15-10-2024
C106906,Ramesh Shukla,22,Self-Employed,96700,702,0.8,Nagpur,13-03-2025
C106907,Kabir Tiwari,22,Freelancer,74900,632,0.3,Surat,22-09-2024
C106908,Deepak Patel,27,Salaried-Government,25900,778,1.4,Nagpur,04-02-2024
C106909,Vijay Dubey,64,Self-Employed,82400,743,19.5,Jaipur,15-01-2025
C106910,Riya Bhatia,48,Student,18900,745,20.7,Pune,04-06-2023
C106911,Vivaan Mishra,55,Student,20600,628,28.4,Indore,28-05-2023
C106912,Diya Verma,34,Student,16400,623,4.1,Jaipur,09-01-2023
C106913,Divya Jain,62,Salaried-Private,76500,682,16.4,Nagpur,17-12-2024
C106914,Pranav Naidu,29,Retired,59300,752,6.7,Hyderabad,07-10-2023
C106915,Saanvi Chatterjee,60,Freelancer,77200,731,23.5,Lucknow,22-07-2023
C106916,Nidhi Mittal,22,Freelancer,66200,627,0.5,Jaipur,18-06-2023
C106917,Raj Pillai,21,Business Owner,49600,740,0,Jaipur,10-09-2024
C106918,Harsh Chatterjee,24,Retired,24500,605,0.8,Bhopal,02-03-2024
C106919,Pooja Agarwal,55,Salaried-Government,58200,635,9.4,Kolkata,13-05-2025
C106920,Pankaj Sen,32,Business Owner,134700,712,7.4,Bhopal,11-09-2024
C106921,Ravi Bose,40,Business Owner,64700,595,13.4,Ahmedabad,10-06-2024
C106922,Rohan Pandey,41,Business Owner,66000,612,9.1,Bengaluru,09-06-2023
C106923,Raj Shukla,55,Freelancer,39700,810,21.2,Chandigarh,08-03-2025
C106924,Swati Joshi,36,Salaried-Private,116100,806,4.6,Surat,06-10-2023
C106925,Mayank Khanna,21,Salaried-Private,52200,871,0,Pune,30-12-2024
C106926,Rohan Dutta,38,Salaried-Government,79000,727,4.6,Mumbai,05-01-2023
C106927,Nikhil Pillai,33,Business Owner,56300,740,3.3,Hyderabad,23-09-2024
C106928,Naina Agarwal,53,Business Owner,131500,687,28.5,Ahmedabad,28-11-2024
C106929,Karan Mittal,54,Freelancer,28800,656,12.1,Ahmedabad,09-03-2023
C106930,Kabir Mukherjee,25,Freelancer,29900,754,1.2,Chandigarh,27-09-2024
C106931,Pallavi Nair,55,Self-Employed,62000,798,25.7,Chennai,22-01-2023
C106932,Akash Menon,24,Salaried-Private,60600,752,1.4,Delhi,26-04-2024
C106933,Tara Rao,48,Self-Employed,57800,621,9.3,Bhopal,26-03-2025
C106934,Nitin Ghosh,38,Student,19600,714,6,Pune,22-12-2023
C106935,Tushar Reddy,34,Self-Employed,83300,630,3.9,Chennai,19-09-2024
C106936,Anjali Mukherjee,42,Student,14600,656,5.4,Chandigarh,22-06-2023
C106937,Geeta Krishnan,34,Retired,50200,818,8.8,Ahmedabad,07-05-2024
C106938,Jyoti Tripathi,55,Salaried-Government,65400,593,17.3,Kolkata,21-02-2024
C106939,Siddharth Ghosh,63,Business Owner,85900,866,12.8,Chennai,03-01-2023
C106940,Pallavi Menon,56,Self-Employed,101500,739,26.4,Indore,25-01-2025
C106941,Manish Saxena,40,Salaried-Government,14100,644,4.1,Jaipur,22-04-2023
C106942,Hemant Saxena,43,Salaried-Private,78500,697,11,Chennai,25-02-2023
C106943,Vijay Agarwal,40,Salaried-Private,48300,632,5.5,Chennai,12-09-2024
C106944,Ishaan Roy,55,Salaried-Private,54300,644,7.5,Ahmedabad,15-01-2025
C106945,Nidhi Chaurasia,45,Self-Employed,122600,704,14.1,Surat,31-07-2023
C106946,Usha Chauhan,41,Salaried-Private,52400,661,6.2,Hyderabad,03-09-2024
C106947,Suresh Garg,39,Salaried-Government,88700,618,4.5,Bhopal,17-11-2023
C106948,Tarun Mittal,37,Self-Employed,79100,674,8.6,Pune,21-11-2024
C106949,Seema Rao,45,Salaried-Government,78500,586,19,Chandigarh,16-01-2025
C106950,Dev Awasthi,51,Student,19500,581,16.2,Indore,28-05-2024
C106951,Vikram Dubey,40,Salaried-Government,61400,586,4.9,Chennai,20-10-2023
C106952,Tara Das,56,Salaried-Private,99600,828,14.5,Kolkata,26-11-2023
C106953,Rohan Bose,57,Retired,58600,721,18.4,Jaipur,10-04-2024
C106954,Shaurya Mukherjee,39,Freelancer,43200,734,7.1,Chandigarh,18-06-2023
C106955,Rekha Iyer,60,Business Owner,70100,691,17,Pune,05-03-2023
C106956,Priya Pillai,28,Freelancer,37400,726,3.9,Lucknow,31-08-2024
C106957,Sanjay Pandey,62,Salaried-Private,91000,787,35.2,Surat,22-03-2024
C106958,Dinesh Shah,33,Freelancer,67700,722,9.2,Chennai,01-04-2024
C106959,Sachin Shukla,45,Salaried-Private,75700,822,8.2,Indore,06-10-2024
C106960,Sunita Yadav,33,Salaried-Government,29700,681,9,Mumbai,02-03-2024
C106961,Shreya Naidu,40,Salaried-Private,77700,739,9,Bhopal,26-07-2023
C106962,Swati Desai,35,Freelancer,70500,746,10.8,Pune,02-01-2023
C106963,Hemant Mehta,52,Salaried-Private,70900,616,19.6,Indore,05-06-2024
C106964,Pankaj Naidu,24,Salaried-Private,95800,697,2,Hyderabad,17-06-2024
C106965,Rajesh Patel,57,Salaried-Private,43000,539,16.3,Ahmedabad,12-06-2024
C106966,Mohit Bansal,60,Business Owner,125500,688,27.3,Delhi,21-03-2023
C106967,Arjun Joshi,45,Salaried-Private,44200,664,14.3,Bhopal,04-01-2025
C106968,Ishaan Dubey,45,Self-Employed,101000,668,15.2,Lucknow,22-03-2025
C106969,Priya Desai,51,Salaried-Private,79300,659,17.5,Pune,22-11-2023
C106970,Suresh Mittal,29,Freelancer,76000,732,1.9,Surat,30-01-2023
C106971,Shweta Patel,53,Salaried-Private,77800,620,17,Delhi,16-03-2025
C106972,Pranav Chauhan,30,Student,10600,830,2.1,Surat,05-08-2024
C106973,Manish Sen,50,Salaried-Private,56800,733,9.2,Jaipur,28-02-2024
C106974,Ajay Mittal,34,Salaried-Private,55200,624,6.9,Indore,14-06-2023
C106975,Rohan Tripathi,53,Salaried-Private,57600,740,15.5,Jaipur,30-01-2023
C106976,Ruchi Pillai,55,Salaried-Private,95500,773,7.9,Chennai,23-07-2023
C106977,Deepak Khanna,30,Salaried-Government,92200,723,2.7,Chandigarh,11-03-2023
C106978,Shaurya Malhotra,48,Salaried-Private,35900,604,14.2,Chandigarh,31-05-2023
C106979,Aisha Bose,42,Student,16800,861,18.4,Bhopal,30-03-2025
C106980,Aisha Sen,33,Self-Employed,72300,742,6.5,Surat,06-09-2024
C106981,Ritika Patel,46,Salaried-Private,49400,587,18.5,Indore,11-03-2023
C106982,Akash Mittal,64,Salaried-Government,87300,709,21.9,Surat,12-12-2024
C106983,Geeta Pandey,21,Salaried-Private,84200,675,0,Lucknow,15-12-2024
C106984,Shweta Saxena,63,Salaried-Private,89600,693,9,Indore,15-06-2023
C106985,Aditya Ghosh,58,Salaried-Private,96700,599,17.1,Surat,06-06-2025
C106986,Shweta Pandey,44,Salaried-Private,49800,691,19.4,Jaipur,24-04-2023
C106987,Isha Mittal,47,Salaried-Private,66100,623,11.1,Mumbai,22-01-2025
C106988,Pari Mittal,37,Student,12400,653,7.3,Hyderabad,05-10-2023
C106989,Hemant Tripathi,26,Business Owner,97700,725,3.4,Delhi,01-01-2024
C106990,Ramesh Bhatia,46,Student,19200,644,17.9,Chennai,02-02-2024
C106991,Sunita Sharma,56,Salaried-Private,88200,669,21.9,Bengaluru,29-07-2023
C106992,Vivaan Ghosh,31,Student,16200,748,4.4,Surat,02-02-2025
C106993,Ritika Kumar,52,Salaried-Government,88100,622,26.7,Hyderabad,25-05-2023
C106994,Ritika Reddy,53,Salaried-Private,50600,635,14.3,Hyderabad,06-07-2024
C106995,Shweta Nair,54,Freelancer,35600,584,13.3,Indore,27-11-2023
C106996,Tarun Das,35,Salaried-Private,71000,624,11.1,Ahmedabad,22-05-2025
C106997,Harsh Menon,38,Salaried-Government,100300,705,14.5,Lucknow,17-03-2024
C106998,Nitin Joshi,39,Freelancer,50800,738,15.7,Mumbai,04-03-2025
C106999,Anjali Saxena,58,Self-Employed,44100,622,21.2,Surat,03-03-2024
C107000,Vikram Saxena,60,Self-Employed,131600,748,31.5,Indore,27-09-2024
C107001,Rekha Mittal,39,Salaried-Government,78500,700,5.9,Delhi,10-07-2024
C107002,Aisha Rao,63,Salaried-Private,75200,580,34.5,Bengaluru,28-11-2023
C107003,Rahul Menon,46,Retired,29000,698,18.3,Surat,13-12-2024
C107004,Naina Menon,37,Salaried-Private,61700,784,7.7,Surat,23-10-2023
C107005,Isha Kumar,21,Salaried-Private,68700,538,0,Lucknow,30-05-2023
C107006,Rekha Khanna,47,Salaried-Private,75500,851,19,Hyderabad,29-08-2024
C107007,Sneha Yadav,49,Student,17400,633,14,Chennai,26-10-2023
C107008,Manish Roy,63,Freelancer,59900,557,37.2,Delhi,04-10-2024
C107009,Rahul Sen,52,Salaried-Government,59300,699,24.7,Hyderabad,30-10-2024
C107010,Nitin Sharma,22,Retired,53400,754,0.8,Surat,13-10-2024
C107011,Diya Ghosh,45,Salaried-Private,82500,669,10.4,Lucknow,13-03-2025
C107012,Ajay Patel,53,Student,19500,707,22.3,Jaipur,01-12-2024
C107013,Pratibha Sharma,42,Salaried-Private,40000,855,15.3,Delhi,25-01-2025
C107014,Isha Sharma,39,Salaried-Government,73800,707,8.8,Bhopal,03-05-2025
C107015,Hemant Malhotra,56,Salaried-Private,59100,900,9.3,Jaipur,22-05-2025
C107016,Shreya Dutta,47,Retired,38400,786,18.6,Mumbai,08-02-2023
C107017,Amit Dubey,50,Student,16400,686,11.8,Nagpur,19-12-2024
C107018,Shreya Tripathi,41,Self-Employed,49700,710,5.9,Jaipur,18-02-2025
C107019,Sneha Mittal,33,Salaried-Private,63100,663,2.8,Mumbai,24-05-2025
C107020,Amit Joshi,43,Salaried-Private,58500,708,9.4,Ahmedabad,05-07-2023
C107021,Pooja Malhotra,63,Salaried-Government,132200,744,23.4,Bengaluru,22-04-2025
C107022,Shaurya Reddy,47,Salaried-Private,77300,659,5.9,Mumbai,10-06-2025
C107023,Priya Khanna,52,Salaried-Private,44400,576,18.4,Kolkata,12-08-2024
C107024,Kavya Kapoor,26,Business Owner,40900,791,4.1,Mumbai,16-12-2023
C107025,Diya Joshi,64,Self-Employed,92800,771,26.6,Delhi,27-09-2024
C107026,Karan Mukherjee,31,Student,11100,568,5.7,Kolkata,23-04-2023
C107027,Aisha Agarwal,63,Salaried-Government,106600,709,15.2,Lucknow,05-10-2023
C107028,Tushar Awasthi,40,Salaried-Private,68200,772,9.6,Pune,12-05-2024
C107029,Ravi Garg,61,Self-Employed,34400,759,24.8,Delhi,19-03-2025
C107030,Manish Yadav,60,Salaried-Private,50200,632,31.4,Lucknow,11-02-2024
C107031,Usha Desai,54,Self-Employed,63000,768,27,Bengaluru,21-09-2024
C107032,Vishal Chauhan,61,Freelancer,67100,691,20.7,Hyderabad,22-05-2024
C107033,Shweta Mehta,47,Salaried-Private,44300,717,8.5,Jaipur,17-03-2025
C107034,Aarav Chatterjee,58,Salaried-Private,72900,617,25.7,Bengaluru,03-03-2025
C107035,Aisha Dubey,28,Student,8000,340,6.1,Bhopal,10-07-2023
C107036,Deepak Mittal,24,Self-Employed,67300,627,2.6,Chandigarh,26-02-2024
C107037,Meera Malhotra,44,Self-Employed,84100,735,20.6,Pune,28-11-2023
C107038,Aditya Bose,56,Business Owner,148800,685,13.2,Lucknow,19-08-2024
C107039,Lalit Pillai,54,Self-Employed,85100,744,25.9,Mumbai,18-03-2023
C107040,Shreya Ghosh,44,Salaried-Private,47900,775,5.4,Bhopal,05-08-2023
C107041,Swati Chaurasia,43,Freelancer,76700,665,4.6,Pune,19-04-2025
C107042,Suresh Chatterjee,47,Student,18100,648,17.5,Nagpur,18-12-2024
C107043,Raj Pandey,59,Salaried-Private,85700,517,10.8,Delhi,30-12-2024
C107044,Simran Bose,58,Salaried-Private,57500,564,17.5,Hyderabad,06-08-2024
C107045,Naina Sen,25,Business Owner,92500,586,0.8,Bengaluru,17-11-2024
C107046,Tara Kapoor,47,Self-Employed,57200,733,6.8,Surat,07-03-2024
C107047,Rajesh Naidu,37,Salaried-Government,74000,665,5.5,Kolkata,29-01-2024
C107048,Simran Khanna,56,Self-Employed,99300,652,20.6,Mumbai,19-01-2024
C107049,Reyansh Patel,43,Business Owner,81000,640,9.5,Indore,10-01-2023
C107050,Diya Ghosh,64,Self-Employed,70000,628,25.6,Pune,15-10-2023
C107051,Dev Kapoor,40,Salaried-Private,69700,764,12.4,Indore,22-05-2025
C107052,Vikram Agarwal,50,Salaried-Private,50100,694,5.9,Pune,26-11-2024
C107053,Ananya Malhotra,25,Salaried-Government,28700,763,3.2,Lucknow,12-12-2023
C107054,Siddharth Iyer,62,Student,25700,508,9.9,Nagpur,14-05-2023
C107055,Shreya Das,27,Self-Employed,65800,732,4.9,Bhopal,12-08-2023
C107056,Manish Saxena,37,Salaried-Government,64100,650,14.1,Lucknow,02-07-2024
C107057,Pratibha Mukherjee,57,Student,24200,661,30,Jaipur,07-02-2025
C107058,Lalit Chaurasia,63,Salaried-Government,91800,801,24.3,Bhopal,01-11-2023
C107059,Sanjay Mehta,42,Self-Employed,70500,659,15.5,Nagpur,05-07-2023
C107060,Komal Mehta,42,Salaried-Private,40900,725,6.7,Kolkata,01-01-2024
C107061,Suresh Roy,23,Business Owner,68400,608,1.7,Bhopal,04-06-2023
C107062,Vikram Reddy,64,Business Owner,123900,701,9.3,Mumbai,15-02-2024
C107063,Isha Desai,21,Freelancer,46200,559,0,Surat,29-02-2024
C107064,Pranav Krishnan,22,Salaried-Private,44400,682,0.5,Nagpur,05-10-2023
C107065,Varun Sharma,41,Salaried-Government,51200,718,15.2,Hyderabad,17-02-2024
C107066,Manoj Krishnan,21,Salaried-Private,67400,778,0,Bhopal,15-06-2024
C107067,Sneha Chauhan,28,Retired,33100,619,3,Chandigarh,07-03-2025
C107068,Kabir Malhotra,48,Salaried-Private,80900,649,8.5,Bengaluru,24-11-2024
C107069,Reyansh Mukherjee,52,Self-Employed,99500,643,23.4,Indore,15-06-2025
C107070,Kabir Naidu,34,Business Owner,83200,672,11.5,Surat,30-05-2024
C107071,Usha Bansal,55,Salaried-Private,87600,616,9.1,Kolkata,22-08-2023
C107072,Pranav Chatterjee,47,Salaried-Government,73900,518,18.5,Chennai,06-03-2023
C107073,Hemant Srivastava,31,Salaried-Private,64400,606,5.6,Pune,30-06-2023
C107074,Shreya Yadav,52,Self-Employed,25900,679,13,Kolkata,21-11-2023
C107075,Pranav Patel,47,Retired,31700,672,5.5,Pune,26-02-2024
C107076,Aditya Shah,56,Salaried-Government,54300,732,24.7,Ahmedabad,01-06-2024
C107077,Varun Malhotra,27,Retired,31600,752,1.8,Chandigarh,02-02-2024
C107078,Alok Dubey,31,Salaried-Private,61300,653,8,Hyderabad,23-10-2023
C107079,Reyansh Malhotra,34,Salaried-Government,69100,563,5,Nagpur,10-01-2025
C107080,Simran Singh,36,Student,15100,714,9.2,Pune,30-06-2024
C107081,Ritika Mishra,60,Student,21800,682,15.6,Ahmedabad,29-03-2023
C107082,Deepak Agarwal,53,Salaried-Private,81600,671,22.1,Ahmedabad,19-04-2024
C107083,Ishaan Tripathi,44,Business Owner,155100,800,6.5,Delhi,25-05-2023
C107084,Shreya Pandey,44,Student,16400,718,10.1,Jaipur,11-12-2024
C107085,Kavya Gupta,59,Freelancer,48600,697,21.1,Mumbai,03-07-2023
C107086,Varun Dubey,40,Self-Employed,57200,701,11.6,Bhopal,17-04-2024
C107087,Neha Srivastava,30,Salaried-Private,60300,757,5.5,Bhopal,16-03-2023
C107088,Pratibha Kapoor,27,Salaried-Private,46900,631,1.5,Chennai,26-04-2025
C107089,Harsh Dutta,35,Self-Employed,30100,614,3.1,Chennai,28-02-2023
C107090,Mohit Tiwari,49,Self-Employed,42200,667,10.2,Hyderabad,26-07-2024
C107091,Tarun Shah,41,Salaried-Private,83400,598,4.5,Bhopal,08-04-2024
C107092,Ajay Khanna,39,Salaried-Private,87800,689,6.4,Nagpur,24-02-2023
C107093,Harsh Mukherjee,42,Salaried-Government,104100,703,5.1,Delhi,11-03-2025
C107094,Reyansh Sen,63,Salaried-Government,82300,686,23.9,Bengaluru,04-01-2024
C107095,Vijay Mishra,64,Salaried-Government,55900,659,11.7,Mumbai,10-01-2025
C107096,Vikram Chaurasia,28,Salaried-Government,53700,820,3.4,Ahmedabad,19-02-2024
C107097,Sanjay Bhatia,26,Salaried-Private,27200,759,3.7,Chennai,23-06-2023
C107098,Gaurav Khanna,31,Student,8000,673,7.4,Pune,15-09-2023
C107099,Nidhi Desai,58,Self-Employed,86900,700,22,Chennai,10-05-2023
C107100,Diya Mittal,41,Salaried-Private,73800,801,4.4,Jaipur,04-01-2024
C107101,Tushar Das,59,Salaried-Government,118800,651,21.9,Nagpur,04-07-2024
C107102,Ishaan Pillai,49,Salaried-Government,69900,613,10.6,Nagpur,07-05-2024
C107103,Varun Shah,45,Self-Employed,43000,704,14.3,Hyderabad,24-10-2023
C107104,Riya Verma,33,Self-Employed,67900,723,10,Bhopal,16-11-2023
C107105,Manoj Tripathi,36,Self-Employed,65200,728,9.3,Chandigarh,30-03-2024
C107106,Divya Desai,27,Business Owner,74700,757,5.2,Indore,16-09-2023
C107107,Harsh Chaurasia,43,Salaried-Private,70700,631,7.6,Indore,07-10-2024
C107108,Shaurya Krishnan,33,Salaried-Private,35500,572,4.7,Delhi,19-10-2023
C107109,Rekha Naidu,33,Salaried-Private,62400,642,3.6,Chandigarh,19-03-2025
C107110,Deepak Chauhan,22,Salaried-Government,75200,737,0.3,Chandigarh,12-08-2023
C107111,Riya Naidu,56,Salaried-Government,105700,622,7.3,Nagpur,18-06-2023
C107112,Tushar Bhatia,62,Business Owner,114300,542,34.8,Chandigarh,30-04-2025
C107113,Arjun Bansal,42,Salaried-Private,84300,704,10.8,Bengaluru,04-03-2023
C107114,Abhishek Mukherjee,44,Self-Employed,64500,644,19.7,Pune,12-01-2023
C107115,Tarun Singh,61,Salaried-Private,64900,551,32.2,Lucknow,24-07-2023
C107116,Pari Khanna,43,Salaried-Government,99000,700,15.9,Chennai,05-06-2023
C107117,Mayank Das,48,Business Owner,54900,657,22.7,Kolkata,13-05-2024
C107118,Ishaan Sen,39,Salaried-Private,54100,822,6.9,Surat,14-02-2025
C107119,Arjun Khanna,43,Salaried-Private,86400,700,17.6,Indore,22-03-2023
C107120,Rahul Agarwal,43,Salaried-Government,64700,736,14.9,Bengaluru,10-04-2024
C107121,Aisha Pillai,52,Business Owner,91300,692,19.2,Chandigarh,22-10-2023
C107122,Aditya Shah,47,Salaried-Private,60100,641,16.5,Indore,30-11-2024
C107123,Nidhi Kumar,43,Student,17400,643,18.4,Chandigarh,02-10-2023
C107124,Meera Dutta,24,Retired,47200,773,2.6,Mumbai,30-09-2023
C107125,Neha Patel,60,Freelancer,74400,750,12.6,Pune,09-04-2023
C107126,Divya Mittal,60,Salaried-Private,70800,571,10,Jaipur,02-01-2023
C107127,Ananya Mittal,29,Business Owner,126200,599,3.1,Lucknow,31-05-2025
C107128,Manoj Chaurasia,33,Salaried-Private,66600,594,9.2,Chandigarh,20-01-2024
C107129,Kabir Chatterjee,63,Student,27600,768,11.3,Indore,07-02-2025
C107130,Nidhi Bose,35,Self-Employed,46900,548,9.3,Bhopal,24-05-2025
C107131,Varun Krishnan,56,Salaried-Private,103800,758,16.8,Bengaluru,17-06-2024
C107132,Abhishek Tiwari,55,Salaried-Private,73000,722,28.5,Surat,09-05-2024
C107133,Ananya Agarwal,58,Freelancer,14800,693,28.6,Mumbai,06-03-2025
C107134,Sneha Joshi,21,Student,13200,644,0,Delhi,29-10-2024
C107135,Arjun Menon,42,Self-Employed,74500,786,9.8,Chennai,14-09-2023
C107136,Pankaj Singh,45,Salaried-Government,61400,698,18.8,Surat,10-06-2025
C107137,Ritika Saxena,57,Freelancer,48700,571,13.4,Bhopal,30-01-2025
C107138,Divya Chauhan,30,Freelancer,54600,591,5.2,Chandigarh,19-01-2023
C107139,Komal Yadav,34,Freelancer,35000,553,11.1,Ahmedabad,02-09-2024
C107140,Ananya Bhatia,28,Salaried-Government,50600,783,4.4,Delhi,04-02-2023
C107141,Vivaan Shukla,54,Self-Employed,65900,803,28.1,Hyderabad,29-07-2023
C107142,Mayank Mehta,64,Student,24600,770,21.9,Surat,23-07-2024
C107143,Manish Chaurasia,27,Salaried-Private,47100,675,3.8,Indore,29-08-2024
C107144,Neha Pandey,31,Salaried-Government,83300,578,8.6,Delhi,19-07-2023
C107145,Sunita Ghosh,34,Salaried-Private,65600,605,9.3,Mumbai,05-04-2024
C107146,Swati Ghosh,60,Salaried-Government,84700,613,32.5,Kolkata,31-03-2023
C107147,Ankita Mishra,40,Freelancer,61400,685,14.9,Bhopal,23-03-2024
C107148,Pankaj Pandey,33,Salaried-Private,57900,799,3.1,Hyderabad,20-08-2023
C107149,Komal Menon,35,Self-Employed,47100,797,5.3,Chandigarh,16-04-2025
C107150,Vikram Desai,47,Salaried-Private,101500,656,18.7,Nagpur,16-12-2024
C107151,Hemant Ghosh,38,Student,17800,503,14,Kolkata,17-12-2023
C107152,Harsh Dubey,27,Freelancer,72200,597,4.6,Lucknow,16-01-2024
C107153,Rekha Gupta,57,Self-Employed,105200,790,15.1,Hyderabad,06-04-2025
C107154,Shaurya Rao,39,Business Owner,80500,710,11.4,Lucknow,20-02-2025
C107155,Raj Bhatia,32,Salaried-Private,12400,653,7.3,Ahmedabad,15-01-2025
C107156,Ramesh Agarwal,53,Freelancer,37100,651,16.2,Bhopal,06-05-2024
C107157,Aisha Naidu,53,Business Owner,121200,638,19.6,Pune,16-01-2024
C107158,Usha Srivastava,27,Salaried-Private,55400,592,5.3,Jaipur,06-07-2024
C107159,Nikhil Saxena,24,Retired,29200,850,1.7,Bengaluru,28-11-2024
C107160,Neha Krishnan,22,Salaried-Private,8000,818,0.3,Surat,03-04-2023
C107161,Rohan Awasthi,54,Self-Employed,78900,626,18.2,Jaipur,14-04-2023
C107162,Mayank Garg,48,Salaried-Private,44200,546,8.7,Pune,03-02-2024
C107163,Sachin Kumar,55,Business Owner,78400,705,23.2,Bengaluru,27-03-2024
C107164,Dev Malhotra,48,Salaried-Private,82800,680,22.4,Nagpur,15-06-2023
C107165,Ritika Krishnan,38,Salaried-Private,41200,736,11.4,Nagpur,26-02-2023
C107166,Reyansh Roy,46,Salaried-Government,50000,755,20.4,Kolkata,28-03-2024
C107167,Diya Srivastava,52,Retired,47600,593,22,Jaipur,26-06-2023
C107168,Naina Nair,38,Salaried-Private,79200,794,8.6,Surat,13-05-2023
C107169,Tara Bansal,61,Self-Employed,72300,662,23.1,Delhi,18-11-2023
C107170,Pari Pandey,60,Self-Employed,116800,746,22.3,Hyderabad,01-04-2025
C107171,Hemant Rao,56,Freelancer,37500,664,16.6,Surat,24-03-2023
C107172,Pari Mukherjee,64,Salaried-Private,43100,760,11.4,Surat,20-02-2024
C107173,Reyansh Reddy,38,Self-Employed,35900,496,11.8,Pune,13-03-2025
C107174,Riya Chauhan,26,Retired,15200,741,1.2,Kolkata,04-01-2023
C107175,Ritika Kapoor,42,Salaried-Private,70100,623,7.2,Bengaluru,27-02-2025
C107176,Priya Singh,53,Salaried-Government,51800,693,16.6,Lucknow,06-12-2024
C107177,Mohit Nair,55,Student,17600,782,30.3,Chennai,04-01-2023
C107178,Meera Yadav,38,Salaried-Private,69400,626,7.1,Nagpur,09-01-2024
C107179,Shweta Jain,33,Salaried-Government,83400,615,9.1,Hyderabad,31-03-2023
C107180,Lalit Roy,40,Salaried-Private,83600,662,9.4,Mumbai,11-12-2023
C107181,Meera Ghosh,56,Freelancer,72000,655,12.4,Jaipur,25-04-2025
C107182,Tara Patel,23,Student,8000,597,0.4,Bengaluru,22-01-2025
C107183,Riya Kapoor,35,Self-Employed,78200,700,3.7,Chennai,03-01-2023
C107184,Raj Joshi,31,Self-Employed,81900,704,4.9,Kolkata,09-01-2025
C107185,Varun Gupta,56,Salaried-Government,64100,726,16.8,Mumbai,10-05-2025
C107186,Jyoti Garg,41,Salaried-Private,66300,624,12.8,Hyderabad,31-07-2024
C107187,Karan Dubey,24,Salaried-Private,31200,609,0.7,Bhopal,30-05-2024
C107188,Komal Tripathi,32,Salaried-Private,46800,677,4.4,Hyderabad,19-08-2024
C107189,Amit Tripathi,22,Salaried-Private,62800,669,0.2,Chennai,13-05-2024
C107190,Hemant Tripathi,41,Business Owner,144200,683,16.2,Ahmedabad,04-08-2023
C107191,Shreya Sharma,64,Salaried-Private,95200,637,20.6,Chennai,01-02-2023
C107192,Nikhil Nair,45,Salaried-Private,77800,718,14.6,Nagpur,13-02-2023
C107193,Nitin Sharma,59,Salaried-Government,77500,616,26.5,Ahmedabad,23-11-2023
C107194,Gaurav Rao,53,Salaried-Private,66300,680,12.4,Hyderabad,27-10-2024
C107195,Arjun Khanna,59,Salaried-Private,41200,661,11.2,Chandigarh,22-01-2025
C107196,Naina Kapoor,34,Salaried-Private,43500,683,7.9,Mumbai,20-07-2023
C107197,Shweta Gupta,62,Salaried-Private,55300,783,34.1,Surat,19-10-2023
C107198,Shweta Kumar,31,Self-Employed,83800,587,8.2,Kolkata,10-01-2023
C107199,Geeta Dubey,40,Freelancer,66700,498,7.9,Delhi,25-03-2025
C107200,Rajesh Mishra,50,Student,22100,635,11.2,Hyderabad,25-05-2023
C107201,Anjali Joshi,33,Freelancer,67700,598,5.4,Ahmedabad,08-04-2024
C107202,Naina Desai,32,Self-Employed,72100,449,4.1,Mumbai,23-02-2023
C107203,Sanya Verma,26,Student,8000,820,4.4,Chandigarh,24-01-2025
C107204,Pooja Yadav,21,Self-Employed,64800,734,0,Bhopal,03-03-2025
C107205,Rohan Tripathi,43,Self-Employed,57400,741,7.3,Mumbai,05-12-2024
C107206,Sanjay Desai,64,Salaried-Government,92200,670,9.5,Pune,11-06-2023
C107207,Ajay Agarwal,30,Salaried-Private,51400,721,7.2,Mumbai,22-02-2024
C107208,Vishal Roy,40,Salaried-Private,60600,655,10.1,Bengaluru,06-05-2025
C107209,Rekha Mehta,62,Salaried-Private,85300,757,14.7,Lucknow,21-01-2025
C107210,Manoj Naidu,54,Freelancer,45300,701,15.7,Chennai,20-05-2023
C107211,Sunita Jain,21,Salaried-Private,74300,688,0,Kolkata,15-02-2025
C107212,Amit Bhatia,43,Business Owner,53700,691,6.1,Hyderabad,10-03-2024
C107213,Siddharth Mehta,27,Student,11600,798,5.2,Bengaluru,15-05-2025
C107214,Manish Iyer,31,Salaried-Government,62500,702,6.9,Bhopal,15-01-2024
C107215,Amit Das,31,Salaried-Private,75500,608,6.5,Lucknow,10-03-2023
C107216,Vijay Desai,47,Salaried-Government,40700,713,13.8,Bhopal,16-03-2024
C107217,Usha Bansal,29,Salaried-Private,27600,723,4.3,Delhi,28-12-2024
C107218,Usha Pandey,32,Retired,46400,675,8.1,Hyderabad,18-01-2025
C107219,Harsh Mukherjee,30,Business Owner,79100,687,2.1,Ahmedabad,22-08-2024
C107220,Pooja Mishra,36,Business Owner,91100,608,10,Nagpur,21-02-2025
C107221,Ananya Mishra,49,Self-Employed,61400,696,16.4,Bhopal,22-09-2024
C107222,Sunita Joshi,38,Business Owner,124000,601,7,Kolkata,04-06-2024
C107223,Akash Bansal,35,Business Owner,103200,675,4.9,Bengaluru,14-04-2025
C107224,Vijay Kapoor,43,Salaried-Private,68600,636,17.7,Nagpur,01-09-2023
C107225,Ankita Ghosh,48,Salaried-Private,42400,764,23,Jaipur,05-02-2023
C107226,Komal Patel,21,Salaried-Private,65000,813,0,Chandigarh,23-04-2025
C107227,Abhishek Kapoor,60,Self-Employed,57800,597,12.4,Pune,10-11-2024
C107228,Vishal Naidu,61,Student,22300,682,26.7,Chandigarh,29-11-2024
C107229,Kabir Menon,47,Self-Employed,43600,661,19.3,Indore,04-12-2023
C107230,Sanjay Roy,46,Self-Employed,72200,727,13.6,Ahmedabad,07-04-2024
C107231,Rekha Jain,51,Student,23400,691,25.5,Surat,26-06-2024
C107232,Alok Chauhan,40,Salaried-Private,67100,659,15.4,Chandigarh,04-08-2024
C107233,Aarav Saxena,37,Salaried-Private,52600,695,4.6,Pune,01-08-2023
C107234,Pallavi Jain,36,Student,14600,665,4.5,Surat,14-12-2023
C107235,Nitin Bansal,28,Student,11400,808,1.8,Kolkata,19-09-2023
C107236,Riya Dutta,58,Business Owner,104900,632,30.1,Jaipur,07-02-2024
C107237,Vishal Nair,35,Salaried-Private,64100,710,8.3,Kolkata,08-07-2024
C107238,Rahul Dutta,33,Retired,25300,724,10.3,Hyderabad,15-08-2023
C107239,Manoj Das,63,Freelancer,62500,724,29.8,Nagpur,28-11-2023
C107240,Rajesh Awasthi,43,Business Owner,40600,662,15.7,Chennai,23-11-2023
C107241,Ramesh Yadav,48,Salaried-Private,77300,801,7.8,Chandigarh,26-09-2023
C107242,Nikhil Ghosh,31,Self-Employed,43500,519,2.8,Chandigarh,31-12-2024
C107243,Saanvi Sharma,33,Freelancer,67600,602,10.2,Lucknow,02-02-2023
C107244,Manish Tripathi,53,Student,13700,735,17.2,Hyderabad,18-06-2024
C107245,Akash Chauhan,40,Self-Employed,113800,626,17,Nagpur,18-05-2023
C107246,Kavya Bansal,27,Self-Employed,29100,609,2.6,Surat,17-03-2024
C107247,Lalit Sen,57,Business Owner,64000,652,22.9,Bengaluru,01-07-2024
C107248,Hemant Bhatia,38,Self-Employed,80000,629,10.2,Surat,27-02-2024
C107249,Rohan Krishnan,50,Salaried-Government,85700,743,7.2,Kolkata,01-01-2024
C107250,Hemant Agarwal,36,Salaried-Private,55300,760,8.4,Lucknow,22-06-2024
C107251,Meera Pillai,45,Salaried-Private,82500,699,20.3,Nagpur,27-01-2023
C107252,Meera Sen,55,Freelancer,44900,771,17.6,Hyderabad,27-03-2025
C107253,Isha Jain,59,Salaried-Private,62200,578,20.2,Bhopal,12-11-2023
C107254,Harsh Malhotra,30,Salaried-Private,52600,693,6.2,Bhopal,10-02-2023
C107255,Pari Chatterjee,50,Student,18200,790,21.6,Hyderabad,25-11-2023
C107256,Meera Malhotra,61,Business Owner,42100,764,31.2,Chennai,16-11-2023
C107257,Vishal Srivastava,49,Salaried-Private,65700,804,14.5,Ahmedabad,26-07-2023
C107258,Arjun Ghosh,27,Salaried-Private,55100,641,3.1,Chennai,04-07-2024
C107259,Manoj Kapoor,29,Freelancer,64500,763,4.3,Bengaluru,30-05-2023
C107260,Kavya Khanna,29,Salaried-Government,35400,651,7,Chandigarh,06-11-2023
C107261,Sachin Joshi,25,Salaried-Government,48000,734,3.4,Lucknow,09-01-2023
C107262,Nikhil Srivastava,54,Salaried-Government,100200,799,21,Chandigarh,28-07-2023
C107263,Ritika Mishra,63,Salaried-Private,77700,628,16.8,Surat,20-07-2024
C107264,Komal Joshi,43,Business Owner,114400,548,18.3,Bengaluru,05-09-2023
C107265,Rekha Malhotra,47,Salaried-Private,74500,838,8.3,Jaipur,21-11-2024
C107266,Akash Ghosh,55,Self-Employed,90600,732,9.3,Jaipur,28-03-2024
C107267,Atharv Mukherjee,39,Salaried-Private,98600,686,8.8,Indore,29-07-2023
C107268,Ritika Mishra,41,Salaried-Private,64800,676,13.6,Indore,26-08-2023
C107269,Manish Tiwari,46,Salaried-Private,44800,519,5.9,Delhi,20-10-2023
C107270,Usha Mishra,34,Student,15400,699,5.4,Jaipur,01-05-2024
C107271,Naina Rao,23,Salaried-Private,44500,644,1.5,Nagpur,20-03-2025
C107272,Arjun Srivastava,45,Salaried-Private,62400,693,15.9,Lucknow,08-08-2023
C107273,Arjun Jain,57,Salaried-Private,76800,693,9.3,Kolkata,19-05-2025
C107274,Pallavi Khanna,24,Business Owner,62900,419,1,Lucknow,10-08-2024
C107275,Swati Bansal,30,Salaried-Government,52900,727,6.4,Mumbai,24-05-2024
C107276,Rekha Garg,32,Student,14100,697,3.1,Kolkata,12-10-2023
C107277,Rajesh Roy,56,Business Owner,84400,718,7.2,Indore,26-12-2023
C107278,Pallavi Naidu,43,Self-Employed,98200,680,19.7,Ahmedabad,17-11-2024
C107279,Tushar Verma,44,Business Owner,65600,693,14.5,Indore,06-06-2025
C107280,Kabir Singh,49,Salaried-Private,46400,700,14,Chandigarh,28-03-2024
C107281,Amit Bhatia,33,Retired,60700,711,7.4,Nagpur,22-02-2023
C107282,Meera Menon,52,Retired,27000,722,20.7,Bengaluru,25-05-2024
C107283,Abhishek Awasthi,22,Salaried-Private,54900,710,0.5,Bhopal,23-09-2023
C107284,Ritika Shah,26,Self-Employed,112400,844,3.3,Hyderabad,23-11-2024
C107285,Shweta Roy,56,Salaried-Private,68400,632,24.4,Chennai,17-04-2024
C107286,Mayank Saxena,49,Self-Employed,109500,666,9.1,Delhi,07-05-2023
C107287,Aarav Bansal,28,Freelancer,57200,824,3.5,Chennai,10-08-2023
C107288,Gaurav Mehta,40,Student,15800,670,7.9,Surat,01-04-2025
C107289,Isha Mishra,23,Salaried-Private,53200,762,1.5,Chennai,10-04-2025
C107290,Neha Krishnan,50,Business Owner,31800,695,21.4,Mumbai,08-12-2023
C107291,Ritika Singh,54,Business Owner,91000,675,25.3,Hyderabad,18-04-2024
C107292,Nidhi Jain,33,Salaried-Private,64400,768,6.1,Delhi,01-11-2023
C107293,Arjun Das,36,Self-Employed,77600,733,9,Indore,12-03-2025
C107294,Sunita Roy,31,Business Owner,170900,582,6.9,Chandigarh,03-02-2025
C107295,Seema Ghosh,38,Freelancer,55300,702,7.2,Jaipur,25-10-2023
C107296,Dev Shah,32,Retired,45000,607,9.7,Bhopal,13-08-2023
C107297,Hemant Ghosh,31,Salaried-Private,82300,794,4.7,Hyderabad,29-05-2023
C107298,Pari Rao,39,Salaried-Private,73000,831,10.4,Indore,24-11-2024
C107299,Vikram Gupta,58,Salaried-Private,68100,840,28.8,Chandigarh,04-04-2025
C107300,Rahul Pandey,54,Salaried-Private,66600,718,23.9,Hyderabad,20-04-2024
C107301,Shreya Mittal,34,Salaried-Government,58000,651,7.2,Surat,06-03-2024
C107302,Aisha Menon,62,Student,26000,709,19.9,Nagpur,28-11-2023
C107303,Sachin Joshi,30,Salaried-Government,60400,613,5.8,Pune,14-12-2024
C107304,Atharv Nair,61,Business Owner,124000,886,20.2,Hyderabad,13-02-2023
C107305,Vishal Awasthi,34,Salaried-Government,43500,782,8,Indore,11-10-2023
C107306,Karan Agarwal,44,Salaried-Private,67100,714,17.5,Chennai,28-06-2024
C107307,Sanjay Mehta,29,Freelancer,72000,770,2.3,Jaipur,09-04-2023
C107308,Dev Bhatia,54,Business Owner,94000,654,22.7,Delhi,13-11-2023
C107309,Suresh Malhotra,34,Salaried-Government,106200,607,3.1,Surat,24-07-2024
C107310,Pratibha Tripathi,59,Student,23900,506,27.1,Nagpur,08-11-2023
C107311,Tara Malhotra,24,Salaried-Government,60500,695,1,Mumbai,25-08-2023
C107312,Dinesh Mishra,43,Salaried-Private,66100,673,12,Chennai,12-10-2024
C107313,Tushar Yadav,27,Salaried-Government,56000,729,2.3,Surat,05-04-2025
C107314,Ankita Verma,60,Business Owner,40200,687,16.6,Jaipur,12-07-2023
C107315,Neha Ghosh,39,Salaried-Government,87100,730,11.5,Ahmedabad,22-09-2023
C107316,Sunita Tiwari,50,Freelancer,90700,758,14.6,Chennai,14-07-2023
C107317,Pooja Roy,59,Self-Employed,92700,577,20.6,Chandigarh,15-09-2023
C107318,Anjali Menon,44,Salaried-Government,81600,761,20.7,Kolkata,07-04-2025
C107319,Rekha Chatterjee,23,Student,8500,648,0.6,Mumbai,09-11-2024
C107320,Hemant Chauhan,30,Salaried-Government,89600,734,4.2,Bengaluru,29-12-2024
C107321,Tushar Mehta,30,Salaried-Government,63200,771,5.1,Pune,06-12-2023
C107322,Karan Mittal,61,Salaried-Private,76300,773,30.8,Surat,17-04-2023
C107323,Lalit Agarwal,60,Salaried-Government,41700,696,15.5,Mumbai,09-05-2023
C107324,Aditya Khanna,41,Salaried-Government,56900,702,9.5,Nagpur,18-04-2025
C107325,Aisha Das,60,Salaried-Private,77900,763,30.2,Indore,04-08-2023
C107326,Aarav Saxena,31,Self-Employed,91800,573,5.7,Delhi,06-04-2023
C107327,Usha Iyer,50,Salaried-Private,85300,616,23.2,Ahmedabad,19-08-2024
C107328,Vishal Yadav,38,Salaried-Private,30200,662,4.2,Pune,17-10-2023
C107329,Isha Pandey,31,Self-Employed,34500,578,4,Bengaluru,22-04-2023
C107330,Raj Saxena,32,Salaried-Private,71100,668,6.5,Kolkata,02-11-2023
C107331,Hemant Chauhan,39,Self-Employed,55300,662,5.1,Chandigarh,18-09-2024
C107332,Rahul Kumar,35,Business Owner,122200,705,7.5,Kolkata,31-10-2023
C107333,Saanvi Tripathi,30,Salaried-Private,26000,679,1.9,Indore,03-05-2025
C107334,Sneha Verma,35,Salaried-Private,58600,774,7.7,Surat,31-01-2024
C107335,Abhishek Das,26,Salaried-Government,61700,735,4.2,Chandigarh,03-05-2023
C107336,Geeta Shah,63,Salaried-Private,81400,686,36.3,Bhopal,17-03-2025
C107337,Vivaan Krishnan,37,Self-Employed,47700,660,6.8,Bhopal,08-09-2023
C107338,Alok Joshi,25,Business Owner,26700,680,0.8,Jaipur,17-11-2023
C107339,Pari Saxena,46,Self-Employed,80100,689,21,Bhopal,03-11-2023
C107340,Hemant Gupta,59,Salaried-Government,87300,894,22.7,Pune,14-03-2024
C107341,Aditya Dubey,36,Student,17300,565,9.1,Nagpur,12-06-2024
C107342,Shweta Bose,58,Salaried-Private,62600,615,28.5,Surat,23-05-2024
C107343,Rajesh Pillai,47,Student,21000,597,12.4,Pune,05-08-2024
C107344,Divya Mittal,53,Freelancer,64600,711,15.8,Mumbai,04-09-2023
C107345,Ananya Kapoor,34,Salaried-Government,94800,712,10.3,Pune,17-05-2025
C107346,Anjali Khanna,22,Salaried-Private,54300,642,0.5,Kolkata,26-02-2024
C107347,Harsh Chaurasia,36,Salaried-Private,26400,755,10.7,Delhi,04-06-2025
C107348,Aditya Krishnan,61,Student,24000,713,33.3,Jaipur,05-03-2023
C107349,Rahul Bhatia,55,Salaried-Private,70400,765,16.2,Bhopal,16-10-2023
C107350,Aarav Shukla,55,Student,23400,779,28,Chennai,12-01-2025
C107351,Vikram Khanna,59,Self-Employed,44400,516,16.3,Indore,06-07-2023
C107352,Tara Tripathi,37,Salaried-Government,60000,743,13.6,Ahmedabad,29-07-2024
C107353,Neha Yadav,35,Self-Employed,92400,590,5.8,Chennai,13-08-2023
C107354,Tushar Agarwal,61,Salaried-Private,68900,710,14.6,Bhopal,09-01-2025
C107355,Raj Singh,46,Salaried-Government,63800,683,17.6,Surat,03-07-2024
C107356,Rajesh Reddy,34,Student,19200,680,11,Surat,21-03-2024
C107357,Tushar Bose,33,Salaried-Private,38400,589,8.9,Hyderabad,30-08-2023
C107358,Ritika Reddy,59,Student,27100,766,27.3,Jaipur,11-04-2025
C107359,Nikhil Dutta,23,Retired,46100,583,1.8,Bhopal,03-01-2025
C107360,Sachin Bose,23,Salaried-Private,51300,747,1.2,Bengaluru,18-02-2024
C107361,Shaurya Awasthi,53,Self-Employed,78000,577,26.3,Mumbai,21-02-2024
C107362,Ajay Malhotra,21,Salaried-Private,54300,686,0,Chandigarh,19-11-2024
C107363,Kavya Singh,28,Self-Employed,73200,835,2,Lucknow,10-01-2023
C107364,Sanjay Menon,64,Retired,43100,875,16.8,Hyderabad,05-12-2024
C107365,Dinesh Bose,39,Student,14200,552,15.5,Jaipur,08-12-2024
C107366,Ravi Mittal,53,Student,20000,626,10.8,Delhi,31-10-2024
C107367,Sanya Malhotra,42,Salaried-Private,56900,646,9.8,Chennai,16-01-2024
C107368,Aarav Ghosh,24,Self-Employed,59700,869,0.7,Bengaluru,20-02-2024
C107369,Sachin Sharma,29,Salaried-Private,13400,676,2,Indore,12-06-2025
C107370,Sachin Naidu,54,Student,21700,769,20.1,Pune,21-09-2024
C107371,Ajay Chatterjee,25,Salaried-Private,46100,710,1.1,Kolkata,17-11-2024
C107372,Vivaan Awasthi,47,Salaried-Private,28100,588,21.6,Hyderabad,19-02-2024
C107373,Abhishek Ghosh,36,Salaried-Private,54000,539,12.3,Kolkata,18-05-2024
C107374,Karan Shah,37,Salaried-Private,53800,639,10.2,Jaipur,04-12-2023
C107375,Vijay Khanna,62,Salaried-Private,96900,879,19.6,Delhi,20-04-2023
C107376,Anjali Mittal,47,Salaried-Private,54600,708,21.4,Chandigarh,26-12-2024
C107377,Usha Garg,48,Student,21100,767,14.6,Ahmedabad,14-04-2024
C107378,Kabir Bose,36,Freelancer,72100,577,5,Kolkata,17-04-2024
C107379,Siddharth Iyer,37,Salaried-Private,48800,661,7.1,Bengaluru,06-07-2024
C107380,Siddharth Ghosh,51,Freelancer,55200,750,13.6,Mumbai,05-09-2024
C107381,Pankaj Das,22,Salaried-Government,98900,607,0.6,Jaipur,08-02-2025
C107382,Sachin Mukherjee,31,Freelancer,51700,682,4.8,Mumbai,26-10-2024
C107383,Rajesh Das,47,Salaried-Private,72900,620,20.1,Jaipur,31-12-2024
C107384,Nidhi Yadav,48,Self-Employed,67000,756,17.2,Chandigarh,30-09-2024
C107385,Suresh Kumar,25,Salaried-Government,77200,723,1.5,Hyderabad,22-04-2025
C107386,Tarun Mehta,55,Salaried-Private,67800,744,16.4,Chennai,22-04-2023
C107387,Rohan Dutta,44,Self-Employed,31200,754,16.2,Nagpur,30-09-2024
C107388,Reyansh Srivastava,31,Freelancer,42300,668,3.7,Ahmedabad,18-04-2023
C107389,Neha Srivastava,54,Freelancer,38300,766,8.7,Chennai,07-03-2024
C107390,Ritika Sharma,64,Salaried-Government,80200,644,30,Indore,09-02-2023
C107391,Mayank Chaurasia,39,Self-Employed,51200,737,8.7,Surat,06-01-2024
C107392,Dinesh Jain,33,Freelancer,56500,530,3.4,Jaipur,08-12-2023
C107393,Meera Chauhan,34,Salaried-Private,61100,629,7,Nagpur,04-03-2024
C107394,Nikhil Pillai,47,Salaried-Private,40400,871,15.4,Surat,28-01-2025
C107395,Varun Chaurasia,23,Salaried-Government,50500,736,0.4,Bhopal,30-09-2023
C107396,Swati Bhatia,42,Salaried-Private,75800,740,15.8,Lucknow,10-04-2023
C107397,Manoj Srivastava,22,Salaried-Government,86200,627,0.5,Chandigarh,07-05-2023
C107398,Aisha Menon,22,Salaried-Private,37400,598,0.2,Lucknow,23-12-2024
C107399,Amit Agarwal,39,Self-Employed,46900,665,14.5,Mumbai,19-08-2023
C107400,Tarun Mehta,53,Business Owner,163200,699,19.5,Bengaluru,04-12-2023
C107401,Suresh Kumar,59,Freelancer,59000,842,33.2,Kolkata,15-09-2024
C107402,Rahul Chatterjee,24,Business Owner,92100,775,1.2,Lucknow,07-03-2025
C107403,Vishal Shukla,31,Salaried-Government,48200,695,4.9,Chandigarh,13-03-2023
C107404,Sachin Mittal,39,Student,16100,687,12,Bhopal,23-11-2024
C107405,Amit Srivastava,46,Business Owner,152900,763,21,Surat,19-12-2023
C107406,Manish Chauhan,64,Self-Employed,89300,587,32.4,Mumbai,12-04-2024
C107407,Neha Bansal,51,Salaried-Private,88300,539,19.5,Jaipur,08-06-2023
C107408,Shaurya Saxena,44,Self-Employed,75900,750,17.4,Lucknow,23-04-2023
C107409,Shreya Srivastava,23,Self-Employed,42200,692,0.5,Indore,11-09-2024
C107410,Meera Roy,24,Business Owner,67300,585,2.1,Surat,16-07-2024
C107411,Komal Garg,27,Freelancer,28500,516,3.6,Jaipur,29-10-2023
C107412,Pranav Patel,50,Student,20500,754,11.4,Bengaluru,24-11-2023
C107413,Nitin Roy,35,Student,17500,640,5.1,Bhopal,16-04-2024
C107414,Alok Sen,31,Self-Employed,73900,723,4,Ahmedabad,29-01-2024
C107415,Shreya Chatterjee,50,Retired,40900,665,8.3,Indore,22-01-2025
C107416,Pratibha Shukla,56,Student,19900,680,13.7,Bengaluru,15-07-2023
C107417,Pallavi Naidu,40,Salaried-Private,69700,643,4.7,Chandigarh,20-04-2024
C107418,Hemant Chatterjee,59,Self-Employed,51500,681,25.5,Chennai,10-08-2024
C107419,Amit Jain,53,Salaried-Private,45100,732,17.9,Bengaluru,26-09-2023
C107420,Ravi Shah,52,Salaried-Private,85400,670,9,Indore,28-06-2023
C107421,Usha Tiwari,59,Salaried-Private,64600,663,26.1,Chandigarh,21-06-2024
C107422,Amit Garg,29,Salaried-Government,57200,737,2.6,Bhopal,23-12-2023
C107423,Nikhil Dutta,54,Salaried-Private,64800,743,18,Chandigarh,27-05-2025
C107424,Sneha Saxena,63,Salaried-Private,86300,601,35.5,Jaipur,07-07-2023
C107425,Reyansh Pandey,64,Salaried-Private,75500,689,31.5,Lucknow,26-05-2024
C107426,Pari Khanna,46,Business Owner,74200,649,15.2,Mumbai,14-01-2024
C107427,Akash Rao,54,Student,19300,683,20.1,Pune,07-11-2023
C107428,Rajesh Mehta,60,Retired,46300,801,9.6,Chennai,29-05-2024
C107429,Arjun Roy,58,Salaried-Government,81900,721,18.5,Chennai,24-11-2024
C107430,Tushar Bhatia,60,Salaried-Private,69900,863,16.2,Pune,24-09-2023
C107431,Deepak Saxena,57,Student,22300,700,19.2,Surat,11-07-2024
C107432,Ruchi Menon,37,Salaried-Private,62300,676,13.9,Surat,20-01-2025
C107433,Manish Sen,53,Retired,45400,685,24,Lucknow,20-05-2025
C107434,Kavya Gupta,39,Business Owner,70200,701,11.3,Ahmedabad,17-07-2024
C107435,Jyoti Kapoor,56,Self-Employed,106600,721,24.3,Indore,22-05-2023
C107436,Tushar Mittal,56,Salaried-Private,59400,609,24.9,Kolkata,26-01-2025
C107437,Suresh Chauhan,62,Salaried-Private,74000,672,21.3,Pune,08-06-2025
C107438,Komal Pillai,46,Self-Employed,26600,626,20.2,Indore,04-05-2025
C107439,Shreya Das,41,Salaried-Government,63800,771,12.6,Chennai,20-09-2024
C107440,Vijay Khanna,28,Freelancer,29200,530,5,Bhopal,18-04-2023
C107441,Harsh Sen,49,Self-Employed,53700,700,5.8,Chandigarh,06-07-2024
C107442,Ishaan Pandey,45,Salaried-Government,123400,577,13.8,Nagpur,13-06-2023
C107443,Sneha Dubey,43,Salaried-Private,68800,724,10,Nagpur,15-11-2024
C107444,Lalit Mehta,50,Salaried-Government,99100,662,6.9,Bengaluru,14-02-2023
C107445,Shweta Bose,58,Salaried-Private,86900,547,24.1,Chennai,16-05-2023
C107446,Shweta Shah,27,Business Owner,121900,773,5.1,Kolkata,17-09-2024
C107447,Rohan Mehta,39,Self-Employed,68400,488,12.8,Chennai,19-08-2023
C107448,Sanjay Sharma,52,Freelancer,82100,689,7.9,Bengaluru,22-03-2023
C107449,Rekha Garg,57,Salaried-Government,93500,749,8.6,Indore,17-04-2023
C107450,Ramesh Kapoor,55,Salaried-Private,69400,800,15,Mumbai,03-10-2023
C107451,Ruchi Malhotra,56,Freelancer,62200,560,12.8,Hyderabad,19-03-2024
C107452,Ravi Bose,58,Business Owner,98400,653,8.1,Bhopal,06-10-2024
C107453,Jyoti Mittal,63,Business Owner,106500,782,9.6,Ahmedabad,06-04-2024
C107454,Manoj Sharma,47,Self-Employed,75400,783,11.5,Chennai,14-01-2024
C107455,Shreya Rao,31,Student,13400,784,2.9,Nagpur,23-03-2025
C107456,Reyansh Joshi,45,Salaried-Private,99400,899,8.1,Lucknow,30-11-2024
C107457,Seema Verma,52,Salaried-Government,46400,646,25.1,Bhopal,03-02-2024
C107458,Deepak Bose,25,Freelancer,63900,719,3.6,Pune,18-06-2025
C107459,Anjali Mishra,54,Salaried-Private,60800,661,25.2,Hyderabad,09-10-2024
C107460,Shreya Das,44,Freelancer,73500,533,8.3,Ahmedabad,26-11-2023
C107461,Hemant Naidu,62,Salaried-Government,69600,683,13.2,Nagpur,30-12-2023
C107462,Kavya Jain,30,Salaried-Private,66900,530,5.4,Jaipur,10-03-2023
C107463,Ramesh Agarwal,60,Salaried-Private,67400,648,29.2,Bhopal,19-12-2024
C107464,Deepak Naidu,40,Freelancer,23900,566,12.5,Nagpur,27-06-2024
C107465,Sanjay Pillai,46,Freelancer,81800,727,19.1,Nagpur,15-04-2023
C107466,Shweta Bose,50,Salaried-Private,47700,624,15.7,Nagpur,16-05-2023
C107467,Pooja Shukla,46,Salaried-Private,66700,547,22.3,Ahmedabad,04-04-2023
C107468,Manoj Rao,60,Salaried-Private,49600,756,29.3,Nagpur,24-05-2023
C107469,Pooja Menon,28,Salaried-Private,31100,636,1.6,Lucknow,18-10-2023
C107470,Neha Gupta,53,Business Owner,94200,659,14.6,Indore,12-11-2024
C107471,Ruchi Verma,63,Salaried-Private,59900,610,24.9,Pune,15-06-2025
C107472,Jyoti Saxena,30,Salaried-Private,35200,777,3.2,Mumbai,15-01-2024
C107473,Neha Naidu,32,Salaried-Private,58700,710,5.3,Ahmedabad,25-04-2024
C107474,Tara Rao,41,Self-Employed,38400,636,12.8,Chennai,29-04-2024
C107475,Rajesh Ghosh,52,Business Owner,104400,542,18.2,Lucknow,09-08-2024
C107476,Tarun Sharma,63,Business Owner,100700,895,33.7,Surat,11-09-2024
C107477,Manoj Yadav,56,Self-Employed,20500,841,13.4,Ahmedabad,30-03-2023
C107478,Ankita Naidu,55,Retired,40300,801,28.7,Lucknow,31-05-2024
C107479,Ankita Chatterjee,40,Salaried-Government,78400,635,8.1,Ahmedabad,17-12-2023
C107480,Ananya Reddy,49,Student,16300,642,23.6,Chandigarh,28-12-2024
C107481,Sanya Mittal,30,Self-Employed,81900,724,3.4,Jaipur,17-04-2025
C107482,Diya Iyer,41,Salaried-Private,71700,619,11.1,Chennai,14-11-2023
C107483,Karan Mukherjee,29,Freelancer,30900,605,6.8,Delhi,27-05-2024
C107484,Divya Mittal,22,Self-Employed,66100,806,0.4,Delhi,17-08-2023
C107485,Manish Pillai,58,Business Owner,129200,694,29.4,Nagpur,21-02-2023
C107486,Komal Singh,56,Salaried-Private,51500,598,19.3,Chandigarh,10-05-2023
C107487,Nitin Mehta,43,Salaried-Government,64800,765,10.9,Bhopal,04-02-2025
C107488,Kavya Bose,21,Student,11700,635,0,Surat,17-10-2023
C107489,Aarav Bansal,24,Salaried-Private,39000,527,1,Kolkata,06-04-2023
C107490,Ritika Bose,25,Salaried-Private,65800,599,2.6,Bhopal,03-08-2023
C107491,Sachin Krishnan,52,Salaried-Private,45800,645,10,Chandigarh,10-07-2024
C107492,Kavya Bansal,29,Salaried-Government,60200,706,5.6,Hyderabad,18-01-2024
C107493,Vivaan Bose,32,Freelancer,55500,702,6.9,Nagpur,17-05-2023
C107494,Aarav Patel,58,Self-Employed,23100,781,11,Delhi,29-02-2024
C107495,Seema Mehta,59,Student,21800,664,10.3,Kolkata,24-02-2025
C107496,Suresh Mittal,54,Salaried-Government,83100,655,20.6,Delhi,19-02-2024
C107497,Diya Naidu,34,Salaried-Government,70700,790,3.7,Lucknow,25-05-2025
C107498,Nikhil Pandey,46,Salaried-Private,54600,766,15.9,Pune,29-11-2023
C107499,Tushar Shukla,29,Salaried-Private,36100,668,7.2,Delhi,22-08-2023
C107500,Neha Desai,58,Business Owner,122900,721,10.6,Bhopal,13-06-2024
C107501,Tushar Saxena,24,Salaried-Private,49800,649,1.6,Nagpur,01-02-2025
C107502,Dev Saxena,53,Salaried-Private,78700,598,27.1,Pune,28-12-2024
C107503,Akash Verma,43,Student,18200,858,18.8,Bengaluru,26-03-2025
C107504,Ananya Roy,54,Self-Employed,68500,646,7.3,Chennai,18-02-2023
C107505,Suresh Das,40,Salaried-Private,84100,716,14.5,Bhopal,14-11-2024
C107506,Simran Tiwari,27,Business Owner,71400,569,2.2,Bhopal,30-01-2023
C107507,Neha Yadav,54,Self-Employed,107800,755,23.8,Kolkata,29-11-2024
C107508,Ritika Verma,48,Student,23000,586,12.1,Jaipur,28-08-2023
C107509,Sneha Dutta,41,Business Owner,129600,833,7.1,Surat,23-09-2024
C107510,Nikhil Rao,37,Salaried-Private,57800,832,8.5,Pune,16-12-2023
C107511,Vijay Sharma,36,Salaried-Private,111900,742,4.8,Jaipur,04-03-2023
C107512,Pari Yadav,42,Salaried-Private,66400,699,10.4,Mumbai,14-09-2024
C107513,Usha Sen,32,Business Owner,100100,680,5.2,Ahmedabad,17-11-2023
C107514,Akash Rao,33,Self-Employed,70300,686,10.5,Lucknow,19-05-2023
C107515,Rohan Desai,33,Business Owner,56600,721,7,Nagpur,04-10-2023
C107516,Manoj Shah,21,Self-Employed,97100,701,0,Indore,16-06-2023
C107517,Naina Srivastava,61,Salaried-Private,59600,767,12.9,Chennai,07-07-2023
C107518,Ravi Chauhan,31,Salaried-Private,77400,618,9,Hyderabad,30-01-2024
C107519,Shreya Dubey,28,Salaried-Private,81000,814,3.8,Hyderabad,18-02-2024
C107520,Abhishek Tripathi,27,Salaried-Government,76200,657,1.5,Hyderabad,26-10-2023
C107521,Mayank Dubey,64,Self-Employed,66600,630,26.9,Indore,23-08-2023
C107522,Tara Iyer,41,Student,15200,711,8.5,Mumbai,12-01-2025
C107523,Ramesh Agarwal,35,Salaried-Private,8000,715,5.7,Chennai,18-04-2024
C107524,Ajay Ghosh,38,Business Owner,91100,554,7.2,Surat,28-07-2023
C107525,Sanya Dubey,24,Salaried-Private,72300,652,1.5,Delhi,08-03-2024
C107526,Tara Kapoor,34,Business Owner,85600,519,5.2,Pune,16-06-2025
C107527,Ishaan Singh,31,Salaried-Private,47200,633,7.5,Bengaluru,08-01-2023
C107528,Sunita Tripathi,56,Business Owner,92500,643,11.4,Chennai,10-04-2025
C107529,Ravi Saxena,23,Salaried-Private,80100,715,0.6,Pune,29-04-2023
C107530,Sanjay Roy,39,Salaried-Private,61100,626,4.9,Lucknow,15-08-2023
C107531,Reyansh Jain,55,Self-Employed,124200,654,16.6,Indore,12-06-2024
C107532,Pari Rao,57,Salaried-Government,62300,793,10,Nagpur,16-07-2023
C107533,Sachin Kumar,43,Salaried-Government,74100,856,4.8,Surat,31-05-2025
C107534,Rahul Singh,30,Salaried-Private,49900,613,3.7,Chandigarh,23-10-2024
C107535,Naina Bose,35,Retired,63500,771,12.4,Delhi,02-06-2024
C107536,Swati Nair,30,Salaried-Private,62200,720,1.9,Surat,19-12-2023
C107537,Kavya Pandey,50,Self-Employed,128700,560,7.1,Jaipur,17-04-2025
C107538,Alok Verma,33,Student,11800,618,7.3,Nagpur,19-11-2023
C107539,Simran Chaurasia,48,Business Owner,147700,459,14.8,Surat,11-06-2025
C107540,Tushar Kumar,49,Salaried-Private,68600,716,7.6,Chandigarh,08-06-2025
C107541,Naina Bansal,62,Self-Employed,102500,609,33.9,Bhopal,07-09-2024
C107542,Sunita Krishnan,37,Salaried-Private,37000,696,10.8,Delhi,20-09-2024
C107543,Anjali Reddy,63,Self-Employed,91200,899,22.9,Jaipur,14-06-2024
C107544,Meera Patel,38,Salaried-Government,43800,814,9.9,Indore,06-05-2025
C107545,Saanvi Reddy,50,Freelancer,59700,627,22,Pune,05-06-2024
C107546,Harsh Shukla,50,Freelancer,31300,603,7.8,Chandigarh,01-05-2025
C107547,Usha Joshi,56,Salaried-Private,67100,793,29.9,Nagpur,01-07-2023
C107548,Geeta Reddy,41,Salaried-Private,84900,612,5.6,Nagpur,22-01-2024
C107549,Priya Saxena,55,Salaried-Government,86100,772,17.7,Hyderabad,30-05-2023
C107550,Abhishek Das,36,Self-Employed,42400,900,5.6,Chennai,04-01-2023
C107551,Ritika Mehta,42,Salaried-Government,27100,738,14,Nagpur,26-09-2023
C107552,Seema Joshi,42,Self-Employed,86300,787,16.5,Pune,22-04-2025
C107553,Ravi Bhatia,51,Self-Employed,115900,782,19,Hyderabad,25-10-2023
C107554,Komal Sharma,48,Student,16200,637,9.6,Surat,08-01-2025
C107555,Nikhil Sharma,24,Salaried-Government,107800,719,2.2,Kolkata,07-09-2023
C107556,Rekha Mishra,56,Salaried-Private,68900,613,30.1,Mumbai,06-09-2024
C107557,Nikhil Patel,54,Salaried-Private,29000,787,10.3,Delhi,23-06-2023
C107558,Ananya Menon,25,Self-Employed,30100,597,1.5,Surat,09-03-2024
C107559,Siddharth Gupta,63,Salaried-Private,87200,749,24,Indore,09-11-2024
C107560,Sanjay Mishra,50,Salaried-Private,69200,780,20.8,Surat,07-03-2025
C107561,Arjun Gupta,24,Salaried-Private,85800,653,0.9,Kolkata,02-12-2023
C107562,Isha Nair,42,Business Owner,58100,631,4.9,Nagpur,06-06-2024
C107563,Ananya Agarwal,57,Student,23000,669,21.5,Indore,07-06-2024
C107564,Pranav Singh,33,Salaried-Government,65400,618,9.1,Pune,07-02-2024
C107565,Pallavi Agarwal,62,Salaried-Private,68500,702,16.7,Bhopal,25-12-2023
C107566,Sunita Sharma,39,Salaried-Government,59300,615,10.9,Indore,18-04-2025
C107567,Aditya Dutta,30,Salaried-Government,56100,620,6.9,Bengaluru,31-01-2024
C107568,Karan Bansal,36,Retired,41100,729,3.3,Surat,25-10-2024
C107569,Naina Krishnan,44,Salaried-Government,76400,740,10,Mumbai,19-01-2024
C107570,Geeta Chatterjee,51,Business Owner,108100,672,12.4,Jaipur,26-04-2024
C107571,Abhishek Pillai,61,Student,27900,552,28.2,Indore,02-06-2024
C107572,Rahul Iyer,29,Self-Employed,40400,779,5.3,Indore,25-06-2023
C107573,Suresh Kapoor,63,Salaried-Private,35600,649,32.7,Jaipur,28-07-2023
C107574,Aditya Mittal,44,Self-Employed,99600,859,13.4,Jaipur,04-09-2024
C107575,Harsh Dubey,26,Salaried-Government,41700,675,1.8,Bhopal,03-06-2025
C107576,Shaurya Singh,61,Salaried-Government,68200,701,20.1,Mumbai,03-09-2024
C107577,Atharv Agarwal,36,Retired,31700,650,7.2,Lucknow,24-06-2024
C107578,Pratibha Malhotra,48,Salaried-Private,53100,707,18,Chennai,17-06-2025
C107579,Hemant Shah,51,Salaried-Government,40400,900,26,Chandigarh,17-09-2024
C107580,Seema Saxena,21,Salaried-Private,43600,658,0,Delhi,07-03-2025
C107581,Ishaan Sharma,30,Salaried-Private,71600,792,5.8,Kolkata,08-11-2023
C107582,Pallavi Yadav,51,Self-Employed,77900,698,9.7,Chandigarh,31-12-2024
C107583,Ankita Krishnan,35,Freelancer,57700,782,8.4,Lucknow,13-02-2025
C107584,Kabir Dutta,21,Self-Employed,54100,533,0,Chandigarh,09-01-2025
C107585,Abhishek Bhatia,22,Salaried-Private,73500,846,0.7,Indore,27-11-2023
C107586,Lalit Iyer,57,Salaried-Private,59200,716,31.7,Pune,30-10-2024
C107587,Usha Tiwari,27,Salaried-Government,16500,661,5.3,Lucknow,20-01-2025
C107588,Ankita Srivastava,25,Self-Employed,75200,763,2.2,Bhopal,20-06-2024
C107589,Varun Naidu,45,Freelancer,65900,701,19.3,Indore,24-07-2023
C107590,Isha Shah,26,Self-Employed,54600,596,3.6,Hyderabad,16-06-2023
C107591,Siddharth Ghosh,49,Student,23000,489,15.9,Hyderabad,22-01-2025
C107592,Rajesh Shah,44,Freelancer,39600,832,5.1,Ahmedabad,13-06-2023
C107593,Meera Garg,49,Salaried-Government,86500,675,24.7,Bhopal,05-05-2025
C107594,Arjun Khanna,42,Self-Employed,116300,648,18.4,Indore,17-06-2024
C107595,Dinesh Chatterjee,55,Business Owner,102800,652,19.1,Kolkata,02-07-2023
C107596,Lalit Chaurasia,49,Retired,41500,803,12.4,Lucknow,07-07-2023
C107597,Reyansh Bansal,39,Salaried-Government,65400,650,5,Mumbai,31-01-2023
C107598,Pooja Krishnan,21,Self-Employed,105100,747,0,Chandigarh,19-06-2024
C107599,Aditya Krishnan,33,Salaried-Government,74200,664,9.1,Surat,11-01-2025
C107600,Tara Joshi,26,Business Owner,158600,603,2.4,Chennai,26-10-2024
C107601,Pooja Naidu,21,Student,9100,753,0,Surat,09-06-2024
C107602,Divya Jain,33,Student,11100,769,4.9,Nagpur,14-06-2024
C107603,Anjali Pillai,30,Salaried-Private,46900,632,5.7,Nagpur,09-08-2023
C107604,Nidhi Bhatia,24,Salaried-Private,57400,685,2.2,Surat,09-01-2025
C107605,Tara Naidu,34,Freelancer,16500,690,10.7,Surat,26-04-2024
C107606,Vivaan Roy,43,Self-Employed,63400,725,12,Surat,20-01-2025
C107607,Nidhi Yadav,28,Student,9700,839,2.9,Delhi,04-06-2025
C107608,Aarav Mehta,33,Salaried-Private,64600,663,3,Pune,02-03-2025
C107609,Sunita Naidu,21,Freelancer,75100,664,0,Nagpur,27-04-2025
C107610,Ritika Verma,23,Business Owner,90600,679,1.6,Mumbai,06-11-2024
C107611,Vivaan Dutta,27,Salaried-Private,18900,607,2.7,Chennai,04-10-2023
C107612,Pari Dubey,40,Salaried-Private,44300,548,6.6,Indore,16-09-2023
C107613,Rohan Patel,50,Business Owner,108000,706,19.5,Lucknow,11-09-2024
C107614,Usha Das,55,Salaried-Private,70500,732,24.8,Pune,07-08-2023
C107615,Raj Yadav,48,Freelancer,80800,692,19,Jaipur,04-04-2024
C107616,Vijay Garg,48,Self-Employed,99800,689,6.7,Chandigarh,17-09-2024
C107617,Manoj Mittal,62,Salaried-Government,97400,622,36.4,Pune,15-09-2023
C107618,Varun Dutta,32,Salaried-Private,55100,708,6.4,Indore,08-04-2023
C107619,Harsh Tiwari,56,Retired,60200,702,21.9,Ahmedabad,09-05-2023
C107620,Anjali Reddy,62,Business Owner,75700,729,9.5,Indore,20-09-2024
C107621,Sunita Chaurasia,45,Freelancer,69100,716,5,Surat,25-04-2023
C107622,Mohit Rao,57,Freelancer,53900,719,10.4,Mumbai,10-12-2024
C107623,Sanjay Shah,27,Self-Employed,33600,790,2.8,Indore,22-01-2023
C107624,Seema Pandey,59,Student,25200,729,32.7,Delhi,21-11-2024
C107625,Seema Menon,45,Self-Employed,109100,734,17,Nagpur,28-07-2024
C107626,Akash Shukla,30,Self-Employed,59800,549,8.1,Mumbai,25-08-2023
C107627,Tarun Nair,23,Salaried-Private,87100,777,1.4,Nagpur,01-09-2023
C107628,Pallavi Menon,52,Salaried-Private,34300,661,8.4,Kolkata,18-04-2024
C107629,Anjali Ghosh,39,Business Owner,56900,694,12.4,Delhi,10-06-2024
C107630,Rahul Reddy,34,Salaried-Private,57300,586,8.4,Hyderabad,25-01-2025
C107631,Dev Mukherjee,38,Business Owner,82900,859,13.9,Bengaluru,11-11-2024
C107632,Divya Yadav,64,Retired,42200,488,25,Jaipur,12-04-2024
C107633,Kavya Mittal,39,Salaried-Government,70600,809,6.7,Hyderabad,05-01-2023
C107634,Swati Dutta,24,Salaried-Private,45600,720,2.1,Chandigarh,09-04-2025
C107635,Ankita Das,33,Business Owner,81300,539,8.7,Nagpur,03-02-2024
C107636,Saanvi Joshi,27,Salaried-Private,63000,852,3.4,Chennai,03-02-2025
C107637,Aditya Singh,51,Freelancer,45300,727,8,Delhi,02-09-2023
C107638,Diya Naidu,56,Self-Employed,77500,502,17.1,Mumbai,27-11-2023
C107639,Ruchi Kapoor,58,Salaried-Government,61100,655,29.2,Lucknow,06-07-2024
C107640,Usha Mittal,48,Self-Employed,47900,729,11.1,Chandigarh,18-10-2024
C107641,Aarav Verma,54,Self-Employed,97500,831,23.5,Nagpur,10-05-2023
C107642,Priya Bansal,39,Salaried-Private,96400,661,6.8,Bengaluru,15-12-2024
C107643,Akash Joshi,48,Salaried-Private,87100,481,11.6,Jaipur,28-05-2024
C107644,Usha Verma,25,Salaried-Government,69400,807,1.7,Bengaluru,02-01-2025
C107645,Shaurya Garg,44,Student,15500,722,6.8,Mumbai,11-06-2024
C107646,Ankita Dutta,45,Salaried-Private,58900,510,10.7,Ahmedabad,08-05-2024
C107647,Usha Jain,22,Salaried-Private,76500,718,0.7,Mumbai,29-07-2024
C107648,Simran Mishra,45,Salaried-Private,19000,718,11.5,Bengaluru,31-03-2024
C107649,Aisha Tiwari,52,Salaried-Government,64900,663,12.7,Lucknow,02-04-2023
C107650,Pranav Kumar,37,Salaried-Private,76100,625,11,Hyderabad,02-11-2023
C107651,Varun Saxena,44,Freelancer,35000,636,12.9,Pune,31-05-2025
C107652,Ishaan Singh,33,Salaried-Private,68300,664,6.1,Nagpur,16-08-2023
C107653,Ravi Srivastava,32,Business Owner,104500,724,8.3,Kolkata,28-01-2024
C107654,Vivaan Naidu,26,Salaried-Private,27900,747,2.3,Bengaluru,17-07-2023
C107655,Naina Bose,35,Salaried-Government,68000,518,8.1,Mumbai,17-02-2024
C107656,Manish Yadav,56,Salaried-Private,56700,708,7.8,Ahmedabad,02-12-2024
C107657,Suresh Rao,62,Business Owner,117700,736,17.9,Indore,08-10-2024
C107658,Rahul Patel,48,Student,21100,696,9.9,Mumbai,03-04-2023
C107659,Vikram Naidu,48,Salaried-Private,73800,658,22.1,Indore,11-04-2025
C107660,Nitin Rao,48,Retired,44700,800,5.8,Kolkata,25-07-2024
C107661,Isha Dutta,41,Salaried-Private,68800,797,13.8,Surat,07-09-2024
C107662,Ruchi Naidu,39,Self-Employed,45000,657,13.1,Jaipur,23-11-2024
C107663,Hemant Awasthi,48,Business Owner,97800,688,11.7,Kolkata,23-08-2024
C107664,Simran Khanna,55,Salaried-Private,52700,749,12.9,Chennai,25-02-2025
C107665,Abhishek Menon,39,Salaried-Government,90400,796,5.7,Pune,17-09-2024
C107666,Tarun Singh,45,Salaried-Private,78300,626,9.5,Lucknow,09-06-2025
C107667,Pankaj Patel,41,Business Owner,117800,613,16.8,Bengaluru,02-09-2024
C107668,Tara Joshi,33,Salaried-Government,103000,717,2.8,Chandigarh,23-01-2025
C107669,Lalit Patel,33,Student,12100,591,6.2,Nagpur,01-05-2024
C107670,Ajay Shah,24,Salaried-Private,45200,531,1.2,Kolkata,26-10-2023
C107671,Vivaan Tiwari,40,Student,14800,616,13.1,Kolkata,08-04-2024
C107672,Rohan Pandey,52,Salaried-Private,35400,718,13.4,Bhopal,20-05-2023
C107673,Riya Mukherjee,51,Self-Employed,41400,810,13.3,Delhi,04-03-2024
C107674,Riya Bhatia,64,Salaried-Private,84600,635,10.4,Chandigarh,16-10-2024
C107675,Aarav Tripathi,22,Salaried-Private,27500,674,0.8,Chandigarh,17-11-2024
C107676,Simran Agarwal,54,Salaried-Private,46700,699,18.6,Pune,19-12-2023
C107677,Karan Gupta,55,Business Owner,98300,642,8.4,Nagpur,25-02-2024
C107678,Rahul Sen,40,Salaried-Private,54400,629,13.8,Kolkata,01-06-2024
C107679,Tara Sen,33,Self-Employed,92100,720,9,Chennai,04-05-2023
C107680,Priya Bansal,36,Retired,39700,590,7.8,Hyderabad,18-07-2024
C107681,Ankita Singh,51,Salaried-Private,51000,626,26.6,Lucknow,15-03-2024
C107682,Pranav Jain,58,Salaried-Private,89200,677,13.3,Indore,02-11-2024
C107683,Deepak Tripathi,49,Salaried-Private,80800,717,22.1,Nagpur,27-07-2024
C107684,Diya Chaurasia,43,Salaried-Private,35600,564,17.4,Indore,08-06-2023
C107685,Akash Garg,49,Salaried-Government,77200,681,15.8,Delhi,23-05-2024
C107686,Alok Patel,24,Business Owner,66300,586,1.7,Lucknow,02-11-2023
C107687,Saanvi Bansal,47,Salaried-Private,50600,632,7.2,Bhopal,09-07-2024
C107688,Karan Iyer,22,Salaried-Private,92800,757,0.3,Hyderabad,19-07-2024
C107689,Hemant Gupta,63,Self-Employed,85800,686,20.8,Kolkata,10-12-2023
C107690,Sanjay Tiwari,60,Salaried-Private,66200,823,32.9,Mumbai,06-07-2024
C107691,Pallavi Srivastava,43,Self-Employed,76800,685,7.7,Lucknow,07-06-2023
C107692,Usha Gupta,37,Student,17300,760,8.5,Jaipur,08-12-2023
C107693,Harsh Mehta,53,Salaried-Private,53800,751,7.8,Bengaluru,10-10-2024
C107694,Rahul Iyer,49,Self-Employed,64500,688,11.5,Bengaluru,11-04-2024
C107695,Gaurav Awasthi,52,Freelancer,66900,584,14.3,Hyderabad,03-02-2023
C107696,Suresh Srivastava,43,Business Owner,48300,678,19.2,Surat,13-02-2024
C107697,Simran Tiwari,31,Freelancer,63900,646,3.4,Jaipur,18-08-2023
C107698,Shreya Rao,24,Freelancer,19500,637,0.8,Kolkata,16-03-2025
C107699,Sachin Awasthi,33,Self-Employed,64900,702,2.9,Hyderabad,19-04-2025
C107700,Ritika Reddy,44,Self-Employed,36800,569,13,Chandigarh,03-03-2023
C107701,Suresh Yadav,39,Business Owner,61400,619,10.1,Jaipur,28-11-2023
C107702,Harsh Mukherjee,43,Business Owner,138300,619,7.4,Chennai,11-06-2024
C107703,Dev Nair,33,Business Owner,126200,678,4.5,Delhi,28-10-2023
C107704,Tushar Khanna,62,Salaried-Government,102200,633,17.4,Bhopal,17-10-2024
C107705,Arjun Bhatia,37,Freelancer,27200,627,3.3,Chandigarh,23-04-2023
C107706,Neha Patel,58,Salaried-Private,48800,698,28.6,Chennai,02-02-2025
C107707,Ruchi Roy,38,Salaried-Private,68600,654,12.6,Chennai,14-08-2023
C107708,Nitin Agarwal,40,Salaried-Private,76900,691,8.1,Nagpur,04-08-2023
C107709,Tushar Joshi,47,Salaried-Private,49400,598,15.7,Chandigarh,02-11-2023
C107710,Raj Kapoor,32,Business Owner,73900,624,4.7,Bengaluru,21-04-2025
C107711,Tara Naidu,30,Salaried-Private,36000,848,2,Bengaluru,09-09-2023
C107712,Shweta Pillai,37,Business Owner,147500,646,9.8,Kolkata,17-08-2023
C107713,Aditya Dutta,56,Self-Employed,68600,521,24.7,Chandigarh,13-08-2023
C107714,Pari Sen,27,Salaried-Private,58000,716,2.6,Mumbai,15-05-2023
C107715,Raj Reddy,40,Salaried-Private,64300,633,7,Mumbai,17-04-2025
C107716,Meera Menon,50,Self-Employed,104100,715,11.2,Surat,14-08-2024
C107717,Sanjay Pillai,52,Business Owner,69900,683,13.8,Bengaluru,19-05-2024
C107718,Pratibha Garg,40,Salaried-Government,93800,738,10,Jaipur,03-05-2023
C107719,Ananya Bhatia,24,Salaried-Private,30600,676,2.2,Pune,14-02-2023
C107720,Sanjay Nair,21,Salaried-Private,78300,673,0,Bhopal,04-10-2023
C107721,Mohit Roy,41,Salaried-Private,28700,776,13.9,Chandigarh,17-04-2025
C107722,Amit Das,56,Salaried-Private,66900,512,30.6,Bengaluru,23-04-2024
C107723,Jyoti Chauhan,22,Retired,52900,581,0.3,Mumbai,29-12-2024
C107724,Priya Awasthi,60,Salaried-Private,84500,626,21.7,Ahmedabad,01-10-2023
C107725,Seema Awasthi,50,Salaried-Private,75000,555,13.1,Chandigarh,01-04-2023
C107726,Vishal Pandey,21,Student,8000,642,0,Kolkata,24-07-2023
C107727,Alok Chaurasia,36,Business Owner,70500,644,12.2,Hyderabad,31-07-2023
C107728,Sunita Nair,30,Salaried-Government,93700,772,7.4,Mumbai,26-06-2024
C107729,Mohit Yadav,62,Self-Employed,93700,686,20.9,Nagpur,23-06-2023
C107730,Pranav Chatterjee,45,Student,20500,666,17.5,Indore,31-05-2025
C107731,Seema Gupta,35,Salaried-Private,62100,658,7.8,Chennai,13-09-2024
C107732,Naina Mukherjee,33,Salaried-Private,54200,603,8.9,Kolkata,02-01-2024
C107733,Ruchi Sen,45,Student,20100,754,19.7,Bengaluru,25-06-2024
C107734,Pallavi Agarwal,21,Freelancer,48100,784,0,Pune,04-10-2024
C107735,Tarun Shukla,32,Retired,35400,588,2.7,Lucknow,20-11-2024
C107736,Naina Tiwari,28,Salaried-Private,29500,814,2.6,Surat,17-01-2023
C107737,Pratibha Mittal,48,Student,21900,629,20.3,Chennai,01-04-2024
C107738,Jyoti Pillai,50,Salaried-Private,75400,631,6.2,Pune,21-12-2023
C107739,Ananya Das,41,Business Owner,76600,729,11.3,Jaipur,30-09-2023
C107740,Sneha Jain,27,Student,14200,727,3.8,Kolkata,04-08-2024
C107741,Seema Menon,37,Salaried-Private,66300,684,12.4,Chandigarh,07-08-2023
C107742,Isha Bhatia,58,Salaried-Private,75100,663,28.3,Kolkata,18-08-2023
C107743,Varun Bansal,29,Self-Employed,90400,787,2,Chandigarh,20-08-2024
C107744,Reyansh Iyer,28,Freelancer,57500,638,4.7,Hyderabad,28-02-2023
C107745,Usha Shah,25,Salaried-Private,62500,683,3,Hyderabad,03-12-2023
C107746,Dev Malhotra,56,Student,21700,818,9.6,Nagpur,10-11-2024
C107747,Mohit Khanna,26,Salaried-Private,96700,587,2.7,Hyderabad,27-12-2023
C107748,Tarun Reddy,46,Salaried-Government,54400,651,16.4,Bhopal,21-09-2023
C107749,Geeta Singh,64,Salaried-Private,87100,775,18.9,Chennai,09-07-2023
C107750,Dinesh Kapoor,49,Student,19200,725,12.9,Delhi,17-03-2024
C107751,Aisha Das,39,Salaried-Private,71300,762,4.9,Pune,08-12-2024
C107752,Naina Bose,30,Self-Employed,99200,589,6.7,Delhi,22-03-2023
C107753,Pankaj Menon,21,Salaried-Private,48800,713,0,Chandigarh,02-07-2024
C107754,Alok Desai,27,Student,12500,659,3,Nagpur,06-12-2024
C107755,Shweta Das,62,Freelancer,64600,871,23,Jaipur,19-07-2023
C107756,Sunita Roy,27,Salaried-Private,44600,751,1.6,Nagpur,08-09-2024
C107757,Varun Roy,21,Salaried-Private,80200,690,0,Indore,11-01-2024
C107758,Isha Ghosh,56,Salaried-Government,90100,716,10.7,Nagpur,18-01-2023
C107759,Manish Desai,39,Salaried-Government,58100,693,6.5,Lucknow,26-09-2024
C107760,Swati Kumar,36,Freelancer,67700,746,6.7,Pune,07-10-2024
C107761,Pankaj Khanna,52,Self-Employed,58400,620,16.8,Surat,13-09-2024
C107762,Arjun Dutta,44,Salaried-Government,69100,799,11.6,Hyderabad,14-03-2023
C107763,Reyansh Patel,61,Business Owner,90300,587,10,Kolkata,10-02-2024
C107764,Geeta Mehta,41,Salaried-Government,85000,709,8.9,Chandigarh,07-06-2023
C107765,Amit Garg,52,Salaried-Private,57800,622,7.1,Ahmedabad,12-08-2024
C107766,Seema Pillai,59,Salaried-Private,85400,696,14.3,Kolkata,09-02-2024
C107767,Seema Ghosh,41,Salaried-Private,74900,770,5.2,Pune,13-07-2024
C107768,Suresh Pillai,33,Self-Employed,61800,552,3.8,Delhi,01-03-2025
C107769,Siddharth Yadav,63,Salaried-Private,108400,682,23.2,Bengaluru,18-03-2023
C107770,Vikram Sen,30,Self-Employed,51700,572,7.6,Bengaluru,05-08-2023
C107771,Mayank Tiwari,22,Salaried-Private,27200,661,0.3,Chennai,08-06-2024
C107772,Rahul Desai,46,Business Owner,125400,583,17.8,Mumbai,14-04-2025
C107773,Ankita Khanna,64,Salaried-Private,29200,697,9.9,Indore,14-02-2023
C107774,Pankaj Verma,24,Salaried-Government,94500,660,1.3,Chandigarh,23-01-2025
C107775,Tarun Bhatia,58,Salaried-Private,71800,750,17.8,Bhopal,20-12-2024
C107776,Swati Naidu,57,Salaried-Private,40900,784,9.9,Jaipur,25-06-2023
C107777,Kavya Jain,61,Salaried-Private,52000,688,25.8,Mumbai,14-01-2025
C107778,Rohan Iyer,39,Salaried-Government,31800,756,5.4,Bengaluru,11-06-2024
C107779,Divya Chaurasia,32,Freelancer,54500,798,8.4,Hyderabad,17-02-2023
C107780,Pallavi Bansal,43,Salaried-Private,37300,611,13.5,Chandigarh,15-02-2023
C107781,Aisha Mishra,27,Business Owner,106500,810,4.3,Bhopal,25-10-2023
C107782,Reyansh Kapoor,58,Self-Employed,73500,688,11.7,Lucknow,25-04-2024
C107783,Vivaan Naidu,50,Self-Employed,66200,611,12.2,Jaipur,05-12-2024
C107784,Hemant Kumar,42,Self-Employed,86600,716,14.6,Pune,31-03-2023
C107785,Seema Kumar,43,Salaried-Private,76300,685,11.4,Delhi,19-08-2024
C107786,Divya Reddy,52,Business Owner,137100,588,19.9,Hyderabad,24-08-2024
C107787,Ankita Garg,44,Freelancer,43100,598,11.3,Bhopal,14-12-2023
C107788,Arjun Bose,57,Freelancer,57900,819,24.1,Surat,28-08-2023
C107789,Ruchi Tiwari,61,Salaried-Private,58300,711,26,Chandigarh,24-08-2023
C107790,Pari Kapoor,62,Business Owner,109600,814,16.8,Indore,10-02-2024
C107791,Harsh Nair,48,Salaried-Private,50200,654,22.1,Chennai,23-09-2023
C107792,Harsh Srivastava,53,Salaried-Government,64000,625,22.8,Surat,27-05-2024
C107793,Dinesh Sharma,34,Salaried-Private,51800,553,3.2,Chandigarh,20-04-2023
C107794,Pallavi Yadav,22,Salaried-Private,61300,766,0.2,Chandigarh,23-09-2024
C107795,Kabir Kumar,38,Self-Employed,72900,723,11.9,Indore,17-06-2025
C107796,Ankita Chaurasia,59,Student,25000,651,24.4,Indore,20-07-2023
C107797,Mayank Shah,26,Salaried-Private,54900,624,4.2,Surat,01-09-2024
C107798,Neha Dutta,45,Self-Employed,61700,779,16.1,Bhopal,15-10-2024
C107799,Mohit Nair,29,Self-Employed,73800,676,2.8,Chandigarh,09-05-2024
C107800,Priya Bose,39,Student,12700,668,4.1,Chennai,29-09-2023
C107801,Sanjay Dubey,27,Business Owner,108600,648,3.4,Mumbai,05-06-2025
C107802,Pratibha Bhatia,53,Salaried-Private,62100,656,17.5,Indore,17-07-2024
C107803,Arjun Awasthi,56,Salaried-Private,73100,734,30,Jaipur,30-11-2023
C107804,Sneha Kumar,54,Self-Employed,84500,579,23,Jaipur,27-08-2023
C107805,Pari Reddy,52,Salaried-Private,99400,701,25.7,Chandigarh,22-02-2025
C107806,Shreya Awasthi,31,Student,13400,758,7.3,Delhi,12-10-2024
C107807,Ruchi Patel,44,Student,17700,675,15.2,Ahmedabad,13-03-2025
C107808,Pari Sen,25,Student,8000,765,2.4,Chandigarh,31-10-2024
C107809,Aarav Tiwari,37,Salaried-Private,77400,798,9.7,Ahmedabad,20-04-2023
C107810,Komal Chauhan,43,Business Owner,88200,765,12.2,Lucknow,03-12-2024
C107811,Swati Mehta,50,Business Owner,50800,644,22.8,Jaipur,10-06-2025
C107812,Ananya Ghosh,25,Salaried-Private,52700,685,1.5,Pune,22-01-2023
C107813,Mayank Verma,56,Salaried-Private,72800,718,29.4,Lucknow,05-11-2024
C107814,Vikram Mittal,41,Salaried-Private,46600,649,11.8,Ahmedabad,09-12-2024
C107815,Dev Mukherjee,59,Salaried-Government,73100,650,19.2,Bhopal,07-11-2023
C107816,Ankita Shah,44,Retired,41300,641,8,Mumbai,19-02-2025
C107817,Seema Yadav,45,Freelancer,52700,891,9.4,Bhopal,29-12-2023
C107818,Ajay Mehta,51,Salaried-Private,91700,672,18.3,Chandigarh,19-01-2024
C107819,Harsh Verma,57,Self-Employed,48900,772,11,Lucknow,05-03-2023
C107820,Amit Malhotra,27,Salaried-Private,98100,625,1.2,Hyderabad,04-12-2023
C107821,Ishaan Khanna,43,Salaried-Private,63100,825,8.4,Nagpur,06-12-2024
C107822,Gaurav Srivastava,22,Salaried-Private,67000,659,0.4,Surat,08-05-2024
C107823,Sanya Ghosh,41,Self-Employed,77100,695,17.2,Jaipur,02-10-2023
C107824,Amit Awasthi,56,Business Owner,46800,540,21.3,Hyderabad,16-10-2024
C107825,Seema Das,59,Freelancer,42300,775,18.4,Ahmedabad,04-11-2023
C107826,Neha Chaurasia,33,Student,11500,788,10.7,Ahmedabad,14-12-2023
C107827,Isha Mishra,38,Salaried-Private,81700,597,7.8,Chennai,10-04-2024
C107828,Isha Mehta,45,Business Owner,53300,781,20.9,Chennai,24-03-2023
C107829,Dev Garg,38,Salaried-Private,44700,579,14.6,Delhi,31-03-2024
C107830,Pratibha Khanna,28,Salaried-Government,66900,740,4.8,Lucknow,11-10-2024
C107831,Shweta Dutta,34,Self-Employed,82500,669,7.4,Hyderabad,05-07-2023
C107832,Ramesh Menon,38,Salaried-Private,70700,797,13.2,Kolkata,17-05-2024
C107833,Gaurav Srivastava,43,Salaried-Private,44100,706,9.4,Chennai,11-01-2023
C107834,Nidhi Pandey,61,Salaried-Private,39000,760,18.3,Nagpur,11-01-2025
C107835,Harsh Iyer,44,Salaried-Private,75000,790,7.9,Kolkata,04-10-2024
C107836,Gaurav Naidu,38,Student,19300,659,6.4,Chennai,12-10-2024
C107837,Aisha Mehta,50,Salaried-Private,59700,686,8.6,Nagpur,29-01-2024
C107838,Dev Bose,55,Self-Employed,52100,598,27,Bhopal,16-06-2024
C107839,Pratibha Naidu,39,Retired,35000,661,3.6,Chandigarh,08-10-2024
C107840,Mayank Chauhan,42,Self-Employed,83900,846,10.4,Bengaluru,24-11-2023
C107841,Mayank Mittal,30,Salaried-Government,59000,749,4.1,Indore,16-12-2023
C107842,Sunita Naidu,59,Student,27700,600,17.9,Bengaluru,21-10-2023
C107843,Tarun Ghosh,59,Salaried-Private,88700,823,30,Bengaluru,01-12-2023
C107844,Pallavi Mittal,28,Salaried-Private,61500,720,5.4,Pune,05-09-2024
C107845,Ravi Chatterjee,36,Self-Employed,25100,750,10,Mumbai,26-03-2025
C107846,Diya Tiwari,32,Salaried-Government,49700,726,7.5,Mumbai,22-07-2023
C107847,Amit Dubey,61,Freelancer,51200,721,30.5,Mumbai,30-08-2023
C107848,Sunita Sharma,23,Salaried-Private,40900,526,0.9,Chennai,09-02-2023
C107849,Amit Bhatia,30,Self-Employed,74200,779,4.6,Kolkata,11-12-2023
C107850,Priya Joshi,34,Business Owner,100000,514,4.8,Delhi,15-12-2024
C107851,Aisha Rao,45,Retired,22500,764,8.8,Delhi,15-11-2023
C107852,Siddharth Awasthi,31,Salaried-Private,75100,699,8.5,Kolkata,05-01-2023
C107853,Naina Chaurasia,44,Salaried-Private,64500,756,16.8,Bengaluru,25-06-2023
C107854,Alok Bansal,53,Student,22100,695,16.5,Kolkata,13-07-2023
C107855,Atharv Ghosh,57,Self-Employed,98300,778,8.2,Bengaluru,02-07-2023
C107856,Vikram Awasthi,25,Salaried-Private,41300,687,2.9,Lucknow,12-01-2025
C107857,Seema Nair,27,Salaried-Private,82600,714,5.2,Lucknow,01-05-2025
C107858,Meera Shukla,25,Freelancer,43300,718,3.4,Indore,10-02-2024
C107859,Kabir Mehta,61,Self-Employed,118300,848,28,Nagpur,28-03-2023
C107860,Naina Joshi,49,Self-Employed,55700,736,18.3,Lucknow,13-05-2025
C107861,Vishal Desai,44,Student,21800,577,6.5,Delhi,01-10-2024
C107862,Priya Tiwari,55,Salaried-Private,50500,642,8.8,Jaipur,08-01-2025
C107863,Sanjay Tiwari,46,Salaried-Private,116000,745,9.6,Delhi,13-04-2023
C107864,Amit Das,31,Self-Employed,47200,787,5.9,Lucknow,10-05-2023
C107865,Isha Sen,43,Student,20200,625,18.5,Chennai,23-05-2023
C107866,Rajesh Chauhan,51,Salaried-Private,59800,868,24.3,Kolkata,16-06-2025
C107867,Saanvi Mukherjee,22,Business Owner,111300,710,0.4,Surat,21-10-2024
C107868,Pari Kapoor,47,Salaried-Private,64600,723,11.9,Ahmedabad,22-01-2025
C107869,Nidhi Pandey,42,Salaried-Private,41600,585,8.8,Pune,20-07-2024
C107870,Pratibha Nair,24,Student,8000,770,1.7,Ahmedabad,14-11-2023
C107871,Vishal Bose,32,Salaried-Private,109600,660,8.4,Chennai,15-11-2023
C107872,Mohit Kumar,40,Salaried-Private,64100,629,14.2,Hyderabad,28-03-2023
C107873,Usha Singh,36,Freelancer,8000,655,12.3,Delhi,09-08-2023
C107874,Usha Saxena,33,Salaried-Government,72000,801,6.8,Mumbai,05-08-2024
C107875,Vikram Awasthi,49,Salaried-Government,86900,730,18.5,Ahmedabad,12-01-2024
C107876,Shreya Nair,38,Freelancer,39400,614,14.8,Surat,04-05-2024
C107877,Vikram Shah,42,Salaried-Private,49200,644,14.1,Mumbai,24-02-2025
C107878,Kabir Singh,56,Business Owner,101400,807,11.1,Kolkata,24-04-2023
C107879,Sachin Mehta,25,Salaried-Private,80700,673,1.7,Surat,15-10-2024
C107880,Ankita Pandey,36,Salaried-Private,63000,734,3.8,Bhopal,27-05-2025
C107881,Tara Mukherjee,24,Business Owner,136000,764,0.8,Bhopal,18-03-2025
C107882,Abhishek Patel,61,Salaried-Private,93600,420,21.8,Jaipur,27-06-2023
C107883,Rajesh Shah,29,Student,10800,782,5.7,Nagpur,16-09-2023
C107884,Pooja Chatterjee,57,Student,17900,614,12,Indore,09-07-2024
C107885,Aditya Tiwari,29,Freelancer,43600,657,3.4,Chennai,23-02-2024
C107886,Alok Yadav,35,Salaried-Private,71100,813,6.1,Ahmedabad,04-08-2024
C107887,Tara Iyer,47,Salaried-Private,66600,805,20.5,Bhopal,23-08-2024
C107888,Hemant Singh,57,Student,24600,723,11.8,Lucknow,19-05-2023
C107889,Manish Reddy,28,Salaried-Government,82300,750,1.6,Kolkata,22-02-2025
C107890,Divya Sharma,30,Business Owner,108600,774,5.7,Kolkata,12-04-2023
C107891,Tarun Yadav,59,Freelancer,54800,802,21.6,Chennai,02-07-2024
C107892,Shaurya Malhotra,35,Salaried-Private,71000,815,2.8,Kolkata,12-04-2025
C107893,Sneha Reddy,30,Salaried-Private,103300,704,6.6,Delhi,13-02-2023
C107894,Vikram Chauhan,53,Self-Employed,43000,627,15.9,Bhopal,20-01-2024
C107895,Dinesh Jain,25,Self-Employed,79300,671,2.3,Ahmedabad,06-02-2024
C107896,Nikhil Tripathi,59,Salaried-Private,106800,706,25.4,Pune,10-01-2024
C107897,Karan Bhatia,59,Self-Employed,53000,683,9,Indore,13-02-2025
C107898,Alok Tiwari,58,Freelancer,74800,610,11.9,Nagpur,04-03-2023
C107899,Harsh Patel,33,Salaried-Government,90300,728,6.3,Nagpur,10-12-2024
C107900,Mohit Srivastava,26,Salaried-Private,27500,558,1.6,Bhopal,14-01-2023
C107901,Karan Shah,39,Business Owner,118000,704,5.1,Ahmedabad,10-05-2025
C107902,Tushar Dubey,35,Freelancer,45300,698,6,Chandigarh,31-05-2025
C107903,Shweta Shukla,63,Retired,49100,696,20.9,Chandigarh,03-11-2024
C107904,Kabir Tiwari,48,Salaried-Private,59300,756,21.5,Surat,25-01-2025
C107905,Sanjay Sharma,62,Student,28600,741,25.3,Hyderabad,26-05-2023
C107906,Akash Chauhan,54,Freelancer,55400,866,28.1,Hyderabad,16-05-2023
C107907,Raj Das,52,Business Owner,85600,651,16.1,Chandigarh,01-07-2023
C107908,Lalit Chauhan,25,Salaried-Private,47700,709,2.1,Mumbai,09-11-2023
C107909,Hemant Das,24,Salaried-Private,49400,704,1.3,Mumbai,08-11-2023
C107910,Aditya Mittal,23,Self-Employed,40900,699,0.5,Lucknow,29-05-2023
C107911,Rahul Singh,47,Salaried-Private,56000,587,8.3,Ahmedabad,14-04-2023
C107912,Dinesh Dutta,29,Salaried-Private,60600,594,2,Indore,05-01-2025
C107913,Abhishek Reddy,64,Student,26700,684,29.8,Chandigarh,15-09-2024
C107914,Usha Rao,26,Salaried-Private,81100,566,2.2,Hyderabad,07-01-2025
C107915,Arjun Mehta,62,Student,25400,657,9.1,Pune,19-11-2023
C107916,Akash Reddy,50,Self-Employed,66200,638,21.1,Hyderabad,06-02-2025
C107917,Karan Roy,25,Freelancer,29400,660,1.5,Delhi,26-06-2023
C107918,Rajesh Chaurasia,23,Salaried-Private,61700,779,1.7,Chennai,17-11-2024
C107919,Deepak Krishnan,38,Self-Employed,70000,604,13.2,Nagpur,01-08-2023
C107920,Anjali Kapoor,35,Self-Employed,69600,760,5.8,Nagpur,10-04-2024
C107921,Lalit Dutta,34,Student,14200,636,4.7,Chennai,26-04-2025
C107922,Aditya Gupta,44,Salaried-Private,74600,655,20.6,Kolkata,21-03-2023
C107923,Ishaan Mittal,26,Salaried-Private,62400,726,3.9,Mumbai,23-11-2024
C107924,Ravi Ghosh,26,Student,9700,659,4.2,Bengaluru,17-05-2024
C107925,Usha Agarwal,51,Salaried-Private,51000,616,6.4,Ahmedabad,17-10-2023
C107926,Arjun Gupta,64,Self-Employed,68500,660,26.6,Ahmedabad,26-05-2025
C107927,Diya Patel,33,Salaried-Private,76800,549,4.6,Lucknow,05-12-2024
C107928,Ramesh Mehta,62,Salaried-Private,62900,719,19,Pune,18-01-2025
C107929,Nikhil Sen,36,Self-Employed,39700,437,4,Pune,08-04-2025
C107930,Pooja Chatterjee,35,Self-Employed,99400,765,10.1,Chandigarh,09-02-2025
C107931,Ruchi Das,24,Self-Employed,44600,735,1.7,Indore,23-11-2024
C107932,Vijay Saxena,39,Salaried-Government,68500,818,13.6,Surat,06-06-2023
C107933,Usha Dubey,42,Business Owner,112100,871,5.9,Hyderabad,18-12-2023
C107934,Ritika Ghosh,50,Retired,44600,761,26,Ahmedabad,19-12-2023
C107935,Anjali Bansal,27,Salaried-Private,8000,631,2.7,Jaipur,09-06-2023
C107936,Anjali Bose,29,Salaried-Private,66000,863,6.9,Chennai,22-09-2023
C107937,Simran Mukherjee,40,Salaried-Private,89100,597,12.8,Delhi,10-12-2024
C107938,Alok Chaurasia,24,Freelancer,57800,536,0.8,Bhopal,11-06-2024
C107939,Reyansh Das,27,Salaried-Private,14900,830,4.5,Delhi,19-02-2023
C107940,Sanjay Sharma,48,Business Owner,166900,753,16,Delhi,31-08-2024
C107941,Manish Mukherjee,62,Salaried-Government,47700,537,13.6,Bengaluru,16-09-2023
C107942,Manoj Kumar,46,Self-Employed,50100,579,8.3,Mumbai,19-02-2023
C107943,Raj Menon,27,Freelancer,58900,732,5.2,Hyderabad,11-03-2023
C107944,Pallavi Mehta,64,Self-Employed,94100,624,38.7,Delhi,20-03-2023
C107945,Pankaj Khanna,43,Salaried-Government,71100,632,13.3,Surat,10-08-2023
C107946,Isha Roy,52,Salaried-Private,56000,845,10.3,Indore,06-08-2024
C107947,Manish Pandey,29,Self-Employed,101100,867,3.5,Bhopal,11-10-2023
C107948,Simran Mehta,46,Salaried-Private,64200,701,8.7,Jaipur,03-03-2025
C107949,Manoj Dubey,24,Freelancer,20100,670,1.9,Bhopal,24-11-2023
C107950,Pranav Joshi,48,Salaried-Government,98400,766,13,Ahmedabad,19-02-2023
C107951,Sanya Joshi,29,Salaried-Private,62600,644,3.7,Surat,09-05-2023
C107952,Arjun Mukherjee,61,Salaried-Private,93300,515,30.4,Chennai,31-07-2023
C107953,Sanya Chatterjee,23,Self-Employed,80500,471,1.7,Ahmedabad,06-07-2024
C107954,Kavya Nair,49,Student,26600,678,9.5,Delhi,26-04-2024
C107955,Pooja Mishra,27,Salaried-Private,51200,758,2.9,Hyderabad,16-05-2025
C107956,Seema Nair,51,Salaried-Private,67300,691,17.3,Delhi,05-05-2023
C107957,Aarav Srivastava,42,Salaried-Government,84700,757,7.8,Chennai,14-04-2023
C107958,Pankaj Garg,63,Retired,46200,759,20.2,Lucknow,26-04-2024
C107959,Meera Mittal,49,Freelancer,68000,801,6.7,Ahmedabad,01-10-2024
C107960,Varun Khanna,37,Salaried-Private,8000,696,3.7,Indore,02-01-2024
C107961,Priya Joshi,24,Self-Employed,65500,711,2.3,Surat,12-06-2023
C107962,Pratibha Mishra,47,Freelancer,52800,684,11.4,Nagpur,22-01-2024
C107963,Tushar Mukherjee,40,Freelancer,49400,666,13.2,Jaipur,01-08-2024
C107964,Saanvi Mehta,23,Salaried-Government,42000,560,0.5,Lucknow,01-03-2024
C107965,Nikhil Rao,46,Business Owner,127000,792,16.7,Chandigarh,28-05-2023
C107966,Manoj Garg,30,Self-Employed,57500,657,5.9,Bengaluru,22-02-2023
C107967,Suresh Dubey,31,Salaried-Private,63000,654,7.8,Delhi,10-03-2025
C107968,Varun Menon,21,Salaried-Private,54300,644,0,Ahmedabad,31-10-2023
C107969,Shreya Yadav,37,Salaried-Government,77900,584,9.4,Delhi,22-01-2023
C107970,Ankita Dubey,30,Salaried-Private,87200,686,7.5,Nagpur,13-01-2024
C107971,Akash Nair,24,Salaried-Government,66000,731,1.1,Nagpur,15-07-2023
C107972,Saanvi Naidu,40,Freelancer,65100,633,5.5,Bengaluru,06-07-2023
C107973,Aditya Sen,30,Freelancer,49900,770,4,Chennai,12-08-2024
C107974,Isha Dutta,26,Salaried-Private,46900,657,4.4,Hyderabad,24-08-2024
C107975,Ramesh Khanna,41,Salaried-Private,60200,566,6.2,Nagpur,29-08-2024
C107976,Atharv Singh,23,Business Owner,79700,801,0.6,Bhopal,05-03-2025
C107977,Nikhil Joshi,64,Salaried-Government,90200,709,38.6,Chennai,16-02-2024
C107978,Geeta Sharma,41,Salaried-Private,65100,758,9.5,Chandigarh,26-10-2024
C107979,Geeta Joshi,64,Freelancer,48500,758,13.1,Mumbai,09-08-2023
C107980,Ananya Verma,59,Salaried-Private,65800,614,22.5,Bengaluru,09-08-2024
C107981,Ravi Chatterjee,64,Salaried-Private,41700,644,9,Kolkata,13-07-2024
C107982,Sachin Menon,44,Business Owner,91300,776,11.5,Chennai,25-11-2023
C107983,Harsh Verma,39,Self-Employed,73200,837,4.1,Bengaluru,11-06-2025
C107984,Vivaan Reddy,52,Salaried-Government,112700,701,18.5,Kolkata,18-04-2025
C107985,Manish Dutta,24,Business Owner,132400,649,1.9,Indore,29-07-2024
C107986,Ajay Verma,57,Student,19500,817,7.3,Kolkata,21-06-2023
C107987,Pallavi Patel,35,Salaried-Private,64600,639,7.8,Ahmedabad,10-06-2023
C107988,Akash Bhatia,21,Self-Employed,71300,717,0,Delhi,03-08-2024
C107989,Simran Verma,31,Salaried-Private,54400,653,4.8,Ahmedabad,04-04-2025
C107990,Vijay Verma,31,Salaried-Government,60800,710,8.7,Bhopal,27-05-2023
C107991,Shaurya Iyer,21,Salaried-Government,52700,612,0,Pune,04-10-2024
C107992,Swati Pillai,50,Salaried-Government,113300,667,10.7,Bhopal,01-06-2024
C107993,Ravi Roy,25,Salaried-Private,48300,637,2.4,Delhi,23-06-2024
C107994,Akash Singh,58,Freelancer,64300,742,28.9,Surat,11-05-2023
C107995,Rohan Saxena,40,Salaried-Government,12500,694,13.2,Surat,09-06-2023
C107996,Abhishek Sharma,52,Student,23100,753,22.7,Chennai,01-02-2024
C107997,Aditya Dubey,35,Salaried-Government,92200,627,5.4,Bengaluru,25-09-2023
C107998,Ajay Gupta,26,Freelancer,29200,667,4.2,Lucknow,25-07-2024
C107999,Pari Mishra,28,Self-Employed,56500,738,2.6,Surat,05-03-2024
C108000,Dinesh Dutta,49,Salaried-Government,81600,760,18.2,Pune,24-07-2024
C108001,Rajesh Patel,52,Business Owner,101000,579,25.4,Ahmedabad,20-06-2024
C108002,Amit Chauhan,32,Freelancer,55900,713,5,Indore,15-05-2025
C108003,Vishal Rao,36,Salaried-Government,60200,623,8.8,Bhopal,13-11-2023
C108004,Siddharth Verma,62,Salaried-Government,117900,770,28,Pune,01-12-2023
C108005,Sanjay Rao,58,Self-Employed,64700,838,31.4,Kolkata,06-08-2024
C108006,Meera Saxena,39,Self-Employed,137800,491,9.2,Ahmedabad,22-05-2024
C108007,Tarun Singh,31,Salaried-Government,91800,641,6.2,Indore,29-05-2023
C108008,Aarav Sharma,34,Freelancer,62500,710,3.9,Kolkata,17-08-2023
C108009,Amit Mittal,44,Salaried-Government,46800,686,5.7,Mumbai,08-01-2025
C108010,Lalit Sen,45,Salaried-Government,90100,768,5.2,Delhi,21-03-2023
C108011,Pratibha Tripathi,29,Self-Employed,83700,698,4.3,Lucknow,04-06-2023
C108012,Aarav Roy,23,Retired,8400,638,1.2,Mumbai,10-10-2024
C108013,Dinesh Naidu,42,Salaried-Private,35300,603,5.5,Jaipur,10-05-2025
C108014,Jyoti Kapoor,56,Salaried-Private,76200,596,11.4,Jaipur,06-02-2025
C108015,Mayank Roy,27,Salaried-Private,54700,628,2.3,Bengaluru,14-10-2024
C108016,Kavya Das,38,Business Owner,78300,646,14,Surat,10-09-2023
C108017,Divya Joshi,28,Salaried-Government,87000,723,1.9,Delhi,24-11-2024
C108018,Shaurya Chatterjee,31,Salaried-Government,45100,674,5.4,Indore,08-12-2023
C108019,Ravi Roy,47,Salaried-Private,56300,636,19.6,Chandigarh,23-10-2023
C108020,Seema Saxena,33,Student,11100,600,9.7,Bengaluru,09-09-2023
C108021,Sneha Ghosh,32,Salaried-Government,76100,635,7.5,Pune,08-10-2023
C108022,Neha Ghosh,64,Self-Employed,41900,641,16.6,Indore,24-07-2024
C108023,Aisha Saxena,28,Salaried-Private,47800,627,2,Delhi,02-01-2025
C108024,Ananya Chauhan,29,Salaried-Private,23700,737,2.5,Chennai,19-08-2024
C108025,Shreya Menon,61,Salaried-Private,64700,799,29.6,Lucknow,20-01-2025
C108026,Vishal Jain,45,Salaried-Government,86000,598,9.8,Kolkata,30-08-2023
C108027,Amit Reddy,22,Salaried-Government,77200,781,0.4,Chennai,10-06-2024
C108028,Tarun Tripathi,39,Salaried-Private,47600,742,5.8,Bengaluru,04-09-2024
C108029,Pranav Gupta,45,Salaried-Private,75300,705,12.1,Chennai,13-12-2023
C108030,Pranav Yadav,32,Salaried-Private,55700,810,4.8,Ahmedabad,11-12-2024
C108031,Arjun Yadav,45,Salaried-Government,100000,681,10.8,Delhi,18-05-2024
C108032,Sneha Singh,49,Salaried-Private,63600,721,6.3,Surat,31-08-2023
C108033,Varun Reddy,32,Salaried-Private,8000,691,5.8,Ahmedabad,25-09-2024
C108034,Saanvi Garg,56,Salaried-Private,86900,696,9.7,Hyderabad,18-02-2023
C108035,Sanjay Mishra,40,Business Owner,80900,728,10.9,Indore,10-12-2024
C108036,Meera Ghosh,63,Student,24200,687,28.1,Bhopal,25-06-2023
C108037,Isha Krishnan,24,Self-Employed,75300,728,1.7,Bhopal,10-02-2024
C108038,Sneha Verma,35,Salaried-Private,32100,631,4.2,Nagpur,07-11-2024
C108039,Vikram Kapoor,52,Retired,46300,635,19.6,Chennai,15-12-2024
C108040,Manoj Chatterjee,60,Retired,55000,634,19.1,Pune,18-11-2023
C108041,Siddharth Kumar,30,Salaried-Government,72100,661,4.1,Chennai,01-08-2024
C108042,Vikram Roy,64,Salaried-Private,60200,770,13.1,Hyderabad,18-03-2023
C108043,Vijay Rao,29,Business Owner,122900,661,7.2,Bhopal,29-01-2025
C108044,Aditya Chatterjee,39,Retired,28200,736,8.5,Pune,09-08-2023
C108045,Sanjay Mishra,34,Freelancer,39200,707,6.8,Chandigarh,22-12-2024
C108046,Komal Das,39,Self-Employed,69900,655,4.8,Nagpur,02-04-2024
C108047,Meera Joshi,60,Self-Employed,88700,798,26.2,Hyderabad,06-01-2024
C108048,Tara Desai,53,Retired,41900,745,12.7,Chennai,01-11-2023
C108049,Dev Chauhan,56,Salaried-Private,93600,694,25.1,Indore,23-11-2024
C108050,Suresh Tiwari,32,Salaried-Private,65300,683,2.7,Ahmedabad,30-09-2023
C108051,Vikram Krishnan,62,Freelancer,61600,696,16.7,Indore,28-06-2024
C108052,Raj Shukla,40,Salaried-Private,67800,567,13.7,Jaipur,20-01-2023
C108053,Swati Dubey,49,Salaried-Government,87800,627,13.4,Pune,20-08-2024
C108054,Pari Gupta,51,Salaried-Private,71800,727,6.7,Ahmedabad,26-04-2023
C108055,Sanya Dutta,50,Salaried-Private,30400,557,21.8,Indore,24-07-2023
C108056,Simran Malhotra,47,Salaried-Private,87200,633,22.8,Mumbai,14-10-2024
C108057,Harsh Garg,42,Self-Employed,77300,660,9.7,Surat,27-11-2024
C108058,Aisha Mishra,49,Salaried-Government,86800,900,17.8,Bhopal,06-04-2023
C108059,Tarun Pillai,60,Self-Employed,71900,744,18,Indore,15-04-2023
C108060,Vivaan Pillai,38,Salaried-Private,25300,771,10,Jaipur,18-04-2023
C108061,Dev Sharma,43,Student,10200,617,15.8,Pune,25-06-2023
C108062,Manish Kumar,28,Self-Employed,46100,715,4.5,Nagpur,15-08-2023
C108063,Sneha Rao,36,Retired,45200,545,6.3,Pune,12-11-2023
C108064,Manish Pandey,54,Salaried-Government,102300,668,11.1,Pune,12-04-2024
C108065,Abhishek Chaurasia,49,Salaried-Private,72200,731,16.3,Kolkata,16-11-2024
C108066,Ishaan Mishra,30,Freelancer,30800,571,6,Kolkata,16-03-2023
C108067,Aarav Mehta,45,Freelancer,41100,717,14.5,Hyderabad,09-01-2024
C108068,Dev Gupta,56,Salaried-Private,96200,732,10.1,Pune,01-02-2023
C108069,Dinesh Mukherjee,26,Self-Employed,36500,637,2.2,Jaipur,10-07-2024
C108070,Rohan Pandey,23,Business Owner,156100,636,1.4,Delhi,23-03-2025
C108071,Geeta Tiwari,38,Salaried-Private,99300,637,5.1,Kolkata,05-04-2025
C108072,Divya Patel,49,Self-Employed,128400,671,22.9,Lucknow,03-03-2023
C108073,Vishal Gupta,34,Salaried-Private,67800,664,6.8,Bengaluru,03-10-2024
C108074,Ishaan Yadav,57,Salaried-Private,62600,730,27.1,Hyderabad,16-12-2024
C108075,Dev Garg,58,Student,24100,640,16.2,Indore,18-01-2025
C108076,Sunita Krishnan,44,Salaried-Government,89700,821,10.4,Indore,12-02-2023
C108077,Aarav Kumar,37,Freelancer,40000,813,14,Delhi,01-05-2023
C108078,Nikhil Bansal,22,Business Owner,53200,706,0.6,Mumbai,02-12-2023
C108079,Varun Chaurasia,57,Retired,44000,659,9.8,Indore,24-02-2023
C108080,Rahul Mukherjee,60,Salaried-Government,59100,646,33.9,Nagpur,06-11-2023
C108081,Raj Chaurasia,40,Salaried-Government,95400,719,8.8,Jaipur,06-08-2023
C108082,Shreya Singh,43,Salaried-Private,51500,727,15.3,Bhopal,11-02-2025
C108083,Ishaan Mittal,54,Self-Employed,81500,676,9.6,Kolkata,18-03-2025
C108084,Simran Yadav,51,Salaried-Government,94100,662,24,Chennai,19-09-2023
C108085,Rohan Srivastava,26,Business Owner,131000,727,4.4,Bhopal,18-10-2024
C108086,Nidhi Saxena,50,Salaried-Government,76700,697,13.6,Kolkata,21-01-2023
C108087,Suresh Pillai,61,Salaried-Private,78700,646,12.1,Ahmedabad,09-12-2023
C108088,Ankita Dubey,54,Student,18400,691,19.5,Jaipur,01-04-2025
C108089,Pallavi Menon,42,Freelancer,68800,641,6.6,Chennai,30-03-2025
C108090,Vishal Desai,44,Salaried-Government,97500,634,11.7,Chennai,14-12-2023
C108091,Lalit Pillai,32,Business Owner,32500,684,7,Bengaluru,12-08-2024
C108092,Reyansh Das,50,Salaried-Government,110900,650,8.6,Delhi,15-02-2023
C108093,Naina Mukherjee,31,Freelancer,36800,626,8.6,Lucknow,21-12-2024
C108094,Komal Kumar,36,Salaried-Government,79600,775,10.4,Ahmedabad,08-08-2023
C108095,Sneha Das,32,Self-Employed,72300,659,5,Bhopal,21-03-2023
C108096,Alok Chauhan,35,Salaried-Private,59400,836,6.9,Jaipur,27-04-2024
C108097,Vishal Desai,37,Salaried-Private,57300,738,12.7,Kolkata,18-01-2025
C108098,Kavya Dubey,24,Freelancer,29300,618,1.6,Nagpur,15-07-2024
C108099,Sneha Pillai,52,Salaried-Government,84400,785,27.6,Chennai,16-03-2024
C108100,Varun Pandey,40,Salaried-Private,56900,631,4.6,Bhopal,01-09-2023
C108101,Vivaan Sharma,62,Salaried-Private,45200,844,16,Nagpur,18-03-2023
C108102,Amit Bose,28,Salaried-Government,40500,704,3.9,Jaipur,30-01-2023
C108103,Dev Chatterjee,50,Business Owner,58200,732,8.6,Surat,05-02-2023
C108104,Hemant Tripathi,28,Salaried-Government,51800,690,3.1,Bhopal,06-11-2023
C108105,Nikhil Pillai,45,Business Owner,113100,718,13.5,Jaipur,24-05-2024
C108106,Usha Joshi,42,Student,14500,663,8,Ahmedabad,08-01-2023
C108107,Sunita Joshi,40,Salaried-Private,82100,618,6,Chandigarh,12-06-2024
C108108,Alok Garg,49,Freelancer,53300,715,10.9,Indore,20-10-2024
C108109,Tara Shukla,57,Salaried-Private,63600,771,9.3,Pune,13-06-2023
C108110,Swati Mittal,34,Salaried-Government,66100,594,4.4,Ahmedabad,02-02-2024
C108111,Amit Yadav,58,Salaried-Private,97700,817,9,Chandigarh,04-10-2023
C108112,Swati Chaurasia,29,Salaried-Private,30800,732,6.9,Lucknow,03-12-2024
C108113,Pallavi Kumar,33,Salaried-Private,92900,658,3.8,Pune,21-12-2023
C108114,Kabir Ghosh,34,Salaried-Private,79400,655,2.6,Lucknow,12-12-2024
C108115,Ajay Pillai,62,Freelancer,60100,838,35.7,Hyderabad,10-01-2023
C108116,Sanya Pillai,26,Self-Employed,96400,769,3.7,Bengaluru,24-03-2025
C108117,Gaurav Rao,38,Student,14100,773,6.6,Hyderabad,23-05-2025
C108118,Ramesh Saxena,39,Self-Employed,80100,671,14.7,Nagpur,06-09-2024
C108119,Sanjay Krishnan,56,Self-Employed,67000,734,28.4,Indore,16-01-2025
C108120,Nidhi Tiwari,42,Salaried-Private,82700,720,15.1,Delhi,07-10-2024
C108121,Vishal Tiwari,63,Self-Employed,65800,675,25.8,Bhopal,14-08-2023
C108122,Ananya Dutta,53,Salaried-Government,72200,699,19.5,Pune,10-05-2023
C108123,Naina Bhatia,51,Student,22300,772,26.3,Hyderabad,29-01-2025
C108124,Ankita Chatterjee,54,Student,24600,811,17.3,Chennai,01-01-2023
C108125,Rohan Bansal,28,Salaried-Private,41400,666,5.4,Delhi,02-07-2024
C108126,Mayank Ghosh,40,Self-Employed,91700,588,5.3,Hyderabad,22-01-2023
C108127,Shreya Mittal,46,Self-Employed,52400,819,17.3,Bengaluru,10-06-2023
C108128,Pranav Khanna,30,Self-Employed,18000,815,8,Bengaluru,21-10-2023
C108129,Priya Tripathi,26,Salaried-Private,42000,718,1,Chennai,11-12-2024
C108130,Sneha Khanna,26,Business Owner,116700,840,1.9,Indore,30-03-2023
C108131,Tarun Yadav,55,Freelancer,57400,714,25.5,Surat,28-03-2023
C108132,Pratibha Nair,49,Salaried-Private,55500,615,20,Bengaluru,03-08-2023
C108133,Saanvi Sharma,33,Self-Employed,72100,585,8.6,Surat,17-01-2024
C108134,Nikhil Pandey,53,Salaried-Private,68200,584,28.4,Indore,26-09-2023
C108135,Reyansh Rao,51,Student,22100,683,8,Delhi,09-11-2024
C108136,Manish Singh,56,Salaried-Private,36800,648,23.5,Hyderabad,13-03-2024
C108137,Sanjay Malhotra,61,Salaried-Private,69000,644,26,Ahmedabad,18-03-2025
C108138,Gaurav Rao,59,Salaried-Private,72700,682,13.1,Bengaluru,08-03-2025
C108139,Sanjay Yadav,28,Freelancer,25000,752,2.4,Kolkata,16-09-2023
C108140,Arjun Yadav,54,Business Owner,57100,644,21.6,Surat,31-10-2024
C108141,Nidhi Krishnan,38,Salaried-Private,54500,630,11.2,Hyderabad,27-06-2024
C108142,Nikhil Awasthi,38,Salaried-Private,62000,650,10.5,Hyderabad,28-07-2024
C108143,Nidhi Dubey,49,Freelancer,55400,761,14.7,Lucknow,27-01-2025
C108144,Anjali Chauhan,47,Salaried-Government,58700,683,17.7,Jaipur,18-06-2023
C108145,Aditya Chaurasia,39,Salaried-Private,50300,709,7.7,Jaipur,18-02-2025
C108146,Simran Sen,64,Retired,45500,811,15.7,Mumbai,28-05-2024
C108147,Vishal Tripathi,28,Salaried-Private,63800,900,4.3,Lucknow,04-01-2023
C108148,Tarun Gupta,25,Self-Employed,97500,745,2.5,Jaipur,25-12-2023
C108149,Ajay Tripathi,22,Salaried-Private,11000,724,0.8,Lucknow,27-03-2023
C108150,Tarun Sen,56,Business Owner,121900,603,17.2,Chennai,25-10-2023
C108151,Mayank Dubey,38,Freelancer,49000,716,12.5,Indore,20-06-2023
C108152,Varun Reddy,40,Salaried-Government,79700,696,16,Mumbai,12-08-2024
C108153,Gaurav Joshi,49,Business Owner,137100,771,13.9,Lucknow,12-01-2023
C108154,Shaurya Mittal,40,Student,13600,650,11,Mumbai,19-03-2023
C108155,Rahul Rao,46,Freelancer,69100,706,20.9,Bhopal,15-03-2025
C108156,Nikhil Patel,23,Salaried-Government,33700,733,0.8,Bhopal,31-12-2023
C108157,Aditya Awasthi,27,Salaried-Government,65700,841,4.2,Kolkata,01-03-2023
C108158,Shaurya Tripathi,62,Student,23900,808,24.8,Jaipur,05-12-2024
C108159,Alok Desai,40,Salaried-Private,63500,790,9.3,Hyderabad,03-04-2025
C108160,Hemant Shah,28,Salaried-Private,38000,743,5.6,Mumbai,19-10-2023
C108161,Vikram Krishnan,37,Salaried-Private,70100,656,5,Delhi,03-10-2023
C108162,Ankita Jain,35,Freelancer,75000,749,3.1,Hyderabad,24-05-2024
C108163,Riya Shah,33,Salaried-Private,40400,624,4.1,Kolkata,08-03-2023
C108164,Sanjay Naidu,33,Salaried-Private,63600,673,9.8,Bengaluru,10-06-2025
C108165,Dinesh Chauhan,53,Self-Employed,99300,837,14.1,Chandigarh,07-12-2023
C108166,Reyansh Mukherjee,25,Salaried-Private,50700,730,2.7,Lucknow,17-08-2023
C108167,Tarun Naidu,34,Salaried-Private,87400,711,4.7,Jaipur,17-10-2024
C108168,Arjun Desai,41,Salaried-Government,59000,717,10.9,Surat,19-12-2023
C108169,Rahul Bhatia,44,Salaried-Private,61900,681,13,Mumbai,02-05-2023
C108170,Vivaan Das,59,Retired,36300,512,14.1,Hyderabad,29-02-2024
C108171,Pankaj Chauhan,61,Salaried-Private,73500,589,18.8,Hyderabad,08-05-2025
C108172,Rohan Naidu,34,Freelancer,49200,736,5,Mumbai,19-03-2024
C108173,Ajay Jain,44,Salaried-Government,83700,618,6.2,Ahmedabad,09-06-2023
C108174,Suresh Chatterjee,21,Salaried-Private,42300,677,0,Pune,19-07-2023
C108175,Manoj Jain,48,Salaried-Private,52200,589,16.1,Ahmedabad,19-03-2025
C108176,Rohan Reddy,27,Self-Employed,79500,634,1.6,Lucknow,23-11-2024
C108177,Siddharth Menon,24,Salaried-Government,92400,693,1.4,Lucknow,13-01-2023
C108178,Komal Tripathi,50,Salaried-Private,79200,765,15.2,Chennai,15-07-2023
C108179,Divya Shukla,28,Retired,58000,778,6,Bengaluru,24-10-2024
C108180,Sneha Das,42,Salaried-Government,81100,633,13.2,Pune,28-09-2023
C108181,Siddharth Mukherjee,25,Student,11400,706,3.4,Pune,13-03-2024
C108182,Amit Dutta,53,Salaried-Private,81400,578,18.1,Delhi,27-02-2025
C108183,Komal Khanna,54,Salaried-Private,98000,699,25.2,Jaipur,21-11-2024
C108184,Pratibha Khanna,46,Self-Employed,105700,772,6.7,Pune,28-08-2024
C108185,Vikram Verma,57,Salaried-Private,47700,681,21.4,Nagpur,14-08-2024
C108186,Pallavi Tripathi,40,Salaried-Private,78600,797,8.5,Bengaluru,10-08-2023
C108187,Gaurav Garg,29,Salaried-Private,63500,756,5.7,Indore,25-06-2023
C108188,Pallavi Menon,27,Salaried-Private,53500,707,4.9,Pune,06-01-2025
C108189,Neha Chauhan,30,Freelancer,19200,662,6.3,Pune,14-02-2023
C108190,Sachin Rao,29,Salaried-Private,27400,641,2.1,Hyderabad,06-08-2024
C108191,Akash Agarwal,35,Retired,34200,568,8.9,Pune,30-12-2023
C108192,Jyoti Iyer,30,Salaried-Private,29300,580,6.5,Mumbai,25-01-2023
C108193,Abhishek Ghosh,47,Salaried-Government,63300,769,5.7,Nagpur,05-06-2024
C108194,Lalit Rao,27,Salaried-Government,78600,812,1.9,Pune,30-04-2023
C108195,Varun Verma,48,Self-Employed,62900,602,18.3,Bhopal,03-02-2025
C108196,Vikram Roy,35,Student,14100,687,5.9,Chandigarh,12-08-2023
C108197,Pankaj Pillai,51,Freelancer,38900,559,7.3,Lucknow,01-08-2023
C108198,Ramesh Mishra,43,Salaried-Private,69800,612,18.1,Pune,01-09-2024
C108199,Nitin Shukla,60,Salaried-Government,87300,713,33.8,Surat,29-09-2023
C108200,Rahul Dutta,40,Freelancer,28800,642,8.8,Pune,27-11-2023
C108201,Ravi Srivastava,33,Salaried-Private,44800,533,10.7,Lucknow,02-11-2023
C108202,Aisha Dutta,46,Self-Employed,45600,824,20,Bhopal,31-03-2024
C108203,Varun Jain,49,Salaried-Private,76400,687,16.5,Lucknow,13-10-2024
C108204,Nikhil Khanna,40,Salaried-Government,71700,602,13.7,Ahmedabad,01-12-2024
C108205,Geeta Mittal,45,Salaried-Government,69000,700,20.5,Bhopal,24-04-2023
C108206,Pratibha Dutta,41,Salaried-Government,65700,683,14.2,Mumbai,27-02-2024
C108207,Vivaan Garg,34,Student,14400,715,5.7,Lucknow,14-04-2024
C108208,Vikram Chatterjee,34,Self-Employed,79400,664,4.4,Bhopal,06-05-2025
C108209,Vikram Rao,60,Student,22400,708,19.6,Surat,15-06-2024
C108210,Gaurav Mehta,50,Business Owner,79300,767,9.6,Kolkata,16-01-2025
C108211,Pranav Dubey,25,Salaried-Government,60800,583,0.9,Nagpur,14-04-2024
C108212,Sanya Chauhan,63,Salaried-Government,73100,635,21.8,Mumbai,08-04-2024
C108213,Jyoti Patel,52,Salaried-Government,118200,764,13.3,Nagpur,04-05-2024
C108214,Karan Mittal,23,Freelancer,38700,641,0.5,Chennai,29-03-2023
C108215,Shreya Chauhan,53,Salaried-Private,73600,684,25.9,Ahmedabad,26-01-2024
C108216,Geeta Singh,46,Student,19600,645,7.2,Chennai,02-05-2025
C108217,Reyansh Chauhan,61,Self-Employed,115600,664,25.7,Nagpur,06-06-2025
C108218,Neha Reddy,42,Self-Employed,54900,648,12.6,Pune,06-06-2023
C108219,Ravi Roy,43,Self-Employed,107000,595,19.5,Pune,10-02-2024
C108220,Priya Malhotra,34,Self-Employed,67700,726,4.9,Surat,03-01-2025
C108221,Priya Rao,35,Business Owner,173600,791,5.1,Hyderabad,23-01-2025
C108222,Rahul Naidu,48,Business Owner,110400,682,17.3,Pune,31-07-2024
C108223,Varun Naidu,57,Salaried-Private,44800,762,21.3,Hyderabad,13-05-2024
C108224,Aarav Chaurasia,60,Self-Employed,76900,652,30,Lucknow,27-02-2025
C108225,Pari Rao,54,Salaried-Government,103100,651,10.6,Delhi,04-07-2024
C108226,Nidhi Menon,47,Self-Employed,78400,724,10.7,Surat,14-12-2024
C108227,Jyoti Desai,43,Self-Employed,73400,725,4.5,Pune,01-01-2025
C108228,Ritika Reddy,35,Salaried-Private,75000,682,9.9,Delhi,29-08-2023
C108229,Pranav Malhotra,54,Business Owner,90200,747,14.1,Nagpur,02-06-2025
C108230,Aarav Ghosh,34,Salaried-Government,61100,586,4.7,Pune,02-12-2023
C108231,Ananya Yadav,32,Self-Employed,47700,662,6.9,Chennai,08-05-2023
C108232,Tushar Krishnan,59,Business Owner,158500,780,14.3,Delhi,03-08-2023
C108233,Aditya Bose,46,Business Owner,58900,765,6,Indore,07-06-2024
C108234,Diya Naidu,36,Business Owner,99400,761,5.5,Indore,06-04-2025
C108235,Mayank Joshi,59,Salaried-Private,79800,773,30.2,Delhi,14-06-2023
C108236,Isha Nair,63,Salaried-Private,71500,660,25.9,Chennai,01-09-2024
C108237,Ajay Dutta,34,Business Owner,53100,551,6.9,Bengaluru,13-02-2023
C108238,Jyoti Garg,43,Salaried-Private,43800,665,12,Lucknow,01-04-2024
C108239,Harsh Tripathi,42,Salaried-Private,73900,741,18.9,Bengaluru,19-03-2025
C108240,Mohit Gupta,51,Salaried-Private,51400,751,6.7,Pune,07-08-2024
C108241,Nikhil Krishnan,62,Salaried-Private,30000,642,12.8,Jaipur,13-06-2025
C108242,Anjali Yadav,45,Retired,47200,609,19.3,Nagpur,09-05-2025
C108243,Neha Naidu,56,Salaried-Private,51600,618,20.1,Nagpur,13-09-2024
C108244,Atharv Srivastava,47,Salaried-Private,78000,648,23.3,Ahmedabad,17-01-2023
C108245,Hemant Iyer,60,Student,23200,531,26.5,Hyderabad,01-01-2024
C108246,Siddharth Kapoor,38,Retired,36800,643,12,Jaipur,16-04-2023
C108247,Ajay Desai,37,Salaried-Private,62400,693,9.7,Pune,11-11-2024
C108248,Rekha Malhotra,39,Student,12000,673,3.8,Ahmedabad,29-05-2023
C108249,Ankita Pillai,64,Salaried-Private,55700,661,35.9,Bhopal,07-06-2025
C108250,Atharv Dubey,47,Freelancer,50200,632,14.7,Ahmedabad,21-07-2024
C108251,Pooja Menon,27,Salaried-Private,34500,639,1.2,Kolkata,03-04-2025
C108252,Seema Chatterjee,22,Salaried-Government,76600,647,0.3,Jaipur,29-12-2024
C108253,Ritika Khanna,43,Salaried-Private,57700,745,9.8,Pune,15-02-2025
C108254,Pranav Chauhan,56,Business Owner,55600,688,14,Indore,12-02-2023
C108255,Hemant Sharma,42,Salaried-Private,52200,900,4.6,Ahmedabad,07-04-2024
C108256,Hemant Yadav,45,Salaried-Government,72300,664,9.5,Jaipur,22-03-2025
C108257,Ravi Sen,56,Business Owner,87700,728,29,Chandigarh,13-07-2023
C108258,Dinesh Awasthi,43,Salaried-Private,71800,665,13.5,Bhopal,28-11-2023
C108259,Deepak Pillai,60,Student,25600,657,16.7,Pune,01-05-2023
C108260,Aditya Dutta,49,Salaried-Government,124500,823,7.3,Mumbai,06-04-2024
C108261,Gaurav Gupta,53,Salaried-Private,90800,773,23.2,Surat,06-03-2023
C108262,Pranav Desai,55,Salaried-Private,35900,545,23.9,Delhi,24-03-2023
C108263,Tara Pandey,48,Salaried-Private,58600,606,5.4,Bhopal,03-11-2023
C108264,Raj Joshi,23,Salaried-Private,50500,676,1.8,Nagpur,14-12-2024
C108265,Vikram Pandey,39,Self-Employed,87000,651,6.9,Mumbai,06-02-2023
C108266,Gaurav Khanna,27,Self-Employed,46000,566,2.3,Mumbai,23-01-2025
C108267,Pallavi Iyer,43,Salaried-Government,57600,697,9,Chandigarh,31-08-2024
C108268,Reyansh Sharma,27,Salaried-Government,35500,535,5.2,Lucknow,04-05-2025
C108269,Vijay Agarwal,43,Freelancer,43200,696,17.4,Nagpur,12-01-2025
C108270,Pari Chatterjee,36,Salaried-Private,49700,745,9.7,Delhi,05-11-2024
C108271,Seema Das,21,Self-Employed,58500,758,0,Delhi,18-12-2024
C108272,Dev Mishra,26,Student,8000,669,2.1,Pune,06-10-2024
C108273,Pranav Mishra,43,Salaried-Private,83400,813,9.6,Delhi,18-03-2023
C108274,Alok Krishnan,24,Self-Employed,78500,718,1.3,Indore,08-08-2024
C108275,Amit Rao,58,Student,18700,750,29.7,Surat,30-06-2023
C108276,Dev Khanna,54,Self-Employed,79800,633,22.3,Lucknow,03-06-2023
C108277,Meera Menon,52,Retired,26600,805,15,Lucknow,21-05-2025
C108278,Ishaan Khanna,28,Salaried-Private,84600,692,6.3,Kolkata,25-03-2025
C108279,Pari Mittal,56,Self-Employed,118700,823,11.3,Ahmedabad,16-06-2025
C108280,Hemant Roy,48,Salaried-Private,64700,798,6.8,Hyderabad,09-01-2023
C108281,Tushar Jain,38,Salaried-Private,44700,707,7.8,Nagpur,24-05-2025
C108282,Ritika Naidu,21,Retired,25000,716,0,Jaipur,04-01-2023
C108283,Divya Tiwari,44,Salaried-Private,55100,673,5,Delhi,10-04-2025
C108284,Vijay Awasthi,56,Retired,45700,621,9,Bengaluru,29-04-2023
C108285,Komal Kumar,22,Business Owner,132300,747,0.4,Delhi,11-05-2023
C108286,Meera Srivastava,23,Student,11900,725,1.8,Indore,09-02-2023
C108287,Pooja Pillai,37,Retired,51100,558,7,Mumbai,11-12-2024
C108288,Pranav Chatterjee,43,Self-Employed,78900,685,14.8,Indore,23-12-2024
C108289,Vishal Mittal,41,Retired,27200,753,16.1,Bhopal,11-07-2023
C108290,Aarav Agarwal,39,Freelancer,38900,803,12,Bengaluru,22-12-2024
C108291,Vivaan Yadav,32,Self-Employed,71900,748,2.9,Delhi,20-08-2023
C108292,Tara Patel,23,Business Owner,50400,566,0.6,Indore,19-02-2025
C108293,Aditya Dubey,22,Salaried-Private,61500,604,0.4,Surat,17-03-2024
C108294,Aditya Mishra,25,Salaried-Private,72700,663,3,Indore,30-05-2024
C108295,Atharv Menon,51,Salaried-Private,77900,803,22.8,Indore,23-12-2024
C108296,Nitin Desai,55,Salaried-Government,85200,644,10.9,Mumbai,03-03-2024
C108297,Shreya Singh,40,Salaried-Private,25300,768,8.8,Mumbai,03-02-2024
C108298,Kabir Das,24,Self-Employed,99200,645,0.9,Chandigarh,07-06-2024
C108299,Shweta Tiwari,39,Business Owner,45000,729,9.6,Delhi,22-07-2023
C108300,Pratibha Naidu,64,Business Owner,100300,619,19.6,Bhopal,13-02-2024
C108301,Simran Reddy,31,Student,14100,666,8.9,Indore,29-03-2025
C108302,Vivaan Ghosh,42,Retired,45700,596,9.9,Kolkata,31-07-2024
C108303,Neha Sharma,44,Student,13600,797,5.4,Chennai,15-09-2023
C108304,Shreya Sharma,35,Self-Employed,45200,631,7.9,Nagpur,07-04-2025
C108305,Aditya Mehta,40,Salaried-Private,68300,566,15.9,Ahmedabad,26-11-2024
C108306,Jyoti Chaurasia,41,Student,17800,552,9.2,Hyderabad,27-05-2025
C108307,Aisha Agarwal,41,Salaried-Private,40900,679,15.5,Jaipur,19-11-2024
C108308,Aisha Reddy,52,Salaried-Private,75300,654,15.2,Pune,16-01-2023
C108309,Tushar Dubey,46,Salaried-Private,34700,737,14.9,Lucknow,23-03-2023
C108310,Rahul Bhatia,23,Self-Employed,81800,673,1.1,Nagpur,02-01-2023
C108311,Suresh Kapoor,21,Business Owner,59700,782,0,Bengaluru,05-02-2024
C108312,Aditya Joshi,39,Salaried-Private,63800,658,10.8,Hyderabad,19-02-2024
C108313,Seema Agarwal,60,Freelancer,58200,770,18.1,Indore,29-04-2023
C108314,Simran Joshi,22,Salaried-Private,78600,615,0.7,Bhopal,29-03-2023
C108315,Abhishek Pandey,24,Salaried-Private,61000,568,0.7,Chandigarh,13-10-2024
C108316,Suresh Mittal,50,Salaried-Private,54600,622,11.3,Bengaluru,06-10-2024
C108317,Ravi Roy,40,Salaried-Private,69800,600,7.6,Delhi,30-10-2024
C108318,Priya Chauhan,31,Freelancer,82300,593,6,Chennai,03-07-2024
C108319,Rahul Chauhan,30,Salaried-Private,73400,724,7.1,Delhi,29-09-2023
C108320,Deepak Mishra,50,Salaried-Private,65400,668,17,Kolkata,23-05-2024
C108321,Kabir Roy,44,Salaried-Private,47500,698,12,Lucknow,05-09-2024
C108322,Siddharth Mishra,49,Freelancer,45300,728,6.9,Lucknow,04-11-2024
C108323,Diya Dutta,33,Retired,46000,552,10.5,Kolkata,10-01-2024
C108324,Harsh Shukla,44,Business Owner,68900,735,9.4,Pune,24-06-2023
C108325,Sanjay Dubey,58,Self-Employed,80900,595,10.8,Ahmedabad,19-05-2024
C108326,Rahul Bansal,34,Student,17800,636,10.2,Lucknow,01-03-2025
C108327,Arjun Malhotra,38,Salaried-Private,64800,538,14,Hyderabad,08-09-2024
C108328,Shweta Mittal,28,Salaried-Private,36200,737,2.9,Mumbai,25-09-2024
C108329,Gaurav Garg,49,Self-Employed,129500,564,16.4,Lucknow,25-01-2025
C108330,Pankaj Chaurasia,22,Salaried-Private,90600,597,0.7,Surat,23-08-2024
C108331,Vikram Mukherjee,31,Salaried-Government,75500,601,2.2,Delhi,19-03-2024
C108332,Mohit Jain,52,Salaried-Government,101000,684,27.6,Surat,24-08-2024
C108333,Hemant Saxena,21,Salaried-Private,49700,674,0,Pune,23-09-2024
C108334,Kabir Kapoor,64,Salaried-Government,93600,758,23,Indore,05-02-2024
C108335,Deepak Bose,38,Salaried-Government,58000,680,4,Lucknow,07-09-2023
C108336,Alok Bhatia,38,Salaried-Private,34700,762,4,Kolkata,11-12-2023
C108337,Vikram Iyer,44,Student,25200,714,6.4,Nagpur,25-02-2024
C108338,Harsh Ghosh,49,Business Owner,54200,612,11.9,Lucknow,25-08-2024
C108339,Isha Iyer,41,Salaried-Private,69000,636,16.9,Hyderabad,20-03-2023
C108340,Atharv Khanna,59,Salaried-Private,75900,812,21.3,Surat,28-08-2024
C108341,Sanya Sharma,63,Salaried-Private,82100,790,18,Surat,10-03-2024
C108342,Pooja Awasthi,29,Salaried-Private,56400,754,4.1,Bhopal,01-04-2023
C108343,Ajay Verma,52,Salaried-Private,65800,766,12,Mumbai,01-12-2023
C108344,Akash Patel,34,Salaried-Private,63000,726,8.3,Indore,06-11-2024
C108345,Shreya Verma,64,Freelancer,68900,717,23.9,Chennai,09-04-2025
C108346,Sanjay Reddy,32,Freelancer,48400,691,5.1,Kolkata,22-12-2024
C108347,Vishal Dubey,33,Freelancer,47700,823,8.2,Delhi,25-08-2023
C108348,Sachin Saxena,52,Self-Employed,46700,649,14.7,Bengaluru,25-05-2024
C108349,Divya Iyer,55,Business Owner,166000,724,26,Bhopal,14-06-2025
C108350,Sanya Bose,26,Business Owner,107100,559,3.1,Chandigarh,17-03-2024
C108351,Ankita Shah,45,Student,18500,568,8.2,Ahmedabad,09-07-2023
C108352,Naina Mittal,36,Business Owner,74000,836,4.7,Delhi,06-04-2024
C108353,Simran Reddy,47,Business Owner,66300,739,9.9,Indore,22-06-2024
C108354,Raj Joshi,45,Freelancer,67400,673,20.2,Bengaluru,21-07-2023
C108355,Ruchi Bansal,64,Self-Employed,79400,698,33.4,Mumbai,22-10-2023
C108356,Hemant Das,62,Salaried-Private,83800,583,36.1,Hyderabad,28-05-2025
C108357,Meera Mukherjee,49,Salaried-Private,39200,651,20.2,Lucknow,21-03-2025
C108358,Mohit Saxena,50,Salaried-Government,106100,579,24.4,Chennai,27-02-2025
C108359,Shweta Pillai,60,Salaried-Private,88600,669,17.5,Kolkata,10-03-2024
C108360,Rahul Chauhan,29,Salaried-Private,56600,742,5.1,Delhi,31-01-2025
C108361,Sanya Jain,52,Salaried-Private,76800,727,14.7,Lucknow,26-08-2023
C108362,Sachin Awasthi,54,Salaried-Private,83000,819,26.6,Nagpur,09-10-2023
C108363,Anjali Bhatia,26,Retired,19000,706,4.5,Nagpur,02-06-2023
C108364,Harsh Singh,59,Salaried-Government,112600,498,27.4,Indore,15-09-2024
C108365,Saanvi Mishra,51,Salaried-Private,76700,847,22.4,Nagpur,03-11-2024
C108366,Riya Das,36,Salaried-Government,51000,620,12.2,Bhopal,21-07-2024
C108367,Manoj Sharma,42,Salaried-Private,41500,699,5.6,Bhopal,14-03-2025
C108368,Nidhi Pandey,42,Business Owner,128000,707,11.3,Chandigarh,05-07-2023
C108369,Deepak Bansal,61,Self-Employed,87100,712,28.5,Hyderabad,21-11-2024
C108370,Saanvi Roy,63,Salaried-Private,81500,696,26.2,Bengaluru,31-05-2025
C108371,Vijay Kapoor,56,Self-Employed,80600,697,20.2,Chandigarh,11-04-2024
C108372,Gaurav Nair,49,Salaried-Private,46100,581,13.2,Chennai,02-04-2024
C108373,Priya Krishnan,25,Business Owner,105900,900,1.4,Nagpur,08-04-2025
C108374,Saanvi Bose,61,Student,23700,735,33.8,Lucknow,29-04-2023
C108375,Pallavi Shukla,26,Student,10200,685,3.6,Pune,05-04-2024
C108376,Pranav Joshi,28,Salaried-Private,105300,843,4.4,Kolkata,11-04-2024
C108377,Simran Joshi,24,Business Owner,117000,611,0.8,Pune,19-07-2023
C108378,Manish Mehta,62,Freelancer,75200,760,11.4,Hyderabad,02-04-2023
C108379,Akash Patel,42,Student,24800,639,10.6,Kolkata,30-07-2023
C108380,Rekha Kapoor,31,Salaried-Private,66700,722,2.9,Jaipur,03-12-2024
C108381,Siddharth Joshi,24,Salaried-Government,64300,723,0.9,Lucknow,31-07-2024
C108382,Ankita Bose,39,Salaried-Private,48600,500,4.6,Pune,18-12-2024
C108383,Pallavi Sharma,52,Salaried-Private,58300,574,12.6,Hyderabad,02-01-2025
C108384,Sanjay Srivastava,64,Business Owner,39700,812,8.9,Bengaluru,12-01-2025
C108385,Geeta Sharma,45,Salaried-Government,87500,672,17.1,Bengaluru,20-09-2024
C108386,Deepak Shukla,47,Salaried-Private,40100,846,16.1,Jaipur,10-03-2023
C108387,Pallavi Das,57,Freelancer,72800,795,20,Chennai,21-04-2023
C108388,Akash Desai,60,Salaried-Government,75200,673,34.7,Surat,02-05-2023
C108389,Seema Kumar,33,Retired,39300,661,6.4,Surat,20-02-2024
C108390,Atharv Roy,64,Freelancer,60500,820,34.8,Bhopal,04-04-2023
C108391,Rekha Das,43,Student,21200,851,7.3,Mumbai,28-02-2023
C108392,Meera Malhotra,61,Freelancer,79400,668,15.4,Indore,07-08-2024
C108393,Pallavi Reddy,26,Salaried-Private,56400,811,2.1,Indore,08-04-2025
C108394,Vishal Bansal,25,Salaried-Private,38600,768,3.6,Ahmedabad,17-09-2023
C108395,Sanjay Dubey,59,Student,26200,780,31.7,Jaipur,03-04-2023
C108396,Tarun Verma,50,Salaried-Private,47100,695,14.9,Indore,19-05-2023
C108397,Pooja Sharma,28,Salaried-Government,29100,630,5.5,Delhi,31-03-2025
C108398,Neha Nair,60,Self-Employed,93600,609,14.2,Nagpur,01-06-2025
C108399,Abhishek Sharma,25,Salaried-Private,81000,587,2.5,Lucknow,19-11-2023
C108400,Gaurav Patel,51,Salaried-Private,58900,841,9.4,Lucknow,12-03-2024
C108401,Priya Kumar,30,Salaried-Government,73000,691,5.4,Chennai,10-06-2024
C108402,Gaurav Reddy,24,Salaried-Government,52600,596,1.1,Nagpur,24-03-2024
C108403,Raj Krishnan,56,Business Owner,125100,778,21.4,Chandigarh,26-09-2024
C108404,Isha Das,58,Salaried-Private,91700,655,18.5,Nagpur,03-06-2024
C108405,Rajesh Awasthi,25,Salaried-Government,56300,636,2.4,Indore,20-01-2025
C108406,Komal Chaurasia,25,Salaried-Private,36000,850,1.3,Lucknow,23-03-2024
C108407,Hemant Chauhan,48,Self-Employed,41800,579,15,Kolkata,04-10-2024
C108408,Pranav Agarwal,22,Salaried-Private,73900,709,0.4,Pune,18-08-2023
C108409,Mohit Pillai,53,Salaried-Private,45100,639,9.6,Bengaluru,29-03-2024
C108410,Divya Gupta,61,Freelancer,66000,629,22,Mumbai,03-09-2024
C108411,Pari Chauhan,54,Salaried-Private,83700,575,9.8,Kolkata,24-08-2023
C108412,Ramesh Desai,31,Business Owner,76000,696,5,Jaipur,10-06-2024
C108413,Priya Mittal,29,Salaried-Private,54900,618,3.4,Jaipur,30-06-2023
C108414,Ankita Bhatia,50,Salaried-Private,86600,740,16.8,Kolkata,27-01-2025
C108415,Riya Ghosh,23,Salaried-Private,39600,682,1.1,Pune,04-09-2024
C108416,Hemant Dutta,44,Student,14700,657,6.8,Ahmedabad,29-12-2023
C108417,Pranav Desai,40,Salaried-Government,62900,619,7.5,Chandigarh,26-12-2023
C108418,Akash Saxena,53,Salaried-Private,93400,808,18.9,Indore,27-11-2024
C108419,Pankaj Pandey,29,Self-Employed,107900,755,6.3,Chennai,12-10-2024
C108420,Deepak Naidu,54,Salaried-Government,71500,636,8,Surat,26-05-2025
C108421,Ravi Patel,51,Freelancer,44600,577,7.9,Bhopal,03-12-2024
C108422,Kabir Awasthi,31,Retired,49800,536,7.6,Ahmedabad,14-12-2023
C108423,Sunita Tiwari,36,Self-Employed,31900,775,6.6,Ahmedabad,14-08-2023
C108424,Pratibha Garg,23,Salaried-Government,66700,762,0.8,Jaipur,23-09-2024
C108425,Ankita Tripathi,40,Salaried-Private,61700,772,6.9,Jaipur,23-01-2023
C108426,Vishal Reddy,32,Retired,52900,678,9.7,Indore,02-02-2023
C108427,Ajay Pandey,25,Salaried-Government,92800,758,2.2,Mumbai,25-03-2024
C108428,Priya Kumar,45,Salaried-Private,45700,769,7.5,Bhopal,31-03-2025
C108429,Vivaan Bhatia,45,Retired,44600,681,11.6,Hyderabad,19-10-2023
C108430,Pranav Iyer,24,Retired,27400,655,1.1,Pune,04-10-2024
C108431,Manish Krishnan,29,Salaried-Government,57200,610,2.5,Ahmedabad,03-04-2023
C108432,Sneha Mehta,24,Salaried-Private,68500,724,2.7,Kolkata,21-07-2024
C108433,Ananya Chatterjee,50,Business Owner,88900,738,14.8,Chandigarh,23-01-2024
C108434,Hemant Bansal,35,Freelancer,52700,655,9.6,Bengaluru,05-04-2023
C108435,Diya Srivastava,24,Salaried-Government,82800,669,2.5,Nagpur,17-12-2023
C108436,Kavya Naidu,29,Salaried-Private,88500,675,2.8,Bhopal,31-05-2025
C108437,Akash Tripathi,63,Salaried-Private,77600,754,12.2,Delhi,22-07-2023
C108438,Kavya Verma,32,Salaried-Private,61800,579,4.2,Jaipur,28-03-2025
C108439,Aisha Saxena,51,Salaried-Private,44900,598,21,Nagpur,23-10-2023
C108440,Divya Jain,41,Freelancer,77400,604,9.3,Mumbai,29-09-2023
C108441,Sanjay Nair,28,Salaried-Private,67700,678,3.8,Chennai,11-02-2023
C108442,Abhishek Awasthi,34,Salaried-Government,68700,715,2.8,Ahmedabad,01-03-2023
C108443,Nidhi Das,21,Freelancer,45400,601,0,Nagpur,16-05-2025
C108444,Pari Chaurasia,53,Salaried-Government,81200,764,15.5,Jaipur,31-12-2023
C108445,Pranav Das,35,Salaried-Private,76000,808,4.3,Mumbai,07-10-2024
C108446,Ramesh Tripathi,42,Student,19300,715,15.8,Surat,29-01-2023
C108447,Akash Chauhan,27,Salaried-Private,89600,783,5.2,Kolkata,14-06-2023
C108448,Anjali Chauhan,57,Student,23400,610,30.5,Jaipur,01-05-2024
C108449,Meera Khanna,30,Salaried-Private,93700,622,4.7,Chandigarh,23-05-2024
C108450,Diya Ghosh,45,Salaried-Government,93400,735,9.6,Delhi,25-10-2024
C108451,Lalit Tiwari,59,Self-Employed,79800,688,20.5,Pune,15-08-2024
C108452,Karan Mittal,52,Salaried-Government,36200,613,8.5,Delhi,28-01-2024
C108453,Ishaan Joshi,47,Self-Employed,78500,805,22.4,Nagpur,22-04-2024
C108454,Ramesh Tripathi,60,Salaried-Private,101800,719,26.1,Indore,02-02-2025
C108455,Deepak Ghosh,28,Self-Employed,50200,743,2.8,Indore,28-06-2024
C108456,Arjun Verma,63,Salaried-Private,73400,637,30.7,Hyderabad,13-03-2025
C108457,Akash Verma,45,Freelancer,56200,822,8.9,Chennai,21-02-2025
C108458,Geeta Chaurasia,39,Self-Employed,95800,681,13.1,Ahmedabad,25-05-2025
C108459,Nitin Garg,32,Salaried-Government,56400,769,5.3,Mumbai,12-03-2025
C108460,Vikram Rao,53,Salaried-Private,50400,640,25.8,Bhopal,10-04-2024
C108461,Simran Srivastava,63,Salaried-Government,89800,706,37.5,Bengaluru,25-01-2023
C108462,Arjun Srivastava,51,Self-Employed,60200,733,12.7,Lucknow,05-05-2024
C108463,Vishal Kumar,22,Salaried-Private,18700,842,0.6,Mumbai,08-04-2024
C108464,Alok Reddy,41,Business Owner,154900,668,7.3,Bengaluru,12-04-2025
C108465,Anjali Chaurasia,53,Salaried-Private,86300,709,24.3,Lucknow,16-02-2024
C108466,Divya Joshi,38,Salaried-Private,99500,742,9.3,Mumbai,19-11-2024
C108467,Ravi Krishnan,55,Business Owner,129600,586,30.2,Bengaluru,07-02-2023
C108468,Manish Bose,52,Salaried-Private,81000,518,25.4,Hyderabad,22-06-2023
C108469,Rohan Singh,23,Salaried-Private,63200,609,0.8,Kolkata,27-03-2025
C108470,Divya Garg,45,Business Owner,91600,771,6.8,Hyderabad,28-03-2023
C108471,Saanvi Chauhan,28,Business Owner,107200,833,4.4,Bengaluru,11-06-2025
C108472,Swati Gupta,42,Salaried-Private,52300,614,8.9,Bengaluru,08-06-2024
C108473,Geeta Kumar,37,Salaried-Private,40000,588,6,Indore,30-09-2024
C108474,Komal Agarwal,56,Salaried-Government,67200,812,20.4,Bhopal,09-02-2025
C108475,Saanvi Iyer,59,Self-Employed,112200,651,21.9,Chennai,03-09-2023
C108476,Ankita Srivastava,41,Salaried-Government,41400,656,11.5,Surat,01-01-2024
C108477,Simran Tripathi,44,Self-Employed,46000,803,9.3,Lucknow,01-03-2023
C108478,Divya Jain,48,Freelancer,64300,793,8.3,Hyderabad,15-06-2024
C108479,Raj Bose,49,Student,18200,757,9.2,Jaipur,12-09-2023
C108480,Neha Verma,48,Salaried-Private,75500,554,19,Mumbai,27-08-2024
C108481,Ananya Mittal,55,Salaried-Private,88400,592,17.9,Pune,29-06-2024
C108482,Ananya Bose,64,Salaried-Private,81400,781,22.7,Jaipur,03-11-2023
C108483,Ishaan Awasthi,57,Salaried-Private,56800,713,31.8,Chandigarh,15-09-2023
C108484,Pranav Malhotra,26,Salaried-Government,90700,631,4.2,Pune,18-12-2023
C108485,Shweta Mukherjee,41,Student,18500,655,4.9,Delhi,30-10-2024
C108486,Sanjay Chaurasia,41,Salaried-Private,63500,778,15.2,Lucknow,07-01-2023
C108487,Vijay Reddy,43,Salaried-Private,63400,811,8.2,Lucknow,02-06-2025
C108488,Komal Bose,44,Self-Employed,84200,692,16.2,Delhi,10-02-2024
C108489,Suresh Awasthi,52,Retired,41700,631,10,Bengaluru,11-07-2023
C108490,Meera Chatterjee,39,Salaried-Private,29600,662,5.4,Chennai,14-07-2023
C108491,Akash Shah,32,Freelancer,60400,796,9.4,Delhi,12-06-2025
C108492,Vikram Chaurasia,41,Freelancer,63100,795,11.8,Chandigarh,20-05-2024
C108493,Saanvi Roy,58,Salaried-Government,24700,699,16.5,Nagpur,25-03-2024
C108494,Sanjay Tiwari,34,Self-Employed,83500,650,10.7,Bhopal,04-04-2024
C108495,Geeta Chaurasia,21,Salaried-Government,99100,781,0,Bengaluru,11-01-2024
C108496,Tara Singh,63,Salaried-Private,49200,817,10.3,Chennai,31-07-2023
C108497,Amit Srivastava,29,Salaried-Government,62100,573,3.8,Hyderabad,27-06-2023
C108498,Dinesh Sen,47,Salaried-Private,61800,670,18.1,Ahmedabad,21-04-2023
C108499,Gaurav Tiwari,56,Business Owner,155100,795,23.2,Mumbai,06-03-2023
C108500,Mohit Desai,33,Freelancer,66700,695,6.4,Hyderabad,12-08-2024
C108501,Pankaj Gupta,35,Salaried-Private,43000,647,7.8,Lucknow,01-11-2024
C108502,Geeta Srivastava,33,Self-Employed,79000,706,6.8,Surat,09-01-2024
C108503,Ananya Rao,27,Salaried-Private,103500,725,2.8,Chandigarh,27-08-2024
C108504,Shreya Nair,27,Salaried-Private,44900,596,1.5,Ahmedabad,29-11-2023
C108505,Shweta Chaurasia,29,Business Owner,90800,700,2.5,Mumbai,20-11-2024
C108506,Pallavi Verma,41,Salaried-Private,73300,720,14.1,Nagpur,09-01-2025
C108507,Manish Nair,44,Freelancer,43400,647,17.6,Kolkata,15-07-2023
C108508,Amit Ghosh,21,Salaried-Private,90300,631,0,Indore,29-07-2024
C108509,Tushar Patel,58,Freelancer,51200,644,15.9,Bhopal,04-11-2024
C108510,Varun Sharma,50,Salaried-Government,41500,608,18.1,Delhi,02-07-2024
C108511,Abhishek Rao,24,Salaried-Government,50200,755,0.6,Chandigarh,19-07-2024
C108512,Pratibha Shukla,58,Freelancer,69200,611,22.2,Surat,24-06-2023
C108513,Kavya Bhatia,22,Self-Employed,47200,702,0.5,Bhopal,24-12-2023
C108514,Ravi Reddy,45,Salaried-Private,70600,660,12.2,Lucknow,11-02-2023
C108515,Pari Garg,41,Student,17900,626,4,Delhi,05-06-2023
C108516,Mayank Yadav,43,Salaried-Private,39600,795,18.9,Delhi,14-06-2024
C108517,Aditya Mishra,63,Salaried-Private,60500,678,13.5,Chennai,21-08-2024
C108518,Pooja Joshi,61,Salaried-Government,84200,639,11.2,Hyderabad,13-12-2023
C108519,Nikhil Chatterjee,33,Self-Employed,87700,631,5.6,Kolkata,29-03-2025
C108520,Rahul Shah,46,Self-Employed,63100,716,18.6,Nagpur,26-02-2024
C108521,Isha Awasthi,63,Freelancer,63200,755,30.9,Kolkata,22-12-2024
C108522,Ramesh Sharma,53,Self-Employed,72000,792,17.9,Pune,06-01-2024
C108523,Vivaan Dubey,60,Salaried-Private,85200,679,22.8,Chandigarh,05-06-2025
C108524,Diya Roy,40,Salaried-Private,73000,672,9.9,Kolkata,03-03-2025
C108525,Saanvi Kumar,33,Salaried-Private,52300,698,2.6,Indore,16-05-2023
C108526,Kavya Iyer,43,Business Owner,112100,710,8.7,Ahmedabad,26-04-2025
C108527,Riya Pandey,56,Salaried-Private,60700,627,16.5,Lucknow,06-08-2024
C108528,Deepak Awasthi,61,Self-Employed,93000,810,23.5,Delhi,28-11-2024
C108529,Abhishek Yadav,51,Self-Employed,89300,695,19.8,Kolkata,17-11-2023
C108530,Suresh Singh,52,Freelancer,94300,736,27.6,Ahmedabad,19-03-2023
C108531,Suresh Rao,43,Salaried-Private,57100,722,12.2,Jaipur,06-11-2023
C108532,Manish Bansal,35,Salaried-Private,57800,720,9.4,Chandigarh,03-07-2023
C108533,Vivaan Saxena,39,Student,13500,601,15.7,Mumbai,29-10-2023
C108534,Tara Tripathi,42,Self-Employed,49600,686,8.3,Chennai,28-01-2024
C108535,Usha Roy,56,Salaried-Government,64500,872,18.1,Ahmedabad,18-08-2024
C108536,Aisha Shah,45,Business Owner,118900,824,16.9,Surat,20-07-2023
C108537,Kavya Naidu,55,Student,24100,696,20.3,Delhi,06-12-2024
C108538,Gaurav Kumar,22,Salaried-Private,61300,659,0.8,Lucknow,11-05-2023
C108539,Vishal Verma,54,Student,20600,505,19.7,Lucknow,12-05-2024
C108540,Divya Chauhan,43,Salaried-Private,53900,648,18.6,Jaipur,10-02-2025
C108541,Priya Khanna,64,Retired,39200,679,13.1,Chandigarh,21-09-2024
C108542,Karan Malhotra,41,Salaried-Private,51900,662,15.2,Kolkata,21-02-2024
C108543,Ramesh Bose,42,Salaried-Private,37500,665,7.3,Nagpur,14-11-2023
C108544,Karan Nair,26,Salaried-Private,84200,742,1.2,Mumbai,27-07-2024
C108545,Sanya Tiwari,56,Freelancer,87400,613,9.7,Ahmedabad,25-03-2024
C108546,Pari Shah,51,Retired,21800,705,18.2,Lucknow,21-02-2025
C108547,Meera Pillai,58,Salaried-Private,75600,682,14.9,Delhi,26-05-2023
C108548,Usha Krishnan,25,Salaried-Private,62100,618,1.2,Lucknow,24-11-2024
C108549,Anjali Yadav,30,Salaried-Private,62800,823,5.8,Bengaluru,17-02-2023
C108550,Atharv Reddy,59,Salaried-Private,58300,748,20.6,Surat,30-04-2025
C108551,Alok Desai,22,Freelancer,60800,626,0.5,Indore,14-02-2024
C108552,Ananya Mishra,43,Salaried-Private,72000,732,12.6,Hyderabad,09-01-2023
C108553,Naina Dutta,38,Retired,52200,576,13.7,Bengaluru,28-05-2025
C108554,Sneha Srivastava,62,Student,22400,630,29,Surat,05-07-2023
C108555,Shaurya Srivastava,58,Salaried-Private,42100,792,20.2,Pune,10-04-2025
C108556,Komal Shah,60,Self-Employed,92000,721,30.3,Chandigarh,18-10-2024
C108557,Pratibha Gupta,33,Retired,26200,705,9.6,Bengaluru,18-03-2025
C108558,Tara Ghosh,46,Student,21400,762,11.6,Chandigarh,18-07-2024
C108559,Siddharth Bansal,51,Business Owner,31900,733,9.1,Bhopal,25-11-2023
C108560,Suresh Joshi,63,Salaried-Private,62400,668,11.8,Chandigarh,03-03-2024
C108561,Gaurav Malhotra,21,Salaried-Private,42700,761,0,Chennai,05-11-2024
C108562,Ravi Menon,63,Freelancer,55500,553,35.9,Lucknow,20-02-2024
C108563,Manish Mehta,36,Salaried-Government,72200,637,3.4,Pune,22-04-2025
C108564,Rahul Verma,26,Business Owner,102700,687,2.7,Ahmedabad,09-05-2024
C108565,Seema Bose,48,Business Owner,119300,741,9.1,Chandigarh,24-02-2023
C108566,Amit Malhotra,55,Salaried-Government,90700,667,19.5,Indore,06-03-2023
C108567,Alok Mishra,26,Salaried-Private,53600,545,4,Jaipur,06-02-2024
C108568,Ananya Srivastava,22,Salaried-Government,107300,542,0.8,Nagpur,28-01-2023
C108569,Pranav Das,60,Student,28000,678,34.3,Jaipur,01-12-2023
C108570,Ankita Garg,62,Salaried-Private,65200,651,22.1,Bhopal,25-08-2023
C108571,Mohit Tiwari,27,Salaried-Private,54700,615,4,Mumbai,28-01-2025
C108572,Rahul Ghosh,60,Retired,44600,600,32.3,Bengaluru,02-03-2025
C108573,Varun Ghosh,61,Business Owner,115600,708,27.5,Hyderabad,04-06-2024
C108574,Sunita Jain,64,Self-Employed,59900,793,37.6,Chennai,22-12-2024
C108575,Vijay Sharma,30,Freelancer,35000,695,3.3,Chennai,17-06-2025
C108576,Raj Reddy,46,Salaried-Government,22800,788,7.4,Lucknow,30-04-2025
C108577,Harsh Pandey,64,Retired,45400,656,13.1,Nagpur,20-02-2023
C108578,Mayank Awasthi,60,Student,27000,719,31.1,Bengaluru,31-01-2024
C108579,Atharv Verma,47,Salaried-Private,62400,797,6.2,Hyderabad,09-10-2023
C108580,Sunita Bhatia,29,Salaried-Government,61600,676,6.1,Indore,15-08-2023
C108581,Komal Chatterjee,24,Salaried-Private,61800,691,1.6,Pune,12-05-2024
C108582,Arjun Das,32,Business Owner,60300,659,7.5,Lucknow,19-02-2023
C108583,Priya Reddy,23,Self-Employed,67400,737,1.4,Bengaluru,17-07-2023
C108584,Anjali Bhatia,29,Self-Employed,90600,765,4,Indore,01-07-2023
C108585,Pranav Saxena,24,Retired,37900,713,0.9,Kolkata,21-05-2025
C108586,Naina Iyer,54,Salaried-Government,95200,675,20.9,Indore,05-04-2025
C108587,Pooja Nair,46,Freelancer,74200,571,21.7,Mumbai,16-09-2024
C108588,Kabir Desai,43,Business Owner,118000,693,4.8,Jaipur,28-01-2024
C108589,Mohit Kapoor,56,Self-Employed,62900,674,12.6,Bhopal,30-06-2024
C108590,Shweta Rao,39,Salaried-Private,55300,707,14.6,Bengaluru,13-08-2024
C108591,Naina Shukla,38,Business Owner,156600,712,4.2,Indore,03-05-2023
C108592,Kabir Chauhan,30,Self-Employed,77100,817,1.9,Chandigarh,02-07-2023
C108593,Isha Malhotra,40,Salaried-Private,66200,634,15.5,Kolkata,12-12-2024
C108594,Pratibha Shukla,28,Freelancer,33000,558,5.2,Indore,05-04-2025
C108595,Divya Verma,46,Salaried-Government,68500,598,9.4,Bhopal,23-05-2025
C108596,Ishaan Bhatia,64,Salaried-Private,86500,642,37.7,Bengaluru,14-08-2023
C108597,Pranav Naidu,44,Freelancer,53400,774,16.1,Mumbai,22-12-2024
C108598,Manoj Gupta,34,Salaried-Private,49800,583,3.7,Hyderabad,01-09-2024
C108599,Riya Pillai,51,Self-Employed,71100,597,15.7,Ahmedabad,24-05-2024
C108600,Shaurya Dubey,57,Self-Employed,109000,729,29,Lucknow,20-05-2023
C108601,Geeta Verma,41,Salaried-Private,76400,759,13.3,Bengaluru,07-09-2024
C108602,Shreya Kumar,32,Salaried-Government,76600,567,6.7,Chennai,01-04-2023
C108603,Tarun Chatterjee,52,Salaried-Private,76200,549,15.2,Pune,24-04-2024
C108604,Reyansh Menon,29,Salaried-Private,34500,622,3,Kolkata,05-11-2023
C108605,Divya Srivastava,64,Business Owner,113900,749,27.1,Ahmedabad,03-02-2023
C108606,Arjun Mukherjee,34,Salaried-Private,81600,703,4,Ahmedabad,03-12-2023
C108607,Ajay Awasthi,36,Retired,35900,625,11.5,Lucknow,23-02-2025
C108608,Usha Pandey,52,Salaried-Government,94400,753,10.7,Lucknow,25-11-2024
C108609,Shaurya Iyer,21,Salaried-Private,65900,699,0,Bhopal,30-07-2023
C108610,Manoj Pillai,29,Student,13900,673,2,Nagpur,30-10-2024
C108611,Gaurav Nair,26,Salaried-Government,63600,560,3.9,Nagpur,10-10-2023
C108612,Sanya Saxena,38,Self-Employed,94100,632,9,Bhopal,08-01-2024
C108613,Riya Nair,45,Business Owner,50700,844,11.5,Chennai,03-04-2025
C108614,Abhishek Tiwari,28,Student,11100,654,4,Lucknow,06-04-2024
C108615,Aisha Mukherjee,36,Salaried-Private,75300,614,9.2,Lucknow,04-11-2024
C108616,Ananya Tiwari,54,Salaried-Private,74100,660,26.9,Lucknow,07-06-2025
C108617,Rekha Singh,62,Retired,62500,698,18.1,Bhopal,10-05-2024
C108618,Sanya Iyer,21,Salaried-Private,51900,758,0,Chandigarh,16-03-2024
C108619,Manoj Shah,48,Business Owner,81300,741,21.8,Ahmedabad,17-08-2023
C108620,Vikram Chatterjee,22,Self-Employed,27100,629,0.5,Hyderabad,25-06-2024
C108621,Isha Kapoor,43,Self-Employed,68200,791,13.3,Jaipur,11-01-2025
C108622,Ruchi Desai,59,Freelancer,67500,755,11.8,Jaipur,05-05-2025
C108623,Mohit Mittal,56,Retired,56100,652,28.1,Lucknow,25-04-2024
C108624,Aarav Garg,31,Salaried-Private,31000,674,8.6,Mumbai,16-08-2023
C108625,Pankaj Kapoor,32,Self-Employed,98600,742,5.6,Delhi,06-05-2024
C108626,Tara Chatterjee,55,Business Owner,70400,776,7.3,Lucknow,13-06-2025
C108627,Seema Mehta,57,Salaried-Private,67000,568,7.9,Surat,20-06-2023
C108628,Ramesh Agarwal,33,Student,11300,687,4.9,Lucknow,02-07-2024
C108629,Gaurav Tiwari,21,Salaried-Government,69700,687,0,Jaipur,31-01-2024
C108630,Vivaan Garg,40,Salaried-Private,64500,644,9.6,Bhopal,31-10-2024
C108631,Akash Saxena,48,Student,21100,637,16.2,Chennai,18-11-2023
C108632,Sanya Reddy,40,Student,21400,767,7.2,Kolkata,04-03-2024
C108633,Varun Khanna,62,Salaried-Private,79400,734,14.2,Nagpur,22-09-2023
C108634,Ravi Shah,56,Freelancer,48800,855,30.9,Nagpur,13-05-2025
C108635,Lalit Iyer,55,Salaried-Private,77800,646,13.5,Delhi,02-03-2024
C108636,Saanvi Roy,21,Salaried-Private,93900,705,0,Delhi,29-03-2025
C108637,Lalit Agarwal,58,Salaried-Private,82900,717,22.2,Nagpur,26-01-2025
C108638,Ruchi Saxena,54,Student,24300,755,8.2,Jaipur,01-04-2024
C108639,Vikram Agarwal,38,Salaried-Private,29900,793,10.5,Surat,12-10-2023
C108640,Ankita Mehta,46,Salaried-Private,72700,698,22.2,Mumbai,22-05-2024
C108641,Siddharth Dutta,57,Business Owner,93800,606,28.4,Mumbai,10-08-2023
C108642,Ishaan Pillai,60,Salaried-Government,61100,632,16.1,Lucknow,22-03-2024
C108643,Nidhi Nair,45,Salaried-Private,64200,701,6.4,Bengaluru,04-03-2025
C108644,Tara Tripathi,22,Salaried-Private,57600,778,0.5,Chandigarh,27-08-2024
C108645,Ravi Dutta,48,Freelancer,44800,571,7.3,Chandigarh,26-11-2024
C108646,Ishaan Chaurasia,50,Self-Employed,82100,598,11.8,Nagpur,08-05-2024
C108647,Deepak Mukherjee,23,Freelancer,42000,746,1.7,Bengaluru,23-05-2024
C108648,Sanya Iyer,56,Salaried-Private,83000,588,23,Pune,23-06-2024
C108649,Geeta Menon,29,Salaried-Government,68700,600,6,Mumbai,04-09-2024
C108650,Tushar Agarwal,60,Freelancer,65600,780,22.6,Jaipur,11-09-2023
C108651,Pratibha Joshi,45,Salaried-Private,84200,674,7.6,Jaipur,18-03-2023
C108652,Sanya Dutta,35,Salaried-Private,71700,666,4.3,Delhi,16-07-2023
C108653,Divya Sharma,23,Salaried-Government,61200,798,1.5,Nagpur,26-10-2024
C108654,Shaurya Jain,21,Salaried-Private,13300,596,0,Jaipur,13-05-2025
C108655,Pratibha Tiwari,53,Salaried-Private,78100,590,17.6,Pune,13-03-2025
C108656,Neha Mishra,37,Retired,28500,814,5.2,Chandigarh,03-05-2025
C108657,Dinesh Sharma,57,Salaried-Government,73000,709,16.3,Ahmedabad,01-03-2024
C108658,Ishaan Agarwal,31,Self-Employed,78900,746,2.9,Lucknow,27-09-2023
C108659,Anjali Kumar,61,Salaried-Private,97700,669,13.7,Chandigarh,27-01-2025
C108660,Karan Joshi,62,Self-Employed,126600,690,33.7,Bhopal,30-12-2023
C108661,Karan Mukherjee,25,Self-Employed,45500,630,2.8,Jaipur,27-05-2024
C108662,Pooja Mittal,49,Student,15500,707,22.3,Chennai,17-04-2025
C108663,Riya Sharma,62,Salaried-Government,84100,759,33.3,Chennai,02-02-2023
C108664,Deepak Dubey,35,Freelancer,53500,703,8.6,Nagpur,05-12-2024
C108665,Shweta Sharma,23,Salaried-Private,31800,769,0.8,Jaipur,12-01-2023
C108666,Reyansh Tripathi,59,Self-Employed,80800,745,20.7,Jaipur,23-06-2024
C108667,Simran Desai,41,Student,18000,598,4.3,Ahmedabad,25-04-2023
C108668,Shaurya Agarwal,22,Self-Employed,36900,673,0.8,Jaipur,19-11-2024
C108669,Sunita Mishra,57,Business Owner,70600,654,27.4,Mumbai,17-05-2025
C108670,Neha Patel,50,Student,17900,742,16.1,Surat,04-05-2024
C108671,Pranav Chatterjee,24,Student,8800,718,1.4,Delhi,11-05-2025
C108672,Suresh Patel,32,Salaried-Private,73300,701,3.5,Jaipur,15-09-2024
C108673,Shreya Krishnan,21,Salaried-Private,48500,768,0,Surat,07-02-2023
C108674,Naina Tiwari,63,Self-Employed,84100,543,18,Nagpur,24-11-2023
C108675,Usha Ghosh,22,Retired,60400,640,0.9,Bengaluru,29-11-2023
C108676,Harsh Garg,56,Salaried-Government,53500,646,8.7,Indore,03-05-2025
C108677,Deepak Shah,43,Salaried-Private,50700,707,19,Chandigarh,02-05-2025
C108678,Aarav Pandey,46,Self-Employed,92300,738,14.3,Chandigarh,30-11-2024
C108679,Rajesh Mukherjee,56,Salaried-Private,88800,693,17.8,Kolkata,12-05-2024
C108680,Meera Mukherjee,60,Salaried-Private,78900,586,11.2,Bhopal,25-02-2023
C108681,Vijay Rao,26,Salaried-Private,93200,726,1.2,Delhi,13-12-2024
C108682,Shaurya Shukla,21,Salaried-Private,61300,699,0,Kolkata,06-01-2024
C108683,Sneha Reddy,26,Business Owner,26800,566,3.1,Nagpur,03-07-2023
C108684,Geeta Verma,51,Salaried-Private,68900,666,15.1,Jaipur,01-02-2025
C108685,Isha Rao,46,Salaried-Private,53600,717,10,Bhopal,03-04-2023
C108686,Usha Bose,24,Self-Employed,100400,827,0.6,Jaipur,20-07-2024
C108687,Varun Shah,31,Salaried-Private,78300,604,3.9,Surat,25-10-2023
C108688,Ankita Dutta,44,Salaried-Government,34700,748,16.1,Lucknow,09-01-2025
C108689,Alok Saxena,53,Salaried-Private,94800,608,20,Chandigarh,15-09-2024
C108690,Pankaj Awasthi,36,Salaried-Private,79800,590,4.7,Ahmedabad,11-06-2023
C108691,Ramesh Verma,62,Business Owner,94000,597,31,Surat,16-04-2025
C108692,Isha Saxena,64,Salaried-Private,70600,738,13.1,Pune,01-03-2023
C108693,Rohan Gupta,54,Salaried-Private,96000,704,25,Mumbai,03-12-2024
C108694,Raj Bansal,40,Salaried-Private,23200,658,10.6,Delhi,07-04-2024
C108695,Shreya Menon,59,Salaried-Private,79100,728,26.7,Surat,04-01-2024
C108696,Usha Yadav,53,Salaried-Private,89700,696,8.3,Jaipur,09-03-2024
C108697,Swati Agarwal,43,Salaried-Private,62000,698,15.8,Hyderabad,02-12-2023
C108698,Hemant Saxena,40,Salaried-Private,75600,667,13.4,Ahmedabad,05-12-2024
C108699,Pankaj Joshi,57,Salaried-Private,71500,608,11.6,Nagpur,22-02-2025
C108700,Ishaan Menon,45,Student,15500,817,7.1,Bhopal,03-02-2025
C108701,Geeta Dutta,29,Salaried-Private,42000,798,5.8,Ahmedabad,10-04-2024
C108702,Nitin Mishra,64,Salaried-Private,86400,820,21.1,Jaipur,24-04-2025
C108703,Siddharth Tripathi,24,Self-Employed,51900,644,2,Lucknow,16-02-2024
C108704,Geeta Chaurasia,51,Salaried-Private,36500,630,6.2,Lucknow,21-02-2024
C108705,Neha Tiwari,49,Freelancer,57200,655,9.2,Bengaluru,15-09-2023
C108706,Ritika Bhatia,46,Salaried-Private,54700,774,18.1,Chennai,27-12-2024
C108707,Anjali Sharma,23,Salaried-Government,34900,685,0.7,Kolkata,12-09-2024
C108708,Shreya Awasthi,42,Student,16900,639,5.4,Indore,05-06-2024
C108709,Vikram Shah,60,Salaried-Private,85900,721,12.6,Delhi,17-05-2023
C108710,Reyansh Kapoor,31,Salaried-Private,59400,629,7.8,Lucknow,23-11-2023
C108711,Tarun Krishnan,51,Self-Employed,52400,579,13.3,Ahmedabad,16-12-2023
C108712,Shaurya Naidu,58,Retired,53600,698,21.1,Ahmedabad,31-05-2024
C108713,Hemant Naidu,62,Salaried-Government,99700,653,24.8,Jaipur,08-11-2024
C108714,Rahul Sharma,43,Self-Employed,127900,698,10.1,Bengaluru,03-06-2023
C108715,Alok Ghosh,34,Salaried-Private,89000,478,3.5,Surat,30-08-2024
C108716,Abhishek Das,51,Self-Employed,53900,616,11.4,Kolkata,30-05-2024
C108717,Ruchi Menon,42,Salaried-Private,80600,688,6.5,Pune,30-04-2023
C108718,Sneha Ghosh,48,Self-Employed,83000,571,22.6,Bengaluru,12-07-2023
C108719,Ritika Sharma,53,Salaried-Private,44800,568,23,Bengaluru,19-11-2023
C108720,Vijay Mehta,52,Self-Employed,85200,695,24.1,Hyderabad,20-05-2024
C108721,Seema Singh,31,Salaried-Private,97400,750,7.7,Surat,21-12-2023
C108722,Rajesh Dubey,54,Business Owner,139500,629,6.7,Pune,26-10-2024
C108723,Lalit Chauhan,44,Business Owner,64800,668,16.7,Mumbai,30-07-2023
C108724,Ramesh Joshi,61,Freelancer,60200,669,21.5,Indore,21-01-2024
C108725,Arjun Mittal,50,Retired,50500,562,21.5,Bhopal,30-06-2023
C108726,Deepak Reddy,60,Salaried-Government,38000,780,34,Lucknow,25-07-2023
C108727,Rajesh Menon,64,Business Owner,50900,672,19.4,Lucknow,03-04-2024
C108728,Vijay Sen,64,Salaried-Private,75300,677,26.8,Surat,01-07-2023
C108729,Ajay Garg,53,Student,21600,713,13.2,Chandigarh,29-10-2023
C108730,Rohan Mittal,47,Self-Employed,32300,560,21.5,Indore,18-08-2024
C108731,Simran Sharma,26,Salaried-Government,71000,764,1.9,Nagpur,30-06-2024
C108732,Ravi Das,37,Salaried-Government,90800,777,7.1,Chennai,09-10-2024
C108733,Meera Rao,41,Freelancer,48500,698,16.4,Chennai,30-07-2024
C108734,Diya Patel,55,Freelancer,58600,725,9.2,Bengaluru,28-04-2025
C108735,Komal Chauhan,46,Freelancer,63100,663,13.6,Kolkata,09-05-2025
C108736,Dinesh Joshi,40,Self-Employed,84100,761,11.5,Ahmedabad,07-01-2024
C108737,Pallavi Mittal,27,Salaried-Government,26200,618,3.6,Surat,15-06-2024
C108738,Rohan Verma,52,Student,17900,680,8.8,Surat,29-03-2023
C108739,Diya Bose,40,Self-Employed,64100,691,4.3,Jaipur,08-01-2025
C108740,Pratibha Dubey,22,Self-Employed,45700,683,0.5,Mumbai,12-06-2024
C108741,Amit Tripathi,33,Self-Employed,106000,781,6.2,Surat,30-03-2025
C108742,Naina Tiwari,59,Self-Employed,96400,869,32.7,Bengaluru,22-04-2023
C108743,Ajay Bansal,26,Business Owner,54500,679,3.6,Nagpur,18-01-2024
C108744,Vijay Tripathi,38,Self-Employed,67700,727,10.5,Mumbai,11-04-2024
C108745,Usha Mehta,43,Student,20400,618,7.6,Kolkata,07-06-2023
C108746,Gaurav Sen,24,Student,8000,763,2.5,Pune,23-09-2023
C108747,Swati Mehta,28,Salaried-Government,82000,650,2.3,Bhopal,09-09-2023
C108748,Swati Khanna,62,Salaried-Private,99100,900,35.4,Mumbai,13-08-2024
C108749,Pooja Jain,46,Self-Employed,105200,562,21.6,Surat,07-09-2024
C108750,Arjun Mehta,30,Self-Employed,73900,862,8,Bhopal,05-08-2024
C108751,Shaurya Verma,28,Self-Employed,98800,774,2.8,Chandigarh,17-10-2023
C108752,Suresh Mishra,39,Student,13900,592,5.3,Chennai,28-04-2023
C108753,Ravi Tiwari,52,Salaried-Private,117100,883,19.8,Chennai,28-04-2023
C108754,Meera Mittal,53,Salaried-Private,72600,616,15.9,Hyderabad,15-12-2024
C108755,Ishaan Ghosh,29,Student,14900,657,3.8,Chennai,06-05-2023
C108756,Ravi Gupta,52,Student,19600,579,18.3,Ahmedabad,01-02-2025
C108757,Ankita Pillai,60,Salaried-Government,87100,681,26.6,Nagpur,28-10-2023
C108758,Anjali Ghosh,30,Salaried-Private,69500,686,3.9,Indore,10-07-2024
C108759,Hemant Roy,22,Salaried-Government,40500,752,0.4,Bhopal,11-05-2023
C108760,Mohit Awasthi,63,Salaried-Government,56200,883,26.3,Ahmedabad,10-01-2025
C108761,Mohit Dutta,43,Self-Employed,69900,649,5.5,Kolkata,06-04-2025
C108762,Pari Kumar,55,Salaried-Private,90700,473,23.5,Kolkata,02-05-2025
C108763,Ritika Joshi,35,Salaried-Private,24000,735,10.6,Ahmedabad,06-01-2023
C108764,Manish Chatterjee,34,Business Owner,81600,648,10.6,Bengaluru,02-04-2025
C108765,Abhishek Chauhan,30,Self-Employed,101000,840,6.5,Hyderabad,29-07-2023
C108766,Sachin Mishra,30,Business Owner,52200,685,5,Jaipur,07-06-2024
C108767,Mayank Sen,41,Salaried-Government,96100,633,16.2,Hyderabad,16-04-2025
C108768,Ritika Malhotra,25,Salaried-Private,34000,604,2.2,Delhi,04-08-2024
C108769,Gaurav Garg,58,Salaried-Government,55100,738,27.8,Hyderabad,27-12-2024
C108770,Shaurya Bhatia,43,Retired,40000,663,5.4,Indore,01-08-2023
C108771,Vivaan Tiwari,61,Salaried-Government,117700,815,27.9,Nagpur,12-04-2025
C108772,Pratibha Kumar,43,Self-Employed,59400,672,5.7,Mumbai,26-07-2024
C108773,Reyansh Awasthi,34,Self-Employed,29600,797,2.9,Hyderabad,28-02-2025
C108774,Rekha Pandey,43,Student,12800,571,12.1,Bhopal,10-01-2023
C108775,Atharv Nair,27,Salaried-Government,83400,553,1.7,Ahmedabad,14-01-2024
C108776,Ramesh Gupta,57,Salaried-Government,45100,753,15.4,Hyderabad,05-01-2025
C108777,Pratibha Mehta,52,Freelancer,75400,654,23,Lucknow,25-03-2023
C108778,Seema Kumar,27,Salaried-Private,58800,667,3.5,Surat,21-07-2023
C108779,Amit Gupta,46,Self-Employed,75200,610,17.8,Surat,18-01-2025
C108780,Simran Naidu,44,Salaried-Government,76200,604,17.2,Pune,07-05-2025
C108781,Diya Sharma,29,Retired,26600,734,4.3,Chandigarh,03-12-2023
C108782,Ananya Malhotra,26,Business Owner,94400,692,4.4,Hyderabad,23-05-2023
C108783,Manish Krishnan,54,Salaried-Private,44300,601,11.3,Pune,14-04-2023
C108784,Ramesh Bansal,32,Freelancer,70000,753,2.9,Indore,11-01-2025
C108785,Gaurav Mehta,43,Business Owner,63900,783,9.3,Chennai,27-11-2024
C108786,Siddharth Yadav,31,Self-Employed,80500,683,7.3,Delhi,22-08-2024
C108787,Sneha Mehta,49,Salaried-Private,45500,767,7.5,Kolkata,23-01-2023
C108788,Arjun Pandey,23,Salaried-Private,45100,606,1.1,Lucknow,18-11-2023
C108789,Reyansh Agarwal,36,Self-Employed,63000,735,9,Surat,15-07-2023
C108790,Reyansh Garg,45,Salaried-Government,135700,713,18.4,Hyderabad,17-05-2024
C108791,Ravi Yadav,40,Student,15800,619,15.1,Nagpur,13-08-2024
C108792,Rohan Mishra,47,Salaried-Private,49000,851,9.5,Chandigarh,23-02-2025
C108793,Aisha Naidu,28,Self-Employed,58100,707,2.7,Jaipur,05-08-2023
C108794,Shreya Verma,40,Salaried-Private,32500,637,12.9,Chandigarh,25-05-2024
C108795,Lalit Kapoor,54,Self-Employed,75300,692,26.5,Chandigarh,01-03-2023
C108796,Nikhil Tripathi,35,Salaried-Private,97600,625,4.4,Jaipur,13-06-2023
C108797,Priya Das,27,Salaried-Government,70300,597,4.2,Indore,06-09-2024
C108798,Anjali Shukla,58,Salaried-Private,87900,657,13.6,Chennai,14-05-2024
C108799,Simran Menon,55,Self-Employed,57800,658,11.1,Mumbai,01-10-2023
C108800,Sanjay Chaurasia,50,Salaried-Private,62500,625,12.7,Jaipur,06-03-2024
C108801,Alok Chatterjee,56,Freelancer,61300,789,26.5,Hyderabad,05-04-2025
C108802,Vishal Iyer,55,Salaried-Private,54100,626,24.5,Bhopal,19-10-2023
C108803,Mayank Pillai,53,Self-Employed,88400,618,17.1,Mumbai,26-02-2023
C108804,Ajay Saxena,43,Self-Employed,89600,598,15.4,Chandigarh,02-04-2023
C108805,Dev Chauhan,21,Salaried-Private,65900,587,0,Indore,11-11-2023
C108806,Rekha Iyer,47,Salaried-Private,62400,771,9,Indore,01-05-2024
C108807,Alok Agarwal,33,Salaried-Private,81600,712,9.5,Pune,19-03-2025
C108808,Geeta Bhatia,55,Self-Employed,73400,746,8.1,Bhopal,10-05-2024
C108809,Ritika Verma,41,Retired,36800,766,16.6,Jaipur,13-03-2023
C108810,Lalit Roy,60,Salaried-Private,99400,668,29.3,Mumbai,21-06-2023
C108811,Deepak Joshi,47,Business Owner,63000,807,18.4,Kolkata,27-02-2025
C108812,Anjali Pillai,45,Business Owner,43100,636,14.4,Lucknow,05-05-2023
C108813,Ruchi Tripathi,61,Business Owner,76200,603,30.7,Chandigarh,22-01-2025
C108814,Hemant Tiwari,41,Self-Employed,83300,722,4.4,Pune,07-12-2024
C108815,Komal Shukla,37,Retired,54800,699,9.8,Pune,29-04-2023
C108816,Arjun Mittal,37,Self-Employed,56500,699,6.1,Surat,13-05-2024
C108817,Meera Menon,59,Freelancer,88200,774,24.6,Mumbai,17-05-2024
C108818,Simran Yadav,54,Salaried-Private,68700,698,22.2,Bhopal,04-04-2023
C108819,Pari Ghosh,28,Freelancer,45000,711,2.5,Pune,18-04-2023
C108820,Shreya Reddy,42,Retired,31200,793,6.5,Jaipur,23-06-2023
C108821,Ananya Kumar,37,Student,20500,704,9.8,Kolkata,14-04-2025
C108822,Ankita Khanna,49,Salaried-Private,63200,729,24,Pune,25-02-2023
C108823,Shreya Agarwal,23,Freelancer,23500,570,1.3,Ahmedabad,06-06-2025
C108824,Shaurya Agarwal,52,Salaried-Private,116600,900,16.7,Chandigarh,24-06-2024
C108825,Pallavi Chaurasia,53,Business Owner,113400,569,27.4,Chennai,09-11-2023
C108826,Tushar Mittal,30,Salaried-Private,74600,648,7,Nagpur,05-10-2023
C108827,Dev Verma,27,Business Owner,144200,656,4.3,Delhi,14-05-2025
C108828,Sneha Agarwal,48,Salaried-Government,84800,861,13.7,Ahmedabad,21-01-2024
C108829,Mohit Rao,32,Salaried-Private,78900,643,6,Mumbai,04-09-2023
C108830,Karan Nair,62,Salaried-Private,72500,726,15.8,Pune,10-04-2025
C108831,Kavya Singh,55,Salaried-Private,83300,647,26.2,Indore,26-06-2024
C108832,Suresh Mehta,63,Salaried-Government,76500,608,16.8,Jaipur,05-11-2024
C108833,Vikram Bose,44,Freelancer,52900,733,15.9,Mumbai,06-08-2023
C108834,Riya Sharma,62,Business Owner,108200,638,33.3,Lucknow,01-06-2025
C108835,Reyansh Yadav,21,Freelancer,37700,702,0,Pune,20-01-2023
C108836,Riya Chaurasia,33,Freelancer,56900,738,3.7,Delhi,08-05-2025
C108837,Meera Naidu,21,Salaried-Government,71500,843,0,Delhi,12-11-2023
C108838,Sunita Mishra,50,Self-Employed,97300,593,19.5,Ahmedabad,09-01-2023
C108839,Diya Chauhan,43,Self-Employed,90200,681,7.9,Delhi,01-02-2024
C108840,Akash Mittal,33,Salaried-Private,99800,686,2.7,Surat,03-01-2024
C108841,Aarav Naidu,34,Self-Employed,96500,694,5.7,Surat,24-06-2023
C108842,Aisha Joshi,49,Business Owner,92600,899,17,Indore,10-02-2025
C108843,Riya Das,28,Self-Employed,79700,678,4.1,Indore,10-04-2024
C108844,Nikhil Verma,43,Business Owner,142000,499,7,Indore,23-01-2023
C108845,Varun Chauhan,47,Salaried-Private,46400,671,16.2,Pune,17-04-2025
C108846,Pratibha Iyer,31,Freelancer,80200,682,4.9,Hyderabad,04-03-2024
C108847,Ajay Chatterjee,31,Salaried-Private,43500,667,5.3,Chandigarh,02-01-2025
C108848,Neha Krishnan,36,Student,17000,625,12.2,Ahmedabad,05-04-2023
C108849,Priya Tiwari,47,Salaried-Private,65500,584,6.6,Chandigarh,07-01-2024
C108850,Tushar Garg,32,Salaried-Government,63800,862,6.3,Bhopal,20-09-2024
C108851,Hemant Verma,37,Salaried-Government,38200,711,5.1,Surat,13-01-2024
C108852,Shaurya Sharma,44,Salaried-Private,82400,676,7.5,Kolkata,17-01-2023
C108853,Hemant Mittal,29,Salaried-Government,35400,855,5,Indore,19-02-2025
C108854,Akash Menon,46,Salaried-Private,36100,615,16.7,Kolkata,03-07-2024
C108855,Vishal Dutta,27,Self-Employed,96200,742,3.7,Bengaluru,28-05-2024
C108856,Ishaan Awasthi,27,Student,16000,582,5.1,Delhi,13-06-2023
C108857,Manish Rao,31,Salaried-Private,45700,746,7.6,Delhi,12-01-2024
C108858,Meera Dutta,33,Self-Employed,94900,603,4.1,Delhi,22-02-2025
C108859,Rohan Shah,22,Student,11000,719,0.6,Ahmedabad,06-09-2023
C108860,Kavya Dutta,63,Salaried-Government,75300,847,26.6,Jaipur,01-06-2023
C108861,Pankaj Mishra,34,Freelancer,70600,698,8.5,Jaipur,24-04-2025
C108862,Ajay Mittal,56,Salaried-Government,70900,515,17.5,Pune,22-11-2023
C108863,Ajay Verma,60,Salaried-Government,87500,695,33.7,Pune,15-03-2024
C108864,Simran Malhotra,56,Salaried-Private,43900,725,18.4,Kolkata,14-01-2023
C108865,Vivaan Naidu,57,Salaried-Private,45200,758,27.1,Indore,21-10-2023
C108866,Tara Mishra,25,Self-Employed,95700,812,2.1,Lucknow,16-04-2025
C108867,Mayank Dutta,37,Freelancer,59200,810,12,Delhi,20-03-2025
C108868,Rahul Tripathi,53,Salaried-Private,65000,679,15.3,Chennai,13-06-2025
C108869,Vivaan Pillai,46,Student,24000,630,5,Indore,04-09-2024
C108870,Geeta Mishra,21,Salaried-Government,102200,605,0,Bhopal,05-11-2024
C108871,Dev Chatterjee,45,Salaried-Government,79800,648,14,Ahmedabad,07-03-2025
C108872,Dev Pandey,56,Student,17900,720,9.8,Hyderabad,14-03-2023
C108873,Pallavi Mehta,57,Student,22300,575,24,Bhopal,28-09-2023
C108874,Alok Pandey,37,Self-Employed,52400,613,12.8,Bhopal,29-03-2023
C108875,Nikhil Kapoor,31,Salaried-Private,60800,734,8.1,Pune,29-05-2025
C108876,Usha Yadav,34,Salaried-Private,41500,634,6,Delhi,21-06-2024
C108877,Komal Shukla,34,Salaried-Private,36300,715,6.3,Kolkata,23-02-2025
C108878,Sachin Garg,36,Freelancer,13800,616,12,Surat,26-06-2024
C108879,Naina Das,34,Salaried-Private,63500,712,11.7,Lucknow,26-07-2024
C108880,Arjun Desai,41,Business Owner,22400,621,4.7,Indore,06-09-2024
C108881,Karan Dutta,22,Salaried-Private,49000,535,0.2,Kolkata,27-05-2025
C108882,Dev Chauhan,33,Salaried-Government,80600,768,2.9,Indore,23-02-2025
C108883,Shaurya Dutta,34,Salaried-Government,49800,631,6.8,Indore,31-01-2024
C108884,Aditya Naidu,27,Self-Employed,42400,666,4.5,Mumbai,19-07-2024
C108885,Harsh Mishra,59,Self-Employed,79600,636,10.1,Jaipur,27-03-2024
C108886,Tarun Bansal,50,Retired,34700,728,19.8,Bengaluru,07-06-2023
C108887,Nitin Agarwal,61,Student,24800,710,12.8,Mumbai,20-06-2024
C108888,Mayank Kapoor,45,Business Owner,64500,733,5.4,Mumbai,03-12-2023
C108889,Ruchi Sen,25,Salaried-Private,54500,644,2.5,Chandigarh,03-12-2024
C108890,Ishaan Mittal,60,Student,22800,679,24,Bhopal,01-03-2025
C108891,Arjun Gupta,41,Student,16200,715,8,Kolkata,23-09-2024
C108892,Diya Ghosh,51,Student,25200,807,12.8,Nagpur,08-06-2023
C108893,Mayank Bose,37,Salaried-Government,71300,715,7.2,Lucknow,05-04-2025
C108894,Pratibha Pillai,42,Salaried-Private,73500,610,17.9,Mumbai,26-10-2023
C108895,Pooja Bhatia,42,Freelancer,42400,707,16.9,Chennai,28-02-2024
C108896,Ajay Bose,33,Salaried-Government,70200,677,6.8,Surat,23-07-2024
C108897,Divya Verma,45,Salaried-Private,59100,528,21,Lucknow,26-05-2024
C108898,Sanjay Iyer,53,Salaried-Government,74000,543,19.4,Lucknow,24-11-2024
C108899,Shaurya Srivastava,21,Self-Employed,81600,686,0,Lucknow,09-01-2024
C108900,Pari Roy,26,Salaried-Private,47000,688,2.7,Surat,16-08-2024
C108901,Rekha Tiwari,58,Business Owner,90100,669,30.6,Nagpur,11-12-2024
C108902,Sachin Tripathi,46,Self-Employed,64300,760,16.6,Jaipur,12-04-2024
C108903,Ramesh Chauhan,63,Self-Employed,70700,615,36.4,Pune,08-10-2024
C108904,Diya Menon,47,Salaried-Private,68900,579,14.9,Bengaluru,06-02-2025
C108905,Meera Reddy,49,Student,18400,616,23.5,Hyderabad,09-05-2025
C108906,Komal Verma,60,Salaried-Government,109100,647,28.7,Ahmedabad,16-04-2024
C108907,Tarun Patel,50,Salaried-Government,131000,694,22.5,Kolkata,21-05-2025
C108908,Tushar Menon,35,Salaried-Government,53600,624,12.5,Delhi,17-02-2024
C108909,Vivaan Joshi,44,Salaried-Government,76200,520,9.5,Lucknow,18-05-2024
C108910,Vikram Mittal,31,Business Owner,125200,493,6.4,Pune,09-05-2023
C108911,Divya Chatterjee,35,Salaried-Private,55300,698,5.3,Kolkata,04-02-2023
C108912,Nidhi Reddy,50,Student,16900,592,23.1,Lucknow,10-02-2024
C108913,Usha Jain,27,Salaried-Private,92200,533,3.7,Bhopal,11-06-2024
C108914,Neha Tripathi,50,Retired,52800,737,9.4,Jaipur,15-03-2024
C108915,Divya Tripathi,46,Self-Employed,83600,816,12.4,Nagpur,06-08-2024
C108916,Ankita Garg,34,Salaried-Private,89200,685,4.3,Lucknow,14-09-2023
C108917,Arjun Patel,22,Self-Employed,84900,714,0.5,Nagpur,02-03-2023
C108918,Shreya Krishnan,52,Salaried-Private,66400,712,7.9,Ahmedabad,04-10-2024
C108919,Diya Tripathi,57,Retired,35700,500,31.5,Delhi,12-06-2023
C108920,Karan Bose,53,Freelancer,48900,758,19.8,Hyderabad,14-10-2023
C108921,Varun Mukherjee,39,Self-Employed,102100,794,16.1,Hyderabad,19-02-2025
C108922,Dinesh Roy,49,Salaried-Government,86700,839,9,Pune,12-01-2023
C108923,Riya Mittal,39,Retired,38000,650,8.4,Chennai,24-01-2024
C108924,Tushar Khanna,36,Business Owner,150500,611,12.8,Kolkata,26-07-2024
C108925,Rajesh Chauhan,35,Self-Employed,67800,798,9.6,Indore,11-04-2025
C108926,Seema Krishnan,30,Salaried-Government,85800,732,2.2,Delhi,05-11-2023
C108927,Ravi Agarwal,63,Salaried-Private,76200,761,34.4,Chandigarh,18-10-2023
C108928,Ritika Tiwari,50,Business Owner,161500,652,9.6,Jaipur,01-07-2023
C108929,Gaurav Mishra,28,Self-Employed,86900,714,2.7,Delhi,01-06-2025
C108930,Lalit Nair,59,Freelancer,59900,604,27.1,Chandigarh,17-07-2023
C108931,Swati Menon,27,Self-Employed,64100,689,4.2,Ahmedabad,29-08-2024
C108932,Kavya Dutta,47,Self-Employed,76000,663,17.2,Surat,20-02-2025
C108933,Suresh Tripathi,28,Salaried-Government,47300,874,1.4,Indore,05-11-2024
C108934,Sanjay Dubey,36,Freelancer,28100,728,5.6,Bengaluru,10-04-2024
C108935,Ajay Shukla,49,Salaried-Government,78500,519,12.4,Hyderabad,23-06-2024
C108936,Diya Pandey,64,Student,23800,683,20.7,Bengaluru,02-11-2023
C108937,Abhishek Dubey,64,Salaried-Private,61500,718,10.8,Jaipur,04-05-2024
C108938,Lalit Ghosh,60,Business Owner,100800,657,26.2,Nagpur,13-11-2024
C108939,Pari Reddy,31,Student,12400,593,8.2,Lucknow,16-10-2024
C108940,Akash Singh,25,Freelancer,45700,739,3.6,Jaipur,26-05-2023
C108941,Nitin Pillai,60,Salaried-Private,105400,618,29.6,Mumbai,30-06-2023
C108942,Anjali Sen,61,Business Owner,125200,744,13.7,Pune,08-10-2024
C108943,Sachin Gupta,33,Salaried-Private,102000,611,6.7,Ahmedabad,14-03-2024
C108944,Pari Saxena,21,Salaried-Private,46200,644,0,Kolkata,03-02-2024
C108945,Amit Tiwari,49,Freelancer,67700,766,6.9,Indore,05-05-2025
C108946,Komal Shukla,24,Freelancer,39100,724,1.1,Pune,26-05-2023
C108947,Gaurav Garg,22,Salaried-Private,44200,689,0.4,Mumbai,16-03-2025
C108948,Pari Shah,62,Student,31100,682,25.7,Ahmedabad,02-05-2024
C108949,Sanjay Kumar,42,Salaried-Government,52000,695,18.2,Surat,18-04-2025
C108950,Riya Mishra,25,Student,8000,617,2.2,Pune,22-03-2024
C108951,Raj Sharma,49,Freelancer,43900,565,16.7,Indore,21-12-2024
C108952,Jyoti Iyer,37,Student,8600,726,10.4,Chandigarh,26-07-2023
C108953,Swati Shah,44,Freelancer,38000,808,18.3,Ahmedabad,07-12-2024
C108954,Ankita Kumar,60,Retired,38300,734,15.6,Indore,08-07-2023
C108955,Raj Pillai,31,Self-Employed,70800,710,6.4,Hyderabad,13-04-2025
C108956,Anjali Iyer,49,Salaried-Private,25200,587,23.7,Indore,04-06-2024
C108957,Divya Krishnan,57,Salaried-Government,101200,765,30.9,Lucknow,19-11-2024
C108958,Usha Khanna,39,Freelancer,21200,721,8.4,Bengaluru,03-04-2025
C108959,Siddharth Jain,63,Salaried-Private,69200,751,11.7,Pune,23-03-2023
C108960,Vijay Patel,40,Student,14900,764,16.1,Surat,31-10-2023
C108961,Suresh Bose,41,Salaried-Private,79500,818,16.9,Pune,02-06-2024
C108962,Rohan Mittal,59,Student,24500,594,10.2,Bhopal,15-01-2023
C108963,Arjun Saxena,48,Salaried-Government,97400,591,6.9,Hyderabad,04-02-2023
C108964,Karan Mishra,59,Freelancer,53400,699,12.5,Indore,17-08-2024
C108965,Sunita Srivastava,55,Retired,41000,612,22.2,Nagpur,09-06-2023
C108966,Reyansh Desai,52,Salaried-Government,82000,604,12.8,Delhi,23-03-2024
C108967,Tara Joshi,31,Business Owner,124900,796,3.7,Chandigarh,02-09-2024
C108968,Kabir Kapoor,38,Salaried-Private,78300,611,12.9,Lucknow,01-12-2024
C108969,Meera Mishra,59,Freelancer,64300,688,14.1,Bengaluru,09-04-2025
C108970,Sneha Shah,48,Freelancer,58500,558,23.6,Surat,20-01-2023
C108971,Mayank Garg,33,Salaried-Private,59100,693,6.1,Chennai,13-01-2023
C108972,Nitin Menon,35,Salaried-Private,68800,784,6.9,Bhopal,11-02-2023
C108973,Rohan Garg,55,Salaried-Government,118900,794,29.3,Indore,11-11-2024
C108974,Ishaan Shukla,28,Salaried-Private,52900,771,2,Mumbai,15-03-2023
C108975,Pankaj Shukla,25,Freelancer,39800,679,1.1,Bhopal,16-02-2024
C108976,Meera Mehta,54,Salaried-Private,59400,777,16.6,Nagpur,13-01-2023
C108977,Ananya Yadav,33,Student,14200,716,7.3,Pune,10-01-2025
C108978,Hemant Nair,54,Retired,20700,647,18.3,Nagpur,04-01-2025
C108979,Mayank Mehta,44,Student,17000,713,20,Lucknow,24-07-2024
C108980,Mohit Dutta,64,Self-Employed,104300,766,38.5,Jaipur,25-05-2025
C108981,Varun Ghosh,44,Salaried-Private,53700,581,5.3,Delhi,12-06-2024
C108982,Shweta Chaurasia,59,Freelancer,62200,604,12,Kolkata,09-09-2024
C108983,Tara Dubey,58,Business Owner,170300,694,21.7,Bengaluru,19-01-2024
C108984,Ishaan Joshi,30,Retired,40600,588,7.8,Chennai,01-06-2025
C108985,Isha Singh,64,Salaried-Government,28400,585,17,Indore,10-11-2023
C108986,Tarun Agarwal,53,Salaried-Private,39600,652,14.6,Delhi,06-08-2023
C108987,Karan Tripathi,25,Retired,31600,764,1.4,Jaipur,28-03-2024
C108988,Reyansh Iyer,21,Freelancer,31100,762,0,Nagpur,08-06-2023
C108989,Harsh Awasthi,32,Salaried-Private,61500,714,3.4,Bengaluru,28-08-2024
C108990,Naina Saxena,21,Business Owner,78600,706,0,Bengaluru,12-06-2024
C108991,Komal Bansal,36,Salaried-Private,84300,859,3.2,Kolkata,07-12-2023
C108992,Rajesh Kapoor,64,Self-Employed,57000,645,26.7,Kolkata,18-01-2023
C108993,Harsh Dubey,42,Salaried-Government,64300,708,10,Ahmedabad,15-03-2024
C108994,Karan Ghosh,22,Salaried-Government,65700,642,0.6,Hyderabad,24-04-2024
C108995,Anjali Pillai,42,Salaried-Private,70200,587,5.4,Nagpur,20-06-2024
C108996,Karan Gupta,30,Salaried-Private,61500,784,2.4,Delhi,09-02-2023
C108997,Ramesh Tripathi,58,Salaried-Government,22300,658,9.8,Mumbai,03-01-2023
C108998,Pooja Bose,24,Salaried-Private,57900,744,2.4,Hyderabad,03-12-2024
C108999,Komal Tripathi,54,Salaried-Government,70400,670,23.3,Chandigarh,12-07-2023
C109000,Deepak Mishra,40,Self-Employed,94300,793,5.5,Delhi,16-03-2025
C109001,Siddharth Das,21,Business Owner,111100,616,0,Chandigarh,15-06-2023
C109002,Pooja Reddy,50,Business Owner,107300,789,14.7,Pune,25-11-2023
C109003,Pankaj Patel,41,Salaried-Private,69300,761,5.4,Chandigarh,25-02-2025
C109004,Rajesh Tiwari,54,Salaried-Private,95200,550,26,Hyderabad,21-04-2023
C109005,Deepak Chauhan,48,Freelancer,73200,649,12.3,Chandigarh,20-03-2025
C109006,Nikhil Mehta,55,Student,22700,765,22.8,Mumbai,17-01-2023
C109007,Isha Naidu,41,Retired,66700,820,13,Lucknow,11-06-2023
C109008,Vijay Desai,21,Retired,25500,741,0,Mumbai,25-09-2023
C109009,Mohit Chaurasia,26,Self-Employed,39500,654,3.6,Ahmedabad,20-09-2024
C109010,Komal Yadav,41,Student,16200,604,4.5,Lucknow,11-06-2024
C109011,Alok Krishnan,38,Salaried-Government,59100,734,5.2,Mumbai,10-01-2024
C109012,Divya Singh,55,Freelancer,18200,648,17.4,Indore,19-05-2024
C109013,Priya Mishra,39,Retired,32400,654,4.8,Nagpur,08-05-2024
C109014,Naina Sen,58,Freelancer,64300,671,17.5,Lucknow,15-12-2024
C109015,Aditya Srivastava,29,Salaried-Government,62400,759,7.1,Hyderabad,05-01-2024
C109016,Rajesh Awasthi,37,Salaried-Government,49800,831,5.5,Lucknow,16-04-2025
C109017,Nidhi Malhotra,54,Salaried-Private,69000,772,22.9,Chennai,26-02-2024
C109018,Atharv Ghosh,26,Salaried-Government,65200,690,1.9,Surat,30-01-2025
C109019,Mohit Bansal,35,Freelancer,61000,617,3.1,Bengaluru,12-09-2024
C109020,Pankaj Mukherjee,54,Business Owner,80700,745,8.9,Surat,31-12-2023
C109021,Suresh Mehta,46,Salaried-Private,82500,825,6.8,Chennai,18-09-2023
C109022,Ritika Patel,55,Business Owner,66700,770,13.9,Jaipur,30-03-2024
C109023,Rajesh Chaurasia,43,Salaried-Government,58200,705,19.2,Chennai,19-01-2023
C109024,Shweta Dubey,58,Self-Employed,121600,659,23.5,Chennai,31-10-2023
C109025,Jyoti Saxena,59,Salaried-Government,53200,715,10.9,Pune,28-03-2024
C109026,Swati Verma,63,Self-Employed,67000,782,10.5,Indore,26-11-2023
C109027,Sachin Sen,26,Business Owner,49900,706,4.4,Ahmedabad,30-03-2023
C109028,Anjali Srivastava,47,Business Owner,71900,682,8.3,Lucknow,18-06-2024
C109029,Swati Sharma,26,Freelancer,48200,632,1.9,Lucknow,11-05-2025
C109030,Isha Garg,31,Salaried-Government,80000,899,7.9,Surat,26-01-2024
C109031,Vijay Roy,34,Business Owner,92600,622,7.6,Nagpur,04-11-2023
C109032,Ravi Sharma,49,Salaried-Private,59700,610,10,Mumbai,22-09-2024
C109033,Dinesh Dubey,39,Salaried-Government,40400,699,12,Kolkata,19-01-2023
C109034,Priya Tiwari,59,Self-Employed,63700,673,17.5,Nagpur,19-03-2025
C109035,Kabir Shah,34,Business Owner,43700,768,7.9,Nagpur,08-03-2024
C109036,Suresh Kumar,48,Student,21300,767,7.2,Ahmedabad,14-11-2024
C109037,Riya Mishra,54,Salaried-Private,84300,595,26.9,Mumbai,17-10-2023
C109038,Varun Chauhan,64,Freelancer,60600,628,26.5,Pune,04-07-2023
C109039,Dinesh Awasthi,31,Salaried-Private,67800,620,2,Pune,09-09-2024
C109040,Siddharth Verma,53,Self-Employed,99800,757,18.9,Pune,19-09-2023
C109041,Suresh Shah,24,Freelancer,46800,721,1.4,Mumbai,27-09-2024
C109042,Aditya Roy,44,Business Owner,141800,671,19.2,Indore,19-09-2024
C109043,Shaurya Das,39,Student,12400,699,5.3,Jaipur,20-09-2024
C109044,Komal Bhatia,63,Freelancer,55200,598,18.2,Pune,10-12-2024
C109045,Nikhil Garg,55,Salaried-Private,59200,629,25,Nagpur,19-12-2023
C109046,Nikhil Agarwal,61,Retired,56800,584,14.3,Bhopal,01-06-2025
C109047,Amit Awasthi,58,Student,18700,694,15.5,Hyderabad,11-02-2025
C109048,Dinesh Desai,39,Salaried-Government,99600,706,13.3,Bengaluru,24-02-2024
C109049,Sanjay Tiwari,53,Salaried-Private,79000,613,22.4,Lucknow,12-02-2023
C109050,Abhishek Malhotra,22,Salaried-Private,90400,727,0.5,Indore,07-02-2023
C109051,Riya Das,45,Freelancer,53000,772,12.7,Chandigarh,28-02-2024
C109052,Seema Dutta,23,Retired,27200,601,1.2,Bhopal,27-01-2023
C109053,Vivaan Patel,52,Freelancer,66900,663,25.5,Delhi,02-05-2025
C109054,Ananya Srivastava,63,Salaried-Government,100000,736,27.8,Bengaluru,15-01-2024
C109055,Rajesh Dutta,50,Salaried-Private,52300,687,17.8,Ahmedabad,12-01-2024
C109056,Diya Khanna,57,Self-Employed,32500,575,27.6,Jaipur,17-04-2024
C109057,Sanya Khanna,31,Salaried-Government,24300,648,4.1,Bengaluru,03-06-2025
C109058,Komal Khanna,64,Salaried-Private,77400,653,22,Mumbai,21-06-2024
C109059,Kabir Dutta,45,Salaried-Private,95400,680,16.3,Pune,02-10-2024
C109060,Hemant Menon,50,Salaried-Private,40600,675,14,Lucknow,17-05-2024
C109061,Priya Dutta,54,Salaried-Private,62800,814,17.7,Bhopal,04-01-2024
C109062,Harsh Desai,49,Freelancer,49600,670,8.7,Bhopal,21-03-2023
C109063,Mohit Chatterjee,34,Salaried-Government,108000,558,8.2,Chennai,06-09-2024
C109064,Mayank Gupta,47,Salaried-Government,120600,705,16.9,Chennai,24-03-2024
C109065,Meera Malhotra,49,Self-Employed,87400,832,22.4,Indore,02-05-2025
C109066,Geeta Tiwari,58,Retired,58600,675,9.6,Bengaluru,05-05-2023
C109067,Pari Gupta,42,Freelancer,66300,654,17.4,Chandigarh,03-02-2025
C109068,Ankita Naidu,43,Self-Employed,44100,662,5.7,Mumbai,26-08-2024
C109069,Ajay Nair,43,Business Owner,119200,744,15.9,Hyderabad,25-06-2023
C109070,Pratibha Gupta,26,Business Owner,57400,663,3.1,Bengaluru,11-04-2024
C109071,Geeta Reddy,24,Business Owner,83700,571,1.5,Ahmedabad,04-01-2025
C109072,Pari Joshi,21,Salaried-Government,85600,639,0,Delhi,26-09-2024
C109073,Lalit Srivastava,50,Self-Employed,79500,686,15.1,Surat,24-07-2023
C109074,Siddharth Mukherjee,39,Salaried-Government,92000,736,3.9,Ahmedabad,13-09-2024
C109075,Shaurya Sharma,59,Salaried-Government,104300,649,21.4,Surat,31-03-2023
C109076,Seema Desai,51,Salaried-Private,31900,661,17.2,Lucknow,06-05-2023
C109077,Aarav Singh,27,Salaried-Government,15000,685,4.3,Jaipur,30-12-2023
C109078,Saanvi Sharma,25,Salaried-Government,87700,630,1.8,Kolkata,25-02-2023
C109079,Sanya Garg,37,Self-Employed,101300,687,4,Pune,17-06-2024
C109080,Ritika Mehta,61,Salaried-Government,82100,729,17.8,Surat,14-06-2023
C109081,Akash Dutta,23,Salaried-Private,63600,594,1.2,Nagpur,09-10-2023
C109082,Sunita Srivastava,29,Salaried-Private,76100,715,4.7,Bengaluru,16-06-2024
C109083,Sneha Bose,22,Salaried-Government,80100,604,0.8,Delhi,01-02-2025
C109084,Simran Bansal,39,Business Owner,85500,607,7,Chandigarh,07-05-2023
C109085,Nidhi Pandey,64,Salaried-Private,91300,640,25.7,Surat,21-10-2023
C109086,Vivaan Agarwal,51,Salaried-Private,60100,798,26.5,Jaipur,23-01-2024
C109087,Mayank Kumar,42,Salaried-Private,68300,553,8.8,Mumbai,19-04-2023
C109088,Vishal Saxena,27,Salaried-Government,67300,652,3,Ahmedabad,28-06-2023
C109089,Divya Mishra,36,Salaried-Private,43800,684,13.4,Jaipur,24-03-2024
C109090,Ravi Mishra,44,Salaried-Government,53400,781,6.9,Chandigarh,16-12-2023
C109091,Pooja Chatterjee,33,Self-Employed,124400,854,7.2,Bengaluru,24-07-2024
C109092,Nikhil Reddy,52,Student,18000,648,14.2,Jaipur,22-02-2025
C109093,Kavya Awasthi,64,Business Owner,117000,740,10,Delhi,06-09-2023
C109094,Neha Chaurasia,30,Salaried-Private,70200,682,6.6,Bhopal,05-06-2023
C109095,Tarun Mittal,32,Salaried-Government,63700,681,3.7,Mumbai,16-03-2025
C109096,Nidhi Tripathi,26,Freelancer,56700,710,4.1,Jaipur,11-11-2023
C109097,Shreya Srivastava,52,Salaried-Private,74000,564,15.3,Nagpur,25-02-2023
C109098,Dinesh Desai,41,Student,13600,678,6,Pune,07-04-2025
C109099,Dinesh Tripathi,33,Self-Employed,83700,728,4.5,Delhi,20-06-2024
C109100,Vivaan Rao,30,Salaried-Private,47700,618,7,Surat,25-05-2025
C109101,Komal Patel,24,Salaried-Private,91000,730,1.4,Pune,27-01-2025
C109102,Ritika Desai,41,Student,17500,544,7.6,Surat,20-07-2024
C109103,Shweta Dubey,51,Retired,36600,692,11.2,Kolkata,30-12-2024
C109104,Swati Tripathi,31,Student,13300,789,6.1,Pune,03-05-2023
C109105,Amit Nair,21,Salaried-Private,36500,667,0,Mumbai,09-08-2024
C109106,Sanjay Khanna,41,Freelancer,56100,610,17.1,Pune,25-05-2023
C109107,Shaurya Sen,50,Salaried-Private,62100,575,6.8,Indore,07-02-2023
C109108,Siddharth Garg,36,Salaried-Government,48300,718,4.6,Nagpur,12-01-2025
C109109,Manoj Kumar,32,Business Owner,65500,764,5.5,Mumbai,14-03-2023
C109110,Shweta Bose,27,Retired,64600,685,2.1,Bengaluru,15-01-2023
C109111,Sachin Pandey,53,Salaried-Government,75300,654,23.8,Indore,09-03-2024
C109112,Vivaan Sen,58,Salaried-Government,65800,535,31.1,Bhopal,30-11-2023
C109113,Saanvi Tripathi,54,Salaried-Private,56100,698,20.5,Mumbai,30-04-2025
C109114,Geeta Garg,43,Salaried-Government,79700,636,17.6,Ahmedabad,09-09-2024
C109115,Sanya Krishnan,52,Salaried-Private,54600,637,23.6,Ahmedabad,12-03-2023
C109116,Vishal Sharma,38,Student,11800,811,5.3,Nagpur,17-05-2023
C109117,Vivaan Roy,22,Salaried-Private,54800,544,0.3,Chandigarh,06-02-2025
C109118,Naina Malhotra,37,Business Owner,93100,560,10.2,Chandigarh,17-12-2024
C109119,Aarav Tiwari,51,Salaried-Private,58700,707,26.6,Mumbai,01-01-2025
C109120,Harsh Jain,49,Salaried-Government,52100,656,21.9,Lucknow,02-09-2023
C109121,Ananya Mittal,64,Salaried-Private,64400,648,27.2,Bhopal,08-05-2025
C109122,Usha Dutta,64,Salaried-Government,67400,711,11.9,Ahmedabad,08-03-2024
C109123,Swati Mittal,31,Self-Employed,55400,708,7.5,Kolkata,17-05-2023
C109124,Sanjay Srivastava,21,Self-Employed,72600,612,0,Hyderabad,28-02-2025
C109125,Varun Krishnan,33,Student,19700,635,10.2,Kolkata,05-04-2023
C109126,Sunita Krishnan,59,Salaried-Private,96800,698,26.5,Pune,19-04-2023
C109127,Manish Patel,56,Self-Employed,126600,712,9.5,Bengaluru,08-12-2023
C109128,Sachin Das,25,Student,8100,719,2.5,Nagpur,10-01-2025
C109129,Pranav Nair,28,Salaried-Private,91300,647,3.4,Hyderabad,11-04-2024
C109130,Rohan Chatterjee,45,Student,18500,710,11.9,Bengaluru,18-05-2023
C109131,Naina Desai,50,Retired,56400,764,18.6,Chandigarh,11-02-2025
C109132,Kavya Chatterjee,64,Freelancer,68500,694,35.7,Bengaluru,11-04-2024
C109133,Siddharth Khanna,54,Self-Employed,71000,682,24.2,Mumbai,08-04-2025
C109134,Nikhil Desai,30,Business Owner,114600,678,1.9,Jaipur,29-06-2024
C109135,Pooja Ghosh,22,Salaried-Government,71600,641,0.3,Chennai,16-10-2023
C109136,Aditya Das,48,Self-Employed,34400,610,12.3,Lucknow,24-04-2023
C109137,Divya Saxena,45,Retired,41100,662,16.3,Chennai,11-01-2025
C109138,Naina Shah,61,Salaried-Private,88400,729,25.8,Delhi,01-04-2023
C109139,Komal Khanna,46,Freelancer,58400,617,13.8,Chennai,23-01-2025
C109140,Arjun Patel,43,Self-Employed,86100,686,11,Pune,06-11-2024
C109141,Swati Das,34,Salaried-Private,45200,671,9.8,Chennai,07-01-2024
C109142,Anjali Kapoor,24,Self-Employed,73300,833,0.8,Jaipur,01-06-2024
C109143,Jyoti Chatterjee,59,Freelancer,57700,746,23.4,Delhi,16-02-2024
C109144,Vikram Patel,57,Self-Employed,75500,747,27.6,Surat,06-02-2023
C109145,Manoj Reddy,28,Freelancer,35900,758,2.7,Bengaluru,04-03-2025
C109146,Mayank Patel,51,Salaried-Government,92600,650,10.2,Surat,14-11-2024
C109147,Ramesh Agarwal,37,Student,15700,792,10.7,Jaipur,28-02-2025
C109148,Isha Menon,40,Self-Employed,79500,704,6.1,Bengaluru,09-06-2024
C109149,Aditya Mukherjee,58,Freelancer,91600,690,20,Jaipur,14-05-2025
C109150,Amit Khanna,58,Salaried-Private,79300,594,31.3,Nagpur,25-02-2023
C109151,Rajesh Ghosh,29,Salaried-Government,90100,661,1.9,Indore,04-07-2024
C109152,Nitin Joshi,34,Student,14300,540,10.9,Chandigarh,30-03-2025
C109153,Ravi Naidu,57,Salaried-Private,62300,669,12,Kolkata,14-03-2024
C109154,Dinesh Garg,61,Salaried-Government,53200,641,21.5,Chandigarh,27-02-2024
C109155,Alok Mehta,24,Freelancer,49100,655,0.9,Ahmedabad,14-01-2025
C109156,Pranav Desai,57,Business Owner,17200,571,25.1,Chennai,20-11-2023
C109157,Mayank Awasthi,42,Student,17500,738,18.9,Delhi,14-03-2023
C109158,Vishal Mishra,46,Business Owner,108100,743,10.3,Kolkata,03-09-2023
C109159,Karan Mehta,24,Student,8800,816,2.5,Chandigarh,24-02-2025
C109160,Deepak Das,50,Salaried-Government,70100,823,20.6,Bhopal,03-10-2023
C109161,Pankaj Chaurasia,50,Self-Employed,47600,699,25.4,Ahmedabad,14-07-2023
C109162,Siddharth Mittal,50,Freelancer,77800,773,19.4,Lucknow,27-01-2024
C109163,Tushar Roy,55,Business Owner,90800,714,23,Chandigarh,27-02-2024
C109164,Jyoti Shah,62,Salaried-Private,52000,653,35.3,Hyderabad,01-05-2025
C109165,Siddharth Yadav,58,Salaried-Government,87300,670,26.2,Bengaluru,09-09-2024
C109166,Rahul Shah,53,Self-Employed,81500,743,25.4,Jaipur,03-12-2024
C109167,Harsh Krishnan,64,Freelancer,55500,900,17.2,Surat,26-01-2023
C109168,Simran Iyer,50,Self-Employed,66500,783,9.2,Mumbai,11-02-2025
C109169,Sunita Krishnan,50,Freelancer,55500,708,18.8,Lucknow,18-12-2023
C109170,Ramesh Mehta,44,Freelancer,74700,729,8.7,Kolkata,26-03-2023
C109171,Jyoti Singh,54,Salaried-Private,77600,729,16.5,Pune,21-09-2023
C109172,Aditya Menon,24,Self-Employed,66400,682,2.4,Kolkata,09-08-2024
C109173,Swati Nair,43,Self-Employed,95300,754,14.1,Kolkata,03-03-2023
C109174,Pratibha Mittal,39,Salaried-Private,62800,676,15.5,Lucknow,08-11-2024
C109175,Manoj Mukherjee,61,Salaried-Government,85300,611,17.9,Mumbai,01-06-2023
C109176,Kabir Mittal,24,Self-Employed,70800,729,1.2,Bhopal,27-01-2025
C109177,Ananya Desai,49,Freelancer,64600,738,9.8,Chennai,24-05-2023
C109178,Dev Bose,29,Salaried-Government,53900,676,7.1,Bhopal,08-03-2025
C109179,Kabir Shukla,59,Salaried-Private,47400,711,19,Bengaluru,07-11-2024
C109180,Nitin Saxena,58,Salaried-Government,95300,771,31.2,Pune,26-06-2023
C109181,Aditya Khanna,31,Freelancer,72100,686,4.4,Pune,31-12-2023
C109182,Abhishek Malhotra,59,Self-Employed,55000,652,15.3,Bengaluru,18-03-2023
C109183,Vijay Chatterjee,42,Salaried-Private,67000,633,15.5,Delhi,11-02-2023
C109184,Nitin Srivastava,63,Student,23700,663,26.6,Mumbai,18-11-2023
C109185,Hemant Verma,53,Salaried-Private,85500,815,18.2,Bhopal,20-07-2023
C109186,Ravi Joshi,22,Salaried-Private,60300,673,0.5,Delhi,26-11-2024
C109187,Sanjay Roy,29,Salaried-Government,136900,729,4.2,Chandigarh,13-10-2024
C109188,Kavya Kapoor,38,Business Owner,85200,666,13.3,Mumbai,27-09-2023
C109189,Varun Desai,30,Freelancer,72200,658,2.8,Bhopal,20-07-2023
C109190,Abhishek Agarwal,26,Salaried-Private,89700,623,1.2,Hyderabad,07-03-2025
C109191,Rohan Awasthi,64,Freelancer,69700,698,8.8,Nagpur,30-01-2024
C109192,Abhishek Yadav,59,Business Owner,104400,654,20.8,Kolkata,09-08-2024
C109193,Gaurav Srivastava,40,Student,16100,784,14.7,Jaipur,15-08-2024
C109194,Karan Roy,30,Student,11900,673,6,Kolkata,11-09-2024
C109195,Swati Awasthi,28,Freelancer,64900,686,6.3,Chandigarh,14-05-2025
C109196,Naina Mehta,61,Salaried-Private,53500,673,25.1,Hyderabad,25-09-2024
C109197,Jyoti Agarwal,35,Salaried-Private,57400,718,7.8,Kolkata,24-02-2023
C109198,Raj Chauhan,21,Student,8000,800,0,Hyderabad,27-12-2023
C109199,Naina Dutta,38,Self-Employed,31400,601,13.9,Chandigarh,19-07-2023
C109200,Siddharth Tiwari,40,Self-Employed,94200,716,4,Bhopal,08-08-2023
C109201,Simran Nair,48,Student,22200,557,14.2,Jaipur,19-07-2023
C109202,Sanjay Chauhan,35,Student,11900,779,6.8,Surat,03-02-2025
C109203,Karan Chatterjee,61,Business Owner,137000,691,34.7,Chandigarh,06-03-2025
C109204,Aisha Ghosh,49,Student,14700,562,9.3,Ahmedabad,02-07-2023
C109205,Simran Patel,64,Salaried-Private,72700,588,9.4,Chennai,11-05-2024
C109206,Vishal Mukherjee,37,Freelancer,48400,752,10.3,Nagpur,11-02-2024
C109207,Ananya Mehta,49,Retired,45300,553,17.9,Lucknow,06-11-2024
C109208,Siddharth Srivastava,37,Salaried-Private,63100,711,6.8,Mumbai,18-02-2025
C109209,Vijay Jain,51,Salaried-Private,65500,655,17.3,Jaipur,18-02-2024
C109210,Swati Chauhan,53,Freelancer,50600,672,19.8,Ahmedabad,11-01-2024
C109211,Atharv Shukla,35,Self-Employed,69000,636,6.3,Hyderabad,01-03-2024
C109212,Kavya Rao,62,Salaried-Private,98700,618,20.3,Chandigarh,21-03-2024
C109213,Anjali Roy,58,Salaried-Private,58200,649,11.1,Lucknow,26-05-2025
C109214,Nikhil Srivastava,60,Salaried-Private,115700,743,28.8,Ahmedabad,25-04-2023
C109215,Seema Mittal,30,Salaried-Private,45900,663,4.3,Pune,29-05-2023
C109216,Swati Bhatia,52,Student,21400,716,20.2,Hyderabad,20-12-2023
C109217,Naina Mehta,25,Business Owner,107900,676,2,Surat,24-12-2023
C109218,Sachin Agarwal,25,Business Owner,80300,740,1.3,Bhopal,15-03-2024
C109219,Rohan Chaurasia,63,Salaried-Private,99400,728,29,Surat,07-06-2025
C109220,Ananya Srivastava,27,Salaried-Government,74900,647,3,Mumbai,09-06-2024
C109221,Ananya Mittal,59,Salaried-Private,66100,613,12.5,Lucknow,23-08-2023
C109222,Rajesh Yadav,39,Student,19600,759,15.4,Ahmedabad,27-08-2023
C109223,Tushar Pillai,34,Retired,26000,618,10.7,Lucknow,10-04-2023
C109224,Abhishek Mittal,24,Salaried-Government,49300,727,2.1,Pune,17-01-2023
C109225,Akash Das,50,Retired,51400,690,17.5,Ahmedabad,24-09-2023
C109226,Ravi Reddy,52,Salaried-Private,83400,655,19.8,Ahmedabad,23-09-2024
C109227,Priya Krishnan,41,Salaried-Private,69500,724,9,Surat,22-01-2025
C109228,Rekha Bansal,56,Freelancer,56000,797,13.4,Bhopal,21-09-2024
C109229,Ankita Reddy,35,Salaried-Government,60600,739,8.6,Indore,14-06-2025
C109230,Ankita Mukherjee,45,Student,21200,693,17.2,Bengaluru,12-08-2023
C109231,Komal Naidu,33,Salaried-Private,64600,819,6.6,Delhi,14-07-2024
C109232,Nikhil Mukherjee,46,Freelancer,40000,552,20.7,Bhopal,26-11-2024
C109233,Saanvi Jain,26,Salaried-Private,38400,596,2.4,Chandigarh,09-06-2025
C109234,Nitin Tiwari,41,Salaried-Private,93300,656,9.3,Chennai,18-09-2023
C109235,Kabir Mehta,45,Salaried-Government,54300,801,11.9,Delhi,10-06-2023
C109236,Nidhi Verma,45,Student,18700,758,16.6,Delhi,29-05-2025
C109237,Shaurya Mukherjee,40,Self-Employed,106000,558,4.2,Ahmedabad,20-07-2024
C109238,Swati Shukla,49,Self-Employed,90200,658,12.5,Chennai,06-12-2024
C109239,Raj Khanna,43,Salaried-Private,48600,581,15.8,Bengaluru,17-06-2024
C109240,Vijay Singh,33,Salaried-Private,39500,682,7.1,Bhopal,08-05-2023
C109241,Pari Tripathi,30,Salaried-Private,96000,766,3.8,Chandigarh,29-04-2023
C109242,Manish Iyer,49,Freelancer,38500,763,18.5,Kolkata,14-10-2023
C109243,Karan Patel,62,Salaried-Private,60300,710,34.1,Mumbai,08-07-2024
C109244,Shweta Mittal,54,Salaried-Private,75700,657,18.3,Bengaluru,11-05-2025
C109245,Rohan Dubey,49,Self-Employed,71900,683,20.1,Lucknow,27-04-2024
C109246,Aditya Desai,61,Self-Employed,95800,749,13.6,Pune,15-04-2024
C109247,Pratibha Jain,60,Salaried-Government,43800,874,20.7,Ahmedabad,11-11-2024
C109248,Ravi Roy,43,Salaried-Private,59600,594,8.9,Bhopal,10-09-2024
C109249,Divya Garg,25,Salaried-Government,77000,818,3.6,Hyderabad,17-01-2025
C109250,Rohan Srivastava,48,Business Owner,120600,717,9.5,Nagpur,01-10-2023
C109251,Vivaan Tiwari,48,Salaried-Private,54400,753,23.3,Nagpur,21-07-2023
C109252,Aisha Krishnan,33,Business Owner,60100,703,5.8,Jaipur,31-08-2024
C109253,Pratibha Nair,58,Salaried-Private,74100,803,20.3,Chennai,10-04-2023
C109254,Pankaj Kapoor,59,Student,19500,709,21.5,Nagpur,29-11-2024
C109255,Pratibha Joshi,35,Retired,54000,636,5.2,Hyderabad,11-04-2025
C109256,Naina Mishra,41,Salaried-Private,66100,725,7.3,Bhopal,11-08-2024
C109257,Amit Dutta,29,Salaried-Government,48400,777,3.7,Ahmedabad,28-10-2024
C109258,Geeta Krishnan,28,Salaried-Government,40100,686,5.1,Bhopal,26-04-2024
C109259,Ishaan Tripathi,32,Freelancer,38300,519,7.6,Chennai,23-11-2023
C109260,Ramesh Mukherjee,37,Self-Employed,34900,676,14.4,Lucknow,18-07-2023
C109261,Isha Gupta,33,Self-Employed,82700,700,3.1,Lucknow,28-04-2024
C109262,Pari Patel,27,Salaried-Private,41300,682,4.4,Pune,24-03-2025
C109263,Pallavi Ghosh,40,Salaried-Private,70600,650,6.4,Mumbai,10-01-2025
C109264,Kabir Mishra,48,Business Owner,116000,803,15.1,Chennai,30-11-2023
C109265,Pallavi Mishra,35,Self-Employed,94800,504,4.7,Lucknow,27-05-2023
C109266,Vishal Mittal,44,Freelancer,57200,696,19.7,Chandigarh,09-06-2025
C109267,Komal Das,32,Freelancer,66400,698,6.1,Ahmedabad,02-01-2023
C109268,Harsh Naidu,51,Self-Employed,111300,864,15.9,Indore,14-06-2023
C109269,Tushar Chauhan,49,Self-Employed,83400,691,11.6,Chandigarh,06-05-2024
C109270,Suresh Saxena,63,Student,26000,719,21.6,Delhi,24-01-2025
C109271,Pranav Awasthi,23,Freelancer,35900,695,0.6,Pune,25-03-2023
C109272,Tushar Roy,58,Student,20100,690,25.1,Kolkata,10-08-2023
C109273,Kavya Chauhan,35,Retired,54000,829,8.4,Mumbai,15-05-2025
C109274,Sanya Roy,23,Salaried-Government,74600,602,0.5,Chennai,03-03-2023
C109275,Nidhi Nair,51,Business Owner,122000,644,8.1,Chandigarh,03-07-2023
C109276,Priya Verma,28,Business Owner,71900,751,2.8,Bhopal,31-01-2023
C109277,Ananya Krishnan,28,Salaried-Private,90300,714,3.7,Delhi,24-10-2024
C109278,Jyoti Awasthi,64,Self-Employed,77700,668,15.3,Jaipur,24-10-2023
C109279,Varun Kapoor,30,Salaried-Government,46500,681,2.6,Kolkata,01-10-2024
C109280,Rekha Gupta,45,Salaried-Government,57500,761,6.4,Bhopal,16-01-2023
C109281,Pranav Yadav,29,Salaried-Private,89600,732,3.3,Bhopal,30-05-2023
C109282,Seema Pillai,26,Business Owner,54400,631,3.2,Nagpur,14-04-2023
C109283,Ramesh Roy,21,Business Owner,64000,708,0,Indore,23-01-2023
C109284,Usha Joshi,21,Self-Employed,135600,696,0,Chandigarh,10-01-2023
C109285,Rohan Yadav,41,Salaried-Private,81800,729,10.2,Hyderabad,27-07-2023
C109286,Pankaj Tripathi,40,Self-Employed,56000,662,12.2,Hyderabad,12-02-2025
C109287,Sunita Jain,22,Salaried-Private,33800,588,0.5,Bhopal,01-05-2024
C109288,Rohan Tripathi,36,Salaried-Private,27500,737,13.3,Lucknow,13-11-2024
C109289,Shaurya Joshi,33,Salaried-Government,67400,733,8.2,Chandigarh,24-04-2023
C109290,Sanjay Tripathi,46,Student,20400,796,15.1,Chennai,20-03-2025
C109291,Saanvi Shukla,64,Salaried-Government,111100,591,23.6,Indore,26-04-2025
C109292,Pankaj Nair,51,Self-Employed,32500,679,16.3,Bengaluru,21-06-2024
C109293,Isha Malhotra,61,Student,20300,664,16.2,Bhopal,05-12-2024
C109294,Suresh Awasthi,29,Salaried-Government,61100,657,2,Pune,07-01-2024
C109295,Rajesh Tiwari,30,Student,20200,559,7.1,Delhi,21-07-2023
C109296,Sachin Awasthi,54,Salaried-Private,85900,607,27.5,Bhopal,27-02-2025
C109297,Kabir Awasthi,34,Salaried-Government,73900,712,11.5,Nagpur,12-04-2023
C109298,Seema Tripathi,58,Salaried-Private,45300,646,17.9,Nagpur,15-12-2023
C109299,Diya Agarwal,41,Self-Employed,23100,617,17.2,Mumbai,02-03-2023
C109300,Abhishek Bansal,29,Retired,36700,799,5.5,Ahmedabad,02-10-2023
C109301,Simran Chauhan,58,Business Owner,99600,884,18.3,Pune,07-01-2025
C109302,Naina Bhatia,45,Self-Employed,69200,685,20.2,Pune,31-10-2024
C109303,Naina Mishra,56,Salaried-Private,61400,569,30.7,Pune,04-03-2025
C109304,Ishaan Reddy,40,Student,13600,713,10.9,Mumbai,04-01-2025
C109305,Kabir Desai,26,Salaried-Government,41000,519,3.7,Kolkata,18-04-2024
C109306,Kabir Srivastava,50,Salaried-Private,94400,586,21.6,Delhi,19-05-2025
C109307,Ajay Kapoor,26,Retired,24400,716,3.1,Hyderabad,23-05-2024
C109308,Manoj Kapoor,50,Salaried-Government,66000,579,14.4,Lucknow,07-08-2024
C109309,Diya Nair,39,Salaried-Government,66800,666,5.3,Delhi,15-01-2024
C109310,Swati Saxena,55,Salaried-Private,82700,573,30.6,Lucknow,26-09-2023
C109311,Manish Singh,59,Salaried-Private,53200,692,9.5,Bhopal,19-12-2024
C109312,Siddharth Dubey,38,Freelancer,66400,779,5,Nagpur,06-04-2025
C109313,Kavya Chauhan,59,Salaried-Government,62900,640,17.6,Surat,25-02-2025
C109314,Rohan Bose,25,Retired,32700,683,1.9,Indore,26-10-2024
C109315,Isha Bansal,25,Salaried-Private,89500,628,1.5,Kolkata,10-10-2023
C109316,Simran Awasthi,64,Self-Employed,59900,629,11,Indore,10-01-2025
C109317,Sunita Chaurasia,46,Business Owner,121100,631,20.7,Chandigarh,21-03-2025
C109318,Harsh Jain,40,Self-Employed,97700,757,10.6,Indore,17-02-2024
C109319,Dinesh Khanna,27,Self-Employed,75800,578,5.3,Indore,06-08-2023
C109320,Swati Tripathi,33,Self-Employed,68000,663,9.8,Lucknow,15-08-2024
C109321,Rekha Bansal,51,Business Owner,168000,737,16.4,Hyderabad,18-07-2023
C109322,Nikhil Garg,57,Student,22600,756,17,Mumbai,27-05-2025
C109323,Rahul Bhatia,61,Salaried-Private,75100,726,15.1,Chennai,05-02-2025
C109324,Komal Mukherjee,38,Salaried-Government,59900,683,15.2,Chennai,14-08-2024
C109325,Arjun Gupta,41,Self-Employed,77600,646,12.5,Nagpur,13-04-2024
C109326,Shreya Menon,28,Salaried-Private,77100,765,5.5,Mumbai,09-06-2023
C109327,Reyansh Awasthi,24,Salaried-Private,50700,618,2.7,Jaipur,17-02-2023
C109328,Anjali Singh,40,Retired,15300,614,6.8,Nagpur,15-01-2023
C109329,Aarav Kumar,46,Salaried-Private,75300,799,21.2,Chennai,02-04-2023
C109330,Pallavi Srivastava,25,Salaried-Private,35000,714,3,Jaipur,17-01-2024
C109331,Isha Sen,38,Self-Employed,90600,725,8.8,Bengaluru,17-09-2023
C109332,Neha Sharma,49,Salaried-Private,66200,737,24.2,Ahmedabad,11-11-2023
C109333,Swati Malhotra,56,Salaried-Private,87900,685,21.5,Nagpur,10-06-2023
C109334,Pratibha Dubey,62,Salaried-Private,52400,572,19.5,Lucknow,10-10-2024
C109335,Simran Mehta,35,Salaried-Private,49900,707,4.4,Jaipur,15-06-2025
C109336,Isha Gupta,38,Salaried-Government,59800,687,12.1,Nagpur,02-01-2023
C109337,Siddharth Mishra,59,Freelancer,35500,616,28.2,Bhopal,07-10-2024
C109338,Sanya Naidu,51,Salaried-Private,89200,606,10.3,Chennai,14-03-2025
C109339,Mayank Dubey,33,Salaried-Government,29500,680,5.5,Surat,30-01-2024
C109340,Abhishek Dubey,51,Self-Employed,104300,587,7.2,Surat,28-05-2024
C109341,Rohan Tiwari,27,Salaried-Private,65900,678,3.5,Ahmedabad,27-12-2024
C109342,Meera Kumar,40,Salaried-Government,63700,668,11.8,Bengaluru,27-07-2024
C109343,Ritika Iyer,34,Salaried-Government,73300,681,10.3,Bhopal,22-09-2023
C109344,Vijay Ghosh,64,Salaried-Private,78600,724,9.4,Bengaluru,10-10-2023
C109345,Neha Chaurasia,22,Salaried-Government,52100,737,0.3,Pune,27-01-2023
C109346,Pranav Yadav,58,Salaried-Private,75800,634,8.2,Hyderabad,22-12-2024
C109347,Shweta Mehta,33,Student,15200,751,10.3,Chandigarh,25-11-2023
C109348,Jyoti Chatterjee,22,Retired,22100,665,0.6,Delhi,25-02-2025
C109349,Pooja Shukla,50,Student,20900,823,10.8,Ahmedabad,19-11-2023
C109350,Seema Khanna,50,Salaried-Private,14100,635,6.2,Bhopal,09-04-2024
C109351,Ajay Chatterjee,27,Freelancer,15500,553,1.6,Indore,07-05-2023
C109352,Rahul Mittal,22,Self-Employed,79900,758,0.7,Hyderabad,05-03-2023
C109353,Aisha Bansal,25,Salaried-Private,48200,721,2.1,Kolkata,21-07-2024
C109354,Nikhil Kapoor,38,Student,12500,778,12.1,Kolkata,14-10-2024
C109355,Mayank Malhotra,26,Freelancer,45200,711,1.9,Chennai,14-12-2023
C109356,Ishaan Sharma,51,Salaried-Private,59100,876,15.2,Bhopal,23-07-2024
C109357,Vivaan Joshi,24,Retired,22300,668,1.9,Lucknow,26-09-2023
C109358,Tarun Rao,55,Salaried-Private,35800,769,11.9,Delhi,14-09-2024
C109359,Pranav Sharma,59,Salaried-Government,32400,642,15.2,Bhopal,27-06-2024
C109360,Karan Tiwari,52,Salaried-Private,82200,731,9.3,Pune,02-02-2025
C109361,Deepak Kapoor,62,Salaried-Private,63000,743,28.6,Bhopal,12-10-2024
C109362,Riya Kapoor,62,Retired,61000,755,24.9,Chandigarh,02-03-2025
C109363,Atharv Gupta,23,Self-Employed,56400,750,1,Kolkata,10-06-2025
C109364,Dinesh Jain,36,Salaried-Private,68100,431,9,Lucknow,22-11-2023
C109365,Pratibha Kumar,54,Freelancer,55200,682,10.5,Ahmedabad,07-03-2025
C109366,Komal Jain,35,Student,14000,636,10.8,Chandigarh,13-02-2024
C109367,Isha Chaurasia,53,Student,21300,652,23.3,Bengaluru,14-01-2023
C109368,Seema Joshi,55,Student,20500,660,11.1,Surat,11-05-2025
C109369,Abhishek Singh,64,Student,21800,761,35.3,Mumbai,17-05-2023
C109370,Saanvi Patel,35,Self-Employed,90000,709,6.7,Lucknow,18-04-2023
C109371,Anjali Desai,36,Salaried-Private,92900,653,7.9,Indore,05-05-2024
C109372,Raj Awasthi,22,Student,13600,564,0.6,Chandigarh,17-09-2024
C109373,Ananya Iyer,33,Salaried-Private,48700,809,9.1,Lucknow,21-02-2024
C109374,Abhishek Srivastava,33,Salaried-Private,45100,634,3.8,Bhopal,05-07-2024
C109375,Neha Bose,40,Salaried-Government,55900,677,7.3,Jaipur,24-02-2025
C109376,Nidhi Pillai,39,Salaried-Private,58700,859,15.4,Surat,29-05-2024
C109377,Ravi Saxena,58,Self-Employed,79500,642,31.7,Jaipur,03-01-2025
C109378,Diya Bhatia,55,Student,18900,660,26.1,Kolkata,24-06-2024
C109379,Neha Mittal,53,Salaried-Government,40700,704,10.2,Mumbai,20-04-2024
C109380,Sanya Chatterjee,21,Self-Employed,67200,561,0,Delhi,01-04-2024
C109381,Mohit Das,41,Salaried-Government,8000,543,10.2,Ahmedabad,04-05-2025
C109382,Geeta Agarwal,53,Business Owner,97600,656,8.2,Chennai,11-11-2023
C109383,Pallavi Bhatia,31,Salaried-Private,40100,650,2.5,Indore,20-11-2023
C109384,Vikram Yadav,39,Salaried-Private,77800,702,14.4,Nagpur,10-12-2024
C109385,Raj Patel,52,Self-Employed,103500,617,8.2,Ahmedabad,09-08-2024
C109386,Saanvi Agarwal,55,Self-Employed,105300,730,13.3,Lucknow,09-05-2023
C109387,Priya Khanna,58,Salaried-Government,67700,517,11.3,Jaipur,18-09-2024
C109388,Rekha Mehta,39,Salaried-Private,39500,680,10.8,Hyderabad,28-01-2023
C109389,Pooja Mehta,38,Salaried-Private,45500,715,12.4,Pune,02-04-2024
C109390,Ravi Patel,37,Business Owner,103600,721,6.2,Pune,17-10-2023
C109391,Dinesh Jain,50,Salaried-Government,35900,672,21.7,Delhi,14-07-2023
C109392,Tara Mukherjee,39,Salaried-Government,98400,641,5.8,Mumbai,15-07-2024
C109393,Priya Shah,38,Student,14100,666,7.6,Chennai,20-05-2023
C109394,Ritika Krishnan,28,Business Owner,106800,794,2.6,Indore,20-11-2023
C109395,Vijay Bhatia,42,Salaried-Private,27800,636,10.9,Delhi,26-05-2023
C109396,Rajesh Pillai,31,Business Owner,62400,767,8.9,Kolkata,24-04-2023
C109397,Suresh Dutta,44,Salaried-Private,26100,774,16.5,Jaipur,16-12-2023
C109398,Harsh Bhatia,60,Salaried-Private,91000,554,13.4,Surat,15-07-2024
C109399,Rajesh Pandey,55,Business Owner,96500,684,29.8,Nagpur,27-08-2024
C109400,Siddharth Bose,42,Salaried-Private,74800,613,14.2,Pune,10-04-2025
C109401,Ananya Mehta,64,Salaried-Private,73500,570,22.3,Pune,07-10-2023
C109402,Riya Tripathi,64,Student,26900,747,36.2,Kolkata,18-11-2023
C109403,Ravi Srivastava,40,Business Owner,84800,730,13.9,Bhopal,13-02-2025
C109404,Nikhil Agarwal,54,Student,20800,704,23.4,Jaipur,13-06-2023
C109405,Raj Bose,36,Student,14000,595,5.1,Mumbai,20-06-2024
C109406,Tarun Tripathi,59,Salaried-Private,78300,708,11,Ahmedabad,29-10-2024
C109407,Suresh Tripathi,37,Self-Employed,82800,587,12.9,Kolkata,13-02-2024
C109408,Ramesh Patel,32,Salaried-Government,126800,705,7.4,Indore,09-02-2025
C109409,Pranav Mehta,26,Business Owner,143800,648,3.9,Surat,17-10-2023
C109410,Anjali Khanna,58,Salaried-Private,34200,769,27.2,Lucknow,07-04-2023
C109411,Aarav Menon,34,Salaried-Private,57300,659,10.8,Chennai,13-04-2023
C109412,Priya Agarwal,56,Salaried-Private,60900,707,16.2,Lucknow,23-04-2024
C109413,Tushar Singh,24,Freelancer,65700,708,1.3,Delhi,10-05-2024
C109414,Hemant Kapoor,43,Salaried-Private,57500,682,8,Bengaluru,15-04-2024
C109415,Pallavi Pandey,39,Self-Employed,84300,701,4.9,Hyderabad,07-12-2023
C109416,Varun Malhotra,40,Student,8800,705,10.2,Kolkata,26-02-2024
C109417,Manish Tiwari,28,Business Owner,42400,614,3.8,Delhi,16-05-2025
C109418,Sneha Kapoor,24,Salaried-Government,107700,728,0.8,Kolkata,02-03-2024
C109419,Nikhil Iyer,36,Salaried-Private,62000,758,9.3,Indore,30-10-2024
C109420,Gaurav Agarwal,41,Student,13300,713,9.1,Pune,08-02-2025
C109421,Ananya Chauhan,55,Self-Employed,85400,664,17.7,Mumbai,02-05-2023
C109422,Amit Garg,41,Salaried-Government,45300,700,11.1,Chennai,12-08-2023
C109423,Tarun Tiwari,31,Student,11400,652,4.2,Delhi,15-05-2024
C109424,Usha Singh,32,Salaried-Private,30300,675,7.5,Surat,05-11-2024
C109425,Pallavi Reddy,47,Salaried-Government,53500,593,14.5,Chandigarh,25-02-2025
C109426,Nitin Reddy,40,Salaried-Private,54300,798,9.7,Chennai,14-10-2024
C109427,Nikhil Dubey,60,Salaried-Private,93000,848,19,Chennai,25-04-2025
C109428,Ravi Awasthi,40,Salaried-Government,78300,635,4.1,Chennai,13-06-2025
C109429,Manish Roy,45,Business Owner,118000,760,17.8,Pune,18-04-2025
C109430,Anjali Saxena,23,Salaried-Private,55300,804,1.8,Lucknow,08-07-2024
C109431,Aditya Bhatia,29,Business Owner,117500,621,2.3,Chennai,05-01-2025
C109432,Harsh Nair,58,Freelancer,44800,514,14.9,Pune,09-05-2025
C109433,Gaurav Mukherjee,36,Student,12100,803,11.9,Indore,07-09-2023
C109434,Kavya Iyer,39,Salaried-Private,70400,689,12.5,Chandigarh,16-05-2024
C109435,Komal Krishnan,46,Freelancer,49500,645,10.5,Indore,22-07-2024
C109436,Gaurav Kapoor,23,Salaried-Private,55500,692,1.3,Pune,27-11-2023
C109437,Pranav Shah,43,Business Owner,91500,664,18.5,Indore,30-09-2024
C109438,Tarun Dutta,36,Salaried-Government,94100,900,5.3,Chennai,03-10-2024
C109439,Anjali Garg,27,Business Owner,132200,657,4.1,Chennai,20-01-2025
C109440,Neha Rao,39,Salaried-Private,49700,713,13.8,Nagpur,24-07-2023
C109441,Harsh Bansal,40,Self-Employed,31400,788,5.1,Hyderabad,08-03-2025
C109442,Siddharth Bhatia,29,Salaried-Private,44000,789,6.8,Bhopal,15-05-2025
C109443,Aisha Naidu,44,Salaried-Private,46300,774,20,Bhopal,23-04-2024
C109444,Rekha Iyer,53,Self-Employed,98800,660,22.8,Indore,01-02-2024
C109445,Nidhi Shah,32,Salaried-Private,77800,679,6.2,Bhopal,19-10-2023
C109446,Nikhil Mishra,63,Business Owner,71800,516,26.2,Bhopal,05-11-2024
C109447,Nitin Joshi,47,Business Owner,74300,685,17,Pune,18-04-2024
C109448,Abhishek Iyer,55,Self-Employed,44100,689,10.5,Jaipur,25-07-2024
C109449,Priya Garg,24,Business Owner,93500,753,1.2,Jaipur,09-04-2025
C109450,Reyansh Mishra,54,Freelancer,56500,832,8.9,Chennai,28-09-2024
C109451,Harsh Gupta,35,Student,16200,739,6.4,Pune,18-04-2024
C109452,Rajesh Bose,52,Salaried-Private,77300,777,22.4,Bhopal,26-05-2023
C109453,Meera Gupta,56,Self-Employed,94600,692,28.7,Mumbai,07-05-2023
C109454,Shreya Bansal,32,Business Owner,43100,789,5.1,Delhi,12-10-2024
C109455,Naina Malhotra,32,Salaried-Private,46900,687,6.9,Ahmedabad,27-01-2024
C109456,Gaurav Malhotra,23,Salaried-Private,74800,782,1.2,Chandigarh,12-01-2023
C109457,Vijay Shah,47,Salaried-Private,54600,752,13.8,Indore,16-11-2024
C109458,Anjali Chatterjee,55,Self-Employed,40500,717,23.3,Lucknow,25-10-2024
C109459,Ritika Yadav,39,Salaried-Government,85500,569,5.5,Bhopal,26-05-2025
C109460,Vivaan Reddy,28,Business Owner,72300,778,1.8,Bengaluru,23-08-2023
C109461,Hemant Bansal,34,Self-Employed,96700,724,5.8,Delhi,16-01-2024
C109462,Atharv Nair,38,Business Owner,94200,750,14.9,Kolkata,06-07-2024
C109463,Anjali Malhotra,61,Salaried-Private,65500,714,34.7,Chennai,18-12-2024
C109464,Siddharth Srivastava,26,Freelancer,67800,729,3.2,Indore,07-07-2023
C109465,Meera Agarwal,36,Business Owner,52300,791,9.1,Delhi,03-09-2023
C109466,Meera Mehta,49,Salaried-Private,94900,656,18,Pune,31-07-2024
C109467,Akash Agarwal,31,Salaried-Private,46200,724,5,Chennai,24-11-2023
C109468,Nitin Khanna,59,Salaried-Private,73400,628,15.3,Jaipur,17-05-2025
C109469,Rekha Singh,61,Student,24800,729,8.2,Chennai,26-09-2023
C109470,Tushar Tripathi,37,Salaried-Private,52900,708,3.4,Nagpur,29-01-2023
C109471,Anjali Chauhan,53,Salaried-Private,52600,637,28.2,Mumbai,02-09-2024
C109472,Varun Tripathi,54,Salaried-Private,60800,696,23.8,Delhi,11-11-2024
C109473,Usha Garg,50,Salaried-Private,46300,641,19.8,Indore,05-04-2025
C109474,Ananya Pillai,29,Salaried-Government,106900,665,6.3,Kolkata,25-08-2023
C109475,Aditya Mukherjee,23,Freelancer,37100,713,1.2,Bhopal,06-01-2025
C109476,Naina Singh,36,Salaried-Government,92000,715,10,Ahmedabad,20-05-2025
C109477,Geeta Mittal,26,Freelancer,62400,535,3.8,Indore,18-06-2024
C109478,Deepak Pandey,33,Salaried-Private,67100,719,3.5,Kolkata,14-08-2023
C109479,Simran Mehta,49,Salaried-Government,68700,666,9.3,Chandigarh,26-04-2024
C109480,Sneha Krishnan,46,Freelancer,57100,655,14.7,Nagpur,21-08-2024
C109481,Sanjay Mehta,30,Business Owner,109900,606,2.4,Chandigarh,04-02-2025
C109482,Riya Iyer,21,Student,8600,677,0,Hyderabad,07-03-2024
C109483,Alok Garg,30,Salaried-Private,27300,642,7,Chandigarh,24-04-2025
C109484,Pratibha Awasthi,41,Self-Employed,30400,786,15.7,Pune,06-10-2023
C109485,Ankita Saxena,55,Business Owner,149900,562,14.5,Lucknow,02-12-2024
C109486,Pari Sharma,37,Salaried-Private,8700,604,5.5,Surat,10-10-2024
C109487,Shaurya Dutta,33,Freelancer,51900,605,10.5,Bengaluru,13-08-2024
C109488,Ananya Mehta,45,Salaried-Private,59900,709,20.1,Chennai,14-08-2024
C109489,Nidhi Bhatia,24,Salaried-Private,59400,782,1.3,Bengaluru,18-12-2024
C109490,Meera Dutta,30,Freelancer,29400,724,7.4,Delhi,30-03-2023
C109491,Rekha Pandey,22,Business Owner,99600,607,0.8,Kolkata,14-03-2024
C109492,Pooja Ghosh,44,Student,18100,648,10,Hyderabad,01-05-2025
C109493,Meera Mishra,40,Student,24100,618,8.6,Lucknow,17-01-2024
C109494,Akash Jain,46,Salaried-Private,67600,730,21.3,Hyderabad,25-04-2023
C109495,Anjali Kapoor,48,Self-Employed,109200,660,19.4,Mumbai,17-05-2025
C109496,Usha Chauhan,38,Retired,21800,570,10.7,Bengaluru,06-11-2024
C109497,Pratibha Gupta,59,Salaried-Private,90600,740,32.9,Jaipur,11-05-2024
C109498,Vishal Rao,61,Salaried-Government,81500,793,32.2,Delhi,03-05-2025
C109499,Lalit Mukherjee,25,Student,10700,667,1,Indore,01-06-2024
C109500,Sneha Krishnan,61,Salaried-Private,76700,701,22,Chandigarh,11-02-2025
C109501,Shweta Khanna,29,Student,16600,561,6.6,Delhi,16-04-2023
C109502,Gaurav Garg,31,Salaried-Government,70100,525,2.8,Bhopal,02-02-2024
C109503,Amit Reddy,44,Student,15100,534,5.8,Chennai,08-04-2024
C109504,Deepak Verma,22,Self-Employed,51600,684,0.8,Indore,23-04-2024
C109505,Tarun Mishra,37,Business Owner,120500,673,11.9,Nagpur,07-12-2023
C109506,Arjun Tiwari,29,Freelancer,54400,731,2.5,Hyderabad,27-01-2023
C109507,Sachin Bose,42,Salaried-Private,32800,669,6.9,Chennai,09-09-2023
C109508,Aisha Kapoor,56,Self-Employed,92400,772,27.4,Bengaluru,26-12-2024
C109509,Aisha Gupta,61,Student,21000,752,13.9,Mumbai,18-05-2025
C109510,Dev Saxena,30,Retired,41900,660,2.7,Kolkata,13-03-2023
C109511,Shreya Garg,44,Retired,32500,604,19.2,Lucknow,16-04-2025
C109512,Anjali Singh,41,Self-Employed,67200,536,15.3,Jaipur,28-05-2025
C109513,Vishal Mittal,39,Self-Employed,60100,803,8.7,Nagpur,29-05-2025
C109514,Deepak Srivastava,48,Self-Employed,113300,621,17.2,Delhi,18-08-2023
C109515,Lalit Roy,64,Self-Employed,92800,574,21.6,Hyderabad,11-11-2023
C109516,Rajesh Iyer,38,Self-Employed,103100,705,6.7,Indore,24-06-2023
C109517,Hemant Das,23,Salaried-Private,113700,578,1.8,Hyderabad,08-08-2024
C109518,Vijay Nair,61,Salaried-Private,71900,701,23.3,Pune,19-05-2023
C109519,Pankaj Roy,62,Self-Employed,118400,670,26.5,Ahmedabad,05-10-2023
C109520,Vijay Sen,35,Salaried-Private,46600,760,6.8,Hyderabad,16-05-2024
C109521,Alok Shukla,43,Salaried-Private,88900,760,12.1,Jaipur,05-02-2024
C109522,Swati Kapoor,58,Salaried-Private,53600,776,14.9,Chandigarh,24-12-2023
C109523,Rohan Yadav,43,Freelancer,52500,704,11,Bhopal,28-08-2023
C109524,Diya Mukherjee,42,Retired,47800,618,13.4,Ahmedabad,25-07-2023
C109525,Naina Shah,61,Self-Employed,98700,611,30.7,Nagpur,09-06-2024
C109526,Harsh Bhatia,57,Student,18800,640,27.4,Chennai,08-06-2023
C109527,Komal Awasthi,43,Student,14400,841,4.6,Bhopal,17-09-2023
C109528,Anjali Malhotra,28,Salaried-Private,70000,670,4,Indore,06-03-2023
C109529,Aditya Singh,40,Salaried-Private,55200,701,8.8,Chennai,21-09-2023
C109530,Diya Sharma,50,Salaried-Private,38700,807,18.1,Mumbai,18-09-2023
C109531,Pallavi Srivastava,32,Salaried-Private,58000,709,9,Chandigarh,15-01-2024
C109532,Tarun Chatterjee,44,Self-Employed,72300,630,17.1,Delhi,02-09-2023
C109533,Nikhil Chatterjee,49,Salaried-Private,69700,748,12.1,Surat,21-01-2023
C109534,Manish Bansal,24,Student,11000,647,2.2,Kolkata,21-11-2023
C109535,Reyansh Khanna,46,Self-Employed,87200,716,6.8,Kolkata,19-03-2025
C109536,Aisha Pillai,53,Salaried-Government,56400,729,9.3,Chandigarh,04-06-2024
C109537,Ruchi Bose,30,Retired,31700,645,3.2,Surat,19-07-2023
C109538,Hemant Khanna,45,Retired,53700,702,11.5,Surat,28-04-2025
C109539,Siddharth Dubey,52,Freelancer,47700,815,17.3,Ahmedabad,21-07-2024
C109540,Akash Menon,22,Freelancer,38100,635,0.5,Lucknow,30-08-2024
C109541,Seema Mukherjee,49,Retired,26100,789,17.9,Surat,03-03-2023
C109542,Gaurav Gupta,32,Self-Employed,69700,643,3.2,Jaipur,27-08-2023
C109543,Usha Bhatia,38,Student,16100,826,9.6,Chandigarh,10-12-2023
C109544,Shaurya Agarwal,49,Salaried-Private,26700,615,10.9,Delhi,10-09-2024
C109545,Pari Saxena,21,Self-Employed,40300,654,0,Mumbai,09-02-2023
C109546,Ankita Garg,21,Self-Employed,31900,805,0,Mumbai,25-07-2023
C109547,Anjali Reddy,40,Salaried-Private,78400,815,5.6,Surat,17-06-2025
C109548,Seema Malhotra,62,Salaried-Private,33200,750,19.3,Chandigarh,19-09-2023
C109549,Manoj Dutta,21,Salaried-Private,53400,601,0,Bengaluru,21-02-2025
C109550,Geeta Tripathi,55,Salaried-Private,83000,699,13.4,Mumbai,03-06-2023
C109551,Ajay Singh,24,Salaried-Private,60000,689,2.2,Pune,05-02-2025
C109552,Sanya Sharma,42,Salaried-Government,59200,620,7.6,Chandigarh,18-12-2023
C109553,Amit Chatterjee,39,Freelancer,56700,744,13.1,Ahmedabad,05-07-2023
C109554,Ananya Reddy,41,Self-Employed,98900,632,6.7,Lucknow,14-08-2024
C109555,Ankita Pillai,24,Business Owner,85800,589,2.6,Nagpur,26-05-2024
C109556,Nidhi Kapoor,54,Salaried-Private,23400,553,10.2,Kolkata,03-05-2023
C109557,Ritika Das,33,Freelancer,67200,827,10.8,Chennai,20-02-2025
C109558,Gaurav Chatterjee,54,Salaried-Private,76200,650,11.9,Mumbai,10-11-2024
C109559,Tarun Mittal,49,Salaried-Private,65500,650,19.5,Bhopal,08-12-2023
C109560,Dinesh Shukla,45,Self-Employed,28100,601,9.9,Chandigarh,25-03-2025
C109561,Reyansh Awasthi,34,Student,12600,791,3.3,Pune,01-02-2023
C109562,Manoj Mittal,49,Retired,33700,574,6.1,Surat,23-05-2025
C109563,Neha Chauhan,64,Freelancer,41700,589,13,Hyderabad,14-01-2024
C109564,Tushar Awasthi,61,Business Owner,99600,669,19.4,Lucknow,24-12-2024
C109565,Nikhil Chatterjee,61,Self-Employed,69100,688,24.2,Ahmedabad,13-03-2025
C109566,Dev Pillai,30,Business Owner,76600,744,4.8,Hyderabad,24-01-2025
C109567,Ankita Bose,46,Salaried-Private,79800,637,16,Delhi,11-04-2023
C109568,Usha Yadav,38,Salaried-Private,66900,813,4.5,Mumbai,29-12-2023
C109569,Atharv Pillai,63,Retired,43900,633,28.3,Bhopal,20-03-2023
C109570,Isha Tiwari,62,Retired,41900,605,30.7,Delhi,06-08-2023
C109571,Sneha Desai,59,Salaried-Private,61100,600,13.7,Kolkata,22-06-2024
C109572,Rohan Shah,28,Salaried-Private,52900,626,5.3,Delhi,17-09-2024
C109573,Siddharth Yadav,35,Salaried-Private,72300,597,5.3,Lucknow,24-07-2023
C109574,Kabir Mishra,52,Salaried-Government,50000,747,15.8,Pune,23-02-2023
C109575,Dev Kapoor,53,Salaried-Private,97000,614,24.5,Chandigarh,16-12-2023
C109576,Rajesh Shah,36,Self-Employed,86000,682,10.2,Delhi,12-06-2024
C109577,Anjali Menon,27,Salaried-Private,8000,598,3.3,Ahmedabad,26-12-2023
C109578,Isha Ghosh,27,Salaried-Private,59100,594,2.8,Ahmedabad,08-05-2025
C109579,Lalit Sharma,51,Salaried-Private,87800,781,17.8,Ahmedabad,21-09-2024
C109580,Deepak Jain,40,Freelancer,57800,816,10.7,Chennai,29-07-2024
C109581,Meera Desai,42,Salaried-Private,55200,789,18.5,Hyderabad,26-01-2023
C109582,Gaurav Gupta,56,Salaried-Government,73200,573,27.2,Nagpur,15-04-2025
C109583,Abhishek Singh,21,Business Owner,93700,587,0,Lucknow,16-08-2024
C109584,Geeta Pillai,54,Freelancer,69500,848,16.1,Ahmedabad,03-06-2025
C109585,Nitin Dubey,33,Salaried-Private,31500,664,7.3,Bhopal,17-03-2024
C109586,Atharv Khanna,61,Business Owner,84600,582,27.8,Delhi,03-09-2024
C109587,Shweta Pillai,63,Salaried-Private,104600,782,13.6,Jaipur,06-04-2024
C109588,Rohan Reddy,43,Self-Employed,75600,696,17.2,Lucknow,14-02-2025
C109589,Isha Ghosh,34,Salaried-Government,99300,740,8.3,Mumbai,28-09-2024
C109590,Lalit Desai,31,Student,21200,504,2.5,Lucknow,19-12-2023
C109591,Pratibha Rao,28,Retired,29900,658,1.7,Lucknow,31-07-2024
C109592,Rekha Kumar,64,Freelancer,42000,762,29.3,Kolkata,09-04-2023
C109593,Priya Shah,29,Student,10700,630,5.8,Lucknow,01-09-2024
C109594,Usha Rao,40,Salaried-Private,84600,791,7.9,Nagpur,20-02-2024
C109595,Dinesh Chatterjee,42,Business Owner,136000,595,6.6,Pune,27-09-2023
C109596,Abhishek Das,50,Salaried-Private,112000,687,10.3,Hyderabad,06-02-2025
C109597,Shreya Nair,58,Salaried-Private,69100,821,17.6,Ahmedabad,06-02-2025
C109598,Ananya Rao,45,Self-Employed,87300,601,15.4,Nagpur,20-02-2023
C109599,Rajesh Awasthi,54,Business Owner,78400,713,10.9,Kolkata,08-07-2024
C109600,Hemant Agarwal,45,Business Owner,17400,729,18.1,Indore,10-02-2023
C109601,Sneha Yadav,40,Student,15700,689,7.1,Chandigarh,19-02-2024
C109602,Swati Awasthi,27,Self-Employed,40700,666,4.6,Delhi,06-05-2025
C109603,Vishal Tripathi,30,Student,13800,611,7.6,Lucknow,27-03-2024
C109604,Kavya Sharma,40,Student,10200,697,6,Indore,05-05-2023
C109605,Komal Garg,23,Freelancer,33000,676,1.7,Kolkata,09-08-2023
C109606,Ruchi Ghosh,34,Salaried-Private,65600,574,9,Chennai,28-01-2023
C109607,Pratibha Joshi,41,Self-Employed,82900,780,16.4,Bhopal,10-12-2024
C109608,Mohit Verma,41,Business Owner,94500,621,8.9,Mumbai,17-03-2025
C109609,Deepak Verma,56,Retired,69400,577,28.2,Bhopal,08-09-2023
C109610,Pankaj Pillai,63,Salaried-Private,103200,647,22.4,Delhi,06-09-2023
C109611,Rahul Yadav,53,Salaried-Private,54100,616,10.6,Mumbai,05-06-2024
C109612,Pallavi Tiwari,24,Salaried-Private,88400,672,2.7,Kolkata,14-12-2024
C109613,Tara Sharma,38,Salaried-Private,97000,595,14.7,Delhi,20-04-2025
C109614,Pranav Ghosh,53,Freelancer,54800,724,9.2,Lucknow,20-05-2025
C109615,Reyansh Sen,47,Salaried-Private,66300,800,13.5,Kolkata,11-05-2024
C109616,Amit Ghosh,41,Salaried-Government,67400,698,17.8,Chandigarh,03-08-2024
C109617,Diya Shah,40,Business Owner,75000,575,11.1,Chandigarh,04-02-2023
C109618,Abhishek Srivastava,38,Salaried-Government,55300,615,9.3,Chandigarh,03-03-2023
C109619,Amit Awasthi,46,Salaried-Private,91400,711,8.4,Delhi,21-05-2025
C109620,Pankaj Tiwari,28,Self-Employed,79300,534,3.5,Bhopal,05-08-2023
C109621,Ravi Chaurasia,43,Self-Employed,61500,590,12.1,Bhopal,22-05-2024
C109622,Vijay Kapoor,30,Retired,25500,552,6.3,Kolkata,14-09-2023
C109623,Suresh Verma,50,Business Owner,75300,700,14.9,Bengaluru,13-06-2023
C109624,Lalit Iyer,59,Retired,46200,859,24.5,Lucknow,30-12-2024
C109625,Priya Nair,43,Salaried-Private,82100,591,6,Lucknow,23-03-2024
C109626,Mayank Desai,38,Freelancer,37000,750,12.5,Bengaluru,11-04-2023
C109627,Mayank Agarwal,62,Self-Employed,104000,650,8.3,Bhopal,29-11-2023
C109628,Dinesh Bose,50,Business Owner,105900,590,18.8,Lucknow,22-01-2024
C109629,Pari Bose,39,Salaried-Government,70800,815,14,Mumbai,13-01-2024
C109630,Pratibha Verma,22,Salaried-Private,75900,864,0.7,Surat,23-11-2024
C109631,Mohit Krishnan,21,Salaried-Private,71900,723,0,Bhopal,11-03-2024
C109632,Abhishek Bhatia,30,Freelancer,25100,712,7.1,Nagpur,04-07-2024
C109633,Siddharth Chauhan,31,Freelancer,30700,689,2.6,Bhopal,14-01-2025
C109634,Naina Mittal,52,Salaried-Private,62800,677,7.6,Bhopal,15-04-2025
C109635,Sanjay Desai,43,Self-Employed,83300,719,17.1,Bengaluru,05-08-2023
C109636,Deepak Mukherjee,64,Business Owner,148900,756,14.1,Mumbai,21-07-2024
C109637,Usha Reddy,44,Self-Employed,76800,824,11.8,Hyderabad,17-08-2024
C109638,Shweta Singh,60,Salaried-Private,104700,653,33.4,Indore,02-09-2024
C109639,Ruchi Krishnan,45,Student,15700,692,8.3,Bhopal,09-10-2024
C109640,Manish Das,36,Self-Employed,59100,681,11.2,Delhi,07-04-2023
C109641,Nikhil Srivastava,52,Business Owner,90600,775,18.9,Nagpur,01-06-2025
C109642,Ananya Roy,40,Business Owner,69400,882,9.2,Hyderabad,23-10-2024
C109643,Rekha Singh,33,Business Owner,129900,784,6.3,Kolkata,10-10-2023
C109644,Meera Srivastava,41,Salaried-Private,8000,745,9.7,Surat,28-12-2023
C109645,Nidhi Roy,50,Student,18300,755,22.6,Delhi,30-06-2023
C109646,Manoj Sharma,37,Salaried-Private,84400,794,12.3,Pune,05-07-2024
C109647,Manoj Chatterjee,51,Freelancer,51000,880,13.8,Chennai,21-04-2025
C109648,Meera Dubey,64,Student,28700,549,29.6,Pune,06-01-2024
C109649,Tara Rao,39,Business Owner,165500,752,10.3,Pune,05-05-2025
C109650,Amit Pandey,33,Self-Employed,72700,484,8.7,Ahmedabad,21-10-2024
C109651,Vikram Ghosh,38,Salaried-Private,85200,768,4,Surat,01-12-2024
C109652,Aisha Joshi,57,Salaried-Government,128100,743,15.7,Delhi,25-02-2023
C109653,Atharv Sen,28,Self-Employed,78500,648,3,Lucknow,15-12-2023
C109654,Swati Singh,63,Salaried-Private,70800,477,25.9,Delhi,16-03-2024
C109655,Sanya Verma,39,Salaried-Private,80200,690,6.2,Surat,24-05-2025
C109656,Pooja Shah,58,Retired,62000,707,21.2,Bengaluru,23-12-2024
C109657,Lalit Garg,55,Salaried-Private,67800,685,30.1,Indore,09-06-2024
C109658,Priya Naidu,55,Salaried-Private,58900,639,7.8,Chennai,05-02-2025
C109659,Pratibha Bhatia,60,Salaried-Private,104900,623,21.5,Mumbai,16-07-2023
C109660,Priya Bhatia,29,Self-Employed,62700,685,2.4,Delhi,20-05-2023
C109661,Shreya Desai,47,Salaried-Government,97200,630,15.8,Pune,13-01-2025
C109662,Diya Pillai,25,Freelancer,49800,752,1.5,Nagpur,12-12-2024
C109663,Arjun Khanna,34,Self-Employed,115000,690,10.8,Chennai,09-03-2024
C109664,Vivaan Mittal,22,Salaried-Private,38400,547,0.4,Kolkata,13-10-2023
C109665,Deepak Awasthi,51,Salaried-Government,53800,702,26.1,Chandigarh,21-02-2023
C109666,Sneha Mishra,47,Salaried-Private,82500,725,5.3,Hyderabad,09-05-2023
C109667,Tushar Mehta,53,Freelancer,38700,815,25,Lucknow,01-12-2024
C109668,Reyansh Khanna,28,Salaried-Private,60100,763,2.7,Ahmedabad,07-07-2024
C109669,Meera Krishnan,35,Salaried-Private,91600,621,4.8,Indore,04-01-2025
C109670,Ishaan Verma,50,Salaried-Government,32800,798,23.7,Lucknow,15-02-2023
C109671,Neha Desai,57,Salaried-Private,77400,580,14.9,Chennai,09-02-2025
C109672,Ajay Pandey,59,Self-Employed,110300,698,23.1,Ahmedabad,12-05-2024
C109673,Harsh Naidu,24,Salaried-Government,61100,749,2.1,Bhopal,27-05-2023
C109674,Simran Joshi,38,Retired,28700,801,8.4,Pune,11-05-2025
C109675,Dev Desai,21,Salaried-Private,49700,838,0,Jaipur,30-10-2023
C109676,Sunita Agarwal,57,Self-Employed,60300,791,30.4,Bhopal,18-11-2023
C109677,Sachin Joshi,26,Business Owner,92200,682,3.3,Bengaluru,13-12-2024
C109678,Riya Sharma,57,Salaried-Private,63900,735,29.7,Bhopal,27-02-2024
C109679,Ishaan Dubey,27,Self-Employed,56100,706,4.4,Bhopal,16-11-2024
C109680,Reyansh Bansal,21,Student,9600,624,0,Jaipur,31-05-2024
C109681,Kabir Verma,59,Freelancer,84500,683,23.3,Hyderabad,08-03-2025
C109682,Gaurav Pillai,40,Student,16800,826,3.9,Bengaluru,20-08-2023
C109683,Nitin Malhotra,39,Business Owner,138200,752,14.7,Chandigarh,07-05-2024
C109684,Vishal Khanna,49,Salaried-Government,106400,860,21.9,Pune,26-06-2023
C109685,Raj Shah,33,Student,11300,595,8.5,Jaipur,07-10-2023
C109686,Swati Garg,51,Salaried-Private,72500,660,24.4,Delhi,11-06-2025
C109687,Manish Awasthi,39,Self-Employed,63000,722,5.9,Kolkata,05-01-2024
C109688,Reyansh Agarwal,32,Freelancer,24700,743,4.4,Delhi,23-09-2024
C109689,Diya Roy,38,Student,16100,673,5.3,Jaipur,22-09-2023
C109690,Vikram Patel,21,Student,8000,745,0,Bhopal,03-02-2023
C109691,Nitin Patel,34,Salaried-Private,69900,753,6.6,Nagpur,01-08-2024
C109692,Varun Chaurasia,47,Business Owner,48600,576,7.1,Bhopal,15-07-2023
C109693,Manish Naidu,27,Salaried-Private,60800,749,3.6,Jaipur,21-03-2024
C109694,Vivaan Krishnan,26,Freelancer,20900,768,2.2,Chandigarh,18-11-2024
C109695,Saanvi Kapoor,49,Business Owner,120800,721,15.2,Mumbai,25-05-2024
C109696,Manish Das,39,Salaried-Private,54300,540,6.9,Lucknow,20-02-2023
C109697,Mayank Tripathi,27,Freelancer,38600,663,1.9,Nagpur,28-08-2024
C109698,Shweta Singh,53,Salaried-Government,98100,729,16.5,Bengaluru,01-01-2024
C109699,Nidhi Joshi,55,Self-Employed,71900,621,12.2,Chennai,04-08-2023
C109700,Ramesh Desai,22,Retired,34700,758,0.5,Nagpur,09-09-2024
C109701,Nikhil Singh,29,Business Owner,84800,751,3.7,Kolkata,16-03-2025
C109702,Hemant Agarwal,37,Self-Employed,84600,703,13.7,Lucknow,24-07-2023
C109703,Manoj Singh,53,Salaried-Private,88700,694,10.6,Bhopal,12-02-2023
C109704,Rahul Mittal,24,Salaried-Private,72900,706,1.2,Nagpur,26-01-2025
C109705,Ananya Malhotra,56,Salaried-Private,59700,688,26.4,Delhi,09-08-2023
C109706,Dinesh Joshi,35,Salaried-Private,84800,589,5.7,Pune,01-10-2023
C109707,Aisha Singh,26,Salaried-Private,38700,651,2.7,Hyderabad,23-04-2023
C109708,Ritika Mittal,58,Self-Employed,63000,695,27.1,Bhopal,10-03-2023
C109709,Manish Nair,24,Business Owner,85100,806,0.6,Indore,06-01-2024
C109710,Ritika Ghosh,26,Salaried-Private,77900,747,4.3,Indore,25-06-2024
C109711,Seema Ghosh,62,Self-Employed,54300,805,21.5,Delhi,30-04-2025
C109712,Manoj Singh,43,Student,19700,570,16.1,Lucknow,28-02-2024
C109713,Atharv Kapoor,41,Salaried-Private,61900,660,16.9,Kolkata,14-01-2025
C109714,Diya Sen,51,Business Owner,86100,858,24.4,Lucknow,12-04-2025
C109715,Vishal Rao,48,Salaried-Private,87800,633,9.6,Bengaluru,20-03-2024
C109716,Swati Desai,47,Self-Employed,57100,627,15.3,Delhi,13-05-2024
C109717,Tushar Srivastava,22,Business Owner,161500,682,0.5,Pune,28-12-2023
C109718,Ravi Shukla,45,Salaried-Private,61100,850,13.7,Pune,20-11-2024
C109719,Pallavi Shah,33,Salaried-Private,62800,635,8.9,Chandigarh,05-02-2023
C109720,Arjun Singh,56,Student,26900,728,15.7,Bengaluru,28-04-2025
C109721,Anjali Patel,43,Salaried-Private,67300,721,11.7,Nagpur,17-03-2024
C109722,Pooja Mukherjee,26,Business Owner,128000,544,3.1,Mumbai,24-04-2023
C109723,Priya Patel,59,Self-Employed,34300,683,14.8,Jaipur,18-08-2023
C109724,Sunita Srivastava,33,Salaried-Private,50900,643,7.5,Kolkata,08-05-2024
C109725,Ananya Naidu,32,Business Owner,105100,750,3.3,Pune,01-01-2023
C109726,Vikram Srivastava,62,Self-Employed,108400,835,26,Delhi,01-12-2024
C109727,Jyoti Pillai,55,Salaried-Private,84000,665,10.2,Delhi,30-01-2025
C109728,Akash Chauhan,58,Student,25100,656,27.5,Chennai,08-06-2024
C109729,Gaurav Mehta,50,Salaried-Government,95400,895,9.7,Ahmedabad,12-10-2024
C109730,Aditya Bose,61,Business Owner,119200,640,26.1,Bengaluru,21-03-2023
C109731,Alok Sharma,26,Salaried-Private,14100,574,3,Bhopal,25-04-2025
C109732,Ravi Jain,47,Salaried-Private,94200,804,12.9,Nagpur,04-01-2024
C109733,Isha Verma,33,Business Owner,66000,685,7.8,Chandigarh,26-02-2024
C109734,Suresh Rao,38,Business Owner,104800,718,13.5,Bhopal,03-09-2023
C109735,Reyansh Garg,31,Salaried-Private,62600,867,2.8,Pune,23-03-2024
C109736,Neha Rao,30,Business Owner,93100,581,6.1,Bhopal,22-01-2023
C109737,Pooja Bose,40,Self-Employed,47100,671,9.3,Bengaluru,19-05-2024
C109738,Vijay Patel,61,Salaried-Private,32200,585,26.9,Surat,09-09-2023
C109739,Amit Srivastava,48,Freelancer,38800,712,21.9,Jaipur,05-03-2025
C109740,Nitin Rao,36,Self-Employed,91800,649,9.9,Kolkata,18-06-2023
C109741,Pooja Bansal,40,Self-Employed,38900,591,5.9,Bhopal,05-07-2023
C109742,Ruchi Chaurasia,44,Freelancer,39100,744,11.3,Pune,30-07-2024
C109743,Karan Dutta,31,Self-Employed,80000,692,5.8,Jaipur,03-03-2023
C109744,Suresh Mehta,43,Student,14000,581,6.4,Ahmedabad,12-08-2024
C109745,Varun Kumar,51,Freelancer,47300,591,19.5,Jaipur,20-08-2024
C109746,Varun Tripathi,31,Salaried-Government,66300,706,7,Pune,18-04-2024
C109747,Diya Iyer,46,Salaried-Government,76700,557,18.3,Lucknow,03-04-2024
C109748,Riya Malhotra,52,Retired,32800,703,8.8,Jaipur,29-11-2024
C109749,Ruchi Singh,43,Student,17500,789,15.3,Delhi,17-06-2024
C109750,Sneha Menon,33,Salaried-Private,67800,743,5.5,Ahmedabad,21-12-2024
C109751,Manoj Tiwari,45,Salaried-Private,39100,635,8.3,Surat,09-03-2025
C109752,Sanjay Chauhan,55,Salaried-Government,78800,713,19.3,Delhi,11-09-2023
C109753,Vivaan Garg,30,Student,9700,581,5.4,Delhi,26-03-2025
C109754,Aarav Verma,46,Student,18600,693,13,Jaipur,26-05-2024
C109755,Vijay Rao,50,Freelancer,67200,663,22.9,Bengaluru,07-12-2023
C109756,Jyoti Reddy,35,Salaried-Private,57100,605,4.3,Jaipur,14-01-2025
C109757,Komal Mukherjee,38,Student,17800,732,8.2,Mumbai,11-09-2024
C109758,Rajesh Verma,60,Salaried-Private,86400,534,15.1,Bhopal,02-10-2024
C109759,Siddharth Joshi,36,Salaried-Government,86500,598,3.5,Surat,18-03-2024
C109760,Alok Bose,47,Salaried-Government,79800,606,11.4,Surat,16-02-2023
C109761,Aisha Iyer,27,Self-Employed,94800,653,4.2,Nagpur,15-05-2024
C109762,Ankita Sharma,61,Self-Employed,91200,797,22.7,Surat,24-11-2024
C109763,Shweta Ghosh,47,Salaried-Private,32100,745,12.8,Bengaluru,01-01-2025
C109764,Seema Mittal,54,Salaried-Private,52400,696,17.6,Indore,09-03-2023
C109765,Seema Tiwari,47,Freelancer,51000,692,10.9,Kolkata,09-09-2023
C109766,Isha Das,36,Salaried-Private,59300,687,4.3,Lucknow,10-10-2024
C109767,Deepak Agarwal,35,Salaried-Government,74000,800,8.6,Indore,24-03-2023
C109768,Tushar Malhotra,51,Salaried-Private,50900,542,23.1,Kolkata,28-02-2025
C109769,Ishaan Desai,58,Salaried-Private,110000,758,27.8,Bhopal,06-09-2024
C109770,Tarun Mehta,26,Salaried-Private,55000,647,1.8,Nagpur,07-12-2024
C109771,Neha Pillai,58,Business Owner,102600,735,18.6,Ahmedabad,02-10-2023
C109772,Pari Kumar,57,Salaried-Government,60100,729,21.1,Mumbai,30-06-2024
C109773,Dev Awasthi,25,Salaried-Private,36500,744,3,Chandigarh,25-09-2023
C109774,Raj Dubey,25,Freelancer,43600,813,1.4,Bhopal,19-04-2023
C109775,Pankaj Saxena,51,Salaried-Private,67600,580,8.8,Mumbai,23-04-2023
C109776,Sneha Bansal,58,Freelancer,57400,769,31.5,Nagpur,31-05-2023
C109777,Manoj Sen,38,Salaried-Private,94900,689,5.1,Chandigarh,06-05-2025
C109778,Isha Das,49,Student,19100,645,25,Bengaluru,25-03-2023
C109779,Vijay Yadav,64,Salaried-Private,70500,853,26.6,Lucknow,20-01-2025
C109780,Ramesh Naidu,35,Self-Employed,91200,749,7.7,Lucknow,20-04-2024
C109781,Mayank Yadav,30,Self-Employed,65500,656,3,Jaipur,19-10-2024
C109782,Vivaan Sharma,64,Self-Employed,96100,770,34.5,Jaipur,21-08-2024
C109783,Sunita Dubey,33,Freelancer,28300,680,3.8,Delhi,03-05-2024
C109784,Manish Chatterjee,41,Salaried-Private,37600,651,9.6,Nagpur,09-04-2025
C109785,Varun Joshi,40,Salaried-Government,70800,642,4.4,Chennai,27-01-2023
C109786,Tushar Reddy,44,Student,16800,706,5,Chennai,07-04-2024
C109787,Alok Das,32,Student,10200,632,7.8,Bengaluru,23-05-2025
C109788,Dev Dubey,50,Salaried-Government,74800,703,10,Hyderabad,30-06-2024
C109789,Nikhil Kumar,51,Self-Employed,83000,763,18.6,Mumbai,26-06-2023
C109790,Arjun Rao,29,Freelancer,35800,694,5.7,Bhopal,08-08-2023
C109791,Pratibha Shah,42,Freelancer,44100,844,11.4,Indore,05-10-2024
C109792,Rahul Sharma,23,Student,9700,682,1.3,Mumbai,16-07-2024
C109793,Meera Shah,30,Freelancer,31300,792,3.3,Bengaluru,07-05-2024
C109794,Pratibha Tiwari,64,Salaried-Government,64400,767,33.2,Ahmedabad,06-02-2023
C109795,Lalit Krishnan,43,Self-Employed,87600,815,7.6,Hyderabad,11-09-2023
C109796,Vijay Shukla,48,Salaried-Government,70800,848,16.6,Bengaluru,04-02-2024
C109797,Ishaan Tripathi,60,Salaried-Private,61100,548,30.6,Lucknow,15-02-2024
C109798,Ravi Ghosh,52,Freelancer,42000,707,23.4,Indore,20-06-2024
C109799,Vivaan Chaurasia,55,Self-Employed,55300,679,8,Chennai,02-06-2024
C109800,Rahul Krishnan,52,Salaried-Private,64800,698,14.2,Kolkata,24-02-2024
C109801,Tushar Verma,42,Business Owner,161200,672,16.7,Ahmedabad,23-09-2024
C109802,Isha Shah,48,Salaried-Private,77100,648,21.5,Pune,19-08-2024
C109803,Riya Tiwari,33,Salaried-Private,33100,596,7.7,Mumbai,01-11-2024
C109804,Aarav Chatterjee,60,Self-Employed,98600,702,10.8,Lucknow,09-10-2023
C109805,Shweta Naidu,28,Business Owner,66500,764,3.4,Indore,01-02-2023
C109806,Pari Chauhan,59,Self-Employed,81100,652,33.2,Chandigarh,17-06-2025
C109807,Mohit Mukherjee,59,Salaried-Private,58400,662,10.4,Nagpur,22-02-2025
C109808,Neha Pandey,27,Self-Employed,116900,641,4.6,Bhopal,15-08-2023
C109809,Vishal Krishnan,52,Salaried-Private,44700,607,15.3,Pune,09-10-2024
C109810,Deepak Dubey,64,Student,26400,665,31,Bhopal,14-10-2023
C109811,Neha Chauhan,46,Salaried-Private,51300,715,6,Hyderabad,05-12-2024
C109812,Akash Khanna,35,Student,16100,783,2.9,Pune,29-05-2023
C109813,Alok Chaurasia,59,Salaried-Private,76100,596,15.6,Lucknow,09-11-2023
C109814,Sunita Naidu,43,Salaried-Private,88900,690,17.8,Chennai,05-05-2024
C109815,Kavya Agarwal,26,Salaried-Government,78300,785,3.4,Chandigarh,16-09-2024
C109816,Kabir Nair,31,Freelancer,36900,591,6.3,Bengaluru,17-09-2023
C109817,Raj Kapoor,51,Student,29000,785,27,Bengaluru,05-07-2024
C109818,Aisha Verma,41,Self-Employed,87300,657,8.9,Chandigarh,05-01-2024
C109819,Deepak Krishnan,30,Salaried-Government,52000,744,7.2,Kolkata,01-11-2023
C109820,Ravi Chauhan,56,Salaried-Private,73100,673,9.7,Nagpur,15-01-2025
C109821,Tara Menon,26,Self-Employed,83100,729,1.6,Bengaluru,01-06-2023
C109822,Sanjay Singh,30,Salaried-Government,77100,820,4.8,Lucknow,17-10-2024
C109823,Swati Roy,41,Student,17700,672,17.4,Hyderabad,08-06-2024
C109824,Arjun Sharma,22,Salaried-Government,82200,772,0.7,Kolkata,31-08-2024
C109825,Ishaan Shukla,38,Freelancer,64700,711,4.7,Kolkata,23-11-2024
C109826,Atharv Garg,61,Freelancer,46400,624,34.7,Bhopal,27-12-2024
C109827,Vijay Bose,62,Salaried-Private,113600,685,30.2,Pune,07-11-2023
C109828,Sanya Awasthi,59,Salaried-Government,119000,681,27.2,Pune,01-01-2024
C109829,Saanvi Joshi,35,Student,16300,569,8.2,Kolkata,19-02-2025
C109830,Nitin Shah,23,Salaried-Government,62200,726,1,Nagpur,16-04-2024
C109831,Sanya Reddy,56,Self-Employed,81300,744,9.7,Pune,20-02-2025
C109832,Sachin Yadav,37,Student,13700,747,10.1,Jaipur,05-06-2025
C109833,Raj Verma,53,Salaried-Private,63900,803,9.3,Delhi,16-11-2024
C109834,Isha Yadav,26,Student,8000,757,3.1,Surat,13-01-2025
C109835,Suresh Mishra,50,Salaried-Government,105800,647,16.8,Delhi,26-04-2023
C109836,Pratibha Menon,46,Self-Employed,104300,664,15.4,Mumbai,04-11-2024
C109837,Deepak Malhotra,61,Salaried-Private,37500,752,31.1,Hyderabad,06-04-2024
C109838,Gaurav Shukla,25,Self-Employed,89000,724,2,Bengaluru,22-04-2024
C109839,Saanvi Pandey,38,Salaried-Private,61600,687,8.6,Kolkata,03-06-2025
C109840,Nikhil Tiwari,64,Salaried-Private,68200,620,10.4,Hyderabad,22-08-2023
C109841,Diya Desai,38,Salaried-Government,78100,649,6.8,Hyderabad,22-08-2023
C109842,Simran Malhotra,49,Salaried-Private,31300,731,7.2,Indore,23-06-2023
C109843,Sachin Desai,28,Self-Employed,68500,534,2.1,Surat,02-02-2023
C109844,Meera Chaurasia,53,Salaried-Private,69400,503,16,Mumbai,31-05-2023
C109845,Aisha Khanna,33,Salaried-Private,61400,744,5.8,Chandigarh,11-04-2024
C109846,Lalit Tripathi,46,Salaried-Private,37700,642,21.4,Lucknow,26-11-2023
C109847,Ramesh Joshi,59,Salaried-Government,85500,730,10.8,Indore,28-08-2023
C109848,Rohan Dubey,50,Salaried-Private,87800,819,8.8,Jaipur,15-06-2025
C109849,Raj Naidu,41,Salaried-Private,71100,609,14.5,Nagpur,28-10-2024
C109850,Riya Mishra,29,Self-Employed,63700,555,1.7,Nagpur,21-06-2023
C109851,Nitin Iyer,36,Business Owner,180000,684,9.8,Pune,27-04-2025
C109852,Nitin Saxena,58,Business Owner,73200,636,26.8,Delhi,28-07-2024
C109853,Lalit Awasthi,30,Salaried-Private,74100,689,5.8,Nagpur,24-01-2024
C109854,Komal Menon,49,Student,20200,726,11.2,Surat,26-11-2023
C109855,Pallavi Ghosh,42,Self-Employed,122700,724,5.7,Indore,19-12-2024
C109856,Abhishek Rao,35,Self-Employed,80900,695,12.5,Delhi,24-01-2024
C109857,Gaurav Mittal,52,Salaried-Private,79400,776,24.8,Chennai,05-10-2024
C109858,Ravi Agarwal,36,Salaried-Private,71100,744,10.7,Mumbai,02-03-2024
C109859,Siddharth Rao,33,Salaried-Government,42000,671,4,Pune,26-08-2024
C109860,Ankita Agarwal,44,Salaried-Private,46800,737,11.5,Chandigarh,11-11-2024
C109861,Aarav Das,54,Business Owner,92400,570,23,Bengaluru,30-01-2023
C109862,Ishaan Patel,59,Salaried-Private,89300,778,10.3,Pune,22-04-2023
C109863,Shaurya Chatterjee,48,Salaried-Private,70500,692,23.5,Indore,14-10-2024
C109864,Shweta Nair,50,Salaried-Private,62500,593,25.2,Chennai,19-09-2023
C109865,Ishaan Singh,55,Salaried-Private,96000,661,10.4,Kolkata,30-11-2024
C109866,Alok Sen,32,Salaried-Government,21300,766,3.7,Ahmedabad,06-12-2023
C109867,Geeta Menon,32,Salaried-Private,33500,623,5,Hyderabad,09-03-2023
C109868,Deepak Ghosh,42,Self-Employed,14500,715,10.8,Indore,29-01-2024
C109869,Neha Patel,48,Salaried-Private,90000,763,13.7,Bhopal,28-03-2025
C109870,Pranav Mehta,49,Self-Employed,74900,693,19.1,Pune,06-06-2025
C109871,Amit Jain,27,Student,13500,612,3.2,Bhopal,21-02-2024
C109872,Divya Malhotra,55,Student,21500,678,11.2,Kolkata,11-08-2024
C109873,Shweta Pandey,37,Self-Employed,97000,581,6.1,Surat,25-11-2024
C109874,Geeta Nair,59,Salaried-Government,72900,651,18.5,Chennai,05-01-2024
C109875,Tushar Bansal,52,Business Owner,113500,608,17.5,Pune,20-09-2024
C109876,Lalit Awasthi,64,Student,26200,680,36.4,Indore,25-02-2025
C109877,Ananya Chauhan,48,Salaried-Government,78700,590,7.2,Hyderabad,20-12-2024
C109878,Shweta Nair,44,Salaried-Private,97900,701,17.5,Ahmedabad,16-05-2024
C109879,Varun Shukla,29,Freelancer,21200,773,3.3,Chandigarh,21-01-2023
C109880,Pallavi Mehta,38,Salaried-Private,60400,784,12.1,Chennai,30-09-2024
C109881,Jyoti Mukherjee,58,Freelancer,62000,589,14.1,Chandigarh,01-08-2024
C109882,Pallavi Shah,37,Salaried-Private,62400,636,7.5,Pune,04-03-2024
C109883,Sachin Tiwari,23,Salaried-Private,47800,755,1,Kolkata,14-10-2023
C109884,Atharv Bhatia,31,Freelancer,39400,742,7.3,Nagpur,24-02-2024
C109885,Seema Mittal,47,Business Owner,147400,652,8.2,Chandigarh,05-12-2023
C109886,Aarav Saxena,48,Self-Employed,75100,652,11.9,Indore,08-05-2023
C109887,Pallavi Naidu,64,Freelancer,100200,701,24.5,Bengaluru,03-05-2023
C109888,Alok Singh,62,Student,26200,537,27.1,Bhopal,24-10-2023
C109889,Sunita Shah,44,Salaried-Government,63300,731,5.8,Kolkata,29-05-2024
C109890,Pooja Iyer,45,Retired,49200,774,6.4,Chandigarh,18-01-2023
C109891,Manish Yadav,56,Salaried-Government,76900,660,24.6,Chennai,11-10-2024
C109892,Kabir Chauhan,23,Salaried-Private,82600,578,0.9,Lucknow,25-01-2023
C109893,Arjun Chaurasia,47,Freelancer,35700,798,8.2,Nagpur,08-08-2023
C109894,Rohan Chatterjee,41,Salaried-Government,28900,701,7.7,Kolkata,03-04-2025
C109895,Sanya Dubey,55,Student,22900,740,21,Ahmedabad,21-05-2023
C109896,Aarav Verma,56,Salaried-Private,85700,587,30.4,Kolkata,06-08-2023
C109897,Pratibha Roy,49,Salaried-Private,71900,585,19.9,Hyderabad,06-05-2025
C109898,Raj Iyer,49,Salaried-Private,79600,725,21.2,Jaipur,05-03-2023
C109899,Sachin Dubey,51,Self-Employed,90600,775,18.8,Bengaluru,06-08-2023
C109900,Jyoti Nair,46,Freelancer,30300,594,11.5,Lucknow,14-05-2024
C109901,Pari Saxena,31,Salaried-Government,70700,682,8.7,Nagpur,23-10-2023
C109902,Ruchi Gupta,33,Salaried-Private,86100,565,3.1,Chandigarh,13-06-2024
C109903,Diya Ghosh,53,Salaried-Government,77100,635,24.5,Nagpur,04-03-2025
C109904,Ankita Desai,48,Salaried-Private,39600,665,10.3,Ahmedabad,16-02-2024
C109905,Sneha Nair,31,Self-Employed,62000,728,6.3,Chandigarh,12-01-2024
C109906,Sanya Awasthi,59,Business Owner,121000,529,33.7,Jaipur,05-10-2023
C109907,Nitin Yadav,64,Salaried-Private,108100,801,34,Kolkata,26-10-2023
C109908,Shweta Chatterjee,48,Salaried-Government,28300,670,21.5,Surat,03-06-2024
C109909,Tara Mittal,31,Self-Employed,78700,795,7.8,Surat,04-03-2023
C109910,Meera Bansal,62,Salaried-Private,52800,743,21.2,Mumbai,11-05-2023
C109911,Shaurya Reddy,31,Salaried-Government,75700,759,4.8,Lucknow,10-12-2024
C109912,Deepak Rao,40,Self-Employed,87700,854,10.7,Kolkata,01-02-2024
C109913,Jyoti Bansal,58,Salaried-Government,70200,628,14.8,Delhi,24-10-2024
C109914,Ananya Bansal,43,Salaried-Private,76400,702,11.8,Bengaluru,07-02-2025
C109915,Pranav Bhatia,31,Salaried-Private,81800,613,2.9,Bengaluru,03-09-2023
C109916,Manoj Chaurasia,24,Freelancer,42600,678,2.5,Bhopal,06-12-2023
C109917,Ankita Roy,36,Salaried-Private,34300,742,10.7,Pune,02-07-2024
C109918,Suresh Bansal,50,Freelancer,78400,781,7.1,Ahmedabad,17-09-2024
C109919,Akash Bansal,52,Salaried-Government,91100,663,20.5,Pune,21-02-2023
C109920,Sanya Saxena,30,Salaried-Government,76500,595,6.6,Lucknow,23-05-2024
C109921,Nitin Bose,27,Freelancer,35300,691,4.8,Kolkata,28-07-2023
C109922,Rekha Naidu,51,Salaried-Government,94200,625,12.9,Nagpur,13-02-2024
C109923,Ajay Chatterjee,27,Salaried-Private,98200,648,3.8,Chennai,30-12-2024
C109924,Aditya Gupta,23,Salaried-Private,53400,741,0.8,Nagpur,21-05-2023
C109925,Abhishek Kumar,42,Business Owner,99400,733,16.7,Surat,02-05-2025
C109926,Pallavi Dubey,46,Salaried-Government,47100,753,20.3,Surat,03-11-2023
C109927,Shweta Bhatia,31,Freelancer,36500,658,2.5,Chandigarh,25-11-2024
C109928,Vijay Chatterjee,30,Salaried-Government,40500,766,3.6,Indore,14-06-2023
C109929,Anjali Bose,31,Salaried-Government,67400,691,2.7,Indore,10-10-2024
C109930,Kavya Jain,36,Salaried-Private,54200,665,7.2,Indore,26-01-2025
C109931,Pratibha Tiwari,21,Salaried-Private,62500,601,0,Ahmedabad,23-08-2024
C109932,Pallavi Das,21,Freelancer,29700,517,0,Chandigarh,18-04-2025
C109933,Shreya Chaurasia,37,Salaried-Private,58000,563,8,Chennai,08-03-2023
C109934,Rahul Chauhan,21,Student,8000,698,0,Kolkata,04-04-2025
C109935,Akash Singh,35,Salaried-Private,64400,617,10.1,Bengaluru,14-05-2024
C109936,Aditya Saxena,46,Self-Employed,36800,553,17.5,Ahmedabad,13-08-2023
C109937,Manoj Shah,22,Salaried-Private,58400,655,0.4,Jaipur,29-08-2024
C109938,Pankaj Chatterjee,48,Freelancer,50300,709,20.2,Bhopal,14-03-2024
C109939,Hemant Garg,48,Salaried-Private,69400,723,17.5,Mumbai,17-11-2024
C109940,Karan Agarwal,46,Self-Employed,36300,683,8.8,Jaipur,19-10-2024
C109941,Ritika Srivastava,48,Student,21000,678,6,Bhopal,02-10-2024
C109942,Ramesh Agarwal,56,Self-Employed,72800,647,25.5,Chandigarh,27-01-2025
C109943,Kabir Mittal,24,Salaried-Private,60500,739,0.9,Kolkata,24-10-2023
C109944,Pari Sharma,28,Freelancer,16900,668,2,Ahmedabad,27-07-2023
C109945,Anjali Joshi,34,Salaried-Government,38400,679,6.4,Surat,05-06-2024
C109946,Tushar Agarwal,51,Salaried-Private,59200,771,25.4,Lucknow,29-07-2023
C109947,Geeta Krishnan,59,Salaried-Government,106000,759,26.7,Ahmedabad,27-12-2024
C109948,Hemant Singh,61,Freelancer,68400,675,30.3,Jaipur,01-04-2025
C109949,Raj Agarwal,46,Salaried-Government,73400,664,9.7,Mumbai,21-03-2024
C109950,Sachin Bansal,39,Freelancer,36400,658,14.1,Chennai,12-12-2024
C109951,Manish Roy,39,Business Owner,59800,527,8.8,Chandigarh,07-01-2024
C109952,Dinesh Tiwari,23,Salaried-Government,67400,777,1.8,Ahmedabad,01-03-2025
C109953,Ritika Jain,41,Salaried-Private,77000,636,12,Kolkata,23-03-2023
C109954,Amit Srivastava,43,Business Owner,103500,763,13.7,Nagpur,05-06-2025
C109955,Tara Yadav,30,Salaried-Government,101700,698,7.6,Ahmedabad,07-05-2024
C109956,Nitin Bansal,54,Salaried-Private,54600,799,28.5,Ahmedabad,12-05-2025
C109957,Naina Ghosh,56,Salaried-Private,72600,733,7.4,Chandigarh,29-09-2024
C109958,Neha Tiwari,34,Student,8400,754,4.7,Bhopal,18-10-2024
C109959,Geeta Dutta,61,Salaried-Private,75200,643,25.2,Pune,15-11-2023
C109960,Priya Awasthi,25,Salaried-Private,86000,590,0.8,Bengaluru,21-08-2024
C109961,Reyansh Reddy,61,Salaried-Private,50200,699,16.9,Surat,08-11-2024
C109962,Naina Mehta,54,Salaried-Private,85000,539,11.1,Delhi,24-10-2024
C109963,Mayank Sharma,30,Retired,53900,650,5.1,Lucknow,13-06-2025
C109964,Raj Mittal,49,Self-Employed,60600,593,17.3,Kolkata,20-02-2023
C109965,Sunita Yadav,34,Business Owner,108100,629,4.3,Nagpur,06-07-2023
C109966,Reyansh Bose,56,Freelancer,83300,740,20.1,Chennai,23-01-2024
C109967,Rohan Bhatia,28,Salaried-Government,68400,732,3.3,Chandigarh,13-07-2024
C109968,Komal Reddy,31,Freelancer,60600,676,8.9,Mumbai,14-06-2024
C109969,Shaurya Rao,34,Retired,16900,708,3.2,Mumbai,30-10-2023
C109970,Vivaan Verma,29,Business Owner,110300,653,6.3,Ahmedabad,02-05-2023
C109971,Meera Chatterjee,35,Business Owner,110200,890,12.6,Surat,07-08-2023
C109972,Neha Dutta,47,Salaried-Government,41700,710,15.1,Bengaluru,02-12-2024
C109973,Diya Bhatia,48,Freelancer,39400,638,18.3,Surat,17-05-2024
C109974,Divya Iyer,45,Salaried-Private,76700,761,6.9,Surat,13-01-2023
C109975,Sanya Shah,29,Business Owner,81500,791,3.6,Delhi,12-12-2023
C109976,Rekha Naidu,29,Salaried-Government,88200,631,2.6,Bhopal,24-12-2023
C109977,Ritika Srivastava,61,Self-Employed,89500,579,24.3,Chandigarh,11-07-2024
C109978,Akash Chatterjee,32,Student,12800,584,9.5,Chennai,01-01-2025
C109979,Simran Sharma,25,Self-Employed,63500,635,0.9,Pune,19-08-2024
C109980,Neha Dubey,40,Salaried-Private,68500,685,10.4,Chennai,11-06-2025
C109981,Suresh Srivastava,21,Business Owner,113700,566,0,Surat,07-01-2024
C109982,Kabir Krishnan,36,Student,15900,648,7.5,Lucknow,08-01-2025
C109983,Swati Shukla,58,Self-Employed,70600,673,21.4,Chennai,13-01-2023
C109984,Usha Rao,32,Student,16400,708,5.7,Jaipur,03-10-2023
C109985,Manoj Mehta,51,Freelancer,66500,738,18.5,Bengaluru,01-04-2025
C109986,Amit Tripathi,42,Student,17800,714,5.2,Ahmedabad,19-02-2023
C109987,Abhishek Garg,36,Salaried-Private,62800,832,8.7,Pune,15-05-2025
C109988,Isha Chauhan,50,Salaried-Government,83100,779,16.2,Pune,08-04-2024
C109989,Rohan Singh,47,Freelancer,25100,701,8.5,Hyderabad,05-09-2023
C109990,Aarav Verma,35,Student,14600,604,8,Mumbai,22-01-2023
C109991,Sanya Naidu,30,Salaried-Private,91400,639,4.7,Nagpur,14-02-2025
C109992,Pallavi Mukherjee,61,Salaried-Private,75400,577,24.6,Ahmedabad,06-06-2023
C109993,Pallavi Naidu,28,Salaried-Private,59500,701,4.2,Lucknow,01-04-2025
C109994,Tara Dubey,63,Freelancer,51300,714,20.3,Bhopal,11-06-2025
C109995,Aisha Roy,41,Student,17700,754,14.9,Mumbai,18-07-2023
C109996,Vikram Sen,64,Self-Employed,78500,713,19.4,Pune,21-09-2024
C109997,Karan Rao,36,Salaried-Private,87200,777,8,Pune,12-03-2024
C109998,Pallavi Rao,45,Salaried-Private,47300,773,12,Surat,31-05-2024
C109999,Shaurya Chauhan,48,Student,17700,600,14.6,Indore,14-03-2023
