loan_id,customer_id,loan_type,requested_amount,tenure_months,monthly_income,credit_score,existing_debt,employment_years,loan_status,default_probability_true,defaulted
L305700,C105700,Education Loan,1192877.39,24,46700,654,10939.97,16.8,Approved,0.1805,0
L302454,C102454,Education Loan,527578.88,36,46100,714,2961.03,13.3,Approved,0.0623,0
L302286,C102286,Business Loan,2334464.4,84,91100,900,11362.94,30.4,Approved,0.0256,0
L302934,C102934,Vehicle Loan,1219248.75,180,74300,716,7840.57,21.1,Pending,0.0582,0
L305474,C105474,Personal Loan,547950.84,12,36500,692,13723.42,0.4,Pending,0.2649,0
L308714,C108714,Education Loan,1099685.24,180,127900,698,22240.4,10.1,Pending,0.1438,0
L308802,C108802,Personal Loan,500632.43,24,54100,626,5568.13,24.5,Pending,0.0778,0
L309959,C109959,Vehicle Loan,881695.54,120,75200,643,2023.82,25.2,Pending,0.1014,0
L305570,C105570,Vehicle Loan,481088.34,120,89800,691,12730.04,28.7,Pending,0.0831,0
L308145,C108145,Vehicle Loan,1069303.3,84,50300,709,18080.23,7.7,Approved,0.1716,0
L306672,C106672,Education Loan,1179054.12,36,103200,642,27734.51,10.8,Pending,0.2513,0
L302626,C102626,Business Loan,420583.7,12,29000,658,855.28,33.1,Pending,0.0828,0
L301508,C101508,Business Loan,1845916.67,24,90000,728,22852.25,18.8,Approved,0.1505,0
L306099,C106099,Business Loan,2141278.91,60,72900,594,0.0,3.1,Approved,0.1911,0
L304902,C104902,Personal Loan,546136.99,36,137200,587,49803.96,10.2,Approved,0.3134,1
L301756,C101756,Home Loan,6825476.24,24,21200,604,1334.43,3.5,Approved,0.5147,1
L300157,C100157,Education Loan,1275236.11,24,19000,641,0.0,8.4,Approved,0.235,0
L305164,C105164,Business Loan,3941643.76,60,98700,744,15977.48,12.8,Approved,0.0984,0
L305879,C105879,Personal Loan,767922.72,84,26700,692,3961.27,0.0,Approved,0.1863,1
L305840,C105840,Home Loan,5555109.62,12,67900,575,826.79,26.0,Approved,0.1004,0
L300047,C100047,Business Loan,1106959.03,60,52100,632,11507.11,30.6,Pending,0.1386,0
L301259,C101259,Education Loan,1590650.64,12,69100,758,154.34,17.2,Approved,0.1086,0
L307338,C107338,Business Loan,2403861.7,12,26700,680,6198.86,0.8,Pending,0.3499,0
L305129,C105129,Vehicle Loan,843982.38,180,101000,807,21108.36,15.3,Pending,0.09,0
L304822,C104822,Personal Loan,740320.97,24,101400,703,16333.57,20.7,Approved,0.1077,0
L304887,C104887,Education Loan,1234125.88,12,25200,633,2180.27,19.2,Approved,0.175,0
L304949,C104949,Education Loan,504785.94,84,88100,663,14238.74,5.2,Approved,0.1856,0
L306875,C106875,Education Loan,1674995.17,24,85600,807,0.0,11.8,Pending,0.0467,0
L301594,C101594,Business Loan,3507115.26,60,40700,688,164.84,24.8,Approved,0.0448,0
L300808,C100808,Business Loan,318372.31,24,91400,794,16235.53,10.6,Pending,0.1111,0
L305783,C105783,Vehicle Loan,347627.98,36,73000,737,17274.17,17.9,Approved,0.0759,0
L302707,C102707,Home Loan,7832697.37,84,47000,587,4045.76,3.0,Approved,0.2935,0
L301681,C101681,Home Loan,2588887.34,120,12000,645,2680.72,0.0,Approved,0.2678,0
L309439,C109439,Personal Loan,207426.58,36,132200,657,17646.26,4.1,Pending,0.1514,0
L305909,C105909,Home Loan,1581365.3,180,15100,773,1485.86,8.8,Pending,0.0594,0
L303562,C103562,Education Loan,293575.39,24,14000,900,1307.98,13.2,Pending,0.0308,0
L308038,C108038,Education Loan,1669257.46,120,32100,631,5492.18,4.2,Pending,0.285,0
L309600,C109600,Home Loan,3485253.81,60,17400,729,4430.29,18.1,Pending,0.1151,0
L300503,C100503,Business Loan,4922101.73,120,101500,690,0.0,34.1,Pending,0.0456,0
L309544,C109544,Vehicle Loan,538003.87,24,26700,615,2076.34,10.9,Pending,0.1651,0
L306382,C106382,Personal Loan,323504.82,24,76900,690,14145.07,20.3,Approved,0.1298,1
L301928,C101928,Vehicle Loan,156871.1,84,53200,584,14030.85,3.8,Approved,0.2902,0
L304273,C104273,Business Loan,1367540.7,120,77900,594,8488.55,4.9,Approved,0.1997,0
L300961,C100961,Vehicle Loan,897235.2,60,77600,694,16329.07,10.2,Approved,0.164,0
L307007,C107007,Business Loan,2272138.69,36,17400,633,3203.49,14.0,Approved,0.2107,0
L309596,C109596,Education Loan,693968.57,120,112000,687,12754.56,10.3,Pending,0.1329,0
L305457,C105457,Vehicle Loan,1397373.68,36,76400,652,13341.83,4.3,Approved,0.1456,1
L303491,C103491,Education Loan,1676147.2,60,21700,587,3978.66,13.6,Approved,0.1436,0
L301969,C101969,Personal Loan,128866.47,120,90600,643,9467.55,2.1,Approved,0.1058,1
L302734,C102734,Education Loan,932160.79,84,77400,668,9463.45,7.8,Pending,0.1177,0
L300506,C100506,Vehicle Loan,1304328.37,12,63400,656,23606.43,7.5,Pending,0.2488,0
L301414,C101414,Vehicle Loan,566905.61,60,75800,538,23214.34,14.5,Approved,0.3018,0
L301780,C101780,Education Loan,1885465.64,180,51500,616,5626.99,1.4,Approved,0.1357,1
L302135,C102135,Vehicle Loan,1191764.07,120,85200,884,5697.07,22.4,Pending,0.0267,0
L303090,C103090,Personal Loan,390802.24,84,73500,732,10549.59,6.1,Pending,0.0998,0
L303399,C103399,Home Loan,5546003.2,24,51500,642,13429.35,27.2,Approved,0.2411,1
L306087,C106087,Vehicle Loan,1313359.97,60,22300,685,2365.35,14.0,Pending,0.0878,0
L300779,C100779,Home Loan,3355886.46,84,63400,537,11049.31,19.5,Pending,0.3616,0
L305604,C105604,Business Loan,2716756.89,24,62000,669,0.0,20.2,Approved,0.0879,0
L309781,C109781,Personal Loan,460452.35,36,65500,656,11443.44,3.0,Pending,0.1548,0
L305297,C105297,Vehicle Loan,254305.68,84,79100,759,15967.75,24.8,Approved,0.0478,0
L309627,C109627,Business Loan,1950350.83,84,104000,650,31412.44,8.3,Pending,0.2562,0
L308530,C108530,Education Loan,1097342.83,120,94300,736,8454.73,27.6,Pending,0.053,1
L307758,C107758,Education Loan,1380843.76,84,90100,716,5531.43,10.7,Pending,0.0845,0
L300861,C100861,Home Loan,6505170.53,36,92100,796,12215.46,35.8,Pending,0.0371,0
L307458,C107458,Business Loan,4777362.28,180,63900,719,20888.81,3.6,Approved,0.1806,0
L306970,C106970,Personal Loan,758480.19,120,76000,732,10007.7,1.9,Pending,0.078,0
L306147,C106147,Vehicle Loan,506459.22,84,86400,813,17959.62,26.1,Approved,0.0457,0
L305810,C105810,Vehicle Loan,1283615.6,12,40300,731,5760.8,7.9,Pending,0.1239,0
L307210,C107210,Business Loan,1089040.61,84,45300,701,0.0,15.7,Approved,0.0682,0
L302581,C102581,Education Loan,1505360.05,84,33900,745,0.0,15.8,Approved,0.0557,0
L307392,C107392,Personal Loan,721212.32,36,56500,530,11830.07,3.4,Pending,0.3672,0
L303747,C103747,Home Loan,5607733.62,120,21500,807,6329.33,24.5,Approved,0.1096,0
L304947,C104947,Personal Loan,606562.12,84,55100,576,20953.97,8.5,Approved,0.3132,0
L309559,C109559,Home Loan,4664148.95,12,65500,650,18000.9,19.5,Approved,0.2908,1
L308940,C108940,Personal Loan,269871.05,84,45700,739,13186.2,3.6,Approved,0.1758,0
L301631,C101631,Business Loan,1664390.22,180,111000,691,8036.88,31.6,Approved,0.0534,0
L308020,C108020,Personal Loan,155495.27,24,11100,600,2977.96,9.7,Approved,0.2153,1
L302573,C102573,Education Loan,1723350.64,180,62900,713,1391.68,8.4,Approved,0.1161,0
L303711,C103711,Education Loan,1001091.88,12,75000,619,12790.74,21.5,Approved,0.095,0
L306263,C106263,Education Loan,1480123.11,36,71300,760,11152.36,18.2,Approved,0.0684,0
L309829,C109829,Business Loan,4911299.84,180,16300,569,2734.65,8.2,Approved,0.2442,0
L301983,C101983,Education Loan,632762.4,24,82200,658,20781.12,21.3,Approved,0.1195,0
L308859,C108859,Education Loan,893274.9,60,11000,719,378.05,0.6,Approved,0.0718,0
L305395,C105395,Business Loan,1343189.71,120,103200,819,9195.78,0.6,Approved,0.0983,0
L302191,C102191,Vehicle Loan,617533.09,180,67200,722,16404.45,6.8,Approved,0.1399,0
L308786,C108786,Education Loan,1042119.61,120,80500,683,9415.33,7.3,Approved,0.1813,0
L305408,C105408,Personal Loan,576217.93,12,91900,835,8358.96,8.3,Approved,0.0563,0
L306699,C106699,Home Loan,7660440.93,12,44800,613,3082.0,12.5,Approved,0.3948,0
L305218,C105218,Home Loan,2280719.93,180,51200,629,3924.31,1.3,Pending,0.2453,0
L308623,C108623,Home Loan,4416373.73,84,56100,652,3772.27,28.1,Pending,0.096,0
L301736,C101736,Business Loan,3790925.22,60,56800,703,12605.8,15.1,Approved,0.1405,0
L308428,C108428,Education Loan,1081249.77,24,45700,769,1823.01,7.5,Pending,0.0524,0
L302995,C102995,Personal Loan,406288.62,180,109600,773,40846.53,12.4,Approved,0.1752,0
L307888,C107888,Vehicle Loan,177444.27,180,24600,723,6803.04,11.8,Pending,0.1136,0
L305240,C105240,Education Loan,1317553.6,24,71800,600,12733.24,7.9,Approved,0.2212,1
L307911,C107911,Vehicle Loan,627867.19,120,56000,587,4602.55,8.3,Pending,0.2378,1
L301921,C101921,Vehicle Loan,457274.16,84,99300,761,23591.08,8.7,Approved,0.1123,0
L309603,C109603,Education Loan,1731430.38,12,13800,611,1704.76,7.6,Pending,0.3743,0
L300690,C100690,Education Loan,1345226.39,36,83600,708,396.1,22.3,Pending,0.0791,0
L309233,C109233,Vehicle Loan,499843.53,36,38400,596,6462.03,2.4,Pending,0.2198,1
L307095,C107095,Home Loan,4268378.01,24,55900,659,7383.41,11.7,Pending,0.1638,0
L300160,C100160,Personal Loan,278164.84,120,37300,837,4744.49,33.8,Approved,0.0212,0
L308311,C108311,Home Loan,1097268.9,12,59700,782,0.0,0.0,Approved,0.0609,1
L307817,C107817,Education Loan,1537354.82,60,52700,891,8377.83,9.4,Approved,0.0255,0
L305998,C105998,Business Loan,3766521.86,180,64000,900,5385.87,11.7,Approved,0.052,0
L307003,C107003,Home Loan,1884029.94,180,29000,698,2028.9,18.3,Approved,0.0797,0
L307753,C107753,Personal Loan,289121.0,120,48800,713,7223.06,0.0,Approved,0.1153,0
L303817,C103817,Personal Loan,219654.9,36,54000,678,8539.75,24.2,Approved,0.0829,0
L303912,C103912,Home Loan,1732642.29,120,81600,502,145.46,3.0,Approved,0.2841,0
L304321,C104321,Education Loan,269315.8,24,63900,768,10429.24,14.0,Approved,0.0958,0
L308064,C108064,Vehicle Loan,1240264.24,60,102300,668,4293.88,11.1,Approved,0.0934,0
L302770,C102770,Personal Loan,450052.69,24,24300,888,6563.83,21.6,Approved,0.0518,0
L309995,C109995,Home Loan,2167728.81,12,17700,754,379.61,14.9,Approved,0.1096,0
L302003,C102003,Business Loan,1820638.79,12,76700,726,2289.62,6.3,Pending,0.0934,0
L302750,C102750,Home Loan,7549625.26,180,12200,656,374.43,6.4,Pending,0.1032,1
L304944,C104944,Vehicle Loan,427317.87,24,72900,725,7563.51,0.6,Pending,0.089,0
L305427,C105427,Vehicle Loan,861074.31,24,53300,757,16262.47,4.5,Pending,0.1231,0
L304049,C104049,Business Loan,3544098.14,24,94800,794,9736.64,5.0,Pending,0.1061,0
L306862,C106862,Vehicle Loan,518489.31,84,91200,612,14661.92,5.8,Pending,0.199,0
L302656,C102656,Personal Loan,607745.59,12,29500,761,4876.63,1.3,Approved,0.1087,0
L302118,C102118,Education Loan,1644994.58,36,89100,765,16383.0,15.7,Pending,0.1346,0
L305037,C105037,Personal Loan,144279.89,36,72600,756,4872.19,4.8,Approved,0.0684,0
L306317,C106317,Business Loan,1555376.36,180,20700,577,3802.6,15.3,Approved,0.1747,0
L302633,C102633,Vehicle Loan,877905.84,120,93800,621,13831.87,5.1,Pending,0.1718,0
L304544,C104544,Home Loan,1731990.72,12,52700,570,12762.9,13.7,Approved,0.4349,1
L300562,C100562,Personal Loan,135146.15,60,90800,656,0.0,17.5,Approved,0.0975,0
L306825,C106825,Education Loan,305791.35,84,36100,687,1210.63,14.1,Approved,0.0806,0
L309401,C109401,Personal Loan,402869.78,60,73500,570,8058.87,22.3,Approved,0.1213,0
L304835,C104835,Personal Loan,751767.95,12,35100,661,0.0,7.4,Approved,0.154,0
L301400,C101400,Personal Loan,118641.12,84,90300,743,6009.02,17.6,Approved,0.0408,0
L303423,C103423,Business Loan,1336380.98,36,18800,656,5803.63,7.6,Approved,0.2833,1
L305980,C105980,Personal Loan,615727.13,12,62900,761,11047.86,13.9,Approved,0.082,0
L300161,C100161,Home Loan,4368150.29,120,21100,631,5776.42,24.1,Approved,0.1927,0
L300029,C100029,Vehicle Loan,1396403.51,12,86700,739,16880.67,4.7,Pending,0.1191,0
L301671,C101671,Education Loan,106882.45,120,56000,654,0.0,5.2,Approved,0.1565,1
L308884,C108884,Business Loan,2122384.04,36,42400,666,9495.33,4.5,Approved,0.1344,0
L302444,C102444,Home Loan,7896259.1,120,68100,570,2359.18,13.4,Approved,0.1729,0
L303846,C103846,Personal Loan,288368.53,24,59800,566,5477.19,9.1,Approved,0.1827,0
L306309,C106309,Vehicle Loan,446941.8,120,82900,578,18122.94,2.4,Pending,0.2397,0
L301782,C101782,Vehicle Loan,1491570.4,120,46700,648,4130.35,0.8,Approved,0.147,0
L304688,C104688,Personal Loan,249150.11,12,13200,672,3976.8,0.0,Approved,0.3173,1
L303006,C103006,Vehicle Loan,1479886.09,12,51800,720,9082.55,6.9,Pending,0.1348,0
L308224,C108224,Home Loan,7120219.91,12,76900,652,4294.65,30.0,Approved,0.1493,0
L307602,C107602,Vehicle Loan,295530.88,60,11100,769,1945.59,4.9,Approved,0.1393,0
L302681,C102681,Personal Loan,796566.42,180,84800,533,0.0,2.9,Pending,0.2177,0
L302890,C102890,Education Loan,1767445.05,84,68000,623,1701.55,4.5,Approved,0.1551,1
L307154,C107154,Home Loan,1687694.07,180,80500,710,16868.56,11.4,Approved,0.1252,1
L304031,C104031,Education Loan,1421649.45,36,20600,725,5071.09,4.4,Approved,0.1925,0
L307269,C107269,Education Loan,403643.8,12,44800,519,13155.26,5.9,Pending,0.445,0
L302145,C102145,Personal Loan,390511.96,60,116300,674,3515.98,16.6,Approved,0.0879,0
L303142,C103142,Vehicle Loan,944539.7,180,53500,670,14312.35,9.9,Pending,0.1954,0
L300212,C100212,Vehicle Loan,524792.76,36,56300,678,7488.45,14.5,Approved,0.1147,1
L305311,C105311,Business Loan,3361788.5,60,74800,485,10767.05,28.8,Approved,0.3439,1
L306901,C106901,Education Loan,167660.75,180,117200,578,14366.41,11.0,Pending,0.1526,0
L309937,C109937,Vehicle Loan,446589.14,36,58400,655,3756.72,0.4,Approved,0.2087,0
L300397,C100397,Home Loan,3944536.85,120,72300,716,6743.11,7.0,Pending,0.0999,0
L305329,C105329,Home Loan,3531104.37,84,14800,684,4389.87,16.8,Approved,0.151,0
L302224,C102224,Vehicle Loan,1498928.27,84,109000,672,18357.25,11.5,Pending,0.1574,0
L301096,C101096,Vehicle Loan,1463046.68,60,67400,795,8824.03,18.5,Approved,0.0613,0
L300060,C100060,Business Loan,1865354.9,60,86800,723,0.0,9.9,Pending,0.0726,0
L309871,C109871,Personal Loan,449103.41,60,13500,612,0.0,3.2,Approved,0.1784,0
L300698,C100698,Business Loan,3017685.19,24,8000,792,1231.67,0.8,Pending,0.3575,1
L305097,C105097,Vehicle Loan,1489635.54,120,29800,777,5768.83,10.5,Approved,0.108,0
L305010,C105010,Business Loan,4219492.61,36,151500,715,23659.97,29.9,Pending,0.0585,0
L305351,C105351,Business Loan,698439.16,36,103100,801,7248.84,12.9,Pending,0.0484,0
L301707,C101707,Personal Loan,320078.42,180,48700,553,15866.03,21.4,Pending,0.2841,1
L305203,C105203,Business Loan,521020.94,120,86300,706,15872.81,23.4,Pending,0.1112,0
L308709,C108709,Business Loan,1705950.58,36,85900,721,16947.59,12.6,Approved,0.1201,0
L300731,C100731,Vehicle Loan,249000.03,12,17900,743,4263.15,4.9,Approved,0.1291,0
L302211,C102211,Vehicle Loan,607324.9,36,33600,821,3911.76,15.9,Approved,0.0473,0
L301512,C101512,Personal Loan,699247.47,24,49300,730,3071.4,7.3,Approved,0.0888,0
L308434,C108434,Personal Loan,221347.58,24,52700,655,17515.94,9.6,Pending,0.1255,1
L302061,C102061,Vehicle Loan,933485.64,180,56100,683,19263.84,9.8,Pending,0.201,0
L309454,C109454,Personal Loan,346575.83,36,43100,789,8419.27,5.1,Approved,0.1186,0
L308085,C108085,Business Loan,1767540.32,180,131000,727,26830.31,4.4,Approved,0.1979,0
L303785,C103785,Vehicle Loan,253893.35,120,40200,771,3382.38,6.3,Approved,0.0666,0
L306599,C106599,Vehicle Loan,977024.89,120,38400,597,4429.42,0.8,Approved,0.2236,0
L300741,C100741,Vehicle Loan,413498.42,36,75300,679,20903.71,12.2,Approved,0.1669,0
L300067,C100067,Home Loan,7430265.27,36,81900,646,17826.48,8.2,Approved,0.1964,0
L302703,C102703,Business Loan,2264495.38,24,65800,703,11442.29,22.3,Approved,0.1285,0
L309551,C109551,Vehicle Loan,1119280.83,120,60000,689,13811.7,2.2,Approved,0.2088,0
L303110,C103110,Home Loan,4960641.58,120,55100,722,3485.34,19.2,Approved,0.0692,0
L303018,C103018,Education Loan,1052255.08,36,84700,770,8664.86,21.5,Approved,0.0462,0
L306261,C106261,Vehicle Loan,1402013.27,120,16200,701,0.0,9.4,Pending,0.0993,0
L304422,C104422,Business Loan,225411.49,24,30700,678,9564.51,10.4,Approved,0.1994,0
L302166,C102166,Vehicle Loan,1114449.15,84,130200,789,21722.25,5.9,Approved,0.1156,0
L301732,C101732,Education Loan,1843984.23,24,22600,737,2914.82,7.6,Approved,0.1595,0
L305683,C105683,Personal Loan,351664.99,12,53600,627,8848.31,11.7,Pending,0.3116,1
L305271,C105271,Home Loan,4552205.41,120,17000,667,4066.55,8.8,Pending,0.2251,1
L302461,C102461,Education Loan,873555.5,24,74000,764,20058.07,2.4,Approved,0.1106,0
L304845,C104845,Education Loan,1275338.82,36,60300,656,12198.06,26.7,Approved,0.0937,0
L305018,C105018,Home Loan,6957616.54,84,91500,739,19066.0,30.2,Approved,0.0699,0
L300004,C100004,Personal Loan,361496.68,36,98100,527,6800.85,12.7,Approved,0.2402,0
L304726,C104726,Business Loan,802927.09,12,41000,637,4196.39,2.4,Approved,0.208,0
L307735,C107735,Home Loan,5244862.04,120,35400,588,7278.85,2.7,Pending,0.3386,0
L309174,C109174,Education Loan,970473.95,180,62800,676,5944.6,15.5,Approved,0.1354,0
L309398,C109398,Personal Loan,266945.56,12,91000,554,4447.37,13.4,Approved,0.2008,0
L307390,C107390,Vehicle Loan,158254.29,84,80200,644,5291.58,30.0,Pending,0.0838,0
L300483,C100483,Home Loan,4590366.28,180,88800,699,2741.33,25.0,Approved,0.0648,0
L305133,C105133,Personal Loan,385939.17,24,72200,687,7312.93,0.4,Approved,0.123,0
L308202,C108202,Personal Loan,756111.66,60,45600,824,13220.88,20.0,Approved,0.074,0
L300620,C100620,Personal Loan,226333.89,120,64300,775,0.0,9.0,Approved,0.0493,0
L304475,C104475,Vehicle Loan,1136995.64,36,34300,805,8477.97,9.5,Approved,0.067,0
L308383,C108383,Education Loan,946386.65,180,58300,574,15840.35,12.6,Pending,0.2511,0
L308249,C108249,Personal Loan,95387.57,12,55700,661,10101.31,35.9,Approved,0.078,0
L302503,C102503,Home Loan,3168750.98,12,33000,716,5154.81,2.7,Approved,0.3446,1
L305423,C105423,Home Loan,3642557.43,180,63400,758,3917.25,3.8,Approved,0.112,0
L303621,C103621,Vehicle Loan,491534.21,84,74600,723,2087.25,7.8,Approved,0.0807,0
L303835,C103835,Vehicle Loan,569228.98,84,66500,852,11337.5,13.6,Approved,0.0558,0
L300425,C100425,Home Loan,7049395.17,84,88000,663,14125.15,6.3,Approved,0.1743,0
L301064,C101064,Business Loan,1572592.59,24,80300,809,8708.87,10.3,Pending,0.0626,0
L307694,C107694,Home Loan,3388664.46,84,64500,688,9709.72,11.5,Pending,0.1341,0
L303035,C103035,Home Loan,5855487.86,36,19600,601,4957.29,11.3,Approved,0.4294,0
L304808,C104808,Personal Loan,294413.44,84,83400,531,14568.2,15.3,Approved,0.1779,1
L301396,C101396,Business Loan,4067812.12,12,55100,601,11280.53,20.8,Approved,0.3105,0
L307329,C107329,Home Loan,7412740.53,84,34500,578,1452.47,4.0,Approved,0.2507,1
L304384,C104384,Personal Loan,374389.64,84,84500,712,21339.43,7.6,Approved,0.1556,0
L309533,C109533,Vehicle Loan,1045105.51,180,69700,748,517.39,12.1,Approved,0.0768,0
L305527,C105527,Home Loan,3074707.73,120,114700,694,2179.56,11.5,Approved,0.0855,0
L303573,C103573,Vehicle Loan,541848.2,60,46600,558,4872.17,4.1,Pending,0.1911,0
L308767,C108767,Personal Loan,273154.91,60,96100,633,2187.8,16.2,Approved,0.0912,0
L306233,C106233,Education Loan,1745353.35,12,47700,770,10508.34,1.5,Approved,0.1721,0
L301801,C101801,Vehicle Loan,1354968.36,180,109400,587,20355.04,7.7,Approved,0.2401,0
L302038,C102038,Personal Loan,395607.6,60,25500,634,3660.92,23.3,Pending,0.0812,0
L301916,C101916,Home Loan,3533500.64,180,70600,764,0.0,9.6,Pending,0.052,0
L301607,C101607,Education Loan,1384957.72,180,58400,801,12948.45,22.4,Pending,0.0457,0
L306517,C106517,Vehicle Loan,1216441.75,60,72900,626,16538.84,15.7,Pending,0.2266,0
L301155,C101155,Business Loan,4584030.81,120,69400,599,9322.94,8.9,Pending,0.2372,1
L304575,C104575,Vehicle Loan,1065553.2,120,105000,885,23839.67,19.9,Approved,0.032,0
L306917,C106917,Education Loan,1579822.87,84,49600,740,5586.15,0.0,Approved,0.1039,0
L303422,C103422,Education Loan,1160827.61,180,117700,699,36148.38,22.5,Pending,0.1275,0
L308215,C108215,Vehicle Loan,925729.99,120,73600,684,5243.5,25.9,Pending,0.0736,0
L300551,C100551,Business Loan,3213439.78,36,35700,659,3829.95,11.6,Pending,0.1596,0
L301127,C101127,Personal Loan,793265.13,120,63100,598,10334.39,8.8,Approved,0.2565,1
L302802,C102802,Personal Loan,64917.52,24,63100,745,8954.17,9.4,Approved,0.1038,0
L306002,C106002,Home Loan,6696648.75,84,19900,723,4843.5,17.9,Approved,0.171,0
L300330,C100330,Home Loan,2581664.43,84,47100,765,5659.75,19.8,Approved,0.0379,0
L308086,C108086,Vehicle Loan,1346892.69,36,76700,697,29908.64,13.6,Pending,0.1764,1
L302158,C102158,Business Loan,4470569.17,60,77300,807,14146.91,27.3,Approved,0.0544,0
L309707,C109707,Home Loan,7904742.73,120,38700,651,4274.11,2.7,Approved,0.2423,0
L306343,C106343,Home Loan,3923421.13,120,94100,651,14557.47,6.9,Pending,0.1757,0
L306690,C106690,Education Loan,1157725.48,120,63500,609,17685.91,9.0,Pending,0.2567,0
L308685,C108685,Home Loan,2420283.84,12,53600,717,14127.56,10.0,Approved,0.2177,1
L301795,C101795,Education Loan,787654.79,120,51100,715,11422.16,3.6,Pending,0.1422,0
L300462,C100462,Education Loan,976537.92,120,107100,669,35851.49,27.3,Approved,0.1144,0
L309944,C109944,Home Loan,2247389.44,36,16900,668,378.0,2.0,Pending,0.2466,0
L308253,C108253,Personal Loan,603231.73,24,57700,745,2422.0,9.8,Approved,0.0609,0
L301082,C101082,Home Loan,6072569.12,12,95300,576,17354.12,22.6,Approved,0.2686,0
L303210,C103210,Vehicle Loan,584156.0,36,91200,563,17234.83,8.6,Approved,0.2813,0
L309915,C109915,Home Loan,1117240.99,120,81800,613,20415.2,2.9,Approved,0.262,1
L307681,C107681,Business Loan,1002397.01,12,51000,626,7669.89,26.6,Pending,0.2105,0
L303998,C103998,Personal Loan,224804.05,36,49600,801,8293.02,12.3,Approved,0.0635,0
L307397,C107397,Business Loan,3033490.18,24,86200,627,4202.22,0.5,Approved,0.2083,1
L305438,C105438,Education Loan,1122382.44,180,14000,759,1833.37,7.5,Pending,0.0693,0
L302075,C102075,Personal Loan,618589.18,120,102700,624,34128.79,10.1,Pending,0.2954,0
L305107,C105107,Personal Loan,713697.79,24,23200,672,3215.92,23.7,Approved,0.1094,0
L300002,C100002,Personal Loan,511214.64,60,60500,673,1283.45,19.2,Pending,0.0689,0
L305387,C105387,Home Loan,4215498.95,12,110400,855,37617.15,15.0,Approved,0.102,0
L304304,C104304,Vehicle Loan,895979.79,120,67000,833,1325.4,11.6,Approved,0.0369,0
L305767,C105767,Education Loan,1747190.6,60,42400,667,11881.18,6.7,Approved,0.1839,0
L300206,C100206,Vehicle Loan,290795.66,36,69500,661,14378.83,27.2,Approved,0.0837,0
L308036,C108036,Education Loan,1226885.07,120,24200,687,3615.99,28.1,Approved,0.0524,0
L308365,C108365,Home Loan,2479060.27,84,76700,847,11247.84,22.4,Approved,0.0482,0
L301135,C101135,Vehicle Loan,250845.72,84,38600,782,2706.58,1.1,Approved,0.1196,0
L301902,C101902,Business Loan,4193901.31,180,139900,764,1489.95,13.7,Approved,0.037,0
L308936,C108936,Home Loan,6088768.31,120,23800,683,3851.53,20.7,Pending,0.1462,0
L300686,C100686,Education Loan,1968668.16,12,88900,812,8092.68,8.3,Approved,0.0705,0
L305623,C105623,Vehicle Loan,223551.79,24,39100,814,0.0,30.5,Pending,0.0366,1
L304251,C104251,Business Loan,1954935.13,60,58300,589,9350.7,6.0,Approved,0.2308,0
L309625,C109625,Home Loan,7772750.43,180,82100,591,12506.18,6.0,Pending,0.2077,1
L307767,C107767,Vehicle Loan,1336481.92,120,74900,770,11685.08,5.2,Approved,0.0795,0
L308331,C108331,Education Loan,875116.55,120,75500,601,11614.38,2.2,Approved,0.2572,0
L306342,C106342,Vehicle Loan,1019990.14,180,79800,713,16845.82,13.9,Approved,0.1255,0
L309488,C109488,Home Loan,3251003.51,84,59900,709,11801.16,20.1,Approved,0.1087,0
L307676,C107676,Education Loan,700414.87,84,46700,699,9194.05,18.6,Approved,0.114,0
L300545,C100545,Business Loan,482566.64,12,10700,675,3356.46,1.5,Pending,0.2539,1
L303038,C103038,Business Loan,3269534.71,60,58900,783,5559.04,6.1,Approved,0.0559,0
L306902,C106902,Home Loan,3517323.42,60,82800,810,22473.97,12.3,Approved,0.0929,0
L300544,C100544,Home Loan,3359662.62,120,91000,673,18298.38,31.0,Approved,0.0652,0
L300341,C100341,Personal Loan,73813.83,12,77600,695,4278.85,7.5,Approved,0.1098,0
L307119,C107119,Vehicle Loan,1264357.48,120,86400,700,5502.82,17.6,Approved,0.1183,0
L301165,C101165,Business Loan,4066665.16,84,56700,678,10768.16,1.0,Approved,0.2254,1
L304782,C104782,Education Loan,938976.28,84,105700,686,4556.67,9.0,Pending,0.08,0
L301320,C101320,Business Loan,1504183.09,60,48700,545,4128.65,1.4,Pending,0.2871,1
L308230,C108230,Business Loan,2417554.14,12,61100,586,10977.73,4.7,Approved,0.3276,0
L304739,C104739,Education Loan,1654263.39,36,121900,645,25062.92,15.6,Approved,0.2413,0
L305244,C105244,Personal Loan,629063.8,180,76700,812,13225.68,8.6,Pending,0.0625,0
L301057,C101057,Education Loan,846785.54,120,72000,678,3726.51,11.9,Approved,0.0997,0
L304163,C104163,Home Loan,3888982.64,120,87300,801,16817.91,5.6,Approved,0.0735,0
L309262,C109262,Business Loan,560894.05,24,41300,682,2732.17,4.4,Approved,0.1039,0
L300834,C100834,Business Loan,3758533.41,84,56400,664,0.0,9.8,Approved,0.1171,0
L300517,C100517,Education Loan,189674.62,180,60900,795,4994.1,0.9,Pending,0.0696,0
L302718,C102718,Home Loan,1361124.5,180,44200,599,0.0,21.9,Approved,0.1197,0
L308898,C108898,Vehicle Loan,223411.1,24,74000,543,20333.66,19.4,Approved,0.2515,0
L300399,C100399,Education Loan,1170330.48,84,89300,657,26738.15,5.7,Approved,0.2377,0
L303681,C103681,Business Loan,318460.04,60,57800,694,14097.11,0.7,Approved,0.1625,1
L302977,C102977,Home Loan,2446051.79,180,44300,743,10890.67,11.0,Approved,0.0976,1
L301517,C101517,Education Loan,197532.4,84,45100,770,5317.08,1.1,Approved,0.1408,0
L305698,C105698,Vehicle Loan,255596.73,60,22900,656,4008.65,20.4,Pending,0.1597,0
L304621,C104621,Personal Loan,413396.22,120,107600,777,0.0,31.0,Approved,0.0385,0
L305742,C105742,Personal Loan,297441.68,84,61700,666,5128.57,29.5,Pending,0.062,0
L305453,C105453,Personal Loan,311094.4,60,91400,615,28987.58,19.3,Approved,0.1829,0
L300630,C100630,Vehicle Loan,1120827.1,120,64100,641,19029.37,19.2,Approved,0.2685,0
L301591,C101591,Home Loan,4385607.33,120,181900,611,23322.67,5.1,Pending,0.1908,0
L304116,C104116,Vehicle Loan,226006.54,36,25400,610,5388.29,0.0,Pending,0.2234,1
L300683,C100683,Business Loan,4137172.0,120,74100,573,0.0,8.8,Pending,0.1545,0
L309565,C109565,Business Loan,4677062.2,84,69100,688,0.0,24.2,Approved,0.053,0
L305023,C105023,Personal Loan,742541.23,12,26900,699,1608.43,9.8,Pending,0.0836,0
L307334,C107334,Business Loan,1719741.47,120,58600,774,18260.79,7.7,Pending,0.1377,1
L307147,C107147,Business Loan,3442253.8,12,61400,685,12190.86,14.9,Approved,0.2058,0
L301352,C101352,Personal Loan,632066.92,180,71500,723,835.44,10.5,Approved,0.0805,0
L303173,C103173,Vehicle Loan,439266.29,36,75200,670,12290.52,3.0,Approved,0.1541,0
L309485,C109485,Business Loan,949149.13,60,149900,562,24729.73,14.5,Approved,0.2993,1
L300190,C100190,Vehicle Loan,430647.81,60,47300,594,13228.33,20.7,Pending,0.185,0
L307035,C107035,Education Loan,1155623.95,12,8000,340,2282.57,6.1,Rejected,0.8964,1
L307102,C107102,Personal Loan,766505.53,84,69900,613,15478.6,10.6,Approved,0.2237,0
L300862,C100862,Home Loan,2475729.87,84,91900,804,11761.51,3.9,Pending,0.0426,0
L308851,C108851,Personal Loan,787189.94,36,38200,711,4309.77,5.1,Approved,0.1123,0
L306399,C106399,Education Loan,1808602.81,24,42200,703,3933.59,31.0,Approved,0.0932,0
L304512,C104512,Education Loan,1432595.99,12,59800,711,11894.84,3.9,Approved,0.1455,0
L303526,C103526,Home Loan,1751400.6,36,58700,756,18405.14,1.4,Approved,0.1483,0
L300812,C100812,Personal Loan,225242.35,120,154000,837,26572.25,14.8,Approved,0.0407,0
L304460,C104460,Personal Loan,153507.31,60,8000,776,1249.08,2.1,Pending,0.1285,0
L305781,C105781,Vehicle Loan,1166566.57,180,67000,655,2728.73,2.2,Approved,0.1461,0
L304634,C104634,Personal Loan,565627.87,120,93900,692,29027.87,2.2,Approved,0.2676,0
L309562,C109562,Vehicle Loan,643841.18,180,33700,574,1074.96,6.1,Approved,0.2002,0
L305389,C105389,Business Loan,1624892.97,60,53000,670,2970.61,25.1,Pending,0.0762,1
L303486,C103486,Business Loan,2036094.23,12,18700,686,2701.18,7.2,Approved,0.2523,0
L307235,C107235,Personal Loan,766244.86,120,11400,808,2020.1,1.8,Pending,0.0691,0
L303150,C103150,Personal Loan,209526.14,120,52000,562,14930.29,10.2,Pending,0.2305,1
L307090,C107090,Personal Loan,694766.76,60,42200,667,1854.4,10.2,Approved,0.2034,0
L306314,C106314,Vehicle Loan,1313527.74,84,113500,778,22218.2,9.3,Approved,0.061,0
L308866,C108866,Education Loan,219428.03,36,95700,812,13690.76,2.1,Pending,0.0801,0
L305757,C105757,Business Loan,2361062.08,120,41500,644,2728.17,14.6,Pending,0.1371,0
L302240,C102240,Education Loan,801690.7,24,83000,833,5275.25,5.0,Pending,0.0408,0
L301612,C101612,Home Loan,5401876.1,36,64000,759,15367.69,6.5,Approved,0.0975,0
L305127,C105127,Personal Loan,582796.06,120,33400,706,11833.81,11.8,Approved,0.2027,0
L300649,C100649,Business Loan,3831914.78,12,34800,584,5873.5,13.9,Approved,0.3376,0
L307201,C107201,Personal Loan,66578.14,24,67700,598,6231.68,5.4,Approved,0.2189,0
L305560,C105560,Home Loan,1347273.06,180,72500,531,13310.38,17.2,Approved,0.2222,0
L302076,C102076,Education Loan,1421286.82,180,29400,794,6399.36,8.9,Approved,0.0808,0
L302357,C102357,Education Loan,1111138.24,120,67000,579,10478.9,6.4,Approved,0.1444,1
L301180,C101180,Business Loan,484717.28,24,29100,646,6400.92,15.4,Approved,0.2198,0
L301582,C101582,Education Loan,1781677.18,36,82200,666,15609.78,14.7,Approved,0.1673,0
L305061,C105061,Vehicle Loan,1318310.08,180,66800,543,8723.57,23.2,Approved,0.2398,0
L306834,C106834,Home Loan,7120485.0,36,69000,573,12949.51,1.3,Approved,0.4024,0
L300323,C100323,Personal Loan,475394.03,24,105700,725,13635.16,32.0,Approved,0.0504,0
L300228,C100228,Education Loan,1044458.46,12,100300,760,27163.73,7.9,Approved,0.094,0
L301587,C101587,Vehicle Loan,1194724.86,12,35000,611,5414.84,1.0,Pending,0.3129,1
L306259,C106259,Business Loan,1476950.11,24,53300,685,10546.55,19.3,Pending,0.0827,0
L302972,C102972,Personal Loan,384416.45,84,88100,651,18989.28,21.5,Approved,0.1281,0
L307989,C107989,Education Loan,1193564.72,36,54400,653,0.0,4.8,Approved,0.0833,0
L309656,C109656,Personal Loan,125783.59,60,62000,707,3211.22,21.2,Approved,0.0743,0
L302782,C102782,Vehicle Loan,631686.68,12,82500,611,25692.61,13.5,Approved,0.195,1
L308429,C108429,Education Loan,916697.92,24,44600,681,2979.45,11.6,Approved,0.0971,0
L300656,C100656,Business Loan,1475072.91,36,23000,826,4442.97,12.3,Pending,0.0271,0
L303076,C103076,Education Loan,605150.95,12,72700,708,12894.56,1.1,Approved,0.2176,0
L303887,C103887,Business Loan,4248734.63,24,85700,582,27171.23,4.9,Approved,0.3487,1
L308350,C108350,Vehicle Loan,262957.61,60,107100,559,28745.17,3.1,Approved,0.4067,0
L308264,C108264,Business Loan,1027633.82,60,50500,676,3121.23,1.8,Approved,0.1253,0
L305974,C105974,Education Loan,1221590.25,12,77500,739,4285.94,35.2,Approved,0.0635,0
L302492,C102492,Education Loan,428840.24,12,60300,552,21364.09,12.1,Approved,0.301,0
L302195,C102195,Education Loan,1230657.6,84,43100,551,7543.75,8.5,Pending,0.3201,1
L300654,C100654,Education Loan,1859841.24,60,68800,654,12474.52,21.4,Approved,0.1921,0
L305638,C105638,Personal Loan,792686.71,84,53200,852,6714.85,1.6,Pending,0.0462,1
L303901,C103901,Education Loan,1640186.47,84,25200,630,2716.31,23.3,Pending,0.1006,0
L302153,C102153,Vehicle Loan,683055.09,24,81600,782,9325.24,18.3,Approved,0.0446,0
L303187,C103187,Personal Loan,437767.98,24,60900,587,5471.06,3.6,Approved,0.2137,0
L301682,C101682,Home Loan,6031154.0,84,72600,737,26589.89,0.2,Pending,0.2832,1
L300973,C100973,Vehicle Loan,1294160.43,180,35800,673,7122.76,4.8,Pending,0.112,0
L307695,C107695,Vehicle Loan,633060.42,24,66900,584,5447.9,14.3,Pending,0.2178,0
L308044,C108044,Vehicle Loan,1290582.08,120,28200,736,11523.41,8.5,Approved,0.1415,0
L304987,C104987,Business Loan,2143389.27,12,70900,704,6714.75,11.8,Pending,0.1044,0
L301890,C101890,Business Loan,1657992.4,24,62100,767,0.0,6.5,Approved,0.0871,0
L304504,C104504,Home Loan,3982560.63,84,99800,587,9473.44,0.0,Approved,0.2167,0
L302453,C102453,Vehicle Loan,1086584.2,12,116700,710,20582.38,15.5,Pending,0.161,1
L301750,C101750,Vehicle Loan,1028621.49,60,74900,735,12803.82,12.8,Pending,0.0965,0
L305745,C105745,Vehicle Loan,140369.45,120,97300,772,20848.64,0.0,Approved,0.1103,0
L307412,C107412,Personal Loan,377285.76,120,20500,754,4389.6,11.4,Approved,0.1006,0
L301016,C101016,Vehicle Loan,231132.4,12,64100,624,12778.42,6.1,Approved,0.2521,0
L304548,C104548,Vehicle Loan,699067.15,84,55400,571,9499.08,5.7,Pending,0.2942,0
L303247,C103247,Business Loan,3561332.77,60,80800,723,24262.68,1.2,Pending,0.266,0
L301977,C101977,Vehicle Loan,701859.18,36,66300,677,4280.92,6.7,Approved,0.125,0
L301416,C101416,Business Loan,2872495.34,84,77300,661,14710.95,7.9,Pending,0.2023,0
L308241,C108241,Business Loan,3687665.69,120,30000,642,1494.81,12.8,Approved,0.1365,0
L309254,C109254,Education Loan,1475013.19,120,19500,709,4333.9,21.5,Approved,0.0978,0
L305194,C105194,Education Loan,1506435.78,24,56300,833,8450.91,9.0,Approved,0.0656,0
L300733,C100733,Business Loan,1856846.86,84,21400,743,3481.47,27.3,Pending,0.098,0
L301185,C101185,Vehicle Loan,145082.57,84,108000,641,28766.44,6.9,Approved,0.2547,0
L304129,C104129,Personal Loan,312455.04,84,76700,762,15639.1,7.8,Approved,0.0866,0
L306345,C106345,Home Loan,4244358.36,24,117800,733,41670.1,21.2,Pending,0.0945,0
L306746,C106746,Home Loan,4852139.78,24,52700,669,19293.09,0.0,Pending,0.4023,0
L302469,C102469,Home Loan,1931638.1,60,106600,664,13045.65,3.8,Approved,0.1407,0
L305653,C105653,Home Loan,1244449.0,12,27600,686,3823.83,12.2,Approved,0.1974,0
L300711,C100711,Business Loan,1906798.04,84,86900,648,8097.52,18.9,Approved,0.1285,0
L302746,C102746,Education Loan,678259.3,180,49400,799,3487.38,7.0,Approved,0.0711,0
L301330,C101330,Education Loan,753425.04,24,75400,800,14890.75,15.6,Pending,0.0854,0
L306469,C106469,Home Loan,6334470.6,36,21400,651,2820.41,4.3,Pending,0.3649,1
L301205,C101205,Personal Loan,393192.8,24,172900,704,0.0,19.2,Approved,0.0622,0
L308586,C108586,Education Loan,1031775.88,84,95200,675,14830.61,20.9,Approved,0.1089,0
L308470,C108470,Home Loan,5707055.39,36,91600,771,20274.7,6.8,Pending,0.1092,0
L301605,C101605,Personal Loan,63834.61,180,120600,793,8389.07,27.1,Approved,0.0266,0
L307371,C107371,Vehicle Loan,518976.09,12,46100,710,3934.34,1.1,Approved,0.1249,0
L304937,C104937,Education Loan,1797939.9,180,42500,794,7729.34,6.7,Approved,0.0954,0
L309037,C109037,Education Loan,1220302.63,36,84300,595,9323.56,26.9,Pending,0.1772,1
L309360,C109360,Vehicle Loan,1235162.94,24,82200,731,9123.32,9.3,Pending,0.1189,0
L305212,C105212,Business Loan,707287.49,24,62100,677,2852.78,11.1,Approved,0.1114,0
L304975,C104975,Vehicle Loan,408215.51,60,59400,710,4299.01,29.2,Pending,0.0564,0
L304521,C104521,Home Loan,7142731.83,12,70500,675,15388.96,22.0,Pending,0.3194,1
L308836,C108836,Business Loan,2905781.03,12,56900,738,10593.98,3.7,Pending,0.1513,0
L304045,C104045,Education Loan,1798288.66,12,71800,578,11904.28,0.0,Approved,0.3484,0
L305006,C105006,Personal Loan,171659.77,120,97100,658,23375.4,9.0,Approved,0.2085,0
L300405,C100405,Home Loan,1369032.66,84,109600,570,14015.0,10.5,Pending,0.2567,1
L308606,C108606,Home Loan,7279063.3,180,81600,703,3304.39,4.0,Approved,0.0912,0
L305858,C105858,Vehicle Loan,1293192.17,36,105000,765,6956.94,11.3,Approved,0.0687,0
L302168,C102168,Personal Loan,65250.4,84,77100,696,747.12,31.6,Pending,0.0502,0
L305525,C105525,Vehicle Loan,810432.31,12,83900,570,15926.91,3.0,Pending,0.3638,0
L302843,C102843,Education Loan,1862471.99,60,90700,738,496.69,9.7,Approved,0.0659,0
L306240,C106240,Home Loan,2104686.98,120,59700,688,5897.28,10.0,Approved,0.1172,0
L305433,C105433,Business Loan,431301.25,24,47100,623,6314.84,17.4,Approved,0.1484,0
L301806,C101806,Business Loan,3132030.21,120,54900,827,5473.15,0.0,Approved,0.0874,0
L303631,C103631,Personal Loan,736508.52,120,46000,637,8896.08,15.1,Approved,0.1085,0
L307535,C107535,Home Loan,7520836.15,36,63500,771,14688.99,12.4,Approved,0.1167,0
L303132,C103132,Personal Loan,447458.99,120,41100,573,5008.48,26.9,Pending,0.1382,0
L303357,C103357,Vehicle Loan,1279302.46,180,77000,724,15580.2,20.9,Approved,0.1248,1
L300140,C100140,Vehicle Loan,553451.06,84,68500,812,11974.58,24.2,Pending,0.0394,0
L304785,C104785,Vehicle Loan,1030070.86,24,100100,635,16820.41,10.0,Pending,0.2002,0
L304545,C104545,Home Loan,7906546.33,84,45700,648,10166.86,25.1,Pending,0.1242,0
L301641,C101641,Vehicle Loan,235427.47,180,42600,696,9210.83,0.4,Approved,0.1289,1
L305955,C105955,Education Loan,870667.38,120,54600,779,9702.38,13.6,Pending,0.0777,0
L302601,C102601,Personal Loan,209779.29,120,39200,618,5765.48,4.4,Pending,0.1722,1
L306858,C106858,Business Loan,435339.79,120,77600,846,11770.93,13.2,Approved,0.0398,0
L305204,C105204,Education Loan,315183.55,36,110200,609,5275.86,14.5,Approved,0.1561,0
L303548,C103548,Home Loan,3798831.68,60,115300,664,8348.72,7.1,Approved,0.1335,0
L309614,C109614,Business Loan,1000998.88,180,54800,724,3959.59,9.2,Approved,0.0853,0
L301333,C101333,Education Loan,1480005.72,12,80600,671,21787.36,7.2,Pending,0.2006,1
L302614,C102614,Education Loan,1349870.51,120,76000,809,0.0,2.3,Approved,0.0409,0
L307510,C107510,Home Loan,4784479.09,180,57800,832,5522.34,8.5,Pending,0.0696,0
L302551,C102551,Home Loan,4399046.55,84,119200,787,27340.85,4.5,Pending,0.1255,1
L303971,C103971,Home Loan,1090132.26,12,61100,870,3705.79,12.5,Approved,0.0361,0
L307829,C107829,Business Loan,1263387.38,84,44700,579,4737.4,14.6,Approved,0.1998,0
L303507,C103507,Business Loan,660291.66,84,66700,640,16455.93,21.0,Approved,0.2054,0
L300818,C100818,Education Loan,835097.56,12,59300,656,11152.26,6.9,Pending,0.2069,0
L309789,C109789,Home Loan,7123702.81,60,83000,763,33869.18,18.6,Approved,0.1438,0
L306739,C106739,Vehicle Loan,738796.53,24,147800,588,52425.98,6.5,Approved,0.3271,0
L304340,C104340,Education Loan,188502.26,120,58800,753,15201.5,1.7,Approved,0.1018,1
L309891,C109891,Vehicle Loan,492634.94,120,76900,660,3565.11,24.6,Approved,0.069,0
L302615,C102615,Business Loan,4022309.77,180,60100,649,12043.54,5.9,Approved,0.1988,0
L308878,C108878,Vehicle Loan,1276307.47,180,13800,616,2265.75,12.0,Approved,0.2518,0
L308816,C108816,Personal Loan,393706.99,12,56500,699,8284.18,6.1,Pending,0.1406,0
L305106,C105106,Education Loan,670590.2,84,54800,710,11051.47,22.4,Approved,0.1088,0
L301001,C101001,Home Loan,2358652.95,120,55500,739,6677.55,20.7,Approved,0.0803,0
L300267,C100267,Personal Loan,532931.18,84,19500,698,7054.17,6.5,Pending,0.1499,0
L305916,C105916,Vehicle Loan,1458254.67,120,41300,740,3490.69,7.5,Pending,0.0743,0
L306146,C106146,Business Loan,2860518.79,24,67000,731,9284.43,11.4,Pending,0.1522,0
L303918,C103918,Business Loan,2195468.24,180,11000,636,2898.48,1.5,Approved,0.2093,1
L300280,C100280,Vehicle Loan,1403408.12,12,53700,673,4988.92,2.9,Pending,0.1679,0
L308368,C108368,Education Loan,460027.82,84,128000,707,2621.48,11.3,Pending,0.1045,0
L307362,C107362,Vehicle Loan,1307518.59,120,54300,686,12662.02,0.0,Pending,0.1806,0
L302320,C102320,Vehicle Loan,1172277.7,120,93700,522,9494.37,2.4,Pending,0.2595,1
L308318,C108318,Business Loan,3980341.65,60,82300,593,6998.23,6.0,Approved,0.1939,0
L303651,C103651,Home Loan,2190537.19,84,13500,553,3352.14,0.7,Pending,0.5,0
L301892,C101892,Vehicle Loan,937491.58,36,53300,777,4791.39,26.7,Approved,0.0424,0
L304673,C104673,Education Loan,336569.1,24,88600,763,2081.17,22.7,Approved,0.0431,0
L301689,C101689,Education Loan,790733.04,60,62600,754,10583.29,2.6,Approved,0.0734,0
L303309,C103309,Vehicle Loan,481911.28,120,29000,674,3815.24,17.6,Pending,0.1193,0
L307431,C107431,Business Loan,4810764.79,24,22300,700,481.03,19.2,Approved,0.1191,0
L304167,C104167,Business Loan,3104788.61,12,30400,784,1655.12,3.5,Approved,0.1398,0
L302369,C102369,Vehicle Loan,1486637.02,180,15900,724,3894.32,2.2,Pending,0.2105,0
L303748,C103748,Personal Loan,508506.49,120,50800,634,11251.74,25.3,Approved,0.1486,0
L309960,C109960,Vehicle Loan,590839.47,24,86000,590,16310.75,0.8,Approved,0.3309,0
L304165,C104165,Education Loan,1834337.8,84,62200,704,20929.38,8.5,Pending,0.2032,0
L301622,C101622,Business Loan,1571472.83,84,49100,637,11510.76,8.5,Approved,0.2064,0
L306571,C106571,Education Loan,1977176.73,60,50900,597,5856.35,11.9,Pending,0.1791,0
L309136,C109136,Education Loan,1486787.0,60,34400,610,5022.03,12.3,Approved,0.1754,0
L305900,C105900,Education Loan,874785.28,120,84500,701,7344.05,29.9,Approved,0.0531,0
L304014,C104014,Personal Loan,439839.71,36,27300,637,4270.07,9.7,Pending,0.1888,1
L307578,C107578,Education Loan,490680.09,180,53100,707,12013.14,18.0,Pending,0.1512,0
L305124,C105124,Vehicle Loan,1358240.49,24,37800,751,12073.11,4.1,Pending,0.1875,1
L309301,C109301,Business Loan,3630535.58,60,99600,884,16676.26,18.3,Pending,0.027,0
L309277,C109277,Business Loan,1362310.97,120,90300,714,15598.51,3.7,Pending,0.2082,0
L306802,C106802,Personal Loan,779369.94,120,26900,691,3893.56,14.5,Approved,0.1092,0
L309414,C109414,Personal Loan,72447.66,36,57500,682,0.0,8.0,Approved,0.0953,0
L300755,C100755,Vehicle Loan,1467831.23,60,120600,704,18051.83,13.7,Approved,0.1099,0
L300383,C100383,Vehicle Loan,369932.43,24,69300,698,13446.61,6.6,Approved,0.0928,0
L304507,C104507,Home Loan,1878606.19,36,68600,761,8580.53,11.5,Approved,0.1572,0
L302599,C102599,Business Loan,1584583.06,12,58800,630,4226.17,15.1,Pending,0.121,1
L305645,C105645,Vehicle Loan,1361646.3,60,37600,758,2224.03,1.2,Approved,0.0589,0
L304812,C104812,Home Loan,2892924.5,24,97500,598,13730.91,13.4,Approved,0.1833,0
L302738,C102738,Personal Loan,547081.11,24,99800,651,20491.21,16.6,Approved,0.1134,0
L309855,C109855,Business Loan,4975597.43,84,122700,724,21041.74,5.7,Pending,0.1079,0
L305315,C105315,Personal Loan,161292.65,120,75900,725,9178.09,10.9,Approved,0.0973,0
L306272,C106272,Personal Loan,216624.58,180,60700,547,5394.34,14.1,Approved,0.1975,1
L302330,C102330,Personal Loan,699198.94,24,27600,560,8872.17,1.5,Approved,0.4268,1
L301148,C101148,Education Loan,1746802.04,24,18900,614,2029.03,7.9,Approved,0.3134,0
L300325,C100325,Vehicle Loan,104760.05,120,56500,747,6221.56,2.7,Pending,0.1363,0
L302797,C102797,Education Loan,945926.86,84,17200,605,0.0,8.2,Approved,0.1001,0
L307165,C107165,Personal Loan,726372.77,36,41200,736,7093.19,11.4,Approved,0.1059,1
L309293,C109293,Home Loan,7066068.52,60,20300,664,237.34,16.2,Approved,0.0919,0
L307279,C107279,Vehicle Loan,1245971.07,84,65600,693,5441.95,14.5,Approved,0.0866,0
L306828,C106828,Home Loan,2525411.42,24,76500,736,19978.08,14.3,Approved,0.1631,0
L303295,C103295,Vehicle Loan,607089.58,24,69500,610,22064.69,29.4,Approved,0.1551,0
L305205,C105205,Home Loan,4517641.43,12,94200,752,24548.33,7.7,Approved,0.2463,0
L309283,C109283,Personal Loan,180484.56,120,64000,708,14972.58,0.0,Pending,0.187,1
L301236,C101236,Home Loan,6227867.57,84,46800,615,7871.44,0.0,Approved,0.2828,0
L304114,C104114,Business Loan,373353.3,84,33500,656,558.22,8.6,Approved,0.114,1
L300855,C100855,Education Loan,1326733.84,180,54200,812,13403.42,11.5,Approved,0.0609,1
L309609,C109609,Education Loan,1642212.61,84,69400,577,6810.37,28.2,Approved,0.1034,0
L301649,C101649,Vehicle Loan,779909.34,60,68000,674,3582.6,31.9,Approved,0.0479,0
L303685,C103685,Vehicle Loan,955460.98,12,37900,682,7199.51,4.9,Approved,0.2344,0
L302022,C102022,Vehicle Loan,212879.43,60,47400,579,13319.57,23.3,Approved,0.1897,0
L309620,C109620,Vehicle Loan,711901.35,24,79300,534,11319.08,3.5,Approved,0.318,0
L302650,C102650,Vehicle Loan,1404705.89,12,38500,637,9804.45,26.1,Approved,0.1236,1
L309698,C109698,Personal Loan,645574.3,24,98100,729,16850.31,16.5,Approved,0.0826,0
L300305,C100305,Home Loan,6037144.98,120,42500,704,10041.29,2.4,Approved,0.2376,0
L305487,C105487,Education Loan,1683223.12,84,68600,649,16995.58,6.8,Approved,0.1719,0
L307901,C107901,Personal Loan,493463.06,84,118000,704,24812.4,5.1,Approved,0.1051,1
L307814,C107814,Personal Loan,179584.24,24,46600,649,0.0,11.8,Approved,0.1143,0
L307437,C107437,Business Loan,3772434.3,36,74000,672,13854.84,21.3,Pending,0.1014,0
L308517,C108517,Vehicle Loan,1038809.23,120,60500,678,7019.43,13.5,Pending,0.1079,0
L309626,C109626,Vehicle Loan,900806.63,36,37000,750,3083.13,12.5,Approved,0.1097,0
L303938,C103938,Personal Loan,627702.23,84,97700,652,6880.1,20.1,Pending,0.0682,0
L303321,C103321,Education Loan,954067.86,60,68800,601,11702.81,1.6,Approved,0.2429,0
L300477,C100477,Vehicle Loan,506909.33,120,68900,806,23838.3,0.0,Approved,0.1007,0
L302376,C102376,Education Loan,838701.48,12,39800,605,11518.35,24.1,Approved,0.1862,0
L308220,C108220,Education Loan,519358.42,24,67700,726,9575.42,4.9,Approved,0.1207,0
L300424,C100424,Business Loan,1898890.37,84,19300,713,3234.25,13.1,Pending,0.1147,1
L308427,C108427,Business Loan,272487.33,120,92800,758,26648.02,2.2,Pending,0.1629,0
L304006,C104006,Vehicle Loan,1090344.35,36,68500,554,3804.27,8.4,Pending,0.1928,0
L300692,C100692,Education Loan,1552788.6,12,88500,715,22511.83,25.9,Pending,0.1123,0
L306713,C106713,Personal Loan,254915.49,24,78400,789,12588.42,13.3,Pending,0.1126,0
L307823,C107823,Personal Loan,452295.8,180,77100,695,21702.44,17.2,Pending,0.2045,0
L303647,C103647,Business Loan,914693.74,12,49500,581,6966.06,17.8,Approved,0.2297,0
L305379,C105379,Business Loan,3906620.56,84,79700,591,8505.78,7.5,Pending,0.1768,0
L302096,C102096,Home Loan,3360708.57,24,90600,580,0.0,25.2,Approved,0.0759,0
L302506,C102506,Education Loan,1193735.24,36,68500,586,10288.21,9.1,Pending,0.2046,1
L306943,C106943,Business Loan,4693242.7,180,48300,632,0.0,5.5,Pending,0.2004,1
L306276,C106276,Education Loan,1596194.73,120,33800,719,6217.71,2.1,Approved,0.1504,0
L304071,C104071,Business Loan,3089961.78,12,65000,737,10405.44,14.5,Approved,0.121,0
L300560,C100560,Education Loan,982024.77,60,15300,796,1348.62,10.5,Approved,0.0721,0
L300611,C100611,Business Loan,4054424.47,180,103200,649,22324.36,9.9,Pending,0.1575,0
L305355,C105355,Education Loan,766995.02,60,71100,631,6090.38,19.6,Approved,0.1344,1
L303755,C103755,Home Loan,2981011.13,24,90300,720,15626.35,12.0,Pending,0.1029,0
L309507,C109507,Education Loan,193642.16,24,32800,669,7291.58,6.9,Approved,0.1293,0
L300667,C100667,Education Loan,696982.56,36,20200,591,1792.57,26.0,Pending,0.1617,0
L306769,C106769,Vehicle Loan,1086615.78,12,46400,589,12907.53,3.0,Approved,0.23,0
L307075,C107075,Home Loan,3865860.61,120,31700,672,6948.78,5.5,Pending,0.2072,0
L306591,C106591,Business Loan,4034340.8,36,84700,653,11865.99,17.9,Approved,0.1485,0
L303170,C103170,Personal Loan,678061.78,24,57100,614,13830.47,17.9,Approved,0.2888,0
L305722,C105722,Business Loan,689961.25,60,35400,663,4304.79,14.8,Approved,0.1033,0
L308416,C108416,Personal Loan,434233.89,84,14700,657,0.0,6.8,Pending,0.1115,0
L303342,C103342,Vehicle Loan,1192479.17,36,41000,675,6059.4,1.2,Approved,0.1386,1
L305426,C105426,Vehicle Loan,1397663.77,120,110100,698,30132.26,9.3,Pending,0.177,0
L300304,C100304,Vehicle Loan,1443892.21,120,67900,771,6363.17,8.8,Approved,0.0615,0
L304455,C104455,Business Loan,4293168.08,36,45000,623,4106.16,0.6,Approved,0.2789,0
L304282,C104282,Business Loan,3280192.52,84,58500,567,9403.13,6.1,Approved,0.2722,0
L307409,C107409,Home Loan,5946637.05,24,42200,692,6591.4,0.5,Pending,0.3088,0
L304133,C104133,Home Loan,7478953.1,120,54800,680,8267.28,4.5,Pending,0.103,0
L300835,C100835,Home Loan,3569904.26,180,35800,732,718.68,27.4,Approved,0.049,0
L306384,C106384,Business Loan,1148802.69,36,75400,798,20479.19,6.1,Approved,0.114,0
L300682,C100682,Business Loan,2377231.35,84,83000,621,30172.44,20.6,Approved,0.2452,0
L303604,C103604,Education Loan,821543.18,12,38800,696,12625.2,16.0,Pending,0.159,0
L308735,C108735,Vehicle Loan,538490.16,12,63100,663,14731.4,13.6,Pending,0.1847,0
L302682,C102682,Business Loan,4734831.61,12,27100,802,1906.36,4.3,Approved,0.23,0
L303077,C103077,Personal Loan,794377.21,36,72800,661,0.0,8.5,Approved,0.11,0
L301315,C101315,Home Loan,7943076.5,120,60000,717,3227.75,10.7,Approved,0.0868,0
L305568,C105568,Home Loan,2320241.31,12,54300,727,10048.29,3.3,Approved,0.1973,1
L301130,C101130,Home Loan,1489519.56,120,69500,563,27790.77,8.4,Approved,0.3575,0
L301640,C101640,Vehicle Loan,1165238.34,36,69000,715,0.0,7.5,Approved,0.0852,0
L304979,C104979,Personal Loan,372607.63,60,28200,730,10219.89,17.6,Approved,0.1169,0
L306120,C106120,Education Loan,1697826.04,36,15000,836,2634.6,8.2,Approved,0.16,0
L305636,C105636,Personal Loan,194448.81,120,37800,659,12387.28,3.0,Pending,0.2152,0
L309709,C109709,Personal Loan,458653.46,84,85100,806,11265.28,0.6,Approved,0.0919,0
L303737,C103737,Business Loan,4694339.59,36,72500,627,10643.07,9.8,Approved,0.2987,0
L306675,C106675,Home Loan,5359341.71,120,62800,759,20475.37,11.2,Approved,0.1141,0
L302839,C102839,Education Loan,1068169.84,84,60100,785,10411.65,33.4,Approved,0.0441,0
L303115,C103115,Vehicle Loan,771228.9,24,18600,529,3964.94,8.9,Approved,0.3507,0
L301662,C101662,Home Loan,5439906.67,120,78000,701,15433.31,5.5,Pending,0.1657,0
L300407,C100407,Business Loan,761467.03,60,46000,751,16474.1,2.6,Approved,0.1881,1
L306148,C106148,Education Loan,1276124.21,84,49100,740,9287.35,3.3,Approved,0.0865,0
L307069,C107069,Home Loan,2801833.06,12,99500,643,19162.32,23.4,Pending,0.1513,0
L309918,C109918,Personal Loan,676623.35,12,78400,781,9053.61,7.1,Pending,0.0707,0
L309265,C109265,Education Loan,140682.31,36,94800,504,4410.36,4.7,Pending,0.3152,1
L305358,C105358,Home Loan,6963199.43,60,109300,845,22105.57,1.5,Approved,0.0959,0
L304651,C104651,Home Loan,7419643.31,12,68400,537,0.0,8.7,Pending,0.3089,1
L307182,C107182,Vehicle Loan,143683.98,60,8000,597,2859.86,0.4,Pending,0.3561,1
L308722,C108722,Education Loan,1163257.49,60,139500,629,33392.81,6.7,Approved,0.2748,0
L309394,C109394,Vehicle Loan,252201.26,24,106800,794,0.0,2.6,Approved,0.0542,0
L303864,C103864,Vehicle Loan,1139641.4,84,70100,656,6861.19,7.2,Pending,0.1049,0
L300049,C100049,Personal Loan,233694.65,180,60600,743,9883.79,12.4,Pending,0.07,0
L305948,C105948,Home Loan,3058392.3,180,79000,695,0.0,31.0,Approved,0.0419,0
L300008,C100008,Personal Loan,627580.15,120,77400,639,17085.39,1.8,Approved,0.166,1
L301273,C101273,Personal Loan,550122.31,180,66600,748,2475.18,19.3,Approved,0.0696,0
L302798,C102798,Education Loan,312955.91,120,63000,638,8857.34,9.7,Approved,0.1283,0
L305852,C105852,Vehicle Loan,1315515.27,24,65300,861,14398.47,3.0,Approved,0.0697,0
L308313,C108313,Vehicle Loan,766007.31,60,58200,770,16252.26,18.1,Approved,0.0611,0
L307177,C107177,Home Loan,2007379.35,24,17600,782,4753.61,30.3,Approved,0.1006,0
L307687,C107687,Personal Loan,145012.68,84,50600,632,1165.28,7.2,Approved,0.091,0
L309541,C109541,Home Loan,7374421.48,24,26100,789,1940.22,17.9,Approved,0.1223,0
L308781,C108781,Business Loan,3374483.94,12,26600,734,6150.35,4.3,Approved,0.2737,0
L309358,C109358,Vehicle Loan,1231732.96,84,35800,769,0.0,11.9,Approved,0.0544,0
L307063,C107063,Business Loan,2235920.57,12,46200,559,3890.57,0.0,Approved,0.354,1
L307187,C107187,Business Loan,3896530.03,84,31200,609,6593.04,0.7,Approved,0.3458,0
L306612,C106612,Home Loan,6242688.2,12,111900,713,2864.09,32.7,Pending,0.0853,0
L301843,C101843,Personal Loan,68597.6,24,51500,635,350.61,10.4,Approved,0.1389,1
L301316,C101316,Home Loan,6848634.89,120,51500,690,7999.31,25.6,Pending,0.0546,0
L302070,C102070,Education Loan,1433331.22,60,114300,821,25269.25,4.0,Approved,0.0844,0
L306452,C106452,Personal Loan,72280.31,84,58800,629,12717.55,30.8,Approved,0.1556,1
L302909,C102909,Business Loan,1017387.07,60,79100,696,13327.68,3.7,Pending,0.1675,0
L302990,C102990,Home Loan,1216033.28,24,57400,647,7421.57,16.0,Approved,0.1408,1
L306494,C106494,Personal Loan,718545.42,84,34400,696,9629.52,10.5,Approved,0.2266,0
L300906,C100906,Home Loan,1884920.47,60,51300,631,89.59,5.5,Pending,0.1562,0
L308395,C108395,Home Loan,6309232.6,180,26200,780,6993.62,31.7,Approved,0.0583,0
L301251,C101251,Vehicle Loan,730108.46,120,71000,708,13452.4,7.7,Approved,0.1318,0
L305036,C105036,Home Loan,7033981.11,12,28200,720,4451.55,32.1,Approved,0.2803,0
L307365,C107365,Personal Loan,181378.32,120,14200,552,1735.25,15.5,Pending,0.1962,0
L305827,C105827,Personal Loan,569967.55,12,58700,697,8313.38,19.6,Pending,0.0739,0
L303431,C103431,Vehicle Loan,423083.24,60,64200,688,997.94,27.1,Pending,0.0672,0
L303739,C103739,Personal Loan,405622.09,36,43600,646,3848.73,25.8,Approved,0.0955,0
L305043,C105043,Business Loan,3252753.44,36,100900,724,25066.11,9.1,Pending,0.1115,0
L304018,C104018,Vehicle Loan,1002929.44,60,65100,684,9878.85,4.7,Pending,0.154,0
L307603,C107603,Business Loan,359884.52,12,46900,632,1939.19,5.7,Approved,0.1587,0
L303175,C103175,Personal Loan,175731.08,84,14700,600,2765.39,18.8,Approved,0.144,0
L309688,C109688,Business Loan,3203259.4,60,24700,743,803.26,4.4,Approved,0.0928,0
L304805,C104805,Home Loan,4122022.78,12,16800,592,3876.49,29.2,Approved,0.5448,1
L302474,C102474,Business Loan,889596.02,36,55100,642,5514.03,2.6,Approved,0.1629,0
L301442,C101442,Vehicle Loan,688131.4,36,83000,711,24168.12,28.0,Approved,0.0986,0
L304450,C104450,Education Loan,1023360.87,120,22600,787,5403.18,19.8,Approved,0.0755,0
L303255,C103255,Business Loan,3842070.72,84,66000,783,22876.86,4.8,Approved,0.1317,0
L305766,C105766,Vehicle Loan,955020.66,24,43000,798,13975.58,3.8,Pending,0.1113,0
L300054,C100054,Home Loan,2689123.76,12,82500,810,13962.41,6.0,Approved,0.0988,0
L305882,C105882,Vehicle Loan,254925.56,120,74800,876,3282.74,24.6,Approved,0.0196,0
L307226,C107226,Education Loan,652475.73,60,65000,813,1669.8,0.0,Approved,0.0502,0
L307050,C107050,Home Loan,5775613.15,36,70000,628,3749.37,25.6,Approved,0.1724,0
L306354,C106354,Education Loan,933042.92,12,124600,810,21059.75,22.7,Approved,0.0672,0
L307289,C107289,Home Loan,6611808.21,180,53200,762,5283.26,1.5,Approved,0.0593,0
L305090,C105090,Vehicle Loan,1468396.5,120,98700,653,0.0,28.9,Approved,0.0448,0
L304117,C104117,Business Loan,3660004.26,24,82900,623,24460.27,3.3,Pending,0.2906,0
L301548,C101548,Vehicle Loan,180901.54,120,85100,770,14423.27,5.4,Pending,0.0773,0
L305034,C105034,Home Loan,2187937.4,36,39900,729,8196.22,0.0,Approved,0.1246,0
L304068,C104068,Vehicle Loan,1148331.93,120,115900,732,11329.91,21.2,Pending,0.0908,0
L309298,C109298,Home Loan,5856131.88,84,45300,646,5736.41,17.9,Approved,0.1632,0
L306292,C106292,Vehicle Loan,1135591.36,180,48300,774,7689.66,0.2,Approved,0.1181,0
L303025,C103025,Home Loan,5379675.82,36,45900,672,7272.94,12.1,Approved,0.1384,0
L307539,C107539,Vehicle Loan,1059758.28,180,147700,459,22663.2,14.8,Approved,0.3723,1
L300452,C100452,Vehicle Loan,123494.91,12,94800,602,23809.58,9.1,Pending,0.2076,0
L307768,C107768,Business Loan,4633462.88,12,61800,552,0.0,3.8,Pending,0.4376,0
L309044,C109044,Personal Loan,466770.53,24,55200,598,0.0,18.2,Approved,0.1826,1
L300670,C100670,Education Loan,1611573.14,12,66100,594,4520.17,12.2,Approved,0.2394,0
L301121,C101121,Personal Loan,699528.19,60,89100,713,12215.49,0.7,Pending,0.1257,0
L306589,C106589,Education Loan,1539965.83,60,54400,691,8866.84,14.0,Approved,0.121,0
L302122,C102122,Home Loan,2365540.2,180,27700,783,5163.2,6.6,Approved,0.0953,1
L307258,C107258,Vehicle Loan,243612.71,24,55100,641,4192.7,3.1,Pending,0.2433,1
L302152,C102152,Vehicle Loan,1031527.86,36,51500,774,15081.93,9.8,Pending,0.1288,0
L300486,C100486,Vehicle Loan,559024.86,12,11800,643,1265.53,11.2,Approved,0.1655,0
L301108,C101108,Business Loan,4842232.4,24,89200,667,21920.36,23.4,Pending,0.1437,0
L302023,C102023,Business Loan,4295704.76,84,43100,711,0.0,9.7,Approved,0.0778,0
L307256,C107256,Home Loan,1376563.65,12,42100,764,12404.61,31.2,Pending,0.0733,0
L307079,C107079,Personal Loan,574174.29,60,69100,563,12524.83,5.0,Pending,0.2717,1
L302365,C102365,Business Loan,4166021.88,24,52200,615,13710.23,1.2,Approved,0.4113,0
L302216,C102216,Business Loan,3851542.33,24,110500,696,11313.11,4.6,Approved,0.1204,1
L302460,C102460,Vehicle Loan,1077596.19,24,90000,715,7362.28,5.3,Pending,0.0908,0
L304278,C104278,Home Loan,3435654.46,120,76700,813,3366.93,24.2,Approved,0.028,0
L308307,C108307,Personal Loan,316928.45,84,40900,679,2421.67,15.5,Approved,0.0755,0
L306716,C106716,Business Loan,4690749.34,60,76400,706,8229.53,11.2,Approved,0.1437,0
L302952,C102952,Home Loan,6621962.84,24,26200,601,9076.72,26.2,Approved,0.4211,0
L309823,C109823,Education Loan,196794.45,120,17700,672,0.0,17.4,Pending,0.0913,0
L309717,C109717,Vehicle Loan,1112524.6,180,161500,682,39123.35,0.5,Pending,0.1996,0
L303406,C103406,Vehicle Loan,659886.63,84,90400,516,30680.26,12.9,Pending,0.4632,1
L303177,C103177,Vehicle Loan,949591.74,180,98200,656,24068.15,6.8,Approved,0.2091,0
L309890,C109890,Business Loan,4730842.44,120,49200,774,2675.1,6.4,Approved,0.0746,0
L303633,C103633,Education Loan,951112.06,180,47100,714,6068.13,8.1,Approved,0.1149,0
L307128,C107128,Education Loan,1879467.13,180,66600,594,12888.37,9.2,Approved,0.2363,0
L304081,C104081,Business Loan,3506148.32,84,66200,660,15058.31,5.5,Approved,0.1994,0
L309613,C109613,Personal Loan,340099.94,60,97000,595,9693.04,14.7,Approved,0.16,0
L307120,C107120,Vehicle Loan,1012792.24,12,64700,736,0.0,14.9,Pending,0.0572,1
L301323,C101323,Personal Loan,693476.9,120,78100,694,0.0,30.2,Pending,0.0631,0
L309799,C109799,Personal Loan,321622.0,60,55300,679,8311.52,8.0,Approved,0.101,0
L301865,C101865,Education Loan,1274154.04,84,101700,617,21749.62,13.0,Approved,0.2241,1
L304759,C104759,Vehicle Loan,1026483.91,60,39100,652,2524.76,20.1,Approved,0.1003,0
L304467,C104467,Home Loan,6616123.03,120,20400,740,1964.46,26.8,Pending,0.0484,0
L305895,C105895,Vehicle Loan,1449246.11,120,55500,452,13842.29,28.9,Approved,0.3397,0
L304236,C104236,Home Loan,7800319.32,24,82100,743,20308.21,11.4,Approved,0.1294,0
L301803,C101803,Education Loan,1311019.39,24,64000,622,4364.86,9.4,Approved,0.1363,0
L308262,C108262,Home Loan,6210297.75,36,35900,545,8771.62,23.9,Pending,0.2828,1
L305442,C105442,Home Loan,3042707.9,180,54700,701,3378.93,23.6,Approved,0.0743,0
L307436,C107436,Personal Loan,136905.43,24,59400,609,20784.01,24.9,Approved,0.1197,0
L300121,C100121,Education Loan,1027534.14,24,89900,546,1452.39,20.2,Pending,0.155,0
L309443,C109443,Home Loan,4352446.54,120,46300,774,2686.42,20.0,Approved,0.0572,0
L306703,C106703,Home Loan,2952992.75,36,80900,809,29356.37,3.7,Pending,0.198,1
L303331,C103331,Personal Loan,792457.47,12,107400,692,5349.15,29.3,Approved,0.0431,0
L306611,C106611,Personal Loan,584220.7,84,54500,563,3682.51,1.0,Pending,0.2409,0
L305208,C105208,Home Loan,1732628.62,120,74100,639,16032.74,16.7,Pending,0.1481,1
L307832,C107832,Business Loan,1868799.03,12,70700,797,19113.91,13.2,Pending,0.0917,0
L303228,C103228,Home Loan,6262866.88,36,22600,666,3004.17,22.7,Approved,0.1882,0
L305428,C105428,Education Loan,1806772.42,60,85700,794,0.0,0.2,Approved,0.062,0
L303522,C103522,Home Loan,5768790.31,84,46300,619,6788.11,21.0,Approved,0.1661,0
L300963,C100963,Home Loan,7555301.71,24,75300,805,13672.56,7.1,Pending,0.0917,0
L305381,C105381,Business Loan,750993.25,120,110600,764,11297.27,32.7,Approved,0.0461,0
L302859,C102859,Vehicle Loan,1048366.74,84,91900,558,0.0,6.2,Approved,0.1989,0
L308436,C108436,Home Loan,7913319.24,36,88500,675,35109.02,2.8,Approved,0.3844,1
L301250,C101250,Business Loan,206944.7,180,23200,688,4058.05,5.0,Pending,0.1781,0
L309933,C109933,Business Loan,4458666.49,24,58000,563,8889.13,8.0,Approved,0.2707,0
L308748,C108748,Vehicle Loan,683679.45,36,99100,900,29295.79,35.4,Pending,0.0197,0
L306938,C106938,Education Loan,128833.84,84,65400,593,8102.46,17.3,Approved,0.1677,0
L309497,C109497,Home Loan,5362955.38,36,90600,740,0.0,32.9,Pending,0.0543,0
L304395,C104395,Business Loan,4729346.47,60,58900,751,519.88,6.4,Pending,0.073,0
L303403,C103403,Personal Loan,285714.13,84,58000,650,10318.33,24.4,Approved,0.1124,1
L301835,C101835,Business Loan,2792752.4,120,74800,800,22546.39,3.0,Approved,0.11,0
L303768,C103768,Home Loan,3093545.98,36,85000,811,22629.73,9.8,Approved,0.0719,0
L307114,C107114,Vehicle Loan,194646.39,36,64500,644,9120.3,19.7,Pending,0.147,0
L306462,C106462,Home Loan,3183814.71,36,86300,647,17685.99,4.8,Approved,0.1991,0
L304876,C104876,Home Loan,2646652.3,84,62200,540,7970.33,5.4,Approved,0.3249,1
L306227,C106227,Education Loan,969518.41,24,128200,846,25840.5,17.6,Approved,0.0554,0
L309186,C109186,Vehicle Loan,291163.4,180,60300,673,10557.35,0.5,Approved,0.1435,0
L309438,C109438,Education Loan,696123.16,12,94100,900,22413.56,5.3,Approved,0.0598,0
L303957,C103957,Personal Loan,526068.54,12,137700,718,32338.96,23.2,Pending,0.0924,0
L309194,C109194,Home Loan,2672939.91,12,11900,673,3418.96,6.0,Rejected,0.673,1
L300803,C100803,Home Loan,5777716.61,24,48200,751,2834.75,34.0,Approved,0.0654,0
L301306,C101306,Education Loan,1893101.72,180,92200,577,14095.36,6.9,Approved,0.1793,0
L308240,C108240,Personal Loan,576200.92,36,51400,751,0.0,6.7,Approved,0.0707,0
L301675,C101675,Business Loan,2826326.1,120,108400,818,31189.34,26.8,Pending,0.0709,0
L301175,C101175,Personal Loan,752425.83,60,32800,642,3786.51,5.0,Approved,0.1415,0
L301917,C101917,Personal Loan,340038.2,24,82900,867,25232.49,8.1,Pending,0.0618,0
L301789,C101789,Home Loan,7413731.47,180,57900,716,11426.55,28.8,Approved,0.0868,0
L305001,C105001,Home Loan,6258667.14,60,122500,690,14427.39,0.5,Approved,0.1259,0
L306019,C106019,Vehicle Loan,1373989.75,36,123900,590,20861.11,16.3,Approved,0.1328,0
L304669,C104669,Business Loan,1018635.29,36,18100,641,0.0,9.9,Approved,0.1306,1
L304391,C104391,Business Loan,1557351.4,24,42100,587,5244.9,11.6,Approved,0.1988,0
L307327,C107327,Home Loan,6730736.59,12,85300,616,25250.3,23.2,Pending,0.3547,0
L300785,C100785,Personal Loan,509036.21,120,79500,568,5501.81,17.3,Approved,0.1328,0
L303036,C103036,Home Loan,6736672.1,24,77700,706,18744.42,20.4,Pending,0.145,0
L305042,C105042,Business Loan,2946757.43,180,81500,734,11003.78,8.0,Approved,0.1003,1
L306924,C106924,Vehicle Loan,1390681.18,180,116100,806,32264.4,4.6,Approved,0.1051,0
L304816,C104816,Home Loan,2758921.78,180,65000,666,6674.01,23.1,Pending,0.0911,0
L301097,C101097,Vehicle Loan,124860.18,36,68800,632,5117.68,29.6,Pending,0.1345,0
L308579,C108579,Vehicle Loan,1472102.51,180,62400,797,14224.46,6.2,Pending,0.0759,0
L305088,C105088,Personal Loan,262815.16,60,74900,648,11648.9,3.9,Approved,0.1907,0
L303209,C103209,Business Loan,4005086.97,24,27000,726,6494.2,3.8,Approved,0.2308,0
L306005,C106005,Business Loan,2849831.82,36,73800,648,9172.7,5.5,Approved,0.2149,0
L301444,C101444,Business Loan,3010401.52,36,43700,634,9109.42,4.4,Approved,0.2387,0
L304657,C104657,Vehicle Loan,425300.82,36,51200,671,7741.87,11.9,Approved,0.1323,0
L309399,C109399,Business Loan,2846252.04,36,96500,684,11617.45,29.8,Approved,0.1322,1
L300815,C100815,Education Loan,1965891.31,24,79100,760,6976.43,30.9,Approved,0.0488,0
L307233,C107233,Personal Loan,316079.91,24,52600,695,6927.24,4.6,Pending,0.1554,0
L302508,C102508,Personal Loan,326393.25,84,94600,588,18483.17,14.7,Approved,0.1841,0
L308071,C108071,Education Loan,968700.19,84,99300,637,5505.95,5.1,Approved,0.123,0
L309425,C109425,Business Loan,4501799.46,12,53500,593,3794.61,14.5,Approved,0.3468,1
L307498,C107498,Business Loan,3979549.0,60,54600,766,4353.68,15.9,Pending,0.0737,0
L303408,C103408,Education Loan,1975325.88,120,14200,592,996.59,19.6,Pending,0.1328,0
L306486,C106486,Education Loan,376324.73,180,43600,538,10044.94,11.2,Pending,0.2485,1
L301611,C101611,Home Loan,2984983.13,36,102800,658,7630.12,2.6,Pending,0.2084,1
L306235,C106235,Education Loan,846993.38,36,55300,709,137.44,12.8,Pending,0.0831,0
L302034,C102034,Personal Loan,472607.69,12,8000,628,1390.84,13.5,Approved,0.2447,1
L302993,C102993,Education Loan,209171.35,60,24700,642,6466.74,11.8,Pending,0.2192,0
L302218,C102218,Vehicle Loan,128583.22,84,88300,772,17353.58,7.0,Approved,0.0747,0
L300817,C100817,Business Loan,476487.67,12,65100,740,4566.66,1.6,Approved,0.1022,0
L304579,C104579,Vehicle Loan,181694.58,36,56700,742,11114.13,4.1,Pending,0.1057,0
L306103,C106103,Personal Loan,736388.02,84,97600,826,9114.2,2.3,Approved,0.085,0
L309641,C109641,Personal Loan,636468.72,120,90600,775,12761.76,18.9,Approved,0.0699,1
L303425,C103425,Business Loan,3608397.99,180,92800,759,17352.16,22.2,Approved,0.0384,0
L307245,C107245,Personal Loan,573201.75,120,113800,626,0.0,17.0,Approved,0.1158,1
L301093,C101093,Personal Loan,482436.87,180,66600,542,10851.21,9.7,Approved,0.2324,0
L307924,C107924,Business Loan,4992769.61,84,9700,659,1184.44,4.2,Approved,0.2386,0
L302442,C102442,Education Loan,1138969.49,36,123100,709,0.0,0.0,Pending,0.1023,0
L306580,C106580,Home Loan,4519902.24,12,73600,594,28487.96,12.7,Approved,0.3846,0
L300809,C100809,Personal Loan,63454.44,180,45300,742,8251.21,24.1,Approved,0.097,0
L304381,C104381,Personal Loan,371244.69,12,49000,698,11445.48,2.6,Pending,0.235,0
L309096,C109096,Business Loan,2236796.72,36,56700,710,15609.22,4.1,Pending,0.1628,0
L306307,C106307,Vehicle Loan,1068086.37,24,12600,683,3996.26,4.2,Pending,0.2536,1
L301199,C101199,Education Loan,577568.89,12,49900,834,11996.08,10.9,Approved,0.0674,0
L309672,C109672,Personal Loan,481120.77,84,110300,698,13.38,23.1,Approved,0.0576,0
L309731,C109731,Home Loan,1334279.18,24,14100,574,949.18,3.0,Approved,0.3303,1
L304017,C104017,Vehicle Loan,1154509.87,60,48300,643,19816.2,3.6,Pending,0.2449,0
L305775,C105775,Business Loan,2751347.35,180,57100,514,4425.79,35.0,Approved,0.16,0
L307031,C107031,Personal Loan,682981.37,120,63000,768,7341.91,27.0,Approved,0.0364,0
L307259,C107259,Business Loan,3762981.85,24,64500,763,0.0,4.3,Approved,0.0588,0
L305008,C105008,Personal Loan,680024.6,60,73800,769,272.13,12.4,Approved,0.0698,0
L305643,C105643,Education Loan,338438.57,36,32300,656,2386.22,18.6,Pending,0.071,0
L305410,C105410,Vehicle Loan,371417.51,60,109100,772,5334.26,0.0,Pending,0.1075,0
L309852,C109852,Education Loan,668614.67,60,73200,636,3918.14,26.8,Pending,0.1066,0
L306545,C106545,Personal Loan,127153.99,120,98000,587,12647.1,14.6,Approved,0.1584,0
L305572,C105572,Business Loan,3565852.52,120,71700,708,13142.86,2.9,Approved,0.2403,0
L301453,C101453,Personal Loan,625323.37,180,84900,639,22019.25,5.7,Approved,0.3011,1
L306010,C106010,Vehicle Loan,1042971.08,60,91300,650,4391.66,10.9,Pending,0.1284,0
L307846,C107846,Personal Loan,111007.23,180,49700,726,10651.23,7.5,Approved,0.1186,0
L300556,C100556,Home Loan,4342633.06,120,68100,624,934.16,6.9,Approved,0.1725,0
L305887,C105887,Vehicle Loan,1422712.42,24,31000,620,7445.36,1.8,Pending,0.2992,0
L301516,C101516,Education Loan,1023811.19,120,45600,637,11511.84,12.1,Approved,0.2398,0
L308795,C108795,Personal Loan,214981.6,36,75300,692,7399.56,26.5,Approved,0.0644,0
L302427,C102427,Home Loan,3814663.44,12,66200,656,4153.01,12.8,Approved,0.1554,0
L307493,C107493,Personal Loan,371438.77,60,55500,702,8270.0,6.9,Approved,0.2054,0
L307574,C107574,Personal Loan,444489.83,180,99600,859,9984.46,13.4,Approved,0.0411,0
L300038,C100038,Home Loan,3471288.63,60,13500,712,1228.25,4.5,Pending,0.2274,1
L305992,C105992,Home Loan,1765104.65,180,118200,692,15069.27,23.2,Pending,0.0843,0
L301464,C101464,Education Loan,241880.06,12,58400,871,13369.45,24.0,Approved,0.0459,0
L303237,C103237,Vehicle Loan,453136.46,120,77800,795,23429.06,16.2,Pending,0.0875,0
L301848,C101848,Vehicle Loan,906351.96,36,82800,667,17172.08,14.5,Approved,0.2142,0
L304505,C104505,Education Loan,748609.23,24,87000,728,3761.25,13.5,Pending,0.0694,0
L309247,C109247,Personal Loan,686230.56,36,43800,874,4461.43,20.7,Approved,0.0434,0
L300619,C100619,Personal Loan,540985.91,60,42300,691,9323.68,3.4,Approved,0.1402,0
L306105,C106105,Personal Loan,775513.13,84,43700,569,4738.49,21.2,Pending,0.152,0
L309865,C109865,Vehicle Loan,950193.03,60,96000,661,23297.82,10.4,Approved,0.1414,0
L307109,C107109,Personal Loan,294627.91,84,62400,642,5435.02,3.6,Pending,0.1621,0
L302856,C102856,Education Loan,1513664.15,36,61400,803,10703.94,18.2,Approved,0.0642,0
L301691,C101691,Vehicle Loan,1477120.63,180,103500,821,14982.48,19.6,Approved,0.0375,0
L303759,C103759,Business Loan,2434685.51,180,25100,896,2147.6,15.7,Approved,0.03,0
L309866,C109866,Home Loan,4929801.95,60,21300,766,7099.34,3.7,Approved,0.1854,0
L306487,C106487,Home Loan,6549606.28,24,14300,634,2998.04,10.7,Rejected,0.65,1
L308422,C108422,Personal Loan,593990.35,84,49800,536,8674.32,7.6,Pending,0.3518,1
L307634,C107634,Vehicle Loan,472347.03,84,45600,720,8680.1,2.1,Approved,0.1224,0
L300623,C100623,Business Loan,4328023.72,84,34400,631,5254.84,8.4,Approved,0.1991,0
L304642,C104642,Home Loan,6598042.21,120,25200,651,3233.6,17.0,Pending,0.1562,0
L300621,C100621,Business Loan,2378711.91,60,54900,744,11052.25,9.2,Approved,0.1061,0
L307886,C107886,Business Loan,423357.13,12,71100,813,2426.12,6.1,Pending,0.0433,0
L307456,C107456,Vehicle Loan,385995.98,180,99400,899,6802.97,8.1,Approved,0.0346,0
L300098,C100098,Vehicle Loan,1132286.78,12,53900,671,5901.1,10.6,Approved,0.1214,0
L303402,C103402,Personal Loan,583765.93,84,107100,598,5578.2,2.0,Pending,0.1747,1
L300888,C100888,Education Loan,312278.16,12,46400,776,6222.03,0.0,Approved,0.1464,0
L307117,C107117,Education Loan,1477551.19,84,54900,657,9660.0,22.7,Approved,0.1301,0
L301151,C101151,Business Loan,4558866.16,24,49400,762,9411.83,17.6,Approved,0.0875,0
L304522,C104522,Personal Loan,382172.5,24,79500,722,14522.74,10.9,Approved,0.1516,1
L300676,C100676,Home Loan,4132769.09,84,63600,663,6242.4,16.1,Pending,0.1722,0
L307374,C107374,Business Loan,2647838.59,36,53800,639,12073.88,10.2,Approved,0.1726,0
L302426,C102426,Home Loan,2965401.2,36,40200,622,4375.52,1.3,Approved,0.269,1
L307958,C107958,Home Loan,7954897.28,180,46200,759,5561.74,20.2,Approved,0.0494,0
L306782,C106782,Business Loan,2500601.71,24,61100,612,10087.39,7.8,Pending,0.1812,0
L307250,C107250,Personal Loan,263923.44,24,55300,760,13964.06,8.4,Pending,0.1248,0
L301616,C101616,Education Loan,1009299.47,24,122900,808,34811.65,20.4,Approved,0.0595,0
L300674,C100674,Home Loan,6647262.82,12,70300,774,3349.92,15.6,Pending,0.0962,0
L309367,C109367,Personal Loan,387523.96,120,21300,652,1345.89,23.3,Approved,0.0719,0
L307993,C107993,Personal Loan,273966.38,120,48300,637,10377.0,2.4,Pending,0.2228,0
L304208,C104208,Education Loan,1371039.71,36,47200,741,13377.81,6.8,Approved,0.1535,0
L303009,C103009,Personal Loan,166107.62,60,79900,733,16936.48,22.3,Approved,0.0875,0
L305634,C105634,Education Loan,579321.38,12,94100,796,11501.12,26.6,Approved,0.0271,0
L300678,C100678,Home Loan,7090964.86,180,54300,732,614.27,9.1,Approved,0.0706,0
L302553,C102553,Business Loan,1922733.05,60,48300,778,16379.37,3.2,Pending,0.1338,0
L307569,C107569,Home Loan,4733704.78,180,76400,740,15558.01,10.0,Approved,0.0905,0
L303650,C103650,Home Loan,1954293.76,36,50000,663,3141.17,1.2,Approved,0.1386,0
L304573,C104573,Home Loan,1689721.26,12,84200,627,12830.07,18.9,Approved,0.1369,0
L300794,C100794,Education Loan,442946.7,180,56400,866,16814.45,11.2,Approved,0.0637,0
L300254,C100254,Business Loan,2355829.51,120,51900,750,3650.62,21.0,Approved,0.0417,0
L302903,C102903,Education Loan,1722347.38,60,114300,614,32627.68,22.3,Approved,0.1666,0
L300644,C100644,Personal Loan,315047.97,36,71900,623,2523.49,17.0,Approved,0.098,0
L308484,C108484,Personal Loan,89790.28,180,90700,631,11573.72,4.2,Pending,0.1974,0
L306577,C106577,Personal Loan,94397.7,36,84700,807,11164.75,1.3,Approved,0.078,0
L308005,C108005,Vehicle Loan,339960.46,24,64700,838,7523.28,31.4,Approved,0.0295,0
L308706,C108706,Business Loan,2377349.76,24,54700,774,8524.65,18.1,Pending,0.0597,0
L303101,C103101,Home Loan,5310849.27,60,71200,714,594.64,4.5,Approved,0.0828,0
L307343,C107343,Education Loan,472691.5,120,21000,597,3849.47,12.4,Pending,0.2333,0
L306109,C106109,Personal Loan,662691.75,12,87000,608,17891.41,12.7,Pending,0.2569,0
L301059,C101059,Education Loan,1134759.13,60,14000,782,4110.4,8.2,Pending,0.1755,0
L305807,C105807,Education Loan,837906.38,24,70200,724,12264.04,24.6,Pending,0.076,0
L301875,C101875,Home Loan,3503175.1,36,68500,771,0.0,4.3,Approved,0.0716,0
L301005,C101005,Vehicle Loan,844070.89,84,74500,573,8499.83,15.3,Pending,0.1715,0
L309235,C109235,Vehicle Loan,986065.63,36,54300,801,14760.75,11.9,Approved,0.1076,0
L308901,C108901,Vehicle Loan,488944.58,24,90100,669,5681.16,30.6,Pending,0.0762,0
L305713,C105713,Business Loan,1807321.22,36,65400,654,12053.86,8.3,Approved,0.1794,0
L305935,C105935,Home Loan,5515504.2,24,56300,793,3660.84,9.6,Approved,0.11,0
L307837,C107837,Vehicle Loan,1009650.05,60,59700,686,3750.96,8.6,Approved,0.1353,0
L309833,C109833,Business Loan,1921804.85,120,63900,803,5583.68,9.3,Approved,0.0828,0
L308382,C108382,Home Loan,7781109.83,84,48600,500,4100.25,4.6,Approved,0.4358,1
L307059,C107059,Vehicle Loan,854326.51,12,70500,659,15698.97,15.5,Approved,0.1529,0
L304122,C104122,Home Loan,4866326.62,180,23500,696,1295.26,30.7,Approved,0.0573,1
L305137,C105137,Home Loan,3466633.55,84,125900,657,25423.12,14.8,Approved,0.1467,0
L306639,C106639,Education Loan,1198037.64,24,47900,660,6248.3,8.2,Approved,0.1529,1
L302246,C102246,Home Loan,6415966.01,84,17700,692,2134.62,5.5,Pending,0.2096,0
L309132,C109132,Education Loan,1160404.3,120,68500,694,13453.0,35.7,Approved,0.0545,0
L302694,C102694,Vehicle Loan,537117.55,24,79500,764,5546.22,19.9,Approved,0.0617,0
L306777,C106777,Vehicle Loan,568783.98,60,72400,661,17721.93,7.9,Approved,0.1562,0
L309407,C109407,Personal Loan,101119.52,60,82800,587,8851.62,12.9,Pending,0.165,0
L306701,C106701,Home Loan,2298744.04,120,47800,831,6014.97,0.5,Approved,0.087,0
L306578,C106578,Education Loan,732468.95,24,146700,563,15145.38,3.5,Pending,0.1691,0
L308177,C108177,Home Loan,2967123.78,36,92400,693,25380.93,1.4,Pending,0.2514,0
L304201,C104201,Personal Loan,638458.14,180,61800,736,13756.79,6.5,Approved,0.1211,0
L305058,C105058,Education Loan,1345554.44,60,65800,697,8606.56,3.5,Pending,0.1389,0
L302465,C102465,Business Loan,992505.55,120,87500,640,30360.88,3.5,Pending,0.2648,0
L305345,C105345,Business Loan,1652743.79,12,65100,675,5941.15,11.7,Approved,0.1559,0
L305906,C105906,Home Loan,3819040.18,36,64200,631,13554.72,11.6,Approved,0.166,1
L305513,C105513,Personal Loan,237827.76,84,37000,751,9183.79,20.7,Approved,0.1248,0
L300989,C100989,Home Loan,7908670.09,12,89900,718,10453.44,8.1,Approved,0.2034,0
L304818,C104818,Home Loan,1319431.74,60,68300,570,12562.52,5.1,Approved,0.2752,0
L306135,C106135,Personal Loan,327495.38,24,14700,707,3810.73,6.5,Approved,0.2852,0
L305584,C105584,Education Loan,657855.17,84,122800,696,36827.28,15.0,Approved,0.1305,1
L306126,C106126,Business Loan,535856.61,84,61200,664,15183.11,5.3,Approved,0.1807,0
L305175,C105175,Personal Loan,252878.97,12,120100,548,20900.77,3.1,Pending,0.2868,0
L304933,C104933,Personal Loan,281675.3,84,69900,677,26353.71,14.1,Approved,0.1589,0
L305792,C105792,Business Loan,4053206.84,36,79900,668,3639.21,12.5,Pending,0.1629,0
L303277,C103277,Vehicle Loan,268254.94,36,110700,778,0.0,4.2,Approved,0.0598,0
L306505,C106505,Personal Loan,203862.94,36,85000,613,17035.79,9.6,Pending,0.2462,1
L307350,C107350,Vehicle Loan,1348542.02,180,23400,779,4633.78,28.0,Approved,0.089,1
L301060,C101060,Vehicle Loan,723703.67,36,89700,648,27736.22,11.1,Approved,0.3089,0
L305277,C105277,Education Loan,1767802.37,24,87200,576,11321.32,14.6,Pending,0.1661,0
L308095,C108095,Personal Loan,786189.28,36,72300,659,2878.08,5.0,Approved,0.1671,1
L304253,C104253,Business Loan,392081.42,36,53300,517,14910.62,10.7,Approved,0.3035,1
L305959,C105959,Personal Loan,141065.02,36,56400,603,15306.01,12.9,Approved,0.2273,0
L300876,C100876,Home Loan,4073674.02,120,36000,796,7194.34,10.7,Approved,0.0634,0
L300310,C100310,Vehicle Loan,1378687.73,60,59000,637,4662.27,12.1,Approved,0.1224,0
L300045,C100045,Home Loan,1862919.68,180,52700,635,12938.78,35.1,Approved,0.1258,1
L306395,C106395,Education Loan,1189698.66,60,112200,700,30867.94,1.8,Approved,0.1579,0
L300237,C100237,Home Loan,1487159.06,12,47400,769,6922.98,10.4,Approved,0.093,0
L307330,C107330,Home Loan,2622772.39,180,71100,668,12110.52,6.5,Approved,0.1579,1
L308557,C108557,Education Loan,1166555.98,60,26200,705,1608.28,9.6,Approved,0.1169,0
L303986,C103986,Vehicle Loan,1056909.45,180,67500,682,12898.31,6.3,Approved,0.1303,0
L302334,C102334,Education Loan,283359.67,36,84800,688,0.0,11.9,Approved,0.0826,1
L307400,C107400,Home Loan,4804181.57,120,163200,699,12907.17,19.5,Approved,0.0733,0
L303866,C103866,Vehicle Loan,822441.58,84,31700,705,7777.52,13.6,Pending,0.1743,0
L300653,C100653,Personal Loan,401577.88,180,72100,737,3007.65,31.0,Approved,0.0766,0
L309864,C109864,Personal Loan,623129.74,60,62500,593,13217.81,25.2,Approved,0.116,0
L301926,C101926,Vehicle Loan,190205.14,24,56900,558,0.0,5.1,Approved,0.2836,0
L303273,C103273,Education Loan,1884135.83,120,74300,786,17739.48,12.1,Pending,0.1082,0
L301666,C101666,Personal Loan,750532.15,24,50400,546,8922.05,21.2,Approved,0.1731,0
L303679,C103679,Business Loan,1982167.7,36,82000,631,10085.47,22.4,Pending,0.1203,0
L309621,C109621,Home Loan,7541048.34,24,61500,590,9068.98,12.1,Approved,0.2213,1
L301961,C101961,Business Loan,2926347.86,24,83800,719,0.0,26.2,Approved,0.0373,0
L304268,C104268,Vehicle Loan,1445220.17,12,8300,704,1128.98,0.5,Approved,0.4646,1
L304751,C104751,Personal Loan,151346.42,60,8000,705,43.98,4.3,Approved,0.1049,0
L303362,C103362,Vehicle Loan,417913.53,24,96100,649,18608.16,0.7,Approved,0.1984,0
L306308,C106308,Home Loan,4943815.0,84,74400,529,12255.47,7.9,Approved,0.3868,0
L306143,C106143,Education Loan,791012.31,24,40200,759,5725.83,33.6,Pending,0.0431,0
L301141,C101141,Personal Loan,419410.76,180,88500,610,19432.1,8.7,Pending,0.2,0
L300943,C100943,Home Loan,5751955.32,24,46900,667,10116.97,10.6,Approved,0.2158,0
L302004,C102004,Home Loan,5050353.81,24,23500,788,3257.65,25.6,Pending,0.1346,0
L307230,C107230,Vehicle Loan,1468780.59,180,72200,727,9128.02,13.6,Pending,0.0751,0
L307624,C107624,Personal Loan,595788.02,24,25200,729,4233.21,32.7,Approved,0.0533,0
L308548,C108548,Vehicle Loan,1461712.55,12,62100,618,7395.45,1.2,Approved,0.2205,1
L305926,C105926,Vehicle Loan,1430088.03,24,82100,754,9125.67,14.3,Approved,0.1062,0
L301010,C101010,Business Loan,2222877.18,12,30900,672,0.0,9.3,Approved,0.169,0
L304538,C104538,Vehicle Loan,1394397.69,84,70500,615,5669.75,25.3,Approved,0.126,0
L304663,C104663,Personal Loan,146474.17,84,32000,746,4103.35,8.4,Pending,0.0835,0
L302042,C102042,Education Loan,1615790.06,12,77700,694,20681.95,13.9,Approved,0.2066,0
L305422,C105422,Home Loan,6843331.74,60,38400,516,0.0,2.7,Pending,0.2515,1
L302045,C102045,Home Loan,4693984.85,36,53600,744,6799.51,24.3,Approved,0.0781,0
L308662,C108662,Education Loan,939567.05,120,15500,707,0.0,22.3,Approved,0.0591,0
L306760,C106760,Business Loan,4146293.73,24,68100,742,19250.81,0.5,Approved,0.2452,0
L303724,C103724,Home Loan,1279711.81,84,71800,591,15504.18,0.0,Pending,0.2912,0
L303700,C103700,Vehicle Loan,547184.19,180,66300,747,13321.95,3.8,Approved,0.0999,0
L304292,C104292,Home Loan,2115064.71,12,105400,696,12900.41,15.7,Approved,0.0893,0
L308175,C108175,Home Loan,7324280.74,120,52200,589,12263.59,16.1,Approved,0.2735,0
L309012,C109012,Education Loan,929141.13,84,18200,648,2553.07,17.4,Approved,0.1638,0
L308053,C108053,Personal Loan,277246.0,12,87800,627,22762.02,13.4,Approved,0.1445,0
L302291,C102291,Vehicle Loan,1485512.68,12,48800,728,15053.6,2.9,Pending,0.2189,0
L305332,C105332,Education Loan,539991.6,120,42000,688,12478.42,4.1,Pending,0.2241,0
L309924,C109924,Personal Loan,434621.4,120,53400,741,13931.6,0.8,Approved,0.1368,0
L307040,C107040,Vehicle Loan,1118048.91,12,47900,775,11605.58,5.4,Approved,0.1692,0
L303662,C103662,Business Loan,1775448.91,24,48500,650,5124.38,10.6,Approved,0.1558,0
L307521,C107521,Vehicle Loan,924863.58,60,66600,630,19818.04,26.9,Approved,0.1539,0
L300386,C100386,Home Loan,7678242.6,180,54500,587,11001.16,1.3,Pending,0.3416,0
L306534,C106534,Education Loan,145763.15,24,76700,710,1697.19,34.3,Approved,0.0459,0
L300063,C100063,Home Loan,5360788.35,180,91900,626,5757.6,26.1,Approved,0.122,0
L308855,C108855,Personal Loan,447556.44,12,96200,742,19311.53,3.7,Pending,0.1392,0
L304295,C104295,Vehicle Loan,520991.86,120,88900,695,21478.14,31.4,Approved,0.0567,0
L306465,C106465,Personal Loan,395956.67,24,62900,698,2455.57,14.8,Approved,0.083,0
L308928,C108928,Vehicle Loan,221262.13,84,161500,652,11374.28,9.6,Approved,0.1154,0
L306220,C106220,Education Loan,1157213.92,24,76000,652,17376.22,10.3,Pending,0.1929,0
L303779,C103779,Business Loan,2719542.5,12,75000,671,18467.32,8.4,Approved,0.1703,1
L307810,C107810,Education Loan,543576.76,60,88200,765,21577.83,12.2,Approved,0.1221,0
L302939,C102939,Home Loan,2764221.48,180,59100,793,5135.03,3.9,Pending,0.0616,0
L304097,C104097,Personal Loan,105421.02,60,110200,625,39789.22,2.7,Approved,0.2982,0
L309718,C109718,Vehicle Loan,1465347.04,36,61100,850,15882.83,13.7,Pending,0.0464,0
L308146,C108146,Vehicle Loan,721867.96,84,45500,811,200.38,15.7,Approved,0.0431,0
L302024,C102024,Personal Loan,197744.98,24,89100,727,288.49,1.1,Approved,0.1146,0
L307646,C107646,Home Loan,7379203.02,24,58900,510,0.0,10.7,Approved,0.3366,0
L305748,C105748,Vehicle Loan,805368.35,60,31800,615,3229.89,30.5,Pending,0.1393,0
L304972,C104972,Home Loan,2757448.02,120,63800,715,0.0,22.1,Approved,0.0416,0
L301029,C101029,Education Loan,1363131.35,84,68000,646,9871.09,4.0,Approved,0.2131,0
L304137,C104137,Home Loan,1874990.48,12,45400,711,0.0,2.3,Approved,0.1258,0
L304010,C104010,Education Loan,601378.65,120,112600,739,23380.58,11.5,Approved,0.0772,0
L305618,C105618,Business Loan,603163.78,24,72500,626,16182.29,31.3,Pending,0.1546,1
L305550,C105550,Business Loan,2662581.7,120,16300,718,1889.37,17.3,Approved,0.0802,0
L302660,C102660,Personal Loan,475152.74,84,12500,641,1543.2,6.1,Pending,0.1125,0
L307667,C107667,Education Loan,1493924.14,24,117800,613,22171.07,16.8,Approved,0.2162,0
L304881,C104881,Personal Loan,349104.6,36,66700,740,4794.05,19.7,Pending,0.0802,0
L306810,C106810,Vehicle Loan,1283204.12,60,39000,755,7000.55,20.2,Approved,0.1027,0
L307707,C107707,Home Loan,3961312.08,84,68600,654,16541.66,12.6,Pending,0.1329,0
L301332,C101332,Business Loan,2456001.47,36,59800,775,4257.89,12.3,Approved,0.0816,1
L308111,C108111,Home Loan,7600091.38,12,97700,817,13997.21,9.0,Pending,0.1272,0
L307372,C107372,Home Loan,2666538.4,180,28100,588,0.0,21.6,Approved,0.1377,1
L309695,C109695,Education Loan,1723878.41,36,120800,721,32170.46,15.2,Pending,0.0978,0
L300288,C100288,Business Loan,4708772.64,36,57900,755,2781.75,5.8,Pending,0.1265,1
L303671,C103671,Education Loan,154606.54,84,54400,541,10150.56,1.3,Approved,0.2576,1
L300272,C100272,Business Loan,639706.36,12,33700,594,4771.67,1.7,Approved,0.3262,1
L303188,C103188,Education Loan,858906.78,180,59400,618,23454.65,1.1,Pending,0.3168,0
L307561,C107561,Vehicle Loan,1285402.79,36,85800,653,13942.19,0.9,Approved,0.1709,0
L306046,C106046,Home Loan,2100365.36,180,8000,638,1076.82,3.3,Approved,0.1887,0
L301629,C101629,Vehicle Loan,1440500.69,120,35500,739,6018.07,2.6,Approved,0.1999,0
L306832,C106832,Personal Loan,238729.3,24,38100,723,11713.77,14.4,Pending,0.1055,0
L305833,C105833,Personal Loan,525181.57,180,92300,736,0.0,8.8,Pending,0.0643,0
L300007,C100007,Home Loan,7529616.12,120,91800,735,19534.72,14.6,Approved,0.0903,0
L304572,C104572,Personal Loan,585935.62,84,49000,742,5256.98,13.3,Pending,0.0871,0
L305041,C105041,Education Loan,1224876.67,84,76000,576,6561.65,5.4,Pending,0.2342,0
L308227,C108227,Business Loan,4729300.81,84,73400,725,13022.42,4.5,Approved,0.1792,0
L306854,C106854,Personal Loan,270124.63,24,49300,652,2808.89,25.5,Approved,0.0831,0
L303683,C103683,Personal Loan,724638.09,120,20800,514,4738.74,16.6,Approved,0.3385,1
L308599,C108599,Home Loan,5680179.39,120,71100,597,24916.47,15.7,Approved,0.3635,0
L309278,C109278,Vehicle Loan,427744.15,180,77700,668,10101.92,15.3,Pending,0.1356,1
L306394,C106394,Business Loan,1375093.26,60,22900,637,5244.49,5.8,Approved,0.2165,1
L303148,C103148,Education Loan,1365270.8,180,65800,620,17948.71,37.8,Approved,0.0744,0
L309371,C109371,Home Loan,7664453.42,60,92900,653,20514.57,7.9,Approved,0.2478,0
L309703,C109703,Business Loan,1645653.36,60,88700,694,11552.06,10.6,Pending,0.1327,0
L307938,C107938,Home Loan,1951073.97,36,57800,536,4346.68,0.8,Approved,0.3092,0
L306674,C106674,Business Loan,1085390.94,180,56300,662,20695.76,19.9,Approved,0.241,1
L309110,C109110,Education Loan,1818680.4,84,64600,685,17302.84,2.1,Pending,0.1615,0
L305923,C105923,Business Loan,3635033.81,36,74900,719,17834.85,12.8,Approved,0.1905,0
L308067,C108067,Education Loan,1293966.26,84,41100,717,12052.32,14.5,Approved,0.1672,0
L307660,C107660,Education Loan,478175.41,60,44700,800,0.0,5.8,Pending,0.0347,0
L301643,C101643,Vehicle Loan,505625.78,180,58400,697,15867.06,9.8,Approved,0.2174,0
L300163,C100163,Education Loan,1935555.16,120,85000,610,26871.25,11.5,Approved,0.2167,1
L307272,C107272,Home Loan,3740197.62,36,62400,693,6084.8,15.9,Pending,0.1327,0
L307074,C107074,Business Loan,1670665.46,180,25900,679,3996.95,13.0,Approved,0.1174,1
L306658,C106658,Vehicle Loan,111569.68,84,66900,769,14772.22,19.8,Approved,0.0621,0
L309726,C109726,Business Loan,3504039.51,24,108400,835,15247.36,26.0,Approved,0.0281,0
L308591,C108591,Business Loan,1732396.42,24,156600,712,29451.92,4.2,Approved,0.1291,0
L306544,C106544,Business Loan,561778.55,120,74500,652,13216.36,4.5,Pending,0.1947,1
L309686,C109686,Business Loan,1195493.66,36,72500,660,8181.68,24.4,Pending,0.0713,0
L307347,C107347,Personal Loan,274454.65,180,26400,755,4865.42,10.7,Approved,0.0847,0
L306488,C106488,Education Loan,185899.92,120,30100,720,5162.33,1.2,Pending,0.1758,0
L309973,C109973,Home Loan,7403510.72,180,39400,638,0.0,18.3,Approved,0.113,1
L304004,C104004,Education Loan,1642538.22,24,91200,750,23586.68,8.8,Approved,0.1129,0
L303609,C103609,Education Loan,751921.38,120,73100,550,6992.1,7.5,Pending,0.2365,0
L304332,C104332,Business Loan,3640440.37,24,109100,635,6943.06,28.8,Pending,0.1097,0
L303533,C103533,Education Loan,874467.93,24,21400,803,0.0,16.3,Approved,0.0476,0
L303756,C103756,Personal Loan,328152.45,36,61000,737,15983.15,15.8,Approved,0.0891,0
L304493,C104493,Business Loan,2154113.79,60,39900,663,237.22,8.9,Approved,0.1042,0
L304075,C104075,Home Loan,2618841.02,60,56100,675,4444.9,0.0,Approved,0.154,0
L302223,C102223,Education Loan,1454417.96,24,21700,626,2213.13,13.1,Pending,0.1609,0
L302463,C102463,Personal Loan,545422.83,84,18200,754,5034.01,17.2,Approved,0.099,0
L306988,C106988,Personal Loan,504739.61,180,12400,653,2359.78,7.3,Approved,0.1654,0
L300759,C100759,Education Loan,1641934.3,180,60400,565,7613.49,14.4,Approved,0.2055,1
L308691,C108691,Education Loan,736447.48,120,94000,597,12138.21,31.0,Pending,0.1081,1
L301479,C101479,Education Loan,1084128.69,120,58300,579,4356.34,5.4,Approved,0.1997,1
L307928,C107928,Home Loan,5703160.18,120,62900,719,18612.86,19.0,Approved,0.1505,0
L306565,C106565,Business Loan,2512228.09,24,76000,636,9220.54,4.4,Pending,0.2001,0
L308644,C108644,Vehicle Loan,537456.75,120,57600,778,6053.57,0.5,Pending,0.0878,0
L302222,C102222,Home Loan,5815301.84,120,97700,490,23137.93,0.9,Approved,0.4603,0
L304898,C104898,Personal Loan,304123.43,60,97400,620,0.0,24.7,Pending,0.1064,0
L306491,C106491,Home Loan,5879355.76,120,94700,651,9869.44,16.9,Approved,0.1615,0
L307002,C107002,Education Loan,622542.5,60,75200,580,21748.95,34.5,Approved,0.1176,0
L304583,C104583,Home Loan,4373571.81,24,59900,635,5108.16,13.3,Approved,0.1655,0
L300534,C100534,Vehicle Loan,1211201.98,36,53300,591,4855.53,20.3,Approved,0.2232,0
L308555,C108555,Home Loan,5721079.75,180,42100,792,10532.15,20.2,Approved,0.0657,1
L307254,C107254,Home Loan,2291980.0,84,52600,693,6380.46,6.2,Approved,0.1031,0
L306744,C106744,Vehicle Loan,966745.54,120,50100,681,0.0,29.9,Pending,0.0786,0
L309874,C109874,Vehicle Loan,641505.97,120,72900,651,10023.38,18.5,Pending,0.0939,0
L308738,C108738,Education Loan,131645.29,12,17900,680,4048.7,8.8,Pending,0.1627,0
L308628,C108628,Home Loan,3935086.43,60,11300,687,4133.37,4.9,Approved,0.3411,0
L306907,C106907,Home Loan,7826945.57,60,74900,632,18897.84,0.3,Approved,0.2613,0
L306523,C106523,Home Loan,3817694.82,36,99300,560,25122.06,14.6,Approved,0.2173,0
L305706,C105706,Education Loan,1538204.67,180,34700,795,6306.15,12.5,Pending,0.0846,0
L302641,C102641,Vehicle Loan,773255.05,36,23500,597,4111.36,6.2,Pending,0.2125,1
L306416,C106416,Personal Loan,138791.61,36,71000,686,8290.4,5.5,Approved,0.1173,0
L303322,C103322,Education Loan,1605180.08,84,71600,749,11984.62,16.0,Pending,0.0968,0
L309818,C109818,Personal Loan,398040.3,120,87300,657,7061.37,8.9,Pending,0.1156,0
L301472,C101472,Home Loan,3060898.7,60,44400,701,4367.51,3.9,Approved,0.1993,0
L302608,C102608,Home Loan,5751189.81,84,67200,761,6357.63,8.8,Approved,0.0717,0
L302073,C102073,Vehicle Loan,577226.63,180,50500,700,0.0,3.9,Approved,0.1052,0
L305809,C105809,Business Loan,2604794.42,36,17800,714,4708.8,6.6,Approved,0.2036,0
L302417,C102417,Business Loan,1763833.4,36,10200,625,167.58,7.7,Approved,0.2408,0
L309226,C109226,Business Loan,3949006.7,60,83400,655,19087.53,19.8,Approved,0.1267,0
L303262,C103262,Personal Loan,691753.77,60,67600,761,5688.67,9.7,Approved,0.062,0
L300438,C100438,Business Loan,1638398.42,12,14000,635,3846.75,1.3,Approved,0.3627,0
L308239,C108239,Personal Loan,291879.53,36,73900,741,9318.64,18.9,Approved,0.0362,0
L307607,C107607,Education Loan,1123475.57,24,9700,839,1808.88,2.9,Approved,0.1619,0
L300073,C100073,Personal Loan,709590.45,12,68100,714,11506.6,4.5,Pending,0.1204,0
L306678,C106678,Home Loan,5233978.08,120,54700,801,11944.48,24.8,Approved,0.0499,0
L306459,C106459,Home Loan,3373040.42,24,46700,742,17759.78,5.9,Approved,0.3101,1
L309545,C109545,Personal Loan,697938.01,36,40300,654,0.0,0.0,Pending,0.1257,0
L300378,C100378,Education Loan,920081.37,60,71500,766,4435.45,11.5,Pending,0.0747,0
L303992,C103992,Education Loan,1125808.45,36,36800,533,5478.69,4.9,Approved,0.3645,0
L305139,C105139,Business Loan,4093444.87,60,47400,504,3027.0,13.3,Pending,0.1695,0
L300375,C100375,Business Loan,3927463.42,120,139700,731,4929.62,1.9,Approved,0.0888,0
L307622,C107622,Business Loan,3676231.41,36,53900,719,6531.36,10.4,Approved,0.1376,0
L300381,C100381,Personal Loan,504203.77,12,60800,598,16400.09,13.8,Pending,0.2252,0
L309482,C109482,Vehicle Loan,818710.33,180,8600,677,0.0,0.0,Approved,0.1762,0
L300970,C100970,Home Loan,3266597.29,120,94300,710,18015.09,8.1,Approved,0.1246,0
L307595,C107595,Education Loan,984197.18,60,102800,652,25962.72,19.1,Approved,0.1459,0
L308259,C108259,Education Loan,101054.81,36,25600,657,3006.14,16.7,Pending,0.1177,0
L306548,C106548,Home Loan,5730830.12,24,79300,510,7985.93,6.0,Approved,0.4325,1
L301638,C101638,Home Loan,3378210.49,180,41200,752,5146.33,5.5,Approved,0.0687,0
L306310,C106310,Business Loan,4430670.11,180,111000,717,11518.21,7.0,Approved,0.114,0
L300830,C100830,Personal Loan,237784.89,24,84100,537,30647.6,3.6,Approved,0.4651,0
L302806,C102806,Home Loan,1788221.21,60,42000,683,10407.23,4.5,Pending,0.1832,0
L309669,C109669,Personal Loan,329607.39,120,91600,621,21570.25,4.8,Pending,0.177,0
L308378,C108378,Home Loan,1074089.15,36,75200,760,0.0,11.4,Approved,0.0506,0
L307661,C107661,Vehicle Loan,1308413.31,120,68800,797,0.0,13.8,Approved,0.0284,0
L301911,C101911,Business Loan,607131.86,24,82000,643,11231.52,32.7,Pending,0.0738,0
L300359,C100359,Vehicle Loan,393942.73,180,41000,641,8486.95,9.0,Approved,0.1763,0
L304501,C104501,Home Loan,7394320.21,24,81600,771,13944.6,16.3,Approved,0.0727,0
L301585,C101585,Business Loan,419292.26,180,49400,722,6766.92,8.9,Approved,0.0948,0
L300234,C100234,Personal Loan,393518.27,24,64900,676,17617.64,17.7,Approved,0.1129,0
L309146,C109146,Personal Loan,422954.44,12,92600,650,16925.32,10.2,Approved,0.1283,0
L307620,C107620,Education Loan,453371.57,24,75700,729,4252.96,9.5,Pending,0.0989,0
L304773,C104773,Vehicle Loan,117654.22,24,68200,559,15251.97,18.1,Approved,0.2758,1
L304261,C104261,Education Loan,1725463.52,60,116800,696,15827.35,5.3,Approved,0.123,1
L303800,C103800,Business Loan,3015467.33,120,86100,689,14117.7,30.7,Approved,0.0729,0
L300510,C100510,Business Loan,3012933.21,180,79500,686,9780.21,9.0,Pending,0.1461,0
L304375,C104375,Personal Loan,207069.53,180,45100,837,620.21,7.3,Approved,0.0513,0
L305326,C105326,Education Loan,1493359.82,60,71900,753,1327.89,15.3,Approved,0.0562,1
L309213,C109213,Home Loan,7557719.69,12,58200,649,14061.51,11.1,Pending,0.4796,0
L305057,C105057,Business Loan,3652137.83,120,60800,550,8129.0,23.6,Approved,0.1225,0
L308835,C108835,Education Loan,1339877.82,120,37700,702,4582.73,0.0,Approved,0.148,0
L301528,C101528,Vehicle Loan,772725.01,180,79800,556,6365.67,0.0,Pending,0.2146,0
L301820,C101820,Vehicle Loan,658242.45,36,70500,641,21657.19,10.0,Pending,0.2399,0
L309813,C109813,Personal Loan,511611.46,24,76100,596,11604.53,15.6,Pending,0.1827,0
L301295,C101295,Business Loan,3914894.85,24,50000,649,7534.18,15.3,Approved,0.1938,0
L304465,C104465,Business Loan,3997479.62,24,75400,852,16911.52,1.7,Approved,0.077,0
L305635,C105635,Education Loan,1685468.75,120,46600,652,10609.72,16.8,Approved,0.1091,1
L301212,C101212,Education Loan,1594798.99,180,41500,763,10767.62,17.8,Pending,0.1043,0
L301738,C101738,Business Loan,265877.95,24,49700,649,16046.64,0.0,Pending,0.2628,0
L307851,C107851,Business Loan,3629547.62,36,22500,764,3033.82,8.8,Approved,0.1452,0
L308074,C108074,Personal Loan,629246.72,60,62600,730,8783.35,27.1,Approved,0.0559,0
L309270,C109270,Education Loan,909611.04,24,26000,719,3357.53,21.6,Approved,0.0821,0
L302686,C102686,Vehicle Loan,548357.64,180,76700,507,13793.58,9.0,Approved,0.3309,1
L309086,C109086,Home Loan,7100792.94,36,60100,798,15827.03,26.5,Approved,0.1131,0
L308784,C108784,Business Loan,1231985.36,84,70000,753,21291.48,2.9,Approved,0.1702,0
L305811,C105811,Home Loan,1473639.67,60,66900,668,15373.08,8.2,Approved,0.1816,0
L306133,C106133,Business Loan,800559.41,12,32200,713,2203.52,13.2,Approved,0.0987,0
L300713,C100713,Business Loan,866497.37,36,91800,732,10282.58,25.7,Approved,0.0752,0
L303578,C103578,Business Loan,3097982.87,84,87000,604,13477.49,32.5,Pending,0.1571,0
L304608,C104608,Education Loan,1379591.0,120,42400,702,10697.7,20.6,Approved,0.1657,0
L302951,C102951,Vehicle Loan,1039110.36,180,74700,664,3442.96,6.7,Pending,0.1189,0
L305605,C105605,Personal Loan,244207.63,12,76000,763,2715.68,1.3,Pending,0.0533,0
L309803,C109803,Business Loan,625223.47,180,33100,596,7193.31,7.7,Approved,0.2403,0
L306555,C106555,Personal Loan,57350.68,120,49300,768,6271.1,6.2,Approved,0.0688,0
L304685,C104685,Home Loan,2908640.77,24,46500,642,8905.15,9.5,Approved,0.2867,0
L304576,C104576,Personal Loan,537770.74,120,34600,694,5904.14,1.9,Pending,0.1185,0
L308377,C108377,Education Loan,704827.02,36,117000,611,16860.33,0.8,Pending,0.1608,0
L307253,C107253,Home Loan,2858897.85,24,62200,578,14114.62,20.2,Pending,0.3321,0
L307492,C107492,Business Loan,1620045.44,12,60200,706,19214.01,5.6,Approved,0.1692,0
L308971,C108971,Business Loan,3214262.97,24,59100,693,7956.56,6.1,Approved,0.1858,0
L301025,C101025,Home Loan,7936832.79,120,9900,687,526.44,1.3,Pending,0.1593,1
L308983,C108983,Education Loan,1379909.28,84,170300,694,54795.76,21.7,Pending,0.118,0
L302374,C102374,Business Loan,538229.02,180,96600,738,28275.94,24.4,Approved,0.0961,0
L309839,C109839,Business Loan,1545883.35,60,61600,687,12479.82,8.6,Approved,0.2622,0
L302410,C102410,Business Loan,4561858.72,84,61700,722,6625.03,12.8,Pending,0.0623,0
L307149,C107149,Business Loan,4983965.86,84,47100,797,9930.6,5.3,Approved,0.1038,0
L305777,C105777,Business Loan,1794240.07,120,56900,674,16381.42,1.3,Pending,0.1996,1
L305425,C105425,Vehicle Loan,152890.44,60,53900,723,7885.23,4.4,Approved,0.1342,0
L308887,C108887,Education Loan,1015300.77,120,24800,710,5790.19,12.8,Approved,0.087,1
L307680,C107680,Vehicle Loan,259164.38,24,39700,590,6699.34,7.8,Pending,0.3541,1
L308812,C108812,Home Loan,5048139.84,60,43100,636,9762.81,14.4,Approved,0.1975,1
L303479,C103479,Home Loan,1769262.81,60,71300,726,5008.21,6.9,Approved,0.0984,0
L306192,C106192,Business Loan,266592.5,24,118400,629,16109.6,4.6,Approved,0.2217,0
L309157,C109157,Personal Loan,649159.29,120,17500,738,3109.75,18.9,Approved,0.0754,0
L306982,C106982,Home Loan,7488286.39,180,87300,709,27247.02,21.9,Approved,0.1051,0
L308998,C108998,Business Loan,2916765.48,60,57900,744,0.0,2.4,Approved,0.0969,0
L308349,C108349,Home Loan,5435268.16,120,166000,724,4874.4,26.0,Approved,0.0311,0
L302053,C102053,Education Loan,196954.49,120,61600,649,11179.6,16.0,Approved,0.106,0
L300786,C100786,Home Loan,3065184.02,36,8000,711,300.63,0.4,Pending,0.2984,0
L307552,C107552,Home Loan,6504782.3,180,86300,787,14355.55,16.5,Pending,0.0662,0
L300753,C100753,Business Loan,865297.99,84,75100,567,19237.23,36.9,Approved,0.1715,1
L302947,C102947,Education Loan,140815.7,24,93000,874,5995.73,14.1,Approved,0.0219,0
L308777,C108777,Home Loan,4358763.68,60,75400,654,3975.82,23.0,Approved,0.1228,0
L309056,C109056,Home Loan,7326978.7,60,32500,575,6590.14,27.6,Approved,0.1601,0
L304379,C104379,Business Loan,4823790.15,36,98500,652,17137.49,22.7,Pending,0.1166,0
L303338,C103338,Home Loan,2471931.55,12,82700,789,0.0,15.7,Approved,0.0392,0
L306068,C106068,Education Loan,1672130.16,60,16100,635,1890.0,2.3,Approved,0.2818,0
L308892,C108892,Education Loan,1979588.26,180,25200,807,8278.99,12.8,Approved,0.0888,0
L309784,C109784,Business Loan,2526613.76,120,37600,651,5137.27,9.6,Approved,0.1081,0
L309815,C109815,Vehicle Loan,537862.55,84,78300,785,0.0,3.4,Approved,0.0599,0
L303949,C103949,Business Loan,2665400.89,60,75700,607,1462.64,6.2,Approved,0.1476,0
L301987,C101987,Home Loan,5530567.31,60,29700,659,5186.5,4.7,Pending,0.2744,0
L307234,C107234,Education Loan,1646335.21,60,14600,665,292.55,4.5,Pending,0.1758,0
L305259,C105259,Home Loan,3829198.84,60,10900,616,2234.95,6.9,Approved,0.2743,0
L305769,C105769,Business Loan,362259.72,180,61400,571,8157.72,7.0,Approved,0.1935,0
L306055,C106055,Education Loan,1250965.54,36,99000,875,2193.53,29.0,Approved,0.0253,0
L309777,C109777,Business Loan,3526882.59,120,94900,689,20353.97,5.1,Approved,0.1671,1
L301797,C101797,Education Loan,932427.92,120,55700,682,9898.49,2.4,Approved,0.2371,1
L303652,C103652,Business Loan,4014789.82,36,19800,747,4063.28,13.3,Pending,0.1781,0
L309198,C109198,Vehicle Loan,1314791.32,60,8000,800,1362.03,0.0,Approved,0.1421,0
L305606,C105606,Business Loan,3271949.6,12,97400,743,34182.4,10.5,Approved,0.135,1
L304347,C104347,Vehicle Loan,218002.56,60,31900,689,4401.05,5.3,Pending,0.1294,1
L308914,C108914,Personal Loan,143659.51,180,52800,737,5984.25,9.4,Approved,0.0658,0
L304237,C104237,Vehicle Loan,1065220.36,12,104200,739,13174.31,3.6,Approved,0.1434,1
L309047,C109047,Personal Loan,612264.0,12,18700,694,4991.44,15.5,Approved,0.1275,0
L303537,C103537,Personal Loan,483887.62,60,12300,669,479.3,2.9,Approved,0.1357,0
L306845,C106845,Business Loan,1617824.57,120,99200,754,8093.26,22.4,Approved,0.037,0
L309971,C109971,Personal Loan,237934.5,36,110200,890,34727.33,12.6,Approved,0.0404,0
L303134,C103134,Personal Loan,491525.03,36,70100,579,25220.91,23.1,Approved,0.2903,0
L303051,C103051,Home Loan,4564158.74,60,58800,698,8461.9,1.5,Approved,0.1493,0
L301741,C101741,Personal Loan,199382.72,180,89400,785,13487.27,21.0,Approved,0.0506,0
L305594,C105594,Business Loan,2520771.86,120,75000,845,17307.87,23.0,Approved,0.05,0
L303825,C103825,Vehicle Loan,841353.3,36,26600,586,6255.5,15.4,Approved,0.2594,1
L309339,C109339,Vehicle Loan,608521.22,84,29500,680,4875.08,5.5,Approved,0.1762,0
L308626,C108626,Home Loan,4621876.09,120,70400,776,6974.15,7.3,Pending,0.0714,0
L304009,C104009,Business Loan,537723.44,180,12200,724,881.65,3.9,Pending,0.0784,0
L302699,C102699,Personal Loan,188096.97,180,70700,564,2860.67,3.0,Pending,0.1645,0
L304338,C104338,Personal Loan,444934.93,24,77700,803,5417.88,23.1,Approved,0.0303,0
L302091,C102091,Personal Loan,420288.81,120,95400,677,33326.51,10.8,Approved,0.1737,0
L309228,C109228,Personal Loan,283465.07,36,56000,797,4623.82,13.4,Approved,0.062,0
L304776,C104776,Business Loan,1070748.28,84,61500,717,3619.74,3.3,Approved,0.0665,0
L303530,C103530,Personal Loan,578633.42,120,66500,631,22304.54,4.3,Approved,0.3394,0
L309296,C109296,Personal Loan,519814.98,120,85900,607,19992.6,27.5,Approved,0.1083,0
L309723,C109723,Vehicle Loan,1205562.29,84,34300,683,6511.16,14.8,Approved,0.1625,1
L300358,C100358,Vehicle Loan,145737.48,120,35300,687,0.0,1.9,Approved,0.0998,0
L306710,C106710,Personal Loan,422885.38,84,69700,645,14525.9,2.7,Approved,0.2442,0
L308304,C108304,Personal Loan,613761.57,12,45200,631,8091.63,7.9,Pending,0.2198,0
L302565,C102565,Home Loan,3591810.8,180,16700,679,940.86,5.1,Approved,0.164,1
L306322,C106322,Education Loan,1012368.2,84,48500,736,3915.64,1.6,Approved,0.1326,0
L309494,C109494,Business Loan,306823.87,120,67600,730,0.0,21.3,Approved,0.0568,1
L309337,C109337,Vehicle Loan,1090306.32,36,35500,616,4771.88,28.2,Approved,0.0952,0
L305485,C105485,Home Loan,5295350.36,120,115100,588,33285.11,6.1,Approved,0.3358,0
L309909,C109909,Vehicle Loan,684929.42,60,78700,795,19190.5,7.8,Approved,0.1453,0
L308663,C108663,Home Loan,2700768.94,180,84100,759,12392.16,33.3,Approved,0.0218,0
L302393,C102393,Vehicle Loan,921476.79,180,73500,760,0.0,2.3,Approved,0.0727,0
L303966,C103966,Business Loan,2564953.62,120,83200,528,513.89,7.1,Approved,0.1459,0
L307861,C107861,Education Loan,1870949.71,12,21800,577,5831.3,6.5,Pending,0.4155,0
L308373,C108373,Education Loan,406746.02,36,105900,900,33842.07,1.4,Approved,0.0488,0
L302294,C102294,Home Loan,7447107.66,180,86200,705,11702.67,12.2,Approved,0.103,0
L309304,C109304,Home Loan,4868609.34,84,13600,713,316.88,10.9,Pending,0.1414,1
L304620,C104620,Vehicle Loan,676252.12,180,74700,596,10315.5,15.0,Pending,0.3029,1
L305978,C105978,Education Loan,163398.19,60,101300,725,2569.63,7.9,Approved,0.1066,0
L305705,C105705,Business Loan,1793491.54,12,32300,648,5977.06,18.5,Approved,0.2567,0
L305565,C105565,Education Loan,109840.97,120,91600,725,17071.46,19.0,Pending,0.0563,1
L305893,C105893,Business Loan,456531.28,24,33500,604,3829.91,7.8,Approved,0.2761,0
L302499,C102499,Vehicle Loan,1106842.71,24,114200,733,28829.04,20.7,Pending,0.0985,0
L300521,C100521,Personal Loan,286298.68,180,79000,545,20978.35,5.2,Approved,0.2632,1
L303159,C103159,Personal Loan,194455.09,24,56500,522,9088.55,17.0,Approved,0.1454,0
L300860,C100860,Vehicle Loan,496837.29,36,99400,793,20405.32,17.8,Approved,0.0635,1
L302060,C102060,Business Loan,3600269.23,84,69800,752,11759.95,9.3,Pending,0.0989,0
L302783,C102783,Vehicle Loan,380971.49,84,73300,676,8357.81,9.1,Pending,0.1462,0
L303086,C103086,Home Loan,4551625.05,36,13900,623,0.0,1.8,Pending,0.2629,1
L306860,C106860,Education Loan,1952098.28,36,62100,635,13631.09,22.6,Approved,0.1602,0
L306695,C106695,Home Loan,3145890.81,60,56700,662,14335.53,7.0,Pending,0.1586,0
L304595,C104595,Vehicle Loan,1019341.16,180,31000,774,4745.59,0.2,Approved,0.1457,0
L301095,C101095,Home Loan,2571355.0,24,81000,641,11981.29,1.5,Pending,0.1735,0
L305640,C105640,Business Loan,4954382.81,12,111300,685,18410.4,20.3,Pending,0.1087,1
L307794,C107794,Home Loan,2032326.45,12,61300,766,0.0,0.2,Approved,0.1282,0
L308753,C108753,Business Loan,4745757.95,12,117100,883,17180.07,19.8,Approved,0.0441,0
L300154,C100154,Home Loan,4603150.68,60,61400,703,14085.95,14.6,Approved,0.1058,0
L303634,C103634,Business Loan,3019221.33,60,69800,718,0.0,23.2,Approved,0.034,0
L300340,C100340,Personal Loan,290376.72,12,35400,595,11070.15,19.4,Pending,0.2982,1
L308982,C108982,Business Loan,1060509.15,180,62200,604,9144.8,12.0,Approved,0.1411,0
L301996,C101996,Personal Loan,107312.54,180,81800,849,17497.96,14.3,Approved,0.0364,0
L306027,C106027,Education Loan,1879471.74,12,49400,695,7497.19,16.6,Approved,0.132,0
L302237,C102237,Vehicle Loan,209778.95,120,79800,698,5533.65,5.9,Approved,0.0894,0
L309154,C109154,Home Loan,3954551.38,36,53200,641,1801.02,21.5,Pending,0.1387,1
L304969,C104969,Education Loan,1946199.94,120,93100,686,13318.85,22.2,Pending,0.1069,0
L302880,C102880,Education Loan,1736072.18,24,45300,640,10060.8,0.6,Approved,0.3689,0
L305314,C105314,Home Loan,2958162.92,120,112300,756,23772.56,9.6,Approved,0.0781,0
L306006,C106006,Vehicle Loan,1011066.04,36,15400,568,2701.47,5.4,Approved,0.3274,0
L303546,C103546,Business Loan,2253012.38,36,82800,642,0.0,9.7,Approved,0.0978,0
L308747,C108747,Business Loan,3611699.72,24,82000,650,15562.23,2.3,Approved,0.2405,0
L301281,C101281,Education Loan,1905989.41,180,81100,595,21413.64,8.7,Approved,0.2971,1
L302305,C102305,Business Loan,3170640.54,180,46600,705,7598.47,2.3,Approved,0.1181,1
L302704,C102704,Personal Loan,53302.82,24,78100,601,2882.66,1.5,Approved,0.1705,0
L307096,C107096,Business Loan,3066142.56,84,53700,820,7810.15,3.4,Approved,0.0692,0
L302969,C102969,Vehicle Loan,1481485.11,60,79300,766,10863.1,15.2,Approved,0.0755,0
L309161,C109161,Home Loan,6720592.31,84,47600,699,7704.18,25.4,Pending,0.0942,0
L304172,C104172,Business Loan,579266.9,36,69200,708,10940.83,12.7,Approved,0.1026,0
L305717,C105717,Business Loan,831670.26,24,46700,718,9575.92,9.8,Approved,0.1172,0
L302226,C102226,Home Loan,1765606.73,60,53600,867,5507.41,16.2,Approved,0.0413,0
L309029,C109029,Home Loan,5209346.66,12,48200,632,5646.64,1.9,Pending,0.3922,0
L309036,C109036,Education Loan,1435236.55,180,21300,767,3612.51,7.2,Approved,0.0924,0
L308876,C108876,Vehicle Loan,994765.05,24,41500,634,14164.26,6.0,Pending,0.261,0
L304962,C104962,Personal Loan,444866.24,24,73800,742,7150.95,33.8,Pending,0.0273,0
L309712,C109712,Home Loan,7962926.98,180,19700,570,343.02,16.1,Approved,0.1443,0
L303084,C103084,Business Loan,2476239.87,36,52400,664,7616.39,10.9,Approved,0.1799,0
L301401,C101401,Education Loan,1574646.76,36,26000,581,2201.35,8.9,Approved,0.1747,0
L306062,C106062,Personal Loan,111763.61,12,53300,650,9320.6,5.6,Approved,0.2277,0
L302860,C102860,Home Loan,5494296.15,84,127100,748,3543.84,4.1,Pending,0.0757,0
L303429,C103429,Personal Loan,459041.72,120,69700,507,5862.76,5.9,Approved,0.2213,0
L301123,C101123,Education Loan,1158076.02,60,103700,746,12657.5,6.3,Pending,0.1063,1
L306848,C106848,Home Loan,5267466.57,84,82500,504,13478.97,9.6,Pending,0.2858,0
L309947,C109947,Personal Loan,446010.96,60,106000,759,25701.93,26.7,Approved,0.0571,0
L301551,C101551,Vehicle Loan,570891.09,12,56500,728,12864.2,17.4,Pending,0.1024,0
L309234,C109234,Business Loan,2035851.32,84,93300,656,12440.31,9.3,Pending,0.1468,1
L308391,C108391,Business Loan,1118976.42,84,21200,851,4692.06,7.3,Pending,0.1046,0
L303372,C103372,Home Loan,6388705.34,36,57300,649,6069.92,9.8,Approved,0.2209,0
L304090,C104090,Home Loan,5083820.93,24,143600,805,11131.61,6.5,Approved,0.105,0
L307591,C107591,Education Loan,332432.13,84,23000,489,4951.9,15.9,Approved,0.2887,1
L302998,C102998,Vehicle Loan,1282623.29,120,73000,808,16069.43,7.9,Approved,0.0933,0
L303598,C103598,Personal Loan,510408.18,12,56400,742,1837.26,9.0,Approved,0.0708,0
L306969,C106969,Personal Loan,411517.52,12,79300,659,27993.09,17.5,Approved,0.2188,1
L306339,C106339,Personal Loan,640588.95,180,74700,652,14036.12,10.0,Approved,0.1388,1
L306736,C106736,Home Loan,2212148.22,84,43100,643,2300.07,14.8,Approved,0.1354,0
L306570,C106570,Vehicle Loan,663509.46,120,41400,696,5212.0,10.9,Approved,0.1327,0
L301274,C101274,Personal Loan,157512.09,24,66900,745,11580.71,22.0,Approved,0.0939,0
L304310,C104310,Business Loan,457622.51,24,42800,657,7734.52,7.3,Approved,0.1747,1
L305658,C105658,Education Loan,917181.88,24,67500,777,21986.3,4.9,Approved,0.1628,0
L302418,C102418,Personal Loan,361358.46,24,8000,814,1160.34,6.8,Approved,0.0808,0
L302831,C102831,Home Loan,7312433.97,12,47500,721,9544.98,14.5,Approved,0.3041,0
L305227,C105227,Personal Loan,267001.76,180,108600,672,31866.3,22.8,Approved,0.131,0
L303612,C103612,Vehicle Loan,1361511.26,24,61800,597,8740.75,21.2,Pending,0.1903,0
L306167,C106167,Vehicle Loan,1204607.29,84,25500,664,7140.53,13.3,Pending,0.1697,1
L309243,C109243,Business Loan,3116041.67,84,60300,710,7391.29,34.1,Approved,0.0718,0
L309309,C109309,Personal Loan,91725.98,36,66800,666,15562.48,5.3,Pending,0.2109,0
L302828,C102828,Home Loan,3630775.34,120,54300,818,11654.33,24.3,Approved,0.0262,0
L302742,C102742,Vehicle Loan,774014.37,12,59800,773,6065.17,10.0,Pending,0.0758,0
L309202,C109202,Home Loan,6144735.15,12,11900,779,928.09,6.8,Rejected,0.8148,1
L308904,C108904,Business Loan,2823311.66,24,68900,579,8096.39,14.9,Approved,0.1781,0
L308093,C108093,Education Loan,976387.73,12,36800,626,4615.15,8.6,Approved,0.1933,0
L305435,C105435,Education Loan,1172027.16,24,35400,675,5550.78,30.8,Approved,0.1369,0
L305799,C105799,Personal Loan,365787.64,24,16000,790,3326.29,14.3,Approved,0.09,0
L302299,C102299,Business Loan,592385.08,84,91700,606,27785.41,15.4,Approved,0.2526,1
L304549,C104549,Education Loan,1804736.75,24,82100,618,414.92,27.5,Pending,0.0988,0
L305732,C105732,Home Loan,4470536.86,84,59700,633,7413.69,24.8,Pending,0.1133,1
L308385,C108385,Personal Loan,477424.26,180,87500,672,7766.09,17.1,Approved,0.0827,0
L308012,C108012,Vehicle Loan,1018122.16,12,8400,638,1200.86,1.2,Pending,0.4477,1
L301943,C101943,Personal Loan,668493.41,84,43700,777,4019.68,0.8,Pending,0.0788,0
L306338,C106338,Vehicle Loan,850969.59,36,95300,615,11036.0,16.4,Pending,0.1373,0
L303303,C103303,Business Loan,903141.14,12,84400,679,0.0,10.6,Pending,0.0854,0
L306426,C106426,Vehicle Loan,1115595.34,60,47700,775,0.0,8.5,Approved,0.0445,0
L302295,C102295,Business Loan,3280725.48,24,51200,729,21488.33,27.4,Pending,0.186,0
L307025,C107025,Vehicle Loan,1167839.32,12,92800,771,9570.59,26.6,Approved,0.0317,0
L303968,C103968,Vehicle Loan,784971.79,84,18500,625,4296.69,5.6,Approved,0.2939,1
L304319,C104319,Business Loan,4748477.71,180,49100,685,2971.47,0.6,Pending,0.2775,1
L304080,C104080,Business Loan,1588645.47,36,26100,482,2010.12,30.3,Pending,0.2027,0
L309071,C109071,Personal Loan,723236.01,180,83700,571,0.0,1.5,Approved,0.2721,0
L307516,C107516,Education Loan,885633.88,60,97100,701,1741.11,0.0,Approved,0.088,0
L309885,C109885,Business Loan,2659803.62,36,147400,652,41117.07,8.2,Approved,0.171,0
L301441,C101441,Vehicle Loan,191345.34,36,16700,660,1983.42,7.7,Approved,0.157,0
L301287,C101287,Business Loan,1130957.07,36,26200,658,7429.43,5.7,Approved,0.2839,0
L302415,C102415,Personal Loan,158717.62,120,47800,745,10597.19,16.9,Approved,0.0758,0
L305756,C105756,Vehicle Loan,771204.62,12,63700,809,1720.82,3.6,Pending,0.076,0
L301925,C101925,Home Loan,3527891.48,36,52400,683,9686.71,1.2,Pending,0.1867,1
L303582,C103582,Personal Loan,766134.01,12,69800,762,1698.31,4.5,Pending,0.0726,0
L309876,C109876,Personal Loan,388439.78,36,26200,680,373.23,36.4,Pending,0.0382,0
L306888,C106888,Personal Loan,57511.36,180,54800,709,7543.81,1.2,Approved,0.1517,0
L302940,C102940,Business Loan,2513623.37,12,107800,778,15591.37,23.1,Approved,0.0931,1
L308130,C108130,Home Loan,5757791.19,180,116700,840,18776.16,1.9,Approved,0.073,0
L305055,C105055,Business Loan,4440390.12,60,79200,659,18309.09,26.0,Approved,0.141,0
L304640,C104640,Vehicle Loan,1466283.41,84,110900,823,41173.16,20.9,Approved,0.0727,0
L302874,C102874,Education Loan,1942050.56,180,47000,625,0.0,11.9,Approved,0.158,0
L306279,C106279,Home Loan,7807889.17,60,82600,769,30211.06,5.9,Approved,0.176,1
L308346,C108346,Home Loan,2428192.52,24,48400,691,3791.7,5.1,Approved,0.1904,0
L304036,C104036,Vehicle Loan,1294533.3,36,23800,578,880.53,12.8,Approved,0.2092,0
L307247,C107247,Home Loan,5209463.6,180,64000,652,13692.17,22.9,Approved,0.1396,0
L309016,C109016,Home Loan,4906712.8,24,49800,831,9957.77,5.5,Pending,0.0877,0
L307477,C107477,Vehicle Loan,633317.22,60,20500,841,766.96,13.4,Approved,0.0441,0
L300771,C100771,Business Loan,2684273.14,84,26000,687,3944.78,16.5,Pending,0.1623,0
L306194,C106194,Personal Loan,588965.62,84,91300,622,5167.71,8.1,Approved,0.1913,1
L306057,C106057,Personal Loan,775602.18,84,46200,734,17902.16,9.8,Pending,0.1664,0
L301830,C101830,Home Loan,7635245.59,60,85000,729,8059.28,10.0,Approved,0.084,0
L305087,C105087,Home Loan,3047957.4,24,44500,613,9754.68,2.0,Pending,0.3676,0
L301443,C101443,Vehicle Loan,152742.35,84,72600,750,17906.04,12.8,Approved,0.1329,0
L307576,C107576,Vehicle Loan,1252907.24,36,68200,701,4145.73,20.1,Approved,0.0777,1
L304456,C104456,Home Loan,1399382.27,120,63400,801,8135.42,10.2,Pending,0.0754,0
L300879,C100879,Personal Loan,277507.45,84,40600,878,6924.05,19.4,Pending,0.0484,0
L302507,C102507,Personal Loan,555979.51,84,51800,782,7577.73,20.5,Approved,0.062,0
L305188,C105188,Personal Loan,151053.05,24,28400,710,7577.56,22.2,Approved,0.1162,0
L309978,C109978,Personal Loan,684202.04,60,12800,584,706.84,9.5,Approved,0.1256,0
L309527,C109527,Business Loan,4494132.49,36,14400,841,5077.92,4.6,Approved,0.2346,0
L305996,C105996,Education Loan,528277.12,60,79900,560,20038.24,31.4,Pending,0.2643,0
L303663,C103663,Personal Loan,633441.17,180,20400,725,263.19,20.4,Approved,0.081,0
L305477,C105477,Education Loan,1399111.78,60,61900,688,24334.44,22.0,Pending,0.1427,0
L301221,C101221,Education Loan,561336.65,120,40900,588,6674.91,20.6,Pending,0.2241,1
L304229,C104229,Education Loan,1785244.47,180,55600,646,19002.42,0.0,Approved,0.314,1
L307925,C107925,Vehicle Loan,110688.66,36,51000,616,4870.75,6.4,Approved,0.1648,0
L307733,C107733,Personal Loan,680016.1,60,20100,754,3102.15,19.7,Pending,0.0677,0
L308895,C108895,Vehicle Loan,847616.39,120,42400,707,14952.48,16.9,Approved,0.1409,0
L309711,C109711,Education Loan,1068410.01,12,54300,805,2779.32,21.5,Approved,0.0451,0
L304260,C104260,Vehicle Loan,1146561.42,60,22200,711,4855.41,4.5,Pending,0.2059,0
L304558,C104558,Home Loan,7853482.21,120,92100,643,0.0,16.1,Pending,0.0969,1
L307557,C107557,Home Loan,5769935.83,12,29000,787,1188.29,10.3,Approved,0.2926,0
L300439,C100439,Business Loan,1786198.59,36,31000,680,7738.37,7.3,Pending,0.1713,0
L301188,C101188,Home Loan,5328460.4,60,77200,771,5288.41,7.0,Approved,0.0997,0
L309769,C109769,Education Loan,263244.9,24,110000,758,1905.46,27.8,Approved,0.0315,1
L303810,C103810,Education Loan,258596.1,84,45300,656,4135.72,2.8,Pending,0.1613,1
L302366,C102366,Home Loan,7722393.76,84,63200,766,5856.63,12.6,Approved,0.0636,0
L301572,C101572,Education Loan,1225050.15,24,43900,701,10966.41,9.0,Pending,0.1293,0
L301882,C101882,Home Loan,5671643.13,12,106000,805,4816.7,6.0,Approved,0.1099,0
L301850,C101850,Business Loan,4654944.49,36,22600,754,6402.93,2.4,Pending,0.2216,0
L306388,C106388,Business Loan,1771897.49,120,26500,668,4794.42,5.7,Approved,0.1479,1
L302591,C102591,Personal Loan,72813.57,84,15400,688,236.86,14.3,Approved,0.0798,1
L303903,C103903,Education Loan,1533032.22,120,82000,584,10315.13,0.0,Approved,0.2536,0
L306328,C106328,Education Loan,1642341.52,120,54500,681,11337.52,2.7,Pending,0.1301,1
L305091,C105091,Business Loan,1997905.83,12,51800,732,6997.03,10.9,Pending,0.1085,0
L303138,C103138,Education Loan,1775941.04,12,56000,729,13606.03,11.9,Pending,0.1371,0
L308386,C108386,Home Loan,1013857.01,84,40100,846,14507.82,16.1,Approved,0.0553,0
L302569,C102569,Business Loan,4450553.79,84,61200,525,14600.27,17.9,Approved,0.2695,0
L301293,C101293,Vehicle Loan,470660.49,12,20000,786,3272.37,0.0,Pending,0.105,0
L305105,C105105,Vehicle Loan,942959.55,84,56100,672,12697.16,6.2,Approved,0.2496,0
L305253,C105253,Education Loan,1630424.0,12,75900,705,1360.31,8.1,Pending,0.1015,0
L305189,C105189,Home Loan,1780243.81,180,60700,756,0.0,10.3,Approved,0.0539,0
L306154,C106154,Business Loan,2340152.13,84,43300,835,164.33,0.0,Approved,0.0387,0
L301871,C101871,Business Loan,4024881.04,120,68300,682,6045.31,3.3,Approved,0.1865,0
L307068,C107068,Business Loan,2253524.06,84,80900,649,7300.88,8.5,Approved,0.141,0
L301679,C101679,Business Loan,637610.04,24,68600,763,10743.1,8.2,Approved,0.0999,0
L305025,C105025,Home Loan,4976363.02,12,92600,874,7537.23,2.0,Approved,0.0726,1
L305084,C105084,Vehicle Loan,335598.18,36,124500,860,17196.2,15.7,Pending,0.0511,0
L301785,C101785,Personal Loan,236179.26,60,65700,727,14886.82,4.2,Approved,0.1572,0
L308926,C108926,Vehicle Loan,1288929.03,84,85800,732,12252.17,2.2,Approved,0.1314,0
L305337,C105337,Vehicle Loan,126716.07,60,21200,762,4345.1,11.1,Pending,0.0801,0
L309393,C109393,Education Loan,1660239.66,84,14100,666,3295.39,7.6,Approved,0.1727,0
L306780,C106780,Education Loan,1654419.89,12,67000,567,16669.77,21.5,Approved,0.2727,0
L309231,C109231,Business Loan,2374077.0,84,64600,819,18874.01,6.6,Pending,0.0804,0
L303636,C103636,Vehicle Loan,1289342.27,84,66900,637,3260.46,15.6,Pending,0.098,0
L301452,C101452,Home Loan,1624857.36,24,20100,698,4463.09,0.6,Pending,0.1753,0
L300488,C100488,Vehicle Loan,213918.65,24,63700,763,3018.07,8.3,Pending,0.0866,0
L306024,C106024,Personal Loan,187757.01,24,40800,582,11276.8,13.5,Approved,0.2782,1
L307652,C107652,Personal Loan,486766.7,36,68300,664,0.0,6.1,Approved,0.1186,1
L309335,C109335,Vehicle Loan,1203153.74,180,49900,707,10362.8,4.4,Approved,0.1481,1
L307688,C107688,Home Loan,2336088.71,84,92800,757,31710.01,0.3,Approved,0.1507,0
L306827,C106827,Education Loan,1911107.94,180,40000,645,0.0,0.6,Approved,0.1215,0
L303892,C103892,Education Loan,265109.49,60,59100,587,3719.3,16.0,Approved,0.2087,0
L303055,C103055,Business Loan,1561526.26,180,43800,642,131.37,18.8,Approved,0.0654,0
L307278,C107278,Vehicle Loan,169084.35,12,98200,680,33524.65,19.7,Approved,0.2057,0
L302911,C102911,Business Loan,1145990.92,60,73300,888,21253.51,2.3,Approved,0.0582,0
L305912,C105912,Business Loan,3606947.31,84,46300,768,1488.23,11.9,Approved,0.0424,0
L303834,C103834,Vehicle Loan,434495.2,180,42000,775,4532.49,4.2,Approved,0.0742,0
L309575,C109575,Education Loan,563480.76,120,97000,614,14740.97,24.5,Pending,0.1255,0
L300681,C100681,Education Loan,915784.22,36,54700,840,0.0,2.6,Pending,0.0412,0
L301485,C101485,Home Loan,6634417.05,180,21300,785,1059.94,14.6,Approved,0.0658,0
L309229,C109229,Personal Loan,793440.31,36,60600,739,13420.28,8.6,Approved,0.0842,0
L301715,C101715,Education Loan,1607771.89,12,48600,616,7031.75,26.9,Approved,0.0962,0
L309257,C109257,Personal Loan,200644.02,60,48400,777,3456.1,3.7,Pending,0.0625,0
L309492,C109492,Personal Loan,743716.4,120,18100,648,605.28,10.0,Approved,0.1063,1
L305075,C105075,Vehicle Loan,576406.64,12,129700,617,0.0,13.2,Approved,0.1461,0
L307060,C107060,Business Loan,1006130.64,24,40900,725,2871.55,6.7,Pending,0.1847,1
L305667,C105667,Education Loan,327663.36,24,55600,696,11213.65,16.2,Approved,0.1229,1
L300675,C100675,Vehicle Loan,844245.67,24,21000,769,1835.28,20.7,Approved,0.0624,0
L302624,C102624,Education Loan,1882671.34,84,67300,608,10840.81,25.5,Approved,0.1205,0
L309084,C109084,Business Loan,731122.5,36,85500,607,13208.31,7.0,Approved,0.2133,0
L307078,C107078,Business Loan,4341863.08,24,61300,653,12977.57,8.0,Approved,0.2926,1
L300848,C100848,Education Loan,1573774.2,84,29300,820,487.79,14.9,Approved,0.0375,0
L309675,C109675,Personal Loan,602360.32,84,49700,838,7576.94,0.0,Pending,0.0759,0
L308803,C108803,Home Loan,3999134.48,24,88400,618,15310.22,17.1,Approved,0.2215,0
L306801,C106801,Vehicle Loan,654694.69,12,67900,690,1704.97,2.0,Approved,0.1272,0
L303588,C103588,Home Loan,3857309.2,12,74500,606,163.29,23.1,Approved,0.1072,0
L307470,C107470,Education Loan,1874230.95,36,94200,659,29636.41,14.6,Approved,0.2394,0
L303314,C103314,Vehicle Loan,720095.68,24,103500,654,25679.07,3.6,Pending,0.2736,0
L300231,C100231,Business Loan,3075346.73,180,17300,709,2024.5,7.5,Approved,0.1202,0
L305452,C105452,Vehicle Loan,1139897.71,36,84700,722,16749.1,30.3,Approved,0.0507,0
L300223,C100223,Personal Loan,633783.59,180,58800,884,14679.64,6.9,Pending,0.068,0
L305359,C105359,Personal Loan,279563.79,180,111000,727,16532.61,6.3,Approved,0.1152,0
L303288,C103288,Personal Loan,306188.12,24,39500,683,832.02,3.0,Pending,0.1141,0
L300601,C100601,Personal Loan,352095.73,180,93900,608,22842.22,24.3,Pending,0.1567,1
L304914,C104914,Personal Loan,144460.12,12,84600,627,26483.88,25.6,Pending,0.1549,0
L308459,C108459,Personal Loan,406346.94,12,56400,769,10064.81,5.3,Approved,0.076,0
L302337,C102337,Education Loan,963657.69,60,80200,740,5311.31,22.3,Approved,0.0628,0
L306161,C106161,Business Loan,4748618.02,36,64500,749,17932.52,6.4,Approved,0.148,0
L307494,C107494,Education Loan,923374.88,24,23100,781,2348.17,11.0,Approved,0.1388,0
L306432,C106432,Home Loan,1486229.45,84,114300,695,29230.48,9.5,Approved,0.1013,0
L301986,C101986,Education Loan,768995.42,120,67200,658,4589.26,14.5,Pending,0.0936,0
L302113,C102113,Vehicle Loan,735976.82,60,79600,671,18152.45,29.6,Approved,0.0738,0
L305621,C105621,Education Loan,1258293.99,36,69500,794,9006.11,0.4,Approved,0.0937,1
L300936,C100936,Personal Loan,541178.69,36,94900,700,15169.95,3.5,Approved,0.1016,0
L302346,C102346,Education Loan,1746823.39,36,64700,705,17638.02,5.5,Approved,0.2536,1
L302693,C102693,Home Loan,1870910.18,120,76000,695,16338.67,7.8,Approved,0.1498,1
L301269,C101269,Business Loan,2491496.7,24,77600,631,11037.43,0.7,Approved,0.1554,0
L302385,C102385,Home Loan,5000430.69,24,45000,604,7482.02,22.5,Approved,0.1907,1
L308091,C108091,Vehicle Loan,380317.92,60,32500,684,3319.78,7.0,Approved,0.1036,0
L307562,C107562,Business Loan,2385612.18,12,58100,631,8418.22,4.9,Approved,0.2593,0
L305930,C105930,Personal Loan,678075.72,60,57000,776,8705.52,23.0,Approved,0.0405,0
L303439,C103439,Business Loan,1924324.79,60,116000,652,47241.59,17.3,Pending,0.2245,1
L308699,C108699,Home Loan,7501723.98,120,71500,608,20915.13,11.6,Pending,0.2976,0
L304149,C104149,Home Loan,1559793.33,60,68900,657,14106.47,8.6,Pending,0.1373,0
L308089,C108089,Education Loan,860845.87,24,68800,641,5119.72,6.6,Approved,0.1317,0
L303504,C103504,Personal Loan,79704.79,36,105500,648,21685.63,0.0,Approved,0.1993,0
L305924,C105924,Vehicle Loan,1161229.91,36,66500,886,1441.05,15.9,Approved,0.0264,0
L303004,C103004,Business Loan,1079114.01,36,57400,771,23602.54,13.6,Approved,0.1956,0
L309759,C109759,Personal Loan,113757.33,180,86500,598,23099.81,3.5,Pending,0.2913,0
L300557,C100557,Home Loan,5220146.67,180,71700,731,10976.41,19.5,Approved,0.0893,0
L303345,C103345,Vehicle Loan,1073542.44,120,84500,771,14763.86,19.9,Approved,0.0486,1
L309003,C109003,Education Loan,380977.95,84,69300,761,8612.25,5.4,Approved,0.092,0
L302753,C102753,Business Loan,1643074.93,84,47200,608,7803.54,24.0,Pending,0.1656,0
L306160,C106160,Personal Loan,136002.14,24,39800,603,0.0,6.6,Approved,0.1289,0
L304781,C104781,Business Loan,4011125.82,60,90300,740,22280.63,17.8,Approved,0.1669,0
L305553,C105553,Education Loan,151003.45,84,77400,834,4146.22,21.8,Approved,0.025,0
L300196,C100196,Education Loan,1652816.53,180,97100,596,16286.79,7.8,Pending,0.2505,0
L300596,C100596,Home Loan,1945094.08,12,19200,697,3687.16,12.2,Approved,0.2084,0
L309607,C109607,Education Loan,976572.09,120,82900,780,2999.98,16.4,Approved,0.0354,0
L302258,C102258,Personal Loan,340688.99,60,85000,712,15131.4,0.0,Pending,0.1347,0
L300200,C100200,Home Loan,2685232.19,60,43200,699,12234.76,3.6,Approved,0.1644,0
L302690,C102690,Personal Loan,562040.26,84,59000,553,10348.8,9.4,Approved,0.1975,0
L307693,C107693,Vehicle Loan,1384152.14,84,53800,751,11046.73,7.8,Approved,0.1667,0
L306635,C106635,Vehicle Loan,370282.32,12,19500,743,2904.11,3.3,Pending,0.1788,0
L307920,C107920,Home Loan,1242163.83,180,69600,760,15935.45,5.8,Pending,0.0983,0
L309085,C109085,Education Loan,704173.13,180,91300,640,17992.71,25.7,Pending,0.1916,0
L301461,C101461,Home Loan,5487895.74,24,94300,697,20716.06,10.3,Approved,0.1444,0
L306740,C106740,Education Loan,494211.25,84,56300,723,7859.86,0.0,Pending,0.128,0
L305269,C105269,Personal Loan,71284.22,180,117400,557,33322.74,18.7,Approved,0.2608,1
L304091,C104091,Vehicle Loan,891314.83,24,85800,756,11180.37,0.5,Approved,0.1001,0
L305768,C105768,Home Loan,3058548.94,12,24800,694,3320.11,9.5,Approved,0.2885,1
L305532,C105532,Personal Loan,676637.83,24,74700,633,11660.99,14.9,Approved,0.1172,0
L301077,C101077,Education Loan,1039594.52,84,81300,670,1245.7,6.2,Approved,0.105,0
L302968,C102968,Vehicle Loan,649860.35,24,31300,652,0.0,23.4,Approved,0.1374,0
L302513,C102513,Home Loan,3039591.15,36,121300,772,14616.67,21.1,Pending,0.0671,0
L303233,C103233,Education Loan,299610.17,24,52600,623,3033.19,0.0,Pending,0.211,0
L306439,C106439,Personal Loan,486372.85,120,46900,785,741.58,11.4,Pending,0.0463,0
L300302,C100302,Business Loan,1063043.02,120,55100,738,6903.67,0.0,Pending,0.151,0
L305307,C105307,Home Loan,6895156.75,12,37400,568,4290.59,13.4,Approved,0.467,1
L308419,C108419,Personal Loan,795687.78,24,107900,755,14167.88,6.3,Approved,0.1043,0
L308343,C108343,Business Loan,2168264.24,60,65800,766,13365.71,12.0,Pending,0.1098,0
L307965,C107965,Education Loan,479627.85,60,127000,792,38834.18,16.7,Pending,0.1015,0
L300624,C100624,Home Loan,2716461.43,12,65900,757,6940.38,6.5,Approved,0.1607,1
L309661,C109661,Business Loan,2945135.74,84,97200,630,35645.4,15.8,Approved,0.2103,0
L303105,C103105,Vehicle Loan,1228152.72,60,103700,686,0.0,3.8,Pending,0.13,0
L307749,C107749,Vehicle Loan,456717.92,24,87100,775,18690.72,18.9,Approved,0.0782,0
L304171,C104171,Vehicle Loan,899805.15,24,88900,746,3739.47,6.3,Approved,0.0552,0
L306673,C106673,Business Loan,2217298.8,12,65000,732,10833.4,13.3,Approved,0.1068,1
L302687,C102687,Education Loan,260750.57,24,112800,636,23210.91,7.1,Approved,0.1279,0
L300784,C100784,Vehicle Loan,960100.22,24,71000,755,11710.84,8.8,Pending,0.0938,0
L304247,C104247,Business Loan,1515059.85,36,72300,792,17266.87,3.7,Approved,0.0821,0
L308388,C108388,Personal Loan,778038.4,120,75200,673,9934.16,34.7,Approved,0.062,0
L307932,C107932,Personal Loan,705418.68,180,68500,818,3753.43,13.6,Approved,0.0606,0
L302175,C102175,Education Loan,993482.16,180,83000,553,10676.16,8.8,Pending,0.298,0
L301827,C101827,Home Loan,7612589.19,36,22500,636,2436.88,17.2,Pending,0.2778,0
L302160,C102160,Business Loan,3815142.77,180,83300,738,18912.32,11.0,Pending,0.1061,0
L304386,C104386,Home Loan,1597829.9,180,13700,576,787.98,9.2,Approved,0.1502,0
L305899,C105899,Home Loan,3033643.23,36,70400,730,23880.36,9.2,Approved,0.1914,0
L306893,C106893,Personal Loan,338001.62,60,33300,737,3756.98,25.3,Pending,0.0448,0
L303704,C103704,Home Loan,4165596.8,24,103100,626,39431.58,27.0,Approved,0.2619,1
L306101,C106101,Vehicle Loan,1015585.58,12,66500,643,10599.66,9.2,Approved,0.1699,1
L305461,C105461,Business Loan,4396089.37,84,69800,548,14598.52,0.0,Pending,0.4042,0
L300218,C100218,Personal Loan,330377.64,60,82700,620,24426.11,11.8,Approved,0.1614,0
L302406,C102406,Vehicle Loan,914585.75,120,32900,788,1145.9,14.3,Approved,0.0462,0
L305760,C105760,Personal Loan,544247.08,120,55000,684,8725.42,3.4,Approved,0.1579,0
L303433,C103433,Education Loan,708699.01,84,90700,592,17458.5,9.2,Approved,0.2154,1
L305467,C105467,Vehicle Loan,981335.11,24,70500,600,18733.76,9.0,Approved,0.36,1
L309523,C109523,Education Loan,1508972.8,180,52500,704,11567.13,11.0,Approved,0.1554,0
L309017,C109017,Vehicle Loan,852674.59,120,69000,772,865.79,22.9,Approved,0.046,1
L309232,C109232,Business Loan,3004119.28,24,40000,552,5983.63,20.7,Approved,0.252,0
L309753,C109753,Personal Loan,325951.16,120,9700,581,1046.17,5.4,Approved,0.2628,0
L302161,C102161,Vehicle Loan,115168.31,24,84000,474,1385.38,3.5,Pending,0.3162,0
L306569,C106569,Personal Loan,726073.12,24,64800,781,12163.04,6.6,Approved,0.1068,0
L302989,C102989,Personal Loan,194808.28,120,17900,804,4975.92,11.4,Approved,0.0863,0
L305200,C105200,Business Loan,833882.64,60,114900,678,33186.21,14.3,Pending,0.2445,0
L300684,C100684,Vehicle Loan,639709.74,180,90500,716,21460.51,3.9,Approved,0.163,0
L306904,C106904,Personal Loan,667128.72,60,76100,667,9979.34,17.8,Approved,0.1422,0
L307639,C107639,Home Loan,7314192.14,12,61100,655,5615.54,29.2,Pending,0.1954,1
L306547,C106547,Personal Loan,407920.85,12,65700,801,8632.36,27.1,Approved,0.04,0
L302714,C102714,Vehicle Loan,546116.91,12,81400,762,6105.5,14.5,Approved,0.0567,0
L309969,C109969,Education Loan,767028.86,12,16900,708,2199.03,3.2,Approved,0.179,0
L309548,C109548,Home Loan,4801307.5,24,33200,750,1846.94,19.3,Approved,0.0706,0
L308969,C108969,Business Loan,3983278.29,84,64300,688,15085.56,14.1,Approved,0.1457,0
L304418,C104418,Education Loan,1387359.96,60,106800,714,13815.0,23.2,Approved,0.0464,0
L302965,C102965,Education Loan,1426110.75,36,57600,628,0.0,14.0,Pending,0.1078,0
L305934,C105934,Education Loan,1901532.69,120,65100,545,5001.69,15.3,Pending,0.1236,0
L303831,C103831,Vehicle Loan,120524.02,120,46200,687,997.14,7.1,Pending,0.1111,0
L308451,C108451,Vehicle Loan,1113655.81,12,79800,688,5677.13,20.5,Approved,0.0669,0
L303723,C103723,Vehicle Loan,786087.71,12,49500,807,11686.14,9.9,Approved,0.1049,0
L301573,C101573,Education Loan,285245.91,84,118900,752,21642.93,23.4,Approved,0.0619,0
L306897,C106897,Home Loan,4998516.5,120,44300,755,6905.18,7.5,Approved,0.0858,0
L302088,C102088,Personal Loan,563327.94,180,41900,659,0.0,5.2,Approved,0.1316,0
L305353,C105353,Business Loan,4888424.44,180,113000,795,9880.9,13.6,Approved,0.0769,0
L303174,C103174,Personal Loan,288335.75,84,101200,833,19149.79,15.7,Approved,0.0794,0
L307831,C107831,Vehicle Loan,1194792.91,24,82500,669,0.0,7.4,Pending,0.1212,1
L307842,C107842,Education Loan,1515050.67,120,27700,600,7057.66,17.9,Pending,0.1942,0
L301979,C101979,Vehicle Loan,295907.04,12,150700,578,15254.44,17.6,Pending,0.2032,0
L303629,C103629,Education Loan,1311524.44,24,20500,674,807.23,28.3,Approved,0.0807,0
L309121,C109121,Vehicle Loan,696729.22,12,64400,648,21533.05,27.2,Approved,0.2231,0
L304341,C104341,Education Loan,1909787.95,180,61500,757,5052.4,15.6,Approved,0.0601,0
L308028,C108028,Business Loan,3313782.51,60,47600,742,8040.47,5.8,Approved,0.1546,0
L307307,C107307,Home Loan,1034172.96,36,72000,770,6548.15,2.3,Pending,0.1076,0
L308242,C108242,Home Loan,3032649.27,120,47200,609,9714.12,19.3,Pending,0.1454,0
L303984,C103984,Education Loan,1739092.37,12,92400,900,26070.48,9.4,Pending,0.0846,0
L305885,C105885,Business Loan,1496858.89,12,75100,727,3965.97,25.5,Approved,0.039,0
L306396,C106396,Education Loan,857024.79,60,48000,789,10743.44,12.4,Approved,0.0733,0
L308943,C108943,Personal Loan,714480.66,12,102000,611,32681.04,6.7,Pending,0.27,0
L307662,C107662,Personal Loan,297554.0,36,45000,657,9383.82,13.1,Approved,0.1744,0
L301779,C101779,Home Loan,3242611.76,60,78400,779,642.52,20.6,Approved,0.0398,0
L309216,C109216,Business Loan,4560907.21,24,21400,716,1445.56,20.2,Pending,0.182,1
L306724,C106724,Business Loan,823906.18,84,31900,778,2605.73,10.0,Pending,0.0677,0
L306807,C106807,Home Loan,1260706.41,120,51700,794,7437.41,15.6,Approved,0.0714,0
L301483,C101483,Business Loan,2291625.39,36,104400,772,8863.62,1.1,Approved,0.1152,0
L309639,C109639,Business Loan,838262.02,60,15700,692,572.91,8.3,Approved,0.0852,0
L302079,C102079,Education Loan,262539.95,12,52500,624,2929.03,4.1,Pending,0.1969,0
L301950,C101950,Personal Loan,161467.86,36,83700,787,21014.31,11.2,Pending,0.0693,0
L304348,C104348,Vehicle Loan,155746.71,60,82300,636,16732.37,7.4,Approved,0.1826,0
L302484,C102484,Home Loan,7404253.29,12,57900,643,3745.21,3.8,Approved,0.3317,1
L300626,C100626,Business Loan,4766646.71,12,88600,750,23176.51,8.2,Pending,0.1674,0
L307671,C107671,Education Loan,819540.49,36,14800,616,4381.81,13.1,Approved,0.2345,0
L302712,C102712,Vehicle Loan,362502.03,120,62100,728,10335.74,32.5,Approved,0.0373,0
L306045,C106045,Home Loan,4656945.35,24,35500,705,7896.95,12.8,Approved,0.1875,0
L306018,C106018,Business Loan,4095823.15,12,84800,712,3408.97,15.1,Pending,0.1106,0
L307108,C107108,Vehicle Loan,193018.85,36,35500,572,6649.29,4.7,Approved,0.3321,0
L309629,C109629,Home Loan,7815293.33,84,70800,815,14916.47,14.0,Approved,0.0972,0
L306391,C106391,Vehicle Loan,1030521.04,84,27300,660,3583.72,9.8,Approved,0.1611,0
L306204,C106204,Education Loan,1605346.44,12,71900,845,0.0,1.8,Pending,0.064,0
L303483,C103483,Business Loan,1255130.04,84,112100,594,12453.0,3.2,Approved,0.1574,0
L308387,C108387,Business Loan,2869142.69,180,72800,795,2511.06,20.0,Approved,0.0343,1
L300311,C100311,Vehicle Loan,1451726.02,60,80400,728,16674.87,10.6,Pending,0.1183,0
L300252,C100252,Business Loan,2734508.69,24,60700,713,10689.16,4.6,Approved,0.2412,1
L307844,C107844,Home Loan,1805114.38,24,61500,720,6045.78,5.4,Pending,0.061,0
L303224,C103224,Business Loan,3192234.62,120,102600,751,14521.26,14.3,Approved,0.1144,0
L308634,C108634,Personal Loan,418841.43,12,48800,855,0.0,30.9,Approved,0.0133,0
L304817,C104817,Vehicle Loan,925027.32,180,75300,675,4420.35,11.9,Pending,0.0717,0
L305304,C105304,Personal Loan,387166.12,36,11200,746,966.84,3.4,Approved,0.0747,0
L303435,C103435,Vehicle Loan,831749.57,12,60200,638,6383.83,6.7,Approved,0.1081,0
L303482,C103482,Personal Loan,301703.8,180,61500,598,8270.15,14.0,Pending,0.2494,1
L308827,C108827,Home Loan,2440490.72,180,144200,656,22127.09,4.3,Pending,0.1673,0
L305441,C105441,Personal Loan,80469.06,12,27800,822,3257.18,15.3,Approved,0.0445,0
L300908,C100908,Education Loan,1891230.0,84,85700,759,17128.69,12.8,Approved,0.0809,0
L308096,C108096,Personal Loan,177732.22,24,59400,836,24106.81,6.9,Pending,0.0936,0
L300457,C100457,Education Loan,1900730.3,60,75100,804,3499.27,12.4,Approved,0.0471,0
L303280,C103280,Education Loan,997426.32,12,47800,673,1322.56,0.9,Pending,0.1032,0
L306056,C106056,Business Loan,1198961.0,60,63200,719,11763.57,0.0,Approved,0.1724,0
L300104,C100104,Business Loan,4696455.65,84,39400,716,3191.6,8.6,Pending,0.1161,0
L302602,C102602,Business Loan,3786452.83,180,74100,732,6058.63,27.6,Approved,0.0481,0
L304476,C104476,Education Loan,1179022.1,120,73700,720,10633.43,24.9,Approved,0.0694,0
L309873,C109873,Home Loan,7217068.26,24,97000,581,0.0,6.1,Pending,0.2296,0
L307299,C107299,Education Loan,1360495.22,180,68100,840,15955.62,28.8,Approved,0.0338,0
L306223,C106223,Education Loan,618338.09,60,51100,798,11942.09,4.9,Approved,0.1051,0
L300938,C100938,Education Loan,1451087.02,180,137100,739,13644.2,4.3,Approved,0.0803,0
L300585,C100585,Business Loan,3637851.91,180,39200,656,749.72,14.9,Approved,0.1193,1
L304725,C104725,Business Loan,4632244.08,120,49000,469,1779.36,16.5,Approved,0.2594,0
L305488,C105488,Vehicle Loan,128695.23,120,74100,595,15535.19,24.4,Approved,0.1583,0
L307440,C107440,Home Loan,2410104.26,60,29200,530,1056.14,5.0,Pending,0.3197,0
L302754,C102754,Home Loan,3165511.68,60,85000,815,27678.56,17.3,Approved,0.1,0
L301137,C101137,Home Loan,6235439.89,12,44400,620,7697.39,6.5,Pending,0.4435,0
L300250,C100250,Business Loan,3272514.56,60,71500,710,12163.28,5.8,Approved,0.1849,0
L302781,C102781,Education Loan,330707.15,36,47800,663,6874.15,33.0,Approved,0.0487,0
L306903,C106903,Vehicle Loan,1043865.58,84,83300,696,13857.88,11.5,Approved,0.1376,0
L304585,C104585,Vehicle Loan,1305577.95,24,15600,828,2915.94,22.8,Pending,0.0821,0
L301202,C101202,Education Loan,1085975.25,84,117700,752,16265.31,23.3,Pending,0.0856,0
L303965,C103965,Business Loan,3475401.94,36,84700,637,18838.69,20.6,Pending,0.2312,0
L301726,C101726,Home Loan,1351438.45,12,70900,736,11526.1,9.6,Approved,0.0995,0
L303272,C103272,Home Loan,6379232.39,180,53000,624,10326.42,12.9,Approved,0.2119,0
L303979,C103979,Business Loan,3677282.32,120,50200,682,5827.77,3.8,Pending,0.1631,0
L307650,C107650,Business Loan,478487.62,12,76100,625,21146.42,11.0,Pending,0.277,0
L304649,C104649,Business Loan,4854143.79,36,89200,701,5908.61,5.5,Approved,0.1006,0
L302715,C102715,Home Loan,3613746.93,60,43700,706,0.0,14.3,Approved,0.0709,0
L308679,C108679,Personal Loan,170307.05,60,88800,693,16812.48,17.8,Approved,0.1177,0
L308326,C108326,Education Loan,1873517.55,84,17800,636,5998.5,10.2,Approved,0.2046,0
L309240,C109240,Business Loan,3785474.51,180,39500,682,4531.11,7.1,Approved,0.1293,0
L304756,C104756,Education Loan,1592057.16,120,51000,656,11108.17,14.8,Approved,0.1357,0
L306445,C106445,Business Loan,2510295.17,180,70100,563,8077.29,27.3,Approved,0.1227,0
L306393,C106393,Education Loan,114317.2,24,53900,674,17308.63,18.6,Approved,0.1259,0
L304364,C104364,Personal Loan,779600.16,12,51200,899,5486.89,19.9,Pending,0.0275,0
L302199,C102199,Vehicle Loan,143265.55,36,151700,708,15363.67,4.7,Approved,0.1296,0
L303123,C103123,Business Loan,3605289.87,36,70200,809,11178.84,5.6,Pending,0.084,0
L300085,C100085,Vehicle Loan,168204.25,60,66900,803,12060.11,25.3,Pending,0.0451,0
L302576,C102576,Business Loan,3441017.03,12,10500,585,3463.03,3.3,Rejected,0.8738,1
L305152,C105152,Personal Loan,295732.15,120,50900,529,12161.02,7.1,Approved,0.3885,0
L306201,C106201,Education Loan,1094705.81,36,105400,756,18704.35,32.2,Approved,0.0317,0
L301966,C101966,Business Loan,2108689.47,36,66400,623,0.0,14.0,Approved,0.135,0
L306657,C106657,Business Loan,1110750.23,36,106500,753,20631.94,17.5,Approved,0.0704,0
L305235,C105235,Education Loan,130723.8,24,51000,747,4210.58,30.3,Approved,0.0466,0
L308450,C108450,Personal Loan,94192.51,12,93400,735,10623.29,9.6,Approved,0.0879,0
L303071,C103071,Personal Loan,747104.52,180,113000,685,3322.5,18.8,Pending,0.0688,0
L300183,C100183,Education Loan,717215.76,84,90000,673,12194.4,12.3,Approved,0.1267,1
L309185,C109185,Personal Loan,739240.3,12,85500,815,11402.01,18.2,Pending,0.0215,0
L307999,C107999,Education Loan,750906.58,24,56500,738,7908.24,2.6,Approved,0.1323,0
L307009,C107009,Education Loan,1688255.4,36,59300,699,13200.01,24.7,Pending,0.1018,1
L300972,C100972,Personal Loan,113324.05,24,106200,606,31660.16,9.5,Pending,0.2342,0
L304029,C104029,Home Loan,7814407.99,24,68400,766,13406.45,10.0,Approved,0.1409,0
L303226,C103226,Home Loan,7594677.47,180,121400,712,19843.3,14.5,Approved,0.0615,0
L300318,C100318,Education Loan,228173.1,60,51500,598,4082.81,27.8,Approved,0.1611,0
L300531,C100531,Vehicle Loan,1145387.88,12,20900,679,3924.18,5.4,Approved,0.2898,0
L305849,C105849,Vehicle Loan,1184299.39,36,95200,691,22770.64,1.5,Approved,0.1581,0
L306431,C106431,Business Loan,4037108.38,84,97600,654,17039.68,7.2,Approved,0.1852,0
L307150,C107150,Home Loan,6976710.53,12,101500,656,2436.08,18.7,Approved,0.169,0
L300896,C100896,Education Loan,1558175.91,36,70600,847,11427.98,5.8,Pending,0.057,0
L309583,C109583,Vehicle Loan,268557.45,24,93700,587,21924.56,0.0,Pending,0.2397,0
L300639,C100639,Education Loan,1919354.62,84,96900,681,10541.32,33.4,Approved,0.1027,0
L302510,C102510,Business Loan,1525499.01,24,121900,702,10863.72,7.0,Pending,0.1536,0
L302000,C102000,Business Loan,1112474.64,60,86100,725,16267.23,12.3,Pending,0.1486,1
L301469,C101469,Vehicle Loan,581460.61,180,15800,783,3154.77,0.7,Approved,0.1131,0
L303294,C103294,Education Loan,1471971.81,24,56300,715,5126.7,5.9,Pending,0.1194,0
L304326,C104326,Personal Loan,65693.11,12,100800,762,14776.1,11.6,Approved,0.051,0
L300440,C100440,Personal Loan,646628.82,180,60100,608,6617.07,11.5,Approved,0.1628,0
L303594,C103594,Personal Loan,388322.05,180,59700,818,10778.74,4.4,Approved,0.1108,0
L303744,C103744,Education Loan,932988.31,60,84400,776,9494.08,4.9,Approved,0.1065,0
L306175,C106175,Home Loan,5239584.52,36,52700,737,5618.81,15.1,Approved,0.1037,0
L301509,C101509,Education Loan,505521.15,36,71600,607,16410.9,18.1,Pending,0.1581,1
L302618,C102618,Personal Loan,570810.31,84,93000,713,9353.49,23.9,Approved,0.0539,0
L308007,C108007,Home Loan,5376729.25,120,91800,641,24681.99,6.2,Approved,0.2029,0
L309936,C109936,Vehicle Loan,1076569.04,36,36800,553,440.29,17.5,Pending,0.169,0
L307734,C107734,Education Loan,929592.17,84,48100,784,3774.36,0.0,Approved,0.0866,0
L303908,C103908,Vehicle Loan,952125.66,60,37500,591,5100.64,4.9,Approved,0.3611,0
L306688,C106688,Personal Loan,392453.52,120,78300,697,28049.38,26.7,Pending,0.1178,0
L300460,C100460,Business Loan,1724108.77,12,109800,703,9772.54,15.7,Pending,0.1332,0
L306526,C106526,Home Loan,7047007.34,12,31500,559,620.79,0.0,Rejected,0.6435,0
L307797,C107797,Business Loan,3509774.22,84,54900,624,9112.34,4.2,Approved,0.2697,0
L309168,C109168,Vehicle Loan,1393628.5,84,66500,783,16758.37,9.2,Approved,0.0771,0
L309988,C109988,Vehicle Loan,503719.74,12,83100,779,11157.79,16.2,Approved,0.0666,0
L308432,C108432,Home Loan,4312455.0,12,68500,724,21343.3,2.7,Approved,0.2055,0
L308369,C108369,Vehicle Loan,1274474.26,84,87100,712,1088.45,28.5,Approved,0.0438,1
L305147,C105147,Business Loan,1187652.23,60,93000,580,34770.8,7.8,Pending,0.3365,0
L309176,C109176,Vehicle Loan,1251760.56,180,70800,729,14335.81,1.2,Approved,0.1103,0
L308723,C108723,Home Loan,2627479.9,24,64800,668,9314.66,16.7,Approved,0.0998,0
L300248,C100248,Home Loan,5032752.22,60,73300,768,3062.6,10.8,Approved,0.0655,0
L302101,C102101,Education Loan,1259662.69,36,101600,821,27382.88,15.2,Pending,0.0654,0
L302388,C102388,Business Loan,3723814.91,84,84500,502,13068.89,35.5,Approved,0.1628,0
L306647,C106647,Personal Loan,742268.17,120,53500,637,15887.95,14.8,Approved,0.1413,0
L308710,C108710,Business Loan,1566499.84,120,59400,629,12488.48,7.8,Pending,0.2128,0
L305076,C105076,Education Loan,1580552.03,84,58900,649,2455.68,7.4,Pending,0.1134,0
L306980,C106980,Personal Loan,232355.25,36,72300,742,4142.55,6.5,Approved,0.0572,0
L309031,C109031,Business Loan,4725279.59,120,92600,622,27793.1,7.6,Approved,0.2642,1
L301114,C101114,Education Loan,965590.99,120,97300,728,6767.54,6.1,Approved,0.0706,0
L308150,C108150,Home Loan,5252153.48,36,121900,603,21442.32,17.2,Pending,0.202,0
L303480,C103480,Personal Loan,96346.57,12,79500,654,13728.78,21.3,Pending,0.129,0
L307451,C107451,Personal Loan,83837.31,36,62200,560,12014.67,12.8,Approved,0.2751,0
L303129,C103129,Personal Loan,616515.61,12,85600,651,3435.01,26.1,Pending,0.0671,0
L307151,C107151,Home Loan,3362536.53,60,17800,503,1697.07,14.0,Approved,0.3658,0
L304148,C104148,Home Loan,1459679.59,180,97500,557,2679.47,11.7,Pending,0.1639,0
L302613,C102613,Home Loan,4503326.53,84,47100,747,2322.93,10.2,Approved,0.0984,0
L304535,C104535,Education Loan,1786553.26,12,53300,634,2481.49,7.3,Approved,0.1977,1
L307553,C107553,Business Loan,2064839.6,24,115900,782,33993.05,19.0,Approved,0.0954,0
L304412,C104412,Business Loan,4136987.91,36,51800,632,1554.23,3.2,Approved,0.1616,0
L306865,C106865,Education Loan,1284260.41,60,73800,761,5006.64,9.3,Approved,0.0595,0
L302397,C102397,Business Loan,362222.79,180,94900,480,21638.72,7.6,Pending,0.3633,1
L309954,C109954,Vehicle Loan,964877.54,36,103500,763,21919.89,13.7,Approved,0.1012,0
L304012,C104012,Personal Loan,464590.72,120,11900,650,2418.68,15.8,Approved,0.145,1
L309429,C109429,Personal Loan,666055.81,36,118000,760,30421.95,17.8,Pending,0.091,0
L302266,C102266,Vehicle Loan,158856.1,36,32600,719,9596.87,11.4,Pending,0.1943,0
L304351,C104351,Personal Loan,576634.75,12,70600,798,18585.78,7.5,Approved,0.139,0
L301651,C101651,Business Loan,4569976.63,120,28500,683,4512.03,0.0,Pending,0.2012,0
L303412,C103412,Business Loan,2789562.29,180,68800,786,1468.46,5.8,Approved,0.0386,0
L302926,C102926,Vehicle Loan,260130.04,12,71100,753,319.92,24.1,Pending,0.055,0
L309765,C109765,Business Loan,4174532.27,36,51000,692,13918.87,10.9,Pending,0.1482,0
L309103,C109103,Personal Loan,202871.36,24,36600,692,13951.6,11.2,Pending,0.1917,1
L304652,C104652,Personal Loan,138409.59,12,54300,659,17835.04,7.5,Approved,0.2075,0
L301386,C101386,Vehicle Loan,1092338.09,120,66000,701,9938.67,19.3,Pending,0.0871,0
L302920,C102920,Business Loan,4277003.37,180,27200,706,467.46,3.0,Pending,0.2002,0
L300186,C100186,Vehicle Loan,629209.99,180,45900,715,0.0,3.2,Approved,0.0627,0
L303476,C103476,Personal Loan,788518.13,84,55400,868,2760.62,20.5,Pending,0.0205,0
L304624,C104624,Business Loan,3017239.25,180,35600,787,0.0,11.2,Approved,0.0455,0
L306616,C106616,Personal Loan,299801.69,180,55900,715,1950.86,6.5,Approved,0.0824,0
L305162,C105162,Vehicle Loan,320630.24,36,69700,643,8023.86,7.7,Approved,0.1417,1
L308442,C108442,Vehicle Loan,1239493.42,24,68700,715,9444.08,2.8,Approved,0.1231,0
L307587,C107587,Education Loan,1360418.54,120,16500,661,1999.46,5.3,Approved,0.2008,0
L308476,C108476,Education Loan,1355013.55,24,41400,656,5210.66,11.5,Approved,0.136,0
L302651,C102651,Home Loan,3445625.17,24,20600,670,6191.8,19.5,Approved,0.2605,1
L306691,C106691,Personal Loan,419499.4,60,39200,632,3952.74,7.4,Approved,0.1532,0
L309590,C109590,Vehicle Loan,1186279.04,24,21200,504,5253.48,2.5,Approved,0.47,0
L308731,C108731,Education Loan,450346.33,120,71000,764,10155.48,1.9,Approved,0.0678,0
L300519,C100519,Business Loan,1484776.78,24,82000,652,13345.76,17.6,Pending,0.1374,0
L306968,C106968,Personal Loan,499658.16,84,101000,668,23664.11,15.2,Approved,0.1124,0
L305336,C105336,Personal Loan,603732.42,36,126500,560,24976.73,8.9,Approved,0.3108,0
L304224,C104224,Education Loan,1455331.37,180,44800,760,1938.27,26.7,Pending,0.0406,0
L307704,C107704,Vehicle Loan,1403494.38,12,102200,633,10075.04,17.4,Pending,0.1632,0
L304770,C104770,Home Loan,7953231.53,84,38900,442,3805.64,9.5,Pending,0.4264,1
L300131,C100131,Home Loan,1227049.72,60,64700,623,5287.52,15.7,Approved,0.1655,0
L304800,C104800,Education Loan,476511.9,84,48800,691,771.62,9.5,Approved,0.0949,0
L309683,C109683,Personal Loan,482357.45,12,138200,752,12620.16,14.7,Pending,0.1032,0
L300377,C100377,Home Loan,5347819.5,12,133200,626,14001.75,27.2,Approved,0.1288,0
L308984,C108984,Education Loan,730200.33,24,40600,588,0.0,7.8,Approved,0.1777,0
L300642,C100642,Business Loan,900703.61,12,49300,639,8162.84,16.6,Approved,0.1951,0
L309634,C109634,Vehicle Loan,491680.08,12,62800,677,11178.66,7.6,Approved,0.2078,0
L303135,C103135,Home Loan,2259474.73,180,65900,622,6517.59,0.0,Approved,0.173,0
L300652,C100652,Home Loan,6595930.98,60,59900,636,5552.11,4.0,Pending,0.2824,1
L305406,C105406,Personal Loan,699501.2,180,76500,542,16696.57,16.9,Approved,0.141,1
L308347,C108347,Education Loan,1837989.88,12,47700,823,5370.29,8.2,Approved,0.0804,0
L301481,C101481,Personal Loan,623574.76,12,20800,761,3771.28,0.0,Pending,0.1502,0
L300868,C100868,Personal Loan,684185.63,12,60800,825,6984.23,11.4,Approved,0.0463,0
L308100,C108100,Home Loan,7257814.01,36,56900,631,12476.04,4.6,Approved,0.2623,0
L305324,C105324,Vehicle Loan,1472685.95,120,48600,851,3586.31,11.4,Approved,0.036,1
L302777,C102777,Business Loan,3560511.48,180,24800,561,501.21,17.7,Pending,0.1133,0
L307166,C107166,Vehicle Loan,1223886.11,180,50000,755,2320.57,20.4,Approved,0.0567,0
L309322,C109322,Vehicle Loan,1012810.28,180,22600,756,4974.73,17.0,Approved,0.0736,0
L304590,C104590,Education Loan,1296679.05,12,51400,556,9573.98,13.1,Approved,0.2504,1
L306348,C106348,Business Loan,3388213.05,36,63600,583,12510.18,14.1,Pending,0.1679,0
L306641,C106641,Home Loan,6042360.24,120,39500,805,9339.75,0.0,Approved,0.101,0
L305824,C105824,Home Loan,4013334.76,24,99700,746,13997.61,18.8,Approved,0.0729,0
L301985,C101985,Business Loan,3638801.3,180,61000,613,6617.37,23.0,Approved,0.1835,0
L308772,C108772,Personal Loan,73052.5,12,59400,672,14309.01,5.7,Approved,0.1384,0
L304928,C104928,Education Loan,1824044.52,12,71700,794,11643.84,6.7,Approved,0.0935,0
L301956,C101956,Home Loan,6301616.44,36,63700,600,9040.95,17.2,Pending,0.175,0
L307675,C107675,Business Loan,940004.47,36,27500,674,2635.93,0.8,Approved,0.1129,0
L300607,C100607,Vehicle Loan,432799.71,36,88300,663,14794.2,12.4,Approved,0.1454,0
L305456,C105456,Personal Loan,613526.63,24,42400,603,1245.92,5.8,Pending,0.1791,0
L303128,C103128,Business Loan,1735688.03,60,76300,725,16292.76,9.9,Approved,0.1299,0
L309897,C109897,Vehicle Loan,1191488.66,180,71900,585,22087.69,19.9,Approved,0.1571,0
L300253,C100253,Education Loan,600942.69,180,42200,606,10521.75,11.5,Approved,0.2381,0
L304763,C104763,Home Loan,1933582.26,180,57100,751,0.0,2.5,Pending,0.0908,0
L306066,C106066,Vehicle Loan,985908.9,180,15000,704,4393.98,5.8,Pending,0.2509,0
L303415,C103415,Business Loan,4936514.17,60,73600,603,11813.4,8.4,Pending,0.2653,1
L300343,C100343,Vehicle Loan,728527.36,24,76100,738,7712.22,10.1,Approved,0.0821,0
L307385,C107385,Education Loan,1157863.23,60,77200,723,18434.02,1.5,Approved,0.1586,0
L307802,C107802,Personal Loan,687846.3,24,62100,656,19353.41,17.5,Approved,0.2411,1
L302630,C102630,Education Loan,1382656.28,180,77500,795,18160.34,14.8,Approved,0.1054,0
L303722,C103722,Education Loan,373939.5,60,58200,771,8615.45,27.6,Pending,0.0408,0
L300720,C100720,Home Loan,2922028.36,120,27700,753,2755.18,4.6,Pending,0.1435,0
L303114,C103114,Vehicle Loan,1068000.8,60,81100,650,18967.41,9.0,Approved,0.1857,0
L306889,C106889,Vehicle Loan,884967.73,180,90600,739,7156.95,31.2,Approved,0.0619,0
L307564,C107564,Home Loan,6070329.6,84,65400,618,8790.4,9.1,Pending,0.1911,0
L304499,C104499,Education Loan,269740.32,60,55800,779,12910.24,7.1,Approved,0.0935,0
L301068,C101068,Education Loan,925495.26,180,56200,684,11427.49,9.9,Approved,0.1273,0
L307589,C107589,Personal Loan,523927.97,180,65900,701,21505.02,19.3,Approved,0.134,0
L307610,C107610,Education Loan,293166.76,180,90600,679,3754.23,1.6,Pending,0.1066,0
L302093,C102093,Home Loan,6810704.41,120,8000,609,355.83,5.0,Pending,0.3041,0
L309506,C109506,Vehicle Loan,816199.86,60,54400,731,0.0,2.5,Pending,0.0966,1
L306398,C106398,Home Loan,1758585.75,36,24200,752,2434.23,7.7,Pending,0.0887,0
L306863,C106863,Vehicle Loan,882655.72,84,49600,607,5499.49,14.3,Approved,0.1341,0
L309241,C109241,Business Loan,3493847.55,180,96000,766,0.0,3.8,Pending,0.0809,0
L300147,C100147,Vehicle Loan,1215301.74,180,113200,760,21526.0,3.9,Pending,0.1056,0
L302567,C102567,Business Loan,3313364.67,12,99200,707,9208.82,23.8,Approved,0.1,0
L304154,C104154,Personal Loan,175879.38,180,79400,702,20448.28,2.4,Approved,0.1745,1
L302982,C102982,Business Loan,1629546.3,84,19300,678,3140.77,27.5,Pending,0.087,0
L305557,C105557,Home Loan,4153094.56,60,56500,564,9661.1,4.9,Approved,0.2861,0
L304263,C104263,Home Loan,1693189.7,84,22100,757,0.0,27.0,Pending,0.0344,0
L300797,C100797,Personal Loan,674975.93,36,15700,633,1060.75,5.4,Approved,0.1831,0
L305141,C105141,Education Loan,965350.17,84,55400,581,10498.52,0.0,Approved,0.3213,1
L306043,C106043,Education Loan,1799514.22,60,56400,507,3336.03,17.4,Approved,0.2001,0
L303532,C103532,Home Loan,4366189.76,36,49400,584,3249.13,1.7,Approved,0.2218,0
L304027,C104027,Personal Loan,383797.87,120,48100,633,15706.8,9.5,Approved,0.2324,0
L301685,C101685,Vehicle Loan,727359.18,120,80200,798,14274.87,5.1,Approved,0.0779,0
L309184,C109184,Home Loan,1867722.12,60,23700,663,0.0,26.6,Approved,0.1022,0
L307502,C107502,Business Loan,1297781.08,60,78700,598,15056.58,27.1,Approved,0.1475,0
L301478,C101478,Personal Loan,330717.12,84,49000,755,13264.43,7.9,Pending,0.1546,0
L301235,C101235,Personal Loan,202512.94,12,56800,739,6061.49,11.0,Pending,0.0655,0
L306634,C106634,Personal Loan,440510.2,60,64600,634,6787.57,20.7,Approved,0.0978,0
L306549,C106549,Vehicle Loan,665622.68,24,169900,713,48246.85,8.2,Approved,0.1711,0
L302119,C102119,Business Loan,3799546.4,120,175100,429,11714.57,7.6,Pending,0.4627,0
L302881,C102881,Vehicle Loan,806193.05,12,72200,673,13502.42,8.2,Approved,0.1554,0
L306656,C106656,Business Loan,4212839.79,84,80200,628,18159.98,15.5,Approved,0.202,0
L303773,C103773,Education Loan,1401416.48,84,53400,509,3805.37,3.8,Pending,0.2427,1
L305919,C105919,Personal Loan,344837.11,24,99800,557,11876.96,15.9,Pending,0.2893,0
L301895,C101895,Vehicle Loan,1247652.6,24,100200,658,18905.91,12.7,Approved,0.1282,0
L304227,C104227,Business Loan,1728924.88,36,60100,695,12918.47,11.2,Approved,0.1564,1
L303623,C103623,Vehicle Loan,549849.26,84,117200,771,12705.69,6.4,Approved,0.0794,1
L307091,C107091,Business Loan,1042966.23,120,83400,598,20326.66,4.5,Pending,0.2461,0
L304684,C104684,Education Loan,1455225.05,180,75500,709,18183.72,18.9,Approved,0.0839,0
L308128,C108128,Education Loan,528562.89,84,18000,815,3357.85,8.0,Pending,0.053,0
L308813,C108813,Education Loan,874525.3,60,76200,603,2071.69,30.7,Approved,0.0609,1
L308281,C108281,Home Loan,2616436.46,12,44700,707,1987.94,7.8,Approved,0.1247,0
L304458,C104458,Education Loan,1727397.14,180,18600,627,3217.34,4.1,Approved,0.2509,0
L306093,C106093,Vehicle Loan,601399.73,12,80500,612,8575.01,13.4,Approved,0.1673,0
L303455,C103455,Home Loan,6290280.27,60,84600,828,8067.64,12.1,Pending,0.0463,0
L308263,C108263,Home Loan,4465216.68,84,58600,606,14342.98,5.4,Approved,0.1997,0
L302423,C102423,Vehicle Loan,139772.75,24,67300,727,23171.07,28.7,Approved,0.1271,0
L300463,C100463,Vehicle Loan,1115255.98,180,119500,662,23491.95,11.9,Approved,0.137,0
L305888,C105888,Business Loan,2679740.52,24,62200,591,6065.27,24.5,Approved,0.1833,1
L308754,C108754,Education Loan,324156.31,180,72600,616,11374.21,15.9,Approved,0.1264,0
L308757,C108757,Education Loan,174427.02,36,87100,681,0.0,26.6,Pending,0.0556,1
L307037,C107037,Home Loan,3956026.81,12,84100,735,1506.41,20.6,Pending,0.089,0
L308410,C108410,Vehicle Loan,101804.14,60,66000,629,2386.27,22.0,Pending,0.095,0
L303553,C103553,Education Loan,950291.53,24,89500,769,0.0,18.7,Approved,0.0485,0
L303300,C103300,Education Loan,872576.67,120,163900,754,33973.01,17.2,Approved,0.0904,0
L300858,C100858,Education Loan,1834298.57,60,86700,574,0.0,21.5,Approved,0.1619,0
L307689,C107689,Home Loan,1331309.75,84,85800,686,12226.93,20.8,Pending,0.1045,0
L308138,C108138,Vehicle Loan,347292.89,36,72700,682,22484.42,13.1,Approved,0.1804,0
L309567,C109567,Personal Loan,676397.23,120,79800,637,21403.65,16.0,Approved,0.1285,0
L300134,C100134,Education Loan,779474.74,84,18600,729,3563.01,21.6,Approved,0.0587,1
L309396,C109396,Business Loan,4183539.97,24,62400,767,1736.89,8.9,Pending,0.081,0
L301678,C101678,Education Loan,1867855.9,12,67200,758,8726.35,28.3,Approved,0.0896,0
L306671,C106671,Vehicle Loan,870210.21,120,69200,656,5973.85,11.0,Approved,0.0942,0
L305313,C105313,Education Loan,896558.18,60,50300,673,3870.88,10.4,Approved,0.1038,0
L301973,C101973,Vehicle Loan,499528.94,24,43400,550,7411.9,11.7,Approved,0.2587,0
L301106,C101106,Vehicle Loan,887375.42,120,51500,737,10254.09,5.8,Approved,0.1093,0
L308799,C108799,Business Loan,1307120.87,24,57800,658,10010.87,11.1,Approved,0.1171,0
L302441,C102441,Personal Loan,122356.51,180,21000,709,6074.54,0.0,Approved,0.1766,0
L307129,C107129,Personal Loan,290351.82,36,27600,768,4210.01,11.3,Approved,0.0898,0
L306646,C106646,Business Loan,3605669.28,120,64500,878,2791.92,3.7,Approved,0.0318,0
L302011,C102011,Home Loan,3627836.42,36,43100,576,0.0,12.3,Approved,0.2205,0
L308674,C108674,Personal Loan,529327.99,36,84100,543,11169.4,18.0,Approved,0.2627,0
L300507,C100507,Business Loan,995127.04,120,62200,657,12776.51,4.4,Pending,0.2314,0
L301888,C101888,Business Loan,815037.25,60,98500,818,3306.17,1.2,Approved,0.0585,0
L306353,C106353,Personal Loan,560138.99,60,35400,734,478.62,14.3,Pending,0.0516,0
L309160,C109160,Personal Loan,596518.99,84,70100,823,11132.32,20.6,Approved,0.0413,0
L300581,C100581,Vehicle Loan,403832.59,36,38800,691,9545.26,11.7,Approved,0.1463,1
L309524,C109524,Home Loan,3806977.22,180,47800,618,6918.93,13.4,Pending,0.2399,0
L308439,C108439,Vehicle Loan,596404.4,60,44900,598,516.46,21.0,Approved,0.0753,0
L306397,C106397,Business Loan,2442759.14,36,105500,610,4682.69,4.1,Approved,0.2132,0
L308759,C108759,Vehicle Loan,317216.59,180,40500,752,5656.05,0.4,Pending,0.1482,0
L303664,C103664,Vehicle Loan,452509.3,84,57200,633,2062.86,13.7,Approved,0.1466,0
L305779,C105779,Personal Loan,385915.39,24,55200,640,6962.53,3.9,Approved,0.1795,0
L301555,C101555,Education Loan,709112.28,24,51700,634,0.0,5.3,Pending,0.1308,0
L305386,C105386,Vehicle Loan,648936.26,84,50900,855,0.0,8.2,Approved,0.0238,0
L309455,C109455,Home Loan,7839506.17,24,46900,687,0.0,6.9,Pending,0.1641,0
L306130,C106130,Personal Loan,234728.87,84,51800,787,563.91,2.6,Approved,0.084,1
L304988,C104988,Home Loan,7602984.98,36,57900,690,0.0,21.5,Approved,0.1355,0
L308999,C108999,Home Loan,6004821.91,60,70400,670,11856.4,23.3,Approved,0.0974,0
L307698,C107698,Education Loan,987942.56,180,19500,637,5169.12,0.8,Pending,0.2712,0
L307086,C107086,Personal Loan,441931.14,36,57200,701,6684.92,11.6,Pending,0.1023,0
L308501,C108501,Personal Loan,473429.65,120,43000,647,5769.78,7.8,Approved,0.1586,0
L301215,C101215,Personal Loan,588430.01,12,72700,756,8780.68,4.4,Approved,0.0757,0
L303271,C103271,Personal Loan,731441.25,12,39200,591,5295.58,10.6,Approved,0.2463,0
L300099,C100099,Business Loan,2648428.51,84,10000,781,1667.11,2.9,Approved,0.1437,0
L309023,C109023,Personal Loan,636626.17,24,58200,705,16756.71,19.2,Approved,0.1005,0
L302981,C102981,Business Loan,859498.3,84,8500,634,1071.97,1.0,Approved,0.256,1
L309451,C109451,Home Loan,2479566.34,84,16200,739,3644.13,6.4,Approved,0.1544,0
L307429,C107429,Education Loan,1649033.77,24,81900,721,11135.11,18.5,Approved,0.0783,0
L309633,C109633,Personal Loan,414280.66,120,30700,689,2156.02,2.6,Approved,0.1106,0
L301488,C101488,Vehicle Loan,911792.46,180,81500,708,9127.87,2.2,Approved,0.1335,0
L309981,C109981,Vehicle Loan,162230.9,60,113700,566,32602.0,0.0,Approved,0.4321,1
L302544,C102544,Vehicle Loan,702753.88,60,78500,694,16794.47,30.3,Approved,0.0677,0
L302084,C102084,Personal Loan,703904.55,84,58700,662,1744.22,2.3,Approved,0.1215,1
L309826,C109826,Business Loan,2691969.13,24,46400,624,8978.83,34.7,Approved,0.1517,0
L300725,C100725,Home Loan,4328024.48,84,8000,646,113.9,3.3,Pending,0.2395,0
L306605,C106605,Vehicle Loan,1171213.59,12,45100,803,10311.38,7.6,Approved,0.0922,1
L309802,C109802,Personal Loan,716502.93,36,77100,648,0.0,21.5,Approved,0.0691,0
L300583,C100583,Home Loan,2004755.32,180,81100,735,22058.52,0.8,Approved,0.0944,0
L306708,C106708,Education Loan,1037737.48,84,58500,647,2956.62,5.7,Approved,0.1794,1
L302065,C102065,Education Loan,1017437.18,84,36400,727,7143.54,9.1,Pending,0.12,0
L304867,C104867,Home Loan,6935037.88,36,37100,677,1415.05,11.7,Pending,0.0801,0
L308047,C108047,Personal Loan,205632.94,60,88700,798,11069.66,26.2,Pending,0.0241,0
L302386,C102386,Education Loan,1942519.14,36,64200,650,14454.65,25.2,Pending,0.1194,0
L300387,C100387,Home Loan,6147066.82,24,57500,653,16217.8,11.8,Approved,0.2957,1
L308344,C108344,Vehicle Loan,608613.93,120,63000,726,12638.48,8.3,Approved,0.0976,0
L304298,C104298,Home Loan,2172156.11,12,78600,705,16698.74,0.4,Approved,0.1367,0
L309447,C109447,Education Loan,1599695.0,12,74300,685,8381.77,17.0,Approved,0.1262,0
L305815,C105815,Personal Loan,467670.34,60,62500,692,0.0,0.6,Pending,0.1361,1
L304862,C104862,Education Loan,1698819.23,120,56800,670,5762.62,8.8,Approved,0.1537,0
L303494,C103494,Home Loan,4226233.58,12,55700,594,149.13,17.8,Pending,0.178,0
L300822,C100822,Personal Loan,465112.15,84,136200,582,39429.46,5.0,Approved,0.2936,0
L302380,C102380,Education Loan,954918.7,24,62800,742,25529.58,5.5,Approved,0.2487,1
L306999,C106999,Personal Loan,270261.68,84,44100,622,0.0,21.2,Pending,0.1284,0
L309597,C109597,Education Loan,319715.33,24,69100,821,5478.11,17.6,Approved,0.0294,0
L307121,C107121,Vehicle Loan,1376254.08,60,91300,692,3104.44,19.2,Approved,0.0597,0
L302241,C102241,Personal Loan,271585.56,84,75700,873,8382.6,16.1,Approved,0.0271,0
L308418,C108418,Home Loan,1172793.03,12,93400,808,34559.88,18.9,Pending,0.0935,0
L306331,C106331,Personal Loan,494761.72,24,45500,601,5756.58,23.3,Approved,0.1175,0
L304869,C104869,Education Loan,725100.75,36,20700,764,3555.53,20.1,Approved,0.0506,0
L300243,C100243,Business Loan,4909735.88,120,82600,760,9815.19,6.3,Approved,0.076,0
L308108,C108108,Business Loan,4034961.19,84,53300,715,11324.99,10.9,Approved,0.1581,0
L305602,C105602,Home Loan,6128175.16,60,10200,686,2139.45,0.0,Approved,0.4455,0
L304942,C104942,Education Loan,700713.42,24,64600,617,9716.64,25.8,Pending,0.1387,0
L307478,C107478,Personal Loan,57617.37,180,40300,801,8402.73,28.7,Approved,0.0488,0
L300889,C100889,Business Loan,3588797.43,120,63900,741,18723.58,5.9,Approved,0.1228,1
L308653,C108653,Vehicle Loan,1362221.67,60,61200,798,12901.98,1.5,Approved,0.0762,0
L305676,C105676,Business Loan,3914769.2,120,55900,747,6511.82,17.3,Approved,0.0861,0
L303341,C103341,Personal Loan,657724.12,12,38700,498,7051.65,10.8,Pending,0.3688,0
L302887,C102887,Personal Loan,267830.28,24,38700,894,4873.18,1.8,Approved,0.0307,0
L303767,C103767,Vehicle Loan,1378282.97,60,63600,742,0.0,24.5,Approved,0.0296,0
L305195,C105195,Home Loan,3276833.2,120,16300,620,88.2,4.2,Pending,0.2013,1
L309144,C109144,Business Loan,2186614.17,180,75500,747,20005.39,27.6,Pending,0.06,0
L301223,C101223,Education Loan,1086422.11,120,90700,636,6919.01,16.9,Pending,0.1257,0
L302485,C102485,Vehicle Loan,974193.77,24,50800,719,4174.13,8.7,Pending,0.0872,0
L305991,C105991,Education Loan,1136740.6,24,8500,755,2605.27,17.4,Pending,0.2073,0
L308498,C108498,Vehicle Loan,1071766.9,24,61800,670,2396.99,18.1,Approved,0.1155,0
L303708,C103708,Business Loan,4804977.47,12,66600,647,9661.16,9.1,Approved,0.3044,0
L306372,C106372,Personal Loan,655386.06,84,82500,597,582.2,9.7,Approved,0.1337,0
L304584,C104584,Education Loan,1115016.69,60,57600,666,15250.05,12.4,Pending,0.1954,0
L301494,C101494,Business Loan,3708343.42,24,27900,566,247.58,14.8,Pending,0.2181,0
L306511,C106511,Business Loan,2347819.03,60,60400,698,2757.5,26.4,Pending,0.0872,0
L307718,C107718,Education Loan,926726.58,36,93800,738,10262.44,10.0,Approved,0.0821,0
L304587,C104587,Business Loan,2612449.71,12,96700,688,5260.25,10.6,Approved,0.1266,0
L307072,C107072,Business Loan,4114072.81,84,73900,518,15688.23,18.5,Approved,0.2806,1
L308906,C108906,Education Loan,1322327.24,180,109100,647,29949.47,28.7,Pending,0.1019,0
L304432,C104432,Home Loan,5884277.31,60,66600,716,8953.81,22.6,Approved,0.0919,0
L308737,C108737,Education Loan,998822.56,84,26200,618,0.0,3.6,Approved,0.1566,0
L301486,C101486,Vehicle Loan,1000752.46,180,75400,744,16593.15,4.6,Approved,0.1253,0
L301110,C101110,Education Loan,1065651.14,120,56100,614,8121.14,6.1,Approved,0.2105,1
L301074,C101074,Home Loan,7819319.51,60,88600,874,19462.0,11.8,Pending,0.0638,0
L304403,C104403,Personal Loan,587566.91,24,83100,664,16581.96,27.6,Approved,0.1243,0
L307580,C107580,Home Loan,3028102.62,36,43600,658,4783.93,0.0,Approved,0.2028,0
L304299,C104299,Business Loan,3648891.7,180,64800,735,8738.12,1.2,Approved,0.1033,0
L309428,C109428,Personal Loan,675372.37,84,78300,635,4095.47,4.1,Approved,0.1783,0
L303675,C103675,Education Loan,1436226.94,180,120200,785,25617.92,8.1,Pending,0.0916,0
L301098,C101098,Business Loan,221827.8,12,61900,728,14313.04,0.2,Approved,0.2373,0
L308187,C108187,Education Loan,427891.36,120,63500,756,14040.45,5.7,Approved,0.1066,0
L307449,C107449,Business Loan,3635979.97,60,93500,749,0.0,8.6,Pending,0.0481,0
L307854,C107854,Personal Loan,552127.92,84,22100,695,5809.57,16.5,Pending,0.1422,0
L308058,C108058,Education Loan,1106561.73,120,86800,900,24155.53,17.8,Approved,0.0498,0
L306478,C106478,Vehicle Loan,934441.57,120,60600,767,13397.85,14.2,Pending,0.083,0
L309632,C109632,Vehicle Loan,212636.13,24,25100,712,7037.46,7.1,Pending,0.1664,0
L300467,C100467,Business Loan,4685784.82,12,65100,681,12818.67,13.7,Approved,0.2489,0
L302361,C102361,Vehicle Loan,199719.33,120,64700,741,13525.73,23.6,Approved,0.0838,0
L306859,C106859,Education Loan,1103683.82,180,118500,629,13793.43,27.4,Approved,0.0753,0
L306381,C106381,Personal Loan,255261.4,180,20400,766,4455.18,2.0,Approved,0.117,0
L308507,C108507,Home Loan,3881341.6,60,43400,647,8076.43,17.6,Pending,0.168,0
L300932,C100932,Education Loan,1198639.54,60,56000,696,15836.75,4.2,Approved,0.1349,0
L302217,C102217,Personal Loan,342471.53,180,98700,513,23032.77,21.0,Pending,0.3281,0
L301552,C101552,Home Loan,3540713.82,24,54400,791,17635.91,10.3,Pending,0.1581,0
L300968,C100968,Personal Loan,412469.76,120,46800,767,10539.46,25.7,Approved,0.0696,0
L305272,C105272,Education Loan,803699.51,60,83800,692,1326.33,5.0,Pending,0.0805,0
L300070,C100070,Home Loan,3150324.0,120,62500,751,6731.93,22.8,Approved,0.0325,0
L305862,C105862,Business Loan,4566697.26,120,57600,845,5515.94,16.9,Approved,0.0434,1
L309468,C109468,Personal Loan,381416.5,36,73400,628,20433.84,15.3,Approved,0.2484,0
L307057,C107057,Business Loan,1728261.82,180,24200,661,5952.77,30.0,Approved,0.0979,1
L302985,C102985,Education Loan,1850626.0,180,74400,658,23016.21,7.3,Pending,0.1939,0
L309305,C109305,Business Loan,2742596.1,12,41000,519,15654.54,3.7,Rejected,0.5864,1
L307533,C107533,Personal Loan,218183.85,36,74100,856,19651.08,4.8,Approved,0.1032,0
L302695,C102695,Education Loan,1379919.45,120,92200,858,14549.09,9.4,Approved,0.033,0
L308869,C108869,Home Loan,6608765.03,84,24000,630,4107.11,5.0,Approved,0.2018,0
L302944,C102944,Personal Loan,155119.7,120,112000,661,24996.97,29.1,Approved,0.1566,0
L304680,C104680,Business Loan,2701553.15,24,63400,854,10702.68,3.9,Approved,0.0953,0
L302879,C102879,Business Loan,3686448.15,120,24300,671,3781.2,23.3,Pending,0.1431,0
L301258,C101258,Home Loan,6406161.85,84,52800,880,13277.31,10.4,Pending,0.0793,0
L304329,C104329,Education Loan,1491742.14,84,87100,695,15784.14,18.2,Approved,0.1336,1
L307541,C107541,Personal Loan,355850.81,60,102500,609,20036.24,33.9,Approved,0.0938,0
L307984,C107984,Business Loan,1924181.38,84,112700,701,3358.6,18.5,Approved,0.0689,0
L305294,C105294,Vehicle Loan,949456.18,120,66100,702,27347.64,19.6,Approved,0.1429,0
L309334,C109334,Vehicle Loan,529236.55,36,52400,572,3029.43,19.5,Approved,0.1314,0
L301637,C101637,Home Loan,4122482.15,180,104400,655,7702.04,12.6,Approved,0.1047,1
L307746,C107746,Business Loan,1183987.81,120,21700,818,1533.72,9.6,Approved,0.0574,0
L301646,C101646,Home Loan,7578870.55,24,47200,675,10358.85,6.1,Approved,0.3518,0
L303542,C103542,Education Loan,1607207.19,24,60700,693,10057.96,1.8,Pending,0.1637,0
L302743,C102743,Personal Loan,318063.48,120,29400,683,6308.35,19.4,Approved,0.0687,0
L308441,C108441,Personal Loan,668917.12,120,67700,678,6526.22,3.8,Approved,0.1368,0
L307700,C107700,Business Loan,1952486.96,24,36800,569,0.0,13.0,Approved,0.2541,0
L300990,C100990,Education Loan,1886876.77,84,78500,620,20099.67,6.6,Pending,0.2647,0
L302431,C102431,Personal Loan,621375.59,24,62800,690,7885.36,8.3,Approved,0.104,0
L301718,C101718,Home Loan,3636012.98,36,81300,744,12260.17,5.1,Approved,0.0957,0
L302842,C102842,Education Loan,1305360.89,36,47300,671,7316.25,26.3,Approved,0.0808,0
L301195,C101195,Business Loan,520999.25,36,86900,900,0.0,6.6,Pending,0.0459,0
L304120,C104120,Personal Loan,512377.2,84,102300,677,8729.23,12.7,Approved,0.0849,0
L305835,C105835,Education Loan,1067648.09,12,81900,823,24926.38,29.6,Approved,0.0535,0
L303648,C103648,Vehicle Loan,1293820.89,60,66300,673,6831.5,8.8,Pending,0.1337,0
L309051,C109051,Business Loan,4777874.03,180,53000,772,2590.62,12.7,Pending,0.0654,0
L302234,C102234,Personal Loan,549971.36,120,82900,635,2985.18,16.9,Pending,0.0972,0
L300472,C100472,Vehicle Loan,610739.14,60,19600,755,5475.87,11.2,Pending,0.1131,0
L301393,C101393,Home Loan,2983711.18,60,75100,739,5921.32,7.3,Approved,0.0862,0
L308564,C108564,Vehicle Loan,963058.97,12,102700,687,9938.56,2.7,Approved,0.1194,0
L302689,C102689,Personal Loan,283164.48,84,51500,601,12267.38,34.1,Approved,0.1032,0
L307084,C107084,Home Loan,6591556.28,60,16400,718,3135.54,10.1,Approved,0.1906,0
L301647,C101647,Vehicle Loan,753810.31,12,83800,595,7608.71,9.5,Pending,0.1846,0
L305362,C105362,Education Loan,558210.34,120,82800,688,3297.92,9.8,Pending,0.1198,1
L307913,C107913,Home Loan,5683561.26,120,26700,684,6037.25,29.8,Approved,0.1382,0
L300229,C100229,Home Loan,1817413.32,12,45700,592,6089.32,3.4,Pending,0.3137,1
L303137,C103137,Personal Loan,231541.91,36,75100,633,7735.75,13.1,Approved,0.1383,0
L305894,C105894,Personal Loan,147368.33,24,96900,819,14257.1,18.6,Pending,0.0438,0
L307596,C107596,Vehicle Loan,1340620.69,36,41500,803,6814.08,12.4,Pending,0.1046,0
L302725,C102725,Education Loan,499663.3,36,77600,663,19158.9,18.4,Approved,0.1457,1
L309042,C109042,Personal Loan,301526.64,84,141800,671,15735.66,19.2,Pending,0.1191,0
L309704,C109704,Education Loan,1831252.08,12,72900,706,21549.9,1.2,Approved,0.2415,1
L306316,C106316,Home Loan,7969598.46,36,78500,690,25375.44,14.8,Approved,0.2447,0
L304945,C104945,Home Loan,4280890.61,180,84100,645,13091.62,6.9,Pending,0.158,1
L300524,C100524,Vehicle Loan,1262578.6,84,61100,545,7416.61,11.7,Pending,0.2165,0
L306819,C106819,Personal Loan,605719.67,60,46500,679,6139.49,1.9,Approved,0.1221,0
L304270,C104270,Home Loan,4007775.69,60,57300,781,13531.26,19.2,Approved,0.0927,1
L308477,C108477,Business Loan,3787677.92,180,46000,803,1276.97,9.3,Pending,0.0599,0
L302163,C102163,Education Loan,1507881.1,120,61000,601,0.0,20.5,Approved,0.116,0
L302543,C102543,Personal Loan,253257.66,24,29500,627,4404.28,9.3,Approved,0.133,0
L308711,C108711,Vehicle Loan,957553.46,180,52400,579,2073.86,13.3,Pending,0.1183,0
L304060,C104060,Business Loan,870589.01,84,12800,658,889.19,1.8,Pending,0.1026,0
L309976,C109976,Home Loan,7119195.23,12,88200,631,10117.66,2.6,Pending,0.2668,0
L304524,C104524,Home Loan,7694264.16,180,86300,692,0.0,9.5,Approved,0.0967,0
L307181,C107181,Home Loan,7815093.76,24,72000,655,17404.03,12.4,Pending,0.2292,1
L309359,C109359,Business Loan,2744260.94,36,32400,642,6719.21,15.2,Pending,0.187,0
L301455,C101455,Home Loan,5335940.81,36,88700,739,13799.59,0.6,Approved,0.1729,0
L308362,C108362,Education Loan,1407398.32,24,83000,819,7858.58,26.6,Pending,0.0255,0
L306178,C106178,Vehicle Loan,1387914.71,120,24400,658,5393.27,28.6,Approved,0.0765,0
L309009,C109009,Personal Loan,328853.98,60,39500,654,4960.14,3.6,Pending,0.192,0
L304924,C104924,Vehicle Loan,728803.64,120,59100,705,7409.24,11.4,Approved,0.1166,0
L304225,C104225,Education Loan,155999.48,60,82300,769,19570.29,3.7,Approved,0.1876,0
L306443,C106443,Vehicle Loan,1059498.6,12,64000,733,2759.54,10.3,Pending,0.1094,0
L303843,C103843,Business Loan,1649478.54,24,85400,680,0.0,10.3,Pending,0.0653,0
L303626,C103626,Home Loan,5753643.9,84,85900,695,9452.32,28.0,Pending,0.0578,0
L301053,C101053,Business Loan,4424222.57,24,58300,689,1077.93,15.6,Approved,0.1541,0
L305131,C105131,Home Loan,4331072.74,84,68900,651,7747.76,13.2,Approved,0.1356,0
L305901,C105901,Home Loan,2204259.4,120,59300,728,0.0,2.2,Approved,0.0811,0
L306067,C106067,Vehicle Loan,1342744.9,180,64000,733,8781.09,5.3,Approved,0.1331,0
L301153,C101153,Home Loan,2406770.46,84,57700,698,8773.97,17.6,Pending,0.0889,0
L301305,C101305,Personal Loan,370341.19,36,61200,669,15963.15,23.0,Approved,0.1068,1
L303360,C103360,Personal Loan,620014.7,36,74800,646,24436.28,35.5,Approved,0.1207,0
L300473,C100473,Education Loan,1641021.66,36,69700,758,18474.36,6.7,Approved,0.086,0
L308135,C108135,Business Loan,881153.53,84,22100,683,2254.6,8.0,Approved,0.1197,0
L306302,C106302,Vehicle Loan,823816.79,36,62300,558,5374.79,1.6,Approved,0.3297,1
L308033,C108033,Business Loan,3963644.95,120,8000,691,498.35,5.8,Pending,0.1472,0
L303067,C103067,Personal Loan,778697.89,12,87600,686,9433.02,10.8,Approved,0.1621,0
L304921,C104921,Vehicle Loan,280387.78,180,61000,720,12878.61,16.9,Approved,0.13,0
L300164,C100164,Education Loan,760280.61,60,84800,733,3342.73,15.1,Pending,0.1008,0
L305290,C105290,Education Loan,880624.56,60,84600,465,7707.53,28.3,Approved,0.2713,0
L300662,C100662,Vehicle Loan,1046575.46,12,82500,900,11504.18,0.5,Approved,0.056,0
L304323,C104323,Education Loan,1111934.81,60,134200,809,7330.98,5.0,Approved,0.0484,0
L302416,C102416,Home Loan,1794570.84,180,73000,669,17729.42,20.4,Approved,0.1471,0
L301296,C101296,Personal Loan,494346.72,84,45600,643,12593.61,3.2,Approved,0.2519,0
L302904,C102904,Personal Loan,651388.47,12,28200,849,549.84,19.3,Approved,0.0357,0
L302017,C102017,Home Loan,3022268.04,120,66700,745,17119.71,7.0,Approved,0.1729,0
L303320,C103320,Personal Loan,441545.69,60,62100,724,3122.98,1.2,Approved,0.08,0
L309623,C109623,Education Loan,720286.31,24,75300,700,9801.36,14.9,Approved,0.1161,0
L301329,C101329,Home Loan,6076354.44,24,39800,746,9193.81,5.4,Pending,0.2143,0
L302255,C102255,Business Loan,2486746.91,60,81000,814,2088.11,21.3,Approved,0.0426,0
L303924,C103924,Education Loan,452586.26,36,68800,714,19303.8,21.1,Pending,0.0823,0
L306507,C106507,Education Loan,1172758.86,120,26100,738,8422.29,10.7,Approved,0.1762,0
L301599,C101599,Education Loan,1915545.94,36,96600,696,26471.58,17.8,Pending,0.1024,0
L300403,C100403,Education Loan,1837360.13,60,40300,836,9424.04,32.8,Pending,0.0459,0
L301863,C101863,Education Loan,1492336.58,60,83100,522,12177.86,9.2,Approved,0.2448,0
L309867,C109867,Home Loan,2477535.34,180,33500,623,3683.5,5.0,Approved,0.2314,0
L305925,C105925,Education Loan,582580.51,36,67800,682,14629.02,2.6,Approved,0.1951,0
L301884,C101884,Education Loan,1636759.35,84,18300,692,3598.84,16.3,Pending,0.1253,0
L309906,C109906,Education Loan,669535.97,180,121000,529,8457.83,33.7,Approved,0.1707,0
L303083,C103083,Education Loan,180952.8,36,54900,829,16752.34,7.7,Pending,0.1193,0
L305965,C105965,Vehicle Loan,656717.1,24,44400,690,3748.46,3.3,Approved,0.1456,0
L303163,C103163,Personal Loan,245126.84,24,76500,643,2165.86,9.2,Pending,0.2065,0
L309628,C109628,Vehicle Loan,407050.05,60,105900,590,31126.96,18.8,Approved,0.2297,1
L300169,C100169,Business Loan,692023.29,36,58700,645,13540.13,0.0,Approved,0.2924,0
L309921,C109921,Business Loan,1632802.81,120,35300,691,8142.98,4.8,Pending,0.1997,0
L307960,C107960,Home Loan,3136615.37,84,8000,696,1300.28,3.7,Approved,0.1858,1
L307438,C107438,Business Loan,1317890.98,84,26600,626,3186.27,20.2,Approved,0.0774,0
L309325,C109325,Business Loan,4759825.76,60,77600,646,9611.12,12.5,Approved,0.1655,0
L302367,C102367,Vehicle Loan,675514.89,120,52800,741,246.13,2.4,Approved,0.116,0
L304401,C104401,Vehicle Loan,1171711.61,12,176100,711,26809.61,4.5,Approved,0.0736,0
L308877,C108877,Personal Loan,263161.23,12,36300,715,7009.46,6.3,Pending,0.139,0
L307414,C107414,Education Loan,884410.65,36,73900,723,14671.0,4.0,Pending,0.1123,0
L309181,C109181,Education Loan,1497356.26,180,72100,686,12200.46,4.4,Pending,0.1337,0
L309495,C109495,Home Loan,1942718.96,24,109200,660,5410.11,19.4,Pending,0.0529,0
L304510,C104510,Business Loan,3526909.4,120,105800,753,14963.51,8.7,Pending,0.0899,0
L309624,C109624,Education Loan,1777214.46,12,46200,859,9049.63,24.5,Approved,0.0353,0
L300174,C100174,Home Loan,5467235.45,180,86100,563,9841.75,16.0,Approved,0.1723,0
L302509,C102509,Home Loan,7775821.34,24,63700,756,8574.43,1.1,Approved,0.1461,0
L305939,C105939,Vehicle Loan,147356.83,180,9400,679,364.93,5.4,Approved,0.1185,0
L306367,C106367,Education Loan,1103434.96,36,44100,670,12578.51,5.2,Approved,0.2361,0
L304646,C104646,Personal Loan,695020.14,180,86500,645,0.0,16.5,Approved,0.0892,0
L303091,C103091,Vehicle Loan,715839.41,12,28200,686,6581.67,13.8,Approved,0.1685,1
L301899,C101899,Business Loan,1449103.26,12,9200,650,591.33,10.3,Approved,0.3696,0
L302913,C102913,Education Loan,823137.51,36,16500,695,941.08,5.6,Pending,0.1337,0
L300746,C100746,Personal Loan,679173.96,36,89400,701,25252.34,12.4,Approved,0.1843,0
L306868,C106868,Vehicle Loan,856748.83,12,77000,800,15798.51,18.7,Pending,0.0712,0
L300723,C100723,Home Loan,5443117.74,120,9800,692,0.0,3.2,Approved,0.1165,0
L301596,C101596,Education Loan,605881.77,120,68200,656,15568.33,7.1,Approved,0.1514,0
L309406,C109406,Personal Loan,201750.18,12,78300,708,17514.22,11.0,Approved,0.1227,0
L309312,C109312,Education Loan,192712.02,24,66400,779,15953.74,5.0,Approved,0.1233,0
L307039,C107039,Vehicle Loan,916286.38,84,85100,744,4666.46,25.9,Pending,0.0458,0
L302201,C102201,Personal Loan,112301.3,12,22900,735,4385.94,0.0,Pending,0.1257,0
L306515,C106515,Vehicle Loan,962707.07,84,83800,625,25524.42,3.9,Approved,0.2011,0
L305108,C105108,Vehicle Loan,525056.0,60,18800,546,3258.76,9.7,Approved,0.3208,0
L302895,C102895,Home Loan,4783749.53,120,142400,674,34015.05,4.9,Approved,0.1844,0
L303956,C103956,Business Loan,3206305.82,60,138600,676,0.0,18.1,Pending,0.0683,0
L304383,C104383,Personal Loan,748647.77,60,17100,667,2669.18,19.0,Pending,0.119,0
L303404,C103404,Personal Loan,348008.22,120,13900,801,1495.79,4.2,Approved,0.0588,0
L302301,C102301,Business Loan,3258345.18,36,92000,623,6331.26,4.8,Approved,0.1843,0
L301752,C101752,Business Loan,1366752.43,24,64100,671,16229.3,14.0,Pending,0.1026,0
L304934,C104934,Vehicle Loan,1359556.31,60,12900,719,4175.42,4.0,Approved,0.1952,0
L305630,C105630,Vehicle Loan,1478509.03,24,99500,823,13611.55,4.1,Pending,0.0977,0
L309579,C109579,Education Loan,389120.78,12,87800,781,17747.45,17.8,Approved,0.0679,0
L307105,C107105,Personal Loan,619832.77,84,65200,728,5019.26,9.3,Approved,0.0776,0
L302832,C102832,Personal Loan,439325.34,180,73000,840,16823.62,9.8,Approved,0.054,0
L304222,C104222,Personal Loan,787120.4,12,79300,817,16822.27,14.5,Approved,0.068,0
L305470,C105470,Home Loan,3204901.33,180,74000,693,9312.98,17.7,Approved,0.0998,0
L303473,C103473,Personal Loan,583502.68,36,72800,759,17801.36,32.6,Approved,0.0536,0
L305270,C105270,Vehicle Loan,771830.53,60,125500,789,10060.89,3.4,Approved,0.0727,0
L308144,C108144,Business Loan,2225288.71,12,58700,683,13480.28,17.7,Approved,0.1824,0
L305764,C105764,Home Loan,4396313.98,84,90400,707,0.0,9.8,Approved,0.1072,0
L304807,C104807,Business Loan,3662935.82,180,100300,795,12447.1,18.8,Pending,0.0437,0
L309007,C109007,Education Loan,630852.51,60,66700,820,6435.92,13.0,Pending,0.0511,0
L305209,C105209,Business Loan,3854777.11,12,60700,713,6159.08,0.2,Approved,0.1889,0
L301511,C101511,Education Loan,328475.7,36,37900,685,4589.72,7.4,Approved,0.1102,0
L306407,C106407,Vehicle Loan,1067924.74,24,78700,698,10691.32,15.5,Pending,0.1102,0
L303151,C103151,Education Loan,1798572.2,12,78100,663,7575.13,3.6,Pending,0.1407,0
L303689,C103689,Education Loan,1456271.16,84,55800,736,3350.89,2.6,Pending,0.0793,1
L303198,C103198,Personal Loan,558973.33,60,43100,799,9727.53,34.2,Pending,0.0497,0
L305267,C105267,Home Loan,2256262.67,84,74300,698,6592.57,21.8,Approved,0.0802,0
L301459,C101459,Personal Loan,434553.55,120,83100,753,6949.25,5.2,Pending,0.0895,1
L305187,C105187,Business Loan,1499233.08,36,52600,536,7784.56,3.0,Approved,0.3386,0
L304188,C104188,Business Loan,1027165.89,24,9300,703,2281.58,0.9,Pending,0.2955,0
L303206,C103206,Personal Loan,283891.8,84,119200,712,30818.02,36.7,Approved,0.0832,1
L309384,C109384,Personal Loan,325206.62,60,77800,702,27905.28,14.4,Approved,0.1595,0
L302676,C102676,Home Loan,7040908.76,60,55800,756,19534.17,23.3,Pending,0.1654,0
L301014,C101014,Personal Loan,456746.79,60,56100,642,6319.37,6.0,Approved,0.1746,0
L308629,C108629,Vehicle Loan,408167.23,180,69700,687,4502.14,0.0,Approved,0.1872,0
L305649,C105649,Vehicle Loan,1221751.82,120,48600,657,12372.57,9.7,Approved,0.1926,1
L308863,C108863,Personal Loan,754773.36,60,87500,695,19388.21,33.7,Approved,0.0835,0
L306602,C106602,Vehicle Loan,209874.93,36,73900,561,16675.35,6.9,Pending,0.25,0
L304344,C104344,Business Loan,3031816.58,84,53100,636,12304.84,7.6,Approved,0.2661,1
L300800,C100800,Business Loan,3848452.95,180,79400,701,18551.46,0.0,Pending,0.1746,1
L308194,C108194,Business Loan,2459369.18,60,78600,812,9072.27,1.9,Approved,0.0552,1
L307744,C107744,Home Loan,4768517.17,60,57500,638,18107.24,4.7,Approved,0.2753,0
L303853,C103853,Vehicle Loan,625229.17,24,68700,617,15091.03,3.9,Approved,0.1739,0
L305384,C105384,Personal Loan,51960.32,180,37200,712,6799.19,1.7,Approved,0.1465,0
L306870,C106870,Education Loan,549666.13,84,76400,789,11264.84,4.1,Approved,0.0595,0
L301765,C101765,Education Loan,1413202.72,180,98300,720,13498.09,30.9,Pending,0.0621,0
L308489,C108489,Education Loan,648031.25,120,41700,631,13251.77,10.0,Approved,0.174,0
L300155,C100155,Vehicle Loan,823316.4,84,63900,685,7232.03,8.0,Approved,0.1452,0
L307111,C107111,Home Loan,3881224.43,120,105700,622,22901.31,7.3,Approved,0.1937,0
L302739,C102739,Vehicle Loan,276339.72,24,128000,654,36466.44,11.2,Approved,0.2604,1
L304616,C104616,Education Loan,1120407.07,12,28900,663,3232.95,4.9,Approved,0.2159,0
L304747,C104747,Education Loan,1268940.82,120,12600,719,1177.76,8.0,Approved,0.106,0
L306919,C106919,Personal Loan,191892.58,180,58200,635,4271.45,9.4,Approved,0.1426,0
L308018,C108018,Business Loan,4819596.22,24,45100,674,9806.09,5.4,Approved,0.2688,1
L304693,C104693,Home Loan,2796138.09,24,65200,765,5860.2,21.0,Approved,0.0638,0
L303749,C103749,Education Loan,1497121.21,12,97300,704,23047.79,24.7,Pending,0.1431,0
L307487,C107487,Home Loan,4646252.52,24,64800,765,13616.36,10.9,Approved,0.0971,0
L309244,C109244,Education Loan,116338.33,120,75700,657,4164.68,18.3,Approved,0.0693,0
L303306,C103306,Education Loan,1841087.97,84,58200,588,14502.65,10.7,Approved,0.2443,0
L303832,C103832,Education Loan,413807.52,24,94600,900,12243.86,25.7,Approved,0.0248,0
L303630,C103630,Education Loan,543479.9,84,117400,610,0.0,9.3,Approved,0.0966,0
L301716,C101716,Home Loan,4159272.38,60,61100,705,5244.09,19.3,Approved,0.0735,0
L301874,C101874,Education Loan,1597222.54,120,65700,775,5764.95,9.1,Approved,0.0853,0
L307395,C107395,Business Loan,782858.41,36,50500,736,14156.17,0.4,Approved,0.189,0
L304919,C104919,Personal Loan,479071.22,180,12900,656,1045.59,16.6,Pending,0.138,0
L308842,C108842,Education Loan,178252.11,12,92600,899,17513.23,17.0,Approved,0.0467,0
L305787,C105787,Personal Loan,190045.15,180,46900,713,10757.65,7.5,Pending,0.1137,1
L300919,C100919,Education Loan,1598759.48,36,66400,689,894.5,5.7,Pending,0.0922,0
L301308,C101308,Home Loan,2752678.48,36,58300,668,15115.26,11.1,Approved,0.2463,0
L303149,C103149,Business Loan,1299887.94,60,52700,660,3877.15,3.0,Pending,0.1464,0
L305836,C105836,Home Loan,7106862.93,60,43200,699,6881.27,9.2,Approved,0.1105,0
L304164,C104164,Education Loan,1945344.5,84,63900,696,14280.38,11.3,Approved,0.1549,0
L306451,C106451,Personal Loan,760506.45,84,42200,604,902.72,20.0,Approved,0.1249,0
L306033,C106033,Vehicle Loan,1217829.08,60,57800,640,14186.0,31.6,Approved,0.1379,0
L307522,C107522,Vehicle Loan,968828.46,24,15200,711,2455.26,8.5,Approved,0.1115,0
L309779,C109779,Vehicle Loan,1293632.36,12,70500,853,9379.67,26.6,Approved,0.0296,0
L300225,C100225,Home Loan,1304784.74,36,53400,760,2582.63,10.6,Approved,0.087,0
L306604,C106604,Home Loan,5971503.16,12,42100,793,2445.57,11.3,Pending,0.1357,0
L304599,C104599,Education Loan,420310.84,180,26900,741,3196.38,19.4,Pending,0.0756,0
L301817,C101817,Personal Loan,281813.11,24,48100,658,8145.4,3.9,Approved,0.2943,0
L303695,C103695,Education Loan,1604392.78,36,52200,696,10116.41,21.3,Approved,0.0842,0
L307318,C107318,Business Loan,478180.36,24,81600,761,13727.38,20.7,Approved,0.0569,0
L308552,C108552,Education Loan,208592.57,12,72000,732,15322.62,12.6,Pending,0.1164,0
L306553,C106553,Vehicle Loan,104420.35,24,53700,764,7946.93,12.3,Pending,0.0794,0
L303060,C103060,Vehicle Loan,1017097.89,12,54900,672,15652.36,7.2,Pending,0.3096,1
L303576,C103576,Home Loan,5139984.7,60,83200,609,15894.5,6.6,Approved,0.1871,0
L302679,C102679,Education Loan,444268.45,120,34600,639,0.0,7.1,Pending,0.1681,0
L300012,C100012,Vehicle Loan,409610.89,120,51500,779,8814.92,21.7,Approved,0.0846,0
L304107,C104107,Personal Loan,144583.07,24,77500,680,19750.24,25.2,Approved,0.1096,0
L305174,C105174,Home Loan,4240102.61,180,87600,695,18182.38,7.0,Approved,0.1279,0
L301656,C101656,Business Loan,3066200.59,12,64600,639,9203.79,22.0,Approved,0.1994,0
L305603,C105603,Home Loan,2551544.25,24,71300,752,0.0,6.0,Pending,0.0818,0
L307638,C107638,Business Loan,1643098.16,84,77500,502,19259.01,17.1,Approved,0.3569,1
L301790,C101790,Home Loan,6705694.38,12,94700,660,12384.9,20.0,Approved,0.2099,0
L300255,C100255,Home Loan,5441083.59,36,8000,748,1763.3,4.3,Approved,0.4708,0
L305416,C105416,Business Loan,3956347.34,24,44400,648,0.0,6.5,Pending,0.1709,1
L300591,C100591,Business Loan,3829516.74,24,36300,900,2547.66,20.8,Approved,0.0309,0
L307376,C107376,Home Loan,6795331.36,60,54600,708,6329.84,21.4,Approved,0.0729,0
L305702,C105702,Personal Loan,709914.48,24,34500,757,5992.05,7.4,Approved,0.104,0
L308597,C108597,Vehicle Loan,1266989.79,120,53400,774,2671.76,16.1,Approved,0.0566,0
L307500,C107500,Home Loan,4427168.24,120,122900,721,20780.78,10.6,Approved,0.1642,0
L300178,C100178,Personal Loan,743267.62,12,111800,634,0.0,8.8,Approved,0.1501,0
L306352,C106352,Business Loan,1729899.09,60,27500,736,4665.4,2.0,Approved,0.0867,0
L307792,C107792,Home Loan,2444146.65,84,64000,625,535.5,22.8,Pending,0.1221,0
L304732,C104732,Vehicle Loan,824096.61,84,45100,674,5151.83,26.3,Approved,0.1031,0
L300515,C100515,Personal Loan,159038.69,36,24500,662,4533.43,3.4,Pending,0.2082,1
L309515,C109515,Education Loan,412973.76,84,92800,574,15515.84,21.6,Approved,0.2109,0
L309744,C109744,Home Loan,3367288.44,60,14000,581,3639.84,6.4,Pending,0.497,1
L308804,C108804,Education Loan,1117608.29,12,89600,598,9129.5,15.4,Approved,0.2135,0
L302638,C102638,Education Loan,1942736.94,60,64400,857,9954.2,3.2,Pending,0.0733,0
L304352,C104352,Education Loan,528888.04,60,44000,682,0.0,18.8,Approved,0.0778,0
L305126,C105126,Personal Loan,116770.24,180,73400,615,4636.09,6.6,Approved,0.1794,0
L305181,C105181,Education Loan,1487934.6,180,91100,586,9197.76,25.1,Pending,0.1225,0
L304935,C104935,Home Loan,5542515.21,24,58100,715,9205.3,15.9,Approved,0.1534,0
L307195,C107195,Vehicle Loan,771646.81,36,41200,661,777.31,11.2,Approved,0.1088,1
L305005,C105005,Home Loan,5203610.54,84,104700,670,37313.66,33.5,Approved,0.1074,0
L302245,C102245,Home Loan,6797267.78,84,50400,900,9615.8,27.5,Approved,0.023,0
L302356,C102356,Vehicle Loan,1158947.27,180,91500,709,26122.28,6.6,Approved,0.1395,0
L305163,C105163,Vehicle Loan,1307005.63,60,109100,611,13684.97,31.2,Pending,0.1152,0
L308330,C108330,Education Loan,108227.06,36,90600,597,0.0,0.7,Approved,0.1766,0
L309222,C109222,Vehicle Loan,1433048.4,36,19600,759,5799.56,15.4,Approved,0.1501,0
L304662,C104662,Education Loan,1814360.14,120,66400,696,0.0,4.3,Pending,0.108,0
L308889,C108889,Business Loan,3850227.11,180,54500,644,0.0,2.5,Approved,0.1884,0
L303775,C103775,Business Loan,2675021.84,36,57200,719,8218.43,3.6,Approved,0.1455,0
L305309,C105309,Vehicle Loan,127401.58,24,61800,701,15453.57,11.8,Approved,0.1545,0
L308049,C108049,Home Loan,5451190.57,180,93600,694,0.0,25.1,Approved,0.0458,0
L309170,C109170,Education Loan,949460.88,12,74700,729,0.0,8.7,Approved,0.1256,0
L300841,C100841,Business Loan,1529454.94,60,69200,764,6466.42,21.4,Pending,0.0432,0
L303315,C103315,Vehicle Loan,1125951.03,84,152700,595,9298.11,28.9,Approved,0.1344,1
L305182,C105182,Education Loan,938048.23,180,74700,816,0.0,23.7,Approved,0.0241,0
L307543,C107543,Home Loan,4956371.11,120,91200,899,15535.03,22.9,Approved,0.0234,0
L309129,C109129,Vehicle Loan,1473565.64,60,91300,647,9271.41,3.4,Pending,0.2186,0
L305266,C105266,Business Loan,438915.54,120,58500,679,13240.16,5.8,Approved,0.1624,0
L308718,C108718,Business Loan,4468139.65,60,83000,571,21388.25,22.6,Approved,0.3106,0
L301842,C101842,Education Loan,1935600.08,12,107700,589,12908.57,9.6,Approved,0.2027,0
L305661,C105661,Personal Loan,559871.5,36,50500,764,3915.22,3.8,Approved,0.0816,0
L306826,C106826,Education Loan,827315.62,60,61700,768,0.0,6.3,Approved,0.0557,0
L309080,C109080,Personal Loan,431923.58,12,82100,729,15449.09,17.8,Pending,0.0942,0
L300048,C100048,Business Loan,4097048.56,84,62500,603,12486.09,14.4,Approved,0.2524,0
L302653,C102653,Vehicle Loan,239083.01,84,97700,640,22326.01,10.5,Approved,0.2122,0
L302604,C102604,Education Loan,1764621.01,84,17100,589,4343.45,19.8,Approved,0.1976,0
L307910,C107910,Vehicle Loan,1279794.57,180,40900,699,11235.83,0.5,Approved,0.1925,0
L308616,C108616,Education Loan,299060.39,60,74100,660,14153.88,26.9,Approved,0.0821,0
L308322,C108322,Business Loan,1029172.84,36,45300,728,7321.43,6.9,Approved,0.1007,0
L300421,C100421,Business Loan,1195365.04,60,52400,685,7815.59,13.6,Pending,0.0994,0
L306303,C106303,Business Loan,1073947.29,180,27000,601,8483.72,15.3,Pending,0.2224,0
L303790,C103790,Business Loan,4285107.05,60,8000,761,696.27,3.6,Approved,0.1948,0
L305411,C105411,Personal Loan,775260.27,36,63900,692,18538.78,4.7,Approved,0.1767,1
L309471,C109471,Education Loan,137293.19,24,52600,637,13675.35,28.2,Approved,0.1165,1
L308541,C108541,Education Loan,1857298.45,24,39200,679,7818.26,13.1,Pending,0.1936,0
L307389,C107389,Vehicle Loan,1281886.78,60,38300,766,10644.88,8.7,Approved,0.1335,0
L302229,C102229,Business Loan,1854925.14,84,43700,900,5168.28,11.7,Approved,0.0374,0
L303335,C103335,Personal Loan,623056.33,180,89200,702,2504.11,2.8,Pending,0.1499,0
L306857,C106857,Education Loan,1709493.18,60,98500,814,18553.85,28.6,Approved,0.0402,0
L305369,C105369,Vehicle Loan,957978.23,60,24100,486,4074.59,10.2,Approved,0.4207,1
L303353,C103353,Personal Loan,323984.51,36,82900,609,776.72,11.2,Approved,0.1517,0
L303826,C103826,Education Loan,783561.87,36,130100,802,23150.3,5.7,Approved,0.0736,0
L302931,C102931,Business Loan,3803196.23,12,107400,712,36468.19,13.7,Pending,0.2398,1
L304989,C104989,Personal Loan,417782.88,24,66200,770,10085.88,21.0,Pending,0.0641,0
L304043,C104043,Vehicle Loan,942511.98,24,87600,785,12776.13,1.5,Approved,0.0709,0
L304063,C104063,Home Loan,5203616.6,84,59100,833,4010.73,7.6,Pending,0.0653,0
L308666,C108666,Business Loan,3153463.4,60,80800,745,22558.4,20.7,Pending,0.108,0
L300916,C100916,Education Loan,1526730.85,12,57700,652,849.94,6.2,Approved,0.1868,0
L302882,C102882,Vehicle Loan,1401880.79,24,62500,747,14316.09,13.7,Approved,0.1555,0
L300204,C100204,Home Loan,6405629.61,84,108900,737,13497.04,9.1,Pending,0.1139,0
L306927,C106927,Vehicle Loan,969878.07,12,56300,740,12170.99,3.3,Pending,0.1754,0
L306851,C106851,Business Loan,1443822.26,36,99100,701,22042.14,20.2,Pending,0.0982,0
L305821,C105821,Vehicle Loan,741628.76,36,57900,625,8262.53,9.8,Approved,0.0935,0
L309943,C109943,Personal Loan,361755.65,60,60500,739,16053.69,0.9,Approved,0.2212,1
L302994,C102994,Personal Loan,429807.92,84,72800,578,22321.57,11.7,Approved,0.2642,0
L300037,C100037,Vehicle Loan,543130.87,12,77100,590,6839.94,7.8,Approved,0.2151,1
L303245,C103245,Vehicle Loan,662927.8,24,29700,577,0.0,30.6,Pending,0.118,0
L303471,C103471,Vehicle Loan,268071.09,12,83200,830,6269.42,6.7,Pending,0.0829,0
L307112,C107112,Business Loan,1105993.35,12,114300,542,9567.44,34.8,Approved,0.1444,1
L308924,C108924,Vehicle Loan,184420.45,36,150500,611,15831.16,12.8,Approved,0.1118,0
L303915,C103915,Business Loan,4821898.14,180,40100,774,6170.5,2.6,Approved,0.0978,0
L304868,C104868,Personal Loan,344811.09,36,67100,705,9899.87,35.8,Approved,0.0612,0
L302114,C102114,Vehicle Loan,199761.53,12,64200,571,18469.19,8.8,Pending,0.2936,0
L301929,C101929,Business Loan,3160417.33,12,52100,694,9623.86,10.5,Approved,0.2239,0
L300859,C100859,Personal Loan,584237.33,84,62500,708,12158.17,15.9,Approved,0.1028,0
L305052,C105052,Business Loan,4240325.2,84,113200,783,17137.3,16.8,Approved,0.0839,1
L302176,C102176,Business Loan,1402398.07,36,39000,583,10472.77,2.0,Pending,0.2984,0
L309920,C109920,Home Loan,3596126.55,120,76500,595,9742.89,6.6,Pending,0.2314,0
L304146,C104146,Vehicle Loan,512415.89,12,50800,578,2468.67,12.2,Approved,0.209,1
L305443,C105443,Vehicle Loan,1134115.81,180,94300,806,3127.7,29.5,Approved,0.0351,0
L307430,C107430,Home Loan,3134078.63,120,69900,863,15679.28,16.2,Pending,0.054,0
L301445,C101445,Business Loan,3928191.73,36,71800,591,0.0,0.4,Approved,0.348,0
L308151,C108151,Business Loan,720791.34,36,49000,716,4486.98,12.5,Pending,0.0651,0
L306864,C106864,Business Loan,3737752.58,180,100300,653,14594.17,19.6,Approved,0.094,0
L301109,C101109,Education Loan,1520244.28,120,79400,606,9755.15,0.6,Approved,0.191,0
L305619,C105619,Vehicle Loan,1007161.69,180,62700,583,1675.49,3.1,Approved,0.1837,0
L304834,C104834,Education Loan,1376884.33,60,62500,783,10454.55,9.4,Approved,0.1087,0
L301231,C101231,Education Loan,1030321.57,24,75900,746,19681.74,27.4,Pending,0.0715,0
L309105,C109105,Personal Loan,377310.4,60,36500,667,1642.1,0.0,Approved,0.119,0
L300261,C100261,Personal Loan,672955.75,60,91200,794,26145.88,1.5,Pending,0.1352,0
L302329,C102329,Home Loan,2674999.55,24,75000,522,0.0,4.4,Pending,0.3027,1
L308670,C108670,Home Loan,4655805.14,120,17900,742,1854.48,16.1,Approved,0.068,0
L301312,C101312,Personal Loan,662924.27,120,67000,653,0.0,21.3,Approved,0.06,0
L305350,C105350,Personal Loan,336906.77,60,74500,769,13217.22,3.7,Approved,0.0818,0
L309511,C109511,Education Loan,805449.1,60,32500,604,0.0,19.2,Approved,0.0879,0
L303468,C103468,Personal Loan,66915.6,12,114600,694,5907.22,15.9,Approved,0.0768,0
L306321,C106321,Vehicle Loan,1492494.44,84,64700,764,13426.62,21.0,Pending,0.0655,1
L309667,C109667,Education Loan,1446252.06,36,38700,815,7730.18,25.0,Approved,0.0492,0
L301676,C101676,Education Loan,110432.27,180,72000,607,17007.01,3.8,Approved,0.2614,0
L303268,C103268,Home Loan,7180225.72,60,18000,790,2637.23,1.8,Approved,0.1824,0
L303366,C103366,Home Loan,1624337.89,84,71600,605,342.36,9.6,Approved,0.1407,0
L300561,C100561,Vehicle Loan,681576.8,24,37600,738,2105.87,0.8,Approved,0.1192,0
L309819,C109819,Home Loan,1812260.91,84,52000,744,6719.06,7.2,Approved,0.095,0
L304529,C104529,Education Loan,259726.52,36,88900,769,16189.05,21.0,Approved,0.0472,0
L308155,C108155,Education Loan,806405.43,24,69100,706,4698.29,20.9,Approved,0.0925,0
L301364,C101364,Personal Loan,773146.48,180,17600,673,1941.5,17.9,Approved,0.1266,1
L307280,C107280,Education Loan,449380.77,36,46400,700,5395.31,14.0,Approved,0.0958,0
L309125,C109125,Personal Loan,699247.27,84,19700,635,2207.84,10.2,Pending,0.2873,0
L306726,C106726,Personal Loan,618523.32,180,96200,717,15796.87,23.1,Approved,0.0641,0
L307324,C107324,Personal Loan,249632.02,60,56900,702,13764.03,9.5,Approved,0.1667,0
L308171,C108171,Home Loan,7080316.84,24,73500,589,5589.74,18.8,Approved,0.1544,0
L308384,C108384,Home Loan,4934695.57,24,39700,812,3642.97,8.9,Pending,0.0744,0
L304560,C104560,Education Loan,1464139.54,84,47900,639,0.0,18.6,Pending,0.0906,0
L307935,C107935,Business Loan,396598.09,24,8000,631,2433.41,2.7,Approved,0.3007,0
L304711,C104711,Business Loan,4568598.02,120,65800,785,5212.83,17.4,Pending,0.0668,0
L304234,C104234,Education Loan,1971781.14,60,30300,653,5681.36,4.7,Approved,0.1949,0
L301733,C101733,Education Loan,477178.58,24,61800,689,5417.89,7.6,Approved,0.1053,0
L305484,C105484,Education Loan,1696932.57,180,30000,799,0.0,7.8,Pending,0.0484,0
L304249,C104249,Personal Loan,112640.63,12,58300,638,11639.79,11.7,Approved,0.1252,0
L309362,C109362,Home Loan,4612320.33,180,61000,755,10930.34,24.9,Pending,0.0484,0
L300117,C100117,Education Loan,293200.72,24,39300,716,6755.13,2.6,Pending,0.1783,0
L304223,C104223,Personal Loan,711765.44,120,96900,648,16017.33,13.6,Approved,0.1653,0
L309211,C109211,Personal Loan,786280.18,180,69000,636,17930.53,6.3,Approved,0.2112,0
L308456,C108456,Education Loan,426783.96,84,73400,637,16603.43,30.7,Pending,0.0785,0
L309424,C109424,Home Loan,2960028.76,84,30300,675,4745.8,7.5,Approved,0.1701,1
L306460,C106460,Vehicle Loan,1409056.99,24,28300,720,0.0,2.7,Approved,0.126,0
L302579,C102579,Vehicle Loan,525135.42,180,79500,678,0.0,13.2,Approved,0.0948,0
L308329,C108329,Personal Loan,490598.92,180,129500,564,21183.36,16.4,Approved,0.1811,1
L306586,C106586,Home Loan,1410089.77,60,53500,558,15671.33,15.7,Pending,0.262,0
L303518,C103518,Vehicle Loan,995318.92,84,69400,564,4068.22,22.5,Approved,0.1619,0
L301660,C101660,Personal Loan,392819.61,24,82100,687,13080.89,22.5,Pending,0.0887,0
L300518,C100518,Business Loan,4646350.9,12,54300,782,6519.86,4.5,Pending,0.1548,0
L305418,C105418,Personal Loan,406372.92,120,33800,556,0.0,7.0,Approved,0.2566,0
L305972,C105972,Home Loan,1447833.79,120,16000,778,1400.23,18.6,Pending,0.06,0
L309900,C109900,Education Loan,464087.53,24,30300,594,4376.02,11.5,Pending,0.2397,0
L305149,C105149,Vehicle Loan,118344.39,120,49000,753,3230.69,17.7,Pending,0.0766,0
L300602,C100602,Home Loan,7354499.72,84,21700,686,2375.14,20.7,Pending,0.0843,0
L304983,C104983,Education Loan,1340187.16,120,92300,759,7237.49,5.6,Approved,0.0587,0
L309719,C109719,Home Loan,1437101.77,120,62800,635,2603.35,8.9,Approved,0.1392,1
L302587,C102587,Vehicle Loan,995784.74,180,40900,636,10682.28,8.2,Approved,0.1828,0
L307300,C107300,Vehicle Loan,343209.18,84,66600,718,7781.2,23.9,Approved,0.0855,0
L301946,C101946,Business Loan,4598658.75,36,59600,628,0.0,4.2,Pending,0.1761,1
L305439,C105439,Home Loan,6816256.4,12,41400,826,8775.67,10.3,Approved,0.2027,0
L309172,C109172,Business Loan,1995930.54,12,66400,682,24341.85,2.4,Approved,0.3223,1
L300627,C100627,Personal Loan,320635.76,36,50300,819,16013.04,10.3,Approved,0.089,0
L300345,C100345,Home Loan,3708134.03,36,52800,708,2276.43,9.3,Approved,0.0713,0
L304082,C104082,Personal Loan,703950.02,84,65700,782,6124.98,19.0,Approved,0.0577,0
L303169,C103169,Home Loan,2884385.13,84,58900,715,6677.1,6.7,Approved,0.0928,0
L305805,C105805,Personal Loan,787808.8,24,83100,823,2038.57,1.4,Approved,0.0553,0
L309732,C109732,Home Loan,3944620.4,60,94200,804,11698.32,12.9,Pending,0.0647,0
L302574,C102574,Business Loan,3317775.98,12,81600,637,523.83,24.1,Approved,0.1994,0
L300210,C100210,Business Loan,1150187.37,12,64800,714,1548.7,3.3,Pending,0.1264,0
L306838,C106838,Home Loan,3915055.18,12,68100,764,17167.82,0.7,Approved,0.2269,0
L305225,C105225,Business Loan,857248.08,12,81700,695,9185.14,18.7,Approved,0.091,0
L302314,C102314,Vehicle Loan,530434.02,120,32800,748,4528.09,4.9,Pending,0.1011,0
L305963,C105963,Personal Loan,294776.73,84,123200,740,11140.94,10.1,Approved,0.0705,0
L301150,C101150,Education Loan,1803126.4,24,58900,693,5734.54,4.9,Pending,0.2,0
L305434,C105434,Personal Loan,265460.89,180,67100,791,4943.13,5.5,Approved,0.0559,0
L300722,C100722,Business Loan,3515773.79,24,64800,727,20298.2,11.9,Approved,0.132,1
L305366,C105366,Vehicle Loan,526856.27,36,61800,655,3356.3,1.1,Approved,0.164,0
L304578,C104578,Home Loan,1372145.15,24,51700,680,0.0,4.5,Approved,0.1707,0
L300987,C100987,Business Loan,4124074.83,24,70700,684,7844.63,7.4,Approved,0.1341,0
L300572,C100572,Home Loan,1223360.42,36,65600,713,3862.41,7.4,Approved,0.0983,0
L308443,C108443,Home Loan,3440785.06,60,45400,601,9862.01,0.0,Pending,0.4014,0
L305494,C105494,Vehicle Loan,231950.47,84,23100,879,4213.7,19.6,Pending,0.0246,0
L309466,C109466,Education Loan,1216733.76,120,94900,656,17268.84,18.0,Approved,0.1725,0
L306458,C106458,Home Loan,5417675.08,36,12100,772,3475.81,11.4,Approved,0.2487,1
L308975,C108975,Business Loan,677911.69,120,39800,679,9762.22,1.1,Approved,0.2016,1
L308918,C108918,Business Loan,4013821.03,120,66400,712,18865.58,7.9,Approved,0.1129,0
L304892,C104892,Personal Loan,404564.87,36,67900,661,10467.23,0.7,Pending,0.1575,0
L300490,C100490,Personal Loan,312514.91,120,62500,669,10268.43,32.8,Approved,0.0685,0
L302025,C102025,Home Loan,1765916.27,24,86300,772,16705.96,5.8,Approved,0.0917,0
L306215,C106215,Personal Loan,781153.41,180,64100,537,14226.43,16.5,Pending,0.2818,0
L308348,C108348,Vehicle Loan,418285.73,84,46700,649,8025.79,14.7,Approved,0.1128,0
L307457,C107457,Home Loan,2901913.39,180,46400,646,7696.98,25.1,Approved,0.1294,0
L309381,C109381,Home Loan,4346768.48,24,8000,543,657.24,10.2,Rejected,0.7722,1
L300469,C100469,Home Loan,1945326.17,60,85400,648,13285.56,21.1,Pending,0.0901,0
L302278,C102278,Business Loan,1391088.26,60,79600,872,13457.44,7.1,Approved,0.0538,0
L305285,C105285,Personal Loan,549743.94,12,47800,794,8368.64,19.6,Pending,0.056,0
L302980,C102980,Vehicle Loan,1084810.27,60,87500,678,16962.01,17.9,Approved,0.1124,1
L300526,C100526,Home Loan,2807579.18,24,60300,662,9253.14,29.9,Approved,0.1072,0
L309519,C109519,Vehicle Loan,1038975.37,12,118400,670,15529.35,26.5,Approved,0.0812,0
L303046,C103046,Vehicle Loan,477938.12,36,124500,693,25991.18,6.9,Approved,0.1751,0
L300994,C100994,Business Loan,1800919.01,12,120400,744,20705.77,5.4,Approved,0.0948,1
L307283,C107283,Education Loan,1181812.58,84,54900,710,12516.01,0.5,Approved,0.1243,0
L306765,C106765,Home Loan,6459073.27,24,58500,689,5342.91,12.5,Approved,0.227,1
L309870,C109870,Personal Loan,238405.35,60,74900,693,15321.3,19.1,Approved,0.1201,0
L305989,C105989,Business Loan,3007441.44,12,16100,729,3458.72,16.0,Approved,0.2753,0
L307556,C107556,Personal Loan,242545.48,120,68900,613,4144.05,30.1,Approved,0.0929,1
L305113,C105113,Vehicle Loan,376043.66,12,12800,637,2679.95,0.5,Approved,0.3075,0
L305966,C105966,Vehicle Loan,550436.24,12,56500,680,0.0,15.8,Approved,0.0705,0
L302256,C102256,Business Loan,1190173.12,84,96000,735,29224.46,11.4,Approved,0.1544,0
L309592,C109592,Business Loan,2325889.53,120,42000,762,0.0,29.3,Pending,0.0422,0
L308543,C108543,Personal Loan,302491.25,120,37500,665,12040.23,7.3,Pending,0.2194,1
L306423,C106423,Home Loan,4567853.52,120,88600,639,16777.01,14.7,Pending,0.1344,0
L306564,C106564,Business Loan,4882355.28,36,48500,653,8787.28,0.3,Approved,0.3478,0
L305692,C105692,Personal Loan,461084.45,24,86300,678,12103.61,9.5,Approved,0.1026,1
L304415,C104415,Vehicle Loan,1132542.4,60,88600,829,7409.85,6.5,Approved,0.048,0
L307501,C107501,Education Loan,109103.77,84,49800,649,6207.48,1.6,Approved,0.1916,0
L305044,C105044,Education Loan,421091.35,84,69300,840,8462.67,21.6,Pending,0.049,0
L308997,C108997,Education Loan,1487144.13,24,22300,658,41.48,9.8,Approved,0.1667,0
L306243,C106243,Vehicle Loan,1080494.79,60,84100,631,15710.55,9.7,Approved,0.2341,0
L307444,C107444,Personal Loan,654831.87,180,99100,662,0.0,6.9,Pending,0.1107,0
L302700,C102700,Education Loan,1720577.57,60,82300,526,16348.28,25.0,Approved,0.2528,0
L309940,C109940,Business Loan,1068405.18,120,36300,683,4594.3,8.8,Approved,0.1802,1
L303970,C103970,Education Loan,294739.73,24,14600,596,4891.03,13.3,Pending,0.3342,0
L303898,C103898,Home Loan,5280185.65,12,35000,678,4751.86,3.0,Approved,0.4247,1
L303710,C103710,Home Loan,1367532.45,12,106200,718,28923.5,10.3,Pending,0.1606,0
L302924,C102924,Home Loan,7387782.9,84,75400,820,0.0,13.4,Approved,0.041,0
L304658,C104658,Home Loan,7443244.91,12,18300,791,1922.35,9.5,Rejected,0.7103,1
L301659,C101659,Home Loan,1227525.72,24,55800,727,666.92,8.1,Approved,0.1122,0
L300379,C100379,Business Loan,4282061.14,36,71400,600,15453.37,9.5,Pending,0.2163,0
L301513,C101513,Personal Loan,777313.2,12,63900,711,0.0,11.1,Pending,0.091,0
L306808,C106808,Education Loan,1836629.21,84,45500,827,0.0,0.8,Approved,0.0705,0
L301701,C101701,Business Loan,1051120.0,12,95400,642,22280.5,3.5,Approved,0.2087,0
L302779,C102779,Business Loan,4498711.35,120,34500,716,441.73,0.3,Pending,0.1979,1
L305514,C105514,Personal Loan,76038.95,180,21100,763,4120.5,16.2,Approved,0.0767,0
L307959,C107959,Personal Loan,669397.75,60,68000,801,0.0,6.7,Approved,0.0675,0
L308278,C108278,Vehicle Loan,552765.13,84,84600,692,5442.16,6.3,Approved,0.0864,0
L301603,C101603,Personal Loan,738326.66,24,82400,627,1053.39,4.9,Approved,0.1421,0
L307460,C107460,Personal Loan,52925.03,24,73500,533,19775.53,8.3,Pending,0.3387,1
L306958,C106958,Personal Loan,120081.93,60,67700,722,4414.12,9.2,Approved,0.0875,0
L302955,C102955,Business Loan,365727.76,60,98800,716,7410.66,27.7,Pending,0.0524,0
L307853,C107853,Education Loan,792945.0,60,64500,756,19300.64,16.8,Approved,0.1124,0
L307018,C107018,Home Loan,3974325.67,180,49700,710,4070.13,5.9,Approved,0.1035,0
L302791,C102791,Home Loan,6718662.58,24,61300,700,8072.07,5.0,Approved,0.2238,0
L302514,C102514,Education Loan,1434200.41,180,102500,717,36744.04,2.8,Approved,0.1997,0
L308308,C108308,Business Loan,3021816.99,120,75300,654,9536.04,15.2,Pending,0.1449,0
L306725,C106725,Education Loan,1644090.97,60,105600,735,17839.6,9.8,Pending,0.1137,0
L304789,C104789,Vehicle Loan,519601.61,12,19000,805,630.35,13.5,Approved,0.0488,0
L301589,C101589,Personal Loan,185109.4,180,59200,588,9405.78,0.6,Approved,0.217,0
L303702,C103702,Personal Loan,177444.86,60,33600,638,6172.62,4.4,Approved,0.21,0
L305932,C105932,Business Loan,3128113.8,60,102200,499,13845.27,2.8,Approved,0.2739,0
L304495,C104495,Vehicle Loan,1199626.09,12,86900,602,18088.06,19.9,Approved,0.1656,0
L305495,C105495,Business Loan,2600960.63,12,15200,544,3172.91,4.3,Rejected,0.6459,0
L303001,C103001,Vehicle Loan,795853.4,36,20700,789,5937.85,21.6,Approved,0.0683,0
L301454,C101454,Home Loan,1161179.52,120,97200,783,18612.8,14.7,Approved,0.073,0
L303497,C103497,Personal Loan,357565.5,84,13600,645,125.32,8.0,Approved,0.1602,1
L303563,C103563,Business Loan,4545525.69,36,96000,702,7092.29,30.4,Approved,0.0615,0
L306731,C106731,Home Loan,3268684.18,60,59100,645,7328.01,5.6,Approved,0.201,0
L304689,C104689,Education Loan,383733.62,24,87800,808,11942.36,17.0,Pending,0.0472,0
L309201,C109201,Vehicle Loan,1075095.13,36,22200,557,3901.64,14.2,Pending,0.3557,0
L300338,C100338,Personal Loan,314594.17,36,34700,794,4385.64,4.5,Approved,0.0911,0
L307124,C107124,Education Loan,1946139.74,120,47200,773,0.0,2.6,Approved,0.0816,0
L309923,C109923,Education Loan,882112.39,180,98200,648,20879.68,3.8,Approved,0.1817,0
L305104,C105104,Personal Loan,607615.56,24,81000,688,13786.87,1.2,Approved,0.2329,1
L307835,C107835,Vehicle Loan,1303349.19,60,75000,790,9884.22,7.9,Approved,0.0633,0
L301907,C101907,Vehicle Loan,324930.42,36,76800,862,20135.94,3.9,Pending,0.1049,1
L309038,C109038,Personal Loan,614088.97,12,60600,628,13204.94,26.5,Pending,0.1169,0
L308213,C108213,Business Loan,3609394.72,12,118200,764,12139.25,13.3,Approved,0.1031,0
L307094,C107094,Personal Loan,538782.61,120,82300,686,11586.98,23.9,Pending,0.1047,0
L307983,C107983,Business Loan,2946863.19,84,73200,837,0.0,4.1,Approved,0.0537,0
L307955,C107955,Home Loan,3402630.64,12,51200,758,14763.41,2.9,Pending,0.2866,0
L300750,C100750,Vehicle Loan,678540.14,180,85600,613,9418.34,24.4,Approved,0.0721,0
L300349,C100349,Education Loan,1356601.5,60,43900,727,5357.62,2.4,Approved,0.1501,1
L306789,C106789,Vehicle Loan,284895.62,180,32400,841,522.85,6.8,Approved,0.0464,0
L305198,C105198,Vehicle Loan,938646.6,12,71100,638,13333.9,18.5,Pending,0.1829,0
L308358,C108358,Home Loan,5472797.54,120,106100,579,7480.0,24.4,Pending,0.1456,0
L309972,C109972,Education Loan,1322157.47,84,41700,710,5325.05,15.1,Approved,0.0882,0
L305341,C105341,Personal Loan,304648.2,12,73900,581,19701.99,22.7,Approved,0.1722,0
L309643,C109643,Personal Loan,397414.69,120,129900,784,8001.52,6.3,Approved,0.0447,0
L306566,C106566,Home Loan,5678474.11,120,75300,641,12716.95,1.2,Approved,0.2305,0
L304832,C104832,Home Loan,6500855.11,24,66400,849,13285.22,13.2,Pending,0.0911,0
L305800,C105800,Home Loan,5088118.41,60,84300,480,6571.72,1.2,Approved,0.3814,1
L308525,C108525,Business Loan,571635.11,120,52300,698,0.0,2.6,Approved,0.0785,0
L300914,C100914,Vehicle Loan,447306.69,24,78300,774,5894.12,6.8,Pending,0.0667,0
L306096,C106096,Vehicle Loan,870781.18,36,66800,546,3028.82,16.7,Approved,0.164,0
L301266,C101266,Education Loan,1113639.94,36,45900,814,1731.48,1.0,Approved,0.0705,1
L308287,C108287,Vehicle Loan,137482.54,84,51100,558,8220.56,7.0,Approved,0.2402,1
L302766,C102766,Personal Loan,307568.95,84,113600,698,5627.11,10.7,Approved,0.095,0
L307028,C107028,Education Loan,925205.14,24,68200,772,0.0,9.6,Approved,0.062,0
L301864,C101864,Personal Loan,187340.55,24,77400,735,36749.53,8.0,Pending,0.2463,0
L302401,C102401,Education Loan,553831.01,60,70500,768,21133.42,6.3,Approved,0.1207,0
L304850,C104850,Education Loan,902621.45,60,77300,683,22915.47,29.6,Pending,0.1142,0
L302445,C102445,Personal Loan,50752.63,84,91700,629,17565.09,25.8,Pending,0.1199,0
L309529,C109529,Vehicle Loan,1241798.45,36,55200,701,3000.98,8.8,Approved,0.1178,0
L302233,C102233,Education Loan,852119.83,84,19300,839,4845.29,2.1,Pending,0.1203,1
L307540,C107540,Education Loan,1940451.52,60,68600,716,18325.27,7.6,Approved,0.1656,0
L304913,C104913,Education Loan,443082.66,180,58100,611,9996.58,17.5,Approved,0.1494,0
L307246,C107246,Vehicle Loan,273146.67,12,29100,609,9280.48,2.6,Approved,0.319,0
L300402,C100402,Personal Loan,555920.95,120,36000,770,6725.81,4.6,Approved,0.1434,0
L308909,C108909,Vehicle Loan,256833.06,24,76200,520,19742.48,9.5,Pending,0.3315,0
L300737,C100737,Home Loan,3991280.84,24,81100,729,14009.92,7.2,Pending,0.1414,0
L301690,C101690,Business Loan,345850.62,12,94600,762,8812.27,19.8,Approved,0.0877,0
L306617,C106617,Vehicle Loan,257113.72,24,84200,640,19420.28,16.4,Pending,0.1738,0
L306677,C106677,Education Loan,805143.61,120,13700,592,2539.96,9.4,Approved,0.2595,1
L308147,C108147,Personal Loan,560297.53,24,63800,900,9829.1,4.3,Approved,0.0409,0
L301684,C101684,Education Loan,974644.82,60,67000,615,17503.75,7.6,Approved,0.2237,0
L303154,C103154,Personal Loan,194815.21,120,27800,589,5503.79,0.9,Pending,0.3217,0
L309748,C109748,Home Loan,4612043.71,12,32800,703,3081.76,8.8,Approved,0.3291,0
L300770,C100770,Education Loan,1269630.03,180,46000,731,8725.46,6.4,Pending,0.1187,0
L304406,C104406,Business Loan,2620622.16,60,81300,715,423.41,5.9,Approved,0.1207,0
L302871,C102871,Business Loan,995785.08,60,91500,701,16740.42,15.8,Pending,0.1243,1
L302552,C102552,Business Loan,4536523.75,180,17300,642,3946.09,3.0,Approved,0.2594,0
L302167,C102167,Vehicle Loan,1005954.66,12,102200,766,0.0,32.4,Approved,0.0445,0
L308893,C108893,Personal Loan,341909.57,24,71300,715,23186.9,7.2,Approved,0.0873,1
L304929,C104929,Personal Loan,83739.86,60,83900,635,24976.68,6.2,Pending,0.2082,0
L303811,C103811,Education Loan,1389682.33,84,38000,656,2657.28,4.9,Pending,0.1643,0
L306189,C106189,Education Loan,1213411.64,36,51100,714,9633.4,8.0,Approved,0.1558,0
L306939,C106939,Home Loan,1314599.3,180,85900,866,8079.14,12.8,Pending,0.0187,0
L304744,C104744,Personal Loan,301751.48,12,54200,607,13236.47,13.7,Approved,0.228,1
L306370,C106370,Personal Loan,593662.2,84,53300,746,14401.04,20.4,Approved,0.1273,0
L307647,C107647,Vehicle Loan,1261577.88,36,76500,718,9815.26,0.7,Approved,0.1312,0
L300555,C100555,Personal Loan,67443.41,36,17700,565,1909.08,15.3,Approved,0.1454,0
L305404,C105404,Home Loan,1168315.4,36,71800,751,12293.88,0.4,Pending,0.1025,0
L308149,C108149,Business Loan,4488844.44,120,11000,724,0.0,0.8,Approved,0.1382,0
L303876,C103876,Business Loan,2176369.05,60,18900,718,1993.19,16.5,Pending,0.0785,0
L306425,C106425,Education Loan,157841.44,84,102600,620,6077.32,20.7,Pending,0.142,0
L301325,C101325,Education Loan,965371.5,120,36200,825,5929.6,3.7,Approved,0.089,0
L309725,C109725,Business Loan,2306716.5,120,105100,750,719.8,3.3,Approved,0.0806,0
L305151,C105151,Personal Loan,145659.01,36,16100,717,2954.69,19.6,Approved,0.0915,0
L305059,C105059,Home Loan,4873265.92,60,57400,695,13680.28,14.3,Approved,0.1185,1
L302566,C102566,Home Loan,2376646.59,36,102900,590,12205.37,16.1,Approved,0.129,0
L304509,C104509,Vehicle Loan,1353170.78,84,83700,656,14990.91,32.9,Pending,0.0775,0
L309400,C109400,Personal Loan,577843.02,24,74800,613,10556.99,14.2,Approved,0.2243,0
L309316,C109316,Education Loan,275806.05,12,59900,629,12639.48,11.0,Pending,0.1722,0
L306636,C106636,Education Loan,1720085.09,36,41800,561,8284.03,3.0,Approved,0.3439,0
L302644,C102644,Education Loan,1191316.08,120,149600,750,34505.54,14.4,Approved,0.1,0
L301405,C101405,Business Loan,2217940.5,12,90000,710,5139.63,1.8,Pending,0.1103,0
L305857,C105857,Education Loan,693792.9,84,99000,752,4849.35,11.2,Approved,0.0766,1
L305491,C105491,Home Loan,3902374.64,120,48100,663,11581.73,7.4,Pending,0.2356,1
L306364,C106364,Education Loan,1372500.68,84,84500,805,7830.52,16.9,Approved,0.0511,0
L305548,C105548,Home Loan,5426890.77,36,40000,759,4911.64,3.7,Approved,0.1588,0
L307184,C107184,Vehicle Loan,188333.23,180,81900,704,12410.49,4.9,Pending,0.1196,0
L305673,C105673,Business Loan,3060321.9,180,67000,603,13388.23,23.1,Approved,0.1078,1
L302594,C102594,Personal Loan,66906.15,12,92300,819,23240.18,4.2,Pending,0.0759,0
L309120,C109120,Business Loan,1084013.54,60,52100,656,12201.48,21.9,Approved,0.1144,0
L303313,C103313,Personal Loan,300179.12,12,98300,595,22148.18,2.9,Pending,0.1985,0
L303673,C103673,Business Loan,786306.01,120,95700,593,18608.94,0.0,Pending,0.2944,1
L300095,C100095,Personal Loan,162371.46,24,111100,578,19147.93,9.2,Approved,0.1968,0
L305221,C105221,Business Loan,1156225.48,12,113500,611,34502.33,24.0,Approved,0.2377,0
L301955,C101955,Business Loan,935811.83,12,85500,638,24069.51,5.6,Pending,0.2589,0
L300180,C100180,Business Loan,3425245.89,24,86300,816,9929.2,35.5,Approved,0.0275,0
L309313,C109313,Business Loan,1770256.15,180,62900,640,14431.72,17.6,Approved,0.1696,0
L301302,C101302,Vehicle Loan,324904.69,180,102500,734,8505.25,6.3,Approved,0.0815,0
L301402,C101402,Education Loan,1464471.57,36,71200,701,18113.32,7.5,Approved,0.1536,0
L304074,C104074,Business Loan,2261468.71,180,99600,781,3900.35,10.5,Approved,0.0751,0
L303559,C103559,Business Loan,945771.91,12,13800,757,1158.48,13.7,Pending,0.1653,0
L309365,C109365,Business Loan,1098190.33,180,55200,682,15213.38,10.5,Approved,0.2101,0
L305167,C105167,Home Loan,2707463.82,84,59000,728,7610.54,7.1,Pending,0.0829,0
L302143,C102143,Education Loan,921493.47,12,99400,580,7602.85,9.4,Approved,0.1749,0
L303282,C103282,Business Loan,4733702.76,120,97100,614,27888.23,16.0,Approved,0.1569,1
L302590,C102590,Vehicle Loan,988969.0,36,83800,796,6091.09,2.2,Pending,0.0594,0
L306743,C106743,Vehicle Loan,129647.39,180,55800,700,0.0,0.4,Pending,0.146,0
L304020,C104020,Vehicle Loan,324517.24,84,73400,634,19300.36,3.1,Pending,0.1927,0
L302647,C102647,Personal Loan,687115.36,120,82500,622,9638.82,16.5,Pending,0.1103,1
L300677,C100677,Vehicle Loan,924062.72,60,73700,578,850.99,0.8,Approved,0.1695,0
L301146,C101146,Education Loan,227364.52,12,60200,672,10338.36,11.2,Approved,0.129,0
L308234,C108234,Business Loan,1995608.19,24,99400,761,22783.27,5.5,Pending,0.1273,0
L305968,C105968,Home Loan,1651225.11,84,90200,652,14770.95,1.9,Approved,0.2162,0
L308153,C108153,Personal Loan,291498.35,120,137100,771,8458.52,13.9,Pending,0.0369,0
L307672,C107672,Business Loan,2294055.27,12,35400,718,2868.01,13.4,Approved,0.121,0
L305458,C105458,Business Loan,4939001.12,84,51000,728,17920.22,11.3,Approved,0.1803,0
L306441,C106441,Vehicle Loan,1072334.92,24,77500,786,23234.14,9.1,Approved,0.1391,0
L309218,C109218,Education Loan,1876269.87,84,80300,740,0.0,1.3,Approved,0.1025,0
L300133,C100133,Education Loan,770548.87,180,57800,651,7468.01,14.5,Pending,0.1189,0
L303394,C103394,Vehicle Loan,456487.9,84,75800,753,3314.2,10.1,Pending,0.0846,0
L304157,C104157,Home Loan,1833469.33,12,41600,709,2392.43,4.3,Approved,0.1408,0
L309441,C109441,Vehicle Loan,964165.7,36,31400,788,10215.77,5.1,Pending,0.1305,0
L304192,C104192,Education Loan,1358264.54,180,82400,728,18302.11,12.9,Approved,0.1043,0
L300985,C100985,Business Loan,3853892.05,60,42300,674,6281.49,13.3,Approved,0.1011,0
L307251,C107251,Home Loan,3671272.05,120,82500,699,2976.47,20.3,Approved,0.0614,0
L309934,C109934,Education Loan,1914778.5,120,8000,698,1072.54,0.0,Pending,0.2463,0
L308163,C108163,Education Loan,390776.57,60,40400,624,1068.81,4.1,Pending,0.1628,0
L301783,C101783,Personal Loan,103355.79,60,77500,793,13583.09,36.5,Approved,0.0267,0
L304209,C104209,Business Loan,901655.9,84,97100,737,13917.22,22.8,Pending,0.1069,0
L305954,C105954,Home Loan,6439891.17,24,20500,669,5942.65,18.6,Approved,0.3956,0
L302319,C102319,Home Loan,7931348.4,84,80900,623,5716.72,26.0,Pending,0.0982,0
L307674,C107674,Education Loan,571388.59,120,84600,635,4205.39,10.4,Pending,0.1661,1
L305028,C105028,Education Loan,1315617.16,36,18900,649,3900.47,18.8,Approved,0.1593,0
L303591,C103591,Home Loan,3816588.28,12,25700,711,5265.51,3.4,Approved,0.383,1
L305915,C105915,Education Loan,881711.62,12,22700,609,3668.71,0.0,Pending,0.3926,0
L308154,C108154,Business Loan,3733985.06,12,13600,650,2927.96,11.0,Rejected,0.6662,0
L301781,C101781,Vehicle Loan,1147684.74,180,67200,556,8922.87,9.8,Pending,0.2058,1
L306129,C106129,Business Loan,2640432.45,36,41100,748,8569.6,9.0,Approved,0.1266,0
L302536,C102536,Education Loan,1875537.72,60,37100,673,6197.33,12.6,Approved,0.1406,0
L308414,C108414,Personal Loan,317151.91,12,86600,740,15683.42,16.8,Approved,0.0406,0
L302107,C102107,Education Loan,227111.17,180,69900,659,8431.37,4.1,Pending,0.1419,0
L301140,C101140,Business Loan,2594393.09,60,77900,805,2525.58,28.2,Approved,0.0413,0
L307678,C107678,Education Loan,864247.74,180,54400,629,14676.11,13.8,Approved,0.2054,0
L309159,C109159,Vehicle Loan,321176.32,120,8800,816,2709.79,2.5,Pending,0.0871,1
L305535,C105535,Vehicle Loan,1277816.67,12,83300,734,2468.42,25.7,Approved,0.0523,0
L304396,C104396,Education Loan,1423866.39,120,90300,738,24908.56,7.2,Approved,0.1318,0
L300934,C100934,Vehicle Loan,791672.84,120,53700,655,0.0,12.4,Pending,0.0893,0
L300301,C100301,Vehicle Loan,1455845.61,60,41900,809,10745.06,16.1,Pending,0.0649,0
L309025,C109025,Vehicle Loan,1497033.68,12,53200,715,11024.52,10.9,Approved,0.1188,0
L303050,C103050,Home Loan,3167462.7,24,82700,675,30764.31,16.7,Approved,0.1985,0
L301650,C101650,Business Loan,216472.35,180,57900,774,3583.51,4.5,Pending,0.06,0
L304539,C104539,Education Loan,1172069.91,24,71000,584,15012.29,26.4,Approved,0.1661,0
L301576,C101576,Personal Loan,128164.05,24,60600,621,4741.37,12.1,Approved,0.1483,0
L301321,C101321,Personal Loan,465455.4,24,64000,758,6577.54,7.9,Approved,0.0805,0
L307262,C107262,Education Loan,1579085.49,36,100200,799,28296.74,21.0,Pending,0.0737,0
L300988,C100988,Personal Loan,199715.56,180,37600,650,0.0,3.0,Approved,0.1259,0
L300309,C100309,Personal Loan,593581.24,120,45500,652,6669.11,2.7,Approved,0.2402,0
L301502,C101502,Home Loan,7846695.27,84,84500,523,0.0,6.3,Pending,0.2229,0
L305715,C105715,Home Loan,4868953.53,60,72000,613,8554.05,15.9,Pending,0.1912,0
L304852,C104852,Education Loan,131447.98,84,60900,715,3569.85,3.0,Approved,0.0825,1
L300646,C100646,Education Loan,1946997.16,84,65700,678,9076.49,12.6,Approved,0.1249,0
L307721,C107721,Business Loan,3246348.83,84,28700,776,1693.93,13.9,Pending,0.0654,0
L308985,C108985,Home Loan,7435700.68,12,28400,585,4020.54,17.0,Rejected,0.6298,1
L301341,C101341,Business Loan,1611563.65,120,11700,774,535.13,2.6,Pending,0.0471,0
L306595,C106595,Personal Loan,766455.03,12,45200,641,3274.26,14.3,Approved,0.1251,0
L307249,C107249,Education Loan,1569757.94,180,85700,743,8871.96,7.2,Approved,0.0731,0
L302487,C102487,Personal Loan,375785.01,120,52700,726,0.0,0.5,Approved,0.0929,0
L307144,C107144,Business Loan,2108993.13,120,83300,578,7488.7,8.6,Approved,0.2304,0
L305665,C105665,Business Loan,4768192.61,120,55700,777,2792.7,14.0,Approved,0.0433,0
L309671,C109671,Home Loan,1742853.66,60,77400,580,22876.38,14.9,Approved,0.2036,0
L300220,C100220,Home Loan,6529396.28,180,53800,787,0.0,3.8,Approved,0.0594,1
L306236,C106236,Personal Loan,531062.27,36,94200,642,3658.65,24.7,Approved,0.0951,0
L303503,C103503,Education Loan,940353.23,60,43400,879,7073.22,2.2,Approved,0.0297,0
L307636,C107636,Personal Loan,230430.88,12,63000,852,10569.32,3.4,Approved,0.0757,0
L302200,C102200,Business Loan,304497.05,180,33900,783,3985.44,5.2,Approved,0.0707,0
L302433,C102433,Personal Loan,295554.32,36,64100,819,18305.28,3.3,Pending,0.0918,1
L305590,C105590,Education Loan,499477.16,180,49600,637,2533.15,2.3,Approved,0.192,1
L304801,C104801,Business Loan,4929464.54,120,71400,627,5293.58,10.7,Pending,0.1299,1
L309540,C109540,Home Loan,4998932.49,12,38100,635,13431.0,0.5,Approved,0.5305,0
L300912,C100912,Vehicle Loan,329487.02,36,71800,696,1623.82,6.6,Approved,0.0827,0
L308069,C108069,Vehicle Loan,1194820.33,60,36500,637,6185.58,2.2,Approved,0.1789,0
L307036,C107036,Vehicle Loan,1074966.31,60,67300,627,4547.85,2.6,Approved,0.1762,0
L303953,C103953,Vehicle Loan,582582.19,12,41000,803,12420.48,6.4,Pending,0.1097,0
L301084,C101084,Personal Loan,112638.37,60,51600,693,1467.0,3.6,Pending,0.1096,0
L305729,C105729,Personal Loan,242621.93,24,14900,655,2571.64,10.7,Approved,0.1643,0
L305610,C105610,Vehicle Loan,827251.42,120,50300,746,8539.98,7.5,Approved,0.0975,0
L303762,C103762,Personal Loan,182353.71,12,29400,659,0.0,21.0,Pending,0.1276,0
L300910,C100910,Vehicle Loan,414612.57,12,27400,617,1989.13,18.0,Approved,0.213,0
L305576,C105576,Education Loan,1672507.53,36,73200,655,1132.9,6.1,Pending,0.193,0
L303165,C103165,Personal Loan,665816.31,60,59800,714,6105.45,11.0,Approved,0.0929,0
L301776,C101776,Home Loan,7066168.52,180,81500,865,17226.9,5.2,Approved,0.0575,0
L301683,C101683,Business Loan,805299.55,36,59800,763,4248.78,23.3,Approved,0.0383,0
L305922,C105922,Business Loan,900655.82,36,116900,717,11796.7,22.3,Pending,0.0626,0
L304981,C104981,Personal Loan,336062.13,24,96700,659,16957.74,29.0,Approved,0.1129,1
L304570,C104570,Personal Loan,788361.36,12,69000,653,6095.53,21.8,Pending,0.092,0
L307632,C107632,Business Loan,790572.0,12,42200,488,4282.35,25.0,Pending,0.1769,0
L309349,C109349,Personal Loan,786437.46,36,20900,823,3424.81,10.8,Pending,0.0617,0
L304675,C104675,Education Loan,870090.57,60,81500,625,8282.84,6.2,Pending,0.1934,0
L300064,C100064,Personal Loan,477190.99,12,15400,604,3968.04,4.3,Approved,0.3151,0
L309637,C109637,Personal Loan,661787.4,24,76800,824,12516.88,11.8,Approved,0.0438,0
L301387,C101387,Education Loan,128943.25,24,107700,786,13248.38,12.4,Approved,0.0734,0
L302726,C102726,Business Loan,4107201.19,24,68400,579,14611.43,1.8,Approved,0.3423,1
L306751,C106751,Personal Loan,103494.97,24,58200,644,12062.73,11.8,Pending,0.1553,0
L308819,C108819,Home Loan,6580344.1,60,45000,711,5692.97,2.5,Pending,0.1157,1
L307242,C107242,Business Loan,3635251.2,36,43500,519,9495.33,2.8,Approved,0.4696,0
L306360,C106360,Business Loan,3147742.04,36,56300,754,0.0,13.9,Approved,0.0668,0
L304674,C104674,Business Loan,4926714.05,36,83600,649,34755.28,12.5,Approved,0.2299,0
L301527,C101527,Education Loan,1973351.17,84,33400,667,3932.82,2.7,Approved,0.2276,0
L304479,C104479,Business Loan,1410818.97,84,61600,732,11337.88,10.0,Approved,0.0864,0
L302482,C102482,Vehicle Loan,802150.0,84,48700,571,10000.77,1.9,Approved,0.3407,1
L305334,C105334,Education Loan,140200.65,120,57800,846,8352.43,16.1,Approved,0.0498,0
L307080,C107080,Business Loan,464454.66,60,15100,714,3717.38,9.2,Approved,0.1258,0
L301975,C101975,Business Loan,3174313.4,12,17300,670,0.0,1.5,Approved,0.4531,0
L304910,C104910,Education Loan,757764.33,84,42000,702,3595.1,31.8,Pending,0.0426,0
L301760,C101760,Business Loan,2438101.22,36,46900,722,0.0,6.7,Pending,0.0674,0
L303370,C103370,Business Loan,3879331.3,36,86400,712,1295.12,37.9,Approved,0.0401,0
L300322,C100322,Vehicle Loan,135165.35,84,18800,669,2689.02,6.1,Approved,0.1527,0
L305258,C105258,Business Loan,975895.98,60,75600,761,7965.04,23.7,Pending,0.0294,0
L306773,C106773,Home Loan,7196150.15,36,80600,690,3085.96,8.0,Approved,0.1483,0
L304204,C104204,Home Loan,1831461.75,36,60800,808,16033.95,8.9,Approved,0.0996,0
L306294,C106294,Business Loan,357086.71,24,87200,572,18863.31,1.5,Pending,0.2826,0
L306994,C106994,Vehicle Loan,1217133.4,36,50600,635,9383.81,14.3,Approved,0.1484,0
L303974,C103974,Business Loan,1429899.98,180,55800,738,22263.13,2.2,Approved,0.1621,0
L304926,C104926,Vehicle Loan,668011.85,84,69400,496,7379.08,11.0,Approved,0.2661,0
L307782,C107782,Personal Loan,150674.32,180,73500,688,14975.76,11.7,Approved,0.1259,0
L304698,C104698,Personal Loan,628924.59,84,118000,662,21643.75,7.2,Approved,0.2378,0
L306652,C106652,Vehicle Loan,903311.99,36,77300,682,22655.6,31.4,Approved,0.1035,0
L304205,C104205,Education Loan,1260541.39,24,76300,677,25528.09,8.2,Pending,0.2178,0
L308937,C108937,Vehicle Loan,1081410.08,36,61500,718,11597.53,10.8,Pending,0.1068,0
L302727,C102727,Education Loan,644911.25,24,14500,537,3514.18,0.4,Approved,0.3647,1
L304629,C104629,Business Loan,3496595.35,84,161400,665,38716.04,6.7,Approved,0.2069,1
L303874,C103874,Vehicle Loan,1346950.09,12,98700,735,12857.49,6.0,Approved,0.1254,0
L306207,C106207,Home Loan,2607750.26,84,76600,601,6054.21,16.3,Approved,0.1667,0
L301286,C101286,Education Loan,1575629.85,180,63100,679,8962.54,18.2,Approved,0.0815,0
L300781,C100781,Home Loan,2708725.84,36,67900,687,13553.02,17.7,Approved,0.113,0
L301189,C101189,Personal Loan,448824.58,36,79500,674,3485.39,0.0,Approved,0.1323,1
L306003,C106003,Vehicle Loan,1165161.45,60,45500,609,0.0,6.3,Approved,0.0901,0
L302408,C102408,Business Loan,2841681.62,24,121000,759,30565.75,5.9,Approved,0.1367,0
L303030,C103030,Vehicle Loan,293861.21,36,94600,721,25596.79,18.9,Approved,0.1216,0
L309586,C109586,Home Loan,5892601.89,12,84600,582,17319.84,27.8,Approved,0.2568,0
L300761,C100761,Business Loan,2437757.86,12,22000,751,4930.37,5.3,Pending,0.262,0
L307344,C107344,Education Loan,1730400.56,12,64600,711,13126.12,15.8,Approved,0.106,0
L309568,C109568,Education Loan,875213.26,12,66900,813,21333.38,4.5,Approved,0.1169,0
L308413,C108413,Business Loan,3099741.59,120,54900,618,4710.34,3.4,Approved,0.2493,0
L302117,C102117,Vehicle Loan,300853.92,12,118300,629,52075.05,10.3,Approved,0.4047,1
L309350,C109350,Personal Loan,775849.67,60,14100,635,989.41,6.2,Pending,0.176,0
L309963,C109963,Personal Loan,304777.05,24,53900,650,9874.73,5.1,Approved,0.223,1
L304392,C104392,Business Loan,4360919.28,24,86500,601,15422.77,0.0,Approved,0.2227,0
L308025,C108025,Personal Loan,284176.74,120,64700,799,8642.36,29.6,Pending,0.0225,0
L307604,C107604,Home Loan,6439625.49,180,57400,685,11336.92,2.2,Pending,0.212,0
L303549,C103549,Education Loan,219539.71,84,116600,669,5078.98,22.4,Approved,0.0683,0
L300245,C100245,Home Loan,6985071.46,120,30500,598,3668.82,1.9,Pending,0.2458,0
L303401,C103401,Business Loan,1017673.02,24,83800,601,4274.68,31.9,Approved,0.0709,0
L300208,C100208,Home Loan,4665781.22,180,54100,801,0.0,8.3,Approved,0.0753,0
L309935,C109935,Business Loan,4102773.6,60,64400,617,14383.65,10.1,Approved,0.1963,0
L307824,C107824,Personal Loan,143388.61,60,46800,540,9705.01,21.3,Pending,0.1717,0
L307892,C107892,Education Loan,1478746.85,180,71000,815,1032.49,2.8,Approved,0.0673,0
L302154,C102154,Home Loan,2011356.86,60,42200,650,4144.62,14.5,Approved,0.1155,0
L307762,C107762,Education Loan,1226207.69,120,69100,799,11639.39,11.6,Approved,0.0447,0
L303694,C103694,Personal Loan,371438.24,24,78400,666,14740.56,10.3,Approved,0.0931,0
L305796,C105796,Education Loan,973517.45,120,60700,787,6128.86,13.6,Approved,0.046,0
L307215,C107215,Education Loan,1988949.61,12,75500,608,12437.03,6.5,Approved,0.2844,1
L306183,C106183,Home Loan,6001704.65,36,26400,636,6222.69,16.4,Pending,0.3228,0
L307006,C107006,Vehicle Loan,759063.96,120,75500,851,20589.57,19.0,Approved,0.0457,0
L300702,C100702,Business Loan,4793476.77,180,50200,631,5355.54,2.6,Approved,0.2266,0
L309066,C109066,Business Loan,2836918.97,36,58600,675,14313.85,9.6,Approved,0.1858,0
L309019,C109019,Home Loan,2758534.99,84,61000,617,7394.42,3.1,Approved,0.2266,0
L302821,C102821,Vehicle Loan,1287442.43,84,58100,621,1578.66,17.0,Approved,0.1109,0
L300529,C100529,Personal Loan,446049.19,120,70800,729,10403.78,25.9,Approved,0.0721,0
L309413,C109413,Education Loan,886567.44,60,65700,708,15631.85,1.3,Pending,0.1978,0
L306663,C106663,Business Loan,4665194.74,180,10300,567,1538.25,5.2,Approved,0.281,1
L308560,C108560,Home Loan,5138576.2,36,62400,668,12856.81,11.8,Approved,0.2001,0
L302648,C102648,Business Loan,4563544.79,180,79500,765,22116.76,22.0,Pending,0.1345,0
L307082,C107082,Home Loan,4732386.56,12,81600,671,10297.15,22.1,Approved,0.1364,0
L301128,C101128,Vehicle Loan,1433452.95,12,69600,774,17456.0,17.5,Approved,0.1252,1
L302297,C102297,Education Loan,203479.27,120,65300,656,8781.18,5.1,Approved,0.1993,0
L305067,C105067,Home Loan,2230616.86,120,53400,673,14654.32,0.0,Pending,0.2778,0
L301836,C101836,Vehicle Loan,1269606.12,84,106500,633,0.0,14.9,Approved,0.0769,0
L305179,C105179,Home Loan,4038009.42,180,156600,832,13071.82,5.5,Approved,0.0538,0
L306210,C106210,Business Loan,4162294.62,120,41300,607,4632.27,0.9,Approved,0.2679,0
L303618,C103618,Home Loan,2860116.7,120,58800,701,1401.16,10.2,Approved,0.049,0
L309554,C109554,Vehicle Loan,505523.14,120,98900,632,11905.24,6.7,Approved,0.1508,0
L305542,C105542,Business Loan,2650795.35,12,66900,511,8791.57,5.3,Approved,0.2723,0
L302370,C102370,Business Loan,1042700.9,60,62800,776,7779.11,0.9,Pending,0.0826,0
L308464,C108464,Personal Loan,698491.1,36,154900,668,0.0,7.3,Pending,0.1655,0
L301256,C101256,Personal Loan,300080.97,84,55400,476,11598.98,5.7,Approved,0.417,0
L303332,C103332,Business Loan,1238612.78,12,55700,640,0.0,2.1,Pending,0.1752,0
L307359,C107359,Vehicle Loan,523606.96,84,46100,583,10108.88,1.8,Approved,0.2748,0
L300102,C100102,Education Loan,1472365.89,180,47300,740,7742.05,22.1,Approved,0.06,0
L309404,C109404,Vehicle Loan,391082.03,120,20800,704,1782.02,23.4,Approved,0.0843,0
L308216,C108216,Education Loan,953655.29,12,19600,645,2055.8,7.2,Approved,0.2552,0
L300709,C100709,Business Loan,1779848.53,60,46500,682,107.06,4.2,Approved,0.1346,0
L307739,C107739,Personal Loan,212910.69,84,76600,729,5929.98,11.3,Approved,0.116,0
L305054,C105054,Education Loan,1638230.03,60,59900,687,0.0,1.2,Pending,0.1243,0
L306568,C106568,Home Loan,5347599.02,60,25600,654,5805.44,5.2,Approved,0.2878,1
L300265,C100265,Education Loan,384005.98,120,46400,504,7892.26,6.7,Pending,0.3366,1
L306260,C106260,Personal Loan,87275.95,12,82100,686,24627.3,4.4,Approved,0.277,0
L307248,C107248,Personal Loan,313218.54,84,80000,629,2416.15,10.2,Pending,0.1252,1
L305872,C105872,Vehicle Loan,624343.24,24,40800,669,10257.93,28.2,Approved,0.097,1
L305248,C105248,Vehicle Loan,1225109.18,84,54800,651,12034.59,19.0,Approved,0.217,0
L303836,C103836,Home Loan,1335701.54,84,75200,713,10591.7,5.1,Pending,0.1274,0
L308633,C108633,Vehicle Loan,1268717.61,60,79400,734,10963.62,14.2,Pending,0.0755,0
L308891,C108891,Personal Loan,374906.22,180,16200,715,999.76,8.0,Approved,0.0637,0
L306064,C106064,Business Loan,4321654.88,84,80300,727,0.0,7.4,Approved,0.0855,0
L303118,C103118,Vehicle Loan,632784.9,36,57400,593,17975.1,0.2,Approved,0.2279,1
L303290,C103290,Business Loan,362228.11,12,87500,721,24774.74,4.3,Approved,0.2296,1
L309983,C109983,Business Loan,2356657.66,24,70600,673,19646.47,21.4,Approved,0.139,0
L307089,C107089,Personal Loan,757477.77,60,30100,614,8586.37,3.1,Approved,0.3792,1
L306876,C106876,Home Loan,3928614.92,84,65400,609,0.0,10.8,Approved,0.1156,0
L303895,C103895,Personal Loan,79506.22,60,61500,596,11701.87,15.2,Approved,0.212,1
L300401,C100401,Business Loan,3684057.75,120,85800,849,16359.56,7.0,Pending,0.0748,0
L305361,C105361,Personal Loan,397652.46,84,40200,605,3149.9,10.6,Approved,0.1883,0
L309354,C109354,Business Loan,2310135.14,60,12500,778,2728.95,12.1,Approved,0.081,0
L300739,C100739,Home Loan,7067047.66,120,98600,750,14430.5,32.1,Pending,0.051,1
L302352,C102352,Personal Loan,418735.37,12,61300,607,0.0,24.8,Approved,0.1271,0
L303202,C103202,Home Loan,5100828.83,36,16500,595,0.0,25.1,Approved,0.1652,0
L306670,C106670,Vehicle Loan,446544.07,60,72400,771,14120.92,3.1,Approved,0.1327,0
L301253,C101253,Business Loan,1137647.84,120,53000,649,8426.49,27.3,Approved,0.0914,0
L303781,C103781,Personal Loan,231405.72,12,36200,743,5097.33,5.2,Pending,0.1001,0
L308958,C108958,Home Loan,5829101.58,120,21200,721,6547.12,8.4,Pending,0.2805,1
L306061,C106061,Personal Loan,670268.52,60,37900,634,4926.1,26.0,Approved,0.1107,0
L308956,C108956,Personal Loan,333214.17,120,25200,587,2915.41,23.7,Approved,0.0916,0
L308617,C108617,Personal Loan,197515.62,180,62500,698,8716.23,18.1,Approved,0.062,0
L308899,C108899,Vehicle Loan,571212.21,180,81600,686,3987.22,0.0,Approved,0.0963,0
L309102,C109102,Vehicle Loan,473166.15,84,17500,544,3866.46,7.6,Pending,0.4424,1
L308805,C108805,Education Loan,372197.77,24,65900,587,10766.73,0.0,Pending,0.343,0
L300233,C100233,Vehicle Loan,673796.92,120,41700,801,6334.7,29.1,Pending,0.0332,0
L303608,C103608,Personal Loan,265615.26,84,78200,705,10445.45,14.1,Approved,0.1579,0
L302830,C102830,Business Loan,2222877.3,36,49500,692,7274.16,22.6,Approved,0.0813,0
L300112,C100112,Home Loan,4524842.09,36,43500,725,0.0,8.8,Approved,0.0778,0
L306084,C106084,Vehicle Loan,1344880.0,36,90000,650,21150.25,25.2,Approved,0.0992,0
L303794,C103794,Personal Loan,306515.71,12,86000,611,26514.86,17.8,Pending,0.2265,0
L307463,C107463,Home Loan,5710166.67,60,67400,648,12913.37,29.2,Approved,0.118,1
L305615,C105615,Home Loan,6129740.88,84,86400,808,10088.56,23.0,Approved,0.0437,0
L307529,C107529,Vehicle Loan,951201.41,36,80100,715,11917.3,0.6,Pending,0.1702,0
L301886,C101886,Personal Loan,689513.23,36,80600,881,1328.46,21.7,Approved,0.0189,0
L309804,C109804,Education Loan,246761.05,120,98600,702,14480.57,10.8,Approved,0.1658,0
L301343,C101343,Vehicle Loan,159705.6,24,84700,725,10680.63,14.2,Pending,0.069,1
L303839,C103839,Education Loan,1824371.95,12,33700,711,0.0,21.4,Pending,0.1475,1
L304600,C104600,Education Loan,1280397.43,24,115200,676,17049.3,27.2,Approved,0.1185,0
L307830,C107830,Home Loan,5172803.99,120,66900,740,0.0,4.8,Pending,0.1306,0
L305265,C105265,Vehicle Loan,487260.3,60,80200,646,18868.35,15.6,Approved,0.2115,0
L306421,C106421,Personal Loan,419232.11,84,57600,750,6494.03,13.2,Approved,0.0642,0
L309903,C109903,Education Loan,1306108.24,36,77100,635,0.0,24.5,Pending,0.0459,0
L303189,C103189,Home Loan,6432293.64,24,81400,672,22803.22,22.7,Pending,0.1835,0
L302809,C102809,Education Loan,951932.75,84,58700,693,927.74,2.9,Approved,0.087,0
L307682,C107682,Home Loan,7732299.24,60,89200,677,1361.92,13.3,Pending,0.0921,1
L306976,C106976,Home Loan,7635547.46,60,95500,773,35066.55,7.9,Pending,0.1534,1
L305230,C105230,Business Loan,656199.43,60,61200,626,9558.91,3.2,Approved,0.1959,1
L305869,C105869,Business Loan,4517278.56,12,43600,719,1275.66,25.6,Approved,0.1229,0
L309217,C109217,Education Loan,858787.05,180,107900,676,22093.76,2.0,Approved,0.2814,1
L303977,C103977,Personal Loan,487340.68,84,29400,827,5970.03,35.0,Approved,0.038,0
L308833,C108833,Vehicle Loan,948151.93,36,52900,733,3821.37,15.9,Pending,0.0869,0
L300789,C100789,Education Loan,1091415.41,120,31700,724,4665.39,0.0,Pending,0.1901,0
L308993,C108993,Home Loan,2781851.43,60,64300,708,11798.05,10.0,Approved,0.1008,0
L309250,C109250,Education Loan,654049.57,84,120600,717,25016.84,9.5,Approved,0.104,0
L303599,C103599,Vehicle Loan,587026.25,24,46600,628,10162.24,9.7,Pending,0.2282,0
L307741,C107741,Education Loan,696259.53,24,66300,684,24936.09,12.4,Pending,0.1875,0
L307649,C107649,Business Loan,4338931.22,84,64900,663,213.33,12.7,Approved,0.0841,0
L302639,C102639,Business Loan,3825779.38,24,99800,731,28816.45,20.9,Approved,0.0619,0
L309022,C109022,Vehicle Loan,856939.81,36,66700,770,11586.03,13.9,Approved,0.1381,0
L301381,C101381,Vehicle Loan,211552.81,12,13900,703,2177.28,8.1,Approved,0.1181,0
L306993,C106993,Vehicle Loan,1265095.73,36,88100,622,22032.28,26.7,Approved,0.16,0
L308367,C108367,Home Loan,1778610.33,120,41500,699,2601.79,5.6,Approved,0.0931,0
L302735,C102735,Vehicle Loan,991099.9,120,79900,770,17864.31,3.8,Pending,0.1409,0
L304283,C104283,Personal Loan,640449.73,180,72800,610,13373.74,7.1,Pending,0.181,0
L307686,C107686,Home Loan,5139702.09,60,66300,586,2405.95,1.7,Approved,0.2219,1
L301774,C101774,Home Loan,1650297.23,24,73500,781,12945.35,14.0,Approved,0.1123,0
L306964,C106964,Business Loan,1873161.91,36,95800,697,17732.67,2.0,Approved,0.1569,0
L301369,C101369,Personal Loan,691469.96,24,108200,846,7041.64,22.9,Approved,0.0248,0
L302115,C102115,Personal Loan,659134.65,84,14700,676,1066.23,6.0,Approved,0.0972,0
L304639,C104639,Business Loan,3127713.61,12,113100,701,26965.93,15.6,Pending,0.2011,1
L309478,C109478,Business Loan,4974859.66,84,67100,719,15012.67,3.5,Approved,0.1507,0
L306607,C106607,Home Loan,7698717.09,12,83800,675,16398.5,28.9,Approved,0.1626,0
L301373,C101373,Home Loan,4052130.08,12,115700,701,30691.98,13.9,Approved,0.2103,0
L304655,C104655,Personal Loan,591117.56,24,55400,744,8532.76,4.3,Approved,0.1179,0
L303536,C103536,Personal Loan,506806.95,180,29500,671,5961.47,0.3,Pending,0.2357,0
L309884,C109884,Personal Loan,598444.29,84,39400,742,963.01,7.3,Approved,0.105,0
L306869,C106869,Home Loan,5588450.83,120,104000,718,0.0,1.0,Approved,0.1054,0
L302462,C102462,Education Loan,1992470.23,120,53900,810,21401.17,17.4,Pending,0.1128,0
L305541,C105541,Business Loan,587377.04,12,61800,662,12511.34,5.9,Pending,0.2268,0
L300221,C100221,Education Loan,1282506.85,84,69500,828,9191.38,16.0,Approved,0.0476,0
L300719,C100719,Business Loan,574318.15,120,22800,828,5333.3,17.8,Approved,0.0481,0
L308034,C108034,Education Loan,442753.68,120,86900,696,2780.4,9.7,Approved,0.0633,0
L306718,C106718,Personal Loan,646019.51,36,63600,504,10270.12,3.9,Approved,0.3462,0
L306493,C106493,Personal Loan,336260.34,12,83000,756,14338.4,7.5,Pending,0.116,0
L307064,C107064,Personal Loan,360515.04,120,44400,682,5061.29,0.5,Pending,0.1269,1
L307997,C107997,Personal Loan,697184.74,36,92200,627,11100.02,5.4,Pending,0.13,0
L306470,C106470,Education Loan,1711074.03,24,74200,637,20794.95,0.0,Approved,0.2964,0
L306921,C106921,Vehicle Loan,198922.71,12,64700,595,14675.25,13.4,Approved,0.2336,0
L301476,C101476,Vehicle Loan,895536.48,24,58700,716,14665.69,17.3,Approved,0.1713,0
L301224,C101224,Education Loan,1960237.82,120,84400,744,27497.36,16.0,Pending,0.1114,0
L307038,C107038,Education Loan,299809.64,84,148800,685,5897.41,13.2,Approved,0.0763,0
L302688,C102688,Education Loan,1648384.96,12,68600,669,6033.49,11.8,Approved,0.1536,0
L300776,C100776,Education Loan,659372.07,24,112500,540,12295.0,10.9,Pending,0.2686,1
L300756,C100756,Home Loan,6857801.78,24,57000,629,7302.9,28.0,Approved,0.1762,0
L303157,C103157,Education Loan,1809796.97,24,69100,650,1867.23,27.6,Pending,0.0437,0
L307052,C107052,Education Loan,1798726.88,12,50100,694,11957.74,5.9,Approved,0.187,0
L301575,C101575,Business Loan,3093544.72,60,109400,748,16478.04,3.1,Approved,0.1105,0
L304354,C104354,Education Loan,663987.94,24,138800,802,30918.78,10.4,Pending,0.0716,0
L307702,C107702,Education Loan,1874857.73,24,138300,619,0.0,7.4,Approved,0.1013,0
L306468,C106468,Education Loan,891722.3,36,37800,601,5953.63,9.2,Approved,0.2071,0
L303735,C103735,Education Loan,1113780.97,60,45600,733,6520.83,7.1,Approved,0.1075,0
L303812,C103812,Vehicle Loan,1358605.41,36,103000,798,10654.89,24.8,Pending,0.0322,0
L306503,C106503,Personal Loan,224865.33,12,46800,617,10451.27,7.5,Approved,0.1649,0
L304681,C104681,Education Loan,622019.16,36,26100,548,8318.64,3.2,Approved,0.4844,1
L305444,C105444,Personal Loan,436070.36,24,84600,708,0.0,8.1,Approved,0.0418,0
L309310,C109310,Business Loan,3013023.55,60,82700,573,1695.97,30.6,Approved,0.1017,0
L300195,C100195,Vehicle Loan,1399835.62,180,53300,702,7021.47,1.2,Approved,0.1197,0
L302208,C102208,Personal Loan,135968.18,12,40600,647,4487.84,4.1,Approved,0.1666,0
L304438,C104438,Business Loan,1753644.22,60,83100,723,8099.43,13.4,Approved,0.0784,0
L308931,C108931,Vehicle Loan,289051.77,180,64100,689,9365.09,4.2,Approved,0.1473,0
L308656,C108656,Vehicle Loan,1017955.11,180,28500,814,0.0,5.2,Pending,0.0405,0
L304980,C104980,Personal Loan,351817.17,60,82500,708,14145.32,10.0,Pending,0.1148,0
L301980,C101980,Education Loan,1122372.55,36,49700,590,15180.15,6.7,Approved,0.3004,0
L309356,C109356,Personal Loan,772766.51,36,59100,876,7462.39,15.2,Approved,0.027,0
L304139,C104139,Education Loan,1873957.73,120,74100,689,8386.38,5.5,Approved,0.1397,1
L305047,C105047,Vehicle Loan,1111096.48,120,95900,670,14601.71,6.3,Approved,0.2246,0
L302535,C102535,Business Loan,632695.91,60,32600,717,3308.68,15.1,Approved,0.0781,0
L303914,C103914,Home Loan,3201840.29,60,69400,690,9413.09,9.5,Pending,0.1013,0
L303911,C103911,Vehicle Loan,346905.52,84,98900,628,18926.05,18.4,Approved,0.1797,1
L302190,C102190,Personal Loan,498124.11,36,108600,776,12443.56,6.7,Approved,0.0853,0
L300767,C100767,Education Loan,563354.48,12,47100,819,11765.83,15.3,Pending,0.0736,0
L306048,C106048,Education Loan,675628.73,24,92100,696,15357.81,6.0,Approved,0.1366,0
L301635,C101635,Vehicle Loan,1216242.63,84,84600,600,0.0,10.4,Approved,0.1754,0
L302162,C102162,Personal Loan,219531.57,120,44700,752,4429.97,5.2,Pending,0.1198,0
L307582,C107582,Business Loan,384111.11,36,77900,698,19147.45,9.7,Pending,0.1702,0
L300650,C100650,Education Loan,1906949.04,84,20300,779,3263.17,13.5,Pending,0.0661,0
L307153,C107153,Personal Loan,502474.38,36,105200,790,0.0,15.1,Approved,0.0484,0
L302120,C102120,Business Loan,3154796.98,120,89200,629,11740.91,21.0,Approved,0.0754,0
L302637,C102637,Education Loan,1713146.95,84,19400,688,1336.08,22.9,Approved,0.0675,0
L307542,C107542,Personal Loan,159638.45,24,37000,696,13462.18,10.8,Approved,0.1603,1
L302992,C102992,Home Loan,7482906.19,24,74600,553,11583.05,4.2,Approved,0.3753,0
L301126,C101126,Vehicle Loan,999359.43,12,71200,781,8543.66,24.3,Pending,0.047,0
L304557,C104557,Business Loan,827071.14,12,52900,673,10589.29,9.3,Approved,0.1103,0
L303958,C103958,Business Loan,1108501.86,36,44000,775,2665.5,1.2,Approved,0.1157,0
L303316,C103316,Education Loan,103832.06,120,24800,657,5759.48,16.0,Pending,0.1451,1
L309285,C109285,Vehicle Loan,488584.69,60,81800,729,11469.55,10.2,Approved,0.1376,0
L300170,C100170,Personal Loan,311856.74,12,98000,824,23234.99,1.1,Approved,0.1705,0
L307806,C107806,Education Loan,1726425.09,180,13400,758,638.18,7.3,Pending,0.0895,0
L307381,C107381,Vehicle Loan,1155673.0,60,98900,607,21148.51,0.6,Approved,0.2363,0
L304748,C104748,Home Loan,5243500.77,120,86200,699,9931.41,16.8,Approved,0.0605,0
L305763,C105763,Education Loan,792823.1,180,33500,712,2612.14,2.4,Pending,0.1695,1
L307967,C107967,Personal Loan,344204.88,84,63000,654,4332.24,7.8,Approved,0.1361,0
L309124,C109124,Vehicle Loan,514535.16,84,72600,612,7257.89,0.0,Approved,0.1804,0
L308902,C108902,Personal Loan,282159.95,12,64300,760,15352.07,16.6,Approved,0.1232,0
L302479,C102479,Personal Loan,773164.02,36,8500,633,2156.08,1.3,Pending,0.3094,1
L309402,C109402,Home Loan,2705612.71,60,26900,747,6067.26,36.2,Approved,0.0634,0
L306600,C106600,Personal Loan,598431.9,36,42200,775,2556.13,1.5,Approved,0.0773,0
L302466,C102466,Education Loan,768466.64,180,80200,602,28338.52,11.7,Pending,0.2315,1
L309827,C109827,Education Loan,1064008.46,60,113600,685,29237.48,30.2,Approved,0.072,0
L302049,C102049,Business Loan,1494259.44,60,98400,741,8521.43,9.2,Approved,0.0847,0
L308261,C108261,Personal Loan,54225.94,24,90800,773,0.0,23.2,Approved,0.038,0
L309657,C109657,Vehicle Loan,117989.31,120,67800,685,4995.21,30.1,Approved,0.0482,0
L307135,C107135,Home Loan,2751114.34,84,74500,786,12314.64,9.8,Approved,0.0919,0
L307413,C107413,Vehicle Loan,819656.24,180,17500,640,2405.84,5.1,Approved,0.1564,0
L304586,C104586,Home Loan,7267135.03,60,60800,738,27826.06,2.7,Approved,0.2411,1
L306224,C106224,Education Loan,1161838.4,24,44600,585,9191.1,10.0,Pending,0.2246,0
L308376,C108376,Business Loan,3646742.1,36,105300,843,14664.09,4.4,Pending,0.0843,0
L309167,C109167,Education Loan,1628314.53,12,55500,900,4406.69,17.2,Approved,0.031,0
L309762,C109762,Home Loan,3589781.47,180,91200,797,7703.15,22.7,Approved,0.0465,0
L306111,C106111,Vehicle Loan,949901.42,36,59100,630,23640.07,5.7,Pending,0.3183,0
L303760,C103760,Home Loan,2771019.82,60,45600,661,8778.5,1.4,Approved,0.2227,0
L300729,C100729,Personal Loan,716919.22,24,58400,686,10992.99,9.4,Approved,0.2487,1
L305562,C105562,Personal Loan,581730.75,36,61800,611,11456.41,18.3,Pending,0.1538,0
L306070,C106070,Business Loan,3344106.71,120,31200,719,5290.78,4.0,Approved,0.1128,0
L306218,C106218,Education Loan,475604.52,12,41800,667,8143.2,0.6,Approved,0.3058,0
L307558,C107558,Vehicle Loan,385224.75,84,30100,597,5362.45,1.5,Pending,0.3152,0
L303136,C103136,Education Loan,1626119.62,24,30400,660,3369.24,11.6,Pending,0.1587,0
L301598,C101598,Vehicle Loan,913482.63,36,77900,741,0.0,24.8,Approved,0.0368,0
L302877,C102877,Home Loan,2866325.81,36,61500,678,3249.76,26.9,Approved,0.082,0
L304894,C104894,Vehicle Loan,382877.59,60,36900,720,9137.03,14.8,Pending,0.119,0
L307784,C107784,Home Loan,5105387.11,24,86600,716,3630.95,14.6,Pending,0.0864,0
L307175,C107175,Vehicle Loan,290597.87,60,70100,623,17402.95,7.2,Approved,0.24,0
L308959,C108959,Business Loan,2331885.68,12,69200,751,28275.74,11.7,Pending,0.1839,0
L306915,C106915,Personal Loan,705661.5,36,77200,731,18179.55,23.5,Pending,0.0725,0
L303093,C103093,Personal Loan,199917.17,60,27100,773,7306.37,9.0,Approved,0.1102,0
L305122,C105122,Business Loan,2014689.81,84,93200,695,22868.53,16.7,Pending,0.1425,0
L309733,C109733,Home Loan,2494434.32,12,66000,685,9912.73,7.8,Approved,0.0908,0
L307213,C107213,Home Loan,6258511.89,120,11600,798,900.57,5.2,Approved,0.1093,0
L307305,C107305,Education Loan,1083457.29,12,43500,782,5767.73,8.0,Pending,0.0908,0
L304731,C104731,Education Loan,1045117.68,180,82200,505,21138.74,19.4,Approved,0.3023,1
L301855,C101855,Business Loan,1008232.85,180,57400,704,5378.7,12.5,Pending,0.0865,0
L308137,C108137,Business Loan,4933019.36,120,69000,644,14940.25,26.0,Pending,0.1277,0
L301963,C101963,Home Loan,6906138.1,180,70300,731,6442.11,21.3,Pending,0.0532,1
L303445,C103445,Vehicle Loan,815089.33,180,97300,847,19421.35,10.4,Pending,0.0632,0
L305744,C105744,Business Loan,3105550.22,36,39300,645,9295.88,0.0,Approved,0.3415,0
L300132,C100132,Home Loan,5381332.81,36,45700,736,5516.96,2.2,Approved,0.1548,0
L300514,C100514,Education Loan,1285464.42,180,83900,698,7229.26,25.3,Approved,0.0614,0
L302768,C102768,Business Loan,1504933.7,84,25300,759,3172.95,15.0,Pending,0.1289,0
L303667,C103667,Home Loan,4330066.71,24,111800,731,28712.91,3.2,Approved,0.2058,0
L308730,C108730,Home Loan,5431481.67,24,32300,560,5582.81,21.5,Approved,0.3048,1
L301724,C101724,Education Loan,1598444.95,120,57000,745,11467.81,8.4,Approved,0.1033,0
L301324,C101324,Education Loan,1910156.95,84,83600,829,8200.95,13.5,Approved,0.0459,0
L308783,C108783,Education Loan,1594178.05,24,44300,601,16539.09,11.3,Approved,0.2431,0
L307077,C107077,Home Loan,2969507.61,12,31600,752,7108.72,1.8,Pending,0.244,0
L308204,C108204,Personal Loan,214745.48,24,71700,602,18058.81,13.7,Pending,0.1491,0
L305365,C105365,Personal Loan,384334.88,60,52400,668,13853.44,2.9,Approved,0.1591,0
L307000,C107000,Vehicle Loan,976955.39,60,131600,748,14612.88,31.5,Approved,0.0462,0
L300956,C100956,Education Loan,273602.73,12,98200,685,9962.57,13.6,Approved,0.125,0
L300566,C100566,Home Loan,1542275.57,36,73300,692,28215.18,2.5,Approved,0.2202,0
L302044,C102044,Business Loan,1288980.48,120,43300,612,3833.57,7.0,Approved,0.1661,0
L304425,C104425,Home Loan,1695837.95,84,41800,714,1780.58,23.3,Pending,0.0746,0
L300051,C100051,Personal Loan,265608.69,120,36800,734,9761.21,6.1,Pending,0.2016,1
L305257,C105257,Home Loan,2563992.16,84,87100,716,7929.61,2.9,Approved,0.1143,0
L307725,C107725,Education Loan,1969403.98,120,75000,555,9320.66,13.1,Pending,0.1556,0
L307058,C107058,Business Loan,410458.92,120,91800,801,10420.67,24.3,Approved,0.0558,0
L305759,C105759,Business Loan,4584683.27,180,9200,586,1949.17,0.0,Pending,0.3113,0
L302475,C102475,Education Loan,1000349.32,120,67700,612,21336.21,5.5,Approved,0.2992,0
L303216,C103216,Personal Loan,183470.39,84,12400,743,1606.26,0.0,Approved,0.0642,0
L300342,C100342,Vehicle Loan,801270.35,60,20100,746,0.0,16.5,Pending,0.0634,0
L302196,C102196,Vehicle Loan,659765.6,12,69600,659,4215.85,8.0,Approved,0.1333,1
L303164,C103164,Business Loan,1639446.86,60,48100,900,11898.4,3.8,Pending,0.0514,0
L306152,C106152,Vehicle Loan,1203571.38,36,105500,663,4913.01,18.6,Approved,0.0584,0
L303999,C103999,Personal Loan,380797.59,180,69800,550,7259.72,5.6,Approved,0.2345,0
L306330,C106330,Business Loan,2493267.3,12,69600,770,8649.5,1.8,Approved,0.1223,1
L308589,C108589,Business Loan,3462315.24,180,62900,674,1837.02,12.6,Pending,0.0937,0
L304564,C104564,Personal Loan,418620.99,60,92300,555,23354.67,20.1,Pending,0.2352,0
L302836,C102836,Personal Loan,594652.93,84,29500,540,6921.62,10.4,Approved,0.2587,0
L305617,C105617,Personal Loan,60859.2,12,85400,710,15400.21,2.9,Pending,0.1607,0
L306896,C106896,Home Loan,6890906.9,84,10700,695,669.26,5.0,Pending,0.1792,0
L309859,C109859,Vehicle Loan,292553.97,120,42000,671,12839.57,4.0,Approved,0.2697,0
L309714,C109714,Home Loan,6642239.69,120,86100,858,8151.03,24.4,Approved,0.033,0
L300167,C100167,Vehicle Loan,1286480.16,12,52700,774,3729.05,1.8,Approved,0.1426,0
L301467,C101467,Vehicle Loan,487694.65,60,110300,666,24757.54,8.0,Approved,0.1888,0
L308159,C108159,Education Loan,762310.46,180,63500,790,5405.51,9.3,Approved,0.079,0
L302526,C102526,Personal Loan,174794.56,84,46500,806,12378.29,11.5,Approved,0.1135,0
L305506,C105506,Business Loan,760466.83,84,61800,691,9413.98,1.9,Pending,0.1047,0
L308117,C108117,Education Loan,405427.39,36,14100,773,1092.91,6.6,Approved,0.0577,1
L305861,C105861,Business Loan,2269492.71,24,81000,639,5354.98,15.8,Approved,0.0945,0
L308996,C108996,Business Loan,495806.68,24,61500,784,7949.73,2.4,Approved,0.067,0
L301317,C101317,Personal Loan,172772.23,12,117900,725,35215.18,8.8,Pending,0.1273,0
L302213,C102213,Home Loan,5169553.48,12,84100,679,21821.39,3.8,Pending,0.3231,0
L303791,C103791,Personal Loan,396366.65,180,12000,605,1415.42,3.6,Pending,0.1583,0
L306000,C106000,Vehicle Loan,389511.13,180,88600,705,13673.42,18.4,Approved,0.1107,0
L308449,C108449,Personal Loan,266592.86,180,93700,622,23385.79,4.7,Approved,0.2187,0
L308831,C108831,Personal Loan,528762.82,12,83300,647,12108.59,26.2,Pending,0.1344,0
L307467,C107467,Education Loan,413383.81,36,66700,547,4848.52,22.3,Approved,0.1567,0
L305308,C105308,Education Loan,1821367.76,120,97200,555,23676.03,1.1,Approved,0.3251,0
L302678,C102678,Personal Loan,691421.64,60,16100,712,4141.07,10.0,Pending,0.1635,0
L301773,C101773,Education Loan,671309.81,180,53200,754,10347.31,8.9,Pending,0.1037,0
L309259,C109259,Personal Loan,594129.44,36,38300,519,2692.18,7.6,Pending,0.2256,1
L309008,C109008,Personal Loan,766972.6,120,25500,741,2069.19,0.0,Approved,0.1303,0
L304742,C104742,Business Loan,3666737.77,120,73200,688,18684.95,4.4,Pending,0.1801,0
L306190,C106190,Home Loan,7935196.35,12,88100,672,20490.66,16.7,Approved,0.2315,1
L309828,C109828,Business Loan,2677820.02,36,119000,681,27227.55,27.2,Pending,0.109,0
L306414,C106414,Vehicle Loan,1055144.27,84,11800,582,1790.51,4.6,Pending,0.234,0
L306598,C106598,Vehicle Loan,431984.55,60,97400,829,9549.53,4.3,Pending,0.0522,0
L303714,C103714,Business Loan,4881127.34,180,65300,615,21070.04,10.6,Approved,0.271,1
L302956,C102956,Home Loan,1553652.36,36,84100,629,1442.78,0.8,Pending,0.1415,0
L305476,C105476,Home Loan,7399123.22,36,63300,661,10926.5,6.9,Approved,0.2257,0
L305510,C105510,Education Loan,1386406.6,12,119900,730,17387.03,5.4,Pending,0.1402,0
L302765,C102765,Home Loan,4466785.66,84,68300,577,7436.7,18.9,Pending,0.1576,1
L309663,C109663,Personal Loan,194933.86,36,115000,690,18018.27,10.8,Approved,0.0913,0
L303097,C103097,Home Loan,5004237.39,180,82900,691,3026.8,9.5,Pending,0.1426,0
L301525,C101525,Personal Loan,143779.3,36,40000,782,2688.26,1.6,Pending,0.0759,0
L306520,C106520,Personal Loan,432509.63,36,76100,772,8908.49,0.0,Approved,0.0747,0
L308022,C108022,Home Loan,3346860.88,180,41900,641,8868.73,16.6,Approved,0.1397,0
L303654,C103654,Vehicle Loan,609063.49,120,39300,768,6372.31,16.0,Approved,0.0665,0
L305100,C105100,Business Loan,996611.65,36,40700,742,5998.09,8.8,Pending,0.1384,0
L309729,C109729,Business Loan,3870377.34,180,95400,895,0.0,9.7,Approved,0.0374,0
L303308,C103308,Home Loan,6470450.98,36,42100,693,2034.31,0.3,Approved,0.2317,0
L301982,C101982,Education Loan,1099640.53,84,83500,763,11228.98,1.3,Pending,0.1029,1
L303044,C103044,Education Loan,138799.92,36,8900,702,1202.84,2.5,Pending,0.166,0
L306965,C106965,Vehicle Loan,1224148.55,24,43000,539,0.0,16.3,Pending,0.2471,1
L305070,C105070,Personal Loan,107352.85,180,77500,783,4390.63,13.3,Approved,0.0626,0
L306535,C106535,Vehicle Loan,1287551.41,36,47100,745,5174.95,25.1,Approved,0.0741,0
L304865,C104865,Education Loan,823691.6,36,53000,621,3105.52,19.3,Pending,0.1155,0
L308888,C108888,Vehicle Loan,996121.48,60,64500,733,13859.36,5.4,Pending,0.1081,0
L303281,C103281,Business Loan,2961041.88,12,104800,800,12932.82,14.1,Approved,0.0816,0
L301207,C101207,Vehicle Loan,1071684.46,12,41700,661,6212.99,23.4,Pending,0.0958,0
L301261,C101261,Home Loan,3640660.18,180,75700,687,10542.88,23.3,Approved,0.0615,0
L300259,C100259,Vehicle Loan,987690.81,60,44700,701,7504.77,15.7,Pending,0.0868,0
L304099,C104099,Business Loan,354664.64,60,48600,589,0.0,4.1,Pending,0.2323,1
L300959,C100959,Home Loan,2013500.28,60,59600,784,4776.08,12.0,Approved,0.0658,0
L303517,C103517,Personal Loan,196083.16,24,85800,659,7701.95,26.1,Approved,0.1323,0
L301859,C101859,Personal Loan,81692.75,84,72300,550,665.48,12.8,Pending,0.1212,0
L308134,C108134,Education Loan,1040130.15,180,68200,584,7865.28,28.4,Approved,0.1237,0
L308994,C108994,Education Loan,452099.51,84,65700,642,27184.48,0.6,Approved,0.3707,1
L302030,C102030,Vehicle Loan,1220634.31,180,72300,559,11728.23,11.4,Approved,0.2854,1
L306575,C106575,Vehicle Loan,1267142.53,12,74100,674,13542.69,7.9,Approved,0.1568,0
L306025,C106025,Vehicle Loan,968845.08,24,112300,694,9853.62,15.6,Approved,0.0905,0
L302530,C102530,Business Loan,2681541.05,36,65600,757,15604.45,31.6,Pending,0.0439,0
L308087,C108087,Business Loan,689560.48,24,78700,646,10746.59,12.1,Approved,0.182,1
L308492,C108492,Business Loan,794591.22,60,63100,795,10192.21,11.8,Pending,0.0657,1
L301382,C101382,Vehicle Loan,1269790.86,12,76200,709,14183.21,6.7,Approved,0.1825,0
L300013,C100013,Vehicle Loan,1071180.07,180,95600,819,16354.17,15.1,Pending,0.0565,0
L309776,C109776,Business Loan,1229250.48,120,57400,769,14554.41,31.5,Pending,0.0664,0
L304477,C104477,Personal Loan,473705.81,36,26100,744,7407.58,10.3,Approved,0.1189,1
L307407,C107407,Home Loan,1108338.89,84,88300,539,19440.85,19.5,Approved,0.2542,0
L302702,C102702,Vehicle Loan,988906.21,84,19000,747,4487.11,3.5,Approved,0.1541,0
L307976,C107976,Vehicle Loan,933750.46,36,79700,801,15348.1,0.6,Approved,0.1073,0
L302538,C102538,Education Loan,517425.64,24,74900,787,7582.35,5.9,Pending,0.0662,0
L304286,C104286,Personal Loan,729949.64,36,21700,642,3730.6,19.3,Approved,0.125,0
L303686,C103686,Education Loan,1849734.64,84,56300,648,10034.48,1.8,Pending,0.2537,1
L303045,C103045,Personal Loan,406003.31,180,68300,703,17928.6,32.6,Approved,0.0837,0
L305396,C105396,Home Loan,2400630.73,180,70100,753,22138.4,25.9,Approved,0.0703,1
L309601,C109601,Personal Loan,407416.68,12,15700,689,2772.28,7.1,Approved,0.1459,0
L301163,C101163,Vehicle Loan,955919.05,180,82200,694,9126.5,10.5,Pending,0.076,0
L300487,C100487,Business Loan,2397913.64,120,46600,689,10936.49,7.7,Pending,0.2232,0
L300703,C100703,Home Loan,7125762.14,12,24000,726,4898.73,5.8,Rejected,0.6475,0
L304324,C104324,Vehicle Loan,1001216.88,84,123100,724,13298.25,32.2,Approved,0.057,0
L306783,C106783,Personal Loan,298294.84,36,50400,698,8644.17,24.8,Pending,0.0737,0
L309908,C109908,Education Loan,1005743.15,180,28300,670,2044.35,21.5,Approved,0.0823,0
L307972,C107972,Business Loan,2682338.62,180,65100,633,12927.68,5.5,Pending,0.1816,0
L307345,C107345,Home Loan,5811996.19,24,94800,712,12322.33,10.3,Approved,0.1091,0
L306556,C106556,Home Loan,3111513.08,24,74800,793,22732.87,4.3,Approved,0.1649,1
L306887,C106887,Education Loan,1640958.64,60,28200,643,8684.79,10.2,Approved,0.2474,1
L306076,C106076,Education Loan,929382.7,84,75800,734,4567.09,7.7,Pending,0.0827,0
L303312,C103312,Business Loan,4715265.87,60,67500,735,5753.33,34.9,Pending,0.0484,0
L308770,C108770,Education Loan,806271.44,180,40000,663,1545.59,5.4,Approved,0.1304,1
L303098,C103098,Vehicle Loan,1253543.0,60,66800,634,3786.82,6.4,Approved,0.1674,0
L308794,C108794,Home Loan,4343508.9,60,32500,637,9671.74,12.9,Approved,0.3267,1
L300568,C100568,Home Loan,1310106.94,120,66200,718,10870.56,23.7,Pending,0.0654,0
L302372,C102372,Business Loan,722028.97,24,79500,626,16835.88,0.7,Approved,0.2307,1
L308801,C108801,Home Loan,3898851.31,120,61300,789,17150.52,26.5,Pending,0.0504,0
L302547,C102547,Home Loan,5431307.49,12,53700,689,0.0,13.2,Approved,0.12,0
L309395,C109395,Vehicle Loan,520060.54,180,27800,636,8122.79,10.9,Approved,0.2342,0
L302717,C102717,Personal Loan,598028.29,36,53700,732,8857.5,25.9,Pending,0.0469,0
L307061,C107061,Personal Loan,174569.65,24,68400,608,6129.69,1.7,Approved,0.2931,0
L308627,C108627,Business Loan,2111419.29,12,67000,568,8587.31,7.9,Approved,0.3879,0
L308526,C108526,Vehicle Loan,912425.48,36,112100,710,11377.06,8.7,Pending,0.0878,0
L304335,C104335,Education Loan,124359.16,24,47700,785,0.0,8.6,Approved,0.0539,1
L308300,C108300,Home Loan,1648187.34,60,100300,619,26910.97,19.6,Approved,0.1626,0
L308929,C108929,Vehicle Loan,319144.9,60,86900,714,10158.01,2.7,Approved,0.1611,0
L301798,C101798,Education Loan,1816257.85,180,64900,820,21130.77,17.0,Approved,0.0643,0
L307531,C107531,Education Loan,1474700.27,120,124200,654,27434.64,16.6,Approved,0.0965,0
L300236,C100236,Personal Loan,625594.12,36,54200,743,7339.63,18.4,Pending,0.0686,0
L301777,C101777,Personal Loan,351477.06,180,56700,750,15494.22,4.8,Approved,0.1466,0
L300622,C100622,Personal Loan,110775.01,60,55200,807,10853.48,2.8,Approved,0.0885,1
L304175,C104175,Personal Loan,508264.15,12,34800,699,4616.58,11.3,Approved,0.1466,0
L304666,C104666,Personal Loan,664661.6,84,30000,689,6793.0,4.8,Pending,0.1485,0
L300742,C100742,Vehicle Loan,573356.35,84,56600,594,15569.7,8.2,Approved,0.2556,0
L305808,C105808,Vehicle Loan,1215396.66,36,54200,769,5960.72,16.5,Approved,0.0742,0
L303827,C103827,Education Loan,1938277.19,180,51300,656,4359.7,5.0,Approved,0.234,0
L309746,C109746,Vehicle Loan,751825.99,36,66300,706,8521.04,7.0,Approved,0.1401,0
L304516,C104516,Business Loan,3107889.05,180,14400,695,3808.14,10.6,Approved,0.1884,0
L307053,C107053,Vehicle Loan,620115.67,60,28700,763,269.44,3.2,Pending,0.0649,0
L302862,C102862,Personal Loan,707519.66,60,102200,900,35318.89,23.5,Approved,0.0433,0
L301187,C101187,Vehicle Loan,440492.71,12,54800,684,5908.93,18.5,Pending,0.0931,0
L304571,C104571,Personal Loan,724119.67,24,54200,595,13903.84,3.1,Approved,0.2416,0
L301913,C101913,Education Loan,1245726.45,120,114100,521,10345.02,8.7,Pending,0.2878,0
L309122,C109122,Home Loan,7168433.97,180,67400,711,6658.65,11.9,Pending,0.1071,0
L308120,C108120,Personal Loan,516004.19,12,82700,720,16858.56,15.1,Approved,0.1486,0
L300634,C100634,Vehicle Loan,797972.18,84,35000,706,3649.28,6.8,Pending,0.1111,0
L300814,C100814,Vehicle Loan,980231.84,36,78700,638,5730.56,11.2,Approved,0.1062,0
L303171,C103171,Home Loan,3272159.14,120,130000,590,16943.45,28.9,Approved,0.1073,0
L303674,C103674,Vehicle Loan,795078.05,60,44300,687,7241.96,8.8,Approved,0.109,0
L303253,C103253,Home Loan,2791890.14,120,31200,743,2206.98,9.3,Approved,0.0966,0
L305975,C105975,Education Loan,1100183.35,24,58900,468,1931.21,18.4,Pending,0.3932,0
L301006,C101006,Education Loan,943999.41,120,170000,754,13362.07,17.4,Pending,0.0594,0
L303042,C103042,Business Loan,1002586.42,60,55500,603,16361.22,6.2,Approved,0.2805,0
L304665,C104665,Education Loan,1708792.37,120,79300,761,17910.71,11.7,Approved,0.0947,0
L304145,C104145,Business Loan,1261833.12,180,50000,800,3398.46,9.4,Pending,0.0386,0
L301747,C101747,Home Loan,5031825.28,36,81400,664,28703.56,10.1,Pending,0.3002,0
L301632,C101632,Personal Loan,409743.9,60,10700,725,2720.11,1.2,Pending,0.1874,1
L309616,C109616,Personal Loan,740261.82,60,67400,698,11369.89,17.8,Approved,0.0922,0
L306209,C106209,Business Loan,3744241.61,36,46700,712,586.92,12.7,Approved,0.1009,1
L301725,C101725,Education Loan,1328061.65,60,124700,798,0.0,22.1,Approved,0.0201,0
L304367,C104367,Personal Loan,284811.56,120,62400,614,13645.16,1.2,Approved,0.2249,0
L307240,C107240,Home Loan,5755815.22,24,40600,662,4477.31,15.7,Pending,0.1878,0
L300152,C100152,Education Loan,1822679.15,24,86900,700,1338.6,23.4,Approved,0.0659,0
L301988,C101988,Home Loan,4940291.53,24,57800,811,3040.24,3.2,Approved,0.0831,0
L302941,C102941,Education Loan,529672.25,120,83600,664,2997.43,31.3,Approved,0.0874,0
L303463,C103463,Education Loan,626614.12,60,68800,658,3267.24,1.0,Approved,0.1483,0
L308593,C108593,Home Loan,4899542.68,36,66200,634,8467.69,15.5,Pending,0.1336,0
L306665,C106665,Vehicle Loan,842518.04,24,53400,682,0.0,0.3,Approved,0.1029,0
L306755,C106755,Personal Loan,530786.44,36,151600,702,12262.74,18.3,Approved,0.0623,0
L307703,C107703,Home Loan,2951648.99,180,126200,678,15251.42,4.5,Approved,0.1429,0
L300600,C100600,Home Loan,4060966.46,24,104500,647,19689.27,10.8,Pending,0.1518,0
L300080,C100080,Personal Loan,78620.95,84,82600,572,13206.49,11.9,Approved,0.199,0
L303946,C103946,Education Loan,1512606.36,120,66100,862,13560.33,0.8,Approved,0.0968,0
L309289,C109289,Home Loan,3147508.68,36,67400,733,6880.84,8.2,Approved,0.0809,0
L306697,C106697,Education Loan,554900.21,180,106400,860,4098.79,16.4,Approved,0.0268,0
L301714,C101714,Business Loan,341842.83,12,57100,770,13625.91,11.1,Pending,0.2243,0
L309115,C109115,Personal Loan,56135.07,12,54600,637,3105.77,23.6,Approved,0.0935,0
L304134,C104134,Personal Loan,501388.43,12,79700,647,14390.48,34.6,Pending,0.0518,0
L307172,C107172,Personal Loan,769488.52,84,43100,760,9251.41,11.4,Approved,0.0847,0
L307179,C107179,Home Loan,7828236.58,12,83400,615,1178.75,9.1,Approved,0.3218,0
L300540,C100540,Home Loan,4192570.0,180,31700,733,11818.58,10.9,Pending,0.1546,0
L306203,C106203,Home Loan,4994158.84,60,77100,724,5737.34,1.9,Pending,0.1198,0
L306071,C106071,Education Loan,1801855.98,84,73000,485,4273.67,11.1,Approved,0.2785,0
L307453,C107453,Vehicle Loan,727673.17,36,106500,782,29344.96,9.6,Approved,0.0762,0
L305072,C105072,Vehicle Loan,1316804.02,60,71000,699,0.0,3.2,Approved,0.1085,0
L303900,C103900,Education Loan,1538979.58,12,79700,515,18213.37,5.5,Approved,0.338,0
L302392,C102392,Education Loan,1265237.5,36,62700,749,11223.49,23.5,Pending,0.121,0
L305367,C105367,Business Loan,4094272.29,60,86600,751,14396.25,5.2,Approved,0.1356,1
L301796,C101796,Education Loan,839546.18,24,79100,558,12763.82,15.1,Approved,0.2484,0
L301630,C101630,Home Loan,3795358.81,120,83700,797,12009.77,18.5,Approved,0.0494,0
L302151,C102151,Education Loan,582191.01,84,45700,630,6489.27,3.7,Approved,0.1567,0
L300724,C100724,Personal Loan,297012.8,12,76300,758,4992.21,24.4,Approved,0.0417,0
L301739,C101739,Personal Loan,572440.5,36,41800,491,11071.36,4.3,Approved,0.4372,1
L300107,C100107,Personal Loan,92859.69,24,112200,659,20909.92,15.7,Pending,0.1063,0
L301388,C101388,Education Loan,785338.8,60,58200,784,5274.46,26.6,Approved,0.0379,0
L300953,C100953,Education Loan,1835584.17,24,39100,696,13151.84,15.8,Pending,0.2172,0
L304778,C104778,Personal Loan,275338.29,180,62000,725,17025.23,3.3,Approved,0.1805,0
L309573,C109573,Personal Loan,513100.13,24,72300,597,13018.7,5.3,Approved,0.2087,1
L304243,C104243,Home Loan,7759988.78,24,73500,752,13863.9,0.4,Pending,0.24,0
L303475,C103475,Home Loan,5673055.86,180,41700,596,515.39,1.9,Pending,0.2035,0
L309589,C109589,Personal Loan,274647.47,24,99300,740,24719.66,8.3,Approved,0.1335,1
L303525,C103525,Business Loan,872245.49,120,51300,772,5706.15,2.9,Pending,0.053,0
L305539,C105539,Home Loan,5503232.14,180,47200,701,10411.36,37.7,Pending,0.081,0
L303356,C103356,Education Loan,1007447.01,12,86100,615,17871.49,0.7,Approved,0.3144,0
L309303,C109303,Vehicle Loan,1176871.31,12,61400,569,9366.16,30.7,Approved,0.1654,0
L306709,C106709,Personal Loan,200368.05,84,24000,629,4887.06,14.7,Approved,0.127,0
L306963,C106963,Home Loan,7374768.47,120,70900,616,15899.34,19.6,Pending,0.2529,0
L307894,C107894,Personal Loan,122520.48,84,43000,627,7343.89,15.9,Approved,0.1403,0
L307969,C107969,Business Loan,997039.29,12,77900,584,10140.55,9.4,Approved,0.3091,0
L306073,C106073,Vehicle Loan,616857.35,120,48500,818,9448.31,6.3,Approved,0.0552,0
L301665,C101665,Home Loan,2246808.88,84,32800,699,9540.24,6.4,Approved,0.1616,0
L309580,C109580,Vehicle Loan,385704.93,36,57800,816,3413.68,10.7,Approved,0.0464,0
L306521,C106521,Home Loan,3132846.66,24,77500,770,19634.66,1.2,Approved,0.1613,0
L301784,C101784,Vehicle Loan,810250.75,180,109500,643,5372.88,9.4,Pending,0.1468,0
L305030,C105030,Home Loan,2234754.01,12,23800,664,1878.05,5.0,Approved,0.1506,0
L307216,C107216,Education Loan,1687352.3,120,40700,713,11648.62,13.8,Approved,0.1603,0
L300866,C100866,Education Loan,1254049.0,180,101200,606,5811.79,21.7,Approved,0.0846,0
L300495,C100495,Home Loan,2673393.93,24,89900,538,8407.14,11.4,Pending,0.1833,0
L302098,C102098,Personal Loan,394308.32,84,90500,639,18813.59,13.8,Approved,0.1694,0
L305390,C105390,Vehicle Loan,1269031.11,12,83800,665,23087.41,4.8,Pending,0.2319,0
L309737,C109737,Education Loan,443426.78,60,47100,671,7826.94,9.3,Approved,0.1475,0
L303980,C103980,Vehicle Loan,1318155.51,24,39200,648,6968.22,6.7,Pending,0.161,0
L306840,C106840,Vehicle Loan,743045.35,24,21800,705,305.77,8.3,Approved,0.059,0
L301104,C101104,Education Loan,1574442.11,180,74700,609,15333.59,7.5,Approved,0.2214,0
L300942,C100942,Vehicle Loan,383350.6,12,99500,662,13039.56,27.8,Pending,0.1053,0
L308595,C108595,Business Loan,651606.15,120,68500,598,15500.18,9.4,Approved,0.2108,0
L309083,C109083,Education Loan,1684739.28,60,80100,604,10436.68,0.8,Approved,0.2825,0
L300476,C100476,Personal Loan,296316.18,60,73200,598,23769.57,24.5,Pending,0.2237,0
L302525,C102525,Vehicle Loan,337327.71,84,72900,751,7711.32,3.5,Approved,0.0984,0
L307138,C107138,Personal Loan,76931.19,180,54600,591,6877.39,5.2,Pending,0.2425,0
L302202,C102202,Vehicle Loan,1243852.74,120,75200,754,0.0,0.2,Pending,0.0747,0
L305864,C105864,Vehicle Loan,1151878.48,24,114600,810,16200.68,11.6,Pending,0.0601,0
L304827,C104827,Vehicle Loan,288625.77,180,87000,811,0.0,20.7,Approved,0.0254,0
L307956,C107956,Vehicle Loan,550034.89,120,67300,691,0.0,17.3,Approved,0.08,0
L300909,C100909,Vehicle Loan,537498.79,24,24300,729,5799.45,1.8,Approved,0.1363,0
L308846,C108846,Personal Loan,213670.34,12,80200,682,28752.12,4.9,Pending,0.1725,0
L304990,C104990,Education Loan,454924.59,24,67600,616,15952.56,24.8,Pending,0.191,0
L303012,C103012,Business Loan,3045075.73,12,73800,635,13877.26,1.0,Approved,0.2418,1
L302287,C102287,Vehicle Loan,649158.39,60,74800,671,4454.83,15.6,Approved,0.0848,0
L304399,C104399,Personal Loan,751855.56,84,110900,671,18677.45,22.2,Pending,0.0939,0
L305363,C105363,Personal Loan,715727.84,180,100900,587,11619.73,8.3,Pending,0.1682,0
L301712,C101712,Home Loan,6653859.05,84,64800,752,8566.47,29.5,Approved,0.0466,0
L300162,C100162,Home Loan,5988460.89,12,33200,788,6977.37,14.6,Approved,0.2572,0
L304266,C104266,Education Loan,1511387.53,36,24000,749,5949.27,12.6,Approved,0.1103,0
L308186,C108186,Education Loan,766151.93,180,78600,797,11806.32,8.5,Approved,0.0662,0
L307472,C107472,Home Loan,3506555.88,12,35200,777,4121.63,3.2,Pending,0.168,0
L302621,C102621,Education Loan,1304511.81,36,140100,681,33425.33,14.0,Approved,0.1443,1
L303718,C103718,Education Loan,1998847.19,120,86300,712,6132.0,15.1,Approved,0.0919,0
L305103,C105103,Education Loan,211820.5,84,46700,589,12511.73,8.2,Approved,0.289,0
L303065,C103065,Home Loan,5995781.21,36,68900,711,6978.54,10.9,Pending,0.1323,0
L306881,C106881,Home Loan,6580806.86,180,57400,650,9768.22,5.4,Approved,0.1515,0
L309847,C109847,Vehicle Loan,669272.53,36,85500,730,10904.05,10.8,Approved,0.084,0
L307592,C107592,Personal Loan,495630.52,36,39600,832,4936.11,5.1,Approved,0.0739,0
L305660,C105660,Home Loan,1122177.49,60,91500,764,9603.62,4.5,Pending,0.1217,0
L302439,C102439,Business Loan,3670589.27,84,12100,559,4274.79,1.1,Approved,0.4713,0
L309735,C109735,Home Loan,4590278.95,24,62600,867,12836.82,2.8,Approved,0.0746,0
L307874,C107874,Vehicle Loan,560809.15,24,72000,801,5808.81,6.8,Approved,0.0603,0
L301670,C101670,Business Loan,253491.19,180,96000,882,863.74,26.1,Approved,0.0221,0
L309052,C109052,Business Loan,3685284.41,180,27200,601,6324.72,1.2,Pending,0.3871,1
L305642,C105642,Home Loan,5812034.37,60,51300,651,4295.0,21.2,Approved,0.1356,0
L306249,C106249,Personal Loan,102057.58,60,26800,675,0.0,2.1,Approved,0.1056,0
L305068,C105068,Home Loan,5423931.85,12,28700,753,5220.64,0.7,Rejected,0.5612,1
L302350,C102350,Home Loan,7301989.27,12,35400,861,3239.91,9.7,Approved,0.1936,1
L306550,C106550,Home Loan,4186693.36,24,37800,634,7078.7,20.0,Approved,0.2441,0
L301338,C101338,Home Loan,2663508.98,120,86300,608,25810.85,10.7,Approved,0.2108,0
L305159,C105159,Business Loan,652540.72,12,88600,638,14887.99,34.8,Pending,0.1364,0
L308008,C108008,Vehicle Loan,1289251.2,24,62500,710,3420.06,3.9,Pending,0.0941,0
L306692,C106692,Education Loan,1021201.01,180,63700,742,17073.81,26.2,Approved,0.1068,0
L304094,C104094,Business Loan,2429329.18,180,101700,657,27827.04,26.7,Pending,0.1496,0
L300263,C100263,Home Loan,7696620.86,84,27600,753,2675.13,20.8,Approved,0.1004,1
L300410,C100410,Home Loan,1962366.16,180,55200,623,3658.81,5.2,Pending,0.2218,0
L307729,C107729,Business Loan,4828731.8,120,93700,686,10961.03,20.9,Approved,0.125,0
L309547,C109547,Vehicle Loan,187144.9,36,78400,815,3414.91,5.6,Pending,0.0431,0
L301280,C101280,Personal Loan,752988.31,12,54900,543,7255.8,26.7,Pending,0.2011,1
L306519,C106519,Business Loan,3731727.18,180,87800,663,18106.96,0.7,Approved,0.2374,0
L301058,C101058,Business Loan,3199793.65,24,52600,617,10833.1,10.0,Approved,0.2765,0
L302412,C102412,Personal Loan,212233.53,84,55300,630,7501.79,33.6,Pending,0.074,0
L308927,C108927,Vehicle Loan,267615.72,12,76200,761,14831.17,34.4,Pending,0.0652,0
L309948,C109948,Home Loan,7134498.54,12,68400,675,16003.57,30.3,Approved,0.1963,0
L308765,C108765,Vehicle Loan,412213.16,120,101000,840,17483.73,6.5,Pending,0.1052,0
L309756,C109756,Personal Loan,215677.19,12,57100,605,17672.93,4.3,Approved,0.2832,0
L304454,C104454,Education Loan,758328.51,24,59600,686,17110.21,15.7,Approved,0.1032,1
L302772,C102772,Personal Loan,446791.7,12,87300,686,13447.47,2.4,Pending,0.1564,0
L305066,C105066,Personal Loan,173376.58,120,60700,720,18281.54,5.6,Approved,0.1368,0
L309163,C109163,Education Loan,1153203.11,24,90800,714,11814.97,23.0,Approved,0.1152,0
L305344,C105344,Business Loan,1145985.71,180,57900,743,12769.9,8.0,Approved,0.1272,0
L306020,C106020,Education Loan,1927822.7,180,76800,730,17676.32,8.5,Approved,0.1987,0
L309720,C109720,Education Loan,1128610.68,60,26900,728,7746.84,15.7,Approved,0.1683,1
L302532,C102532,Education Loan,1776128.38,36,67000,676,0.0,18.3,Approved,0.0736,0
L302203,C102203,Education Loan,950533.36,60,28800,743,0.0,3.9,Approved,0.0845,0
L308403,C108403,Home Loan,7644952.89,84,125100,778,9874.6,21.4,Approved,0.0412,0
L304824,C104824,Education Loan,726844.94,36,70100,586,17006.27,17.1,Pending,0.2311,0
L303200,C103200,Home Loan,3769350.51,60,75900,719,21089.14,18.4,Approved,0.0862,0
L306004,C106004,Home Loan,7548983.48,180,115900,738,12222.58,10.1,Pending,0.0873,0
L305817,C105817,Personal Loan,54118.1,24,140000,747,8961.92,23.9,Pending,0.038,0
L302845,C102845,Vehicle Loan,368739.2,180,73800,675,6646.12,5.2,Approved,0.1429,0
L300890,C100890,Personal Loan,567433.89,120,32400,683,7549.51,1.4,Approved,0.2043,0
L300923,C100923,Education Loan,1801154.91,24,54400,852,495.85,5.3,Approved,0.0429,0
L309097,C109097,Business Loan,446380.69,60,74000,564,0.0,15.3,Pending,0.1328,1
L307847,C107847,Home Loan,2984079.92,36,51200,721,11198.91,30.5,Approved,0.0958,0
L303502,C103502,Home Loan,3140146.94,120,67200,654,31223.75,5.0,Approved,0.3433,0
L309320,C109320,Education Loan,1446071.73,36,68000,663,7172.67,9.8,Pending,0.103,0
L300481,C100481,Home Loan,3814487.2,180,66500,547,10346.86,13.0,Approved,0.1876,0
L302457,C102457,Home Loan,2437194.65,120,54200,678,10892.39,20.9,Approved,0.1311,0
L304216,C104216,Vehicle Loan,1237324.91,120,30100,654,9766.61,17.4,Approved,0.1248,0
L306467,C106467,Education Loan,1017231.45,12,56500,685,9818.94,0.9,Pending,0.1482,0
L309805,C109805,Business Loan,2917541.36,84,66500,764,5062.27,3.4,Approved,0.0721,0
L306355,C106355,Vehicle Loan,1222295.97,36,62700,765,6904.87,5.9,Approved,0.0786,1
L305845,C105845,Education Loan,1158929.29,36,12200,689,1783.26,1.7,Pending,0.1969,0
L307088,C107088,Home Loan,7307095.04,60,46900,631,8907.36,1.5,Approved,0.2499,1
L305065,C105065,Personal Loan,92434.82,36,24400,604,4811.16,6.6,Approved,0.3048,0
L303883,C103883,Business Loan,1122553.0,84,51200,552,9732.35,5.1,Pending,0.2878,1
L304440,C104440,Personal Loan,57454.65,24,47400,568,0.0,4.5,Approved,0.2661,1
L303270,C103270,Education Loan,1124333.79,84,101700,757,4659.82,1.8,Approved,0.0764,0
L309857,C109857,Personal Loan,354779.73,180,79400,776,4074.42,24.8,Approved,0.042,0
L300554,C100554,Vehicle Loan,540965.36,24,155300,857,49925.9,9.1,Pending,0.0641,0
L303449,C103449,Business Loan,1254885.56,180,61500,858,7218.06,7.0,Approved,0.0672,0
L301177,C101177,Business Loan,3459071.88,24,35800,673,8222.47,3.7,Pending,0.2995,1
L308680,C108680,Personal Loan,593702.65,36,78900,586,13669.69,11.2,Approved,0.2517,1
L308951,C108951,Personal Loan,588709.32,120,43900,565,0.0,16.7,Pending,0.1594,0
L305481,C105481,Education Loan,1287572.1,36,61100,767,9617.93,2.4,Pending,0.127,0
L305988,C105988,Business Loan,2315914.42,120,64600,689,11211.94,12.0,Approved,0.1735,1
L304728,C104728,Home Loan,5775465.9,24,55500,578,6714.22,1.9,Approved,0.3044,0
L302074,C102074,Education Loan,1233711.65,180,62200,611,18428.43,15.0,Pending,0.2512,0
L302878,C102878,Business Loan,964094.21,180,53600,585,16535.83,11.9,Pending,0.2465,0
L303641,C103641,Personal Loan,712362.12,36,33300,707,2315.4,28.7,Approved,0.0473,0
L305734,C105734,Home Loan,5194681.09,84,41100,569,3762.46,11.3,Pending,0.2842,0
L308424,C108424,Home Loan,1101864.8,180,66700,762,9381.49,0.8,Pending,0.1128,1
L305276,C105276,Home Loan,7936108.4,12,31000,635,431.93,6.3,Rejected,0.5769,0
L300489,C100489,Vehicle Loan,436204.29,84,111600,810,0.0,20.7,Approved,0.026,0
L301105,C101105,Home Loan,2670369.68,84,54400,601,11500.18,2.9,Approved,0.2222,0
L307222,C107222,Business Loan,1859122.92,36,124000,601,22889.88,7.0,Pending,0.2166,0
L307010,C107010,Vehicle Loan,164515.68,36,53400,754,1842.3,0.8,Approved,0.0702,0
L303570,C103570,Vehicle Loan,977397.52,12,55300,690,6626.99,10.7,Approved,0.1334,0
L305736,C105736,Education Loan,118038.55,12,32700,612,5566.87,3.2,Approved,0.2667,1
L304378,C104378,Personal Loan,442467.49,36,39100,648,8258.48,3.1,Approved,0.2233,0
L309962,C109962,Education Loan,568110.35,24,85000,539,12569.68,11.1,Approved,0.2426,1
L303751,C103751,Vehicle Loan,1003984.02,60,82300,694,10990.92,22.5,Approved,0.0787,0
L302537,C102537,Home Loan,1101691.21,84,54300,577,6223.75,12.3,Pending,0.2018,0
L306041,C106041,Personal Loan,755992.09,12,83200,749,16049.24,7.7,Approved,0.1074,0
L304414,C104414,Home Loan,2088326.78,12,14100,618,1914.61,5.2,Pending,0.4948,1
L302021,C102021,Vehicle Loan,1354743.78,84,47600,704,3696.01,14.7,Approved,0.1067,0
L302430,C102430,Personal Loan,200249.87,120,61000,723,17782.47,3.7,Approved,0.1934,0
L301490,C101490,Education Loan,183693.02,12,32700,616,1390.6,9.7,Approved,0.1586,0
L308030,C108030,Personal Loan,614505.92,60,55700,810,19797.76,4.8,Approved,0.1709,0
L309192,C109192,Home Loan,4113581.02,36,104400,654,16187.76,20.8,Approved,0.1468,0
L305710,C105710,Business Loan,1207387.43,60,72000,562,7131.41,7.0,Pending,0.3184,0
L304760,C104760,Business Loan,2844612.9,60,31000,643,5965.24,36.8,Approved,0.0664,0
L306172,C106172,Business Loan,2532157.09,84,68700,677,13300.09,30.9,Approved,0.0993,0
L303236,C103236,Education Loan,217356.92,84,8600,579,1365.45,3.4,Approved,0.3558,0
L307471,C107471,Personal Loan,75304.5,84,59900,610,21527.6,24.9,Approved,0.1891,0
L301545,C101545,Business Loan,2047042.84,24,51500,722,5710.86,11.2,Approved,0.1064,0
L304076,C104076,Vehicle Loan,607100.38,180,38300,586,6696.91,20.9,Approved,0.1724,1
L302617,C102617,Personal Loan,254021.19,180,86600,801,30010.91,0.6,Approved,0.1414,0
L301042,C101042,Home Loan,1328129.94,120,46500,839,11024.15,10.2,Approved,0.0531,0
L305342,C105342,Education Loan,1171539.3,24,38100,682,8549.53,13.5,Pending,0.1595,0
L309111,C109111,Business Loan,1063426.59,60,75300,654,17197.31,23.8,Pending,0.1453,0
L305694,C105694,Home Loan,7458156.62,12,83100,890,6090.68,17.4,Approved,0.048,0
L304733,C104733,Personal Loan,344824.24,24,93800,856,13848.85,4.7,Approved,0.0606,0
L308550,C108550,Personal Loan,260350.32,24,58300,748,9596.6,20.6,Approved,0.0584,0
L309477,C109477,Business Loan,1896341.86,84,62400,535,5070.38,3.8,Approved,0.3119,1
L302027,C102027,Home Loan,2784555.48,60,64500,672,17840.98,23.0,Pending,0.1755,0
L306779,C106779,Vehicle Loan,240666.16,12,14600,733,388.36,8.3,Approved,0.1016,0
L301073,C101073,Education Loan,168955.43,36,100800,711,35297.67,11.5,Pending,0.168,0
L306926,C106926,Personal Loan,549394.83,84,79000,727,22997.83,4.6,Approved,0.1678,0
L301625,C101625,Vehicle Loan,552444.34,84,29200,752,5931.96,23.0,Pending,0.049,0
L308275,C108275,Personal Loan,343077.04,84,18700,750,0.0,29.7,Approved,0.0544,1
L302478,C102478,Vehicle Loan,296942.79,12,44900,778,1264.61,1.3,Pending,0.0507,0
L309949,C109949,Personal Loan,529421.76,60,73400,664,6390.45,9.7,Approved,0.1291,1
L305838,C105838,Personal Loan,736678.98,24,81800,625,25841.91,7.9,Approved,0.2042,0
L303147,C103147,Vehicle Loan,334682.4,36,26200,706,0.0,14.3,Approved,0.0807,0
L304721,C104721,Vehicle Loan,571102.81,60,56700,567,5047.87,14.3,Pending,0.1433,1
L300552,C100552,Vehicle Loan,1465202.56,84,74000,599,17582.74,9.0,Pending,0.2632,0
L302785,C102785,Vehicle Loan,1284123.04,60,56800,682,3823.56,4.1,Approved,0.1316,1
L300928,C100928,Home Loan,7783741.79,84,12200,647,1347.84,5.5,Pending,0.3255,0
L305738,C105738,Vehicle Loan,221819.92,12,105500,552,0.0,3.1,Approved,0.2391,0
L308883,C108883,Business Loan,851131.48,24,49800,631,11474.83,6.8,Approved,0.2036,0
L308361,C108361,Home Loan,6404676.37,120,76800,727,9829.97,14.7,Pending,0.1098,0
L308327,C108327,Business Loan,958494.34,84,64800,538,7086.49,14.0,Pending,0.1845,0
L300491,C100491,Home Loan,4613681.18,12,124100,681,31706.08,14.1,Approved,0.1852,1
L304609,C104609,Education Loan,126636.3,84,48900,724,17566.14,5.7,Approved,0.1657,0
L300816,C100816,Business Loan,459993.26,84,73000,764,0.0,0.5,Approved,0.0946,0
L306013,C106013,Personal Loan,161946.03,36,51400,748,12992.03,19.5,Pending,0.0723,0
L305573,C105573,Education Loan,1984332.24,180,38700,669,5808.04,16.2,Approved,0.1008,0
L307519,C107519,Education Loan,397052.85,12,81000,814,7841.49,3.8,Approved,0.0848,0
L308285,C108285,Education Loan,767985.4,24,132300,747,35731.31,0.4,Approved,0.0977,0
L309772,C109772,Vehicle Loan,785007.48,24,60100,729,12334.01,21.1,Approved,0.0687,0
L301319,C101319,Personal Loan,236067.74,120,87400,781,13648.08,13.7,Approved,0.066,0
L303305,C103305,Business Loan,4751802.27,60,92600,779,18900.0,9.4,Approved,0.1091,0
L304141,C104141,Personal Loan,163236.95,84,16600,670,4694.56,21.5,Approved,0.1152,0
L302322,C102322,Vehicle Loan,936391.59,120,79500,707,7657.1,11.4,Approved,0.093,0
L300046,C100046,Education Loan,124602.98,12,69200,737,1382.6,7.7,Approved,0.0931,0
L300389,C100389,Education Loan,1422948.39,24,9500,698,1354.15,5.0,Pending,0.2289,1
L306293,C106293,Business Loan,3741551.35,12,70900,598,19593.39,25.6,Pending,0.2484,0
L304008,C104008,Education Loan,680580.73,24,106600,810,16048.03,6.2,Pending,0.0585,0
L304491,C104491,Business Loan,3060818.28,60,8000,621,1023.47,5.5,Approved,0.2633,1
L308116,C108116,Home Loan,6183763.88,120,96400,769,17207.59,3.7,Approved,0.1074,1
L309858,C109858,Vehicle Loan,287859.41,84,71100,744,12712.27,10.7,Approved,0.085,0
L300893,C100893,Vehicle Loan,780399.59,84,82400,740,26660.98,27.0,Approved,0.1079,0
L305288,C105288,Home Loan,6850279.5,36,77400,660,13795.21,4.5,Pending,0.1852,1
L300897,C100897,Business Loan,1655225.82,84,44400,698,4176.26,0.5,Approved,0.1424,0
L304856,C104856,Business Loan,3174710.05,60,57100,754,15399.71,29.5,Approved,0.0816,0
L308032,C108032,Business Loan,702969.8,120,63600,721,8086.3,6.3,Pending,0.1098,0
L308580,C108580,Vehicle Loan,438397.17,12,61600,676,20520.03,6.1,Pending,0.299,0
L306941,C106941,Vehicle Loan,1258642.96,180,14100,644,1789.26,4.1,Approved,0.2185,0
L303217,C103217,Vehicle Loan,1243806.82,36,63600,800,3392.21,10.1,Approved,0.0548,0
L302855,C102855,Home Loan,4481706.58,120,50600,696,17987.81,0.9,Pending,0.2528,0
L304577,C104577,Home Loan,7630770.03,84,92900,684,20925.44,6.8,Approved,0.1486,1
L302007,C102007,Education Loan,891867.07,60,25900,612,5495.05,4.2,Approved,0.2826,0
L306359,C106359,Business Loan,1511574.02,36,57700,661,5756.69,5.1,Pending,0.1527,0
L307405,C107405,Vehicle Loan,444851.14,180,152900,763,0.0,21.0,Approved,0.0552,0
L308248,C108248,Education Loan,988468.91,84,12000,673,1359.95,3.8,Approved,0.1817,0
L309361,C109361,Education Loan,590676.89,12,63000,743,8837.88,28.6,Approved,0.0589,0
L304821,C104821,Personal Loan,592534.69,36,17400,711,4616.38,22.4,Pending,0.1671,0
L301949,C101949,Personal Loan,785248.13,60,15100,758,4550.29,8.6,Approved,0.1439,0
L309352,C109352,Personal Loan,789266.79,12,79900,758,9430.68,0.7,Pending,0.12,0
L306820,C106820,Personal Loan,54059.43,120,67900,757,23089.18,17.6,Approved,0.1115,0
L302908,C102908,Business Loan,1009113.91,180,54100,712,6898.23,1.3,Pending,0.1659,1
L304668,C104668,Personal Loan,421405.73,60,18100,874,2025.66,7.6,Approved,0.0336,0
L304190,C104190,Business Loan,1330861.8,36,61900,831,11438.87,10.1,Approved,0.0595,0
L306456,C106456,Vehicle Loan,1204838.27,36,74100,693,10422.39,4.1,Approved,0.1542,0
L306184,C106184,Home Loan,4347037.3,36,70400,849,1064.26,4.5,Approved,0.0449,0
L309980,C109980,Education Loan,381713.44,24,68500,685,14608.47,10.4,Approved,0.1543,0
L301931,C101931,Business Loan,1911567.16,60,161100,713,21288.22,10.2,Approved,0.1298,0
L303387,C103387,Business Loan,1289160.77,24,52900,627,6500.11,20.6,Pending,0.1431,0
L304419,C104419,Home Loan,7394412.92,24,29100,730,6647.5,1.7,Pending,0.2936,0
L308763,C108763,Personal Loan,255217.45,120,24000,735,3883.91,10.6,Pending,0.1469,0
L306075,C106075,Personal Loan,480032.99,84,48500,753,0.0,0.0,Approved,0.0819,0
L306584,C106584,Vehicle Loan,1447417.73,120,19000,862,0.0,22.6,Pending,0.0344,0
L301763,C101763,Vehicle Loan,1414153.68,84,70600,735,7055.74,9.2,Pending,0.0568,1
L306972,C106972,Education Loan,1483346.38,180,10600,830,1125.87,2.1,Approved,0.0551,0
L300352,C100352,Personal Loan,463880.36,60,90700,719,19747.12,7.0,Approved,0.1385,0
L307921,C107921,Vehicle Loan,1446147.61,24,14200,636,2239.08,4.7,Pending,0.3819,0
L307750,C107750,Personal Loan,50009.18,84,19200,725,6129.93,12.9,Pending,0.1915,0
L305232,C105232,Personal Loan,253851.51,12,70700,692,17597.44,11.5,Pending,0.1555,0
L300578,C100578,Vehicle Loan,232132.1,60,22700,900,4319.04,19.9,Pending,0.0302,0
L309028,C109028,Home Loan,5234681.94,24,71900,682,14300.6,8.3,Approved,0.2073,0
L304588,C104588,Education Loan,357595.42,12,78000,791,7681.23,22.7,Pending,0.0295,0
L302758,C102758,Personal Loan,293893.5,180,54100,736,3206.59,8.5,Pending,0.0982,1
L306214,C106214,Education Loan,877166.56,120,62900,722,4151.35,12.0,Approved,0.0793,0
L306597,C106597,Home Loan,7314477.84,36,80100,753,0.0,4.3,Approved,0.0812,0
L309646,C109646,Home Loan,5960229.47,60,84400,794,4884.75,12.3,Approved,0.0474,0
L301428,C101428,Business Loan,1742809.02,180,59100,634,8216.8,3.9,Approved,0.2226,1
L308903,C108903,Vehicle Loan,879816.64,120,70700,615,7132.53,36.4,Approved,0.0682,0
L301378,C101378,Personal Loan,574328.95,84,64900,691,8087.36,17.4,Approved,0.0777,0
L307454,C107454,Vehicle Loan,1306522.12,12,75400,783,3085.07,11.5,Approved,0.0686,0
L305962,C105962,Education Loan,1851630.92,12,41200,573,4724.18,28.9,Approved,0.2843,1
L304813,C104813,Home Loan,6922420.4,36,63200,760,16548.2,5.7,Approved,0.154,1
L300782,C100782,Personal Loan,739679.23,36,40700,694,10575.0,1.7,Approved,0.1364,0
L304040,C104040,Business Loan,1743274.72,24,71300,635,10400.42,8.8,Approved,0.1739,0
L305293,C105293,Home Loan,5615673.92,36,65600,629,7967.15,22.8,Approved,0.1111,0
L306132,C106132,Business Loan,1736868.77,84,91800,749,10187.59,11.1,Approved,0.0743,0
L307808,C107808,Vehicle Loan,837341.96,60,8000,765,2490.45,2.4,Approved,0.142,0
L301307,C101307,Business Loan,3147036.47,36,8300,687,1142.29,6.0,Approved,0.2829,1
L302698,C102698,Home Loan,6454842.84,180,70500,834,134.08,1.4,Pending,0.0591,1
L307839,C107839,Personal Loan,608004.37,24,35000,661,4901.49,3.6,Approved,0.1951,0
L306530,C106530,Education Loan,300107.34,60,59300,692,7273.98,1.8,Pending,0.0973,0
L304373,C104373,Education Loan,1695766.87,60,63600,692,16797.3,22.7,Approved,0.1332,0
L301226,C101226,Personal Loan,718824.23,24,98600,667,0.0,1.1,Pending,0.1551,0
L305069,C105069,Business Loan,2835925.44,36,78100,613,14636.36,27.3,Approved,0.1041,0
L300710,C100710,Business Loan,3939903.24,84,97200,626,25274.29,13.7,Approved,0.1913,0
L301209,C101209,Education Loan,975583.97,84,75500,723,13962.95,16.6,Pending,0.1021,0
L303713,C103713,Vehicle Loan,1271764.33,180,64400,722,8956.23,7.2,Pending,0.0684,0
L300993,C100993,Vehicle Loan,251948.59,60,20000,771,635.07,13.2,Pending,0.0487,1
L303033,C103033,Personal Loan,666216.37,60,28900,551,5796.9,2.3,Approved,0.249,0
L307855,C107855,Education Loan,1385782.95,12,98300,778,25797.15,8.2,Approved,0.1161,0
L309093,C109093,Business Loan,2228330.77,36,117000,740,32670.44,10.0,Approved,0.1441,0
L302338,C102338,Personal Loan,103946.64,24,54800,754,8769.52,0.9,Pending,0.1149,0
L309248,C109248,Personal Loan,219120.36,60,59600,594,16954.87,8.9,Approved,0.2511,1
L303427,C103427,Vehicle Loan,565432.78,120,93900,578,9253.08,16.2,Approved,0.1968,0
L303131,C103131,Business Loan,955505.13,36,21600,839,1165.15,14.5,Pending,0.0528,0
L309175,C109175,Vehicle Loan,108616.75,180,85300,611,20027.66,17.9,Approved,0.123,1
L302363,C102363,Business Loan,4134586.08,180,47800,679,8861.97,2.3,Approved,0.2175,0
L305490,C105490,Home Loan,4186397.58,36,98400,670,8711.49,5.2,Approved,0.1333,0
L307185,C107185,Home Loan,3986660.48,36,64100,726,5867.32,16.8,Approved,0.0777,0
L303875,C103875,Home Loan,1934380.27,24,26800,700,4953.21,17.1,Approved,0.1686,0
L304185,C104185,Personal Loan,732741.44,120,44700,724,0.0,19.7,Approved,0.0737,0
L309317,C109317,Home Loan,3190333.12,180,121100,631,18318.36,20.7,Approved,0.1301,0
L306052,C106052,Vehicle Loan,1188332.35,12,15300,599,3613.15,15.3,Approved,0.3201,1
L302580,C102580,Education Loan,332322.42,120,55100,605,12785.66,12.0,Pending,0.2585,1
L305170,C105170,Personal Loan,152663.23,84,75700,677,16136.94,18.0,Approved,0.1754,0
L307505,C107505,Vehicle Loan,1085360.67,36,84100,716,18786.94,14.5,Approved,0.0966,0
L307736,C107736,Personal Loan,120650.68,60,29500,814,2703.91,2.6,Approved,0.0431,0
L307473,C107473,Vehicle Loan,1448138.09,12,58700,710,11152.55,5.3,Pending,0.1232,1
L306232,C106232,Education Loan,1902654.64,120,98100,634,27121.86,3.6,Approved,0.2477,0
L306481,C106481,Vehicle Loan,851646.56,120,72800,628,13079.02,25.0,Pending,0.0952,0
L302054,C102054,Education Loan,1713420.23,36,78100,808,9019.65,15.4,Approved,0.0587,0
L307809,C107809,Personal Loan,464673.57,180,77400,798,2819.78,9.7,Pending,0.0566,1
L301200,C101200,Personal Loan,368873.88,12,75600,602,17724.56,33.2,Pending,0.1857,0
L300980,C100980,Personal Loan,696996.22,180,87400,736,32661.21,22.4,Pending,0.0908,0
L309114,C109114,Home Loan,6170690.94,24,79700,636,11890.47,17.6,Pending,0.2617,0
L301549,C101549,Personal Loan,313838.12,36,38100,614,8823.16,0.0,Approved,0.2321,0
L304729,C104729,Business Loan,304205.05,120,16000,761,923.63,17.0,Approved,0.0362,0
L303013,C103013,Home Loan,6090438.02,36,77600,557,10327.25,10.7,Approved,0.2359,0
L307391,C107391,Vehicle Loan,1125642.69,84,51200,737,12134.92,8.7,Approved,0.0971,0
L307951,C107951,Vehicle Loan,1481593.15,24,62600,644,0.0,3.7,Approved,0.1353,0
L300666,C100666,Home Loan,4118576.8,12,71600,709,8903.83,7.6,Approved,0.1579,0
L308363,C108363,Vehicle Loan,129064.39,84,19000,706,447.13,4.5,Approved,0.1354,0
L301854,C101854,Home Loan,1802803.96,24,24200,613,8814.88,1.2,Approved,0.3171,0
L309997,C109997,Business Loan,630376.99,24,87200,777,15768.89,8.0,Approved,0.1048,1
L307827,C107827,Vehicle Loan,682916.87,120,81700,597,22101.49,7.8,Pending,0.2783,0
L303021,C103021,Home Loan,4428292.16,180,79700,734,7516.61,2.2,Approved,0.1721,0
L303945,C103945,Education Loan,1671217.91,120,76300,601,21495.1,18.2,Approved,0.1915,0
L301314,C101314,Home Loan,6980974.59,60,80700,694,14107.6,27.2,Pending,0.0824,0
L302489,C102489,Business Loan,4282680.76,12,75400,802,13819.91,6.9,Approved,0.1702,1
L307393,C107393,Home Loan,5873961.38,36,61100,629,13165.26,7.0,Approved,0.2442,0
L300955,C100955,Education Loan,1894511.49,84,73800,592,4696.02,20.3,Approved,0.134,0
L304993,C104993,Vehicle Loan,1246490.67,36,39900,640,5911.2,12.8,Approved,0.1355,0
L300279,C100279,Vehicle Loan,959710.77,12,47200,856,162.48,2.0,Approved,0.0457,0
L306811,C106811,Business Loan,4360110.75,84,54200,829,167.43,30.7,Pending,0.0245,0
L304409,C104409,Business Loan,3449144.33,60,71800,686,0.0,4.0,Pending,0.1187,0
L304306,C104306,Business Loan,1206534.11,180,44300,567,5794.73,20.4,Approved,0.1711,0
L302169,C102169,Education Loan,397575.64,36,65300,659,5549.35,30.4,Approved,0.0944,0
L306694,C106694,Business Loan,1541204.3,180,36900,559,1868.66,4.3,Approved,0.2796,0
L306277,C106277,Education Loan,809379.93,60,56500,780,7929.13,7.2,Approved,0.073,0
L307514,C107514,Education Loan,1184343.03,36,70300,686,12419.35,10.5,Pending,0.0726,0
L307132,C107132,Education Loan,664424.46,180,73000,722,18229.87,28.5,Approved,0.0611,0
L309491,C109491,Home Loan,5143196.8,12,99600,607,6647.46,0.8,Approved,0.3247,1
L307214,C107214,Business Loan,388825.15,120,62500,702,8100.7,6.9,Pending,0.114,0
L304889,C104889,Education Loan,1908650.89,24,17300,762,120.65,5.7,Pending,0.0991,0
L307534,C107534,Vehicle Loan,224906.51,120,49900,613,3521.36,3.7,Approved,0.1809,1
L300394,C100394,Personal Loan,343624.43,84,59300,782,13542.06,26.4,Approved,0.0553,0
L305472,C105472,Personal Loan,618185.92,180,63500,724,11705.87,25.8,Approved,0.0966,0
L303845,C103845,Education Loan,1069831.63,120,59100,676,13406.15,16.4,Pending,0.1423,1
L305409,C105409,Home Loan,4160634.39,120,87600,735,14519.36,20.5,Approved,0.0618,0
L304125,C104125,Education Loan,968484.93,12,34700,646,7631.76,19.3,Approved,0.2427,1
L301579,C101579,Personal Loan,297719.62,180,42500,740,8445.74,21.6,Approved,0.1282,0
L307349,C107349,Education Loan,1330226.12,84,70400,765,0.0,16.2,Approved,0.0486,0
L303464,C103464,Education Loan,1794091.38,84,64600,577,1336.72,7.6,Pending,0.2242,0
L308529,C108529,Business Loan,4071837.46,12,89300,695,18879.85,19.8,Pending,0.1638,0
L304854,C104854,Education Loan,811384.42,180,30600,607,2248.3,1.5,Approved,0.2144,1
L302375,C102375,Home Loan,7132369.63,36,86600,626,3075.16,10.5,Pending,0.2281,0
L301700,C101700,Business Loan,4533301.88,36,44400,768,5356.29,7.9,Pending,0.1122,0
L304614,C104614,Business Loan,2670956.87,36,81900,616,20578.87,12.5,Approved,0.2323,0
L306083,C106083,Education Loan,738473.38,180,103100,773,23134.78,28.8,Approved,0.0513,0
L305460,C105460,Personal Loan,315579.57,60,84200,715,20912.51,20.1,Approved,0.1083,0
L304692,C104692,Education Loan,354380.38,84,141900,697,15801.12,33.7,Approved,0.0521,0
L304718,C104718,Personal Loan,436454.42,12,40900,721,2737.97,10.3,Approved,0.0786,0
L304774,C104774,Vehicle Loan,820771.48,180,51300,621,16285.52,9.4,Pending,0.2873,1
L306086,C106086,Personal Loan,224680.6,12,75200,638,6893.04,8.2,Pending,0.1944,0
L303653,C103653,Business Loan,1139648.38,12,39900,852,2231.88,12.8,Approved,0.0523,0
L307257,C107257,Vehicle Loan,394974.89,36,65700,804,8289.7,14.5,Pending,0.0383,0
L309528,C109528,Personal Loan,712572.58,120,70000,670,9590.9,4.0,Approved,0.1415,0
L300549,C100549,Education Loan,271031.28,24,102100,758,10440.09,22.3,Pending,0.0564,0
L301557,C101557,Education Loan,1002131.0,60,70300,618,9986.41,10.5,Pending,0.1671,0
L308002,C108002,Vehicle Loan,992062.39,180,55900,713,5719.32,5.0,Approved,0.1087,0
L306390,C106390,Home Loan,4946065.7,24,63100,701,19924.1,13.4,Approved,0.1617,0
L306752,C106752,Business Loan,274021.85,36,83600,711,20760.35,6.7,Approved,0.1521,0
L301742,C101742,Business Loan,3274475.65,12,61500,695,13266.35,17.3,Approved,0.1395,0
L309291,C109291,Business Loan,2961823.95,60,111100,591,8737.48,23.6,Pending,0.1399,0
L307024,C107024,Personal Loan,116387.58,36,40900,791,4349.76,4.1,Pending,0.0615,0
L302378,C102378,Vehicle Loan,230232.07,60,105800,761,24635.83,31.8,Approved,0.0498,0
L309513,C109513,Personal Loan,703816.09,12,60100,803,3909.48,8.7,Approved,0.0641,0
L305679,C105679,Vehicle Loan,922347.37,120,32400,658,10869.1,1.7,Pending,0.3703,1
L307805,C107805,Education Loan,1412258.26,24,99400,701,0.0,25.7,Pending,0.0665,0
L304330,C104330,Personal Loan,726540.57,84,61200,640,528.26,4.4,Approved,0.1397,1
L309837,C109837,Education Loan,1578247.13,24,37500,752,11430.82,31.1,Approved,0.0953,0
L304194,C104194,Business Loan,3456623.58,84,74200,622,9472.01,21.1,Approved,0.1188,0
L305851,C105851,Education Loan,1482411.49,12,68700,789,12875.47,13.2,Approved,0.0723,0
L308732,C108732,Vehicle Loan,1266391.75,36,90800,777,16129.31,7.1,Pending,0.0803,1
L303975,C103975,Home Loan,7135942.89,180,82200,546,29302.4,11.4,Pending,0.314,0
L305319,C105319,Personal Loan,660329.8,24,20500,742,4784.57,6.4,Approved,0.0901,0
L300935,C100935,Business Loan,835530.44,180,72700,720,2739.47,22.8,Approved,0.0606,0
L301744,C101744,Education Loan,1202461.65,180,65900,797,22377.46,7.3,Approved,0.1669,0
L304002,C104002,Education Loan,818009.41,60,49200,753,9341.74,0.2,Approved,0.1274,0
L308412,C108412,Home Loan,4297569.53,60,76000,696,0.0,5.0,Approved,0.0799,0
L302377,C102377,Business Loan,243585.73,180,8000,722,346.77,3.8,Approved,0.0558,0
