customer_id,product,viewed,clicked,applied,approved,used
C100000,Personal Loan,1,1,0,0,0
C100000,Travel Credit Card,1,0,0,0,0
C100001,Fixed Deposit,1,1,0,0,0
C100001,Term Insurance,1,1,1,1,1
C100002,Investment Plan (Mutual Fund SIP),1,1,0,0,0
C100002,Home Loan,1,0,0,0,0
C100002,Premium Credit Card,1,1,1,0,0
C100002,Cashback Credit Card,1,0,0,0,0
C100002,Fixed Deposit,1,1,0,0,0
C100003,Investment Plan (Mutual Fund SIP),1,0,0,0,0
C100004,Home Loan,1,1,0,0,0
C100004,Term Insurance,1,0,0,0,0
C100004,Premium Banking Account,1,0,0,0,0
C100006,Investment Plan (Mutual Fund SIP),1,0,0,0,0
C100006,Recurring Deposit,1,0,0,0,0
C100007,Premium Banking Account,1,1,1,0,0
C100007,Travel Credit Card,1,0,0,0,0
C100007,Recurring Deposit,1,1,1,0,0
C100007,Investment Plan (Mutual Fund SIP),1,1,0,0,0
C100007,Fuel Credit Card,1,1,1,1,1
C100008,Personal Loan,1,1,1,1,0
C100009,Premium Credit Card,1,1,0,0,0
C100009,Home Loan,1,0,0,0,0
C100009,Investment Plan (Mutual Fund SIP),1,1,0,0,0
C100009,Cashback Credit Card,1,1,0,0,0
C100010,Term Insurance,1,1,1,1,1
C100010,Fixed Deposit,1,1,0,0,0
C100010,Cashback Credit Card,1,1,1,1,1
C100010,Fuel Credit Card,1,1,0,0,0
C100011,Fixed Deposit,1,1,0,0,0
C100011,Premium Credit Card,1,1,1,0,0
C100013,Cashback Credit Card,1,1,0,0,0
C100013,Investment Plan (Mutual Fund SIP),1,1,0,0,0
C100013,Fuel Credit Card,1,0,0,0,0
C100014,Premium Banking Account,1,1,0,0,0
C100014,Investment Plan (Mutual Fund SIP),1,1,0,0,0
C100014,Term Insurance,1,1,1,0,0
C100014,Cashback Credit Card,1,1,0,0,0
C100015,Investment Plan (Mutual Fund SIP),1,1,0,0,0
C100015,Home Loan,1,1,0,0,0
C100017,Recurring Deposit,1,1,0,0,0
C100017,Premium Banking Account,1,1,1,0,0
C100017,Home Loan,1,1,0,0,0
C100018,Investment Plan (Mutual Fund SIP),1,0,0,0,0
C100018,Recurring Deposit,1,0,0,0,0
C100018,Premium Banking Account,1,1,1,0,0
C100019,Fuel Credit Card,1,1,0,0,0
C100020,Travel Credit Card,1,1,0,0,0
C100020,Recurring Deposit,1,1,1,0,0
C100020,Premium Credit Card,1,1,0,0,0
C100021,Recurring Deposit,1,0,0,0,0
C100021,Premium Banking Account,1,1,0,0,0
C100021,Premium Credit Card,1,1,0,0,0
C100022,Term Insurance,1,0,0,0,0
C100022,Fixed Deposit,1,1,1,1,1
C100022,Premium Banking Account,1,1,0,0,0
C100022,Home Loan,1,0,0,0,0
C100022,Fuel Credit Card,1,0,0,0,0
C100023,Travel Credit Card,1,0,0,0,0
C100023,Term Insurance,1,0,0,0,0
C100024,Recurring Deposit,1,1,1,1,1
C100024,Premium Credit Card,1,1,1,0,0
C100024,Premium Banking Account,1,0,0,0,0
C100024,Fuel Credit Card,1,1,1,1,1
C100025,Home Loan,1,0,0,0,0
C100025,Travel Credit Card,1,1,1,1,1
C100025,Premium Credit Card,1,0,0,0,0
C100025,Cashback Credit Card,1,1,1,0,0
C100025,Fixed Deposit,1,0,0,0,0
C100026,Recurring Deposit,1,1,0,0,0
C100026,Personal Loan,1,1,0,0,0
C100026,Home Loan,1,0,0,0,0
C100028,Premium Credit Card,1,0,0,0,0
C100028,Fuel Credit Card,1,1,0,0,0
C100028,Investment Plan (Mutual Fund SIP),1,1,1,1,1
C100028,Premium Banking Account,1,1,1,1,1
C100028,Travel Credit Card,1,1,0,0,0
C100029,Premium Credit Card,1,1,0,0,0
C100029,Cashback Credit Card,1,1,0,0,0
C100029,Recurring Deposit,1,1,1,0,0
C100029,Term Insurance,1,0,0,0,0
C100029,Personal Loan,1,1,0,0,0
C100030,Fuel Credit Card,1,1,1,0,0
C100030,Term Insurance,1,1,1,1,1
C100031,Recurring Deposit,1,0,0,0,0
C100031,Premium Credit Card,1,1,0,0,0
C100031,Fuel Credit Card,1,0,0,0,0
C100032,Premium Banking Account,1,1,0,0,0
C100032,Fuel Credit Card,1,1,0,0,0
C100032,Fixed Deposit,1,0,0,0,0
C100032,Cashback Credit Card,1,1,1,1,1
C100033,Cashback Credit Card,1,0,0,0,0
C100033,Fixed Deposit,1,0,0,0,0
C100033,Recurring Deposit,1,1,0,0,0
C100033,Investment Plan (Mutual Fund SIP),1,0,0,0,0
C100034,Investment Plan (Mutual Fund SIP),1,1,1,1,1
C100034,Travel Credit Card,1,1,1,1,1
C100035,Personal Loan,1,0,0,0,0
C100036,Recurring Deposit,1,0,0,0,0
C100037,Home Loan,1,0,0,0,0
C100037,Fuel Credit Card,1,1,1,1,1
C100038,Term Insurance,1,1,0,0,0
C100038,Cashback Credit Card,1,0,0,0,0
C100038,Fuel Credit Card,1,0,0,0,0
C100038,Fixed Deposit,1,1,1,1,1
C100038,Travel Credit Card,1,0,0,0,0
C100039,Home Loan,1,1,1,1,1
C100039,Premium Credit Card,1,0,0,0,0
C100042,Investment Plan (Mutual Fund SIP),1,1,1,1,1
C100043,Investment Plan (Mutual Fund SIP),1,1,1,0,0
C100044,Term Insurance,1,1,0,0,0
C100044,Recurring Deposit,1,1,1,1,1
C100044,Travel Credit Card,1,1,0,0,0
C100044,Investment Plan (Mutual Fund SIP),1,0,0,0,0
C100045,Investment Plan (Mutual Fund SIP),1,0,0,0,0
C100045,Cashback Credit Card,1,1,1,1,1
C100045,Premium Banking Account,1,0,0,0,0
C100047,Personal Loan,1,1,0,0,0
C100047,Travel Credit Card,1,1,1,1,0
C100047,Home Loan,1,1,0,0,0
C100047,Recurring Deposit,1,0,0,0,0
C100048,Travel Credit Card,1,1,0,0,0
C100048,Personal Loan,1,1,0,0,0
C100048,Home Loan,1,0,0,0,0
C100048,Fixed Deposit,1,0,0,0,0
C100048,Term Insurance,1,1,1,1,1
C100049,Fixed Deposit,1,1,0,0,0
C100049,Term Insurance,1,1,1,0,0
C100051,Home Loan,1,1,0,0,0
C100051,Investment Plan (Mutual Fund SIP),1,1,1,0,0
C100051,Premium Credit Card,1,0,0,0,0
C100051,Recurring Deposit,1,1,0,0,0
C100052,Premium Banking Account,1,1,0,0,0
C100052,Term Insurance,1,1,1,1,0
C100052,Investment Plan (Mutual Fund SIP),1,1,0,0,0
C100052,Recurring Deposit,1,1,0,0,0
C100053,Recurring Deposit,1,0,0,0,0
C100053,Cashback Credit Card,1,1,0,0,0
C100053,Term Insurance,1,0,0,0,0
C100054,Fixed Deposit,1,1,0,0,0
C100054,Premium Credit Card,1,0,0,0,0
C100054,Fuel Credit Card,1,1,0,0,0
C100055,Fuel Credit Card,1,1,0,0,0
C100055,Personal Loan,1,1,0,0,0
C100056,Fixed Deposit,1,1,1,1,1
C100056,Term Insurance,1,0,0,0,0
C100056,Travel Credit Card,1,1,1,1,1
C100056,Home Loan,1,0,0,0,0
C100056,Cashback Credit Card,1,0,0,0,0
C100057,Cashback Credit Card,1,0,0,0,0
C100057,Home Loan,1,0,0,0,0
C100058,Cashback Credit Card,1,1,0,0,0
C100059,Term Insurance,1,1,0,0,0
C100059,Personal Loan,1,1,0,0,0
C100061,Travel Credit Card,1,0,0,0,0
C100062,Cashback Credit Card,1,1,0,0,0
C100063,Cashback Credit Card,1,1,1,1,1
C100064,Cashback Credit Card,1,1,0,0,0
C100064,Recurring Deposit,1,1,0,0,0
C100065,Recurring Deposit,1,1,1,1,1
C100065,Fixed Deposit,1,0,0,0,0
C100065,Travel Credit Card,1,1,0,0,0
C100066,Travel Credit Card,1,1,1,1,0
C100066,Premium Banking Account,1,0,0,0,0
C100066,Investment Plan (Mutual Fund SIP),1,0,0,0,0
C100066,Recurring Deposit,1,1,0,0,0
C100067,Cashback Credit Card,1,1,0,0,0
C100067,Personal Loan,1,0,0,0,0
C100067,Premium Banking Account,1,0,0,0,0
C100069,Term Insurance,1,0,0,0,0
C100070,Investment Plan (Mutual Fund SIP),1,0,0,0,0
C100070,Fixed Deposit,1,1,0,0,0
C100070,Fuel Credit Card,1,1,0,0,0
C100070,Cashback Credit Card,1,0,0,0,0
C100071,Fixed Deposit,1,1,0,0,0
C100071,Travel Credit Card,1,1,0,0,0
C100072,Premium Banking Account,1,1,1,1,0
C100072,Cashback Credit Card,1,0,0,0,0
C100072,Term Insurance,1,0,0,0,0
C100073,Premium Credit Card,1,0,0,0,0
C100073,Home Loan,1,0,0,0,0
C100075,Premium Banking Account,1,1,0,0,0
C100075,Term Insurance,1,1,1,0,0
C100075,Fuel Credit Card,1,1,0,0,0
C100075,Fixed Deposit,1,1,0,0,0
C100075,Cashback Credit Card,1,1,0,0,0
C100077,Recurring Deposit,1,0,0,0,0
C100077,Premium Credit Card,1,1,0,0,0
C100078,Premium Credit Card,1,0,0,0,0
C100078,Premium Banking Account,1,0,0,0,0
C100078,Home Loan,1,1,0,0,0
C100079,Fixed Deposit,1,1,1,0,0
C100079,Travel Credit Card,1,0,0,0,0
C100079,Cashback Credit Card,1,1,0,0,0
C100080,Premium Credit Card,1,0,0,0,0
C100080,Fuel Credit Card,1,1,0,0,0
C100080,Fixed Deposit,1,0,0,0,0
C100080,Personal Loan,1,0,0,0,0
C100081,Recurring Deposit,1,0,0,0,0
C100081,Fixed Deposit,1,0,0,0,0
C100081,Travel Credit Card,1,0,0,0,0
C100082,Fuel Credit Card,1,0,0,0,0
C100082,Investment Plan (Mutual Fund SIP),1,0,0,0,0
C100083,Personal Loan,1,1,1,1,1
C100084,Fuel Credit Card,1,0,0,0,0
C100084,Cashback Credit Card,1,0,0,0,0
C100084,Home Loan,1,0,0,0,0
C100084,Personal Loan,1,1,0,0,0
C100084,Investment Plan (Mutual Fund SIP),1,1,0,0,0
C100085,Fuel Credit Card,1,1,0,0,0
C100085,Home Loan,1,1,0,0,0
C100085,Fixed Deposit,1,1,0,0,0
C100085,Cashback Credit Card,1,0,0,0,0
C100086,Travel Credit Card,1,0,0,0,0
C100086,Term Insurance,1,1,1,0,0
C100086,Cashback Credit Card,1,0,0,0,0
C100086,Premium Credit Card,1,1,0,0,0
C100087,Travel Credit Card,1,1,1,1,1
C100088,Fixed Deposit,1,0,0,0,0
C100088,Recurring Deposit,1,0,0,0,0
C100089,Recurring Deposit,1,1,0,0,0
C100089,Personal Loan,1,1,0,0,0
C100090,Recurring Deposit,1,1,0,0,0
C100091,Personal Loan,1,1,1,1,0
C100091,Premium Credit Card,1,0,0,0,0
C100092,Fixed Deposit,1,1,1,1,1
C100092,Investment Plan (Mutual Fund SIP),1,1,1,0,0
C100092,Home Loan,1,0,0,0,0
C100092,Term Insurance,1,1,0,0,0
C100092,Fuel Credit Card,1,0,0,0,0
C100093,Premium Credit Card,1,1,0,0,0
C100093,Investment Plan (Mutual Fund SIP),1,1,1,0,0
C100093,Fuel Credit Card,1,1,1,1,1
C100094,Cashback Credit Card,1,1,0,0,0
C100094,Fixed Deposit,1,1,0,0,0
C100095,Recurring Deposit,1,0,0,0,0
C100095,Fuel Credit Card,1,1,0,0,0
C100095,Premium Banking Account,1,0,0,0,0
C100095,Fixed Deposit,1,1,1,1,1
C100096,Fuel Credit Card,1,0,0,0,0
C100096,Cashback Credit Card,1,0,0,0,0
C100096,Fixed Deposit,1,1,1,1,0
C100098,Cashback Credit Card,1,0,0,0,0
C100098,Investment Plan (Mutual Fund SIP),1,1,0,0,0
C100099,Term Insurance,1,0,0,0,0
C100100,Investment Plan (Mutual Fund SIP),1,1,1,0,0
C100100,Fixed Deposit,1,1,0,0,0
C100100,Premium Credit Card,1,1,0,0,0
C100100,Cashback Credit Card,1,0,0,0,0
C100101,Fixed Deposit,1,0,0,0,0
C100101,Travel Credit Card,1,1,0,0,0
C100101,Investment Plan (Mutual Fund SIP),1,0,0,0,0
C100104,Personal Loan,1,0,0,0,0
C100105,Recurring Deposit,1,1,0,0,0
C100105,Personal Loan,1,0,0,0,0
C100106,Cashback Credit Card,1,1,0,0,0
C100106,Term Insurance,1,1,1,1,0
C100107,Premium Credit Card,1,0,0,0,0
C100107,Recurring Deposit,1,1,0,0,0
C100107,Investment Plan (Mutual Fund SIP),1,1,0,0,0
C100107,Home Loan,1,1,1,0,0
C100107,Cashback Credit Card,1,1,1,0,0
C100108,Fuel Credit Card,1,1,0,0,0
C100108,Home Loan,1,1,1,1,0
C100111,Personal Loan,1,1,0,0,0
C100112,Fixed Deposit,1,0,0,0,0
C100113,Fixed Deposit,1,0,0,0,0
C100113,Term Insurance,1,1,0,0,0
C100114,Term Insurance,1,1,0,0,0
C100114,Recurring Deposit,1,0,0,0,0
C100115,Cashback Credit Card,1,0,0,0,0
C100115,Fixed Deposit,1,0,0,0,0
C100116,Fuel Credit Card,1,1,0,0,0
C100116,Premium Banking Account,1,1,1,1,1
C100118,Premium Banking Account,1,1,0,0,0
C100118,Recurring Deposit,1,1,1,1,0
C100118,Term Insurance,1,0,0,0,0
C100118,Investment Plan (Mutual Fund SIP),1,1,0,0,0
C100119,Recurring Deposit,1,0,0,0,0
C100119,Cashback Credit Card,1,0,0,0,0
C100119,Investment Plan (Mutual Fund SIP),1,0,0,0,0
C100119,Travel Credit Card,1,1,0,0,0
C100119,Personal Loan,1,1,1,1,1
C100120,Term Insurance,1,1,0,0,0
C100120,Fixed Deposit,1,0,0,0,0
C100120,Premium Credit Card,1,0,0,0,0
C100121,Fixed Deposit,1,1,1,1,1
C100121,Term Insurance,1,1,1,0,0
C100121,Fuel Credit Card,1,0,0,0,0
C100121,Home Loan,1,1,0,0,0
C100121,Cashback Credit Card,1,0,0,0,0
C100122,Travel Credit Card,1,0,0,0,0
C100122,Fuel Credit Card,1,0,0,0,0
C100122,Cashback Credit Card,1,0,0,0,0
C100122,Fixed Deposit,1,1,0,0,0
C100122,Term Insurance,1,0,0,0,0
C100123,Cashback Credit Card,1,1,1,0,0
C100123,Home Loan,1,1,0,0,0
C100123,Personal Loan,1,0,0,0,0
C100124,Fuel Credit Card,1,0,0,0,0
C100124,Travel Credit Card,1,0,0,0,0
C100124,Fixed Deposit,1,0,0,0,0
C100124,Home Loan,1,0,0,0,0
C100125,Investment Plan (Mutual Fund SIP),1,0,0,0,0
C100125,Term Insurance,1,1,0,0,0
C100125,Personal Loan,1,0,0,0,0
C100126,Personal Loan,1,1,0,0,0
C100126,Cashback Credit Card,1,1,0,0,0
C100126,Term Insurance,1,1,0,0,0
C100126,Premium Banking Account,1,0,0,0,0
C100126,Travel Credit Card,1,1,0,0,0
C100127,Cashback Credit Card,1,0,0,0,0
C100129,Fixed Deposit,1,0,0,0,0
C100129,Fuel Credit Card,1,0,0,0,0
C100129,Cashback Credit Card,1,0,0,0,0
C100129,Investment Plan (Mutual Fund SIP),1,1,0,0,0
C100130,Premium Credit Card,1,1,0,0,0
C100130,Personal Loan,1,1,0,0,0
C100130,Travel Credit Card,1,1,0,0,0
C100131,Fuel Credit Card,1,1,1,0,0
C100132,Fuel Credit Card,1,0,0,0,0
C100132,Premium Banking Account,1,1,0,0,0
C100132,Premium Credit Card,1,1,0,0,0
C100132,Personal Loan,1,1,1,1,0
C100132,Fixed Deposit,1,0,0,0,0
C100133,Home Loan,1,0,0,0,0
C100133,Investment Plan (Mutual Fund SIP),1,0,0,0,0
C100133,Term Insurance,1,0,0,0,0
C100133,Personal Loan,1,1,0,0,0
C100134,Recurring Deposit,1,1,0,0,0
C100134,Investment Plan (Mutual Fund SIP),1,0,0,0,0
C100134,Personal Loan,1,0,0,0,0
C100135,Personal Loan,1,1,0,0,0
C100135,Fuel Credit Card,1,1,0,0,0
C100135,Home Loan,1,1,1,1,0
C100135,Premium Credit Card,1,1,0,0,0
C100136,Term Insurance,1,1,0,0,0
C100136,Investment Plan (Mutual Fund SIP),1,0,0,0,0
C100136,Fuel Credit Card,1,0,0,0,0
C100136,Premium Credit Card,1,0,0,0,0
C100137,Premium Credit Card,1,1,1,0,0
C100137,Personal Loan,1,0,0,0,0
C100137,Cashback Credit Card,1,0,0,0,0
C100137,Travel Credit Card,1,1,0,0,0
C100138,Term Insurance,1,0,0,0,0
C100138,Cashback Credit Card,1,0,0,0,0
C100139,Term Insurance,1,0,0,0,0
C100140,Fixed Deposit,1,1,1,1,0
C100140,Fuel Credit Card,1,0,0,0,0
C100140,Travel Credit Card,1,1,0,0,0
C100140,Cashback Credit Card,1,1,0,0,0
C100140,Term Insurance,1,0,0,0,0
C100141,Fixed Deposit,1,0,0,0,0
C100141,Cashback Credit Card,1,1,0,0,0
C100142,Investment Plan (Mutual Fund SIP),1,1,0,0,0
C100143,Fixed Deposit,1,0,0,0,0
C100144,Premium Credit Card,1,0,0,0,0
C100144,Travel Credit Card,1,0,0,0,0
C100144,Recurring Deposit,1,1,0,0,0
C100145,Personal Loan,1,0,0,0,0
C100145,Fixed Deposit,1,1,0,0,0
C100145,Premium Banking Account,1,0,0,0,0
C100146,Investment Plan (Mutual Fund SIP),1,0,0,0,0
C100146,Premium Banking Account,1,0,0,0,0
C100146,Home Loan,1,0,0,0,0
C100147,Term Insurance,1,0,0,0,0
C100147,Home Loan,1,1,0,0,0
C100147,Premium Credit Card,1,1,0,0,0
C100147,Cashback Credit Card,1,1,0,0,0
C100149,Fuel Credit Card,1,1,0,0,0
C100150,Personal Loan,1,0,0,0,0
C100150,Home Loan,1,0,0,0,0
C100151,Fixed Deposit,1,1,0,0,0
C100151,Premium Credit Card,1,1,1,1,0
C100151,Personal Loan,1,1,0,0,0
C100155,Travel Credit Card,1,0,0,0,0
C100155,Term Insurance,1,1,0,0,0
C100156,Travel Credit Card,1,0,0,0,0
C100157,Investment Plan (Mutual Fund SIP),1,0,0,0,0
C100157,Travel Credit Card,1,0,0,0,0
C100158,Term Insurance,1,0,0,0,0
C100158,Recurring Deposit,1,1,1,1,1
C100159,Recurring Deposit,1,0,0,0,0
C100160,Premium Banking Account,1,0,0,0,0
C100160,Personal Loan,1,0,0,0,0
C100160,Premium Credit Card,1,0,0,0,0
C100160,Cashback Credit Card,1,1,0,0,0
C100162,Personal Loan,1,0,0,0,0
C100162,Recurring Deposit,1,1,1,0,0
C100164,Cashback Credit Card,1,1,1,1,1
C100164,Personal Loan,1,1,0,0,0
C100164,Fixed Deposit,1,0,0,0,0
C100164,Home Loan,1,1,1,1,0
C100165,Premium Banking Account,1,1,0,0,0
C100165,Travel Credit Card,1,0,0,0,0
C100165,Fuel Credit Card,1,0,0,0,0
C100166,Investment Plan (Mutual Fund SIP),1,0,0,0,0
C100166,Premium Credit Card,1,1,0,0,0
C100167,Recurring Deposit,1,1,1,1,1
C100167,Premium Credit Card,1,1,0,0,0
C100167,Cashback Credit Card,1,1,0,0,0
C100167,Fixed Deposit,1,1,0,0,0
C100170,Recurring Deposit,1,1,1,0,0
C100171,Fixed Deposit,1,1,0,0,0
C100172,Fixed Deposit,1,0,0,0,0
C100172,Premium Credit Card,1,1,1,0,0
C100173,Recurring Deposit,1,0,0,0,0
C100173,Premium Banking Account,1,1,1,1,0
C100173,Travel Credit Card,1,0,0,0,0
C100173,Fuel Credit Card,1,0,0,0,0
C100173,Premium Credit Card,1,0,0,0,0
C100174,Fixed Deposit,1,0,0,0,0
C100174,Term Insurance,1,1,0,0,0
C100175,Recurring Deposit,1,1,0,0,0
C100175,Travel Credit Card,1,1,1,0,0
C100175,Home Loan,1,0,0,0,0
C100175,Personal Loan,1,1,0,0,0
C100176,Cashback Credit Card,1,1,0,0,0
C100176,Fixed Deposit,1,1,0,0,0
C100177,Premium Banking Account,1,1,0,0,0
C100177,Home Loan,1,1,1,0,0
C100177,Fuel Credit Card,1,1,0,0,0
C100178,Cashback Credit Card,1,1,0,0,0
C100178,Investment Plan (Mutual Fund SIP),1,0,0,0,0
C100178,Personal Loan,1,1,0,0,0
C100178,Premium Banking Account,1,0,0,0,0
C100179,Recurring Deposit,1,1,0,0,0
C100179,Fuel Credit Card,1,1,1,0,0
C100179,Cashback Credit Card,1,1,0,0,0
C100180,Investment Plan (Mutual Fund SIP),1,0,0,0,0
C100180,Premium Credit Card,1,0,0,0,0
C100181,Recurring Deposit,1,1,0,0,0
C100181,Personal Loan,1,0,0,0,0
C100182,Premium Banking Account,1,1,0,0,0
C100182,Term Insurance,1,0,0,0,0
C100182,Premium Credit Card,1,1,0,0,0
C100182,Fixed Deposit,1,1,0,0,0
C100182,Travel Credit Card,1,1,1,0,0
C100183,Recurring Deposit,1,1,0,0,0
C100185,Fuel Credit Card,1,1,0,0,0
C100185,Premium Banking Account,1,0,0,0,0
C100187,Term Insurance,1,1,0,0,0
C100187,Personal Loan,1,0,0,0,0
C100187,Premium Banking Account,1,1,0,0,0
C100187,Premium Credit Card,1,0,0,0,0
C100187,Fuel Credit Card,1,1,0,0,0
C100188,Term Insurance,1,1,1,1,1
C100188,Travel Credit Card,1,1,1,1,1
C100188,Personal Loan,1,1,0,0,0
C100188,Recurring Deposit,1,1,0,0,0
C100188,Home Loan,1,1,0,0,0
C100189,Premium Banking Account,1,1,0,0,0
C100189,Term Insurance,1,1,0,0,0
C100190,Investment Plan (Mutual Fund SIP),1,1,0,0,0
C100190,Home Loan,1,0,0,0,0
C100190,Premium Credit Card,1,1,0,0,0
C100191,Fuel Credit Card,1,0,0,0,0
C100191,Fixed Deposit,1,1,0,0,0
C100191,Travel Credit Card,1,0,0,0,0
C100192,Term Insurance,1,0,0,0,0
C100192,Fixed Deposit,1,1,0,0,0
C100192,Travel Credit Card,1,1,0,0,0
C100194,Fuel Credit Card,1,1,0,0,0
C100194,Premium Credit Card,1,1,0,0,0
C100194,Cashback Credit Card,1,0,0,0,0
C100195,Premium Credit Card,1,1,0,0,0
C100195,Premium Banking Account,1,1,1,1,1
C100195,Investment Plan (Mutual Fund SIP),1,0,0,0,0
C100195,Personal Loan,1,0,0,0,0
C100195,Home Loan,1,1,1,1,1
C100196,Investment Plan (Mutual Fund SIP),1,0,0,0,0
C100196,Fixed Deposit,1,1,1,0,0
C100196,Home Loan,1,1,0,0,0
C100197,Fuel Credit Card,1,0,0,0,0
C100197,Personal Loan,1,1,0,0,0
C100197,Premium Credit Card,1,1,1,1,1
C100198,Investment Plan (Mutual Fund SIP),1,1,0,0,0
C100199,Cashback Credit Card,1,1,0,0,0
C100199,Home Loan,1,0,0,0,0
C100200,Fixed Deposit,1,1,0,0,0
C100200,Cashback Credit Card,1,0,0,0,0
C100200,Travel Credit Card,1,0,0,0,0
C100200,Fuel Credit Card,1,1,0,0,0
C100200,Recurring Deposit,1,1,0,0,0
C100201,Cashback Credit Card,1,0,0,0,0
C100201,Fuel Credit Card,1,1,1,0,0
C100201,Travel Credit Card,1,1,1,1,0
C100203,Premium Banking Account,1,0,0,0,0
C100203,Travel Credit Card,1,0,0,0,0
C100204,Fuel Credit Card,1,0,0,0,0
C100205,Term Insurance,1,1,0,0,0
C100205,Personal Loan,1,1,0,0,0
C100205,Investment Plan (Mutual Fund SIP),1,0,0,0,0
C100205,Recurring Deposit,1,0,0,0,0
C100205,Cashback Credit Card,1,0,0,0,0
C100206,Recurring Deposit,1,1,1,1,0
C100206,Travel Credit Card,1,0,0,0,0
C100206,Home Loan,1,0,0,0,0
C100206,Fuel Credit Card,1,0,0,0,0
C100206,Term Insurance,1,0,0,0,0
C100207,Cashback Credit Card,1,0,0,0,0
C100207,Investment Plan (Mutual Fund SIP),1,1,1,0,0
C100207,Fixed Deposit,1,1,1,1,1
C100207,Home Loan,1,1,0,0,0
C100208,Personal Loan,1,1,1,1,1
C100209,Recurring Deposit,1,1,0,0,0
C100209,Personal Loan,1,0,0,0,0
C100209,Fuel Credit Card,1,0,0,0,0
C100212,Fixed Deposit,1,0,0,0,0
C100212,Home Loan,1,0,0,0,0
C100213,Recurring Deposit,1,0,0,0,0
C100213,Cashback Credit Card,1,1,0,0,0
C100213,Personal Loan,1,1,0,0,0
C100213,Fuel Credit Card,1,0,0,0,0
C100213,Term Insurance,1,0,0,0,0
C100214,Premium Credit Card,1,0,0,0,0
C100216,Premium Banking Account,1,0,0,0,0
C100217,Cashback Credit Card,1,0,0,0,0
C100217,Premium Credit Card,1,1,0,0,0
C100217,Home Loan,1,1,0,0,0
C100218,Home Loan,1,0,0,0,0
C100218,Personal Loan,1,1,1,1,1
C100218,Fixed Deposit,1,1,0,0,0
C100218,Cashback Credit Card,1,1,0,0,0
C100219,Cashback Credit Card,1,1,0,0,0
C100219,Fixed Deposit,1,1,0,0,0
C100219,Premium Credit Card,1,0,0,0,0
C100219,Fuel Credit Card,1,1,0,0,0
C100220,Premium Banking Account,1,1,1,1,1
C100220,Premium Credit Card,1,1,1,1,0
C100221,Premium Credit Card,1,0,0,0,0
C100222,Home Loan,1,0,0,0,0
C100222,Personal Loan,1,0,0,0,0
C100222,Cashback Credit Card,1,1,0,0,0
C100222,Fixed Deposit,1,0,0,0,0
C100223,Fuel Credit Card,1,0,0,0,0
C100223,Travel Credit Card,1,1,1,1,1
C100223,Cashback Credit Card,1,0,0,0,0
C100223,Investment Plan (Mutual Fund SIP),1,1,0,0,0
C100223,Premium Banking Account,1,1,1,1,0
C100224,Premium Banking Account,1,0,0,0,0
C100224,Home Loan,1,0,0,0,0
C100224,Investment Plan (Mutual Fund SIP),1,1,0,0,0
C100224,Premium Credit Card,1,1,0,0,0
C100224,Recurring Deposit,1,0,0,0,0
C100225,Term Insurance,1,0,0,0,0
C100225,Premium Credit Card,1,1,0,0,0
C100225,Cashback Credit Card,1,0,0,0,0
C100225,Premium Banking Account,1,0,0,0,0
C100227,Fixed Deposit,1,0,0,0,0
C100227,Investment Plan (Mutual Fund SIP),1,0,0,0,0
C100229,Home Loan,1,1,0,0,0
C100229,Recurring Deposit,1,1,0,0,0
C100230,Home Loan,1,1,0,0,0
C100230,Premium Credit Card,1,0,0,0,0
C100230,Term Insurance,1,0,0,0,0
C100231,Personal Loan,1,1,0,0,0
C100231,Fixed Deposit,1,1,0,0,0
C100231,Recurring Deposit,1,1,1,1,1
C100231,Fuel Credit Card,1,1,0,0,0
C100232,Personal Loan,1,1,0,0,0
C100232,Cashback Credit Card,1,1,1,1,0
C100232,Premium Credit Card,1,1,0,0,0
C100232,Investment Plan (Mutual Fund SIP),1,0,0,0,0
C100232,Premium Banking Account,1,0,0,0,0
C100233,Home Loan,1,1,0,0,0
C100233,Recurring Deposit,1,0,0,0,0
C100234,Home Loan,1,1,0,0,0
C100234,Cashback Credit Card,1,1,0,0,0
C100234,Investment Plan (Mutual Fund SIP),1,1,1,1,0
C100234,Fixed Deposit,1,1,0,0,0
C100235,Term Insurance,1,1,0,0,0
C100235,Fixed Deposit,1,0,0,0,0
C100235,Home Loan,1,1,0,0,0
C100236,Premium Banking Account,1,1,0,0,0
C100236,Fuel Credit Card,1,0,0,0,0
C100236,Recurring Deposit,1,1,1,1,1
C100237,Travel Credit Card,1,1,0,0,0
C100237,Premium Credit Card,1,1,1,0,0
C100237,Recurring Deposit,1,0,0,0,0
C100238,Recurring Deposit,1,1,0,0,0
C100238,Term Insurance,1,0,0,0,0
C100238,Premium Banking Account,1,0,0,0,0
C100238,Personal Loan,1,0,0,0,0
C100238,Home Loan,1,1,0,0,0
C100239,Fixed Deposit,1,0,0,0,0
C100239,Home Loan,1,1,1,1,1
C100239,Recurring Deposit,1,1,0,0,0
C100239,Investment Plan (Mutual Fund SIP),1,1,0,0,0
C100239,Cashback Credit Card,1,1,1,1,1
C100241,Fuel Credit Card,1,0,0,0,0
C100241,Recurring Deposit,1,1,1,1,1
C100242,Fuel Credit Card,1,0,0,0,0
C100242,Investment Plan (Mutual Fund SIP),1,1,1,0,0
C100242,Travel Credit Card,1,1,1,1,1
C100243,Home Loan,1,1,0,0,0
C100243,Recurring Deposit,1,1,0,0,0
C100243,Premium Credit Card,1,1,1,0,0
C100243,Personal Loan,1,1,0,0,0
C100243,Travel Credit Card,1,1,1,1,1
C100244,Cashback Credit Card,1,1,1,0,0
C100244,Recurring Deposit,1,0,0,0,0
C100245,Fuel Credit Card,1,1,0,0,0
C100245,Term Insurance,1,0,0,0,0
C100246,Cashback Credit Card,1,0,0,0,0
C100246,Premium Credit Card,1,0,0,0,0
C100246,Home Loan,1,0,0,0,0
C100246,Fixed Deposit,1,1,0,0,0
C100247,Fixed Deposit,1,0,0,0,0
C100247,Personal Loan,1,0,0,0,0
C100247,Cashback Credit Card,1,0,0,0,0
C100248,Travel Credit Card,1,1,1,1,0
C100249,Premium Credit Card,1,1,0,0,0
C100249,Fuel Credit Card,1,1,1,0,0
C100249,Recurring Deposit,1,1,0,0,0
C100254,Recurring Deposit,1,1,0,0,0
C100254,Personal Loan,1,0,0,0,0
C100255,Home Loan,1,1,1,1,1
C100255,Recurring Deposit,1,0,0,0,0
C100256,Personal Loan,1,0,0,0,0
C100256,Fuel Credit Card,1,0,0,0,0
C100257,Fixed Deposit,1,0,0,0,0
C100257,Fuel Credit Card,1,1,1,1,1
C100257,Premium Banking Account,1,1,0,0,0
C100257,Term Insurance,1,0,0,0,0
C100258,Cashback Credit Card,1,1,0,0,0
C100258,Recurring Deposit,1,0,0,0,0
C100258,Premium Credit Card,1,0,0,0,0
C100259,Travel Credit Card,1,0,0,0,0
C100259,Premium Banking Account,1,0,0,0,0
C100259,Recurring Deposit,1,0,0,0,0
C100259,Premium Credit Card,1,1,0,0,0
C100259,Home Loan,1,1,0,0,0
C100261,Travel Credit Card,1,0,0,0,0
C100262,Fixed Deposit,1,0,0,0,0
C100262,Cashback Credit Card,1,0,0,0,0
C100262,Fuel Credit Card,1,0,0,0,0
C100262,Term Insurance,1,1,0,0,0
C100262,Travel Credit Card,1,0,0,0,0
C100263,Personal Loan,1,0,0,0,0
C100263,Term Insurance,1,1,1,1,1
C100263,Premium Credit Card,1,0,0,0,0
C100264,Fixed Deposit,1,0,0,0,0
C100264,Home Loan,1,0,0,0,0
C100264,Personal Loan,1,1,0,0,0
C100264,Fuel Credit Card,1,0,0,0,0
C100266,Home Loan,1,0,0,0,0
C100266,Fuel Credit Card,1,0,0,0,0
C100266,Investment Plan (Mutual Fund SIP),1,0,0,0,0
C100267,Term Insurance,1,1,1,0,0
C100267,Recurring Deposit,1,0,0,0,0
C100267,Fuel Credit Card,1,0,0,0,0
C100268,Recurring Deposit,1,1,0,0,0
C100269,Home Loan,1,1,0,0,0
C100269,Fuel Credit Card,1,0,0,0,0
C100270,Term Insurance,1,1,1,0,0
C100270,Cashback Credit Card,1,1,0,0,0
C100270,Premium Credit Card,1,1,0,0,0
C100272,Fixed Deposit,1,1,1,1,1
C100272,Travel Credit Card,1,0,0,0,0
C100272,Premium Credit Card,1,1,0,0,0
C100273,Home Loan,1,0,0,0,0
C100273,Fixed Deposit,1,1,0,0,0
C100273,Fuel Credit Card,1,1,1,1,1
C100274,Term Insurance,1,1,1,1,1
C100274,Personal Loan,1,0,0,0,0
C100274,Recurring Deposit,1,1,0,0,0
C100274,Investment Plan (Mutual Fund SIP),1,1,1,1,0
C100275,Cashback Credit Card,1,1,0,0,0
C100275,Recurring Deposit,1,1,0,0,0
C100276,Fixed Deposit,1,1,0,0,0
C100276,Home Loan,1,0,0,0,0
C100276,Premium Banking Account,1,0,0,0,0
C100277,Personal Loan,1,0,0,0,0
C100277,Home Loan,1,0,0,0,0
C100277,Cashback Credit Card,1,0,0,0,0
C100277,Premium Banking Account,1,1,0,0,0
C100278,Premium Banking Account,1,0,0,0,0
C100278,Home Loan,1,0,0,0,0
C100279,Premium Credit Card,1,1,0,0,0
C100279,Fixed Deposit,1,1,0,0,0
C100280,Recurring Deposit,1,1,0,0,0
C100281,Home Loan,1,1,0,0,0
C100281,Recurring Deposit,1,1,0,0,0
C100281,Fixed Deposit,1,0,0,0,0
C100281,Term Insurance,1,1,1,1,1
C100283,Fixed Deposit,1,0,0,0,0
C100285,Premium Credit Card,1,1,0,0,0
C100285,Premium Banking Account,1,0,0,0,0
C100285,Investment Plan (Mutual Fund SIP),1,1,0,0,0
C100286,Investment Plan (Mutual Fund SIP),1,0,0,0,0
C100286,Fuel Credit Card,1,1,0,0,0
C100287,Fixed Deposit,1,1,0,0,0
C100287,Personal Loan,1,0,0,0,0
C100287,Premium Credit Card,1,1,0,0,0
C100287,Travel Credit Card,1,0,0,0,0
C100287,Investment Plan (Mutual Fund SIP),1,1,1,1,1
C100288,Fuel Credit Card,1,1,0,0,0
C100288,Home Loan,1,0,0,0,0
C100288,Fixed Deposit,1,0,0,0,0
C100288,Personal Loan,1,1,0,0,0
C100289,Cashback Credit Card,1,1,1,0,0
C100289,Term Insurance,1,1,1,0,0
C100289,Investment Plan (Mutual Fund SIP),1,1,0,0,0
C100290,Travel Credit Card,1,1,1,1,1
C100291,Cashback Credit Card,1,1,0,0,0
C100292,Cashback Credit Card,1,1,1,0,0
C100293,Recurring Deposit,1,1,0,0,0
C100293,Home Loan,1,1,0,0,0
C100293,Premium Banking Account,1,0,0,0,0
C100294,Fuel Credit Card,1,0,0,0,0
C100294,Premium Credit Card,1,1,0,0,0
C100294,Premium Banking Account,1,0,0,0,0
C100295,Recurring Deposit,1,0,0,0,0
C100296,Personal Loan,1,1,0,0,0
C100296,Fuel Credit Card,1,0,0,0,0
C100297,Investment Plan (Mutual Fund SIP),1,0,0,0,0
C100297,Cashback Credit Card,1,1,0,0,0
C100298,Travel Credit Card,1,0,0,0,0
C100298,Term Insurance,1,0,0,0,0
C100298,Personal Loan,1,1,0,0,0
C100299,Premium Banking Account,1,0,0,0,0
C100299,Term Insurance,1,1,1,1,1
C100300,Investment Plan (Mutual Fund SIP),1,0,0,0,0
C100300,Premium Banking Account,1,0,0,0,0
C100300,Personal Loan,1,1,0,0,0
C100301,Premium Banking Account,1,0,0,0,0
C100301,Cashback Credit Card,1,0,0,0,0
C100302,Recurring Deposit,1,1,0,0,0
C100302,Home Loan,1,1,0,0,0
C100302,Fuel Credit Card,1,1,1,0,0
C100302,Cashback Credit Card,1,1,0,0,0
C100302,Travel Credit Card,1,1,1,0,0
C100303,Investment Plan (Mutual Fund SIP),1,0,0,0,0
C100303,Term Insurance,1,1,0,0,0
C100303,Personal Loan,1,0,0,0,0
C100303,Premium Banking Account,1,0,0,0,0
C100304,Recurring Deposit,1,0,0,0,0
C100304,Cashback Credit Card,1,1,0,0,0
C100304,Travel Credit Card,1,0,0,0,0
C100305,Personal Loan,1,1,0,0,0
C100305,Premium Banking Account,1,0,0,0,0
C100305,Fuel Credit Card,1,1,0,0,0
C100305,Investment Plan (Mutual Fund SIP),1,0,0,0,0
C100305,Recurring Deposit,1,0,0,0,0
C100306,Investment Plan (Mutual Fund SIP),1,0,0,0,0
C100306,Recurring Deposit,1,0,0,0,0
C100306,Personal Loan,1,0,0,0,0
C100307,Travel Credit Card,1,0,0,0,0
C100307,Premium Credit Card,1,0,0,0,0
C100307,Cashback Credit Card,1,1,0,0,0
C100307,Personal Loan,1,1,1,1,1
C100308,Recurring Deposit,1,1,1,1,1
C100308,Premium Banking Account,1,0,0,0,0
C100308,Home Loan,1,1,0,0,0
C100309,Investment Plan (Mutual Fund SIP),1,1,0,0,0
C100309,Term Insurance,1,0,0,0,0
C100309,Travel Credit Card,1,1,1,1,1
C100309,Fixed Deposit,1,1,0,0,0
C100309,Recurring Deposit,1,1,0,0,0
C100311,Term Insurance,1,0,0,0,0
C100311,Premium Credit Card,1,0,0,0,0
C100312,Premium Banking Account,1,0,0,0,0
C100312,Fixed Deposit,1,0,0,0,0
C100313,Travel Credit Card,1,1,1,1,1
C100313,Cashback Credit Card,1,1,0,0,0
C100313,Fixed Deposit,1,1,0,0,0
C100314,Premium Credit Card,1,1,0,0,0
C100314,Recurring Deposit,1,0,0,0,0
C100314,Personal Loan,1,0,0,0,0
C100315,Premium Credit Card,1,1,0,0,0
C100315,Recurring Deposit,1,1,1,1,1
C100315,Travel Credit Card,1,0,0,0,0
C100316,Investment Plan (Mutual Fund SIP),1,0,0,0,0
C100316,Term Insurance,1,0,0,0,0
C100316,Personal Loan,1,1,0,0,0
C100317,Fixed Deposit,1,1,0,0,0
C100317,Fuel Credit Card,1,0,0,0,0
C100317,Premium Banking Account,1,1,0,0,0
C100317,Travel Credit Card,1,0,0,0,0
C100318,Fixed Deposit,1,1,0,0,0
C100318,Premium Banking Account,1,0,0,0,0
C100318,Travel Credit Card,1,0,0,0,0
C100318,Home Loan,1,1,1,1,1
C100318,Cashback Credit Card,1,1,0,0,0
C100319,Premium Credit Card,1,0,0,0,0
C100319,Cashback Credit Card,1,1,0,0,0
C100320,Fixed Deposit,1,0,0,0,0
C100320,Premium Banking Account,1,1,1,1,1
C100320,Term Insurance,1,1,0,0,0
C100320,Travel Credit Card,1,1,0,0,0
C100320,Cashback Credit Card,1,1,0,0,0
C100321,Personal Loan,1,0,0,0,0
C100321,Fuel Credit Card,1,1,0,0,0
C100321,Cashback Credit Card,1,0,0,0,0
C100321,Home Loan,1,1,0,0,0
C100321,Recurring Deposit,1,1,1,1,0
C100322,Home Loan,1,1,0,0,0
C100322,Personal Loan,1,1,0,0,0
C100322,Term Insurance,1,1,1,1,1
C100323,Premium Credit Card,1,1,0,0,0
C100323,Premium Banking Account,1,1,0,0,0
C100323,Personal Loan,1,0,0,0,0
C100323,Fuel Credit Card,1,0,0,0,0
C100323,Fixed Deposit,1,0,0,0,0
C100324,Premium Banking Account,1,1,0,0,0
C100324,Recurring Deposit,1,1,0,0,0
C100324,Fixed Deposit,1,0,0,0,0
C100325,Premium Banking Account,1,0,0,0,0
C100326,Travel Credit Card,1,1,0,0,0
C100328,Term Insurance,1,1,0,0,0
C100328,Investment Plan (Mutual Fund SIP),1,0,0,0,0
C100328,Fuel Credit Card,1,0,0,0,0
C100328,Fixed Deposit,1,0,0,0,0
C100328,Premium Banking Account,1,0,0,0,0
C100329,Fuel Credit Card,1,0,0,0,0
C100329,Travel Credit Card,1,0,0,0,0
C100330,Fuel Credit Card,1,1,0,0,0
C100330,Personal Loan,1,0,0,0,0
C100332,Fuel Credit Card,1,1,0,0,0
C100333,Recurring Deposit,1,1,1,1,0
C100333,Cashback Credit Card,1,0,0,0,0
C100333,Home Loan,1,1,1,1,1
C100333,Fixed Deposit,1,1,0,0,0
C100334,Personal Loan,1,1,1,0,0
C100334,Home Loan,1,0,0,0,0
C100334,Fuel Credit Card,1,0,0,0,0
C100335,Home Loan,1,1,0,0,0
C100335,Investment Plan (Mutual Fund SIP),1,0,0,0,0
C100335,Term Insurance,1,1,0,0,0
C100335,Premium Banking Account,1,1,1,1,0
C100335,Premium Credit Card,1,0,0,0,0
C100337,Term Insurance,1,1,1,0,0
C100337,Personal Loan,1,0,0,0,0
C100337,Fuel Credit Card,1,1,1,1,1
C100337,Investment Plan (Mutual Fund SIP),1,1,0,0,0
C100338,Travel Credit Card,1,1,1,1,1
C100339,Personal Loan,1,1,1,1,1
C100339,Premium Credit Card,1,0,0,0,0
C100340,Premium Banking Account,1,1,1,0,0
C100340,Investment Plan (Mutual Fund SIP),1,1,1,1,1
C100341,Personal Loan,1,0,0,0,0
C100341,Cashback Credit Card,1,1,1,0,0
C100341,Recurring Deposit,1,0,0,0,0
C100342,Premium Banking Account,1,1,0,0,0
C100342,Fuel Credit Card,1,0,0,0,0
C100342,Term Insurance,1,0,0,0,0
C100342,Travel Credit Card,1,0,0,0,0
C100342,Premium Credit Card,1,0,0,0,0
C100343,Fixed Deposit,1,0,0,0,0
C100343,Personal Loan,1,0,0,0,0
C100343,Cashback Credit Card,1,0,0,0,0
C100343,Home Loan,1,1,0,0,0
C100343,Fuel Credit Card,1,0,0,0,0
C100344,Home Loan,1,0,0,0,0
C100344,Premium Credit Card,1,1,1,1,1
C100344,Travel Credit Card,1,1,0,0,0
C100344,Term Insurance,1,0,0,0,0
C100345,Personal Loan,1,0,0,0,0
C100345,Travel Credit Card,1,1,0,0,0
C100345,Premium Banking Account,1,0,0,0,0
C100346,Investment Plan (Mutual Fund SIP),1,1,0,0,0
C100346,Recurring Deposit,1,0,0,0,0
C100346,Travel Credit Card,1,1,0,0,0
C100346,Personal Loan,1,0,0,0,0
C100347,Term Insurance,1,1,0,0,0
C100347,Home Loan,1,1,0,0,0
C100347,Fixed Deposit,1,1,0,0,0
C100347,Fuel Credit Card,1,0,0,0,0
C100347,Investment Plan (Mutual Fund SIP),1,0,0,0,0
C100348,Recurring Deposit,1,1,1,1,0
C100348,Premium Credit Card,1,1,0,0,0
C100349,Home Loan,1,1,0,0,0
C100349,Premium Banking Account,1,0,0,0,0
C100349,Term Insurance,1,0,0,0,0
C100349,Cashback Credit Card,1,0,0,0,0
C100349,Fuel Credit Card,1,1,0,0,0
C100350,Fuel Credit Card,1,1,0,0,0
C100351,Home Loan,1,0,0,0,0
C100351,Cashback Credit Card,1,1,1,1,1
C100351,Fuel Credit Card,1,1,0,0,0
C100351,Fixed Deposit,1,1,1,1,1
C100353,Investment Plan (Mutual Fund SIP),1,0,0,0,0
C100353,Personal Loan,1,1,0,0,0
C100353,Travel Credit Card,1,1,0,0,0
C100353,Term Insurance,1,1,1,1,1
C100353,Cashback Credit Card,1,1,0,0,0
C100354,Fixed Deposit,1,0,0,0,0
C100354,Recurring Deposit,1,1,1,1,1
C100354,Home Loan,1,0,0,0,0
C100354,Travel Credit Card,1,1,0,0,0
C100354,Term Insurance,1,0,0,0,0
C100355,Personal Loan,1,1,0,0,0
C100355,Premium Credit Card,1,1,0,0,0
C100355,Investment Plan (Mutual Fund SIP),1,0,0,0,0
C100356,Term Insurance,1,0,0,0,0
C100356,Recurring Deposit,1,0,0,0,0
C100356,Travel Credit Card,1,1,1,1,1
C100358,Cashback Credit Card,1,1,0,0,0
C100358,Travel Credit Card,1,0,0,0,0
C100358,Investment Plan (Mutual Fund SIP),1,0,0,0,0
C100359,Home Loan,1,0,0,0,0
C100359,Cashback Credit Card,1,1,0,0,0
C100359,Fixed Deposit,1,1,0,0,0
C100360,Fuel Credit Card,1,1,0,0,0
C100360,Home Loan,1,1,0,0,0
C100360,Cashback Credit Card,1,0,0,0,0
C100360,Premium Credit Card,1,0,0,0,0
C100360,Personal Loan,1,1,1,1,1
C100361,Premium Credit Card,1,1,0,0,0
C100364,Premium Banking Account,1,1,0,0,0
C100364,Term Insurance,1,0,0,0,0
C100364,Travel Credit Card,1,1,0,0,0
C100364,Home Loan,1,1,0,0,0
C100366,Premium Credit Card,1,1,1,1,1
C100366,Investment Plan (Mutual Fund SIP),1,0,0,0,0
C100366,Home Loan,1,1,0,0,0
C100366,Recurring Deposit,1,1,1,1,1
C100367,Term Insurance,1,1,0,0,0
C100367,Premium Credit Card,1,0,0,0,0
C100368,Home Loan,1,1,1,0,0
C100369,Term Insurance,1,0,0,0,0
C100369,Cashback Credit Card,1,0,0,0,0
C100369,Investment Plan (Mutual Fund SIP),1,1,0,0,0
C100369,Premium Credit Card,1,1,0,0,0
C100370,Fixed Deposit,1,0,0,0,0
C100370,Home Loan,1,1,0,0,0
C100371,Home Loan,1,0,0,0,0
C100371,Personal Loan,1,0,0,0,0
C100371,Fuel Credit Card,1,0,0,0,0
C100371,Recurring Deposit,1,0,0,0,0
C100371,Premium Credit Card,1,1,0,0,0
C100372,Recurring Deposit,1,0,0,0,0
C100373,Fuel Credit Card,1,1,0,0,0
C100373,Premium Banking Account,1,0,0,0,0
C100373,Cashback Credit Card,1,0,0,0,0
C100374,Travel Credit Card,1,1,1,0,0
C100374,Premium Banking Account,1,1,0,0,0
C100374,Recurring Deposit,1,0,0,0,0
C100375,Personal Loan,1,0,0,0,0
C100375,Premium Banking Account,1,1,1,0,0
C100375,Recurring Deposit,1,0,0,0,0
C100375,Fixed Deposit,1,0,0,0,0
C100375,Cashback Credit Card,1,0,0,0,0
C100376,Home Loan,1,1,0,0,0
C100376,Term Insurance,1,1,0,0,0
C100377,Premium Banking Account,1,1,0,0,0
C100377,Home Loan,1,1,0,0,0
C100377,Term Insurance,1,1,1,1,1
C100377,Personal Loan,1,0,0,0,0
C100378,Investment Plan (Mutual Fund SIP),1,0,0,0,0
C100378,Fixed Deposit,1,1,1,1,1
C100378,Fuel Credit Card,1,0,0,0,0
C100378,Premium Banking Account,1,0,0,0,0
C100379,Cashback Credit Card,1,1,0,0,0
C100379,Investment Plan (Mutual Fund SIP),1,1,1,0,0
C100379,Term Insurance,1,0,0,0,0
C100381,Fixed Deposit,1,0,0,0,0
C100381,Travel Credit Card,1,1,1,1,1
C100381,Fuel Credit Card,1,0,0,0,0
C100381,Premium Credit Card,1,0,0,0,0
C100382,Travel Credit Card,1,1,0,0,0
C100382,Fuel Credit Card,1,1,0,0,0
C100382,Fixed Deposit,1,0,0,0,0
C100383,Home Loan,1,1,1,1,1
C100384,Fixed Deposit,1,0,0,0,0
C100384,Personal Loan,1,0,0,0,0
C100384,Fuel Credit Card,1,1,0,0,0
C100385,Home Loan,1,0,0,0,0
C100391,Recurring Deposit,1,0,0,0,0
C100391,Travel Credit Card,1,0,0,0,0
C100391,Investment Plan (Mutual Fund SIP),1,1,0,0,0
C100391,Cashback Credit Card,1,0,0,0,0
C100391,Premium Credit Card,1,1,0,0,0
C100392,Fixed Deposit,1,0,0,0,0
C100392,Travel Credit Card,1,0,0,0,0
C100392,Premium Banking Account,1,0,0,0,0
C100392,Term Insurance,1,1,0,0,0
C100393,Premium Banking Account,1,0,0,0,0
C100393,Investment Plan (Mutual Fund SIP),1,1,0,0,0
C100393,Recurring Deposit,1,0,0,0,0
C100394,Personal Loan,1,1,0,0,0
C100394,Recurring Deposit,1,1,0,0,0
C100394,Premium Banking Account,1,0,0,0,0
C100394,Investment Plan (Mutual Fund SIP),1,1,1,1,0
C100396,Recurring Deposit,1,0,0,0,0
C100396,Personal Loan,1,1,0,0,0
C100397,Home Loan,1,1,1,1,1
C100397,Cashback Credit Card,1,0,0,0,0
C100397,Personal Loan,1,0,0,0,0
C100397,Premium Credit Card,1,0,0,0,0
C100398,Personal Loan,1,0,0,0,0
C100398,Travel Credit Card,1,1,0,0,0
C100399,Premium Banking Account,1,0,0,0,0
C100399,Fuel Credit Card,1,1,1,0,0
C100399,Investment Plan (Mutual Fund SIP),1,0,0,0,0
C100399,Cashback Credit Card,1,0,0,0,0
C100400,Term Insurance,1,0,0,0,0
C100400,Investment Plan (Mutual Fund SIP),1,1,1,1,1
C100400,Recurring Deposit,1,1,0,0,0
C100401,Premium Banking Account,1,1,0,0,0
C100402,Travel Credit Card,1,1,0,0,0
C100402,Fuel Credit Card,1,0,0,0,0
C100402,Cashback Credit Card,1,0,0,0,0
C100402,Fixed Deposit,1,1,1,1,1
C100402,Premium Credit Card,1,1,1,1,1
C100403,Premium Credit Card,1,1,0,0,0
C100403,Fuel Credit Card,1,0,0,0,0
C100403,Recurring Deposit,1,1,1,1,1
C100403,Home Loan,1,1,0,0,0
C100404,Premium Banking Account,1,1,1,0,0
C100404,Recurring Deposit,1,0,0,0,0
C100404,Premium Credit Card,1,0,0,0,0
C100405,Fuel Credit Card,1,0,0,0,0
C100405,Fixed Deposit,1,1,1,1,1
C100405,Premium Credit Card,1,1,0,0,0
C100405,Cashback Credit Card,1,1,0,0,0
C100405,Recurring Deposit,1,0,0,0,0
C100406,Recurring Deposit,1,0,0,0,0
C100407,Fixed Deposit,1,1,1,0,0
C100407,Cashback Credit Card,1,1,0,0,0
C100408,Recurring Deposit,1,1,0,0,0
C100408,Term Insurance,1,1,0,0,0
C100408,Premium Banking Account,1,0,0,0,0
C100408,Investment Plan (Mutual Fund SIP),1,0,0,0,0
C100408,Premium Credit Card,1,0,0,0,0
C100409,Fixed Deposit,1,0,0,0,0
C100409,Home Loan,1,0,0,0,0
C100409,Term Insurance,1,1,0,0,0
C100410,Premium Credit Card,1,1,0,0,0
C100411,Travel Credit Card,1,0,0,0,0
C100411,Investment Plan (Mutual Fund SIP),1,1,0,0,0
C100411,Fixed Deposit,1,0,0,0,0
C100412,Fuel Credit Card,1,1,0,0,0
C100412,Cashback Credit Card,1,1,1,1,1
C100412,Fixed Deposit,1,0,0,0,0
C100412,Travel Credit Card,1,0,0,0,0
C100412,Personal Loan,1,0,0,0,0
C100413,Travel Credit Card,1,0,0,0,0
C100413,Recurring Deposit,1,0,0,0,0
C100413,Premium Banking Account,1,1,0,0,0
C100414,Cashback Credit Card,1,0,0,0,0
C100414,Fuel Credit Card,1,1,0,0,0
C100416,Fuel Credit Card,1,1,0,0,0
C100417,Recurring Deposit,1,0,0,0,0
C100418,Personal Loan,1,1,1,1,1
C100418,Investment Plan (Mutual Fund SIP),1,0,0,0,0
C100420,Premium Banking Account,1,0,0,0,0
C100421,Home Loan,1,0,0,0,0
C100421,Personal Loan,1,0,0,0,0
C100421,Travel Credit Card,1,1,0,0,0
C100422,Premium Credit Card,1,1,0,0,0
C100422,Personal Loan,1,1,0,0,0
C100422,Term Insurance,1,1,0,0,0
C100422,Fixed Deposit,1,1,0,0,0
C100423,Investment Plan (Mutual Fund SIP),1,0,0,0,0
C100423,Recurring Deposit,1,0,0,0,0
C100423,Travel Credit Card,1,0,0,0,0
C100423,Cashback Credit Card,1,1,0,0,0
C100423,Personal Loan,1,1,1,1,1
C100424,Premium Credit Card,1,1,0,0,0
C100425,Cashback Credit Card,1,0,0,0,0
C100425,Travel Credit Card,1,1,0,0,0
C100426,Fixed Deposit,1,1,0,0,0
C100426,Travel Credit Card,1,1,0,0,0
C100427,Personal Loan,1,0,0,0,0
C100428,Personal Loan,1,0,0,0,0
C100429,Term Insurance,1,0,0,0,0
C100429,Premium Credit Card,1,1,0,0,0
C100430,Premium Credit Card,1,1,0,0,0
C100430,Personal Loan,1,0,0,0,0
C100430,Premium Banking Account,1,0,0,0,0
C100431,Home Loan,1,0,0,0,0
C100431,Term Insurance,1,0,0,0,0
C100431,Fixed Deposit,1,1,1,1,1
C100431,Cashback Credit Card,1,1,0,0,0
C100431,Premium Banking Account,1,0,0,0,0
C100432,Cashback Credit Card,1,0,0,0,0
C100432,Premium Banking Account,1,1,0,0,0
C100432,Travel Credit Card,1,1,0,0,0
C100433,Premium Credit Card,1,0,0,0,0
C100433,Fixed Deposit,1,0,0,0,0
C100433,Term Insurance,1,0,0,0,0
C100433,Premium Banking Account,1,1,0,0,0
C100433,Home Loan,1,0,0,0,0
C100434,Travel Credit Card,1,1,0,0,0
C100434,Personal Loan,1,1,0,0,0
C100434,Cashback Credit Card,1,0,0,0,0
C100434,Term Insurance,1,0,0,0,0
C100434,Fuel Credit Card,1,0,0,0,0
C100435,Cashback Credit Card,1,0,0,0,0
C100436,Premium Credit Card,1,1,1,0,0
C100436,Cashback Credit Card,1,1,1,1,0
C100437,Investment Plan (Mutual Fund SIP),1,0,0,0,0
C100437,Home Loan,1,0,0,0,0
C100437,Personal Loan,1,1,0,0,0
C100437,Term Insurance,1,0,0,0,0
C100437,Travel Credit Card,1,0,0,0,0
C100438,Fuel Credit Card,1,1,0,0,0
C100439,Personal Loan,1,0,0,0,0
C100439,Fixed Deposit,1,1,0,0,0
C100439,Recurring Deposit,1,1,1,0,0
C100439,Premium Banking Account,1,1,0,0,0
C100440,Personal Loan,1,1,1,1,0
C100442,Cashback Credit Card,1,0,0,0,0
C100442,Premium Credit Card,1,1,0,0,0
C100442,Fixed Deposit,1,1,0,0,0
C100444,Fuel Credit Card,1,0,0,0,0
C100445,Investment Plan (Mutual Fund SIP),1,1,0,0,0
C100445,Recurring Deposit,1,0,0,0,0
C100446,Recurring Deposit,1,0,0,0,0
C100448,Recurring Deposit,1,1,0,0,0
C100449,Home Loan,1,0,0,0,0
C100449,Fuel Credit Card,1,1,1,1,1
C100450,Home Loan,1,1,1,1,1
C100450,Investment Plan (Mutual Fund SIP),1,1,0,0,0
C100451,Recurring Deposit,1,1,1,0,0
C100451,Fuel Credit Card,1,1,1,1,1
C100451,Home Loan,1,1,0,0,0
C100451,Fixed Deposit,1,1,1,0,0
C100452,Cashback Credit Card,1,0,0,0,0
C100452,Recurring Deposit,1,0,0,0,0
C100453,Home Loan,1,1,0,0,0
C100453,Travel Credit Card,1,0,0,0,0
C100453,Term Insurance,1,1,0,0,0
C100455,Investment Plan (Mutual Fund SIP),1,0,0,0,0
C100455,Fuel Credit Card,1,1,0,0,0
C100456,Cashback Credit Card,1,1,1,0,0
C100456,Travel Credit Card,1,0,0,0,0
C100457,Premium Banking Account,1,1,0,0,0
C100457,Fixed Deposit,1,0,0,0,0
C100457,Personal Loan,1,0,0,0,0
C100458,Personal Loan,1,0,0,0,0
C100458,Fixed Deposit,1,1,0,0,0
C100458,Premium Banking Account,1,1,0,0,0
C100458,Investment Plan (Mutual Fund SIP),1,0,0,0,0
C100458,Recurring Deposit,1,0,0,0,0
C100459,Recurring Deposit,1,1,1,1,1
C100459,Fuel Credit Card,1,1,0,0,0
C100459,Travel Credit Card,1,1,1,1,1
C100459,Cashback Credit Card,1,0,0,0,0
C100461,Home Loan,1,1,0,0,0
C100461,Travel Credit Card,1,0,0,0,0
C100461,Term Insurance,1,0,0,0,0
C100461,Investment Plan (Mutual Fund SIP),1,0,0,0,0
C100462,Fuel Credit Card,1,0,0,0,0
C100462,Home Loan,1,0,0,0,0
C100463,Investment Plan (Mutual Fund SIP),1,0,0,0,0
C100464,Fixed Deposit,1,1,0,0,0
C100464,Travel Credit Card,1,0,0,0,0
C100464,Cashback Credit Card,1,1,0,0,0
C100464,Premium Credit Card,1,1,0,0,0
C100464,Fuel Credit Card,1,1,0,0,0
C100465,Cashback Credit Card,1,1,1,0,0
C100465,Personal Loan,1,1,0,0,0
C100465,Home Loan,1,1,0,0,0
C100466,Travel Credit Card,1,0,0,0,0
C100466,Premium Banking Account,1,1,0,0,0
C100466,Home Loan,1,0,0,0,0
C100467,Term Insurance,1,0,0,0,0
C100469,Premium Banking Account,1,0,0,0,0
C100470,Cashback Credit Card,1,1,0,0,0
C100470,Investment Plan (Mutual Fund SIP),1,1,0,0,0
C100470,Travel Credit Card,1,0,0,0,0
C100471,Personal Loan,1,1,0,0,0
C100472,Premium Credit Card,1,1,1,1,1
C100472,Cashback Credit Card,1,1,0,0,0
C100473,Term Insurance,1,1,0,0,0
C100475,Term Insurance,1,1,0,0,0
C100475,Personal Loan,1,1,0,0,0
C100475,Fuel Credit Card,1,1,0,0,0
C100476,Term Insurance,1,0,0,0,0
C100476,Fixed Deposit,1,0,0,0,0
C100476,Premium Banking Account,1,0,0,0,0
C100477,Home Loan,1,1,1,1,0
C100477,Premium Credit Card,1,1,1,1,1
C100478,Premium Credit Card,1,1,0,0,0
C100478,Investment Plan (Mutual Fund SIP),1,1,0,0,0
C100478,Home Loan,1,0,0,0,0
C100478,Fuel Credit Card,1,0,0,0,0
C100478,Travel Credit Card,1,1,1,1,1
C100479,Fixed Deposit,1,1,1,1,1
C100479,Cashback Credit Card,1,1,0,0,0
C100479,Home Loan,1,1,1,1,1
C100481,Premium Banking Account,1,1,0,0,0
C100483,Recurring Deposit,1,1,0,0,0
C100483,Home Loan,1,0,0,0,0
C100484,Recurring Deposit,1,1,0,0,0
C100485,Fixed Deposit,1,0,0,0,0
C100485,Home Loan,1,0,0,0,0
C100485,Investment Plan (Mutual Fund SIP),1,0,0,0,0
C100485,Cashback Credit Card,1,1,1,1,1
C100486,Fixed Deposit,1,0,0,0,0
C100486,Cashback Credit Card,1,0,0,0,0
C100486,Recurring Deposit,1,1,1,1,1
C100487,Term Insurance,1,0,0,0,0
C100487,Investment Plan (Mutual Fund SIP),1,1,1,1,1
C100487,Home Loan,1,0,0,0,0
C100487,Premium Banking Account,1,1,0,0,0
C100488,Home Loan,1,0,0,0,0
C100488,Fixed Deposit,1,1,0,0,0
C100491,Personal Loan,1,1,0,0,0
C100492,Investment Plan (Mutual Fund SIP),1,1,1,1,1
C100494,Investment Plan (Mutual Fund SIP),1,0,0,0,0
C100495,Term Insurance,1,1,0,0,0
C100496,Home Loan,1,0,0,0,0
C100496,Travel Credit Card,1,1,1,1,1
C100496,Premium Credit Card,1,0,0,0,0
C100497,Home Loan,1,1,1,1,1
C100497,Investment Plan (Mutual Fund SIP),1,1,1,0,0
C100497,Fuel Credit Card,1,0,0,0,0
C100498,Cashback Credit Card,1,1,0,0,0
C100499,Fixed Deposit,1,1,0,0,0
C100499,Home Loan,1,0,0,0,0
C100499,Travel Credit Card,1,1,1,1,0
C100500,Fixed Deposit,1,1,1,1,1
C100502,Fixed Deposit,1,0,0,0,0
C100502,Term Insurance,1,1,0,0,0
C100502,Home Loan,1,1,0,0,0
C100502,Investment Plan (Mutual Fund SIP),1,1,1,1,0
C100502,Fuel Credit Card,1,0,0,0,0
C100503,Recurring Deposit,1,1,0,0,0
C100503,Home Loan,1,0,0,0,0
C100504,Home Loan,1,0,0,0,0
C100504,Fuel Credit Card,1,0,0,0,0
C100504,Term Insurance,1,1,0,0,0
C100505,Investment Plan (Mutual Fund SIP),1,0,0,0,0
C100506,Fixed Deposit,1,1,1,1,0
C100506,Fuel Credit Card,1,1,0,0,0
C100506,Premium Banking Account,1,0,0,0,0
C100506,Home Loan,1,1,0,0,0
C100507,Fixed Deposit,1,1,0,0,0
C100507,Travel Credit Card,1,1,1,1,1
C100507,Fuel Credit Card,1,1,0,0,0
C100507,Personal Loan,1,0,0,0,0
C100507,Investment Plan (Mutual Fund SIP),1,0,0,0,0
C100508,Investment Plan (Mutual Fund SIP),1,1,0,0,0
C100508,Cashback Credit Card,1,1,0,0,0
C100509,Term Insurance,1,0,0,0,0
C100509,Recurring Deposit,1,0,0,0,0
C100510,Term Insurance,1,0,0,0,0
C100510,Premium Banking Account,1,1,0,0,0
C100510,Fixed Deposit,1,1,1,0,0
C100511,Personal Loan,1,1,0,0,0
C100512,Investment Plan (Mutual Fund SIP),1,0,0,0,0
C100512,Fixed Deposit,1,0,0,0,0
C100512,Premium Banking Account,1,1,0,0,0
C100512,Term Insurance,1,1,0,0,0
C100512,Travel Credit Card,1,0,0,0,0
C100513,Recurring Deposit,1,1,1,1,1
C100513,Fixed Deposit,1,0,0,0,0
C100513,Term Insurance,1,1,0,0,0
C100516,Home Loan,1,0,0,0,0
C100516,Fuel Credit Card,1,0,0,0,0
C100516,Investment Plan (Mutual Fund SIP),1,1,1,1,1
C100516,Term Insurance,1,0,0,0,0
C100517,Premium Credit Card,1,1,0,0,0
C100517,Premium Banking Account,1,0,0,0,0
C100518,Term Insurance,1,1,0,0,0
C100518,Fixed Deposit,1,1,0,0,0
C100518,Recurring Deposit,1,1,0,0,0
C100519,Fixed Deposit,1,0,0,0,0
C100519,Travel Credit Card,1,1,0,0,0
C100520,Premium Banking Account,1,0,0,0,0
C100520,Cashback Credit Card,1,0,0,0,0
C100521,Fixed Deposit,1,1,1,0,0
C100521,Personal Loan,1,1,0,0,0
C100522,Travel Credit Card,1,1,1,0,0
C100522,Cashback Credit Card,1,0,0,0,0
C100523,Term Insurance,1,0,0,0,0
C100524,Fuel Credit Card,1,1,1,1,1
C100524,Travel Credit Card,1,0,0,0,0
C100524,Recurring Deposit,1,1,0,0,0
C100524,Term Insurance,1,0,0,0,0
C100524,Fixed Deposit,1,1,1,1,1
C100527,Premium Credit Card,1,1,0,0,0
C100527,Investment Plan (Mutual Fund SIP),1,1,0,0,0
C100527,Personal Loan,1,1,1,0,0
C100527,Fuel Credit Card,1,0,0,0,0
C100527,Cashback Credit Card,1,0,0,0,0
C100529,Recurring Deposit,1,1,0,0,0
C100529,Fuel Credit Card,1,1,0,0,0
C100529,Premium Banking Account,1,1,0,0,0
C100530,Investment Plan (Mutual Fund SIP),1,1,0,0,0
C100530,Term Insurance,1,0,0,0,0
C100530,Fuel Credit Card,1,1,0,0,0
C100530,Fixed Deposit,1,1,1,1,1
C100530,Travel Credit Card,1,0,0,0,0
C100531,Premium Credit Card,1,1,1,1,1
C100533,Fuel Credit Card,1,0,0,0,0
C100533,Cashback Credit Card,1,0,0,0,0
C100533,Investment Plan (Mutual Fund SIP),1,0,0,0,0
C100533,Recurring Deposit,1,1,1,1,1
C100534,Term Insurance,1,0,0,0,0
C100534,Investment Plan (Mutual Fund SIP),1,1,0,0,0
C100535,Travel Credit Card,1,1,0,0,0
C100535,Fixed Deposit,1,1,1,1,1
C100535,Cashback Credit Card,1,0,0,0,0
C100536,Travel Credit Card,1,0,0,0,0
C100536,Premium Credit Card,1,1,1,0,0
C100536,Recurring Deposit,1,0,0,0,0
C100536,Premium Banking Account,1,0,0,0,0
C100536,Term Insurance,1,1,0,0,0
C100537,Premium Credit Card,1,0,0,0,0
C100537,Term Insurance,1,1,1,1,1
C100537,Travel Credit Card,1,1,0,0,0
C100537,Cashback Credit Card,1,1,0,0,0
C100541,Recurring Deposit,1,1,0,0,0
C100544,Premium Banking Account,1,0,0,0,0
C100544,Investment Plan (Mutual Fund SIP),1,0,0,0,0
C100544,Fuel Credit Card,1,1,1,1,0
C100544,Premium Credit Card,1,0,0,0,0
C100545,Investment Plan (Mutual Fund SIP),1,1,1,1,0
C100545,Personal Loan,1,1,1,1,1
C100545,Fixed Deposit,1,1,1,1,1
C100546,Term Insurance,1,1,0,0,0
C100546,Fixed Deposit,1,1,0,0,0
C100546,Personal Loan,1,0,0,0,0
C100546,Recurring Deposit,1,0,0,0,0
C100547,Fuel Credit Card,1,1,1,1,1
C100547,Term Insurance,1,1,0,0,0
C100548,Premium Credit Card,1,1,0,0,0
C100548,Fixed Deposit,1,0,0,0,0
C100548,Cashback Credit Card,1,1,1,0,0
C100548,Recurring Deposit,1,1,0,0,0
C100549,Fuel Credit Card,1,1,0,0,0
C100549,Travel Credit Card,1,1,1,1,0
C100549,Recurring Deposit,1,0,0,0,0
C100550,Fuel Credit Card,1,1,0,0,0
C100552,Home Loan,1,1,0,0,0
C100553,Fuel Credit Card,1,1,1,1,0
C100553,Fixed Deposit,1,1,0,0,0
C100555,Term Insurance,1,1,0,0,0
C100556,Fixed Deposit,1,1,0,0,0
C100556,Personal Loan,1,0,0,0,0
C100556,Travel Credit Card,1,0,0,0,0
C100556,Premium Banking Account,1,1,1,1,1
C100556,Cashback Credit Card,1,0,0,0,0
C100557,Home Loan,1,1,0,0,0
C100558,Travel Credit Card,1,1,1,1,1
C100558,Fuel Credit Card,1,1,1,1,1
C100558,Recurring Deposit,1,0,0,0,0
C100558,Investment Plan (Mutual Fund SIP),1,1,0,0,0
C100559,Recurring Deposit,1,1,0,0,0
C100559,Cashback Credit Card,1,1,0,0,0
C100559,Investment Plan (Mutual Fund SIP),1,1,1,1,1
C100559,Term Insurance,1,0,0,0,0
C100559,Fixed Deposit,1,1,1,0,0
C100560,Term Insurance,1,1,0,0,0
C100561,Recurring Deposit,1,0,0,0,0
C100561,Fuel Credit Card,1,1,0,0,0
C100563,Personal Loan,1,1,0,0,0
C100563,Fixed Deposit,1,1,0,0,0
C100566,Personal Loan,1,1,1,1,1
C100567,Premium Banking Account,1,1,0,0,0
C100567,Recurring Deposit,1,0,0,0,0
C100569,Travel Credit Card,1,0,0,0,0
C100569,Home Loan,1,1,0,0,0
C100570,Fixed Deposit,1,1,0,0,0
C100570,Travel Credit Card,1,0,0,0,0
C100570,Investment Plan (Mutual Fund SIP),1,0,0,0,0
C100570,Personal Loan,1,1,1,1,1
C100571,Fuel Credit Card,1,0,0,0,0
C100571,Premium Banking Account,1,0,0,0,0
C100571,Cashback Credit Card,1,1,0,0,0
C100572,Fuel Credit Card,1,0,0,0,0
C100574,Term Insurance,1,1,1,1,0
C100574,Premium Banking Account,1,1,1,1,1
C100574,Home Loan,1,0,0,0,0
C100574,Recurring Deposit,1,1,0,0,0
C100575,Premium Credit Card,1,1,1,1,0
C100575,Recurring Deposit,1,0,0,0,0
C100575,Premium Banking Account,1,0,0,0,0
C100575,Cashback Credit Card,1,0,0,0,0
C100575,Fixed Deposit,1,1,1,1,1
C100576,Fixed Deposit,1,1,0,0,0
C100576,Fuel Credit Card,1,1,1,1,1
C100576,Recurring Deposit,1,1,1,1,0
C100577,Term Insurance,1,0,0,0,0
C100577,Investment Plan (Mutual Fund SIP),1,1,0,0,0
C100577,Premium Banking Account,1,0,0,0,0
C100577,Recurring Deposit,1,1,1,1,1
C100578,Investment Plan (Mutual Fund SIP),1,1,0,0,0
C100579,Fuel Credit Card,1,1,1,1,1
C100580,Home Loan,1,0,0,0,0
C100580,Investment Plan (Mutual Fund SIP),1,1,0,0,0
C100580,Travel Credit Card,1,0,0,0,0
C100580,Premium Credit Card,1,1,1,1,1
C100580,Fuel Credit Card,1,0,0,0,0
C100581,Fuel Credit Card,1,0,0,0,0
C100581,Premium Credit Card,1,1,0,0,0
C100581,Recurring Deposit,1,1,0,0,0
C100581,Investment Plan (Mutual Fund SIP),1,0,0,0,0
C100581,Premium Banking Account,1,0,0,0,0
C100582,Premium Credit Card,1,1,0,0,0
C100582,Cashback Credit Card,1,0,0,0,0
C100582,Personal Loan,1,1,0,0,0
C100585,Fuel Credit Card,1,1,0,0,0
C100585,Cashback Credit Card,1,0,0,0,0
C100585,Premium Banking Account,1,0,0,0,0
C100586,Premium Banking Account,1,1,0,0,0
C100586,Home Loan,1,0,0,0,0
C100588,Recurring Deposit,1,0,0,0,0
C100588,Premium Banking Account,1,1,1,1,1
C100588,Personal Loan,1,1,0,0,0
C100588,Premium Credit Card,1,0,0,0,0
C100588,Fixed Deposit,1,0,0,0,0
C100589,Home Loan,1,1,1,0,0
C100589,Fixed Deposit,1,1,0,0,0
C100589,Premium Credit Card,1,0,0,0,0
C100589,Travel Credit Card,1,1,1,1,1
C100590,Travel Credit Card,1,0,0,0,0
C100590,Cashback Credit Card,1,0,0,0,0
C100590,Personal Loan,1,0,0,0,0
C100591,Premium Banking Account,1,1,0,0,0
C100593,Cashback Credit Card,1,0,0,0,0
C100593,Investment Plan (Mutual Fund SIP),1,0,0,0,0
C100594,Premium Credit Card,1,1,0,0,0
C100594,Personal Loan,1,0,0,0,0
C100595,Recurring Deposit,1,0,0,0,0
C100596,Travel Credit Card,1,0,0,0,0
C100596,Personal Loan,1,1,0,0,0
C100596,Term Insurance,1,1,0,0,0
C100597,Premium Banking Account,1,1,0,0,0
C100597,Term Insurance,1,1,0,0,0
C100597,Personal Loan,1,0,0,0,0
C100598,Personal Loan,1,1,1,1,1
C100598,Fixed Deposit,1,1,0,0,0
C100598,Fuel Credit Card,1,1,0,0,0
C100598,Investment Plan (Mutual Fund SIP),1,1,0,0,0
C100599,Premium Credit Card,1,1,1,1,1
C100599,Travel Credit Card,1,1,0,0,0
C100599,Personal Loan,1,0,0,0,0
C100599,Fixed Deposit,1,1,1,1,0
C100599,Home Loan,1,0,0,0,0
C100601,Travel Credit Card,1,1,0,0,0
C100602,Travel Credit Card,1,1,0,0,0
C100602,Premium Credit Card,1,1,0,0,0
C100602,Personal Loan,1,0,0,0,0
C100602,Home Loan,1,1,1,0,0
C100603,Fuel Credit Card,1,0,0,0,0
C100603,Travel Credit Card,1,0,0,0,0
C100603,Investment Plan (Mutual Fund SIP),1,0,0,0,0
C100604,Home Loan,1,0,0,0,0
C100606,Fuel Credit Card,1,0,0,0,0
C100606,Investment Plan (Mutual Fund SIP),1,1,1,0,0
C100606,Term Insurance,1,0,0,0,0
C100606,Premium Banking Account,1,1,0,0,0
C100607,Recurring Deposit,1,1,1,0,0
C100607,Personal Loan,1,0,0,0,0
C100608,Investment Plan (Mutual Fund SIP),1,1,0,0,0
C100608,Premium Banking Account,1,0,0,0,0
C100608,Premium Credit Card,1,0,0,0,0
C100609,Personal Loan,1,0,0,0,0
C100609,Travel Credit Card,1,1,0,0,0
C100609,Investment Plan (Mutual Fund SIP),1,0,0,0,0
C100614,Fixed Deposit,1,0,0,0,0
C100614,Term Insurance,1,0,0,0,0
C100614,Travel Credit Card,1,1,0,0,0
C100614,Home Loan,1,1,0,0,0
C100615,Premium Credit Card,1,1,0,0,0
C100616,Term Insurance,1,0,0,0,0
C100616,Personal Loan,1,0,0,0,0
C100616,Premium Banking Account,1,1,0,0,0
C100617,Fuel Credit Card,1,1,0,0,0
C100617,Term Insurance,1,0,0,0,0
C100617,Investment Plan (Mutual Fund SIP),1,0,0,0,0
C100617,Travel Credit Card,1,0,0,0,0
C100618,Premium Credit Card,1,1,1,1,1
C100618,Fuel Credit Card,1,0,0,0,0
C100618,Cashback Credit Card,1,1,1,1,1
C100618,Travel Credit Card,1,1,0,0,0
C100619,Recurring Deposit,1,0,0,0,0
C100619,Fuel Credit Card,1,1,0,0,0
C100619,Cashback Credit Card,1,1,0,0,0
C100620,Investment Plan (Mutual Fund SIP),1,0,0,0,0
C100620,Term Insurance,1,0,0,0,0
C100620,Fixed Deposit,1,0,0,0,0
C100620,Travel Credit Card,1,0,0,0,0
C100620,Fuel Credit Card,1,0,0,0,0
C100622,Personal Loan,1,0,0,0,0
C100622,Travel Credit Card,1,1,1,1,1
C100622,Home Loan,1,1,0,0,0
C100623,Cashback Credit Card,1,1,0,0,0
C100623,Personal Loan,1,0,0,0,0
C100625,Term Insurance,1,0,0,0,0
C100625,Premium Banking Account,1,1,1,1,1
C100627,Premium Banking Account,1,0,0,0,0
C100627,Home Loan,1,0,0,0,0
C100627,Investment Plan (Mutual Fund SIP),1,1,0,0,0
C100627,Premium Credit Card,1,1,0,0,0
C100627,Travel Credit Card,1,0,0,0,0
C100628,Premium Credit Card,1,1,0,0,0
C100628,Travel Credit Card,1,0,0,0,0
C100628,Fuel Credit Card,1,1,0,0,0
C100629,Fixed Deposit,1,1,0,0,0
C100629,Recurring Deposit,1,0,0,0,0
C100630,Cashback Credit Card,1,1,1,1,1
C100630,Premium Banking Account,1,1,0,0,0
C100630,Term Insurance,1,0,0,0,0
C100631,Cashback Credit Card,1,0,0,0,0
C100631,Premium Banking Account,1,1,0,0,0
C100631,Fuel Credit Card,1,0,0,0,0
C100631,Personal Loan,1,1,0,0,0
C100634,Travel Credit Card,1,1,0,0,0
C100634,Premium Banking Account,1,1,0,0,0
C100634,Fuel Credit Card,1,0,0,0,0
C100635,Cashback Credit Card,1,1,0,0,0
C100635,Term Insurance,1,1,1,1,1
C100636,Home Loan,1,1,1,1,0
C100636,Investment Plan (Mutual Fund SIP),1,1,0,0,0
C100636,Premium Banking Account,1,0,0,0,0
C100636,Fixed Deposit,1,0,0,0,0
C100638,Personal Loan,1,0,0,0,0
C100638,Fuel Credit Card,1,1,1,0,0
C100639,Premium Credit Card,1,0,0,0,0
C100639,Cashback Credit Card,1,0,0,0,0
C100639,Recurring Deposit,1,1,0,0,0
C100639,Fixed Deposit,1,1,0,0,0
C100640,Premium Credit Card,1,1,0,0,0
C100640,Investment Plan (Mutual Fund SIP),1,1,1,0,0
C100640,Travel Credit Card,1,0,0,0,0
C100643,Fixed Deposit,1,1,0,0,0
C100643,Term Insurance,1,1,0,0,0
C100644,Home Loan,1,0,0,0,0
C100644,Recurring Deposit,1,0,0,0,0
C100644,Investment Plan (Mutual Fund SIP),1,1,0,0,0
C100646,Recurring Deposit,1,1,0,0,0
C100646,Fixed Deposit,1,1,0,0,0
C100646,Premium Credit Card,1,1,0,0,0
C100646,Home Loan,1,1,0,0,0
C100647,Fixed Deposit,1,1,0,0,0
C100648,Investment Plan (Mutual Fund SIP),1,0,0,0,0
C100649,Investment Plan (Mutual Fund SIP),1,1,0,0,0
C100649,Cashback Credit Card,1,1,1,1,1
C100649,Term Insurance,1,1,0,0,0
C100649,Fixed Deposit,1,0,0,0,0
C100650,Travel Credit Card,1,1,0,0,0
C100650,Cashback Credit Card,1,0,0,0,0
C100650,Fuel Credit Card,1,0,0,0,0
C100650,Home Loan,1,0,0,0,0
C100651,Premium Credit Card,1,0,0,0,0
C100651,Recurring Deposit,1,1,1,1,1
C100651,Premium Banking Account,1,0,0,0,0
C100651,Cashback Credit Card,1,1,0,0,0
C100653,Premium Banking Account,1,0,0,0,0
C100654,Cashback Credit Card,1,0,0,0,0
C100654,Term Insurance,1,0,0,0,0
C100654,Fixed Deposit,1,1,0,0,0
C100654,Premium Banking Account,1,0,0,0,0
C100654,Premium Credit Card,1,0,0,0,0
C100655,Fixed Deposit,1,0,0,0,0
C100656,Fuel Credit Card,1,1,0,0,0
C100656,Cashback Credit Card,1,1,1,1,1
C100657,Premium Credit Card,1,1,1,1,1
C100657,Premium Banking Account,1,0,0,0,0
C100657,Travel Credit Card,1,1,0,0,0
C100657,Recurring Deposit,1,1,1,0,0
C100659,Term Insurance,1,1,1,0,0
C100661,Premium Banking Account,1,1,0,0,0
C100661,Home Loan,1,1,0,0,0
C100661,Term Insurance,1,1,0,0,0
C100661,Personal Loan,1,1,1,1,1
C100661,Investment Plan (Mutual Fund SIP),1,1,0,0,0
C100662,Personal Loan,1,0,0,0,0
C100663,Investment Plan (Mutual Fund SIP),1,1,0,0,0
C100663,Travel Credit Card,1,0,0,0,0
C100663,Home Loan,1,1,1,1,1
C100663,Premium Banking Account,1,0,0,0,0
C100663,Recurring Deposit,1,0,0,0,0
C100664,Premium Banking Account,1,0,0,0,0
C100664,Home Loan,1,0,0,0,0
C100664,Fuel Credit Card,1,1,0,0,0
C100665,Investment Plan (Mutual Fund SIP),1,1,1,1,1
C100665,Travel Credit Card,1,1,1,1,1
C100668,Investment Plan (Mutual Fund SIP),1,1,1,1,0
C100668,Home Loan,1,1,1,1,1
C100669,Travel Credit Card,1,1,0,0,0
C100669,Fixed Deposit,1,1,0,0,0
C100670,Travel Credit Card,1,1,0,0,0
C100670,Investment Plan (Mutual Fund SIP),1,1,0,0,0
C100670,Recurring Deposit,1,0,0,0,0
C100670,Fixed Deposit,1,0,0,0,0
C100671,Premium Banking Account,1,1,0,0,0
C100671,Travel Credit Card,1,1,0,0,0
C100671,Fuel Credit Card,1,0,0,0,0
C100672,Premium Banking Account,1,1,0,0,0
C100672,Recurring Deposit,1,1,0,0,0
C100672,Premium Credit Card,1,1,0,0,0
C100672,Term Insurance,1,1,0,0,0
C100672,Personal Loan,1,0,0,0,0
C100674,Travel Credit Card,1,1,1,0,0
C100675,Home Loan,1,1,0,0,0
C100676,Premium Banking Account,1,0,0,0,0
C100678,Premium Credit Card,1,1,1,1,1
C100679,Investment Plan (Mutual Fund SIP),1,1,0,0,0
C100680,Travel Credit Card,1,1,0,0,0
C100680,Cashback Credit Card,1,0,0,0,0
C100680,Personal Loan,1,0,0,0,0
C100681,Travel Credit Card,1,0,0,0,0
C100681,Personal Loan,1,1,1,0,0
C100681,Fuel Credit Card,1,0,0,0,0
C100682,Home Loan,1,1,1,0,0
C100682,Investment Plan (Mutual Fund SIP),1,1,0,0,0
C100682,Personal Loan,1,0,0,0,0
C100682,Recurring Deposit,1,0,0,0,0
C100683,Cashback Credit Card,1,1,0,0,0
C100684,Travel Credit Card,1,1,0,0,0
C100684,Cashback Credit Card,1,0,0,0,0
C100684,Fixed Deposit,1,1,1,1,1
C100684,Term Insurance,1,1,0,0,0
C100684,Premium Banking Account,1,1,0,0,0
C100685,Premium Credit Card,1,1,0,0,0
C100686,Investment Plan (Mutual Fund SIP),1,1,1,1,1
C100686,Premium Credit Card,1,1,0,0,0
C100686,Fixed Deposit,1,1,0,0,0
C100686,Premium Banking Account,1,0,0,0,0
C100686,Travel Credit Card,1,1,0,0,0
C100687,Personal Loan,1,0,0,0,0
C100688,Home Loan,1,1,0,0,0
C100688,Fixed Deposit,1,1,0,0,0
C100689,Investment Plan (Mutual Fund SIP),1,0,0,0,0
C100690,Fuel Credit Card,1,1,0,0,0
C100690,Premium Credit Card,1,1,0,0,0
C100690,Home Loan,1,0,0,0,0
C100690,Travel Credit Card,1,1,1,1,1
C100690,Recurring Deposit,1,0,0,0,0
C100691,Home Loan,1,0,0,0,0
C100691,Cashback Credit Card,1,1,0,0,0
C100692,Travel Credit Card,1,1,1,1,0
C100693,Fuel Credit Card,1,0,0,0,0
C100693,Travel Credit Card,1,0,0,0,0
C100693,Fixed Deposit,1,1,0,0,0
C100695,Cashback Credit Card,1,1,1,1,1
C100695,Personal Loan,1,1,0,0,0
C100695,Recurring Deposit,1,1,1,1,1
C100695,Investment Plan (Mutual Fund SIP),1,1,0,0,0
C100695,Fixed Deposit,1,0,0,0,0
C100698,Term Insurance,1,0,0,0,0
C100698,Investment Plan (Mutual Fund SIP),1,1,0,0,0
C100698,Travel Credit Card,1,1,1,1,0
C100699,Home Loan,1,1,0,0,0
C100699,Premium Credit Card,1,0,0,0,0
C100699,Fixed Deposit,1,0,0,0,0
C100699,Recurring Deposit,1,0,0,0,0
C100699,Investment Plan (Mutual Fund SIP),1,0,0,0,0
C100700,Personal Loan,1,0,0,0,0
C100700,Travel Credit Card,1,1,0,0,0
C100700,Premium Credit Card,1,1,0,0,0
C100700,Fixed Deposit,1,1,0,0,0
C100701,Fuel Credit Card,1,0,0,0,0
C100701,Recurring Deposit,1,1,1,1,1
C100701,Personal Loan,1,1,0,0,0
C100702,Investment Plan (Mutual Fund SIP),1,0,0,0,0
C100702,Recurring Deposit,1,0,0,0,0
C100704,Investment Plan (Mutual Fund SIP),1,0,0,0,0
C100705,Recurring Deposit,1,0,0,0,0
C100706,Home Loan,1,1,0,0,0
C100706,Cashback Credit Card,1,0,0,0,0
C100706,Fuel Credit Card,1,1,0,0,0
C100707,Personal Loan,1,0,0,0,0
C100707,Premium Credit Card,1,1,1,0,0
C100707,Term Insurance,1,1,1,1,1
C100707,Cashback Credit Card,1,0,0,0,0
C100707,Investment Plan (Mutual Fund SIP),1,1,0,0,0
C100708,Home Loan,1,0,0,0,0
C100709,Term Insurance,1,1,0,0,0
C100709,Home Loan,1,1,0,0,0
C100709,Recurring Deposit,1,1,0,0,0
C100709,Premium Banking Account,1,0,0,0,0
C100709,Fixed Deposit,1,0,0,0,0
C100710,Recurring Deposit,1,0,0,0,0
C100712,Investment Plan (Mutual Fund SIP),1,1,0,0,0
C100713,Recurring Deposit,1,0,0,0,0
C100714,Investment Plan (Mutual Fund SIP),1,1,0,0,0
C100714,Fuel Credit Card,1,1,0,0,0
C100715,Home Loan,1,1,1,1,1
C100715,Personal Loan,1,0,0,0,0
C100715,Premium Credit Card,1,1,0,0,0
C100715,Investment Plan (Mutual Fund SIP),1,1,0,0,0
C100716,Home Loan,1,0,0,0,0
C100716,Fixed Deposit,1,0,0,0,0
C100716,Travel Credit Card,1,1,1,1,1
C100716,Premium Credit Card,1,1,1,1,0
C100716,Fuel Credit Card,1,1,0,0,0
C100717,Home Loan,1,0,0,0,0
C100717,Premium Credit Card,1,0,0,0,0
C100718,Cashback Credit Card,1,1,1,1,1
C100720,Travel Credit Card,1,0,0,0,0
C100720,Investment Plan (Mutual Fund SIP),1,0,0,0,0
C100721,Premium Credit Card,1,0,0,0,0
C100722,Cashback Credit Card,1,1,1,1,1
C100723,Travel Credit Card,1,1,1,1,0
C100723,Cashback Credit Card,1,1,1,0,0
C100723,Investment Plan (Mutual Fund SIP),1,1,0,0,0
C100723,Home Loan,1,0,0,0,0
C100724,Investment Plan (Mutual Fund SIP),1,1,0,0,0
C100724,Recurring Deposit,1,1,0,0,0
C100724,Personal Loan,1,0,0,0,0
C100725,Premium Credit Card,1,1,0,0,0
C100725,Fixed Deposit,1,1,1,1,1
C100725,Cashback Credit Card,1,0,0,0,0
C100725,Investment Plan (Mutual Fund SIP),1,1,0,0,0
C100725,Fuel Credit Card,1,1,0,0,0
C100726,Cashback Credit Card,1,1,0,0,0
C100726,Personal Loan,1,0,0,0,0
C100726,Premium Banking Account,1,1,0,0,0
C100729,Home Loan,1,1,0,0,0
C100729,Investment Plan (Mutual Fund SIP),1,1,1,1,1
C100729,Cashback Credit Card,1,1,0,0,0
C100729,Personal Loan,1,1,0,0,0
C100730,Travel Credit Card,1,1,0,0,0
C100730,Premium Banking Account,1,1,1,1,1
C100730,Personal Loan,1,1,0,0,0
C100730,Cashback Credit Card,1,0,0,0,0
C100733,Premium Credit Card,1,1,0,0,0
C100733,Cashback Credit Card,1,0,0,0,0
C100735,Recurring Deposit,1,1,0,0,0
C100735,Travel Credit Card,1,0,0,0,0
C100736,Travel Credit Card,1,1,1,1,1
C100736,Home Loan,1,1,0,0,0
C100737,Home Loan,1,1,0,0,0
C100737,Term Insurance,1,0,0,0,0
C100737,Personal Loan,1,1,1,1,0
C100739,Cashback Credit Card,1,1,0,0,0
C100740,Premium Credit Card,1,0,0,0,0
C100740,Fuel Credit Card,1,1,0,0,0
C100740,Travel Credit Card,1,0,0,0,0
C100740,Personal Loan,1,1,0,0,0
C100740,Home Loan,1,1,1,0,0
C100741,Term Insurance,1,1,1,0,0
C100741,Home Loan,1,1,0,0,0
C100741,Premium Banking Account,1,0,0,0,0
C100742,Term Insurance,1,1,1,0,0
C100742,Personal Loan,1,0,0,0,0
C100744,Premium Banking Account,1,0,0,0,0
C100744,Travel Credit Card,1,1,0,0,0
C100744,Recurring Deposit,1,1,0,0,0
C100744,Term Insurance,1,0,0,0,0
C100744,Fuel Credit Card,1,0,0,0,0
C100745,Premium Banking Account,1,1,0,0,0
C100745,Term Insurance,1,0,0,0,0
C100745,Recurring Deposit,1,0,0,0,0
C100746,Fixed Deposit,1,1,1,0,0
C100746,Premium Credit Card,1,0,0,0,0
C100746,Personal Loan,1,0,0,0,0
C100746,Investment Plan (Mutual Fund SIP),1,0,0,0,0
C100747,Fixed Deposit,1,0,0,0,0
C100747,Cashback Credit Card,1,1,0,0,0
C100747,Recurring Deposit,1,0,0,0,0
C100747,Fuel Credit Card,1,0,0,0,0
C100747,Home Loan,1,1,1,1,1
C100748,Personal Loan,1,1,0,0,0
C100748,Fuel Credit Card,1,1,0,0,0
C100748,Travel Credit Card,1,1,0,0,0
C100748,Cashback Credit Card,1,0,0,0,0
C100749,Fixed Deposit,1,1,0,0,0
C100751,Cashback Credit Card,1,1,0,0,0
C100751,Recurring Deposit,1,1,0,0,0
C100751,Fuel Credit Card,1,1,1,1,0
C100751,Premium Credit Card,1,0,0,0,0
C100752,Personal Loan,1,1,1,1,1
C100752,Recurring Deposit,1,1,0,0,0
C100752,Fixed Deposit,1,1,0,0,0
C100752,Premium Credit Card,1,0,0,0,0
C100754,Premium Banking Account,1,1,1,1,1
C100755,Home Loan,1,0,0,0,0
C100755,Travel Credit Card,1,1,1,1,0
C100755,Premium Credit Card,1,1,1,1,0
C100756,Recurring Deposit,1,1,0,0,0
C100756,Premium Banking Account,1,1,0,0,0
C100757,Premium Banking Account,1,0,0,0,0
C100758,Fuel Credit Card,1,0,0,0,0
C100758,Investment Plan (Mutual Fund SIP),1,1,0,0,0
C100758,Premium Credit Card,1,0,0,0,0
C100758,Recurring Deposit,1,1,1,0,0
C100759,Fixed Deposit,1,1,0,0,0
C100759,Premium Banking Account,1,0,0,0,0
C100759,Term Insurance,1,0,0,0,0
C100759,Premium Credit Card,1,0,0,0,0
C100759,Personal Loan,1,1,0,0,0
C100761,Premium Credit Card,1,1,1,1,1
C100762,Term Insurance,1,0,0,0,0
C100762,Recurring Deposit,1,0,0,0,0
C100763,Investment Plan (Mutual Fund SIP),1,1,0,0,0
C100765,Fuel Credit Card,1,0,0,0,0
C100766,Term Insurance,1,1,1,1,1
C100766,Cashback Credit Card,1,1,0,0,0
C100766,Premium Banking Account,1,1,0,0,0
C100767,Recurring Deposit,1,0,0,0,0
C100767,Fixed Deposit,1,0,0,0,0
C100767,Travel Credit Card,1,1,1,1,1
C100767,Personal Loan,1,1,1,1,1
C100769,Personal Loan,1,1,1,1,1
C100769,Term Insurance,1,0,0,0,0
C100769,Fuel Credit Card,1,0,0,0,0
C100770,Fuel Credit Card,1,0,0,0,0
C100770,Home Loan,1,0,0,0,0
C100770,Personal Loan,1,1,0,0,0
C100771,Cashback Credit Card,1,0,0,0,0
C100772,Premium Banking Account,1,0,0,0,0
C100772,Travel Credit Card,1,0,0,0,0
C100772,Term Insurance,1,1,0,0,0
C100772,Cashback Credit Card,1,1,0,0,0
C100772,Recurring Deposit,1,1,1,0,0
C100773,Recurring Deposit,1,1,1,1,1
C100773,Investment Plan (Mutual Fund SIP),1,0,0,0,0
C100773,Term Insurance,1,1,1,1,1
C100773,Home Loan,1,0,0,0,0
C100774,Recurring Deposit,1,1,1,1,1
C100774,Personal Loan,1,1,1,1,0
C100774,Term Insurance,1,1,1,1,1
C100774,Cashback Credit Card,1,1,0,0,0
C100774,Fuel Credit Card,1,0,0,0,0
C100775,Travel Credit Card,1,1,1,1,0
C100775,Cashback Credit Card,1,1,1,1,0
C100775,Fixed Deposit,1,1,0,0,0
C100776,Fixed Deposit,1,0,0,0,0
C100776,Premium Banking Account,1,1,0,0,0
C100777,Investment Plan (Mutual Fund SIP),1,1,1,1,1
C100777,Personal Loan,1,0,0,0,0
C100777,Travel Credit Card,1,1,0,0,0
C100777,Recurring Deposit,1,1,1,1,1
C100777,Cashback Credit Card,1,1,0,0,0
C100778,Premium Credit Card,1,1,0,0,0
C100778,Investment Plan (Mutual Fund SIP),1,0,0,0,0
C100778,Personal Loan,1,0,0,0,0
C100778,Recurring Deposit,1,0,0,0,0
C100779,Fuel Credit Card,1,0,0,0,0
C100779,Term Insurance,1,0,0,0,0
C100779,Travel Credit Card,1,1,0,0,0
C100780,Premium Credit Card,1,1,1,1,1
C100781,Term Insurance,1,0,0,0,0
C100781,Home Loan,1,1,0,0,0
C100782,Fuel Credit Card,1,1,0,0,0
C100783,Premium Credit Card,1,1,1,1,1
C100783,Cashback Credit Card,1,0,0,0,0
C100783,Recurring Deposit,1,0,0,0,0
C100783,Home Loan,1,0,0,0,0
C100784,Home Loan,1,0,0,0,0
C100784,Cashback Credit Card,1,1,0,0,0
C100784,Investment Plan (Mutual Fund SIP),1,1,0,0,0
C100784,Recurring Deposit,1,0,0,0,0
C100785,Personal Loan,1,1,0,0,0
C100785,Home Loan,1,0,0,0,0
C100785,Cashback Credit Card,1,0,0,0,0
C100785,Recurring Deposit,1,0,0,0,0
C100786,Fixed Deposit,1,0,0,0,0
C100786,Home Loan,1,0,0,0,0
C100786,Cashback Credit Card,1,1,1,0,0
C100786,Travel Credit Card,1,0,0,0,0
C100786,Recurring Deposit,1,1,0,0,0
C100787,Recurring Deposit,1,0,0,0,0
C100787,Home Loan,1,1,0,0,0
C100787,Travel Credit Card,1,0,0,0,0
C100787,Premium Banking Account,1,1,0,0,0
C100790,Investment Plan (Mutual Fund SIP),1,0,0,0,0
C100790,Home Loan,1,1,0,0,0
C100790,Cashback Credit Card,1,1,0,0,0
C100790,Recurring Deposit,1,1,0,0,0
C100791,Term Insurance,1,0,0,0,0
C100791,Premium Banking Account,1,1,0,0,0
C100791,Fuel Credit Card,1,1,0,0,0
C100792,Fuel Credit Card,1,1,0,0,0
C100792,Investment Plan (Mutual Fund SIP),1,0,0,0,0
C100792,Cashback Credit Card,1,1,0,0,0
C100792,Home Loan,1,1,1,1,0
C100792,Recurring Deposit,1,1,0,0,0
C100793,Travel Credit Card,1,1,0,0,0
C100793,Term Insurance,1,0,0,0,0
C100793,Premium Credit Card,1,1,0,0,0
C100793,Fixed Deposit,1,1,1,0,0
C100794,Fixed Deposit,1,1,1,1,1
C100794,Term Insurance,1,0,0,0,0
C100794,Personal Loan,1,1,1,0,0
C100794,Premium Banking Account,1,0,0,0,0
C100795,Investment Plan (Mutual Fund SIP),1,1,1,0,0
C100795,Personal Loan,1,0,0,0,0
C100795,Fixed Deposit,1,1,0,0,0
C100796,Personal Loan,1,1,1,1,1
C100797,Travel Credit Card,1,0,0,0,0
C100797,Investment Plan (Mutual Fund SIP),1,1,0,0,0
C100797,Term Insurance,1,1,0,0,0
C100797,Premium Banking Account,1,0,0,0,0
C100798,Cashback Credit Card,1,0,0,0,0
C100798,Fixed Deposit,1,1,1,1,0
C100798,Recurring Deposit,1,1,0,0,0
C100799,Premium Credit Card,1,1,0,0,0
C100799,Premium Banking Account,1,1,0,0,0
C100799,Fuel Credit Card,1,1,0,0,0
C100799,Investment Plan (Mutual Fund SIP),1,1,0,0,0
C100799,Recurring Deposit,1,0,0,0,0
C100800,Cashback Credit Card,1,1,0,0,0
C100800,Term Insurance,1,1,1,1,1
C100801,Premium Credit Card,1,0,0,0,0
C100802,Personal Loan,1,1,1,1,1
C100802,Premium Banking Account,1,0,0,0,0
C100803,Travel Credit Card,1,0,0,0,0
C100803,Investment Plan (Mutual Fund SIP),1,0,0,0,0
C100803,Personal Loan,1,1,1,0,0
C100803,Premium Banking Account,1,0,0,0,0
C100804,Premium Credit Card,1,1,1,1,1
C100804,Fuel Credit Card,1,1,1,1,0
C100804,Personal Loan,1,1,1,0,0
C100805,Premium Credit Card,1,1,1,1,1
C100805,Recurring Deposit,1,0,0,0,0
C100805,Personal Loan,1,0,0,0,0
C100805,Travel Credit Card,1,0,0,0,0
C100806,Premium Banking Account,1,1,0,0,0
C100806,Term Insurance,1,0,0,0,0
C100806,Fixed Deposit,1,1,0,0,0
C100806,Travel Credit Card,1,1,1,1,0
C100806,Cashback Credit Card,1,1,0,0,0
C100807,Travel Credit Card,1,0,0,0,0
C100807,Recurring Deposit,1,1,0,0,0
C100807,Cashback Credit Card,1,1,0,0,0
C100807,Term Insurance,1,1,1,1,1
C100808,Investment Plan (Mutual Fund SIP),1,1,0,0,0
C100808,Term Insurance,1,1,0,0,0
C100809,Fuel Credit Card,1,0,0,0,0
C100809,Cashback Credit Card,1,1,0,0,0
C100809,Premium Banking Account,1,0,0,0,0
C100810,Term Insurance,1,0,0,0,0
C100810,Fixed Deposit,1,0,0,0,0
C100810,Fuel Credit Card,1,1,0,0,0
C100811,Fuel Credit Card,1,1,0,0,0
C100811,Personal Loan,1,1,1,1,1
C100811,Recurring Deposit,1,1,1,1,0
C100812,Cashback Credit Card,1,1,0,0,0
C100812,Recurring Deposit,1,0,0,0,0
C100812,Premium Banking Account,1,0,0,0,0
C100813,Premium Credit Card,1,0,0,0,0
C100813,Personal Loan,1,0,0,0,0
C100813,Term Insurance,1,1,0,0,0
C100813,Home Loan,1,0,0,0,0
C100814,Premium Banking Account,1,1,0,0,0
C100814,Investment Plan (Mutual Fund SIP),1,1,0,0,0
C100814,Premium Credit Card,1,0,0,0,0
C100815,Fixed Deposit,1,0,0,0,0
C100815,Home Loan,1,1,0,0,0
C100817,Recurring Deposit,1,0,0,0,0
C100817,Investment Plan (Mutual Fund SIP),1,1,1,1,0
C100817,Term Insurance,1,1,0,0,0
C100817,Premium Banking Account,1,1,1,1,0
C100818,Premium Credit Card,1,1,0,0,0
C100819,Cashback Credit Card,1,1,1,1,1
C100819,Investment Plan (Mutual Fund SIP),1,0,0,0,0
C100819,Personal Loan,1,0,0,0,0
C100819,Fixed Deposit,1,1,1,1,1
C100820,Term Insurance,1,0,0,0,0
C100820,Personal Loan,1,0,0,0,0
C100820,Fixed Deposit,1,0,0,0,0
C100821,Term Insurance,1,0,0,0,0
C100821,Premium Credit Card,1,1,0,0,0
C100822,Fixed Deposit,1,0,0,0,0
C100822,Recurring Deposit,1,1,0,0,0
C100822,Travel Credit Card,1,1,0,0,0
C100822,Home Loan,1,1,0,0,0
C100822,Investment Plan (Mutual Fund SIP),1,1,0,0,0
C100823,Premium Banking Account,1,1,0,0,0
C100823,Premium Credit Card,1,0,0,0,0
C100824,Premium Banking Account,1,1,0,0,0
C100824,Home Loan,1,1,0,0,0
C100824,Cashback Credit Card,1,0,0,0,0
C100824,Travel Credit Card,1,0,0,0,0
C100825,Travel Credit Card,1,0,0,0,0
C100825,Term Insurance,1,1,0,0,0
C100825,Premium Credit Card,1,1,0,0,0
C100825,Fixed Deposit,1,1,0,0,0
C100826,Term Insurance,1,0,0,0,0
C100826,Premium Credit Card,1,1,0,0,0
C100826,Fuel Credit Card,1,0,0,0,0
C100826,Premium Banking Account,1,0,0,0,0
C100826,Fixed Deposit,1,0,0,0,0
C100827,Investment Plan (Mutual Fund SIP),1,0,0,0,0
C100828,Fixed Deposit,1,0,0,0,0
C100829,Investment Plan (Mutual Fund SIP),1,1,1,1,1
C100829,Term Insurance,1,0,0,0,0
C100829,Fixed Deposit,1,0,0,0,0
C100829,Premium Credit Card,1,1,0,0,0
C100831,Travel Credit Card,1,1,0,0,0
C100832,Travel Credit Card,1,1,1,0,0
C100832,Premium Credit Card,1,0,0,0,0
C100832,Recurring Deposit,1,1,0,0,0
C100833,Term Insurance,1,1,0,0,0
C100833,Investment Plan (Mutual Fund SIP),1,1,0,0,0
C100834,Travel Credit Card,1,0,0,0,0
C100834,Recurring Deposit,1,1,1,1,1
C100834,Term Insurance,1,0,0,0,0
C100834,Investment Plan (Mutual Fund SIP),1,1,0,0,0
C100834,Cashback Credit Card,1,0,0,0,0
C100835,Cashback Credit Card,1,0,0,0,0
C100835,Home Loan,1,0,0,0,0
C100835,Term Insurance,1,0,0,0,0
C100835,Recurring Deposit,1,1,0,0,0
C100836,Premium Credit Card,1,1,1,1,0
C100837,Premium Credit Card,1,1,1,1,1
C100837,Recurring Deposit,1,1,0,0,0
C100838,Home Loan,1,0,0,0,0
C100838,Personal Loan,1,1,0,0,0
C100841,Fixed Deposit,1,1,0,0,0
C100841,Home Loan,1,1,0,0,0
C100841,Travel Credit Card,1,0,0,0,0
C100841,Cashback Credit Card,1,0,0,0,0
C100841,Premium Credit Card,1,1,1,0,0
C100842,Premium Banking Account,1,1,1,1,1
C100843,Home Loan,1,1,0,0,0
C100843,Premium Credit Card,1,1,1,1,1
C100843,Fuel Credit Card,1,0,0,0,0
C100843,Personal Loan,1,0,0,0,0
C100844,Travel Credit Card,1,1,0,0,0
C100844,Recurring Deposit,1,0,0,0,0
C100844,Premium Credit Card,1,1,0,0,0
C100845,Home Loan,1,1,0,0,0
C100845,Investment Plan (Mutual Fund SIP),1,1,0,0,0
C100845,Premium Credit Card,1,1,1,1,1
C100845,Personal Loan,1,1,0,0,0
C100845,Fixed Deposit,1,0,0,0,0
C100846,Recurring Deposit,1,1,1,0,0
C100846,Investment Plan (Mutual Fund SIP),1,1,0,0,0
C100847,Personal Loan,1,1,1,1,1
C100847,Premium Credit Card,1,1,0,0,0
C100848,Personal Loan,1,1,0,0,0
C100848,Cashback Credit Card,1,0,0,0,0
C100848,Fixed Deposit,1,1,1,1,1
C100848,Premium Credit Card,1,0,0,0,0
C100849,Recurring Deposit,1,0,0,0,0
C100849,Fuel Credit Card,1,1,0,0,0
C100849,Fixed Deposit,1,0,0,0,0
C100849,Investment Plan (Mutual Fund SIP),1,0,0,0,0
C100851,Home Loan,1,0,0,0,0
C100851,Cashback Credit Card,1,1,0,0,0
C100851,Term Insurance,1,1,0,0,0
C100852,Cashback Credit Card,1,0,0,0,0
C100852,Recurring Deposit,1,0,0,0,0
C100852,Home Loan,1,1,0,0,0
C100853,Travel Credit Card,1,0,0,0,0
C100853,Term Insurance,1,1,1,1,1
C100853,Home Loan,1,1,0,0,0
C100853,Fixed Deposit,1,0,0,0,0
C100854,Fuel Credit Card,1,0,0,0,0
C100855,Term Insurance,1,0,0,0,0
C100856,Investment Plan (Mutual Fund SIP),1,0,0,0,0
C100856,Recurring Deposit,1,1,0,0,0
C100856,Personal Loan,1,1,0,0,0
C100856,Cashback Credit Card,1,0,0,0,0
C100856,Fuel Credit Card,1,1,1,1,1
C100857,Term Insurance,1,0,0,0,0
C100857,Fixed Deposit,1,1,0,0,0
C100857,Fuel Credit Card,1,1,0,0,0
C100858,Recurring Deposit,1,0,0,0,0
C100858,Travel Credit Card,1,1,1,0,0
C100858,Investment Plan (Mutual Fund SIP),1,1,0,0,0
C100858,Premium Banking Account,1,1,1,1,1
C100858,Home Loan,1,1,0,0,0
C100859,Investment Plan (Mutual Fund SIP),1,1,1,1,1
C100859,Recurring Deposit,1,1,0,0,0
C100859,Term Insurance,1,0,0,0,0
C100860,Term Insurance,1,0,0,0,0
C100860,Fuel Credit Card,1,1,0,0,0
C100861,Home Loan,1,1,1,1,1
C100861,Personal Loan,1,1,0,0,0
C100861,Travel Credit Card,1,0,0,0,0
C100862,Premium Banking Account,1,0,0,0,0
C100862,Premium Credit Card,1,0,0,0,0
C100862,Cashback Credit Card,1,1,1,1,1
C100862,Recurring Deposit,1,0,0,0,0
C100862,Investment Plan (Mutual Fund SIP),1,1,0,0,0
C100863,Home Loan,1,1,0,0,0
C100863,Investment Plan (Mutual Fund SIP),1,0,0,0,0
C100863,Cashback Credit Card,1,1,1,0,0
C100866,Investment Plan (Mutual Fund SIP),1,1,1,1,0
C100866,Home Loan,1,1,1,1,1
C100866,Premium Credit Card,1,1,0,0,0
C100868,Investment Plan (Mutual Fund SIP),1,0,0,0,0
C100868,Fixed Deposit,1,1,0,0,0
C100869,Home Loan,1,1,0,0,0
C100869,Personal Loan,1,0,0,0,0
C100870,Premium Banking Account,1,1,1,1,1
C100870,Investment Plan (Mutual Fund SIP),1,1,0,0,0
C100870,Travel Credit Card,1,1,1,0,0
C100870,Home Loan,1,1,1,0,0
C100870,Personal Loan,1,0,0,0,0
C100871,Premium Credit Card,1,0,0,0,0
C100871,Fixed Deposit,1,1,1,1,1
C100871,Personal Loan,1,0,0,0,0
C100872,Personal Loan,1,0,0,0,0
C100872,Fuel Credit Card,1,0,0,0,0
C100873,Premium Credit Card,1,0,0,0,0
C100874,Investment Plan (Mutual Fund SIP),1,1,1,1,1
C100874,Fixed Deposit,1,1,1,1,1
C100875,Premium Banking Account,1,1,0,0,0
C100876,Cashback Credit Card,1,1,0,0,0
C100876,Investment Plan (Mutual Fund SIP),1,1,0,0,0
C100876,Home Loan,1,1,1,0,0
C100877,Recurring Deposit,1,1,1,1,1
C100878,Fuel Credit Card,1,1,0,0,0
C100879,Premium Credit Card,1,1,0,0,0
C100879,Term Insurance,1,1,0,0,0
C100879,Premium Banking Account,1,1,1,1,1
C100880,Premium Banking Account,1,1,0,0,0
C100880,Premium Credit Card,1,1,0,0,0
C100880,Investment Plan (Mutual Fund SIP),1,1,0,0,0
C100880,Fixed Deposit,1,0,0,0,0
C100880,Fuel Credit Card,1,0,0,0,0
C100881,Recurring Deposit,1,1,1,0,0
C100882,Home Loan,1,0,0,0,0
C100883,Home Loan,1,0,0,0,0
C100883,Cashback Credit Card,1,1,0,0,0
C100884,Premium Credit Card,1,1,0,0,0
C100886,Fixed Deposit,1,0,0,0,0
C100886,Travel Credit Card,1,0,0,0,0
C100887,Premium Banking Account,1,1,1,1,1
C100887,Premium Credit Card,1,0,0,0,0
C100887,Cashback Credit Card,1,0,0,0,0
C100887,Fixed Deposit,1,0,0,0,0
C100888,Travel Credit Card,1,1,0,0,0
C100889,Cashback Credit Card,1,1,0,0,0
C100889,Premium Banking Account,1,1,0,0,0
C100889,Fixed Deposit,1,1,0,0,0
C100889,Fuel Credit Card,1,0,0,0,0
C100889,Recurring Deposit,1,1,1,1,0
C100890,Term Insurance,1,1,0,0,0
C100892,Cashback Credit Card,1,1,0,0,0
C100892,Term Insurance,1,1,0,0,0
C100892,Recurring Deposit,1,0,0,0,0
C100892,Home Loan,1,0,0,0,0
C100892,Travel Credit Card,1,1,1,0,0
C100893,Travel Credit Card,1,1,1,0,0
C100893,Recurring Deposit,1,1,1,0,0
C100894,Fuel Credit Card,1,0,0,0,0
C100894,Personal Loan,1,0,0,0,0
C100895,Term Insurance,1,1,0,0,0
C100895,Premium Banking Account,1,0,0,0,0
C100895,Personal Loan,1,0,0,0,0
C100896,Recurring Deposit,1,0,0,0,0
C100896,Fuel Credit Card,1,0,0,0,0
C100896,Investment Plan (Mutual Fund SIP),1,0,0,0,0
C100896,Fixed Deposit,1,1,0,0,0
C100897,Fixed Deposit,1,1,0,0,0
C100897,Recurring Deposit,1,1,0,0,0
C100897,Investment Plan (Mutual Fund SIP),1,1,0,0,0
C100897,Travel Credit Card,1,0,0,0,0
C100898,Cashback Credit Card,1,1,0,0,0
C100899,Investment Plan (Mutual Fund SIP),1,0,0,0,0
C100899,Cashback Credit Card,1,1,0,0,0
C100899,Premium Credit Card,1,1,1,0,0
C100899,Travel Credit Card,1,0,0,0,0
C100899,Term Insurance,1,0,0,0,0
C100900,Term Insurance,1,1,1,1,1
C100900,Investment Plan (Mutual Fund SIP),1,1,0,0,0
C100902,Premium Banking Account,1,0,0,0,0
C100903,Cashback Credit Card,1,0,0,0,0
C100904,Premium Credit Card,1,1,1,1,1
C100904,Personal Loan,1,0,0,0,0
C100904,Travel Credit Card,1,0,0,0,0
C100904,Fuel Credit Card,1,1,0,0,0
C100905,Investment Plan (Mutual Fund SIP),1,1,1,1,1
C100905,Personal Loan,1,0,0,0,0
C100906,Travel Credit Card,1,1,0,0,0
C100906,Fuel Credit Card,1,0,0,0,0
C100907,Fuel Credit Card,1,0,0,0,0
C100907,Recurring Deposit,1,0,0,0,0
C100908,Fuel Credit Card,1,1,0,0,0
C100908,Premium Banking Account,1,1,0,0,0
C100908,Premium Credit Card,1,1,1,0,0
C100908,Investment Plan (Mutual Fund SIP),1,1,0,0,0
C100909,Investment Plan (Mutual Fund SIP),1,0,0,0,0
C100909,Term Insurance,1,1,0,0,0
C100909,Premium Credit Card,1,1,0,0,0
C100909,Home Loan,1,0,0,0,0
C100909,Premium Banking Account,1,0,0,0,0
C100910,Investment Plan (Mutual Fund SIP),1,1,1,1,1
C100911,Personal Loan,1,0,0,0,0
C100911,Recurring Deposit,1,1,0,0,0
C100911,Fixed Deposit,1,0,0,0,0
C100911,Travel Credit Card,1,0,0,0,0
C100911,Premium Credit Card,1,1,0,0,0
C100912,Premium Banking Account,1,0,0,0,0
C100912,Term Insurance,1,1,0,0,0
C100912,Fuel Credit Card,1,0,0,0,0
C100912,Fixed Deposit,1,1,0,0,0
C100913,Premium Banking Account,1,1,0,0,0
C100913,Term Insurance,1,0,0,0,0
C100914,Fuel Credit Card,1,1,0,0,0
C100914,Premium Banking Account,1,1,0,0,0
C100914,Personal Loan,1,0,0,0,0
C100914,Home Loan,1,1,0,0,0
C100915,Investment Plan (Mutual Fund SIP),1,0,0,0,0
C100916,Cashback Credit Card,1,0,0,0,0
C100916,Premium Banking Account,1,1,0,0,0
C100916,Travel Credit Card,1,1,1,1,1
C100916,Recurring Deposit,1,0,0,0,0
C100917,Home Loan,1,0,0,0,0
C100917,Term Insurance,1,0,0,0,0
C100919,Term Insurance,1,1,0,0,0
C100919,Personal Loan,1,0,0,0,0
C100919,Fuel Credit Card,1,1,1,0,0
C100920,Premium Credit Card,1,0,0,0,0
C100920,Cashback Credit Card,1,1,0,0,0
C100920,Investment Plan (Mutual Fund SIP),1,0,0,0,0
C100920,Travel Credit Card,1,1,1,1,1
C100920,Premium Banking Account,1,0,0,0,0
C100921,Premium Credit Card,1,0,0,0,0
C100923,Home Loan,1,0,0,0,0
C100923,Cashback Credit Card,1,1,0,0,0
C100923,Term Insurance,1,0,0,0,0
C100923,Fixed Deposit,1,1,0,0,0
C100926,Cashback Credit Card,1,1,1,0,0
C100926,Term Insurance,1,1,0,0,0
C100926,Travel Credit Card,1,1,0,0,0
C100927,Recurring Deposit,1,1,0,0,0
C100927,Travel Credit Card,1,1,0,0,0
C100927,Investment Plan (Mutual Fund SIP),1,1,0,0,0
C100928,Term Insurance,1,1,0,0,0
C100929,Fuel Credit Card,1,0,0,0,0
C100929,Personal Loan,1,0,0,0,0
C100929,Recurring Deposit,1,1,0,0,0
C100929,Premium Credit Card,1,1,1,1,1
C100931,Travel Credit Card,1,0,0,0,0
C100931,Home Loan,1,1,0,0,0
C100931,Cashback Credit Card,1,1,1,1,1
C100932,Fixed Deposit,1,0,0,0,0
C100932,Travel Credit Card,1,0,0,0,0
C100932,Cashback Credit Card,1,1,1,1,1
C100933,Term Insurance,1,1,1,1,1
C100933,Premium Banking Account,1,1,0,0,0
C100933,Fixed Deposit,1,0,0,0,0
C100935,Term Insurance,1,0,0,0,0
C100935,Cashback Credit Card,1,1,0,0,0
C100935,Home Loan,1,1,1,1,1
C100935,Travel Credit Card,1,0,0,0,0
C100935,Premium Banking Account,1,1,0,0,0
C100937,Investment Plan (Mutual Fund SIP),1,0,0,0,0
C100937,Term Insurance,1,1,0,0,0
C100937,Fixed Deposit,1,0,0,0,0
C100938,Home Loan,1,0,0,0,0
C100938,Premium Credit Card,1,0,0,0,0
C100938,Fixed Deposit,1,1,0,0,0
C100938,Investment Plan (Mutual Fund SIP),1,1,0,0,0
C100938,Recurring Deposit,1,0,0,0,0
C100939,Premium Banking Account,1,0,0,0,0
C100939,Personal Loan,1,0,0,0,0
C100939,Recurring Deposit,1,1,1,1,1
C100939,Investment Plan (Mutual Fund SIP),1,0,0,0,0
C100939,Fuel Credit Card,1,1,0,0,0
C100940,Recurring Deposit,1,0,0,0,0
C100940,Fuel Credit Card,1,1,0,0,0
C100940,Personal Loan,1,0,0,0,0
C100942,Premium Banking Account,1,0,0,0,0
C100945,Cashback Credit Card,1,1,0,0,0
C100945,Travel Credit Card,1,1,1,1,1
C100945,Premium Banking Account,1,0,0,0,0
C100946,Cashback Credit Card,1,0,0,0,0
C100946,Home Loan,1,1,0,0,0
C100946,Travel Credit Card,1,0,0,0,0
C100946,Fixed Deposit,1,0,0,0,0
C100947,Fuel Credit Card,1,0,0,0,0
C100947,Premium Credit Card,1,1,0,0,0
C100947,Cashback Credit Card,1,1,0,0,0
C100948,Recurring Deposit,1,0,0,0,0
C100949,Home Loan,1,0,0,0,0
C100949,Fuel Credit Card,1,0,0,0,0
C100949,Fixed Deposit,1,0,0,0,0
C100949,Investment Plan (Mutual Fund SIP),1,0,0,0,0
C100949,Cashback Credit Card,1,1,1,0,0
C100950,Premium Credit Card,1,1,0,0,0
C100950,Term Insurance,1,1,0,0,0
C100950,Premium Banking Account,1,1,0,0,0
C100950,Recurring Deposit,1,0,0,0,0
C100950,Personal Loan,1,0,0,0,0
C100951,Home Loan,1,0,0,0,0
C100951,Premium Credit Card,1,1,1,1,1
C100952,Cashback Credit Card,1,1,0,0,0
C100952,Investment Plan (Mutual Fund SIP),1,1,0,0,0
C100952,Personal Loan,1,0,0,0,0
C100953,Cashback Credit Card,1,0,0,0,0
C100953,Fuel Credit Card,1,1,0,0,0
C100953,Investment Plan (Mutual Fund SIP),1,1,0,0,0
C100955,Premium Credit Card,1,0,0,0,0
C100955,Premium Banking Account,1,0,0,0,0
C100955,Fuel Credit Card,1,0,0,0,0
C100956,Home Loan,1,1,0,0,0
C100956,Personal Loan,1,0,0,0,0
C100957,Premium Credit Card,1,1,0,0,0
C100958,Recurring Deposit,1,1,1,0,0
C100958,Home Loan,1,1,1,1,1
C100958,Cashback Credit Card,1,0,0,0,0
C100959,Term Insurance,1,0,0,0,0
C100959,Investment Plan (Mutual Fund SIP),1,0,0,0,0
C100959,Premium Credit Card,1,0,0,0,0
C100959,Cashback Credit Card,1,0,0,0,0
C100959,Personal Loan,1,0,0,0,0
C100960,Investment Plan (Mutual Fund SIP),1,0,0,0,0
C100961,Term Insurance,1,1,0,0,0
C100963,Recurring Deposit,1,1,0,0,0
C100963,Home Loan,1,1,0,0,0
C100963,Fixed Deposit,1,0,0,0,0
C100963,Travel Credit Card,1,1,0,0,0
C100963,Cashback Credit Card,1,0,0,0,0
C100964,Home Loan,1,1,0,0,0
C100965,Home Loan,1,1,1,1,1
C100965,Recurring Deposit,1,0,0,0,0
C100965,Fixed Deposit,1,1,0,0,0
C100965,Term Insurance,1,0,0,0,0
C100965,Travel Credit Card,1,1,1,1,1
C100966,Fuel Credit Card,1,0,0,0,0
C100967,Term Insurance,1,0,0,0,0
C100967,Premium Banking Account,1,1,0,0,0
C100967,Personal Loan,1,0,0,0,0
C100967,Recurring Deposit,1,0,0,0,0
C100967,Fuel Credit Card,1,0,0,0,0
C100968,Premium Banking Account,1,1,0,0,0
C100968,Term Insurance,1,1,0,0,0
C100968,Travel Credit Card,1,0,0,0,0
C100968,Premium Credit Card,1,1,1,1,1
C100969,Cashback Credit Card,1,1,0,0,0
C100970,Fixed Deposit,1,1,1,1,1
C100970,Recurring Deposit,1,0,0,0,0
C100970,Premium Banking Account,1,1,1,0,0
C100970,Term Insurance,1,1,0,0,0
C100971,Recurring Deposit,1,0,0,0,0
C100971,Home Loan,1,0,0,0,0
C100971,Term Insurance,1,0,0,0,0
C100971,Investment Plan (Mutual Fund SIP),1,1,1,0,0
C100971,Personal Loan,1,1,0,0,0
C100972,Travel Credit Card,1,0,0,0,0
C100972,Home Loan,1,1,0,0,0
C100972,Premium Credit Card,1,0,0,0,0
C100973,Fuel Credit Card,1,1,0,0,0
C100973,Recurring Deposit,1,1,1,1,1
C100973,Fixed Deposit,1,0,0,0,0
C100973,Travel Credit Card,1,0,0,0,0
C100973,Cashback Credit Card,1,0,0,0,0
C100974,Fuel Credit Card,1,1,0,0,0
C100974,Premium Credit Card,1,0,0,0,0
C100974,Travel Credit Card,1,0,0,0,0
C100974,Cashback Credit Card,1,0,0,0,0
C100975,Investment Plan (Mutual Fund SIP),1,1,0,0,0
C100975,Recurring Deposit,1,0,0,0,0
C100975,Premium Banking Account,1,0,0,0,0
C100976,Personal Loan,1,0,0,0,0
C100976,Cashback Credit Card,1,1,1,0,0
C100976,Home Loan,1,0,0,0,0
C100976,Premium Banking Account,1,1,0,0,0
C100976,Recurring Deposit,1,1,1,1,1
C100977,Recurring Deposit,1,1,0,0,0
C100977,Premium Banking Account,1,0,0,0,0
C100977,Cashback Credit Card,1,1,0,0,0
C100977,Fixed Deposit,1,0,0,0,0
C100979,Premium Credit Card,1,0,0,0,0
C100979,Travel Credit Card,1,0,0,0,0
C100980,Premium Banking Account,1,0,0,0,0
C100980,Fuel Credit Card,1,0,0,0,0
C100981,Home Loan,1,0,0,0,0
C100981,Term Insurance,1,0,0,0,0
C100982,Premium Credit Card,1,1,0,0,0
C100982,Premium Banking Account,1,1,0,0,0
C100982,Fixed Deposit,1,0,0,0,0
C100982,Fuel Credit Card,1,0,0,0,0
C100982,Home Loan,1,1,0,0,0
C100983,Premium Credit Card,1,0,0,0,0
C100983,Premium Banking Account,1,1,0,0,0
C100983,Home Loan,1,1,0,0,0
C100984,Recurring Deposit,1,1,0,0,0
C100984,Fixed Deposit,1,0,0,0,0
C100985,Travel Credit Card,1,1,0,0,0
C100985,Investment Plan (Mutual Fund SIP),1,1,0,0,0
C100987,Fuel Credit Card,1,1,1,1,1
C100987,Recurring Deposit,1,1,1,1,1
C100987,Term Insurance,1,1,0,0,0
C100987,Personal Loan,1,1,0,0,0
C100989,Fuel Credit Card,1,0,0,0,0
C100989,Investment Plan (Mutual Fund SIP),1,0,0,0,0
C100989,Home Loan,1,1,0,0,0
C100990,Premium Credit Card,1,0,0,0,0
C100990,Fuel Credit Card,1,0,0,0,0
C100990,Fixed Deposit,1,1,0,0,0
C100990,Home Loan,1,1,0,0,0
C100991,Recurring Deposit,1,0,0,0,0
C100991,Fixed Deposit,1,1,0,0,0
C100991,Fuel Credit Card,1,1,1,0,0
C100991,Premium Credit Card,1,0,0,0,0
C100992,Recurring Deposit,1,1,1,1,1
C100992,Term Insurance,1,1,1,0,0
C100992,Home Loan,1,1,0,0,0
C100992,Personal Loan,1,1,0,0,0
C100993,Premium Credit Card,1,0,0,0,0
C100993,Term Insurance,1,1,1,1,1
C100993,Investment Plan (Mutual Fund SIP),1,1,0,0,0
C100994,Term Insurance,1,1,1,1,0
C100994,Premium Credit Card,1,0,0,0,0
C100994,Personal Loan,1,1,1,1,1
C100995,Home Loan,1,1,0,0,0
C100995,Premium Credit Card,1,0,0,0,0
C100996,Investment Plan (Mutual Fund SIP),1,0,0,0,0
C100996,Fixed Deposit,1,0,0,0,0
C100996,Travel Credit Card,1,0,0,0,0
C100996,Recurring Deposit,1,0,0,0,0
C100997,Home Loan,1,1,0,0,0
C100997,Cashback Credit Card,1,0,0,0,0
C100998,Recurring Deposit,1,0,0,0,0
C100999,Home Loan,1,0,0,0,0
C100999,Recurring Deposit,1,0,0,0,0
C100999,Personal Loan,1,0,0,0,0
C100999,Premium Credit Card,1,1,0,0,0
C101002,Premium Credit Card,1,1,1,0,0
C101002,Term Insurance,1,0,0,0,0
C101003,Home Loan,1,0,0,0,0
C101003,Cashback Credit Card,1,1,0,0,0
C101004,Travel Credit Card,1,0,0,0,0
C101004,Fixed Deposit,1,0,0,0,0
C101004,Fuel Credit Card,1,1,0,0,0
C101004,Term Insurance,1,0,0,0,0
C101005,Investment Plan (Mutual Fund SIP),1,0,0,0,0
C101005,Fixed Deposit,1,1,1,1,1
C101005,Fuel Credit Card,1,0,0,0,0
C101005,Home Loan,1,1,0,0,0
C101005,Premium Credit Card,1,0,0,0,0
C101006,Recurring Deposit,1,1,0,0,0
C101007,Fixed Deposit,1,1,1,0,0
C101007,Premium Credit Card,1,1,1,1,1
C101007,Recurring Deposit,1,1,0,0,0
C101007,Travel Credit Card,1,1,1,1,1
C101008,Fuel Credit Card,1,1,0,0,0
C101008,Cashback Credit Card,1,0,0,0,0
C101008,Premium Credit Card,1,1,1,1,1
C101008,Premium Banking Account,1,1,0,0,0
C101009,Fuel Credit Card,1,0,0,0,0
C101010,Premium Credit Card,1,0,0,0,0
C101010,Home Loan,1,1,1,1,1
C101010,Recurring Deposit,1,1,0,0,0
C101010,Travel Credit Card,1,0,0,0,0
C101010,Fuel Credit Card,1,0,0,0,0
C101012,Cashback Credit Card,1,1,0,0,0
C101012,Term Insurance,1,0,0,0,0
C101012,Recurring Deposit,1,1,0,0,0
C101012,Fuel Credit Card,1,1,0,0,0
C101012,Travel Credit Card,1,1,0,0,0
C101013,Personal Loan,1,1,0,0,0
C101013,Travel Credit Card,1,0,0,0,0
C101013,Fuel Credit Card,1,1,1,0,0
C101014,Recurring Deposit,1,1,0,0,0
C101014,Premium Credit Card,1,0,0,0,0
C101014,Fixed Deposit,1,1,0,0,0
C101014,Personal Loan,1,1,1,0,0
C101014,Investment Plan (Mutual Fund SIP),1,0,0,0,0
C101015,Investment Plan (Mutual Fund SIP),1,0,0,0,0
C101016,Fixed Deposit,1,1,0,0,0
C101016,Travel Credit Card,1,0,0,0,0
C101016,Premium Banking Account,1,0,0,0,0
C101017,Travel Credit Card,1,1,0,0,0
C101017,Home Loan,1,0,0,0,0
C101018,Premium Credit Card,1,1,0,0,0
C101018,Travel Credit Card,1,1,0,0,0
C101018,Premium Banking Account,1,1,1,1,1
C101018,Cashback Credit Card,1,0,0,0,0
C101019,Investment Plan (Mutual Fund SIP),1,0,0,0,0
C101019,Cashback Credit Card,1,0,0,0,0
C101019,Fixed Deposit,1,1,0,0,0
C101019,Fuel Credit Card,1,0,0,0,0
C101020,Premium Banking Account,1,1,1,1,1
C101020,Fuel Credit Card,1,0,0,0,0
C101020,Premium Credit Card,1,1,1,0,0
C101020,Travel Credit Card,1,0,0,0,0
C101022,Fixed Deposit,1,1,0,0,0
C101022,Term Insurance,1,0,0,0,0
C101022,Home Loan,1,1,0,0,0
C101022,Fuel Credit Card,1,1,0,0,0
C101022,Personal Loan,1,0,0,0,0
C101023,Home Loan,1,0,0,0,0
C101024,Term Insurance,1,1,0,0,0
C101024,Premium Banking Account,1,0,0,0,0
C101024,Fuel Credit Card,1,1,1,1,1
C101025,Cashback Credit Card,1,1,1,1,1
C101027,Home Loan,1,1,1,0,0
C101029,Cashback Credit Card,1,0,0,0,0
C101029,Travel Credit Card,1,1,0,0,0
C101031,Investment Plan (Mutual Fund SIP),1,1,0,0,0
C101031,Term Insurance,1,0,0,0,0
C101031,Cashback Credit Card,1,1,0,0,0
C101031,Travel Credit Card,1,1,0,0,0
C101031,Recurring Deposit,1,1,1,0,0
C101032,Premium Credit Card,1,1,0,0,0
C101032,Recurring Deposit,1,1,0,0,0
C101032,Premium Banking Account,1,1,0,0,0
C101032,Personal Loan,1,1,1,1,1
C101033,Recurring Deposit,1,1,0,0,0
C101033,Term Insurance,1,1,1,1,0
C101034,Fixed Deposit,1,1,1,1,1
C101034,Term Insurance,1,0,0,0,0
C101035,Travel Credit Card,1,0,0,0,0
C101035,Recurring Deposit,1,1,1,0,0
C101036,Travel Credit Card,1,1,1,1,1
C101036,Investment Plan (Mutual Fund SIP),1,1,0,0,0
C101036,Fixed Deposit,1,1,0,0,0
C101036,Personal Loan,1,1,0,0,0
C101038,Cashback Credit Card,1,1,0,0,0
C101038,Recurring Deposit,1,1,0,0,0
C101038,Fixed Deposit,1,0,0,0,0
C101039,Personal Loan,1,0,0,0,0
C101039,Premium Credit Card,1,0,0,0,0
C101039,Travel Credit Card,1,0,0,0,0
C101039,Cashback Credit Card,1,1,0,0,0
C101039,Recurring Deposit,1,1,0,0,0
C101041,Home Loan,1,0,0,0,0
C101041,Premium Credit Card,1,0,0,0,0
C101041,Personal Loan,1,1,0,0,0
C101041,Term Insurance,1,1,0,0,0
C101042,Recurring Deposit,1,0,0,0,0
C101042,Home Loan,1,0,0,0,0
C101042,Premium Credit Card,1,0,0,0,0
C101043,Premium Credit Card,1,1,1,1,1
C101043,Recurring Deposit,1,0,0,0,0
C101043,Fixed Deposit,1,1,0,0,0
C101043,Home Loan,1,1,1,1,1
C101044,Recurring Deposit,1,1,0,0,0
C101046,Fixed Deposit,1,1,0,0,0
C101047,Fixed Deposit,1,0,0,0,0
C101047,Premium Banking Account,1,1,0,0,0
C101047,Cashback Credit Card,1,0,0,0,0
C101047,Fuel Credit Card,1,1,0,0,0
C101048,Travel Credit Card,1,1,1,1,1
C101048,Investment Plan (Mutual Fund SIP),1,0,0,0,0
C101051,Recurring Deposit,1,1,0,0,0
C101051,Fixed Deposit,1,1,0,0,0
C101053,Premium Banking Account,1,1,1,1,1
C101053,Fixed Deposit,1,1,1,1,0
C101053,Fuel Credit Card,1,0,0,0,0
C101053,Personal Loan,1,0,0,0,0
C101053,Cashback Credit Card,1,1,1,0,0
C101054,Home Loan,1,1,0,0,0
C101054,Premium Banking Account,1,1,1,0,0
C101055,Travel Credit Card,1,0,0,0,0
C101056,Premium Banking Account,1,0,0,0,0
C101057,Home Loan,1,1,1,1,1
C101058,Personal Loan,1,1,0,0,0
C101058,Premium Credit Card,1,0,0,0,0
C101058,Travel Credit Card,1,0,0,0,0
C101059,Term Insurance,1,1,1,1,1
C101059,Cashback Credit Card,1,1,0,0,0
C101059,Premium Credit Card,1,1,0,0,0
C101059,Premium Banking Account,1,0,0,0,0
C101059,Home Loan,1,1,0,0,0
C101060,Fuel Credit Card,1,0,0,0,0
C101060,Recurring Deposit,1,0,0,0,0
C101061,Term Insurance,1,1,1,1,1
C101062,Personal Loan,1,1,0,0,0
C101062,Home Loan,1,0,0,0,0
C101062,Cashback Credit Card,1,1,1,1,0
C101062,Premium Credit Card,1,0,0,0,0
C101063,Premium Credit Card,1,0,0,0,0
C101063,Home Loan,1,1,1,1,1
C101063,Investment Plan (Mutual Fund SIP),1,1,0,0,0
C101063,Cashback Credit Card,1,1,0,0,0
C101063,Travel Credit Card,1,1,1,1,0
C101064,Fixed Deposit,1,0,0,0,0
C101064,Home Loan,1,1,0,0,0
C101065,Fixed Deposit,1,1,0,0,0
C101065,Premium Credit Card,1,0,0,0,0
C101065,Travel Credit Card,1,0,0,0,0
C101065,Cashback Credit Card,1,1,0,0,0
C101065,Home Loan,1,0,0,0,0
C101066,Premium Credit Card,1,0,0,0,0
C101066,Term Insurance,1,1,0,0,0
C101066,Travel Credit Card,1,1,1,0,0
C101066,Premium Banking Account,1,0,0,0,0
C101066,Fixed Deposit,1,1,1,1,1
C101067,Home Loan,1,0,0,0,0
C101067,Premium Banking Account,1,1,1,1,0
C101067,Cashback Credit Card,1,1,1,1,1
C101067,Recurring Deposit,1,1,0,0,0
C101067,Travel Credit Card,1,1,0,0,0
C101068,Travel Credit Card,1,1,1,1,0
C101068,Recurring Deposit,1,0,0,0,0
C101068,Home Loan,1,0,0,0,0
C101069,Personal Loan,1,0,0,0,0
C101070,Investment Plan (Mutual Fund SIP),1,0,0,0,0
C101070,Fixed Deposit,1,1,0,0,0
C101070,Personal Loan,1,1,1,1,1
C101072,Recurring Deposit,1,1,1,0,0
C101072,Premium Banking Account,1,0,0,0,0
C101073,Premium Banking Account,1,0,0,0,0
C101073,Home Loan,1,0,0,0,0
C101073,Investment Plan (Mutual Fund SIP),1,0,0,0,0
C101073,Term Insurance,1,1,0,0,0
C101074,Home Loan,1,0,0,0,0
C101074,Cashback Credit Card,1,0,0,0,0
C101075,Investment Plan (Mutual Fund SIP),1,1,0,0,0
C101075,Cashback Credit Card,1,0,0,0,0
C101076,Fuel Credit Card,1,0,0,0,0
C101076,Investment Plan (Mutual Fund SIP),1,1,1,1,1
C101076,Premium Banking Account,1,1,0,0,0
C101076,Recurring Deposit,1,1,1,1,1
C101078,Term Insurance,1,0,0,0,0
C101078,Fixed Deposit,1,1,0,0,0
C101078,Investment Plan (Mutual Fund SIP),1,0,0,0,0
C101078,Travel Credit Card,1,1,0,0,0
C101078,Premium Banking Account,1,1,0,0,0
C101082,Recurring Deposit,1,0,0,0,0
C101082,Home Loan,1,0,0,0,0
C101082,Cashback Credit Card,1,0,0,0,0
C101082,Term Insurance,1,0,0,0,0
C101083,Term Insurance,1,1,0,0,0
C101083,Recurring Deposit,1,0,0,0,0
C101084,Home Loan,1,1,0,0,0
C101084,Fuel Credit Card,1,0,0,0,0
C101084,Term Insurance,1,1,0,0,0
C101084,Premium Banking Account,1,0,0,0,0
C101085,Recurring Deposit,1,0,0,0,0
C101085,Personal Loan,1,1,0,0,0
C101085,Fixed Deposit,1,1,0,0,0
C101085,Investment Plan (Mutual Fund SIP),1,1,0,0,0
C101086,Fuel Credit Card,1,1,0,0,0
C101086,Home Loan,1,1,1,1,0
C101086,Personal Loan,1,0,0,0,0
C101086,Cashback Credit Card,1,0,0,0,0
C101087,Fuel Credit Card,1,1,1,1,1
C101088,Investment Plan (Mutual Fund SIP),1,1,0,0,0
C101088,Premium Credit Card,1,1,0,0,0
C101088,Term Insurance,1,1,0,0,0
C101088,Travel Credit Card,1,1,0,0,0
C101089,Home Loan,1,0,0,0,0
C101089,Term Insurance,1,0,0,0,0
C101089,Travel Credit Card,1,1,1,0,0
C101090,Travel Credit Card,1,0,0,0,0
C101090,Investment Plan (Mutual Fund SIP),1,1,0,0,0
C101090,Fixed Deposit,1,1,0,0,0
C101091,Personal Loan,1,1,1,1,1
C101091,Premium Credit Card,1,1,0,0,0
C101092,Investment Plan (Mutual Fund SIP),1,1,0,0,0
C101092,Term Insurance,1,1,0,0,0
C101092,Home Loan,1,1,0,0,0
C101092,Premium Credit Card,1,0,0,0,0
C101093,Home Loan,1,0,0,0,0
C101094,Home Loan,1,0,0,0,0
C101094,Fixed Deposit,1,0,0,0,0
C101094,Fuel Credit Card,1,0,0,0,0
C101094,Premium Banking Account,1,1,0,0,0
C101094,Premium Credit Card,1,0,0,0,0
C101095,Fixed Deposit,1,0,0,0,0
C101095,Fuel Credit Card,1,1,1,1,1
C101095,Term Insurance,1,1,1,0,0
C101095,Premium Credit Card,1,0,0,0,0
C101095,Travel Credit Card,1,0,0,0,0
C101096,Premium Banking Account,1,1,0,0,0
C101096,Investment Plan (Mutual Fund SIP),1,1,0,0,0
C101096,Term Insurance,1,1,0,0,0
C101097,Personal Loan,1,0,0,0,0
C101099,Premium Credit Card,1,1,1,0,0
C101099,Personal Loan,1,1,0,0,0
C101100,Fuel Credit Card,1,0,0,0,0
C101100,Premium Credit Card,1,1,0,0,0
C101101,Recurring Deposit,1,1,0,0,0
C101103,Cashback Credit Card,1,0,0,0,0
C101103,Investment Plan (Mutual Fund SIP),1,1,0,0,0
C101103,Premium Banking Account,1,1,1,1,1
C101104,Travel Credit Card,1,0,0,0,0
C101104,Premium Credit Card,1,1,0,0,0
C101104,Fixed Deposit,1,1,0,0,0
C101105,Term Insurance,1,0,0,0,0
C101106,Term Insurance,1,1,0,0,0
C101106,Recurring Deposit,1,1,0,0,0
C101106,Fixed Deposit,1,1,1,1,0
C101106,Premium Credit Card,1,1,0,0,0
C101106,Travel Credit Card,1,1,0,0,0
C101107,Premium Banking Account,1,1,1,1,1
C101107,Fuel Credit Card,1,1,1,1,1
C101107,Recurring Deposit,1,1,0,0,0
C101107,Premium Credit Card,1,0,0,0,0
C101108,Premium Banking Account,1,1,1,0,0
C101108,Fuel Credit Card,1,0,0,0,0
C101109,Recurring Deposit,1,0,0,0,0
C101109,Term Insurance,1,1,0,0,0
C101110,Home Loan,1,1,0,0,0
C101110,Fuel Credit Card,1,0,0,0,0
C101110,Travel Credit Card,1,0,0,0,0
C101110,Recurring Deposit,1,1,0,0,0
C101110,Fixed Deposit,1,0,0,0,0
C101111,Home Loan,1,1,0,0,0
C101111,Cashback Credit Card,1,1,1,0,0
C101111,Travel Credit Card,1,0,0,0,0
C101111,Term Insurance,1,1,1,0,0
C101111,Premium Banking Account,1,0,0,0,0
C101112,Recurring Deposit,1,0,0,0,0
C101112,Fixed Deposit,1,0,0,0,0
C101112,Premium Banking Account,1,0,0,0,0
C101112,Investment Plan (Mutual Fund SIP),1,1,1,1,1
C101112,Personal Loan,1,0,0,0,0
C101113,Fuel Credit Card,1,0,0,0,0
C101113,Investment Plan (Mutual Fund SIP),1,1,0,0,0
C101114,Cashback Credit Card,1,0,0,0,0
C101114,Investment Plan (Mutual Fund SIP),1,1,0,0,0
C101114,Personal Loan,1,1,1,0,0
C101114,Fixed Deposit,1,1,0,0,0
C101114,Premium Banking Account,1,0,0,0,0
C101115,Cashback Credit Card,1,1,1,1,1
C101115,Personal Loan,1,0,0,0,0
C101116,Travel Credit Card,1,1,0,0,0
C101116,Home Loan,1,0,0,0,0
C101116,Investment Plan (Mutual Fund SIP),1,1,1,1,1
C101116,Premium Credit Card,1,1,0,0,0
C101116,Fixed Deposit,1,1,0,0,0
C101119,Investment Plan (Mutual Fund SIP),1,0,0,0,0
C101119,Term Insurance,1,1,0,0,0
C101119,Premium Credit Card,1,0,0,0,0
C101120,Fixed Deposit,1,1,0,0,0
C101120,Cashback Credit Card,1,1,1,1,0
C101120,Term Insurance,1,0,0,0,0
C101121,Recurring Deposit,1,0,0,0,0
C101121,Fuel Credit Card,1,1,1,1,0
C101121,Cashback Credit Card,1,1,0,0,0
C101122,Premium Credit Card,1,1,0,0,0
C101122,Personal Loan,1,1,1,1,1
C101122,Fixed Deposit,1,1,0,0,0
C101123,Fixed Deposit,1,1,1,1,0
C101124,Cashback Credit Card,1,0,0,0,0
C101124,Home Loan,1,1,0,0,0
C101124,Investment Plan (Mutual Fund SIP),1,1,0,0,0
C101125,Recurring Deposit,1,1,0,0,0
C101125,Premium Credit Card,1,1,1,1,1
C101125,Premium Banking Account,1,0,0,0,0
C101125,Term Insurance,1,0,0,0,0
C101126,Fixed Deposit,1,1,0,0,0
C101127,Cashback Credit Card,1,1,1,1,1
C101127,Recurring Deposit,1,1,0,0,0
C101128,Recurring Deposit,1,0,0,0,0
C101128,Home Loan,1,1,1,1,1
C101128,Premium Banking Account,1,0,0,0,0
C101128,Cashback Credit Card,1,0,0,0,0
C101128,Fixed Deposit,1,0,0,0,0
C101129,Personal Loan,1,1,0,0,0
C101129,Investment Plan (Mutual Fund SIP),1,0,0,0,0
C101129,Home Loan,1,1,1,1,1
C101129,Travel Credit Card,1,0,0,0,0
C101129,Recurring Deposit,1,1,0,0,0
C101130,Personal Loan,1,1,0,0,0
C101130,Recurring Deposit,1,0,0,0,0
C101130,Fuel Credit Card,1,1,0,0,0
C101130,Premium Banking Account,1,1,1,1,1
C101131,Personal Loan,1,1,0,0,0
C101131,Travel Credit Card,1,1,0,0,0
C101131,Cashback Credit Card,1,0,0,0,0
C101132,Investment Plan (Mutual Fund SIP),1,1,0,0,0
C101132,Cashback Credit Card,1,0,0,0,0
C101133,Recurring Deposit,1,0,0,0,0
C101134,Cashback Credit Card,1,0,0,0,0
C101134,Home Loan,1,1,1,1,1
C101135,Premium Credit Card,1,1,0,0,0
C101135,Recurring Deposit,1,0,0,0,0
C101135,Personal Loan,1,1,0,0,0
C101136,Investment Plan (Mutual Fund SIP),1,0,0,0,0
C101136,Term Insurance,1,1,1,1,1
C101136,Premium Banking Account,1,0,0,0,0
C101138,Cashback Credit Card,1,1,1,0,0
C101139,Premium Credit Card,1,0,0,0,0
C101139,Recurring Deposit,1,1,1,0,0
C101139,Fuel Credit Card,1,1,1,1,1
C101140,Premium Banking Account,1,1,0,0,0
C101140,Investment Plan (Mutual Fund SIP),1,1,0,0,0
C101140,Fuel Credit Card,1,0,0,0,0
C101140,Personal Loan,1,1,0,0,0
C101140,Travel Credit Card,1,1,0,0,0
C101141,Personal Loan,1,0,0,0,0
C101143,Home Loan,1,1,0,0,0
C101144,Fixed Deposit,1,0,0,0,0
C101144,Fuel Credit Card,1,1,0,0,0
C101144,Home Loan,1,0,0,0,0
C101144,Recurring Deposit,1,0,0,0,0
C101145,Home Loan,1,0,0,0,0
C101145,Fixed Deposit,1,0,0,0,0
C101145,Fuel Credit Card,1,1,1,0,0
C101145,Travel Credit Card,1,1,0,0,0
C101145,Premium Banking Account,1,0,0,0,0
C101146,Fuel Credit Card,1,0,0,0,0
C101146,Cashback Credit Card,1,1,1,1,1
C101146,Term Insurance,1,0,0,0,0
C101147,Personal Loan,1,1,0,0,0
C101147,Fuel Credit Card,1,0,0,0,0
C101147,Recurring Deposit,1,1,0,0,0
C101147,Premium Banking Account,1,0,0,0,0
C101147,Premium Credit Card,1,1,1,1,0
C101148,Fixed Deposit,1,1,0,0,0
C101150,Investment Plan (Mutual Fund SIP),1,1,1,1,1
C101151,Investment Plan (Mutual Fund SIP),1,1,0,0,0
C101151,Personal Loan,1,1,1,0,0
C101151,Recurring Deposit,1,1,0,0,0
C101151,Premium Credit Card,1,0,0,0,0
C101152,Recurring Deposit,1,0,0,0,0
C101152,Home Loan,1,1,0,0,0
C101152,Premium Credit Card,1,1,0,0,0
C101152,Fuel Credit Card,1,0,0,0,0
C101152,Cashback Credit Card,1,1,0,0,0
C101153,Cashback Credit Card,1,1,0,0,0
C101153,Personal Loan,1,1,1,1,1
C101153,Travel Credit Card,1,0,0,0,0
C101153,Premium Banking Account,1,1,0,0,0
C101154,Personal Loan,1,0,0,0,0
C101154,Recurring Deposit,1,1,0,0,0
C101154,Fixed Deposit,1,1,0,0,0
C101154,Travel Credit Card,1,0,0,0,0
C101155,Personal Loan,1,1,0,0,0
C101155,Premium Banking Account,1,1,0,0,0
C101155,Investment Plan (Mutual Fund SIP),1,0,0,0,0
C101156,Investment Plan (Mutual Fund SIP),1,0,0,0,0
C101156,Recurring Deposit,1,1,0,0,0
C101156,Cashback Credit Card,1,1,1,0,0
C101156,Premium Credit Card,1,1,0,0,0
C101157,Travel Credit Card,1,0,0,0,0
C101158,Personal Loan,1,1,1,0,0
C101158,Premium Banking Account,1,1,1,1,1
C101158,Term Insurance,1,0,0,0,0
C101158,Travel Credit Card,1,1,0,0,0
C101159,Home Loan,1,0,0,0,0
C101159,Travel Credit Card,1,1,1,1,1
C101159,Premium Banking Account,1,0,0,0,0
C101161,Fixed Deposit,1,0,0,0,0
C101163,Premium Banking Account,1,0,0,0,0
C101163,Recurring Deposit,1,1,1,1,1
C101163,Cashback Credit Card,1,1,1,1,1
C101163,Premium Credit Card,1,0,0,0,0
C101165,Premium Credit Card,1,0,0,0,0
C101165,Personal Loan,1,0,0,0,0
C101166,Cashback Credit Card,1,0,0,0,0
C101166,Fixed Deposit,1,1,0,0,0
C101166,Investment Plan (Mutual Fund SIP),1,1,0,0,0
C101166,Personal Loan,1,1,1,1,1
C101168,Cashback Credit Card,1,0,0,0,0
C101168,Personal Loan,1,0,0,0,0
C101168,Term Insurance,1,1,0,0,0
C101168,Investment Plan (Mutual Fund SIP),1,0,0,0,0
C101169,Investment Plan (Mutual Fund SIP),1,0,0,0,0
C101169,Cashback Credit Card,1,0,0,0,0
C101169,Home Loan,1,1,0,0,0
C101169,Fixed Deposit,1,1,0,0,0
C101169,Premium Banking Account,1,1,1,1,0
C101170,Investment Plan (Mutual Fund SIP),1,1,0,0,0
C101170,Home Loan,1,0,0,0,0
C101170,Fuel Credit Card,1,0,0,0,0
C101171,Investment Plan (Mutual Fund SIP),1,1,1,1,1
C101171,Cashback Credit Card,1,0,0,0,0
C101171,Recurring Deposit,1,0,0,0,0
C101173,Personal Loan,1,0,0,0,0
C101174,Premium Credit Card,1,0,0,0,0
C101174,Term Insurance,1,0,0,0,0
C101174,Premium Banking Account,1,1,0,0,0
C101175,Personal Loan,1,1,1,0,0
C101175,Fixed Deposit,1,1,1,1,1
C101175,Recurring Deposit,1,0,0,0,0
C101175,Travel Credit Card,1,0,0,0,0
C101176,Cashback Credit Card,1,1,0,0,0
C101177,Home Loan,1,1,0,0,0
C101177,Premium Banking Account,1,0,0,0,0
C101178,Premium Banking Account,1,0,0,0,0
C101179,Investment Plan (Mutual Fund SIP),1,1,1,1,1
C101179,Fixed Deposit,1,0,0,0,0
C101179,Travel Credit Card,1,0,0,0,0
C101179,Home Loan,1,0,0,0,0
C101180,Travel Credit Card,1,1,0,0,0
C101180,Fuel Credit Card,1,1,1,1,1
C101180,Personal Loan,1,1,1,0,0
C101181,Investment Plan (Mutual Fund SIP),1,1,0,0,0
C101181,Travel Credit Card,1,0,0,0,0
C101181,Personal Loan,1,1,0,0,0
C101181,Premium Banking Account,1,1,1,0,0
C101181,Term Insurance,1,0,0,0,0
C101182,Fixed Deposit,1,0,0,0,0
C101182,Travel Credit Card,1,1,0,0,0
C101182,Recurring Deposit,1,0,0,0,0
C101182,Premium Banking Account,1,1,1,1,1
C101183,Travel Credit Card,1,0,0,0,0
C101185,Cashback Credit Card,1,1,0,0,0
C101185,Recurring Deposit,1,0,0,0,0
C101185,Travel Credit Card,1,1,0,0,0
C101185,Investment Plan (Mutual Fund SIP),1,0,0,0,0
C101185,Fixed Deposit,1,1,0,0,0
C101186,Fixed Deposit,1,0,0,0,0
C101186,Term Insurance,1,1,0,0,0
C101186,Home Loan,1,0,0,0,0
C101186,Personal Loan,1,1,0,0,0
C101186,Cashback Credit Card,1,1,1,0,0
C101188,Personal Loan,1,0,0,0,0
C101188,Home Loan,1,0,0,0,0
C101188,Recurring Deposit,1,1,0,0,0
C101188,Travel Credit Card,1,1,0,0,0
C101188,Fixed Deposit,1,1,0,0,0
C101190,Cashback Credit Card,1,0,0,0,0
C101190,Personal Loan,1,0,0,0,0
C101191,Premium Banking Account,1,1,0,0,0
C101191,Home Loan,1,1,1,1,1
C101192,Home Loan,1,0,0,0,0
C101192,Premium Banking Account,1,1,1,1,1
C101193,Home Loan,1,0,0,0,0
C101193,Premium Banking Account,1,1,0,0,0
C101193,Travel Credit Card,1,1,0,0,0
C101194,Term Insurance,1,0,0,0,0
C101194,Premium Banking Account,1,1,1,1,1
C101194,Recurring Deposit,1,0,0,0,0
C101194,Premium Credit Card,1,0,0,0,0
C101194,Personal Loan,1,1,0,0,0
C101195,Personal Loan,1,1,0,0,0
C101196,Fixed Deposit,1,1,0,0,0
C101196,Travel Credit Card,1,1,0,0,0
C101196,Premium Credit Card,1,0,0,0,0
C101196,Investment Plan (Mutual Fund SIP),1,0,0,0,0
C101197,Personal Loan,1,0,0,0,0
C101197,Term Insurance,1,0,0,0,0
C101197,Premium Banking Account,1,1,0,0,0
C101197,Travel Credit Card,1,0,0,0,0
C101197,Cashback Credit Card,1,0,0,0,0
C101198,Cashback Credit Card,1,1,0,0,0
C101198,Investment Plan (Mutual Fund SIP),1,1,1,0,0
C101198,Fixed Deposit,1,0,0,0,0
C101198,Recurring Deposit,1,0,0,0,0
C101199,Term Insurance,1,1,0,0,0
C101199,Investment Plan (Mutual Fund SIP),1,1,0,0,0
C101200,Travel Credit Card,1,0,0,0,0
C101200,Investment Plan (Mutual Fund SIP),1,1,0,0,0
C101201,Fixed Deposit,1,1,0,0,0
C101202,Term Insurance,1,0,0,0,0
C101202,Travel Credit Card,1,1,1,0,0
C101203,Personal Loan,1,0,0,0,0
C101203,Term Insurance,1,1,0,0,0
C101203,Fuel Credit Card,1,1,0,0,0
C101204,Fixed Deposit,1,1,1,1,1
C101204,Premium Banking Account,1,1,1,1,0
C101206,Term Insurance,1,0,0,0,0
C101206,Recurring Deposit,1,0,0,0,0
C101206,Premium Credit Card,1,0,0,0,0
C101207,Recurring Deposit,1,0,0,0,0
C101207,Premium Banking Account,1,1,0,0,0
C101207,Travel Credit Card,1,0,0,0,0
C101209,Premium Credit Card,1,1,0,0,0
C101210,Cashback Credit Card,1,1,0,0,0
C101210,Fuel Credit Card,1,0,0,0,0
C101210,Premium Credit Card,1,1,1,0,0
C101210,Recurring Deposit,1,0,0,0,0
C101210,Term Insurance,1,1,0,0,0
C101211,Premium Banking Account,1,0,0,0,0
C101211,Recurring Deposit,1,1,1,1,1
C101213,Personal Loan,1,1,1,0,0
C101215,Recurring Deposit,1,0,0,0,0
C101215,Cashback Credit Card,1,0,0,0,0
C101215,Travel Credit Card,1,1,0,0,0
C101215,Home Loan,1,1,1,1,1
C101216,Fixed Deposit,1,0,0,0,0
C101216,Personal Loan,1,1,1,1,1
C101216,Premium Banking Account,1,0,0,0,0
C101217,Travel Credit Card,1,0,0,0,0
C101218,Premium Credit Card,1,1,0,0,0
C101218,Fuel Credit Card,1,1,0,0,0
C101218,Home Loan,1,0,0,0,0
C101218,Investment Plan (Mutual Fund SIP),1,0,0,0,0
C101219,Recurring Deposit,1,1,0,0,0
C101219,Investment Plan (Mutual Fund SIP),1,0,0,0,0
C101220,Premium Credit Card,1,1,0,0,0
C101220,Personal Loan,1,0,0,0,0
C101221,Recurring Deposit,1,0,0,0,0
C101221,Premium Credit Card,1,1,0,0,0
C101221,Cashback Credit Card,1,1,0,0,0
C101223,Term Insurance,1,1,1,1,1
C101223,Premium Banking Account,1,1,0,0,0
C101223,Home Loan,1,1,0,0,0
C101224,Recurring Deposit,1,0,0,0,0
C101225,Recurring Deposit,1,1,0,0,0
C101225,Investment Plan (Mutual Fund SIP),1,1,1,0,0
C101225,Fuel Credit Card,1,1,0,0,0
C101225,Cashback Credit Card,1,0,0,0,0
C101226,Fixed Deposit,1,0,0,0,0
C101226,Premium Credit Card,1,1,1,1,1
C101226,Cashback Credit Card,1,0,0,0,0
C101227,Investment Plan (Mutual Fund SIP),1,1,0,0,0
C101227,Travel Credit Card,1,1,0,0,0
C101227,Cashback Credit Card,1,1,0,0,0
C101227,Personal Loan,1,0,0,0,0
C101227,Home Loan,1,1,0,0,0
C101228,Travel Credit Card,1,1,0,0,0
C101229,Home Loan,1,1,0,0,0
C101229,Premium Credit Card,1,1,0,0,0
C101229,Fuel Credit Card,1,0,0,0,0
C101231,Fuel Credit Card,1,1,0,0,0
C101231,Premium Credit Card,1,0,0,0,0
C101231,Cashback Credit Card,1,0,0,0,0
C101231,Investment Plan (Mutual Fund SIP),1,0,0,0,0
C101232,Personal Loan,1,0,0,0,0
C101232,Term Insurance,1,0,0,0,0
C101232,Recurring Deposit,1,0,0,0,0
C101232,Home Loan,1,1,0,0,0
C101233,Investment Plan (Mutual Fund SIP),1,1,1,0,0
C101233,Premium Credit Card,1,1,1,0,0
C101233,Fixed Deposit,1,1,0,0,0
C101233,Home Loan,1,1,0,0,0
C101233,Cashback Credit Card,1,0,0,0,0
C101235,Premium Credit Card,1,0,0,0,0
C101235,Cashback Credit Card,1,0,0,0,0
C101236,Fuel Credit Card,1,1,1,1,0
C101236,Home Loan,1,0,0,0,0
C101237,Travel Credit Card,1,1,0,0,0
C101239,Term Insurance,1,0,0,0,0
C101239,Home Loan,1,1,0,0,0
C101240,Travel Credit Card,1,0,0,0,0
C101240,Premium Credit Card,1,0,0,0,0
C101240,Premium Banking Account,1,0,0,0,0
C101240,Recurring Deposit,1,1,0,0,0
C101242,Investment Plan (Mutual Fund SIP),1,1,0,0,0
C101242,Home Loan,1,0,0,0,0
C101242,Recurring Deposit,1,0,0,0,0
C101242,Term Insurance,1,1,1,1,0
C101243,Premium Credit Card,1,0,0,0,0
C101243,Investment Plan (Mutual Fund SIP),1,1,0,0,0
C101243,Term Insurance,1,1,0,0,0
C101243,Personal Loan,1,0,0,0,0
C101243,Premium Banking Account,1,1,0,0,0
C101244,Investment Plan (Mutual Fund SIP),1,0,0,0,0
C101244,Recurring Deposit,1,1,0,0,0
C101244,Premium Banking Account,1,1,0,0,0
C101246,Investment Plan (Mutual Fund SIP),1,1,0,0,0
C101246,Recurring Deposit,1,0,0,0,0
C101246,Fuel Credit Card,1,0,0,0,0
C101247,Term Insurance,1,1,0,0,0
C101248,Term Insurance,1,1,0,0,0
C101248,Personal Loan,1,0,0,0,0
C101248,Premium Banking Account,1,0,0,0,0
C101248,Fuel Credit Card,1,1,0,0,0
C101248,Home Loan,1,0,0,0,0
C101249,Recurring Deposit,1,0,0,0,0
C101250,Premium Credit Card,1,1,0,0,0
C101251,Travel Credit Card,1,0,0,0,0
C101251,Personal Loan,1,1,1,1,1
C101251,Home Loan,1,1,0,0,0
C101252,Home Loan,1,0,0,0,0
C101253,Recurring Deposit,1,0,0,0,0
C101253,Investment Plan (Mutual Fund SIP),1,0,0,0,0
C101253,Travel Credit Card,1,0,0,0,0
C101254,Personal Loan,1,1,0,0,0
C101254,Fuel Credit Card,1,1,1,1,1
C101254,Travel Credit Card,1,1,0,0,0
C101255,Premium Banking Account,1,1,0,0,0
C101255,Personal Loan,1,1,1,1,1
C101255,Cashback Credit Card,1,0,0,0,0
C101255,Premium Credit Card,1,0,0,0,0
C101256,Premium Credit Card,1,0,0,0,0
C101256,Fuel Credit Card,1,0,0,0,0
C101256,Fixed Deposit,1,0,0,0,0
C101256,Cashback Credit Card,1,0,0,0,0
C101256,Term Insurance,1,1,1,1,0
C101258,Cashback Credit Card,1,1,0,0,0
C101258,Fixed Deposit,1,0,0,0,0
C101258,Travel Credit Card,1,0,0,0,0
C101258,Fuel Credit Card,1,1,0,0,0
C101260,Premium Credit Card,1,1,1,1,1
C101261,Home Loan,1,1,1,1,1
C101261,Personal Loan,1,1,0,0,0
C101261,Investment Plan (Mutual Fund SIP),1,0,0,0,0
C101261,Term Insurance,1,1,1,1,1
C101261,Travel Credit Card,1,0,0,0,0
C101262,Home Loan,1,0,0,0,0
C101262,Investment Plan (Mutual Fund SIP),1,0,0,0,0
C101263,Fixed Deposit,1,0,0,0,0
C101264,Home Loan,1,1,0,0,0
C101265,Cashback Credit Card,1,1,0,0,0
C101265,Fixed Deposit,1,0,0,0,0
C101265,Term Insurance,1,1,0,0,0
C101265,Investment Plan (Mutual Fund SIP),1,1,0,0,0
C101268,Fuel Credit Card,1,0,0,0,0
C101268,Personal Loan,1,1,0,0,0
C101268,Fixed Deposit,1,1,0,0,0
C101268,Cashback Credit Card,1,0,0,0,0
C101268,Recurring Deposit,1,1,0,0,0
C101269,Fixed Deposit,1,0,0,0,0
C101269,Personal Loan,1,0,0,0,0
C101270,Travel Credit Card,1,1,0,0,0
C101270,Home Loan,1,0,0,0,0
C101270,Fuel Credit Card,1,1,0,0,0
C101270,Cashback Credit Card,1,1,0,0,0
C101271,Cashback Credit Card,1,0,0,0,0
C101271,Home Loan,1,0,0,0,0
C101271,Recurring Deposit,1,0,0,0,0
C101272,Cashback Credit Card,1,1,1,1,1
C101272,Personal Loan,1,0,0,0,0
C101272,Premium Credit Card,1,1,1,1,1
C101272,Travel Credit Card,1,0,0,0,0
C101273,Premium Credit Card,1,1,1,0,0
C101273,Fuel Credit Card,1,0,0,0,0
C101273,Home Loan,1,0,0,0,0
C101274,Investment Plan (Mutual Fund SIP),1,1,0,0,0
C101274,Recurring Deposit,1,1,1,1,0
C101274,Fuel Credit Card,1,0,0,0,0
C101274,Premium Credit Card,1,1,0,0,0
C101274,Fixed Deposit,1,0,0,0,0
C101277,Term Insurance,1,1,1,0,0
C101279,Home Loan,1,0,0,0,0
C101279,Term Insurance,1,0,0,0,0
C101279,Fixed Deposit,1,0,0,0,0
C101279,Personal Loan,1,1,1,0,0
C101280,Cashback Credit Card,1,1,0,0,0
C101280,Premium Credit Card,1,1,0,0,0
C101280,Home Loan,1,1,0,0,0
C101280,Fuel Credit Card,1,1,1,0,0
C101280,Travel Credit Card,1,0,0,0,0
C101281,Premium Credit Card,1,1,1,1,1
C101281,Premium Banking Account,1,0,0,0,0
C101281,Personal Loan,1,0,0,0,0
C101282,Premium Banking Account,1,0,0,0,0
C101283,Term Insurance,1,1,0,0,0
C101284,Travel Credit Card,1,0,0,0,0
C101284,Fuel Credit Card,1,1,1,1,1
C101284,Personal Loan,1,1,0,0,0
C101284,Term Insurance,1,1,0,0,0
C101284,Premium Banking Account,1,1,0,0,0
C101285,Recurring Deposit,1,1,0,0,0
C101285,Fuel Credit Card,1,1,0,0,0
C101285,Travel Credit Card,1,0,0,0,0
C101285,Personal Loan,1,1,0,0,0
C101286,Travel Credit Card,1,0,0,0,0
C101286,Recurring Deposit,1,1,0,0,0
C101286,Premium Banking Account,1,0,0,0,0
C101286,Fuel Credit Card,1,1,0,0,0
C101286,Investment Plan (Mutual Fund SIP),1,0,0,0,0
C101288,Fixed Deposit,1,0,0,0,0
C101288,Travel Credit Card,1,1,0,0,0
C101288,Investment Plan (Mutual Fund SIP),1,1,0,0,0
C101288,Personal Loan,1,0,0,0,0
C101288,Home Loan,1,1,0,0,0
C101291,Term Insurance,1,0,0,0,0
C101292,Recurring Deposit,1,1,1,1,1
C101292,Premium Banking Account,1,0,0,0,0
C101292,Cashback Credit Card,1,0,0,0,0
C101292,Personal Loan,1,0,0,0,0
C101293,Personal Loan,1,1,0,0,0
C101293,Travel Credit Card,1,0,0,0,0
C101293,Home Loan,1,0,0,0,0
C101294,Home Loan,1,1,0,0,0
C101294,Fixed Deposit,1,0,0,0,0
C101294,Cashback Credit Card,1,0,0,0,0
C101295,Cashback Credit Card,1,1,0,0,0
C101295,Premium Banking Account,1,1,0,0,0
C101295,Recurring Deposit,1,0,0,0,0
C101295,Fixed Deposit,1,0,0,0,0
C101295,Home Loan,1,0,0,0,0
C101296,Home Loan,1,0,0,0,0
C101296,Fuel Credit Card,1,0,0,0,0
C101296,Fixed Deposit,1,1,0,0,0
C101296,Premium Banking Account,1,0,0,0,0
C101297,Personal Loan,1,0,0,0,0
C101297,Term Insurance,1,0,0,0,0
C101297,Home Loan,1,0,0,0,0
C101298,Term Insurance,1,0,0,0,0
C101298,Personal Loan,1,0,0,0,0
C101298,Investment Plan (Mutual Fund SIP),1,1,0,0,0
C101298,Premium Credit Card,1,1,0,0,0
C101298,Premium Banking Account,1,0,0,0,0
C101299,Travel Credit Card,1,1,0,0,0
C101299,Term Insurance,1,1,0,0,0
C101299,Recurring Deposit,1,1,1,0,0
C101299,Cashback Credit Card,1,1,0,0,0
C101299,Personal Loan,1,1,0,0,0
C101301,Travel Credit Card,1,1,0,0,0
C101301,Term Insurance,1,1,0,0,0
C101303,Recurring Deposit,1,0,0,0,0
C101303,Premium Credit Card,1,0,0,0,0
C101303,Fuel Credit Card,1,1,1,1,1
C101305,Fixed Deposit,1,1,1,1,1
C101305,Recurring Deposit,1,1,0,0,0
C101305,Cashback Credit Card,1,1,0,0,0
C101306,Premium Banking Account,1,0,0,0,0
C101306,Personal Loan,1,0,0,0,0
C101306,Home Loan,1,0,0,0,0
C101307,Fuel Credit Card,1,0,0,0,0
C101307,Premium Credit Card,1,0,0,0,0
C101308,Premium Credit Card,1,1,0,0,0
C101308,Premium Banking Account,1,1,0,0,0
C101308,Recurring Deposit,1,1,1,1,1
C101309,Travel Credit Card,1,0,0,0,0
C101309,Recurring Deposit,1,1,1,1,1
C101309,Home Loan,1,1,0,0,0
C101310,Premium Banking Account,1,0,0,0,0
C101310,Fuel Credit Card,1,1,0,0,0
C101310,Investment Plan (Mutual Fund SIP),1,1,0,0,0
C101310,Cashback Credit Card,1,1,0,0,0
C101310,Premium Credit Card,1,1,1,1,0
C101311,Premium Banking Account,1,1,1,1,1
C101311,Home Loan,1,1,1,1,1
C101311,Fixed Deposit,1,1,1,1,0
C101312,Fuel Credit Card,1,0,0,0,0
C101312,Travel Credit Card,1,0,0,0,0
C101312,Cashback Credit Card,1,0,0,0,0
C101313,Fuel Credit Card,1,1,0,0,0
C101313,Premium Banking Account,1,1,0,0,0
C101313,Premium Credit Card,1,1,0,0,0
C101313,Term Insurance,1,1,0,0,0
C101314,Premium Credit Card,1,1,0,0,0
C101314,Personal Loan,1,1,1,1,1
C101315,Travel Credit Card,1,1,1,1,1
C101315,Home Loan,1,1,0,0,0
C101315,Investment Plan (Mutual Fund SIP),1,1,0,0,0
C101315,Fixed Deposit,1,0,0,0,0
C101315,Premium Banking Account,1,1,0,0,0
C101316,Cashback Credit Card,1,1,0,0,0
C101316,Personal Loan,1,0,0,0,0
C101316,Home Loan,1,1,1,1,1
C101317,Premium Banking Account,1,1,0,0,0
C101317,Personal Loan,1,1,0,0,0
C101317,Term Insurance,1,1,0,0,0
C101317,Home Loan,1,0,0,0,0
C101318,Term Insurance,1,1,0,0,0
C101318,Home Loan,1,1,0,0,0
C101318,Personal Loan,1,1,0,0,0
C101320,Term Insurance,1,0,0,0,0
C101321,Premium Credit Card,1,0,0,0,0
C101321,Term Insurance,1,1,1,0,0
C101322,Premium Banking Account,1,0,0,0,0
C101322,Premium Credit Card,1,0,0,0,0
C101323,Travel Credit Card,1,1,0,0,0
C101323,Fixed Deposit,1,0,0,0,0
C101324,Personal Loan,1,0,0,0,0
C101325,Personal Loan,1,0,0,0,0
C101326,Cashback Credit Card,1,1,0,0,0
C101326,Personal Loan,1,0,0,0,0
C101327,Fuel Credit Card,1,1,1,0,0
C101327,Premium Credit Card,1,1,1,1,1
C101327,Cashback Credit Card,1,1,1,1,0
C101328,Home Loan,1,1,1,1,1
C101328,Term Insurance,1,1,1,0,0
C101330,Travel Credit Card,1,0,0,0,0
C101330,Premium Banking Account,1,1,0,0,0
C101331,Home Loan,1,1,0,0,0
C101332,Cashback Credit Card,1,0,0,0,0
C101333,Personal Loan,1,0,0,0,0
C101333,Investment Plan (Mutual Fund SIP),1,0,0,0,0
C101333,Travel Credit Card,1,0,0,0,0
C101335,Recurring Deposit,1,1,0,0,0
C101335,Fuel Credit Card,1,1,1,1,1
C101335,Fixed Deposit,1,0,0,0,0
C101335,Travel Credit Card,1,1,0,0,0
C101335,Personal Loan,1,0,0,0,0
C101337,Recurring Deposit,1,1,0,0,0
C101337,Travel Credit Card,1,1,0,0,0
C101338,Travel Credit Card,1,0,0,0,0
C101338,Home Loan,1,1,0,0,0
C101338,Cashback Credit Card,1,1,1,1,1
C101339,Home Loan,1,1,1,1,0
C101339,Fixed Deposit,1,1,0,0,0
C101339,Investment Plan (Mutual Fund SIP),1,1,1,1,0
C101339,Fuel Credit Card,1,1,0,0,0
C101339,Cashback Credit Card,1,0,0,0,0
C101340,Cashback Credit Card,1,0,0,0,0
C101341,Recurring Deposit,1,0,0,0,0
C101341,Fuel Credit Card,1,0,0,0,0
C101341,Premium Banking Account,1,1,1,1,1
C101341,Investment Plan (Mutual Fund SIP),1,1,0,0,0
C101341,Premium Credit Card,1,1,0,0,0
C101342,Premium Credit Card,1,1,0,0,0
C101343,Term Insurance,1,1,0,0,0
C101343,Recurring Deposit,1,0,0,0,0
C101344,Travel Credit Card,1,0,0,0,0
C101344,Recurring Deposit,1,0,0,0,0
C101344,Home Loan,1,1,0,0,0
C101344,Personal Loan,1,1,0,0,0
C101344,Investment Plan (Mutual Fund SIP),1,1,0,0,0
C101345,Investment Plan (Mutual Fund SIP),1,1,1,0,0
C101345,Cashback Credit Card,1,0,0,0,0
C101345,Term Insurance,1,0,0,0,0
C101345,Personal Loan,1,1,0,0,0
C101346,Travel Credit Card,1,1,0,0,0
C101346,Recurring Deposit,1,1,1,1,1
C101347,Home Loan,1,1,0,0,0
C101347,Term Insurance,1,0,0,0,0
C101347,Personal Loan,1,1,0,0,0
C101347,Travel Credit Card,1,0,0,0,0
C101348,Home Loan,1,1,1,1,1
C101348,Recurring Deposit,1,1,1,0,0
C101348,Term Insurance,1,0,0,0,0
C101348,Personal Loan,1,1,1,0,0
C101348,Fixed Deposit,1,0,0,0,0
C101349,Fixed Deposit,1,1,0,0,0
C101349,Cashback Credit Card,1,0,0,0,0
C101350,Investment Plan (Mutual Fund SIP),1,0,0,0,0
C101351,Premium Credit Card,1,0,0,0,0
C101352,Cashback Credit Card,1,0,0,0,0
C101352,Personal Loan,1,1,0,0,0
C101352,Premium Banking Account,1,0,0,0,0
C101352,Recurring Deposit,1,0,0,0,0
C101352,Fixed Deposit,1,1,0,0,0
C101353,Personal Loan,1,1,0,0,0
C101353,Cashback Credit Card,1,0,0,0,0
C101354,Personal Loan,1,1,0,0,0
C101355,Cashback Credit Card,1,0,0,0,0
C101355,Travel Credit Card,1,0,0,0,0
C101355,Recurring Deposit,1,1,0,0,0
C101356,Premium Credit Card,1,1,1,1,1
C101356,Premium Banking Account,1,1,1,1,1
C101357,Cashback Credit Card,1,1,0,0,0
C101357,Personal Loan,1,1,1,0,0
C101357,Premium Banking Account,1,0,0,0,0
C101358,Premium Credit Card,1,0,0,0,0
C101358,Cashback Credit Card,1,0,0,0,0
C101358,Fixed Deposit,1,0,0,0,0
C101358,Investment Plan (Mutual Fund SIP),1,0,0,0,0
C101358,Term Insurance,1,0,0,0,0
C101359,Investment Plan (Mutual Fund SIP),1,1,0,0,0
C101359,Personal Loan,1,0,0,0,0
C101359,Home Loan,1,0,0,0,0
C101360,Fixed Deposit,1,1,0,0,0
C101360,Premium Credit Card,1,1,1,1,1
C101360,Recurring Deposit,1,1,1,0,0
C101361,Fixed Deposit,1,1,0,0,0
C101361,Recurring Deposit,1,0,0,0,0
C101361,Home Loan,1,1,0,0,0
C101361,Term Insurance,1,1,0,0,0
C101361,Personal Loan,1,1,1,1,0
C101362,Travel Credit Card,1,0,0,0,0
C101363,Cashback Credit Card,1,0,0,0,0
C101364,Premium Credit Card,1,1,1,1,1
C101364,Fuel Credit Card,1,0,0,0,0
C101364,Term Insurance,1,1,1,0,0
C101366,Investment Plan (Mutual Fund SIP),1,0,0,0,0
C101366,Recurring Deposit,1,0,0,0,0
C101367,Term Insurance,1,0,0,0,0
C101369,Premium Credit Card,1,1,0,0,0
C101369,Fuel Credit Card,1,1,1,0,0
C101369,Cashback Credit Card,1,1,0,0,0
C101370,Travel Credit Card,1,1,0,0,0
C101370,Personal Loan,1,0,0,0,0
C101370,Fuel Credit Card,1,1,0,0,0
C101370,Term Insurance,1,1,0,0,0
C101371,Investment Plan (Mutual Fund SIP),1,1,0,0,0
C101371,Travel Credit Card,1,0,0,0,0
C101371,Personal Loan,1,1,1,1,1
C101372,Premium Banking Account,1,1,1,1,1
C101372,Fixed Deposit,1,1,1,0,0
C101372,Fuel Credit Card,1,0,0,0,0
C101372,Investment Plan (Mutual Fund SIP),1,1,0,0,0
C101375,Fixed Deposit,1,1,0,0,0
C101375,Fuel Credit Card,1,1,0,0,0
C101375,Investment Plan (Mutual Fund SIP),1,1,1,1,1
C101376,Home Loan,1,0,0,0,0
C101376,Recurring Deposit,1,0,0,0,0
C101376,Personal Loan,1,1,0,0,0
C101376,Cashback Credit Card,1,0,0,0,0
C101377,Term Insurance,1,1,0,0,0
C101377,Investment Plan (Mutual Fund SIP),1,0,0,0,0
C101377,Recurring Deposit,1,1,0,0,0
C101377,Premium Credit Card,1,1,0,0,0
C101378,Premium Banking Account,1,0,0,0,0
C101379,Fuel Credit Card,1,1,0,0,0
C101379,Recurring Deposit,1,1,1,1,1
C101379,Cashback Credit Card,1,0,0,0,0
C101379,Home Loan,1,1,0,0,0
C101379,Fixed Deposit,1,0,0,0,0
C101380,Premium Banking Account,1,0,0,0,0
C101381,Investment Plan (Mutual Fund SIP),1,1,0,0,0
C101381,Travel Credit Card,1,1,0,0,0
C101381,Term Insurance,1,0,0,0,0
C101382,Travel Credit Card,1,0,0,0,0
C101382,Premium Banking Account,1,1,0,0,0
C101382,Term Insurance,1,1,0,0,0
C101382,Fuel Credit Card,1,1,0,0,0
C101383,Home Loan,1,1,1,0,0
C101383,Travel Credit Card,1,0,0,0,0
C101384,Premium Banking Account,1,1,1,1,1
C101384,Home Loan,1,0,0,0,0
C101384,Personal Loan,1,0,0,0,0
C101384,Investment Plan (Mutual Fund SIP),1,0,0,0,0
C101384,Term Insurance,1,1,1,0,0
C101385,Fuel Credit Card,1,0,0,0,0
C101385,Fixed Deposit,1,0,0,0,0
C101385,Travel Credit Card,1,0,0,0,0
C101387,Travel Credit Card,1,1,1,1,1
C101387,Fixed Deposit,1,0,0,0,0
C101387,Premium Credit Card,1,1,1,1,1
C101387,Investment Plan (Mutual Fund SIP),1,0,0,0,0
C101388,Fixed Deposit,1,1,0,0,0
C101388,Investment Plan (Mutual Fund SIP),1,0,0,0,0
C101388,Home Loan,1,0,0,0,0
C101389,Cashback Credit Card,1,1,0,0,0
C101389,Fixed Deposit,1,1,0,0,0
C101389,Home Loan,1,1,0,0,0
C101389,Investment Plan (Mutual Fund SIP),1,0,0,0,0
C101390,Cashback Credit Card,1,1,0,0,0
C101391,Fuel Credit Card,1,0,0,0,0
C101391,Personal Loan,1,1,0,0,0
C101391,Recurring Deposit,1,1,0,0,0
C101391,Home Loan,1,1,0,0,0
C101392,Recurring Deposit,1,1,0,0,0
C101392,Fixed Deposit,1,1,1,1,1
C101392,Premium Banking Account,1,1,0,0,0
C101393,Recurring Deposit,1,1,0,0,0
C101393,Investment Plan (Mutual Fund SIP),1,1,0,0,0
C101393,Premium Credit Card,1,0,0,0,0
C101393,Travel Credit Card,1,0,0,0,0
C101394,Fixed Deposit,1,0,0,0,0
C101394,Travel Credit Card,1,0,0,0,0
C101395,Premium Credit Card,1,0,0,0,0
C101395,Home Loan,1,0,0,0,0
C101395,Term Insurance,1,1,0,0,0
C101396,Investment Plan (Mutual Fund SIP),1,1,1,1,0
C101396,Fixed Deposit,1,0,0,0,0
C101396,Personal Loan,1,0,0,0,0
C101396,Cashback Credit Card,1,1,0,0,0
C101396,Fuel Credit Card,1,0,0,0,0
C101397,Travel Credit Card,1,1,0,0,0
C101397,Premium Banking Account,1,0,0,0,0
C101399,Investment Plan (Mutual Fund SIP),1,1,0,0,0
C101399,Home Loan,1,1,0,0,0
C101400,Fuel Credit Card,1,1,1,0,0
C101401,Investment Plan (Mutual Fund SIP),1,1,1,1,1
C101401,Premium Credit Card,1,1,1,1,1
C101401,Fuel Credit Card,1,1,0,0,0
C101401,Home Loan,1,1,0,0,0
C101402,Premium Banking Account,1,1,0,0,0
C101402,Fixed Deposit,1,1,0,0,0
C101402,Term Insurance,1,1,1,1,0
C101403,Recurring Deposit,1,1,0,0,0
C101403,Premium Credit Card,1,1,0,0,0
C101403,Home Loan,1,1,0,0,0
C101403,Investment Plan (Mutual Fund SIP),1,1,0,0,0
C101404,Cashback Credit Card,1,0,0,0,0
C101404,Premium Credit Card,1,1,0,0,0
C101404,Fuel Credit Card,1,0,0,0,0
C101405,Travel Credit Card,1,0,0,0,0
C101405,Fuel Credit Card,1,1,0,0,0
C101407,Fixed Deposit,1,1,1,0,0
C101407,Premium Credit Card,1,0,0,0,0
C101407,Investment Plan (Mutual Fund SIP),1,0,0,0,0
C101407,Travel Credit Card,1,1,0,0,0
C101407,Premium Banking Account,1,0,0,0,0
C101408,Cashback Credit Card,1,0,0,0,0
C101408,Travel Credit Card,1,0,0,0,0
C101409,Travel Credit Card,1,0,0,0,0
C101409,Cashback Credit Card,1,1,1,1,1
C101409,Fuel Credit Card,1,1,0,0,0
C101409,Premium Credit Card,1,0,0,0,0
C101410,Home Loan,1,0,0,0,0
C101410,Term Insurance,1,1,0,0,0
C101410,Travel Credit Card,1,1,0,0,0
C101410,Investment Plan (Mutual Fund SIP),1,0,0,0,0
C101410,Fuel Credit Card,1,1,0,0,0
C101411,Home Loan,1,0,0,0,0
C101411,Investment Plan (Mutual Fund SIP),1,0,0,0,0
C101411,Personal Loan,1,1,1,1,1
C101412,Premium Banking Account,1,1,1,1,1
C101412,Recurring Deposit,1,1,0,0,0
C101413,Personal Loan,1,0,0,0,0
C101413,Term Insurance,1,0,0,0,0
C101413,Home Loan,1,0,0,0,0
C101413,Recurring Deposit,1,1,1,1,1
C101413,Fixed Deposit,1,0,0,0,0
C101414,Home Loan,1,1,1,1,1
C101414,Premium Credit Card,1,0,0,0,0
C101414,Travel Credit Card,1,1,0,0,0
C101414,Fuel Credit Card,1,0,0,0,0
C101414,Personal Loan,1,0,0,0,0
C101415,Premium Banking Account,1,0,0,0,0
C101415,Fixed Deposit,1,1,0,0,0
C101417,Premium Credit Card,1,1,1,1,1
C101417,Recurring Deposit,1,0,0,0,0
C101417,Home Loan,1,1,0,0,0
C101418,Recurring Deposit,1,1,0,0,0
C101418,Investment Plan (Mutual Fund SIP),1,1,0,0,0
C101418,Fuel Credit Card,1,1,1,0,0
C101418,Cashback Credit Card,1,0,0,0,0
C101418,Fixed Deposit,1,1,0,0,0
C101419,Fixed Deposit,1,1,1,0,0
C101419,Premium Banking Account,1,0,0,0,0
C101419,Cashback Credit Card,1,1,1,0,0
C101420,Premium Banking Account,1,0,0,0,0
C101420,Term Insurance,1,0,0,0,0
C101420,Fuel Credit Card,1,0,0,0,0
C101420,Cashback Credit Card,1,0,0,0,0
C101420,Investment Plan (Mutual Fund SIP),1,1,0,0,0
C101421,Home Loan,1,1,1,1,1
C101421,Premium Credit Card,1,0,0,0,0
C101421,Premium Banking Account,1,1,0,0,0
C101421,Investment Plan (Mutual Fund SIP),1,1,1,0,0
C101422,Recurring Deposit,1,1,0,0,0
C101423,Fuel Credit Card,1,1,0,0,0
C101423,Cashback Credit Card,1,1,1,0,0
C101423,Home Loan,1,1,0,0,0
C101423,Investment Plan (Mutual Fund SIP),1,1,0,0,0
C101425,Fuel Credit Card,1,1,0,0,0
C101426,Fixed Deposit,1,1,0,0,0
C101429,Fuel Credit Card,1,1,0,0,0
C101430,Term Insurance,1,0,0,0,0
C101431,Cashback Credit Card,1,0,0,0,0
C101431,Premium Credit Card,1,0,0,0,0
C101431,Personal Loan,1,1,0,0,0
C101432,Premium Credit Card,1,0,0,0,0
C101432,Premium Banking Account,1,1,0,0,0
C101432,Personal Loan,1,1,1,0,0
C101432,Term Insurance,1,0,0,0,0
C101433,Fuel Credit Card,1,1,0,0,0
C101434,Home Loan,1,1,0,0,0
C101435,Term Insurance,1,0,0,0,0
C101436,Cashback Credit Card,1,0,0,0,0
C101439,Premium Credit Card,1,1,0,0,0
C101439,Personal Loan,1,0,0,0,0
C101439,Premium Banking Account,1,1,1,0,0
C101442,Fuel Credit Card,1,0,0,0,0
C101442,Premium Credit Card,1,1,1,1,1
C101443,Fixed Deposit,1,0,0,0,0
C101443,Term Insurance,1,0,0,0,0
C101443,Home Loan,1,1,0,0,0
C101443,Recurring Deposit,1,0,0,0,0
C101443,Travel Credit Card,1,1,0,0,0
C101444,Recurring Deposit,1,1,0,0,0
C101445,Term Insurance,1,1,0,0,0
C101445,Travel Credit Card,1,1,0,0,0
C101445,Personal Loan,1,1,0,0,0
C101445,Premium Banking Account,1,0,0,0,0
C101445,Premium Credit Card,1,1,0,0,0
C101446,Premium Credit Card,1,0,0,0,0
C101446,Investment Plan (Mutual Fund SIP),1,1,0,0,0
C101446,Fixed Deposit,1,1,0,0,0
C101446,Cashback Credit Card,1,0,0,0,0
C101446,Premium Banking Account,1,0,0,0,0
C101447,Premium Banking Account,1,1,0,0,0
C101447,Personal Loan,1,1,0,0,0
C101447,Travel Credit Card,1,1,1,0,0
C101447,Cashback Credit Card,1,0,0,0,0
C101447,Recurring Deposit,1,0,0,0,0
C101449,Recurring Deposit,1,1,0,0,0
C101449,Fixed Deposit,1,0,0,0,0
C101450,Cashback Credit Card,1,1,0,0,0
C101450,Fixed Deposit,1,1,1,0,0
C101450,Recurring Deposit,1,1,0,0,0
C101450,Travel Credit Card,1,1,1,0,0
C101451,Home Loan,1,1,1,1,1
C101451,Term Insurance,1,1,0,0,0
C101452,Fixed Deposit,1,0,0,0,0
C101452,Cashback Credit Card,1,0,0,0,0
C101452,Home Loan,1,1,0,0,0
C101452,Investment Plan (Mutual Fund SIP),1,0,0,0,0
C101452,Personal Loan,1,1,1,0,0
C101453,Investment Plan (Mutual Fund SIP),1,0,0,0,0
C101453,Personal Loan,1,1,0,0,0
C101453,Term Insurance,1,1,0,0,0
C101453,Fixed Deposit,1,1,0,0,0
C101454,Investment Plan (Mutual Fund SIP),1,1,1,1,1
C101454,Premium Banking Account,1,1,0,0,0
C101454,Fixed Deposit,1,1,1,0,0
C101454,Fuel Credit Card,1,1,0,0,0
C101454,Premium Credit Card,1,1,0,0,0
C101455,Personal Loan,1,0,0,0,0
C101455,Premium Credit Card,1,0,0,0,0
C101455,Term Insurance,1,1,0,0,0
C101455,Fixed Deposit,1,1,0,0,0
C101455,Investment Plan (Mutual Fund SIP),1,1,0,0,0
C101457,Personal Loan,1,1,0,0,0
C101457,Premium Banking Account,1,1,1,0,0
C101457,Travel Credit Card,1,1,0,0,0
C101457,Recurring Deposit,1,1,0,0,0
C101458,Fuel Credit Card,1,1,1,1,1
C101458,Recurring Deposit,1,1,1,1,1
C101458,Cashback Credit Card,1,1,0,0,0
C101458,Term Insurance,1,1,1,1,1
C101458,Travel Credit Card,1,0,0,0,0
C101459,Investment Plan (Mutual Fund SIP),1,0,0,0,0
C101459,Premium Banking Account,1,1,1,1,1
C101459,Term Insurance,1,1,0,0,0
C101459,Travel Credit Card,1,0,0,0,0
C101460,Travel Credit Card,1,0,0,0,0
C101460,Premium Banking Account,1,0,0,0,0
C101460,Premium Credit Card,1,0,0,0,0
C101460,Cashback Credit Card,1,1,0,0,0
C101460,Term Insurance,1,1,0,0,0
C101461,Recurring Deposit,1,1,1,1,0
C101461,Premium Credit Card,1,0,0,0,0
C101461,Cashback Credit Card,1,1,1,1,0
C101461,Investment Plan (Mutual Fund SIP),1,0,0,0,0
C101461,Fixed Deposit,1,0,0,0,0
C101462,Term Insurance,1,0,0,0,0
C101462,Investment Plan (Mutual Fund SIP),1,0,0,0,0
C101462,Fuel Credit Card,1,0,0,0,0
C101462,Personal Loan,1,0,0,0,0
C101463,Term Insurance,1,1,0,0,0
C101463,Travel Credit Card,1,0,0,0,0
C101463,Premium Credit Card,1,1,0,0,0
C101464,Recurring Deposit,1,1,0,0,0
C101465,Investment Plan (Mutual Fund SIP),1,0,0,0,0
C101466,Fuel Credit Card,1,0,0,0,0
C101466,Travel Credit Card,1,1,1,0,0
C101466,Premium Credit Card,1,0,0,0,0
C101466,Fixed Deposit,1,1,0,0,0
C101466,Term Insurance,1,1,0,0,0
C101467,Term Insurance,1,1,0,0,0
C101467,Recurring Deposit,1,0,0,0,0
C101467,Personal Loan,1,1,0,0,0
C101467,Home Loan,1,1,0,0,0
C101467,Cashback Credit Card,1,0,0,0,0
C101468,Term Insurance,1,0,0,0,0
C101468,Cashback Credit Card,1,1,1,1,1
C101468,Personal Loan,1,0,0,0,0
C101468,Premium Banking Account,1,1,0,0,0
C101470,Travel Credit Card,1,1,0,0,0
C101471,Premium Banking Account,1,1,1,1,1
C101471,Home Loan,1,1,1,1,1
C101473,Fixed Deposit,1,0,0,0,0
C101473,Investment Plan (Mutual Fund SIP),1,1,0,0,0
C101473,Term Insurance,1,0,0,0,0
C101473,Cashback Credit Card,1,1,0,0,0
C101474,Travel Credit Card,1,1,0,0,0
C101474,Investment Plan (Mutual Fund SIP),1,1,1,1,1
C101475,Recurring Deposit,1,0,0,0,0
C101475,Premium Credit Card,1,0,0,0,0
C101475,Investment Plan (Mutual Fund SIP),1,1,0,0,0
C101475,Premium Banking Account,1,1,0,0,0
C101475,Fuel Credit Card,1,0,0,0,0
C101476,Premium Banking Account,1,0,0,0,0
C101476,Cashback Credit Card,1,1,1,1,1
C101476,Fuel Credit Card,1,1,0,0,0
C101476,Premium Credit Card,1,0,0,0,0
C101478,Cashback Credit Card,1,0,0,0,0
C101478,Personal Loan,1,0,0,0,0
C101478,Fuel Credit Card,1,0,0,0,0
C101479,Investment Plan (Mutual Fund SIP),1,1,0,0,0
C101479,Recurring Deposit,1,1,0,0,0
C101480,Premium Credit Card,1,1,0,0,0
C101480,Home Loan,1,0,0,0,0
C101481,Premium Credit Card,1,0,0,0,0
C101481,Premium Banking Account,1,0,0,0,0
C101481,Recurring Deposit,1,0,0,0,0
C101481,Term Insurance,1,0,0,0,0
C101482,Fixed Deposit,1,0,0,0,0
C101482,Personal Loan,1,0,0,0,0
C101482,Cashback Credit Card,1,1,1,0,0
C101482,Premium Banking Account,1,0,0,0,0
C101482,Home Loan,1,0,0,0,0
C101483,Term Insurance,1,0,0,0,0
C101483,Premium Credit Card,1,0,0,0,0
C101483,Premium Banking Account,1,1,1,0,0
C101488,Personal Loan,1,0,0,0,0
C101488,Fixed Deposit,1,1,0,0,0
C101490,Investment Plan (Mutual Fund SIP),1,1,1,0,0
C101490,Recurring Deposit,1,0,0,0,0
C101491,Home Loan,1,0,0,0,0
C101491,Personal Loan,1,1,0,0,0
C101491,Fixed Deposit,1,1,1,1,1
C101491,Cashback Credit Card,1,1,1,1,1
C101492,Fixed Deposit,1,1,1,1,0
C101492,Fuel Credit Card,1,0,0,0,0
C101492,Home Loan,1,1,0,0,0
C101492,Investment Plan (Mutual Fund SIP),1,1,1,0,0
C101492,Travel Credit Card,1,1,0,0,0
C101493,Recurring Deposit,1,1,0,0,0
C101494,Premium Banking Account,1,0,0,0,0
C101494,Personal Loan,1,1,1,0,0
C101495,Home Loan,1,1,0,0,0
C101495,Travel Credit Card,1,1,1,1,1
C101495,Personal Loan,1,0,0,0,0
C101496,Premium Credit Card,1,0,0,0,0
C101497,Travel Credit Card,1,1,0,0,0
C101497,Investment Plan (Mutual Fund SIP),1,1,0,0,0
C101497,Premium Banking Account,1,0,0,0,0
C101497,Premium Credit Card,1,1,0,0,0
C101499,Investment Plan (Mutual Fund SIP),1,1,0,0,0
C101500,Travel Credit Card,1,0,0,0,0
C101500,Fuel Credit Card,1,0,0,0,0
C101500,Premium Credit Card,1,0,0,0,0
C101500,Home Loan,1,0,0,0,0
C101500,Premium Banking Account,1,1,0,0,0
C101501,Premium Credit Card,1,0,0,0,0
C101502,Travel Credit Card,1,1,0,0,0
C101502,Recurring Deposit,1,1,0,0,0
C101502,Cashback Credit Card,1,0,0,0,0
C101503,Premium Credit Card,1,1,0,0,0
C101503,Home Loan,1,1,0,0,0
C101503,Fixed Deposit,1,0,0,0,0
C101503,Fuel Credit Card,1,1,1,1,1
C101504,Term Insurance,1,1,0,0,0
C101505,Term Insurance,1,1,1,0,0
C101505,Cashback Credit Card,1,0,0,0,0
C101505,Premium Credit Card,1,1,0,0,0
C101505,Recurring Deposit,1,0,0,0,0
C101505,Travel Credit Card,1,1,0,0,0
C101506,Home Loan,1,1,1,1,0
C101506,Cashback Credit Card,1,0,0,0,0
C101506,Fixed Deposit,1,0,0,0,0
C101508,Investment Plan (Mutual Fund SIP),1,1,0,0,0
C101508,Personal Loan,1,0,0,0,0
C101509,Fixed Deposit,1,1,1,0,0
C101509,Premium Banking Account,1,0,0,0,0
C101509,Personal Loan,1,1,1,1,0
C101509,Term Insurance,1,1,1,0,0
C101509,Travel Credit Card,1,1,0,0,0
C101510,Recurring Deposit,1,1,1,1,1
C101510,Fixed Deposit,1,0,0,0,0
C101510,Term Insurance,1,0,0,0,0
C101511,Cashback Credit Card,1,1,0,0,0
C101511,Investment Plan (Mutual Fund SIP),1,0,0,0,0
C101511,Home Loan,1,1,0,0,0
C101511,Fuel Credit Card,1,0,0,0,0
C101511,Travel Credit Card,1,1,1,0,0
C101512,Fixed Deposit,1,0,0,0,0
C101512,Premium Banking Account,1,0,0,0,0
C101512,Term Insurance,1,1,0,0,0
C101512,Premium Credit Card,1,0,0,0,0
C101513,Premium Banking Account,1,1,1,0,0
C101513,Cashback Credit Card,1,0,0,0,0
C101513,Personal Loan,1,0,0,0,0
C101513,Term Insurance,1,1,0,0,0
C101513,Premium Credit Card,1,0,0,0,0
C101514,Fixed Deposit,1,1,0,0,0
C101514,Travel Credit Card,1,0,0,0,0
C101514,Term Insurance,1,1,1,0,0
C101514,Personal Loan,1,1,1,1,1
C101514,Recurring Deposit,1,1,0,0,0
C101516,Personal Loan,1,1,0,0,0
C101516,Term Insurance,1,0,0,0,0
C101516,Fixed Deposit,1,0,0,0,0
C101516,Recurring Deposit,1,0,0,0,0
C101518,Recurring Deposit,1,0,0,0,0
C101519,Travel Credit Card,1,0,0,0,0
C101519,Term Insurance,1,0,0,0,0
C101519,Investment Plan (Mutual Fund SIP),1,0,0,0,0
C101519,Premium Credit Card,1,0,0,0,0
C101520,Investment Plan (Mutual Fund SIP),1,0,0,0,0
C101520,Travel Credit Card,1,0,0,0,0
C101521,Recurring Deposit,1,1,0,0,0
C101521,Fuel Credit Card,1,1,0,0,0
C101521,Premium Credit Card,1,1,0,0,0
C101521,Personal Loan,1,0,0,0,0
C101521,Fixed Deposit,1,1,1,1,0
C101522,Cashback Credit Card,1,0,0,0,0
C101522,Fixed Deposit,1,1,0,0,0
C101522,Home Loan,1,1,0,0,0
C101522,Personal Loan,1,1,1,0,0
C101523,Premium Credit Card,1,1,0,0,0
C101523,Recurring Deposit,1,0,0,0,0
C101523,Fixed Deposit,1,0,0,0,0
C101525,Term Insurance,1,1,0,0,0
C101527,Premium Credit Card,1,0,0,0,0
C101527,Personal Loan,1,0,0,0,0
C101527,Travel Credit Card,1,1,1,1,1
C101528,Premium Banking Account,1,1,0,0,0
C101528,Fuel Credit Card,1,0,0,0,0
C101528,Investment Plan (Mutual Fund SIP),1,1,0,0,0
C101528,Travel Credit Card,1,0,0,0,0
C101529,Personal Loan,1,0,0,0,0
C101529,Investment Plan (Mutual Fund SIP),1,0,0,0,0
C101531,Travel Credit Card,1,1,0,0,0
C101531,Personal Loan,1,0,0,0,0
C101531,Investment Plan (Mutual Fund SIP),1,1,0,0,0
C101532,Recurring Deposit,1,0,0,0,0
C101532,Investment Plan (Mutual Fund SIP),1,1,0,0,0
C101533,Personal Loan,1,0,0,0,0
C101535,Premium Credit Card,1,0,0,0,0
C101535,Recurring Deposit,1,0,0,0,0
C101535,Term Insurance,1,1,0,0,0
C101535,Home Loan,1,0,0,0,0
C101535,Premium Banking Account,1,0,0,0,0
C101536,Term Insurance,1,0,0,0,0
C101536,Fixed Deposit,1,0,0,0,0
C101536,Investment Plan (Mutual Fund SIP),1,0,0,0,0
C101537,Recurring Deposit,1,0,0,0,0
C101537,Fuel Credit Card,1,1,0,0,0
C101538,Premium Banking Account,1,1,1,1,1
C101539,Investment Plan (Mutual Fund SIP),1,0,0,0,0
C101539,Personal Loan,1,0,0,0,0
C101539,Fixed Deposit,1,1,0,0,0
C101540,Travel Credit Card,1,1,0,0,0
C101540,Term Insurance,1,0,0,0,0
C101541,Fuel Credit Card,1,1,0,0,0
C101543,Recurring Deposit,1,0,0,0,0
C101543,Fixed Deposit,1,0,0,0,0
C101543,Cashback Credit Card,1,0,0,0,0
C101543,Home Loan,1,1,0,0,0
C101544,Premium Credit Card,1,0,0,0,0
C101544,Premium Banking Account,1,0,0,0,0
C101544,Home Loan,1,0,0,0,0
C101544,Recurring Deposit,1,0,0,0,0
C101546,Recurring Deposit,1,1,0,0,0
C101546,Home Loan,1,0,0,0,0
C101547,Term Insurance,1,1,0,0,0
C101547,Recurring Deposit,1,1,1,0,0
C101548,Home Loan,1,0,0,0,0
C101548,Fuel Credit Card,1,0,0,0,0
C101551,Term Insurance,1,1,1,1,1
C101552,Fuel Credit Card,1,1,0,0,0
C101552,Cashback Credit Card,1,0,0,0,0
C101552,Term Insurance,1,0,0,0,0
C101552,Home Loan,1,1,1,0,0
C101552,Personal Loan,1,0,0,0,0
C101553,Premium Credit Card,1,1,0,0,0
C101555,Investment Plan (Mutual Fund SIP),1,1,0,0,0
C101556,Cashback Credit Card,1,1,1,0,0
C101557,Travel Credit Card,1,1,0,0,0
C101557,Fixed Deposit,1,0,0,0,0
C101557,Premium Banking Account,1,0,0,0,0
C101558,Premium Banking Account,1,0,0,0,0
C101558,Home Loan,1,0,0,0,0
C101559,Investment Plan (Mutual Fund SIP),1,1,0,0,0
C101559,Premium Banking Account,1,0,0,0,0
C101559,Term Insurance,1,1,1,1,1
C101559,Home Loan,1,1,0,0,0
C101560,Premium Banking Account,1,1,1,0,0
C101560,Cashback Credit Card,1,0,0,0,0
C101561,Fuel Credit Card,1,1,0,0,0
C101561,Personal Loan,1,1,1,1,1
C101561,Fixed Deposit,1,0,0,0,0
C101562,Travel Credit Card,1,0,0,0,0
C101562,Recurring Deposit,1,0,0,0,0
C101563,Fixed Deposit,1,0,0,0,0
C101563,Term Insurance,1,0,0,0,0
C101563,Investment Plan (Mutual Fund SIP),1,1,0,0,0
C101563,Premium Credit Card,1,1,1,0,0
C101563,Home Loan,1,1,1,1,0
C101564,Recurring Deposit,1,1,1,1,0
C101564,Term Insurance,1,0,0,0,0
C101564,Investment Plan (Mutual Fund SIP),1,0,0,0,0
C101565,Cashback Credit Card,1,1,1,1,1
C101566,Travel Credit Card,1,0,0,0,0
C101566,Premium Credit Card,1,0,0,0,0
C101566,Premium Banking Account,1,1,1,1,1
C101566,Personal Loan,1,1,1,0,0
C101566,Investment Plan (Mutual Fund SIP),1,0,0,0,0
C101567,Home Loan,1,1,1,0,0
C101567,Cashback Credit Card,1,0,0,0,0
C101567,Premium Credit Card,1,1,1,1,1
C101568,Investment Plan (Mutual Fund SIP),1,1,0,0,0
C101568,Premium Banking Account,1,1,0,0,0
C101569,Fuel Credit Card,1,1,0,0,0
C101569,Home Loan,1,0,0,0,0
C101569,Term Insurance,1,0,0,0,0
C101570,Travel Credit Card,1,1,0,0,0
C101570,Investment Plan (Mutual Fund SIP),1,0,0,0,0
C101571,Cashback Credit Card,1,0,0,0,0
C101571,Investment Plan (Mutual Fund SIP),1,1,1,1,1
C101573,Recurring Deposit,1,1,1,1,1
C101573,Premium Banking Account,1,0,0,0,0
C101574,Home Loan,1,1,0,0,0
C101574,Cashback Credit Card,1,1,1,0,0
C101574,Personal Loan,1,1,0,0,0
C101575,Premium Credit Card,1,0,0,0,0
C101575,Cashback Credit Card,1,1,0,0,0
C101575,Personal Loan,1,1,1,1,1
C101575,Fixed Deposit,1,1,1,1,1
C101576,Fuel Credit Card,1,1,0,0,0
C101576,Recurring Deposit,1,0,0,0,0
C101576,Personal Loan,1,1,0,0,0
C101577,Home Loan,1,1,1,1,0
C101577,Personal Loan,1,0,0,0,0
C101578,Investment Plan (Mutual Fund SIP),1,1,0,0,0
C101578,Cashback Credit Card,1,1,1,1,1
C101578,Recurring Deposit,1,0,0,0,0
C101578,Premium Credit Card,1,0,0,0,0
C101579,Fuel Credit Card,1,1,1,0,0
C101579,Cashback Credit Card,1,0,0,0,0
C101580,Premium Credit Card,1,1,1,1,1
C101580,Investment Plan (Mutual Fund SIP),1,1,0,0,0
C101580,Cashback Credit Card,1,0,0,0,0
C101580,Term Insurance,1,1,1,0,0
C101580,Personal Loan,1,0,0,0,0
C101581,Term Insurance,1,1,1,1,1
C101581,Fuel Credit Card,1,0,0,0,0
C101581,Personal Loan,1,0,0,0,0
C101581,Premium Credit Card,1,1,1,1,0
C101583,Personal Loan,1,0,0,0,0
C101584,Fixed Deposit,1,1,0,0,0
C101584,Fuel Credit Card,1,0,0,0,0
C101584,Investment Plan (Mutual Fund SIP),1,0,0,0,0
C101584,Premium Credit Card,1,0,0,0,0
C101585,Fuel Credit Card,1,0,0,0,0
C101585,Fixed Deposit,1,1,0,0,0
C101587,Cashback Credit Card,1,1,1,0,0
C101588,Home Loan,1,0,0,0,0
C101588,Premium Credit Card,1,0,0,0,0
C101588,Personal Loan,1,1,0,0,0
C101589,Fuel Credit Card,1,0,0,0,0
C101589,Home Loan,1,0,0,0,0
C101590,Fuel Credit Card,1,1,0,0,0
C101591,Personal Loan,1,0,0,0,0
C101591,Cashback Credit Card,1,1,0,0,0
C101593,Recurring Deposit,1,1,1,0,0
C101593,Fuel Credit Card,1,0,0,0,0
C101594,Travel Credit Card,1,1,0,0,0
C101594,Personal Loan,1,0,0,0,0
C101594,Fixed Deposit,1,0,0,0,0
C101594,Investment Plan (Mutual Fund SIP),1,0,0,0,0
C101595,Travel Credit Card,1,1,0,0,0
C101595,Personal Loan,1,1,1,1,1
C101595,Premium Credit Card,1,1,0,0,0
C101595,Premium Banking Account,1,1,0,0,0
C101595,Cashback Credit Card,1,1,1,1,1
C101597,Home Loan,1,0,0,0,0
C101597,Travel Credit Card,1,1,0,0,0
C101597,Cashback Credit Card,1,1,1,1,1
C101597,Investment Plan (Mutual Fund SIP),1,1,0,0,0
C101598,Fuel Credit Card,1,0,0,0,0
C101598,Investment Plan (Mutual Fund SIP),1,1,0,0,0
C101598,Premium Banking Account,1,1,0,0,0
C101598,Home Loan,1,1,0,0,0
C101598,Term Insurance,1,0,0,0,0
C101599,Term Insurance,1,0,0,0,0
C101599,Personal Loan,1,1,0,0,0
C101599,Cashback Credit Card,1,0,0,0,0
C101599,Recurring Deposit,1,1,0,0,0
C101600,Premium Credit Card,1,0,0,0,0
C101600,Cashback Credit Card,1,0,0,0,0
C101600,Travel Credit Card,1,1,1,1,1
C101601,Travel Credit Card,1,1,0,0,0
C101601,Fixed Deposit,1,0,0,0,0
C101601,Personal Loan,1,1,0,0,0
C101602,Investment Plan (Mutual Fund SIP),1,0,0,0,0
C101604,Premium Banking Account,1,0,0,0,0
C101604,Term Insurance,1,1,0,0,0
C101604,Fuel Credit Card,1,1,1,1,1
C101604,Recurring Deposit,1,0,0,0,0
C101605,Personal Loan,1,1,0,0,0
C101605,Fixed Deposit,1,1,0,0,0
C101605,Recurring Deposit,1,0,0,0,0
C101606,Investment Plan (Mutual Fund SIP),1,1,1,1,1
C101606,Term Insurance,1,1,0,0,0
C101606,Personal Loan,1,1,1,0,0
C101607,Home Loan,1,1,0,0,0
C101608,Fuel Credit Card,1,1,0,0,0
C101608,Recurring Deposit,1,0,0,0,0
C101608,Cashback Credit Card,1,1,1,1,1
C101609,Investment Plan (Mutual Fund SIP),1,1,0,0,0
C101610,Investment Plan (Mutual Fund SIP),1,1,1,1,0
C101610,Premium Credit Card,1,1,0,0,0
C101610,Travel Credit Card,1,0,0,0,0
C101610,Cashback Credit Card,1,1,0,0,0
C101611,Personal Loan,1,1,0,0,0
C101611,Recurring Deposit,1,1,0,0,0
C101611,Term Insurance,1,1,1,1,1
C101611,Travel Credit Card,1,1,0,0,0
C101612,Premium Credit Card,1,0,0,0,0
C101614,Personal Loan,1,1,1,1,1
C101614,Home Loan,1,1,0,0,0
C101615,Premium Banking Account,1,0,0,0,0
C101616,Term Insurance,1,0,0,0,0
C101616,Cashback Credit Card,1,0,0,0,0
C101616,Travel Credit Card,1,0,0,0,0
C101616,Investment Plan (Mutual Fund SIP),1,0,0,0,0
C101616,Premium Credit Card,1,1,0,0,0
C101617,Travel Credit Card,1,0,0,0,0
C101617,Term Insurance,1,1,1,0,0
C101618,Investment Plan (Mutual Fund SIP),1,1,0,0,0
C101618,Fuel Credit Card,1,1,0,0,0
C101618,Premium Credit Card,1,0,0,0,0
C101618,Recurring Deposit,1,1,1,0,0
C101620,Investment Plan (Mutual Fund SIP),1,1,0,0,0
C101620,Cashback Credit Card,1,1,0,0,0
C101621,Cashback Credit Card,1,0,0,0,0
C101621,Premium Credit Card,1,0,0,0,0
C101621,Home Loan,1,0,0,0,0
C101622,Travel Credit Card,1,1,0,0,0
C101622,Cashback Credit Card,1,0,0,0,0
C101622,Fixed Deposit,1,0,0,0,0
C101622,Fuel Credit Card,1,1,0,0,0
C101624,Travel Credit Card,1,0,0,0,0
C101624,Recurring Deposit,1,0,0,0,0
C101624,Home Loan,1,0,0,0,0
C101624,Personal Loan,1,0,0,0,0
C101627,Fixed Deposit,1,1,0,0,0
C101627,Term Insurance,1,1,0,0,0
C101629,Premium Credit Card,1,0,0,0,0
C101630,Premium Banking Account,1,1,0,0,0
C101631,Cashback Credit Card,1,1,1,1,1
C101632,Fixed Deposit,1,1,0,0,0
C101632,Personal Loan,1,1,0,0,0
C101632,Home Loan,1,1,0,0,0
C101632,Investment Plan (Mutual Fund SIP),1,1,0,0,0
C101632,Recurring Deposit,1,0,0,0,0
C101633,Investment Plan (Mutual Fund SIP),1,0,0,0,0
C101633,Premium Banking Account,1,0,0,0,0
C101634,Personal Loan,1,1,1,1,1
C101635,Premium Banking Account,1,1,1,1,1
C101635,Premium Credit Card,1,1,1,1,1
C101635,Fixed Deposit,1,1,1,0,0
C101635,Home Loan,1,1,0,0,0
C101636,Fuel Credit Card,1,0,0,0,0
C101636,Personal Loan,1,0,0,0,0
C101636,Fixed Deposit,1,0,0,0,0
C101636,Cashback Credit Card,1,0,0,0,0
C101637,Fixed Deposit,1,1,0,0,0
C101637,Term Insurance,1,1,1,1,0
C101637,Investment Plan (Mutual Fund SIP),1,1,0,0,0
C101637,Fuel Credit Card,1,1,0,0,0
C101637,Travel Credit Card,1,0,0,0,0
C101638,Fixed Deposit,1,1,0,0,0
C101638,Cashback Credit Card,1,1,0,0,0
C101638,Term Insurance,1,1,1,0,0
C101638,Travel Credit Card,1,1,1,1,0
C101638,Home Loan,1,0,0,0,0
C101639,Fuel Credit Card,1,1,0,0,0
C101639,Cashback Credit Card,1,0,0,0,0
C101639,Recurring Deposit,1,0,0,0,0
C101639,Premium Banking Account,1,1,1,1,1
C101640,Recurring Deposit,1,0,0,0,0
C101640,Investment Plan (Mutual Fund SIP),1,0,0,0,0
C101640,Personal Loan,1,0,0,0,0
C101641,Fixed Deposit,1,1,1,1,1
C101641,Premium Credit Card,1,0,0,0,0
C101641,Travel Credit Card,1,0,0,0,0
C101641,Recurring Deposit,1,0,0,0,0
C101641,Home Loan,1,1,0,0,0
C101642,Cashback Credit Card,1,1,1,1,1
C101642,Premium Credit Card,1,1,0,0,0
C101642,Investment Plan (Mutual Fund SIP),1,1,0,0,0
C101642,Term Insurance,1,0,0,0,0
C101643,Investment Plan (Mutual Fund SIP),1,1,0,0,0
C101643,Term Insurance,1,1,0,0,0
C101643,Premium Credit Card,1,1,0,0,0
C101643,Premium Banking Account,1,1,1,1,0
C101644,Fuel Credit Card,1,1,0,0,0
C101645,Premium Credit Card,1,1,0,0,0
C101645,Investment Plan (Mutual Fund SIP),1,1,0,0,0
C101646,Home Loan,1,0,0,0,0
C101646,Fixed Deposit,1,1,0,0,0
C101647,Travel Credit Card,1,1,0,0,0
C101647,Investment Plan (Mutual Fund SIP),1,0,0,0,0
C101647,Recurring Deposit,1,0,0,0,0
C101647,Term Insurance,1,0,0,0,0
C101649,Term Insurance,1,1,1,0,0
C101649,Recurring Deposit,1,1,1,1,1
C101649,Fuel Credit Card,1,1,1,0,0
C101649,Personal Loan,1,1,1,1,1
C101649,Travel Credit Card,1,0,0,0,0
C101650,Home Loan,1,0,0,0,0
C101651,Home Loan,1,1,1,0,0
C101651,Personal Loan,1,1,1,1,0
C101651,Premium Banking Account,1,1,1,1,0
C101651,Fixed Deposit,1,0,0,0,0
C101651,Cashback Credit Card,1,1,1,1,1
C101652,Fuel Credit Card,1,0,0,0,0
C101653,Home Loan,1,0,0,0,0
C101654,Home Loan,1,0,0,0,0
C101654,Personal Loan,1,1,1,1,1
C101655,Personal Loan,1,0,0,0,0
C101655,Recurring Deposit,1,1,0,0,0
C101656,Travel Credit Card,1,0,0,0,0
C101656,Personal Loan,1,1,0,0,0
C101656,Home Loan,1,1,0,0,0
C101658,Investment Plan (Mutual Fund SIP),1,0,0,0,0
C101658,Recurring Deposit,1,1,0,0,0
C101658,Fuel Credit Card,1,1,0,0,0
C101659,Recurring Deposit,1,0,0,0,0
C101659,Fixed Deposit,1,1,0,0,0
C101659,Personal Loan,1,0,0,0,0
C101659,Premium Credit Card,1,0,0,0,0
C101660,Recurring Deposit,1,0,0,0,0
C101660,Travel Credit Card,1,1,1,0,0
C101660,Premium Banking Account,1,1,0,0,0
C101660,Cashback Credit Card,1,1,0,0,0
C101661,Fuel Credit Card,1,1,1,1,1
C101662,Premium Credit Card,1,1,0,0,0
C101663,Investment Plan (Mutual Fund SIP),1,0,0,0,0
C101664,Cashback Credit Card,1,0,0,0,0
C101664,Home Loan,1,0,0,0,0
C101664,Premium Banking Account,1,1,0,0,0
C101664,Term Insurance,1,1,0,0,0
C101664,Fuel Credit Card,1,1,0,0,0
C101665,Personal Loan,1,1,0,0,0
C101666,Premium Credit Card,1,1,0,0,0
C101666,Term Insurance,1,1,1,1,1
C101666,Travel Credit Card,1,0,0,0,0
C101666,Personal Loan,1,1,1,1,1
C101666,Recurring Deposit,1,0,0,0,0
C101667,Fixed Deposit,1,1,0,0,0
C101667,Premium Banking Account,1,1,0,0,0
C101667,Premium Credit Card,1,1,0,0,0
C101668,Cashback Credit Card,1,1,1,0,0
C101668,Recurring Deposit,1,0,0,0,0
C101668,Premium Credit Card,1,1,0,0,0
C101668,Fixed Deposit,1,1,1,1,0
C101668,Term Insurance,1,1,1,1,0
C101669,Recurring Deposit,1,1,0,0,0
C101669,Premium Banking Account,1,1,0,0,0
C101669,Fuel Credit Card,1,0,0,0,0
C101670,Fixed Deposit,1,0,0,0,0
C101670,Term Insurance,1,0,0,0,0
C101670,Cashback Credit Card,1,1,1,1,1
C101671,Fixed Deposit,1,1,0,0,0
C101671,Fuel Credit Card,1,1,0,0,0
C101673,Travel Credit Card,1,0,0,0,0
C101674,Term Insurance,1,0,0,0,0
C101674,Travel Credit Card,1,0,0,0,0
C101674,Investment Plan (Mutual Fund SIP),1,1,0,0,0
C101674,Home Loan,1,0,0,0,0
C101675,Personal Loan,1,0,0,0,0
C101675,Premium Banking Account,1,1,0,0,0
C101675,Premium Credit Card,1,1,1,0,0
C101675,Fixed Deposit,1,0,0,0,0
C101676,Premium Credit Card,1,1,0,0,0
C101676,Investment Plan (Mutual Fund SIP),1,1,0,0,0
C101676,Travel Credit Card,1,0,0,0,0
C101677,Home Loan,1,1,0,0,0
C101677,Fixed Deposit,1,0,0,0,0
C101678,Investment Plan (Mutual Fund SIP),1,0,0,0,0
C101678,Premium Credit Card,1,0,0,0,0
C101678,Personal Loan,1,1,1,1,1
C101678,Recurring Deposit,1,1,0,0,0
C101679,Premium Credit Card,1,1,0,0,0
C101679,Term Insurance,1,0,0,0,0
C101680,Fuel Credit Card,1,0,0,0,0
C101680,Term Insurance,1,1,1,1,1
C101680,Cashback Credit Card,1,0,0,0,0
C101682,Recurring Deposit,1,0,0,0,0
C101682,Fixed Deposit,1,1,0,0,0
C101682,Premium Banking Account,1,1,1,1,0
C101682,Term Insurance,1,0,0,0,0
C101684,Investment Plan (Mutual Fund SIP),1,1,1,1,1
C101684,Term Insurance,1,1,0,0,0
C101686,Travel Credit Card,1,0,0,0,0
C101686,Fixed Deposit,1,1,0,0,0
C101688,Premium Credit Card,1,1,1,1,1
C101688,Travel Credit Card,1,0,0,0,0
C101688,Premium Banking Account,1,1,0,0,0
C101688,Investment Plan (Mutual Fund SIP),1,0,0,0,0
C101688,Home Loan,1,0,0,0,0
C101689,Fuel Credit Card,1,0,0,0,0
C101689,Term Insurance,1,0,0,0,0
C101689,Cashback Credit Card,1,1,0,0,0
C101689,Investment Plan (Mutual Fund SIP),1,1,0,0,0
C101689,Fixed Deposit,1,1,0,0,0
C101690,Recurring Deposit,1,1,0,0,0
C101690,Fixed Deposit,1,0,0,0,0
C101690,Premium Credit Card,1,0,0,0,0
C101690,Cashback Credit Card,1,1,0,0,0
C101690,Investment Plan (Mutual Fund SIP),1,0,0,0,0
C101694,Premium Credit Card,1,0,0,0,0
C101694,Recurring Deposit,1,0,0,0,0
C101694,Premium Banking Account,1,1,1,0,0
C101695,Recurring Deposit,1,0,0,0,0
C101695,Term Insurance,1,1,0,0,0
C101695,Personal Loan,1,0,0,0,0
C101695,Premium Credit Card,1,1,0,0,0
C101696,Premium Credit Card,1,0,0,0,0
C101696,Term Insurance,1,0,0,0,0
C101697,Term Insurance,1,0,0,0,0
C101698,Travel Credit Card,1,1,0,0,0
C101698,Premium Banking Account,1,1,0,0,0
C101698,Fuel Credit Card,1,0,0,0,0
C101698,Personal Loan,1,0,0,0,0
C101698,Recurring Deposit,1,1,1,0,0
C101699,Premium Banking Account,1,1,0,0,0
C101699,Personal Loan,1,1,0,0,0
C101699,Home Loan,1,1,1,0,0
C101699,Term Insurance,1,1,1,1,1
C101700,Fuel Credit Card,1,0,0,0,0
C101700,Personal Loan,1,1,0,0,0
C101701,Personal Loan,1,0,0,0,0
C101701,Premium Banking Account,1,1,1,1,1
C101701,Travel Credit Card,1,0,0,0,0
C101701,Fixed Deposit,1,1,0,0,0
C101702,Home Loan,1,0,0,0,0
C101702,Cashback Credit Card,1,1,0,0,0
C101702,Premium Banking Account,1,0,0,0,0
C101703,Term Insurance,1,0,0,0,0
C101703,Recurring Deposit,1,1,0,0,0
C101703,Fixed Deposit,1,1,0,0,0
C101705,Premium Credit Card,1,0,0,0,0
C101705,Fixed Deposit,1,0,0,0,0
C101706,Personal Loan,1,0,0,0,0
C101706,Fuel Credit Card,1,0,0,0,0
C101706,Recurring Deposit,1,1,0,0,0
C101706,Cashback Credit Card,1,1,0,0,0
C101708,Premium Banking Account,1,1,0,0,0
C101708,Recurring Deposit,1,1,0,0,0
C101708,Travel Credit Card,1,1,1,1,1
C101709,Investment Plan (Mutual Fund SIP),1,0,0,0,0
C101709,Travel Credit Card,1,1,1,1,1
C101710,Cashback Credit Card,1,1,1,1,0
C101710,Travel Credit Card,1,1,1,1,0
C101710,Premium Credit Card,1,0,0,0,0
C101711,Investment Plan (Mutual Fund SIP),1,0,0,0,0
C101712,Recurring Deposit,1,0,0,0,0
C101712,Fixed Deposit,1,0,0,0,0
C101712,Home Loan,1,1,1,1,1
C101713,Fixed Deposit,1,1,0,0,0
C101713,Premium Credit Card,1,0,0,0,0
C101713,Term Insurance,1,0,0,0,0
C101713,Investment Plan (Mutual Fund SIP),1,1,0,0,0
C101713,Personal Loan,1,1,1,0,0
C101714,Premium Credit Card,1,0,0,0,0
C101714,Fixed Deposit,1,1,0,0,0
C101714,Recurring Deposit,1,0,0,0,0
C101714,Premium Banking Account,1,1,1,1,1
C101716,Recurring Deposit,1,1,1,0,0
C101716,Personal Loan,1,1,0,0,0
C101717,Fuel Credit Card,1,1,0,0,0
C101717,Fixed Deposit,1,0,0,0,0
C101717,Term Insurance,1,0,0,0,0
C101717,Home Loan,1,1,1,0,0
C101718,Travel Credit Card,1,0,0,0,0
C101718,Premium Banking Account,1,1,0,0,0
C101718,Premium Credit Card,1,0,0,0,0
C101719,Recurring Deposit,1,1,1,0,0
C101719,Premium Credit Card,1,1,0,0,0
C101719,Term Insurance,1,1,0,0,0
C101719,Premium Banking Account,1,1,1,1,1
C101719,Cashback Credit Card,1,1,0,0,0
C101720,Travel Credit Card,1,0,0,0,0
C101720,Term Insurance,1,0,0,0,0
C101721,Fuel Credit Card,1,0,0,0,0
C101721,Personal Loan,1,1,1,0,0
C101722,Cashback Credit Card,1,0,0,0,0
C101722,Home Loan,1,1,0,0,0
C101722,Fixed Deposit,1,1,0,0,0
C101723,Term Insurance,1,0,0,0,0
C101723,Recurring Deposit,1,1,1,0,0
C101724,Investment Plan (Mutual Fund SIP),1,1,0,0,0
C101725,Personal Loan,1,0,0,0,0
C101725,Investment Plan (Mutual Fund SIP),1,0,0,0,0
C101726,Fixed Deposit,1,1,1,1,1
C101726,Term Insurance,1,0,0,0,0
C101726,Home Loan,1,1,1,0,0
C101726,Premium Credit Card,1,0,0,0,0
C101727,Home Loan,1,0,0,0,0
C101727,Cashback Credit Card,1,1,0,0,0
C101727,Premium Credit Card,1,0,0,0,0
C101727,Personal Loan,1,0,0,0,0
C101727,Term Insurance,1,1,0,0,0
C101728,Term Insurance,1,1,1,1,0
C101728,Home Loan,1,0,0,0,0
C101728,Recurring Deposit,1,1,0,0,0
C101730,Cashback Credit Card,1,0,0,0,0
C101731,Premium Banking Account,1,1,1,1,1
C101731,Investment Plan (Mutual Fund SIP),1,0,0,0,0
C101731,Cashback Credit Card,1,0,0,0,0
C101732,Premium Banking Account,1,0,0,0,0
C101732,Personal Loan,1,1,0,0,0
C101732,Premium Credit Card,1,0,0,0,0
C101733,Premium Credit Card,1,0,0,0,0
C101733,Premium Banking Account,1,1,0,0,0
C101733,Fuel Credit Card,1,1,0,0,0
C101733,Cashback Credit Card,1,1,0,0,0
C101733,Fixed Deposit,1,1,0,0,0
C101734,Term Insurance,1,0,0,0,0
C101734,Premium Credit Card,1,1,0,0,0
C101734,Investment Plan (Mutual Fund SIP),1,0,0,0,0
C101735,Investment Plan (Mutual Fund SIP),1,0,0,0,0
C101736,Term Insurance,1,1,0,0,0
C101736,Premium Credit Card,1,0,0,0,0
C101736,Premium Banking Account,1,0,0,0,0
C101736,Fuel Credit Card,1,1,0,0,0
C101738,Fuel Credit Card,1,0,0,0,0
C101738,Recurring Deposit,1,0,0,0,0
C101738,Investment Plan (Mutual Fund SIP),1,0,0,0,0
C101738,Premium Credit Card,1,1,0,0,0
C101739,Recurring Deposit,1,0,0,0,0
C101739,Personal Loan,1,0,0,0,0
C101739,Investment Plan (Mutual Fund SIP),1,0,0,0,0
C101739,Cashback Credit Card,1,1,0,0,0
C101739,Home Loan,1,1,1,0,0
C101740,Fixed Deposit,1,1,0,0,0
C101740,Fuel Credit Card,1,1,0,0,0
C101741,Investment Plan (Mutual Fund SIP),1,0,0,0,0
C101741,Recurring Deposit,1,0,0,0,0
C101742,Premium Banking Account,1,1,1,0,0
C101742,Fixed Deposit,1,0,0,0,0
C101742,Travel Credit Card,1,1,0,0,0
C101743,Term Insurance,1,1,1,0,0
C101743,Recurring Deposit,1,0,0,0,0
C101743,Investment Plan (Mutual Fund SIP),1,1,0,0,0
C101743,Fixed Deposit,1,0,0,0,0
C101744,Personal Loan,1,0,0,0,0
C101744,Premium Banking Account,1,0,0,0,0
C101744,Recurring Deposit,1,0,0,0,0
C101745,Term Insurance,1,0,0,0,0
C101745,Travel Credit Card,1,1,1,0,0
C101745,Premium Banking Account,1,0,0,0,0
C101746,Cashback Credit Card,1,1,1,1,1
C101748,Travel Credit Card,1,1,1,1,1
C101748,Premium Credit Card,1,1,1,1,1
C101748,Premium Banking Account,1,1,0,0,0
C101748,Home Loan,1,0,0,0,0
C101748,Fuel Credit Card,1,1,0,0,0
C101749,Cashback Credit Card,1,1,0,0,0
C101749,Fuel Credit Card,1,1,0,0,0
C101749,Premium Banking Account,1,1,0,0,0
C101749,Investment Plan (Mutual Fund SIP),1,1,0,0,0
C101749,Home Loan,1,0,0,0,0
C101750,Home Loan,1,1,0,0,0
C101750,Premium Credit Card,1,0,0,0,0
C101750,Cashback Credit Card,1,1,1,1,1
C101751,Term Insurance,1,1,0,0,0
C101751,Premium Banking Account,1,0,0,0,0
C101752,Investment Plan (Mutual Fund SIP),1,0,0,0,0
C101752,Home Loan,1,0,0,0,0
C101754,Fuel Credit Card,1,1,0,0,0
C101754,Premium Banking Account,1,1,0,0,0
C101755,Premium Banking Account,1,1,1,1,0
C101755,Premium Credit Card,1,1,1,1,0
C101755,Recurring Deposit,1,0,0,0,0
C101755,Home Loan,1,1,0,0,0
C101755,Personal Loan,1,1,0,0,0
C101756,Premium Banking Account,1,1,0,0,0
C101756,Travel Credit Card,1,1,1,1,1
C101756,Investment Plan (Mutual Fund SIP),1,1,0,0,0
C101757,Recurring Deposit,1,1,1,0,0
C101758,Premium Credit Card,1,1,0,0,0
C101758,Cashback Credit Card,1,1,0,0,0
C101759,Premium Credit Card,1,0,0,0,0
C101759,Term Insurance,1,0,0,0,0
C101759,Investment Plan (Mutual Fund SIP),1,0,0,0,0
C101759,Personal Loan,1,0,0,0,0
C101760,Home Loan,1,1,0,0,0
C101760,Investment Plan (Mutual Fund SIP),1,0,0,0,0
C101762,Home Loan,1,1,0,0,0
C101762,Cashback Credit Card,1,0,0,0,0
C101762,Fuel Credit Card,1,1,0,0,0
C101763,Investment Plan (Mutual Fund SIP),1,0,0,0,0
C101763,Cashback Credit Card,1,0,0,0,0
C101763,Fixed Deposit,1,0,0,0,0
C101763,Fuel Credit Card,1,0,0,0,0
C101763,Travel Credit Card,1,1,0,0,0
C101765,Travel Credit Card,1,0,0,0,0
C101765,Investment Plan (Mutual Fund SIP),1,1,1,1,1
C101765,Personal Loan,1,1,0,0,0
C101765,Premium Credit Card,1,1,0,0,0
C101766,Premium Banking Account,1,0,0,0,0
C101766,Investment Plan (Mutual Fund SIP),1,1,0,0,0
C101766,Term Insurance,1,1,0,0,0
C101766,Recurring Deposit,1,1,1,1,1
C101766,Premium Credit Card,1,1,0,0,0
C101767,Recurring Deposit,1,0,0,0,0
C101767,Home Loan,1,0,0,0,0
C101767,Premium Banking Account,1,1,0,0,0
C101768,Fuel Credit Card,1,1,0,0,0
C101769,Fixed Deposit,1,1,1,0,0
C101769,Recurring Deposit,1,0,0,0,0
C101769,Fuel Credit Card,1,0,0,0,0
C101769,Investment Plan (Mutual Fund SIP),1,1,0,0,0
C101770,Fuel Credit Card,1,0,0,0,0
C101771,Home Loan,1,1,0,0,0
C101772,Home Loan,1,0,0,0,0
C101772,Recurring Deposit,1,1,1,1,1
C101772,Fuel Credit Card,1,1,0,0,0
C101773,Fuel Credit Card,1,0,0,0,0
C101773,Home Loan,1,0,0,0,0
C101773,Recurring Deposit,1,0,0,0,0
C101773,Cashback Credit Card,1,0,0,0,0
C101773,Personal Loan,1,0,0,0,0
C101774,Home Loan,1,0,0,0,0
C101774,Fuel Credit Card,1,1,0,0,0
C101774,Cashback Credit Card,1,0,0,0,0
C101774,Premium Banking Account,1,1,0,0,0
C101774,Recurring Deposit,1,0,0,0,0
C101775,Recurring Deposit,1,1,0,0,0
C101775,Home Loan,1,0,0,0,0
C101775,Investment Plan (Mutual Fund SIP),1,1,0,0,0
C101777,Term Insurance,1,0,0,0,0
C101777,Travel Credit Card,1,0,0,0,0
C101777,Cashback Credit Card,1,0,0,0,0
C101778,Fuel Credit Card,1,1,0,0,0
C101778,Investment Plan (Mutual Fund SIP),1,0,0,0,0
C101778,Personal Loan,1,0,0,0,0
C101779,Premium Credit Card,1,1,1,0,0
C101779,Cashback Credit Card,1,0,0,0,0
C101780,Term Insurance,1,0,0,0,0
C101781,Premium Banking Account,1,0,0,0,0
C101781,Fuel Credit Card,1,1,0,0,0
C101781,Fixed Deposit,1,1,0,0,0
C101781,Premium Credit Card,1,0,0,0,0
C101782,Home Loan,1,0,0,0,0
C101782,Premium Credit Card,1,1,1,1,1
C101782,Investment Plan (Mutual Fund SIP),1,0,0,0,0
C101783,Travel Credit Card,1,1,1,1,1
C101783,Premium Credit Card,1,0,0,0,0
C101783,Personal Loan,1,1,1,0,0
C101783,Fuel Credit Card,1,1,0,0,0
C101785,Recurring Deposit,1,1,0,0,0
C101785,Term Insurance,1,1,0,0,0
C101785,Personal Loan,1,0,0,0,0
C101787,Fixed Deposit,1,1,0,0,0
C101787,Fuel Credit Card,1,1,1,1,1
C101787,Premium Banking Account,1,1,1,1,1
C101787,Travel Credit Card,1,1,0,0,0
C101787,Recurring Deposit,1,0,0,0,0
C101788,Home Loan,1,1,1,0,0
C101788,Travel Credit Card,1,1,0,0,0
C101788,Fixed Deposit,1,0,0,0,0
C101788,Recurring Deposit,1,0,0,0,0
C101789,Premium Banking Account,1,0,0,0,0
C101789,Premium Credit Card,1,0,0,0,0
C101789,Personal Loan,1,1,0,0,0
C101789,Recurring Deposit,1,1,0,0,0
C101790,Premium Banking Account,1,0,0,0,0
C101790,Term Insurance,1,0,0,0,0
C101790,Recurring Deposit,1,0,0,0,0
C101791,Recurring Deposit,1,0,0,0,0
C101791,Term Insurance,1,0,0,0,0
C101791,Premium Banking Account,1,1,1,1,1
C101792,Home Loan,1,0,0,0,0
C101793,Term Insurance,1,0,0,0,0
C101793,Premium Credit Card,1,0,0,0,0
C101793,Investment Plan (Mutual Fund SIP),1,0,0,0,0
C101794,Investment Plan (Mutual Fund SIP),1,1,0,0,0
C101795,Home Loan,1,1,1,0,0
C101795,Premium Banking Account,1,0,0,0,0
C101795,Travel Credit Card,1,1,1,0,0
C101796,Term Insurance,1,1,0,0,0
C101796,Fuel Credit Card,1,1,0,0,0
C101796,Travel Credit Card,1,1,0,0,0
C101797,Recurring Deposit,1,1,1,0,0
C101797,Fixed Deposit,1,1,0,0,0
C101797,Premium Banking Account,1,0,0,0,0
C101797,Home Loan,1,0,0,0,0
C101797,Term Insurance,1,1,0,0,0
C101798,Recurring Deposit,1,1,1,1,1
C101798,Fuel Credit Card,1,1,0,0,0
C101798,Term Insurance,1,0,0,0,0
C101798,Premium Banking Account,1,1,0,0,0
C101798,Fixed Deposit,1,1,0,0,0
C101799,Investment Plan (Mutual Fund SIP),1,1,0,0,0
C101799,Term Insurance,1,1,0,0,0
C101799,Fixed Deposit,1,1,1,1,1
C101799,Home Loan,1,0,0,0,0
C101800,Recurring Deposit,1,0,0,0,0
C101800,Personal Loan,1,1,1,1,1
C101800,Fixed Deposit,1,1,1,0,0
C101801,Investment Plan (Mutual Fund SIP),1,0,0,0,0
C101801,Fuel Credit Card,1,1,0,0,0
C101801,Term Insurance,1,0,0,0,0
C101802,Home Loan,1,1,1,0,0
C101802,Travel Credit Card,1,0,0,0,0
C101802,Fuel Credit Card,1,0,0,0,0
C101803,Investment Plan (Mutual Fund SIP),1,0,0,0,0
C101803,Fuel Credit Card,1,1,0,0,0
C101803,Home Loan,1,1,1,0,0
C101804,Recurring Deposit,1,0,0,0,0
C101804,Fuel Credit Card,1,0,0,0,0
C101804,Travel Credit Card,1,0,0,0,0
C101805,Premium Banking Account,1,1,1,1,0
C101805,Cashback Credit Card,1,0,0,0,0
C101805,Home Loan,1,1,0,0,0
C101805,Premium Credit Card,1,1,0,0,0
C101805,Fixed Deposit,1,0,0,0,0
C101806,Home Loan,1,0,0,0,0
C101806,Travel Credit Card,1,1,0,0,0
C101807,Investment Plan (Mutual Fund SIP),1,1,1,0,0
C101808,Cashback Credit Card,1,0,0,0,0
C101808,Fuel Credit Card,1,1,1,1,1
C101808,Personal Loan,1,0,0,0,0
C101808,Fixed Deposit,1,0,0,0,0
C101810,Fuel Credit Card,1,0,0,0,0
C101810,Premium Credit Card,1,0,0,0,0
C101810,Cashback Credit Card,1,0,0,0,0
C101810,Premium Banking Account,1,1,0,0,0
C101811,Recurring Deposit,1,0,0,0,0
C101811,Fuel Credit Card,1,1,0,0,0
C101811,Fixed Deposit,1,0,0,0,0
C101811,Premium Banking Account,1,0,0,0,0
C101813,Investment Plan (Mutual Fund SIP),1,0,0,0,0
C101813,Travel Credit Card,1,0,0,0,0
C101813,Premium Credit Card,1,0,0,0,0
C101813,Fixed Deposit,1,1,0,0,0
C101813,Fuel Credit Card,1,1,0,0,0
C101814,Recurring Deposit,1,0,0,0,0
C101814,Investment Plan (Mutual Fund SIP),1,1,0,0,0
C101814,Fuel Credit Card,1,0,0,0,0
C101814,Fixed Deposit,1,1,1,0,0
C101814,Travel Credit Card,1,0,0,0,0
C101815,Travel Credit Card,1,1,0,0,0
C101816,Premium Credit Card,1,0,0,0,0
C101816,Investment Plan (Mutual Fund SIP),1,0,0,0,0
C101816,Recurring Deposit,1,0,0,0,0
C101817,Fixed Deposit,1,0,0,0,0
C101817,Personal Loan,1,1,0,0,0
C101818,Fixed Deposit,1,1,0,0,0
C101818,Travel Credit Card,1,1,0,0,0
C101818,Personal Loan,1,1,0,0,0
C101818,Term Insurance,1,0,0,0,0
C101819,Travel Credit Card,1,0,0,0,0
C101820,Travel Credit Card,1,1,0,0,0
C101820,Investment Plan (Mutual Fund SIP),1,1,1,1,0
C101820,Home Loan,1,0,0,0,0
C101821,Home Loan,1,1,1,1,0
C101821,Travel Credit Card,1,0,0,0,0
C101821,Recurring Deposit,1,0,0,0,0
C101821,Fuel Credit Card,1,1,1,0,0
C101822,Premium Credit Card,1,1,0,0,0
C101822,Premium Banking Account,1,0,0,0,0
C101822,Fuel Credit Card,1,1,0,0,0
C101822,Term Insurance,1,0,0,0,0
C101824,Fixed Deposit,1,0,0,0,0
C101824,Premium Credit Card,1,1,0,0,0
C101824,Personal Loan,1,0,0,0,0
C101824,Investment Plan (Mutual Fund SIP),1,0,0,0,0
C101824,Fuel Credit Card,1,1,0,0,0
C101825,Fuel Credit Card,1,1,1,1,0
C101825,Home Loan,1,0,0,0,0
C101825,Premium Banking Account,1,0,0,0,0
C101825,Personal Loan,1,0,0,0,0
C101825,Term Insurance,1,1,0,0,0
C101827,Recurring Deposit,1,0,0,0,0
C101827,Travel Credit Card,1,0,0,0,0
C101827,Term Insurance,1,0,0,0,0
C101827,Premium Credit Card,1,0,0,0,0
C101827,Fixed Deposit,1,1,1,1,1
C101828,Fixed Deposit,1,1,0,0,0
C101828,Home Loan,1,0,0,0,0
C101828,Recurring Deposit,1,1,1,1,1
C101829,Premium Credit Card,1,1,1,1,0
C101830,Premium Banking Account,1,1,0,0,0
C101830,Premium Credit Card,1,0,0,0,0
C101830,Fuel Credit Card,1,1,1,1,0
C101832,Fuel Credit Card,1,0,0,0,0
C101832,Home Loan,1,0,0,0,0
C101833,Fixed Deposit,1,1,0,0,0
C101833,Recurring Deposit,1,1,0,0,0
C101835,Recurring Deposit,1,1,0,0,0
C101835,Premium Credit Card,1,1,1,0,0
C101836,Home Loan,1,0,0,0,0
C101837,Home Loan,1,1,0,0,0
C101837,Investment Plan (Mutual Fund SIP),1,0,0,0,0
C101837,Fuel Credit Card,1,0,0,0,0
C101838,Travel Credit Card,1,1,1,1,0
C101838,Recurring Deposit,1,1,0,0,0
C101838,Fixed Deposit,1,1,0,0,0
C101839,Premium Credit Card,1,0,0,0,0
C101841,Premium Banking Account,1,1,1,0,0
C101841,Personal Loan,1,0,0,0,0
C101842,Home Loan,1,1,0,0,0
C101842,Term Insurance,1,0,0,0,0
C101843,Recurring Deposit,1,0,0,0,0
C101843,Cashback Credit Card,1,1,1,0,0
C101843,Home Loan,1,0,0,0,0
C101843,Term Insurance,1,1,1,1,1
C101844,Cashback Credit Card,1,0,0,0,0
C101844,Premium Credit Card,1,0,0,0,0
C101844,Personal Loan,1,0,0,0,0
C101844,Premium Banking Account,1,1,0,0,0
C101844,Investment Plan (Mutual Fund SIP),1,0,0,0,0
C101848,Home Loan,1,0,0,0,0
C101849,Personal Loan,1,1,0,0,0
C101850,Premium Credit Card,1,1,0,0,0
C101851,Recurring Deposit,1,0,0,0,0
C101851,Term Insurance,1,0,0,0,0
C101851,Fuel Credit Card,1,1,0,0,0
C101851,Personal Loan,1,0,0,0,0
C101851,Home Loan,1,1,1,1,1
C101852,Personal Loan,1,1,1,0,0
C101852,Travel Credit Card,1,1,1,1,0
C101852,Home Loan,1,0,0,0,0
C101852,Recurring Deposit,1,0,0,0,0
C101852,Investment Plan (Mutual Fund SIP),1,1,1,1,0
C101853,Personal Loan,1,0,0,0,0
C101853,Term Insurance,1,1,0,0,0
C101853,Premium Credit Card,1,1,1,1,1
C101853,Home Loan,1,1,0,0,0
C101854,Home Loan,1,0,0,0,0
C101854,Premium Credit Card,1,1,0,0,0
C101854,Term Insurance,1,1,0,0,0
C101854,Recurring Deposit,1,0,0,0,0
C101854,Travel Credit Card,1,1,0,0,0
C101855,Term Insurance,1,0,0,0,0
C101855,Fuel Credit Card,1,1,0,0,0
C101856,Fixed Deposit,1,1,0,0,0
C101856,Recurring Deposit,1,0,0,0,0
C101856,Premium Banking Account,1,1,1,1,1
C101857,Personal Loan,1,1,0,0,0
C101857,Premium Credit Card,1,1,0,0,0
C101857,Travel Credit Card,1,1,0,0,0
C101857,Premium Banking Account,1,0,0,0,0
C101858,Term Insurance,1,0,0,0,0
C101858,Cashback Credit Card,1,0,0,0,0
C101858,Home Loan,1,1,0,0,0
C101858,Fuel Credit Card,1,1,1,1,1
C101858,Investment Plan (Mutual Fund SIP),1,0,0,0,0
C101859,Premium Banking Account,1,0,0,0,0
C101859,Investment Plan (Mutual Fund SIP),1,0,0,0,0
C101859,Recurring Deposit,1,1,1,0,0
C101859,Premium Credit Card,1,1,0,0,0
C101859,Fixed Deposit,1,0,0,0,0
C101860,Premium Credit Card,1,1,0,0,0
C101860,Fixed Deposit,1,1,0,0,0
C101860,Cashback Credit Card,1,0,0,0,0
C101860,Term Insurance,1,0,0,0,0
C101860,Home Loan,1,0,0,0,0
C101861,Travel Credit Card,1,1,0,0,0
C101861,Premium Banking Account,1,1,1,1,1
C101861,Investment Plan (Mutual Fund SIP),1,1,1,1,1
C101861,Recurring Deposit,1,0,0,0,0
C101861,Cashback Credit Card,1,0,0,0,0
C101862,Fuel Credit Card,1,1,1,1,1
C101862,Premium Credit Card,1,1,0,0,0
C101862,Cashback Credit Card,1,0,0,0,0
C101862,Travel Credit Card,1,1,1,1,1
C101862,Term Insurance,1,0,0,0,0
C101863,Home Loan,1,1,1,1,1
C101863,Premium Credit Card,1,0,0,0,0
C101863,Recurring Deposit,1,1,1,1,0
C101863,Term Insurance,1,1,1,1,1
C101863,Travel Credit Card,1,0,0,0,0
C101864,Premium Banking Account,1,1,0,0,0
C101864,Fuel Credit Card,1,1,0,0,0
C101864,Premium Credit Card,1,0,0,0,0
C101864,Term Insurance,1,0,0,0,0
C101864,Fixed Deposit,1,1,0,0,0
C101865,Travel Credit Card,1,1,1,1,1
C101866,Premium Banking Account,1,0,0,0,0
C101866,Recurring Deposit,1,1,0,0,0
C101866,Term Insurance,1,0,0,0,0
C101866,Fixed Deposit,1,0,0,0,0
C101866,Travel Credit Card,1,1,0,0,0
C101867,Travel Credit Card,1,1,1,1,1
C101867,Investment Plan (Mutual Fund SIP),1,1,0,0,0
C101867,Term Insurance,1,0,0,0,0
C101867,Fuel Credit Card,1,1,0,0,0
C101867,Cashback Credit Card,1,1,0,0,0
C101868,Fixed Deposit,1,0,0,0,0
C101868,Premium Banking Account,1,0,0,0,0
C101868,Personal Loan,1,0,0,0,0
C101868,Premium Credit Card,1,0,0,0,0
C101868,Term Insurance,1,0,0,0,0
C101869,Cashback Credit Card,1,0,0,0,0
C101869,Premium Credit Card,1,1,0,0,0
C101869,Fixed Deposit,1,1,0,0,0
C101869,Fuel Credit Card,1,0,0,0,0
C101870,Fuel Credit Card,1,1,1,1,1
C101870,Travel Credit Card,1,1,1,1,0
C101870,Fixed Deposit,1,1,0,0,0
C101870,Premium Banking Account,1,0,0,0,0
C101870,Premium Credit Card,1,0,0,0,0
C101871,Recurring Deposit,1,1,0,0,0
C101871,Fixed Deposit,1,1,0,0,0
C101871,Travel Credit Card,1,0,0,0,0
C101872,Travel Credit Card,1,1,1,1,1
C101872,Premium Credit Card,1,0,0,0,0
C101873,Recurring Deposit,1,1,1,0,0
C101873,Term Insurance,1,1,0,0,0
C101873,Premium Banking Account,1,0,0,0,0
C101876,Fixed Deposit,1,0,0,0,0
C101876,Cashback Credit Card,1,0,0,0,0
C101876,Personal Loan,1,0,0,0,0
C101877,Premium Credit Card,1,1,0,0,0
C101877,Home Loan,1,0,0,0,0
C101879,Fuel Credit Card,1,1,1,1,1
C101879,Investment Plan (Mutual Fund SIP),1,0,0,0,0
C101879,Personal Loan,1,1,0,0,0
C101879,Premium Credit Card,1,1,1,1,1
C101880,Term Insurance,1,1,0,0,0
C101880,Recurring Deposit,1,1,1,1,0
C101880,Investment Plan (Mutual Fund SIP),1,1,0,0,0
C101880,Travel Credit Card,1,0,0,0,0
C101881,Fixed Deposit,1,1,0,0,0
C101882,Travel Credit Card,1,1,0,0,0
C101882,Fuel Credit Card,1,0,0,0,0
C101883,Home Loan,1,0,0,0,0
C101883,Premium Banking Account,1,0,0,0,0
C101883,Fixed Deposit,1,1,0,0,0
C101883,Investment Plan (Mutual Fund SIP),1,1,0,0,0
C101885,Personal Loan,1,1,0,0,0
C101886,Premium Banking Account,1,0,0,0,0
C101886,Cashback Credit Card,1,1,0,0,0
C101886,Recurring Deposit,1,0,0,0,0
C101887,Travel Credit Card,1,0,0,0,0
C101887,Personal Loan,1,1,0,0,0
C101887,Recurring Deposit,1,1,0,0,0
C101889,Term Insurance,1,1,0,0,0
C101889,Premium Credit Card,1,0,0,0,0
C101891,Recurring Deposit,1,1,1,1,1
C101891,Term Insurance,1,0,0,0,0
C101891,Fixed Deposit,1,1,0,0,0
C101891,Fuel Credit Card,1,0,0,0,0
C101893,Premium Banking Account,1,0,0,0,0
C101893,Premium Credit Card,1,1,0,0,0
C101893,Fixed Deposit,1,1,0,0,0
C101893,Fuel Credit Card,1,0,0,0,0
C101893,Home Loan,1,1,0,0,0
C101894,Home Loan,1,0,0,0,0
C101894,Premium Credit Card,1,0,0,0,0
C101894,Cashback Credit Card,1,1,0,0,0
C101894,Travel Credit Card,1,1,0,0,0
C101895,Investment Plan (Mutual Fund SIP),1,0,0,0,0
C101895,Travel Credit Card,1,0,0,0,0
C101895,Term Insurance,1,0,0,0,0
C101896,Investment Plan (Mutual Fund SIP),1,0,0,0,0
C101896,Travel Credit Card,1,1,1,1,0
C101896,Recurring Deposit,1,1,0,0,0
C101897,Fuel Credit Card,1,1,0,0,0
C101900,Travel Credit Card,1,1,0,0,0
C101901,Investment Plan (Mutual Fund SIP),1,1,0,0,0
C101901,Recurring Deposit,1,1,0,0,0
C101903,Fixed Deposit,1,0,0,0,0
C101904,Term Insurance,1,0,0,0,0
C101904,Travel Credit Card,1,1,1,1,0
C101904,Recurring Deposit,1,1,1,1,1
C101904,Premium Credit Card,1,1,0,0,0
C101904,Premium Banking Account,1,0,0,0,0
C101905,Travel Credit Card,1,0,0,0,0
C101906,Fixed Deposit,1,0,0,0,0
C101906,Fuel Credit Card,1,0,0,0,0
C101906,Premium Credit Card,1,1,0,0,0
C101906,Recurring Deposit,1,1,0,0,0
C101907,Premium Banking Account,1,1,0,0,0
C101907,Fixed Deposit,1,1,0,0,0
C101907,Premium Credit Card,1,1,1,0,0
C101908,Cashback Credit Card,1,0,0,0,0
C101908,Recurring Deposit,1,1,0,0,0
C101908,Travel Credit Card,1,1,1,1,1
C101909,Term Insurance,1,1,1,1,1
C101909,Premium Banking Account,1,0,0,0,0
C101909,Fixed Deposit,1,0,0,0,0
C101909,Personal Loan,1,0,0,0,0
C101909,Recurring Deposit,1,1,1,1,1
C101910,Term Insurance,1,1,0,0,0
C101911,Premium Credit Card,1,1,1,1,1
C101911,Term Insurance,1,0,0,0,0
C101911,Fixed Deposit,1,1,0,0,0
C101911,Cashback Credit Card,1,1,1,1,1
C101911,Travel Credit Card,1,1,0,0,0
C101912,Premium Credit Card,1,1,0,0,0
C101913,Term Insurance,1,1,0,0,0
C101914,Premium Banking Account,1,1,1,0,0
C101914,Term Insurance,1,0,0,0,0
C101914,Investment Plan (Mutual Fund SIP),1,1,0,0,0
C101914,Cashback Credit Card,1,1,0,0,0
C101914,Travel Credit Card,1,1,0,0,0
C101917,Recurring Deposit,1,0,0,0,0
C101917,Fuel Credit Card,1,0,0,0,0
C101917,Investment Plan (Mutual Fund SIP),1,0,0,0,0
C101917,Cashback Credit Card,1,1,0,0,0
C101919,Investment Plan (Mutual Fund SIP),1,0,0,0,0
C101919,Fuel Credit Card,1,1,1,1,1
C101920,Premium Credit Card,1,1,0,0,0
C101920,Home Loan,1,1,1,0,0
C101921,Travel Credit Card,1,0,0,0,0
C101921,Term Insurance,1,1,1,1,1
C101921,Investment Plan (Mutual Fund SIP),1,1,0,0,0
C101922,Premium Credit Card,1,1,0,0,0
C101922,Personal Loan,1,1,1,0,0
C101923,Premium Credit Card,1,0,0,0,0
C101923,Personal Loan,1,0,0,0,0
C101923,Travel Credit Card,1,1,1,0,0
C101923,Recurring Deposit,1,1,0,0,0
C101924,Personal Loan,1,0,0,0,0
C101924,Premium Credit Card,1,1,0,0,0
C101924,Travel Credit Card,1,0,0,0,0
C101924,Fuel Credit Card,1,1,0,0,0
C101925,Term Insurance,1,1,0,0,0
C101925,Travel Credit Card,1,1,0,0,0
C101925,Premium Credit Card,1,0,0,0,0
C101925,Premium Banking Account,1,0,0,0,0
C101925,Fuel Credit Card,1,0,0,0,0
C101926,Travel Credit Card,1,0,0,0,0
C101926,Term Insurance,1,0,0,0,0
C101926,Cashback Credit Card,1,0,0,0,0
C101926,Home Loan,1,1,0,0,0
C101927,Fixed Deposit,1,1,0,0,0
C101929,Term Insurance,1,1,0,0,0
C101930,Travel Credit Card,1,1,0,0,0
C101931,Cashback Credit Card,1,1,0,0,0
C101931,Premium Banking Account,1,0,0,0,0
C101931,Fuel Credit Card,1,1,0,0,0
C101931,Investment Plan (Mutual Fund SIP),1,1,1,0,0
C101932,Term Insurance,1,0,0,0,0
C101932,Home Loan,1,1,1,1,1
C101932,Travel Credit Card,1,1,1,1,1
C101934,Recurring Deposit,1,1,0,0,0
C101934,Term Insurance,1,1,0,0,0
C101934,Investment Plan (Mutual Fund SIP),1,1,0,0,0
C101934,Premium Banking Account,1,1,0,0,0
C101935,Premium Banking Account,1,1,1,1,1
C101937,Personal Loan,1,0,0,0,0
C101937,Fixed Deposit,1,0,0,0,0
C101937,Fuel Credit Card,1,1,1,1,1
C101937,Premium Credit Card,1,0,0,0,0
C101938,Fixed Deposit,1,0,0,0,0
C101940,Home Loan,1,1,0,0,0
C101941,Recurring Deposit,1,1,1,1,1
C101941,Personal Loan,1,0,0,0,0
C101942,Travel Credit Card,1,0,0,0,0
C101942,Cashback Credit Card,1,0,0,0,0
C101942,Recurring Deposit,1,0,0,0,0
C101942,Premium Credit Card,1,1,1,1,1
C101942,Investment Plan (Mutual Fund SIP),1,0,0,0,0
C101943,Personal Loan,1,0,0,0,0
C101943,Premium Banking Account,1,1,1,1,1
C101943,Fuel Credit Card,1,1,0,0,0
C101943,Recurring Deposit,1,1,1,1,1
C101945,Term Insurance,1,1,1,1,0
C101946,Home Loan,1,0,0,0,0
C101946,Fuel Credit Card,1,1,1,1,0
C101946,Recurring Deposit,1,1,0,0,0
C101946,Premium Credit Card,1,0,0,0,0
C101946,Term Insurance,1,1,1,0,0
C101947,Travel Credit Card,1,0,0,0,0
C101947,Premium Credit Card,1,1,1,0,0
C101947,Term Insurance,1,1,0,0,0
C101947,Fixed Deposit,1,1,0,0,0
C101947,Home Loan,1,1,1,0,0
C101949,Personal Loan,1,0,0,0,0
C101949,Home Loan,1,1,1,1,1
C101949,Premium Credit Card,1,1,0,0,0
C101949,Investment Plan (Mutual Fund SIP),1,0,0,0,0
C101951,Fuel Credit Card,1,0,0,0,0
C101951,Recurring Deposit,1,0,0,0,0
C101951,Home Loan,1,1,0,0,0
C101951,Term Insurance,1,1,1,1,1
C101952,Cashback Credit Card,1,0,0,0,0
C101952,Personal Loan,1,1,0,0,0
C101952,Recurring Deposit,1,1,0,0,0
C101952,Premium Banking Account,1,1,0,0,0
C101952,Fixed Deposit,1,1,0,0,0
C101953,Investment Plan (Mutual Fund SIP),1,0,0,0,0
C101953,Term Insurance,1,1,0,0,0
C101953,Premium Credit Card,1,1,0,0,0
C101953,Premium Banking Account,1,1,1,1,1
C101954,Recurring Deposit,1,1,1,1,0
C101954,Fixed Deposit,1,0,0,0,0
C101954,Premium Credit Card,1,1,0,0,0
C101955,Travel Credit Card,1,1,0,0,0
C101955,Premium Credit Card,1,0,0,0,0
C101955,Term Insurance,1,0,0,0,0
C101957,Recurring Deposit,1,1,1,1,1
C101959,Premium Credit Card,1,0,0,0,0
C101959,Premium Banking Account,1,1,0,0,0
C101959,Travel Credit Card,1,0,0,0,0
C101959,Recurring Deposit,1,1,0,0,0
C101959,Investment Plan (Mutual Fund SIP),1,1,1,1,1
C101960,Fixed Deposit,1,0,0,0,0
C101960,Premium Credit Card,1,1,0,0,0
C101961,Travel Credit Card,1,1,0,0,0
C101961,Fuel Credit Card,1,0,0,0,0
C101961,Fixed Deposit,1,1,0,0,0
C101961,Personal Loan,1,1,0,0,0
C101962,Fixed Deposit,1,1,1,1,1
C101962,Premium Banking Account,1,1,0,0,0
C101963,Home Loan,1,1,0,0,0
C101963,Investment Plan (Mutual Fund SIP),1,1,0,0,0
C101963,Premium Banking Account,1,1,1,1,1
C101963,Personal Loan,1,0,0,0,0
C101964,Cashback Credit Card,1,0,0,0,0
C101964,Recurring Deposit,1,1,0,0,0
C101964,Fuel Credit Card,1,0,0,0,0
C101964,Travel Credit Card,1,1,0,0,0
C101964,Investment Plan (Mutual Fund SIP),1,1,1,0,0
C101965,Travel Credit Card,1,0,0,0,0
C101966,Term Insurance,1,1,0,0,0
C101966,Personal Loan,1,1,0,0,0
C101966,Recurring Deposit,1,0,0,0,0
C101967,Home Loan,1,0,0,0,0
C101967,Travel Credit Card,1,1,0,0,0
C101967,Investment Plan (Mutual Fund SIP),1,0,0,0,0
C101967,Personal Loan,1,0,0,0,0
C101968,Fixed Deposit,1,1,0,0,0
C101968,Term Insurance,1,0,0,0,0
C101968,Premium Credit Card,1,0,0,0,0
C101968,Fuel Credit Card,1,1,1,1,1
C101968,Travel Credit Card,1,0,0,0,0
C101969,Investment Plan (Mutual Fund SIP),1,0,0,0,0
C101969,Premium Banking Account,1,0,0,0,0
C101969,Recurring Deposit,1,0,0,0,0
C101969,Cashback Credit Card,1,1,0,0,0
C101970,Cashback Credit Card,1,0,0,0,0
C101970,Investment Plan (Mutual Fund SIP),1,0,0,0,0
C101970,Fixed Deposit,1,0,0,0,0
C101971,Premium Banking Account,1,0,0,0,0
C101971,Fixed Deposit,1,1,1,1,1
C101971,Cashback Credit Card,1,0,0,0,0
C101972,Premium Banking Account,1,1,0,0,0
C101972,Fuel Credit Card,1,0,0,0,0
C101972,Fixed Deposit,1,1,1,1,0
C101973,Investment Plan (Mutual Fund SIP),1,0,0,0,0
C101973,Fixed Deposit,1,1,0,0,0
C101973,Recurring Deposit,1,0,0,0,0
C101973,Premium Banking Account,1,0,0,0,0
C101973,Term Insurance,1,1,0,0,0
C101974,Home Loan,1,1,0,0,0
C101974,Term Insurance,1,0,0,0,0
C101974,Travel Credit Card,1,1,1,1,1
C101975,Fixed Deposit,1,0,0,0,0
C101975,Travel Credit Card,1,0,0,0,0
C101975,Personal Loan,1,0,0,0,0
C101975,Fuel Credit Card,1,1,0,0,0
C101976,Personal Loan,1,1,1,1,1
C101976,Cashback Credit Card,1,1,0,0,0
C101976,Premium Banking Account,1,0,0,0,0
C101976,Fuel Credit Card,1,0,0,0,0
C101976,Travel Credit Card,1,0,0,0,0
C101977,Home Loan,1,1,0,0,0
C101977,Investment Plan (Mutual Fund SIP),1,0,0,0,0
C101977,Premium Banking Account,1,1,0,0,0
C101977,Fuel Credit Card,1,0,0,0,0
C101978,Recurring Deposit,1,1,1,1,0
C101979,Premium Banking Account,1,1,1,1,1
C101979,Investment Plan (Mutual Fund SIP),1,1,0,0,0
C101980,Cashback Credit Card,1,1,0,0,0
C101980,Fixed Deposit,1,0,0,0,0
C101980,Travel Credit Card,1,1,1,0,0
C101980,Recurring Deposit,1,0,0,0,0
C101981,Recurring Deposit,1,1,1,1,1
C101982,Term Insurance,1,1,1,1,1
C101982,Home Loan,1,0,0,0,0
C101982,Fixed Deposit,1,1,1,0,0
C101982,Premium Banking Account,1,1,0,0,0
C101982,Personal Loan,1,1,0,0,0
C101983,Travel Credit Card,1,1,0,0,0
C101983,Personal Loan,1,1,0,0,0
C101983,Fuel Credit Card,1,0,0,0,0
C101983,Premium Banking Account,1,0,0,0,0
C101983,Cashback Credit Card,1,1,1,1,0
C101984,Home Loan,1,1,0,0,0
C101984,Term Insurance,1,0,0,0,0
C101985,Premium Banking Account,1,0,0,0,0
C101985,Recurring Deposit,1,0,0,0,0
C101985,Fuel Credit Card,1,1,0,0,0
C101987,Personal Loan,1,1,1,1,1
C101987,Investment Plan (Mutual Fund SIP),1,1,0,0,0
C101987,Term Insurance,1,1,1,1,0
C101987,Premium Credit Card,1,0,0,0,0
C101988,Home Loan,1,1,0,0,0
C101988,Fixed Deposit,1,1,1,0,0
C101989,Personal Loan,1,1,1,0,0
C101989,Fuel Credit Card,1,0,0,0,0
C101991,Cashback Credit Card,1,0,0,0,0
C101991,Personal Loan,1,1,1,1,1
C101991,Term Insurance,1,1,1,0,0
C101992,Premium Banking Account,1,0,0,0,0
C101992,Premium Credit Card,1,0,0,0,0
C101992,Home Loan,1,0,0,0,0
C101993,Personal Loan,1,0,0,0,0
C101993,Fuel Credit Card,1,1,1,1,0
C101994,Recurring Deposit,1,0,0,0,0
C101994,Premium Banking Account,1,1,0,0,0
C101994,Investment Plan (Mutual Fund SIP),1,0,0,0,0
C101994,Cashback Credit Card,1,1,0,0,0
C101994,Personal Loan,1,0,0,0,0
C101995,Premium Banking Account,1,0,0,0,0
C101995,Premium Credit Card,1,1,1,1,0
C101995,Investment Plan (Mutual Fund SIP),1,1,0,0,0
C101995,Home Loan,1,1,1,0,0
C101995,Travel Credit Card,1,1,0,0,0
C101996,Travel Credit Card,1,1,1,1,0
C101996,Premium Credit Card,1,1,1,1,1
C101997,Home Loan,1,1,0,0,0
C101997,Fuel Credit Card,1,1,0,0,0
C101997,Recurring Deposit,1,1,0,0,0
C101997,Premium Banking Account,1,0,0,0,0
C101997,Fixed Deposit,1,0,0,0,0
C101998,Cashback Credit Card,1,0,0,0,0
C101998,Term Insurance,1,1,1,1,1
C101998,Home Loan,1,1,0,0,0
C101998,Fuel Credit Card,1,1,0,0,0
C102000,Fixed Deposit,1,0,0,0,0
C102000,Recurring Deposit,1,0,0,0,0
C102000,Premium Credit Card,1,1,0,0,0
C102000,Premium Banking Account,1,1,0,0,0
C102001,Premium Credit Card,1,1,1,1,1
C102001,Fuel Credit Card,1,1,1,1,1
C102001,Home Loan,1,0,0,0,0
C102001,Term Insurance,1,0,0,0,0
C102001,Premium Banking Account,1,1,0,0,0
C102002,Fuel Credit Card,1,1,0,0,0
C102002,Investment Plan (Mutual Fund SIP),1,0,0,0,0
C102002,Home Loan,1,0,0,0,0
C102002,Travel Credit Card,1,1,0,0,0
C102003,Premium Credit Card,1,0,0,0,0
C102003,Cashback Credit Card,1,1,1,1,1
C102003,Fixed Deposit,1,1,0,0,0
C102003,Premium Banking Account,1,0,0,0,0
C102003,Recurring Deposit,1,0,0,0,0
C102004,Premium Banking Account,1,1,0,0,0
C102004,Fixed Deposit,1,1,1,0,0
C102004,Recurring Deposit,1,1,0,0,0
C102004,Cashback Credit Card,1,1,1,0,0
C102004,Premium Credit Card,1,1,0,0,0
C102005,Premium Credit Card,1,0,0,0,0
C102005,Term Insurance,1,0,0,0,0
C102005,Travel Credit Card,1,1,0,0,0
C102005,Recurring Deposit,1,0,0,0,0
C102006,Fixed Deposit,1,1,1,0,0
C102006,Fuel Credit Card,1,1,1,1,1
C102006,Premium Banking Account,1,1,0,0,0
C102009,Home Loan,1,1,1,1,1
C102009,Premium Credit Card,1,0,0,0,0
C102010,Cashback Credit Card,1,1,0,0,0
C102010,Investment Plan (Mutual Fund SIP),1,1,0,0,0
C102010,Premium Banking Account,1,1,0,0,0
C102010,Premium Credit Card,1,1,1,0,0
C102010,Fuel Credit Card,1,1,1,1,0
C102011,Fixed Deposit,1,1,1,1,1
C102011,Investment Plan (Mutual Fund SIP),1,1,0,0,0
C102011,Premium Banking Account,1,0,0,0,0
C102011,Fuel Credit Card,1,0,0,0,0
C102012,Travel Credit Card,1,1,0,0,0
C102012,Premium Credit Card,1,0,0,0,0
C102012,Personal Loan,1,1,0,0,0
C102012,Premium Banking Account,1,1,1,1,1
C102012,Cashback Credit Card,1,1,1,1,1
C102014,Fixed Deposit,1,0,0,0,0
C102014,Premium Credit Card,1,1,0,0,0
C102015,Premium Banking Account,1,1,0,0,0
C102017,Investment Plan (Mutual Fund SIP),1,1,1,1,1
C102017,Home Loan,1,1,1,1,1
C102017,Recurring Deposit,1,1,0,0,0
C102017,Fixed Deposit,1,1,1,1,0
C102019,Cashback Credit Card,1,1,0,0,0
C102019,Fuel Credit Card,1,0,0,0,0
C102019,Investment Plan (Mutual Fund SIP),1,0,0,0,0
C102019,Recurring Deposit,1,0,0,0,0
C102019,Term Insurance,1,1,0,0,0
C102020,Cashback Credit Card,1,0,0,0,0
C102020,Recurring Deposit,1,1,0,0,0
C102020,Fuel Credit Card,1,1,1,0,0
C102020,Term Insurance,1,0,0,0,0
C102021,Recurring Deposit,1,1,0,0,0
C102021,Premium Banking Account,1,1,0,0,0
C102021,Premium Credit Card,1,0,0,0,0
C102021,Investment Plan (Mutual Fund SIP),1,1,1,1,1
C102022,Premium Credit Card,1,1,0,0,0
C102022,Fuel Credit Card,1,0,0,0,0
C102022,Personal Loan,1,1,0,0,0
C102024,Cashback Credit Card,1,0,0,0,0
C102025,Personal Loan,1,1,0,0,0
C102025,Fixed Deposit,1,1,0,0,0
C102025,Term Insurance,1,1,1,0,0
C102025,Recurring Deposit,1,0,0,0,0
C102025,Premium Credit Card,1,0,0,0,0
C102026,Premium Banking Account,1,0,0,0,0
C102027,Term Insurance,1,0,0,0,0
C102027,Cashback Credit Card,1,1,1,1,1
C102028,Personal Loan,1,1,0,0,0
C102029,Home Loan,1,1,0,0,0
C102029,Recurring Deposit,1,0,0,0,0
C102029,Fixed Deposit,1,1,0,0,0
C102029,Travel Credit Card,1,1,0,0,0
C102029,Investment Plan (Mutual Fund SIP),1,0,0,0,0
C102030,Premium Credit Card,1,1,0,0,0
C102030,Fuel Credit Card,1,0,0,0,0
C102031,Personal Loan,1,0,0,0,0
C102031,Premium Banking Account,1,1,0,0,0
C102031,Cashback Credit Card,1,1,0,0,0
C102031,Fixed Deposit,1,1,0,0,0
C102031,Term Insurance,1,0,0,0,0
C102032,Investment Plan (Mutual Fund SIP),1,0,0,0,0
C102032,Home Loan,1,1,0,0,0
C102032,Travel Credit Card,1,0,0,0,0
C102032,Term Insurance,1,0,0,0,0
C102032,Fixed Deposit,1,0,0,0,0
C102033,Travel Credit Card,1,0,0,0,0
C102033,Fuel Credit Card,1,0,0,0,0
C102033,Personal Loan,1,0,0,0,0
C102034,Premium Credit Card,1,1,0,0,0
C102035,Premium Credit Card,1,1,0,0,0
C102036,Cashback Credit Card,1,0,0,0,0
C102036,Investment Plan (Mutual Fund SIP),1,1,1,1,1
C102036,Premium Credit Card,1,1,0,0,0
C102036,Recurring Deposit,1,0,0,0,0
C102036,Fixed Deposit,1,1,1,1,1
C102037,Travel Credit Card,1,0,0,0,0
C102037,Home Loan,1,1,1,1,1
C102037,Cashback Credit Card,1,0,0,0,0
C102038,Recurring Deposit,1,0,0,0,0
C102039,Term Insurance,1,0,0,0,0
C102039,Personal Loan,1,1,1,0,0
C102039,Fixed Deposit,1,1,0,0,0
C102040,Premium Credit Card,1,0,0,0,0
C102040,Personal Loan,1,1,1,1,1
C102040,Investment Plan (Mutual Fund SIP),1,1,1,1,0
C102040,Cashback Credit Card,1,1,1,1,1
C102041,Term Insurance,1,1,0,0,0
C102041,Premium Credit Card,1,1,1,0,0
C102042,Premium Credit Card,1,1,0,0,0
C102042,Personal Loan,1,1,0,0,0
C102042,Fuel Credit Card,1,0,0,0,0
C102043,Home Loan,1,1,0,0,0
C102043,Premium Banking Account,1,1,0,0,0
C102043,Cashback Credit Card,1,1,0,0,0
C102045,Term Insurance,1,0,0,0,0
C102045,Cashback Credit Card,1,0,0,0,0
C102046,Personal Loan,1,1,0,0,0
C102046,Home Loan,1,1,0,0,0
C102046,Fuel Credit Card,1,1,0,0,0
C102047,Investment Plan (Mutual Fund SIP),1,1,0,0,0
C102047,Home Loan,1,1,0,0,0
C102048,Investment Plan (Mutual Fund SIP),1,1,1,1,1
C102049,Home Loan,1,0,0,0,0
C102049,Travel Credit Card,1,0,0,0,0
C102049,Fuel Credit Card,1,0,0,0,0
C102049,Term Insurance,1,0,0,0,0
C102049,Premium Credit Card,1,0,0,0,0
C102050,Personal Loan,1,0,0,0,0
C102050,Fixed Deposit,1,0,0,0,0
C102050,Fuel Credit Card,1,0,0,0,0
C102051,Investment Plan (Mutual Fund SIP),1,1,0,0,0
C102052,Home Loan,1,0,0,0,0
C102052,Fuel Credit Card,1,1,0,0,0
C102052,Premium Banking Account,1,1,0,0,0
C102052,Term Insurance,1,1,0,0,0
C102053,Travel Credit Card,1,1,0,0,0
C102053,Fuel Credit Card,1,1,1,1,0
C102053,Home Loan,1,1,0,0,0
C102053,Personal Loan,1,1,0,0,0
C102053,Premium Credit Card,1,0,0,0,0
C102054,Fuel Credit Card,1,0,0,0,0
C102055,Term Insurance,1,0,0,0,0
C102056,Fuel Credit Card,1,1,0,0,0
C102056,Home Loan,1,1,0,0,0
C102056,Investment Plan (Mutual Fund SIP),1,0,0,0,0
C102056,Recurring Deposit,1,0,0,0,0
C102057,Fuel Credit Card,1,1,0,0,0
C102057,Recurring Deposit,1,0,0,0,0
C102057,Cashback Credit Card,1,1,0,0,0
C102058,Travel Credit Card,1,0,0,0,0
C102058,Term Insurance,1,0,0,0,0
C102059,Cashback Credit Card,1,1,1,1,0
C102059,Investment Plan (Mutual Fund SIP),1,1,0,0,0
C102059,Premium Credit Card,1,0,0,0,0
C102060,Recurring Deposit,1,0,0,0,0
C102062,Travel Credit Card,1,1,1,1,0
C102062,Fuel Credit Card,1,0,0,0,0
C102062,Term Insurance,1,1,0,0,0
C102062,Cashback Credit Card,1,1,0,0,0
C102063,Fixed Deposit,1,1,1,1,1
C102063,Investment Plan (Mutual Fund SIP),1,0,0,0,0
C102063,Personal Loan,1,0,0,0,0
C102063,Recurring Deposit,1,1,1,1,1
C102065,Cashback Credit Card,1,0,0,0,0
C102066,Premium Banking Account,1,1,0,0,0
C102066,Recurring Deposit,1,0,0,0,0
C102066,Cashback Credit Card,1,1,1,1,0
C102066,Fixed Deposit,1,1,0,0,0
C102066,Personal Loan,1,1,1,0,0
C102067,Personal Loan,1,0,0,0,0
C102067,Home Loan,1,1,0,0,0
C102067,Investment Plan (Mutual Fund SIP),1,1,0,0,0
C102069,Investment Plan (Mutual Fund SIP),1,0,0,0,0
C102070,Investment Plan (Mutual Fund SIP),1,0,0,0,0
C102070,Premium Credit Card,1,0,0,0,0
C102070,Travel Credit Card,1,0,0,0,0
C102070,Home Loan,1,0,0,0,0
C102071,Personal Loan,1,1,1,1,1
C102071,Term Insurance,1,0,0,0,0
C102072,Premium Credit Card,1,0,0,0,0
C102072,Recurring Deposit,1,0,0,0,0
C102073,Premium Credit Card,1,1,0,0,0
C102073,Term Insurance,1,1,1,1,1
C102073,Home Loan,1,0,0,0,0
C102073,Premium Banking Account,1,1,0,0,0
C102073,Travel Credit Card,1,1,0,0,0
C102075,Fixed Deposit,1,0,0,0,0
C102075,Investment Plan (Mutual Fund SIP),1,1,0,0,0
C102075,Term Insurance,1,1,1,1,1
C102078,Fuel Credit Card,1,1,1,0,0
C102079,Recurring Deposit,1,1,1,1,0
C102079,Personal Loan,1,0,0,0,0
C102079,Investment Plan (Mutual Fund SIP),1,1,0,0,0
C102079,Cashback Credit Card,1,1,1,1,0
C102079,Home Loan,1,1,1,0,0
C102080,Cashback Credit Card,1,1,1,1,1
C102082,Premium Banking Account,1,0,0,0,0
C102082,Investment Plan (Mutual Fund SIP),1,1,0,0,0
C102082,Home Loan,1,1,1,1,1
C102082,Premium Credit Card,1,0,0,0,0
C102082,Fixed Deposit,1,0,0,0,0
C102083,Investment Plan (Mutual Fund SIP),1,1,1,1,1
C102083,Recurring Deposit,1,0,0,0,0
C102083,Home Loan,1,1,0,0,0
C102083,Personal Loan,1,1,0,0,0
C102083,Premium Credit Card,1,1,0,0,0
C102084,Premium Banking Account,1,0,0,0,0
C102084,Term Insurance,1,0,0,0,0
C102084,Investment Plan (Mutual Fund SIP),1,0,0,0,0
C102084,Travel Credit Card,1,0,0,0,0
C102084,Fixed Deposit,1,0,0,0,0
C102085,Home Loan,1,1,0,0,0
C102085,Premium Credit Card,1,0,0,0,0
C102085,Recurring Deposit,1,1,1,0,0
C102085,Personal Loan,1,1,0,0,0
C102085,Cashback Credit Card,1,0,0,0,0
C102087,Fixed Deposit,1,1,0,0,0
C102087,Cashback Credit Card,1,1,0,0,0
C102087,Fuel Credit Card,1,0,0,0,0
C102087,Premium Banking Account,1,0,0,0,0
C102088,Term Insurance,1,1,0,0,0
C102088,Premium Banking Account,1,1,0,0,0
C102088,Personal Loan,1,1,0,0,0
C102090,Home Loan,1,1,0,0,0
C102090,Recurring Deposit,1,1,1,1,1
C102090,Fixed Deposit,1,1,0,0,0
C102091,Personal Loan,1,0,0,0,0
C102091,Investment Plan (Mutual Fund SIP),1,1,0,0,0
C102091,Fixed Deposit,1,1,0,0,0
C102092,Fuel Credit Card,1,1,0,0,0
C102092,Travel Credit Card,1,1,0,0,0
C102092,Personal Loan,1,0,0,0,0
C102092,Premium Credit Card,1,1,0,0,0
C102093,Premium Credit Card,1,1,1,1,1
C102093,Travel Credit Card,1,0,0,0,0
C102093,Term Insurance,1,1,1,0,0
C102094,Premium Credit Card,1,1,0,0,0
C102094,Fixed Deposit,1,1,1,1,1
C102094,Travel Credit Card,1,1,0,0,0
C102095,Travel Credit Card,1,1,0,0,0
C102095,Cashback Credit Card,1,1,0,0,0
C102095,Term Insurance,1,0,0,0,0
C102095,Fixed Deposit,1,1,0,0,0
C102095,Recurring Deposit,1,0,0,0,0
C102096,Cashback Credit Card,1,1,1,1,0
C102096,Premium Banking Account,1,1,0,0,0
C102097,Fuel Credit Card,1,0,0,0,0
C102097,Recurring Deposit,1,1,0,0,0
C102097,Premium Credit Card,1,0,0,0,0
C102098,Investment Plan (Mutual Fund SIP),1,1,1,0,0
C102098,Recurring Deposit,1,0,0,0,0
C102098,Premium Credit Card,1,1,0,0,0
C102098,Home Loan,1,0,0,0,0
C102098,Fixed Deposit,1,0,0,0,0
C102099,Travel Credit Card,1,0,0,0,0
C102099,Premium Banking Account,1,1,0,0,0
C102100,Personal Loan,1,1,0,0,0
C102100,Home Loan,1,0,0,0,0
C102100,Investment Plan (Mutual Fund SIP),1,1,0,0,0
C102100,Cashback Credit Card,1,1,0,0,0
C102100,Term Insurance,1,0,0,0,0
C102101,Home Loan,1,1,0,0,0
C102101,Premium Banking Account,1,1,0,0,0
C102101,Recurring Deposit,1,1,1,1,0
C102101,Fuel Credit Card,1,0,0,0,0
C102101,Investment Plan (Mutual Fund SIP),1,1,0,0,0
C102103,Investment Plan (Mutual Fund SIP),1,1,1,1,1
C102103,Personal Loan,1,0,0,0,0
C102103,Term Insurance,1,1,0,0,0
C102103,Travel Credit Card,1,1,0,0,0
C102103,Premium Credit Card,1,1,0,0,0
C102104,Travel Credit Card,1,1,0,0,0
C102104,Premium Banking Account,1,0,0,0,0
C102104,Home Loan,1,1,0,0,0
C102104,Term Insurance,1,1,1,0,0
C102104,Fixed Deposit,1,0,0,0,0
C102106,Premium Banking Account,1,0,0,0,0
C102106,Personal Loan,1,0,0,0,0
C102106,Fuel Credit Card,1,0,0,0,0
C102106,Term Insurance,1,1,0,0,0
C102108,Personal Loan,1,0,0,0,0
C102108,Fuel Credit Card,1,1,1,1,1
C102108,Recurring Deposit,1,0,0,0,0
C102109,Term Insurance,1,0,0,0,0
C102109,Premium Banking Account,1,1,1,1,1
C102109,Recurring Deposit,1,0,0,0,0
C102109,Home Loan,1,0,0,0,0
C102113,Personal Loan,1,1,0,0,0
C102113,Fuel Credit Card,1,1,0,0,0
C102113,Term Insurance,1,0,0,0,0
C102114,Travel Credit Card,1,1,0,0,0
C102114,Fixed Deposit,1,1,1,1,0
C102114,Investment Plan (Mutual Fund SIP),1,1,1,1,0
C102114,Personal Loan,1,1,0,0,0
C102114,Fuel Credit Card,1,0,0,0,0
C102115,Travel Credit Card,1,0,0,0,0
C102116,Fuel Credit Card,1,0,0,0,0
C102116,Investment Plan (Mutual Fund SIP),1,1,0,0,0
C102116,Term Insurance,1,1,0,0,0
C102116,Premium Banking Account,1,0,0,0,0
C102119,Fuel Credit Card,1,0,0,0,0
C102119,Recurring Deposit,1,1,0,0,0
C102119,Premium Credit Card,1,1,0,0,0
C102119,Investment Plan (Mutual Fund SIP),1,1,1,1,0
C102120,Premium Credit Card,1,1,1,1,0
C102120,Fixed Deposit,1,1,0,0,0
C102120,Investment Plan (Mutual Fund SIP),1,0,0,0,0
C102120,Term Insurance,1,1,0,0,0
C102120,Premium Banking Account,1,0,0,0,0
C102121,Premium Credit Card,1,1,1,1,1
C102121,Recurring Deposit,1,0,0,0,0
C102121,Home Loan,1,0,0,0,0
C102123,Cashback Credit Card,1,0,0,0,0
C102123,Investment Plan (Mutual Fund SIP),1,0,0,0,0
C102123,Travel Credit Card,1,1,0,0,0
C102123,Fixed Deposit,1,1,0,0,0
C102124,Travel Credit Card,1,1,0,0,0
C102124,Home Loan,1,1,1,1,1
C102124,Fuel Credit Card,1,0,0,0,0
C102124,Premium Credit Card,1,0,0,0,0
C102124,Premium Banking Account,1,1,0,0,0
C102125,Travel Credit Card,1,0,0,0,0
C102127,Fuel Credit Card,1,1,0,0,0
C102127,Cashback Credit Card,1,0,0,0,0
C102130,Premium Banking Account,1,1,0,0,0
C102130,Investment Plan (Mutual Fund SIP),1,0,0,0,0
C102130,Fixed Deposit,1,1,0,0,0
C102130,Term Insurance,1,0,0,0,0
C102131,Investment Plan (Mutual Fund SIP),1,1,1,1,1
C102131,Premium Credit Card,1,0,0,0,0
C102131,Premium Banking Account,1,0,0,0,0
C102132,Cashback Credit Card,1,0,0,0,0
C102132,Travel Credit Card,1,0,0,0,0
C102133,Investment Plan (Mutual Fund SIP),1,1,1,1,1
C102133,Fuel Credit Card,1,1,0,0,0
C102134,Term Insurance,1,0,0,0,0
C102134,Recurring Deposit,1,1,1,1,1
C102134,Investment Plan (Mutual Fund SIP),1,1,0,0,0
C102135,Term Insurance,1,1,0,0,0
C102136,Travel Credit Card,1,0,0,0,0
C102136,Premium Credit Card,1,1,0,0,0
C102136,Investment Plan (Mutual Fund SIP),1,0,0,0,0
C102138,Home Loan,1,0,0,0,0
C102138,Recurring Deposit,1,0,0,0,0
C102138,Cashback Credit Card,1,0,0,0,0
C102138,Travel Credit Card,1,0,0,0,0
C102138,Personal Loan,1,1,1,0,0
C102140,Term Insurance,1,1,0,0,0
C102141,Term Insurance,1,1,1,1,1
C102141,Premium Credit Card,1,1,1,1,1
C102141,Recurring Deposit,1,1,0,0,0
C102141,Fuel Credit Card,1,0,0,0,0
C102141,Personal Loan,1,0,0,0,0
C102142,Recurring Deposit,1,1,1,1,1
C102142,Cashback Credit Card,1,1,1,1,1
C102142,Home Loan,1,0,0,0,0
C102142,Personal Loan,1,0,0,0,0
C102142,Term Insurance,1,0,0,0,0
C102143,Fuel Credit Card,1,0,0,0,0
C102143,Premium Banking Account,1,0,0,0,0
C102143,Premium Credit Card,1,1,0,0,0
C102143,Personal Loan,1,0,0,0,0
C102145,Premium Banking Account,1,1,1,1,1
C102145,Personal Loan,1,0,0,0,0
C102145,Cashback Credit Card,1,1,1,1,1
C102145,Travel Credit Card,1,0,0,0,0
C102146,Term Insurance,1,1,0,0,0
C102146,Fuel Credit Card,1,0,0,0,0
C102146,Cashback Credit Card,1,1,0,0,0
C102146,Travel Credit Card,1,0,0,0,0
C102146,Home Loan,1,1,0,0,0
C102147,Cashback Credit Card,1,1,0,0,0
C102147,Recurring Deposit,1,1,0,0,0
C102147,Term Insurance,1,1,1,1,0
C102148,Fuel Credit Card,1,0,0,0,0
C102149,Fixed Deposit,1,0,0,0,0
C102149,Recurring Deposit,1,1,0,0,0
C102149,Premium Banking Account,1,1,1,1,0
C102150,Cashback Credit Card,1,0,0,0,0
C102150,Premium Banking Account,1,0,0,0,0
C102150,Travel Credit Card,1,1,1,0,0
C102151,Investment Plan (Mutual Fund SIP),1,0,0,0,0
C102151,Fixed Deposit,1,0,0,0,0
C102151,Personal Loan,1,1,0,0,0
C102151,Premium Credit Card,1,1,0,0,0
C102154,Personal Loan,1,0,0,0,0
C102154,Premium Credit Card,1,1,0,0,0
C102154,Travel Credit Card,1,1,0,0,0
C102154,Fixed Deposit,1,0,0,0,0
C102154,Term Insurance,1,1,0,0,0
C102155,Cashback Credit Card,1,1,0,0,0
C102155,Personal Loan,1,1,0,0,0
C102155,Fixed Deposit,1,1,0,0,0
C102155,Term Insurance,1,0,0,0,0
C102155,Home Loan,1,1,1,1,1
C102156,Home Loan,1,1,0,0,0
C102156,Personal Loan,1,1,0,0,0
C102156,Fixed Deposit,1,1,0,0,0
C102156,Travel Credit Card,1,1,0,0,0
C102156,Recurring Deposit,1,0,0,0,0
C102157,Home Loan,1,1,0,0,0
C102157,Premium Banking Account,1,0,0,0,0
C102157,Investment Plan (Mutual Fund SIP),1,0,0,0,0
C102157,Cashback Credit Card,1,0,0,0,0
C102157,Personal Loan,1,1,0,0,0
C102158,Investment Plan (Mutual Fund SIP),1,1,0,0,0
C102158,Recurring Deposit,1,1,0,0,0
C102158,Fuel Credit Card,1,1,1,0,0
C102158,Home Loan,1,0,0,0,0
C102159,Travel Credit Card,1,0,0,0,0
C102159,Personal Loan,1,1,0,0,0
C102159,Term Insurance,1,0,0,0,0
C102159,Cashback Credit Card,1,0,0,0,0
C102159,Investment Plan (Mutual Fund SIP),1,0,0,0,0
C102160,Fuel Credit Card,1,0,0,0,0
C102160,Travel Credit Card,1,0,0,0,0
C102161,Premium Banking Account,1,1,0,0,0
C102161,Premium Credit Card,1,1,0,0,0
C102161,Travel Credit Card,1,1,0,0,0
C102161,Cashback Credit Card,1,0,0,0,0
C102161,Home Loan,1,1,0,0,0
C102163,Premium Credit Card,1,0,0,0,0
C102163,Fixed Deposit,1,1,0,0,0
C102164,Travel Credit Card,1,1,0,0,0
C102164,Home Loan,1,1,0,0,0
C102164,Cashback Credit Card,1,1,0,0,0
C102164,Personal Loan,1,1,1,0,0
C102165,Term Insurance,1,1,1,0,0
C102166,Personal Loan,1,1,0,0,0
C102167,Fixed Deposit,1,0,0,0,0
C102167,Personal Loan,1,0,0,0,0
C102167,Term Insurance,1,1,1,1,1
C102168,Term Insurance,1,0,0,0,0
C102168,Premium Credit Card,1,1,1,0,0
C102168,Fixed Deposit,1,0,0,0,0
C102169,Fixed Deposit,1,0,0,0,0
C102169,Home Loan,1,0,0,0,0
C102169,Recurring Deposit,1,1,1,1,1
C102171,Term Insurance,1,1,0,0,0
C102171,Home Loan,1,1,0,0,0
C102172,Investment Plan (Mutual Fund SIP),1,0,0,0,0
C102172,Fuel Credit Card,1,0,0,0,0
C102173,Premium Banking Account,1,1,0,0,0
C102173,Recurring Deposit,1,0,0,0,0
C102174,Home Loan,1,1,1,0,0
C102174,Investment Plan (Mutual Fund SIP),1,1,0,0,0
C102174,Personal Loan,1,0,0,0,0
C102174,Travel Credit Card,1,0,0,0,0
C102175,Recurring Deposit,1,1,0,0,0
C102175,Personal Loan,1,1,0,0,0
C102175,Investment Plan (Mutual Fund SIP),1,0,0,0,0
C102175,Cashback Credit Card,1,0,0,0,0
C102177,Premium Credit Card,1,0,0,0,0
C102177,Investment Plan (Mutual Fund SIP),1,1,1,1,1
C102177,Travel Credit Card,1,1,0,0,0
C102177,Cashback Credit Card,1,0,0,0,0
C102178,Investment Plan (Mutual Fund SIP),1,1,1,1,1
C102179,Fixed Deposit,1,1,0,0,0
C102179,Recurring Deposit,1,1,0,0,0
C102179,Fuel Credit Card,1,0,0,0,0
C102179,Travel Credit Card,1,0,0,0,0
C102179,Term Insurance,1,0,0,0,0
C102180,Fuel Credit Card,1,0,0,0,0
C102180,Term Insurance,1,0,0,0,0
C102180,Cashback Credit Card,1,1,0,0,0
C102180,Fixed Deposit,1,1,0,0,0
C102181,Personal Loan,1,1,0,0,0
C102181,Premium Banking Account,1,0,0,0,0
C102181,Investment Plan (Mutual Fund SIP),1,0,0,0,0
C102181,Home Loan,1,0,0,0,0
C102182,Investment Plan (Mutual Fund SIP),1,0,0,0,0
C102182,Fixed Deposit,1,0,0,0,0
C102182,Recurring Deposit,1,1,1,1,1
C102182,Travel Credit Card,1,1,1,1,0
C102182,Term Insurance,1,1,1,1,0
C102185,Travel Credit Card,1,1,0,0,0
C102185,Investment Plan (Mutual Fund SIP),1,1,1,1,1
C102185,Term Insurance,1,0,0,0,0
C102186,Term Insurance,1,0,0,0,0
C102190,Recurring Deposit,1,0,0,0,0
C102190,Fuel Credit Card,1,0,0,0,0
C102190,Personal Loan,1,1,0,0,0
C102190,Fixed Deposit,1,1,1,0,0
C102191,Fuel Credit Card,1,1,1,1,1
C102191,Investment Plan (Mutual Fund SIP),1,1,0,0,0
C102193,Personal Loan,1,1,1,1,1
C102193,Term Insurance,1,0,0,0,0
C102193,Premium Banking Account,1,1,0,0,0
C102193,Recurring Deposit,1,1,0,0,0
C102194,Investment Plan (Mutual Fund SIP),1,1,0,0,0
C102194,Travel Credit Card,1,1,0,0,0
C102194,Fuel Credit Card,1,1,1,1,1
C102194,Premium Credit Card,1,0,0,0,0
C102195,Fuel Credit Card,1,1,0,0,0
C102195,Home Loan,1,0,0,0,0
C102195,Term Insurance,1,0,0,0,0
C102195,Recurring Deposit,1,1,0,0,0
C102196,Recurring Deposit,1,1,0,0,0
C102196,Premium Credit Card,1,1,0,0,0
C102197,Term Insurance,1,0,0,0,0
C102197,Recurring Deposit,1,1,1,1,1
C102198,Cashback Credit Card,1,0,0,0,0
C102198,Personal Loan,1,0,0,0,0
C102198,Travel Credit Card,1,1,0,0,0
C102198,Fuel Credit Card,1,1,0,0,0
C102198,Premium Credit Card,1,1,0,0,0
C102199,Recurring Deposit,1,1,1,0,0
C102199,Term Insurance,1,0,0,0,0
C102199,Fuel Credit Card,1,0,0,0,0
C102199,Premium Banking Account,1,1,0,0,0
C102199,Premium Credit Card,1,1,0,0,0
C102200,Fixed Deposit,1,0,0,0,0
C102200,Travel Credit Card,1,1,0,0,0
C102200,Investment Plan (Mutual Fund SIP),1,1,1,1,0
C102201,Investment Plan (Mutual Fund SIP),1,0,0,0,0
C102202,Home Loan,1,1,0,0,0
C102202,Travel Credit Card,1,0,0,0,0
C102202,Cashback Credit Card,1,0,0,0,0
C102202,Term Insurance,1,1,1,0,0
C102202,Recurring Deposit,1,0,0,0,0
C102203,Premium Banking Account,1,1,0,0,0
C102203,Fuel Credit Card,1,1,0,0,0
C102203,Home Loan,1,1,1,1,1
C102203,Recurring Deposit,1,1,0,0,0
C102203,Term Insurance,1,1,1,1,1
C102204,Recurring Deposit,1,0,0,0,0
C102205,Cashback Credit Card,1,1,0,0,0
C102206,Travel Credit Card,1,0,0,0,0
C102206,Personal Loan,1,1,0,0,0
C102206,Term Insurance,1,0,0,0,0
C102206,Home Loan,1,0,0,0,0
C102207,Fixed Deposit,1,1,0,0,0
C102207,Travel Credit Card,1,0,0,0,0
C102209,Recurring Deposit,1,1,0,0,0
C102209,Premium Banking Account,1,1,1,1,0
C102209,Term Insurance,1,1,0,0,0
C102209,Personal Loan,1,0,0,0,0
C102209,Cashback Credit Card,1,0,0,0,0
C102210,Fuel Credit Card,1,0,0,0,0
C102210,Fixed Deposit,1,0,0,0,0
C102211,Cashback Credit Card,1,0,0,0,0
C102211,Travel Credit Card,1,1,0,0,0
C102211,Investment Plan (Mutual Fund SIP),1,1,0,0,0
C102211,Premium Banking Account,1,1,0,0,0
C102211,Term Insurance,1,0,0,0,0
C102212,Recurring Deposit,1,1,1,1,1
C102212,Premium Banking Account,1,1,0,0,0
C102212,Premium Credit Card,1,0,0,0,0
C102213,Fuel Credit Card,1,1,0,0,0
C102213,Personal Loan,1,0,0,0,0
C102214,Fixed Deposit,1,1,0,0,0
C102214,Home Loan,1,0,0,0,0
C102214,Investment Plan (Mutual Fund SIP),1,0,0,0,0
C102214,Term Insurance,1,0,0,0,0
C102216,Travel Credit Card,1,0,0,0,0
C102216,Recurring Deposit,1,0,0,0,0
C102216,Fixed Deposit,1,0,0,0,0
C102216,Premium Banking Account,1,0,0,0,0
C102218,Cashback Credit Card,1,1,1,0,0
C102219,Personal Loan,1,1,1,1,0
C102219,Recurring Deposit,1,0,0,0,0
C102221,Premium Banking Account,1,1,0,0,0
C102221,Recurring Deposit,1,1,0,0,0
C102221,Fixed Deposit,1,1,0,0,0
C102221,Investment Plan (Mutual Fund SIP),1,0,0,0,0
C102221,Premium Credit Card,1,0,0,0,0
C102223,Recurring Deposit,1,1,1,0,0
C102223,Premium Banking Account,1,1,0,0,0
C102223,Cashback Credit Card,1,0,0,0,0
C102224,Premium Banking Account,1,1,0,0,0
C102224,Personal Loan,1,1,0,0,0
C102224,Term Insurance,1,1,0,0,0
C102224,Recurring Deposit,1,0,0,0,0
C102224,Investment Plan (Mutual Fund SIP),1,1,0,0,0
C102225,Investment Plan (Mutual Fund SIP),1,0,0,0,0
C102225,Fixed Deposit,1,1,0,0,0
C102225,Fuel Credit Card,1,1,0,0,0
C102225,Premium Credit Card,1,1,0,0,0
C102225,Cashback Credit Card,1,0,0,0,0
C102226,Term Insurance,1,1,0,0,0
C102227,Cashback Credit Card,1,1,0,0,0
C102227,Term Insurance,1,0,0,0,0
C102227,Investment Plan (Mutual Fund SIP),1,1,0,0,0
C102228,Fuel Credit Card,1,1,1,0,0
C102228,Investment Plan (Mutual Fund SIP),1,0,0,0,0
C102228,Fixed Deposit,1,1,0,0,0
C102228,Personal Loan,1,1,0,0,0
C102229,Fuel Credit Card,1,1,1,1,1
C102229,Fixed Deposit,1,0,0,0,0
C102229,Personal Loan,1,0,0,0,0
C102231,Home Loan,1,1,0,0,0
C102231,Premium Banking Account,1,1,0,0,0
C102234,Personal Loan,1,0,0,0,0
C102234,Premium Banking Account,1,0,0,0,0
C102234,Home Loan,1,0,0,0,0
C102234,Fuel Credit Card,1,1,1,0,0
C102235,Fixed Deposit,1,0,0,0,0
C102235,Recurring Deposit,1,1,0,0,0
C102236,Recurring Deposit,1,0,0,0,0
C102236,Fixed Deposit,1,1,0,0,0
C102236,Home Loan,1,1,0,0,0
C102236,Premium Credit Card,1,0,0,0,0
C102237,Term Insurance,1,1,0,0,0
C102237,Travel Credit Card,1,1,0,0,0
C102238,Investment Plan (Mutual Fund SIP),1,1,1,1,1
C102239,Recurring Deposit,1,0,0,0,0
C102239,Home Loan,1,0,0,0,0
C102239,Fuel Credit Card,1,1,0,0,0
C102240,Travel Credit Card,1,1,0,0,0
C102240,Term Insurance,1,1,0,0,0
C102240,Recurring Deposit,1,0,0,0,0
C102241,Home Loan,1,0,0,0,0
C102241,Term Insurance,1,1,0,0,0
C102241,Fixed Deposit,1,1,1,0,0
C102241,Fuel Credit Card,1,1,0,0,0
C102242,Premium Credit Card,1,0,0,0,0
C102242,Recurring Deposit,1,1,0,0,0
C102243,Investment Plan (Mutual Fund SIP),1,0,0,0,0
C102243,Cashback Credit Card,1,0,0,0,0
C102245,Term Insurance,1,0,0,0,0
C102245,Premium Credit Card,1,0,0,0,0
C102246,Fuel Credit Card,1,0,0,0,0
C102246,Fixed Deposit,1,0,0,0,0
C102246,Home Loan,1,1,0,0,0
C102246,Recurring Deposit,1,0,0,0,0
C102246,Investment Plan (Mutual Fund SIP),1,0,0,0,0
C102247,Fuel Credit Card,1,1,1,0,0
C102247,Investment Plan (Mutual Fund SIP),1,1,1,0,0
C102247,Home Loan,1,1,0,0,0
C102247,Cashback Credit Card,1,1,1,0,0
C102249,Investment Plan (Mutual Fund SIP),1,1,1,1,1
C102249,Recurring Deposit,1,0,0,0,0
C102249,Personal Loan,1,1,1,1,1
C102252,Term Insurance,1,1,0,0,0
C102252,Home Loan,1,1,1,1,1
C102252,Cashback Credit Card,1,1,1,0,0
C102252,Premium Banking Account,1,0,0,0,0
C102255,Personal Loan,1,0,0,0,0
C102255,Term Insurance,1,1,1,1,1
C102255,Home Loan,1,0,0,0,0
C102256,Term Insurance,1,0,0,0,0
C102256,Home Loan,1,1,0,0,0
C102256,Fixed Deposit,1,1,0,0,0
C102257,Term Insurance,1,1,0,0,0
C102257,Fuel Credit Card,1,1,0,0,0
C102258,Cashback Credit Card,1,1,0,0,0
C102258,Recurring Deposit,1,1,0,0,0
C102258,Travel Credit Card,1,1,0,0,0
C102258,Fuel Credit Card,1,1,0,0,0
C102258,Term Insurance,1,1,0,0,0
C102259,Term Insurance,1,1,1,1,1
C102259,Premium Banking Account,1,1,1,0,0
C102260,Personal Loan,1,1,0,0,0
C102260,Fixed Deposit,1,0,0,0,0
C102260,Home Loan,1,1,1,1,1
C102260,Premium Credit Card,1,1,0,0,0
C102261,Premium Banking Account,1,1,1,0,0
C102261,Fuel Credit Card,1,1,1,1,0
C102261,Premium Credit Card,1,1,0,0,0
C102262,Term Insurance,1,0,0,0,0
C102262,Investment Plan (Mutual Fund SIP),1,1,1,0,0
C102262,Fuel Credit Card,1,0,0,0,0
C102262,Premium Banking Account,1,0,0,0,0
C102263,Investment Plan (Mutual Fund SIP),1,1,1,1,0
C102263,Personal Loan,1,1,0,0,0
C102263,Fixed Deposit,1,0,0,0,0
C102264,Premium Banking Account,1,1,0,0,0
C102265,Personal Loan,1,0,0,0,0
C102265,Fixed Deposit,1,1,0,0,0
C102265,Travel Credit Card,1,0,0,0,0
C102265,Home Loan,1,1,1,1,1
C102265,Cashback Credit Card,1,1,1,0,0
C102266,Fixed Deposit,1,0,0,0,0
C102266,Recurring Deposit,1,1,0,0,0
C102267,Premium Banking Account,1,0,0,0,0
C102267,Premium Credit Card,1,0,0,0,0
C102267,Term Insurance,1,0,0,0,0
C102267,Recurring Deposit,1,0,0,0,0
C102268,Cashback Credit Card,1,1,0,0,0
C102268,Premium Credit Card,1,1,0,0,0
C102268,Travel Credit Card,1,0,0,0,0
C102268,Investment Plan (Mutual Fund SIP),1,0,0,0,0
C102268,Premium Banking Account,1,1,0,0,0
C102272,Term Insurance,1,0,0,0,0
C102273,Travel Credit Card,1,0,0,0,0
C102273,Recurring Deposit,1,1,0,0,0
C102275,Premium Banking Account,1,1,1,0,0
C102275,Personal Loan,1,0,0,0,0
C102275,Home Loan,1,0,0,0,0
C102275,Fuel Credit Card,1,0,0,0,0
C102275,Fixed Deposit,1,0,0,0,0
C102276,Home Loan,1,1,0,0,0
C102276,Premium Credit Card,1,1,0,0,0
C102276,Fuel Credit Card,1,0,0,0,0
C102276,Cashback Credit Card,1,0,0,0,0
C102276,Term Insurance,1,0,0,0,0
C102277,Home Loan,1,1,0,0,0
C102277,Personal Loan,1,1,0,0,0
C102277,Investment Plan (Mutual Fund SIP),1,1,0,0,0
C102277,Premium Banking Account,1,0,0,0,0
C102278,Investment Plan (Mutual Fund SIP),1,0,0,0,0
C102278,Personal Loan,1,1,1,1,1
C102278,Home Loan,1,1,0,0,0
C102278,Cashback Credit Card,1,1,1,0,0
C102278,Premium Credit Card,1,1,0,0,0
C102279,Fuel Credit Card,1,1,0,0,0
C102279,Premium Credit Card,1,1,0,0,0
C102279,Travel Credit Card,1,0,0,0,0
C102279,Home Loan,1,1,0,0,0
C102279,Cashback Credit Card,1,1,1,1,1
C102281,Cashback Credit Card,1,1,0,0,0
C102282,Fuel Credit Card,1,1,1,1,1
C102282,Fixed Deposit,1,0,0,0,0
C102283,Recurring Deposit,1,1,0,0,0
C102283,Fixed Deposit,1,0,0,0,0
C102284,Term Insurance,1,0,0,0,0
C102284,Fixed Deposit,1,1,0,0,0
C102284,Recurring Deposit,1,0,0,0,0
C102284,Home Loan,1,1,1,1,0
C102285,Personal Loan,1,0,0,0,0
C102285,Investment Plan (Mutual Fund SIP),1,1,0,0,0
C102285,Fixed Deposit,1,1,1,1,1
C102285,Premium Credit Card,1,1,0,0,0
C102286,Travel Credit Card,1,1,0,0,0
C102286,Premium Credit Card,1,1,1,1,1
C102286,Premium Banking Account,1,1,0,0,0
C102287,Personal Loan,1,1,0,0,0
C102287,Cashback Credit Card,1,1,1,0,0
C102287,Travel Credit Card,1,1,1,1,1
C102287,Fuel Credit Card,1,1,0,0,0
C102287,Term Insurance,1,0,0,0,0
C102288,Cashback Credit Card,1,1,0,0,0
C102288,Home Loan,1,1,1,1,1
C102288,Personal Loan,1,1,0,0,0
C102289,Personal Loan,1,1,0,0,0
C102289,Home Loan,1,1,0,0,0
C102289,Premium Banking Account,1,1,1,0,0
C102289,Cashback Credit Card,1,1,0,0,0
C102291,Premium Credit Card,1,1,1,1,1
C102291,Investment Plan (Mutual Fund SIP),1,0,0,0,0
C102291,Travel Credit Card,1,1,1,1,1
C102292,Premium Banking Account,1,1,0,0,0
C102292,Recurring Deposit,1,0,0,0,0
C102292,Term Insurance,1,1,0,0,0
C102292,Cashback Credit Card,1,0,0,0,0
C102294,Term Insurance,1,0,0,0,0
C102296,Cashback Credit Card,1,1,0,0,0
C102296,Investment Plan (Mutual Fund SIP),1,1,1,1,0
C102297,Recurring Deposit,1,0,0,0,0
C102298,Premium Credit Card,1,0,0,0,0
C102299,Cashback Credit Card,1,1,1,1,1
C102299,Home Loan,1,0,0,0,0
C102299,Fuel Credit Card,1,0,0,0,0
C102299,Recurring Deposit,1,0,0,0,0
C102299,Investment Plan (Mutual Fund SIP),1,1,0,0,0
C102300,Fuel Credit Card,1,1,1,1,0
C102300,Travel Credit Card,1,0,0,0,0
C102300,Investment Plan (Mutual Fund SIP),1,0,0,0,0
C102300,Cashback Credit Card,1,1,0,0,0
C102301,Investment Plan (Mutual Fund SIP),1,1,0,0,0
C102301,Travel Credit Card,1,1,0,0,0
C102302,Home Loan,1,1,0,0,0
C102303,Cashback Credit Card,1,0,0,0,0
C102305,Recurring Deposit,1,0,0,0,0
C102305,Term Insurance,1,1,0,0,0
C102305,Investment Plan (Mutual Fund SIP),1,0,0,0,0
C102305,Fuel Credit Card,1,0,0,0,0
C102306,Investment Plan (Mutual Fund SIP),1,0,0,0,0
C102307,Fuel Credit Card,1,1,0,0,0
C102307,Fixed Deposit,1,0,0,0,0
C102307,Home Loan,1,1,0,0,0
C102308,Premium Banking Account,1,0,0,0,0
C102309,Term Insurance,1,1,1,1,0
C102309,Personal Loan,1,0,0,0,0
C102310,Personal Loan,1,1,0,0,0
C102311,Cashback Credit Card,1,1,0,0,0
C102311,Personal Loan,1,1,1,1,1
C102311,Travel Credit Card,1,1,1,1,0
C102311,Fixed Deposit,1,1,0,0,0
C102311,Investment Plan (Mutual Fund SIP),1,0,0,0,0
C102313,Home Loan,1,1,0,0,0
C102313,Premium Banking Account,1,1,0,0,0
C102314,Cashback Credit Card,1,1,1,1,1
C102315,Home Loan,1,0,0,0,0
C102315,Premium Banking Account,1,1,0,0,0
C102315,Investment Plan (Mutual Fund SIP),1,0,0,0,0
C102315,Personal Loan,1,1,0,0,0
C102316,Recurring Deposit,1,1,1,1,0
C102317,Term Insurance,1,0,0,0,0
C102317,Cashback Credit Card,1,0,0,0,0
C102317,Home Loan,1,1,0,0,0
C102317,Recurring Deposit,1,1,1,1,1
C102317,Premium Credit Card,1,0,0,0,0
C102318,Term Insurance,1,1,0,0,0
C102318,Cashback Credit Card,1,0,0,0,0
C102318,Personal Loan,1,1,1,0,0
C102319,Investment Plan (Mutual Fund SIP),1,1,0,0,0
C102319,Premium Banking Account,1,1,1,1,1
C102319,Fuel Credit Card,1,0,0,0,0
C102319,Travel Credit Card,1,1,0,0,0
C102319,Cashback Credit Card,1,0,0,0,0
C102320,Premium Credit Card,1,1,0,0,0
C102320,Travel Credit Card,1,0,0,0,0
C102321,Home Loan,1,1,0,0,0
C102321,Term Insurance,1,1,0,0,0
C102321,Personal Loan,1,0,0,0,0
C102321,Investment Plan (Mutual Fund SIP),1,0,0,0,0
C102321,Premium Credit Card,1,1,1,1,1
C102322,Premium Banking Account,1,0,0,0,0
C102322,Home Loan,1,0,0,0,0
C102322,Cashback Credit Card,1,1,0,0,0
C102322,Travel Credit Card,1,0,0,0,0
C102323,Personal Loan,1,0,0,0,0
C102323,Home Loan,1,0,0,0,0
C102323,Travel Credit Card,1,1,0,0,0
C102323,Premium Credit Card,1,1,0,0,0
C102324,Personal Loan,1,1,1,1,1
C102325,Travel Credit Card,1,1,1,1,0
C102326,Recurring Deposit,1,0,0,0,0
C102326,Term Insurance,1,0,0,0,0
C102326,Home Loan,1,0,0,0,0
C102326,Premium Banking Account,1,1,0,0,0
C102326,Personal Loan,1,1,0,0,0
C102327,Fixed Deposit,1,0,0,0,0
C102327,Investment Plan (Mutual Fund SIP),1,1,0,0,0
C102327,Cashback Credit Card,1,1,0,0,0
C102327,Personal Loan,1,1,0,0,0
C102327,Premium Credit Card,1,1,1,0,0
C102328,Personal Loan,1,1,0,0,0
C102328,Premium Credit Card,1,0,0,0,0
C102328,Investment Plan (Mutual Fund SIP),1,1,0,0,0
C102328,Fixed Deposit,1,0,0,0,0
C102328,Premium Banking Account,1,1,1,1,1
C102329,Recurring Deposit,1,1,0,0,0
C102329,Travel Credit Card,1,0,0,0,0
C102329,Investment Plan (Mutual Fund SIP),1,1,0,0,0
C102329,Home Loan,1,1,0,0,0
C102330,Cashback Credit Card,1,0,0,0,0
C102330,Travel Credit Card,1,0,0,0,0
C102330,Personal Loan,1,0,0,0,0
C102331,Term Insurance,1,0,0,0,0
C102332,Fixed Deposit,1,1,0,0,0
C102332,Recurring Deposit,1,0,0,0,0
C102332,Home Loan,1,1,0,0,0
C102332,Premium Banking Account,1,1,0,0,0
C102333,Cashback Credit Card,1,1,0,0,0
C102334,Fixed Deposit,1,0,0,0,0
C102334,Premium Banking Account,1,0,0,0,0
C102335,Personal Loan,1,0,0,0,0
C102335,Travel Credit Card,1,0,0,0,0
C102335,Investment Plan (Mutual Fund SIP),1,0,0,0,0
C102335,Term Insurance,1,1,0,0,0
C102337,Investment Plan (Mutual Fund SIP),1,0,0,0,0
C102338,Cashback Credit Card,1,0,0,0,0
C102338,Premium Banking Account,1,0,0,0,0
C102338,Travel Credit Card,1,1,1,1,1
C102338,Investment Plan (Mutual Fund SIP),1,0,0,0,0
C102340,Investment Plan (Mutual Fund SIP),1,0,0,0,0
C102340,Home Loan,1,1,1,0,0
C102340,Personal Loan,1,0,0,0,0
C102340,Premium Banking Account,1,1,0,0,0
C102340,Travel Credit Card,1,1,0,0,0
C102341,Cashback Credit Card,1,1,1,1,0
C102341,Premium Credit Card,1,1,0,0,0
C102341,Home Loan,1,1,0,0,0
C102341,Personal Loan,1,0,0,0,0
C102342,Fixed Deposit,1,1,1,1,1
C102342,Recurring Deposit,1,1,1,1,0
C102342,Personal Loan,1,1,0,0,0
C102342,Premium Banking Account,1,1,1,1,1
C102343,Investment Plan (Mutual Fund SIP),1,0,0,0,0
C102343,Home Loan,1,1,1,0,0
C102343,Term Insurance,1,0,0,0,0
C102343,Personal Loan,1,1,0,0,0
C102344,Term Insurance,1,1,1,1,1
C102344,Recurring Deposit,1,0,0,0,0
C102344,Investment Plan (Mutual Fund SIP),1,0,0,0,0
C102344,Premium Credit Card,1,0,0,0,0
C102344,Travel Credit Card,1,1,0,0,0
C102345,Travel Credit Card,1,1,1,1,1
C102345,Term Insurance,1,1,0,0,0
C102345,Cashback Credit Card,1,0,0,0,0
C102345,Premium Credit Card,1,1,1,1,1
C102345,Fixed Deposit,1,1,0,0,0
C102346,Travel Credit Card,1,1,1,0,0
C102346,Personal Loan,1,0,0,0,0
C102346,Investment Plan (Mutual Fund SIP),1,1,0,0,0
C102347,Premium Banking Account,1,0,0,0,0
C102347,Personal Loan,1,1,0,0,0
C102347,Premium Credit Card,1,0,0,0,0
C102347,Recurring Deposit,1,0,0,0,0
C102348,Premium Credit Card,1,1,1,0,0
C102348,Travel Credit Card,1,1,0,0,0
C102348,Home Loan,1,1,0,0,0
C102348,Recurring Deposit,1,0,0,0,0
C102348,Fixed Deposit,1,0,0,0,0
C102349,Premium Credit Card,1,1,0,0,0
C102349,Travel Credit Card,1,1,0,0,0
C102350,Travel Credit Card,1,0,0,0,0
C102350,Fixed Deposit,1,1,1,1,1
C102350,Premium Credit Card,1,1,0,0,0
C102351,Travel Credit Card,1,1,0,0,0
C102351,Fuel Credit Card,1,0,0,0,0
C102352,Home Loan,1,0,0,0,0
C102352,Term Insurance,1,1,0,0,0
C102352,Fixed Deposit,1,0,0,0,0
C102352,Recurring Deposit,1,0,0,0,0
C102352,Personal Loan,1,0,0,0,0
C102353,Fixed Deposit,1,1,0,0,0
C102354,Premium Credit Card,1,1,0,0,0
C102354,Travel Credit Card,1,0,0,0,0
C102354,Cashback Credit Card,1,0,0,0,0
C102354,Fixed Deposit,1,1,0,0,0
C102354,Home Loan,1,0,0,0,0
C102356,Home Loan,1,0,0,0,0
C102356,Premium Credit Card,1,1,1,1,0
C102356,Personal Loan,1,1,1,1,1
C102357,Personal Loan,1,0,0,0,0
C102357,Travel Credit Card,1,1,1,0,0
C102357,Term Insurance,1,1,1,1,1
C102358,Fuel Credit Card,1,1,0,0,0
C102358,Recurring Deposit,1,0,0,0,0
C102358,Premium Credit Card,1,0,0,0,0
C102359,Travel Credit Card,1,1,0,0,0
C102359,Recurring Deposit,1,0,0,0,0
C102359,Investment Plan (Mutual Fund SIP),1,1,1,0,0
C102360,Home Loan,1,0,0,0,0
C102360,Premium Banking Account,1,0,0,0,0
C102361,Fuel Credit Card,1,1,0,0,0
C102361,Cashback Credit Card,1,0,0,0,0
C102361,Premium Banking Account,1,1,0,0,0
C102361,Home Loan,1,0,0,0,0
C102361,Term Insurance,1,0,0,0,0
C102363,Personal Loan,1,1,1,0,0
C102363,Premium Banking Account,1,1,1,1,1
C102364,Fixed Deposit,1,0,0,0,0
C102364,Cashback Credit Card,1,1,0,0,0
C102364,Home Loan,1,1,0,0,0
C102364,Fuel Credit Card,1,1,0,0,0
C102364,Personal Loan,1,0,0,0,0
C102365,Home Loan,1,1,0,0,0
C102365,Fixed Deposit,1,1,0,0,0
C102365,Term Insurance,1,1,1,1,1
C102365,Premium Banking Account,1,1,0,0,0
C102365,Investment Plan (Mutual Fund SIP),1,0,0,0,0
C102366,Premium Credit Card,1,0,0,0,0
C102366,Fixed Deposit,1,0,0,0,0
C102366,Personal Loan,1,1,0,0,0
C102366,Cashback Credit Card,1,0,0,0,0
C102367,Fixed Deposit,1,0,0,0,0
C102367,Personal Loan,1,0,0,0,0
C102369,Cashback Credit Card,1,1,0,0,0
C102369,Personal Loan,1,0,0,0,0
C102369,Fixed Deposit,1,0,0,0,0
C102369,Travel Credit Card,1,0,0,0,0
C102369,Term Insurance,1,1,0,0,0
C102370,Travel Credit Card,1,0,0,0,0
C102370,Fuel Credit Card,1,1,1,0,0
C102370,Home Loan,1,1,1,1,0
C102370,Personal Loan,1,0,0,0,0
C102371,Personal Loan,1,0,0,0,0
C102371,Cashback Credit Card,1,0,0,0,0
C102371,Term Insurance,1,1,0,0,0
C102371,Fuel Credit Card,1,0,0,0,0
C102371,Travel Credit Card,1,1,0,0,0
C102372,Premium Banking Account,1,1,1,1,1
C102372,Home Loan,1,0,0,0,0
C102373,Travel Credit Card,1,0,0,0,0
C102373,Home Loan,1,0,0,0,0
C102373,Term Insurance,1,0,0,0,0
C102374,Investment Plan (Mutual Fund SIP),1,0,0,0,0
C102376,Recurring Deposit,1,1,0,0,0
C102377,Premium Credit Card,1,1,1,1,1
C102377,Personal Loan,1,0,0,0,0
C102377,Investment Plan (Mutual Fund SIP),1,0,0,0,0
C102377,Fuel Credit Card,1,1,0,0,0
C102378,Recurring Deposit,1,1,0,0,0
C102378,Premium Credit Card,1,1,0,0,0
C102378,Personal Loan,1,1,0,0,0
C102379,Travel Credit Card,1,1,1,1,1
C102379,Premium Banking Account,1,0,0,0,0
C102379,Term Insurance,1,1,1,1,0
C102380,Travel Credit Card,1,0,0,0,0
C102380,Investment Plan (Mutual Fund SIP),1,0,0,0,0
C102380,Personal Loan,1,0,0,0,0
C102380,Home Loan,1,1,1,1,0
C102381,Personal Loan,1,0,0,0,0
C102381,Fuel Credit Card,1,0,0,0,0
C102381,Term Insurance,1,0,0,0,0
C102382,Fixed Deposit,1,1,1,1,1
C102382,Home Loan,1,1,0,0,0
C102383,Premium Banking Account,1,1,1,0,0
C102383,Fixed Deposit,1,0,0,0,0
C102383,Term Insurance,1,1,1,1,1
C102383,Travel Credit Card,1,1,0,0,0
C102384,Fixed Deposit,1,0,0,0,0
C102385,Fuel Credit Card,1,0,0,0,0
C102385,Cashback Credit Card,1,1,0,0,0
C102385,Premium Credit Card,1,1,0,0,0
C102385,Fixed Deposit,1,1,1,0,0
C102386,Fuel Credit Card,1,1,0,0,0
C102387,Recurring Deposit,1,0,0,0,0
C102387,Travel Credit Card,1,0,0,0,0
C102389,Fixed Deposit,1,0,0,0,0
C102389,Personal Loan,1,1,0,0,0
C102389,Home Loan,1,1,0,0,0
C102389,Fuel Credit Card,1,0,0,0,0
C102389,Recurring Deposit,1,1,0,0,0
C102390,Premium Banking Account,1,1,0,0,0
C102390,Premium Credit Card,1,0,0,0,0
C102390,Home Loan,1,0,0,0,0
C102390,Term Insurance,1,0,0,0,0
C102390,Travel Credit Card,1,0,0,0,0
C102391,Cashback Credit Card,1,1,0,0,0
C102391,Recurring Deposit,1,0,0,0,0
C102391,Premium Credit Card,1,0,0,0,0
C102392,Premium Credit Card,1,1,0,0,0
C102392,Premium Banking Account,1,1,0,0,0
C102392,Fuel Credit Card,1,0,0,0,0
C102392,Personal Loan,1,0,0,0,0
C102392,Home Loan,1,0,0,0,0
C102393,Cashback Credit Card,1,1,0,0,0
C102394,Home Loan,1,1,0,0,0
C102394,Term Insurance,1,0,0,0,0
C102394,Premium Banking Account,1,1,0,0,0
C102394,Personal Loan,1,1,0,0,0
C102394,Fixed Deposit,1,0,0,0,0
C102396,Personal Loan,1,0,0,0,0
C102397,Term Insurance,1,1,1,1,0
C102397,Home Loan,1,1,0,0,0
C102398,Personal Loan,1,0,0,0,0
C102398,Home Loan,1,1,0,0,0
C102398,Premium Banking Account,1,0,0,0,0
C102398,Fuel Credit Card,1,1,0,0,0
C102398,Premium Credit Card,1,0,0,0,0
C102399,Investment Plan (Mutual Fund SIP),1,0,0,0,0
C102399,Recurring Deposit,1,0,0,0,0
C102399,Term Insurance,1,1,0,0,0
C102400,Recurring Deposit,1,0,0,0,0
C102401,Travel Credit Card,1,0,0,0,0
C102401,Premium Banking Account,1,0,0,0,0
C102401,Term Insurance,1,1,0,0,0
C102401,Personal Loan,1,1,0,0,0
C102402,Premium Credit Card,1,0,0,0,0
C102403,Fixed Deposit,1,1,0,0,0
C102404,Fuel Credit Card,1,1,0,0,0
C102405,Travel Credit Card,1,1,1,1,1
C102406,Premium Banking Account,1,0,0,0,0
C102406,Term Insurance,1,1,0,0,0
C102406,Fixed Deposit,1,1,1,1,1
C102406,Investment Plan (Mutual Fund SIP),1,1,1,1,1
C102407,Premium Credit Card,1,1,0,0,0
C102407,Home Loan,1,0,0,0,0
C102408,Premium Banking Account,1,0,0,0,0
C102408,Fixed Deposit,1,0,0,0,0
C102408,Term Insurance,1,1,0,0,0
C102409,Personal Loan,1,1,1,1,1
C102410,Fuel Credit Card,1,0,0,0,0
C102410,Home Loan,1,1,0,0,0
C102411,Personal Loan,1,1,1,1,1
C102411,Recurring Deposit,1,0,0,0,0
C102412,Recurring Deposit,1,1,0,0,0
C102412,Home Loan,1,0,0,0,0
C102412,Cashback Credit Card,1,1,0,0,0
C102412,Term Insurance,1,1,0,0,0
C102413,Recurring Deposit,1,0,0,0,0
C102413,Fuel Credit Card,1,1,0,0,0
C102413,Travel Credit Card,1,1,1,0,0
C102415,Term Insurance,1,0,0,0,0
C102415,Personal Loan,1,1,1,1,1
C102415,Premium Banking Account,1,0,0,0,0
C102416,Home Loan,1,1,1,0,0
C102416,Investment Plan (Mutual Fund SIP),1,0,0,0,0
C102416,Personal Loan,1,0,0,0,0
C102416,Recurring Deposit,1,1,0,0,0
C102416,Fuel Credit Card,1,0,0,0,0
C102417,Fuel Credit Card,1,0,0,0,0
C102417,Cashback Credit Card,1,1,0,0,0
C102418,Home Loan,1,0,0,0,0
C102418,Fixed Deposit,1,1,0,0,0
C102418,Travel Credit Card,1,1,0,0,0
C102418,Investment Plan (Mutual Fund SIP),1,0,0,0,0
C102419,Cashback Credit Card,1,0,0,0,0
C102419,Home Loan,1,1,1,1,1
C102419,Personal Loan,1,1,0,0,0
C102419,Travel Credit Card,1,0,0,0,0
C102420,Personal Loan,1,1,0,0,0
C102421,Fixed Deposit,1,1,0,0,0
C102421,Personal Loan,1,1,0,0,0
C102421,Cashback Credit Card,1,0,0,0,0
C102422,Recurring Deposit,1,0,0,0,0
C102423,Term Insurance,1,1,1,1,1
C102423,Cashback Credit Card,1,0,0,0,0
C102423,Travel Credit Card,1,1,0,0,0
C102423,Investment Plan (Mutual Fund SIP),1,0,0,0,0
C102423,Personal Loan,1,0,0,0,0
C102425,Personal Loan,1,1,1,1,1
C102425,Term Insurance,1,1,0,0,0
C102425,Travel Credit Card,1,1,0,0,0
C102425,Premium Banking Account,1,1,0,0,0
C102426,Home Loan,1,1,0,0,0
C102428,Home Loan,1,1,1,1,1
C102428,Personal Loan,1,0,0,0,0
C102429,Investment Plan (Mutual Fund SIP),1,1,1,1,1
C102429,Fixed Deposit,1,0,0,0,0
C102429,Term Insurance,1,1,1,1,1
C102430,Travel Credit Card,1,1,1,0,0
C102431,Personal Loan,1,0,0,0,0
C102431,Premium Banking Account,1,1,0,0,0
C102432,Cashback Credit Card,1,0,0,0,0
C102432,Personal Loan,1,0,0,0,0
C102432,Premium Banking Account,1,1,1,0,0
C102432,Term Insurance,1,0,0,0,0
C102434,Home Loan,1,0,0,0,0
C102434,Travel Credit Card,1,0,0,0,0
C102435,Cashback Credit Card,1,1,0,0,0
C102435,Personal Loan,1,0,0,0,0
C102435,Investment Plan (Mutual Fund SIP),1,0,0,0,0
C102435,Term Insurance,1,1,0,0,0
C102435,Recurring Deposit,1,1,1,1,1
C102436,Fixed Deposit,1,0,0,0,0
C102436,Premium Credit Card,1,0,0,0,0
C102436,Fuel Credit Card,1,1,0,0,0
C102436,Cashback Credit Card,1,1,1,0,0
C102438,Personal Loan,1,0,0,0,0
C102438,Premium Credit Card,1,1,0,0,0
C102439,Fixed Deposit,1,0,0,0,0
C102439,Premium Banking Account,1,0,0,0,0
C102439,Recurring Deposit,1,1,1,1,1
C102439,Investment Plan (Mutual Fund SIP),1,0,0,0,0
C102440,Fuel Credit Card,1,1,0,0,0
C102440,Recurring Deposit,1,1,1,1,1
C102440,Travel Credit Card,1,1,0,0,0
C102441,Home Loan,1,1,0,0,0
C102441,Premium Credit Card,1,1,1,0,0
C102441,Fixed Deposit,1,0,0,0,0
C102441,Investment Plan (Mutual Fund SIP),1,1,0,0,0
C102441,Cashback Credit Card,1,1,0,0,0
C102442,Recurring Deposit,1,0,0,0,0
C102444,Fixed Deposit,1,1,1,1,1
C102444,Travel Credit Card,1,0,0,0,0
C102444,Cashback Credit Card,1,1,0,0,0
C102444,Fuel Credit Card,1,1,0,0,0
C102444,Premium Credit Card,1,0,0,0,0
C102445,Recurring Deposit,1,0,0,0,0
C102446,Cashback Credit Card,1,1,0,0,0
C102446,Premium Banking Account,1,1,0,0,0
C102447,Cashback Credit Card,1,1,1,0,0
C102447,Recurring Deposit,1,1,1,1,1
C102447,Travel Credit Card,1,0,0,0,0
C102447,Fuel Credit Card,1,1,0,0,0
C102449,Fuel Credit Card,1,1,0,0,0
C102449,Recurring Deposit,1,1,0,0,0
C102449,Personal Loan,1,0,0,0,0
C102449,Home Loan,1,0,0,0,0
C102449,Investment Plan (Mutual Fund SIP),1,0,0,0,0
C102451,Premium Banking Account,1,0,0,0,0
C102451,Home Loan,1,1,0,0,0
C102452,Premium Banking Account,1,0,0,0,0
C102452,Term Insurance,1,1,1,1,1
C102452,Fixed Deposit,1,0,0,0,0
C102452,Home Loan,1,0,0,0,0
C102453,Fuel Credit Card,1,1,0,0,0
C102455,Term Insurance,1,1,1,1,1
C102455,Premium Banking Account,1,1,0,0,0
C102456,Term Insurance,1,1,0,0,0
C102456,Recurring Deposit,1,0,0,0,0
C102456,Cashback Credit Card,1,0,0,0,0
C102456,Home Loan,1,1,0,0,0
C102457,Home Loan,1,1,0,0,0
C102457,Investment Plan (Mutual Fund SIP),1,1,0,0,0
C102458,Recurring Deposit,1,1,1,1,0
C102458,Cashback Credit Card,1,1,0,0,0
C102458,Premium Banking Account,1,1,0,0,0
C102458,Fuel Credit Card,1,0,0,0,0
C102459,Home Loan,1,1,0,0,0
C102459,Cashback Credit Card,1,1,0,0,0
C102459,Investment Plan (Mutual Fund SIP),1,0,0,0,0
C102459,Recurring Deposit,1,1,0,0,0
C102460,Fixed Deposit,1,1,1,0,0
C102461,Premium Credit Card,1,1,0,0,0
C102461,Fuel Credit Card,1,0,0,0,0
C102461,Cashback Credit Card,1,0,0,0,0
C102461,Recurring Deposit,1,1,0,0,0
C102463,Investment Plan (Mutual Fund SIP),1,0,0,0,0
C102463,Cashback Credit Card,1,1,0,0,0
C102463,Fuel Credit Card,1,1,0,0,0
C102463,Fixed Deposit,1,1,1,1,0
C102465,Premium Credit Card,1,1,1,1,1
C102465,Travel Credit Card,1,1,1,1,1
C102466,Fixed Deposit,1,1,0,0,0
C102466,Premium Credit Card,1,0,0,0,0
C102466,Travel Credit Card,1,0,0,0,0
C102467,Term Insurance,1,1,0,0,0
C102467,Personal Loan,1,1,0,0,0
C102467,Premium Credit Card,1,1,0,0,0
C102468,Fuel Credit Card,1,1,0,0,0
C102468,Investment Plan (Mutual Fund SIP),1,0,0,0,0
C102469,Term Insurance,1,1,0,0,0
C102469,Home Loan,1,1,0,0,0
C102469,Travel Credit Card,1,0,0,0,0
C102470,Home Loan,1,1,0,0,0
C102470,Fuel Credit Card,1,0,0,0,0
C102471,Travel Credit Card,1,1,0,0,0
C102471,Recurring Deposit,1,0,0,0,0
C102474,Cashback Credit Card,1,0,0,0,0
C102474,Recurring Deposit,1,0,0,0,0
C102474,Fuel Credit Card,1,0,0,0,0
C102474,Investment Plan (Mutual Fund SIP),1,1,0,0,0
C102475,Travel Credit Card,1,1,1,0,0
C102475,Cashback Credit Card,1,1,0,0,0
C102476,Fuel Credit Card,1,0,0,0,0
C102476,Fixed Deposit,1,1,1,1,1
C102476,Premium Credit Card,1,1,1,0,0
C102477,Recurring Deposit,1,1,1,0,0
C102477,Premium Credit Card,1,1,0,0,0
C102478,Home Loan,1,0,0,0,0
C102478,Premium Banking Account,1,1,0,0,0
C102478,Fuel Credit Card,1,1,0,0,0
C102479,Cashback Credit Card,1,0,0,0,0
C102479,Personal Loan,1,1,0,0,0
C102481,Personal Loan,1,0,0,0,0
C102481,Premium Banking Account,1,0,0,0,0
C102481,Term Insurance,1,1,0,0,0
C102481,Fixed Deposit,1,0,0,0,0
C102481,Fuel Credit Card,1,0,0,0,0
C102482,Premium Banking Account,1,1,0,0,0
C102482,Fuel Credit Card,1,1,1,1,0
C102482,Personal Loan,1,1,1,0,0
C102482,Travel Credit Card,1,1,0,0,0
C102483,Premium Credit Card,1,1,0,0,0
C102483,Investment Plan (Mutual Fund SIP),1,0,0,0,0
C102484,Fixed Deposit,1,1,0,0,0
C102484,Term Insurance,1,0,0,0,0
C102484,Recurring Deposit,1,0,0,0,0
C102485,Travel Credit Card,1,1,1,1,1
C102485,Cashback Credit Card,1,0,0,0,0
C102486,Premium Credit Card,1,1,1,1,0
C102486,Recurring Deposit,1,1,0,0,0
C102486,Cashback Credit Card,1,0,0,0,0
C102486,Personal Loan,1,0,0,0,0
C102487,Personal Loan,1,0,0,0,0
C102487,Premium Credit Card,1,1,0,0,0
C102487,Cashback Credit Card,1,1,0,0,0
C102487,Term Insurance,1,1,0,0,0
C102488,Travel Credit Card,1,0,0,0,0
C102489,Term Insurance,1,0,0,0,0
C102489,Fixed Deposit,1,0,0,0,0
C102489,Home Loan,1,1,0,0,0
C102489,Travel Credit Card,1,1,0,0,0
C102489,Investment Plan (Mutual Fund SIP),1,1,1,1,1
C102490,Recurring Deposit,1,1,0,0,0
C102490,Term Insurance,1,1,0,0,0
C102490,Investment Plan (Mutual Fund SIP),1,1,0,0,0
C102490,Home Loan,1,0,0,0,0
C102490,Premium Banking Account,1,0,0,0,0
C102491,Travel Credit Card,1,1,0,0,0
C102491,Personal Loan,1,1,0,0,0
C102491,Fixed Deposit,1,1,0,0,0
C102491,Premium Credit Card,1,0,0,0,0
C102491,Recurring Deposit,1,0,0,0,0
C102492,Travel Credit Card,1,0,0,0,0
C102492,Home Loan,1,1,0,0,0
C102492,Fuel Credit Card,1,1,0,0,0
C102492,Fixed Deposit,1,0,0,0,0
C102494,Fuel Credit Card,1,1,0,0,0
C102495,Recurring Deposit,1,0,0,0,0
C102495,Investment Plan (Mutual Fund SIP),1,0,0,0,0
C102495,Term Insurance,1,1,0,0,0
C102495,Fixed Deposit,1,0,0,0,0
C102495,Travel Credit Card,1,0,0,0,0
C102496,Investment Plan (Mutual Fund SIP),1,1,0,0,0
C102496,Travel Credit Card,1,0,0,0,0
C102497,Travel Credit Card,1,0,0,0,0
C102497,Personal Loan,1,1,1,1,1
C102497,Fuel Credit Card,1,0,0,0,0
C102497,Home Loan,1,1,0,0,0
C102498,Home Loan,1,1,0,0,0
C102498,Fuel Credit Card,1,0,0,0,0
C102500,Investment Plan (Mutual Fund SIP),1,1,0,0,0
C102501,Premium Credit Card,1,0,0,0,0
C102501,Cashback Credit Card,1,0,0,0,0
C102501,Home Loan,1,1,0,0,0
C102502,Home Loan,1,1,1,1,1
C102502,Term Insurance,1,1,0,0,0
C102502,Personal Loan,1,0,0,0,0
C102502,Fuel Credit Card,1,1,0,0,0
C102503,Home Loan,1,0,0,0,0
C102503,Recurring Deposit,1,1,1,0,0
C102503,Term Insurance,1,0,0,0,0
C102503,Personal Loan,1,0,0,0,0
C102503,Travel Credit Card,1,0,0,0,0
C102505,Home Loan,1,1,0,0,0
C102507,Term Insurance,1,0,0,0,0
C102507,Personal Loan,1,0,0,0,0
C102508,Travel Credit Card,1,0,0,0,0
C102508,Cashback Credit Card,1,1,0,0,0
C102508,Personal Loan,1,0,0,0,0
C102509,Premium Banking Account,1,1,0,0,0
C102510,Cashback Credit Card,1,0,0,0,0
C102511,Recurring Deposit,1,0,0,0,0
C102511,Investment Plan (Mutual Fund SIP),1,1,0,0,0
C102511,Cashback Credit Card,1,1,1,1,1
C102511,Fixed Deposit,1,0,0,0,0
C102512,Recurring Deposit,1,0,0,0,0
C102512,Premium Banking Account,1,1,1,0,0
C102512,Personal Loan,1,1,0,0,0
C102513,Cashback Credit Card,1,0,0,0,0
C102516,Premium Credit Card,1,0,0,0,0
C102516,Fixed Deposit,1,1,1,1,1
C102516,Recurring Deposit,1,1,0,0,0
C102516,Premium Banking Account,1,1,1,0,0
C102516,Cashback Credit Card,1,1,0,0,0
C102517,Travel Credit Card,1,1,1,0,0
C102518,Fixed Deposit,1,1,0,0,0
C102518,Investment Plan (Mutual Fund SIP),1,1,0,0,0
C102518,Home Loan,1,1,1,1,1
C102518,Personal Loan,1,1,0,0,0
C102520,Term Insurance,1,0,0,0,0
C102520,Investment Plan (Mutual Fund SIP),1,0,0,0,0
C102521,Fuel Credit Card,1,0,0,0,0
C102521,Travel Credit Card,1,1,0,0,0
C102521,Premium Credit Card,1,0,0,0,0
C102521,Term Insurance,1,1,0,0,0
C102521,Recurring Deposit,1,0,0,0,0
C102523,Fixed Deposit,1,1,0,0,0
C102523,Personal Loan,1,1,0,0,0
C102523,Term Insurance,1,1,0,0,0
C102523,Premium Credit Card,1,0,0,0,0
C102524,Personal Loan,1,0,0,0,0
C102524,Investment Plan (Mutual Fund SIP),1,0,0,0,0
C102524,Travel Credit Card,1,0,0,0,0
C102524,Premium Credit Card,1,1,0,0,0
C102524,Premium Banking Account,1,1,0,0,0
C102526,Travel Credit Card,1,1,0,0,0
C102526,Recurring Deposit,1,0,0,0,0
C102526,Home Loan,1,0,0,0,0
C102527,Home Loan,1,1,1,1,1
C102527,Fixed Deposit,1,0,0,0,0
C102527,Investment Plan (Mutual Fund SIP),1,1,0,0,0
C102528,Home Loan,1,0,0,0,0
C102528,Premium Banking Account,1,1,0,0,0
C102529,Premium Banking Account,1,0,0,0,0
C102530,Premium Credit Card,1,1,0,0,0
C102531,Home Loan,1,1,0,0,0
C102531,Travel Credit Card,1,0,0,0,0
C102531,Cashback Credit Card,1,1,1,1,1
C102532,Premium Banking Account,1,0,0,0,0
C102533,Fixed Deposit,1,1,1,0,0
C102535,Recurring Deposit,1,1,1,1,1
C102535,Travel Credit Card,1,0,0,0,0
C102536,Fixed Deposit,1,0,0,0,0
C102537,Fuel Credit Card,1,1,0,0,0
C102537,Investment Plan (Mutual Fund SIP),1,0,0,0,0
C102537,Home Loan,1,0,0,0,0
C102537,Premium Credit Card,1,0,0,0,0
C102537,Personal Loan,1,0,0,0,0
C102539,Home Loan,1,1,1,1,1
C102539,Travel Credit Card,1,0,0,0,0
C102539,Fixed Deposit,1,1,0,0,0
C102540,Fixed Deposit,1,0,0,0,0
C102540,Home Loan,1,1,1,0,0
C102541,Cashback Credit Card,1,0,0,0,0
C102541,Home Loan,1,0,0,0,0
C102541,Premium Credit Card,1,0,0,0,0
C102541,Personal Loan,1,1,1,1,0
C102542,Home Loan,1,1,1,1,1
C102542,Fuel Credit Card,1,1,0,0,0
C102542,Recurring Deposit,1,1,1,1,1
C102542,Premium Credit Card,1,1,0,0,0
C102542,Cashback Credit Card,1,1,0,0,0
C102544,Cashback Credit Card,1,0,0,0,0
C102545,Premium Banking Account,1,1,0,0,0
C102545,Term Insurance,1,0,0,0,0
C102546,Cashback Credit Card,1,1,1,1,0
C102546,Term Insurance,1,1,0,0,0
C102546,Recurring Deposit,1,1,0,0,0
C102546,Fuel Credit Card,1,1,0,0,0
C102547,Term Insurance,1,1,1,1,1
C102547,Home Loan,1,0,0,0,0
C102547,Fuel Credit Card,1,1,1,1,0
C102547,Cashback Credit Card,1,1,0,0,0
C102548,Travel Credit Card,1,0,0,0,0
C102548,Recurring Deposit,1,1,0,0,0
C102548,Premium Banking Account,1,1,0,0,0
C102549,Home Loan,1,1,0,0,0
C102549,Personal Loan,1,0,0,0,0
C102549,Cashback Credit Card,1,1,1,0,0
C102550,Personal Loan,1,0,0,0,0
C102550,Fuel Credit Card,1,1,0,0,0
C102550,Premium Credit Card,1,0,0,0,0
C102550,Travel Credit Card,1,0,0,0,0
C102551,Term Insurance,1,1,0,0,0
C102551,Premium Banking Account,1,1,1,1,0
C102551,Personal Loan,1,1,1,0,0
C102553,Travel Credit Card,1,1,0,0,0
C102553,Recurring Deposit,1,1,0,0,0
C102554,Term Insurance,1,1,1,0,0
C102554,Personal Loan,1,1,0,0,0
C102554,Premium Banking Account,1,0,0,0,0
C102555,Fuel Credit Card,1,0,0,0,0
C102555,Term Insurance,1,1,1,1,1
C102555,Home Loan,1,1,0,0,0
C102556,Personal Loan,1,0,0,0,0
C102557,Recurring Deposit,1,1,0,0,0
C102557,Home Loan,1,1,0,0,0
C102557,Cashback Credit Card,1,1,1,1,1
C102558,Fixed Deposit,1,0,0,0,0
C102558,Travel Credit Card,1,0,0,0,0
C102558,Term Insurance,1,1,1,1,0
C102559,Investment Plan (Mutual Fund SIP),1,1,0,0,0
C102559,Cashback Credit Card,1,1,1,1,1
C102559,Fixed Deposit,1,1,0,0,0
C102560,Travel Credit Card,1,0,0,0,0
C102560,Home Loan,1,1,1,1,0
C102560,Fixed Deposit,1,0,0,0,0
C102561,Home Loan,1,1,1,1,1
C102561,Travel Credit Card,1,1,0,0,0
C102561,Fuel Credit Card,1,1,0,0,0
C102561,Personal Loan,1,1,1,1,1
C102562,Premium Banking Account,1,1,0,0,0
C102562,Recurring Deposit,1,0,0,0,0
C102563,Recurring Deposit,1,1,1,1,1
C102563,Personal Loan,1,1,0,0,0
C102564,Recurring Deposit,1,0,0,0,0
C102565,Home Loan,1,1,1,0,0
C102565,Term Insurance,1,1,0,0,0
C102565,Premium Banking Account,1,0,0,0,0
C102565,Premium Credit Card,1,1,0,0,0
C102565,Cashback Credit Card,1,1,0,0,0
C102566,Travel Credit Card,1,0,0,0,0
C102566,Premium Banking Account,1,1,1,0,0
C102567,Premium Credit Card,1,0,0,0,0
C102567,Recurring Deposit,1,1,1,1,1
C102567,Cashback Credit Card,1,1,0,0,0
C102567,Investment Plan (Mutual Fund SIP),1,0,0,0,0
C102568,Personal Loan,1,0,0,0,0
C102568,Fixed Deposit,1,0,0,0,0
C102570,Home Loan,1,1,0,0,0
C102570,Term Insurance,1,0,0,0,0
C102570,Personal Loan,1,1,1,0,0
C102570,Investment Plan (Mutual Fund SIP),1,1,0,0,0
C102571,Travel Credit Card,1,1,1,0,0
C102571,Recurring Deposit,1,0,0,0,0
C102571,Personal Loan,1,1,1,1,1
C102572,Cashback Credit Card,1,0,0,0,0
C102573,Investment Plan (Mutual Fund SIP),1,0,0,0,0
C102573,Premium Credit Card,1,1,0,0,0
C102573,Personal Loan,1,1,0,0,0
C102573,Fuel Credit Card,1,1,1,0,0
C102573,Travel Credit Card,1,1,0,0,0
C102575,Travel Credit Card,1,1,0,0,0
C102575,Premium Banking Account,1,1,0,0,0
C102575,Investment Plan (Mutual Fund SIP),1,0,0,0,0
C102575,Fixed Deposit,1,0,0,0,0
C102575,Premium Credit Card,1,1,0,0,0
C102576,Premium Credit Card,1,0,0,0,0
C102577,Premium Banking Account,1,1,0,0,0
C102577,Term Insurance,1,0,0,0,0
C102577,Cashback Credit Card,1,1,1,1,0
C102577,Investment Plan (Mutual Fund SIP),1,1,1,1,1
C102577,Home Loan,1,1,0,0,0
C102578,Investment Plan (Mutual Fund SIP),1,1,0,0,0
C102578,Travel Credit Card,1,0,0,0,0
C102578,Term Insurance,1,1,0,0,0
C102579,Personal Loan,1,1,0,0,0
C102579,Travel Credit Card,1,0,0,0,0
C102579,Investment Plan (Mutual Fund SIP),1,1,0,0,0
C102580,Premium Credit Card,1,1,0,0,0
C102582,Investment Plan (Mutual Fund SIP),1,1,1,1,0
C102582,Personal Loan,1,1,0,0,0
C102583,Investment Plan (Mutual Fund SIP),1,1,1,1,1
C102583,Personal Loan,1,0,0,0,0
C102583,Recurring Deposit,1,0,0,0,0
C102583,Term Insurance,1,1,1,1,1
C102584,Recurring Deposit,1,0,0,0,0
C102584,Fuel Credit Card,1,1,1,1,1
C102584,Fixed Deposit,1,1,0,0,0
C102585,Premium Credit Card,1,0,0,0,0
C102585,Travel Credit Card,1,1,1,0,0
C102585,Home Loan,1,0,0,0,0
C102585,Cashback Credit Card,1,0,0,0,0
C102585,Term Insurance,1,1,1,1,1
C102586,Personal Loan,1,0,0,0,0
C102587,Term Insurance,1,1,0,0,0
C102587,Fuel Credit Card,1,1,1,1,1
C102588,Home Loan,1,0,0,0,0
C102588,Cashback Credit Card,1,0,0,0,0
C102588,Fixed Deposit,1,1,0,0,0
C102589,Term Insurance,1,0,0,0,0
C102589,Home Loan,1,0,0,0,0
C102589,Fixed Deposit,1,0,0,0,0
C102589,Recurring Deposit,1,0,0,0,0
C102590,Personal Loan,1,1,1,1,1
C102590,Term Insurance,1,1,0,0,0
C102591,Premium Credit Card,1,0,0,0,0
C102591,Premium Banking Account,1,1,1,0,0
C102591,Fuel Credit Card,1,0,0,0,0
C102591,Recurring Deposit,1,0,0,0,0
C102591,Investment Plan (Mutual Fund SIP),1,1,1,1,1
C102593,Cashback Credit Card,1,1,0,0,0
C102593,Fuel Credit Card,1,1,1,1,1
C102593,Investment Plan (Mutual Fund SIP),1,0,0,0,0
C102593,Fixed Deposit,1,1,1,1,1
C102593,Premium Credit Card,1,1,0,0,0
C102594,Recurring Deposit,1,1,0,0,0
C102594,Investment Plan (Mutual Fund SIP),1,0,0,0,0
C102594,Personal Loan,1,1,0,0,0
C102594,Home Loan,1,0,0,0,0
C102594,Premium Credit Card,1,1,0,0,0
C102595,Fuel Credit Card,1,0,0,0,0
C102595,Recurring Deposit,1,1,0,0,0
C102595,Term Insurance,1,1,1,1,1
C102595,Investment Plan (Mutual Fund SIP),1,1,0,0,0
C102596,Travel Credit Card,1,1,0,0,0
C102596,Personal Loan,1,0,0,0,0
C102596,Home Loan,1,1,1,0,0
C102596,Investment Plan (Mutual Fund SIP),1,0,0,0,0
C102596,Premium Credit Card,1,0,0,0,0
C102597,Fuel Credit Card,1,0,0,0,0
C102597,Cashback Credit Card,1,0,0,0,0
C102597,Travel Credit Card,1,0,0,0,0
C102597,Term Insurance,1,0,0,0,0
C102598,Premium Credit Card,1,0,0,0,0
C102598,Fuel Credit Card,1,1,0,0,0
C102598,Travel Credit Card,1,0,0,0,0
C102598,Fixed Deposit,1,1,0,0,0
C102598,Premium Banking Account,1,0,0,0,0
C102599,Home Loan,1,1,0,0,0
C102600,Cashback Credit Card,1,0,0,0,0
C102600,Premium Banking Account,1,0,0,0,0
C102600,Fuel Credit Card,1,0,0,0,0
C102601,Personal Loan,1,1,0,0,0
C102601,Premium Banking Account,1,1,0,0,0
C102601,Travel Credit Card,1,1,0,0,0
C102601,Home Loan,1,0,0,0,0
C102602,Personal Loan,1,0,0,0,0
C102602,Travel Credit Card,1,1,0,0,0
C102602,Term Insurance,1,1,0,0,0
C102604,Term Insurance,1,1,1,0,0
C102604,Premium Credit Card,1,1,1,1,1
C102604,Travel Credit Card,1,0,0,0,0
C102605,Term Insurance,1,0,0,0,0
C102605,Fixed Deposit,1,0,0,0,0
C102605,Cashback Credit Card,1,0,0,0,0
C102607,Personal Loan,1,1,0,0,0
C102607,Investment Plan (Mutual Fund SIP),1,0,0,0,0
C102607,Fixed Deposit,1,0,0,0,0
C102607,Home Loan,1,1,0,0,0
C102609,Personal Loan,1,0,0,0,0
C102609,Recurring Deposit,1,0,0,0,0
C102609,Cashback Credit Card,1,0,0,0,0
C102610,Recurring Deposit,1,0,0,0,0
C102610,Premium Credit Card,1,0,0,0,0
C102610,Home Loan,1,1,0,0,0
C102610,Cashback Credit Card,1,0,0,0,0
C102610,Premium Banking Account,1,1,0,0,0
C102611,Cashback Credit Card,1,0,0,0,0
C102611,Personal Loan,1,1,1,0,0
C102611,Term Insurance,1,1,1,1,1
C102611,Recurring Deposit,1,1,0,0,0
C102612,Fixed Deposit,1,0,0,0,0
C102612,Travel Credit Card,1,0,0,0,0
C102612,Personal Loan,1,1,1,1,1
C102612,Investment Plan (Mutual Fund SIP),1,0,0,0,0
C102612,Home Loan,1,0,0,0,0
C102613,Investment Plan (Mutual Fund SIP),1,0,0,0,0
C102613,Cashback Credit Card,1,1,0,0,0
C102613,Term Insurance,1,0,0,0,0
C102614,Personal Loan,1,0,0,0,0
C102614,Recurring Deposit,1,1,1,0,0
C102614,Travel Credit Card,1,0,0,0,0
C102614,Home Loan,1,0,0,0,0
C102615,Recurring Deposit,1,1,0,0,0
C102615,Term Insurance,1,0,0,0,0
C102615,Fuel Credit Card,1,1,1,1,1
C102615,Premium Credit Card,1,1,0,0,0
C102615,Cashback Credit Card,1,0,0,0,0
C102616,Fixed Deposit,1,1,0,0,0
C102617,Home Loan,1,1,0,0,0
C102617,Term Insurance,1,1,0,0,0
C102618,Personal Loan,1,1,0,0,0
C102618,Term Insurance,1,1,1,0,0
C102618,Premium Banking Account,1,0,0,0,0
C102618,Investment Plan (Mutual Fund SIP),1,1,1,1,1
C102622,Fixed Deposit,1,1,0,0,0
C102622,Recurring Deposit,1,1,0,0,0
C102622,Investment Plan (Mutual Fund SIP),1,1,0,0,0
C102624,Premium Banking Account,1,0,0,0,0
C102624,Cashback Credit Card,1,1,0,0,0
C102624,Recurring Deposit,1,0,0,0,0
C102625,Premium Credit Card,1,1,0,0,0
C102625,Recurring Deposit,1,0,0,0,0
C102625,Personal Loan,1,0,0,0,0
C102625,Fuel Credit Card,1,0,0,0,0
C102625,Travel Credit Card,1,0,0,0,0
C102627,Fuel Credit Card,1,0,0,0,0
C102627,Term Insurance,1,1,0,0,0
C102628,Personal Loan,1,0,0,0,0
C102629,Personal Loan,1,0,0,0,0
C102629,Premium Banking Account,1,1,1,0,0
C102629,Fixed Deposit,1,1,1,1,0
C102631,Premium Banking Account,1,1,0,0,0
C102631,Fuel Credit Card,1,1,0,0,0
C102631,Fixed Deposit,1,0,0,0,0
C102631,Travel Credit Card,1,1,0,0,0
C102631,Cashback Credit Card,1,1,1,1,1
C102632,Cashback Credit Card,1,1,0,0,0
C102632,Term Insurance,1,0,0,0,0
C102634,Recurring Deposit,1,0,0,0,0
C102635,Fuel Credit Card,1,0,0,0,0
C102636,Personal Loan,1,0,0,0,0
C102636,Premium Banking Account,1,1,0,0,0
C102636,Premium Credit Card,1,1,0,0,0
C102637,Premium Credit Card,1,0,0,0,0
C102638,Cashback Credit Card,1,0,0,0,0
C102639,Fixed Deposit,1,0,0,0,0
C102639,Recurring Deposit,1,0,0,0,0
C102640,Fixed Deposit,1,0,0,0,0
C102640,Travel Credit Card,1,0,0,0,0
C102641,Recurring Deposit,1,1,0,0,0
C102641,Travel Credit Card,1,0,0,0,0
C102642,Recurring Deposit,1,1,0,0,0
C102642,Personal Loan,1,1,1,1,0
C102643,Personal Loan,1,0,0,0,0
C102643,Premium Credit Card,1,0,0,0,0
C102643,Premium Banking Account,1,0,0,0,0
C102643,Fixed Deposit,1,1,1,1,1
C102644,Investment Plan (Mutual Fund SIP),1,1,0,0,0
C102644,Premium Credit Card,1,0,0,0,0
C102645,Travel Credit Card,1,0,0,0,0
C102645,Fuel Credit Card,1,1,0,0,0
C102645,Recurring Deposit,1,0,0,0,0
C102645,Premium Banking Account,1,0,0,0,0
C102645,Term Insurance,1,1,0,0,0
C102646,Term Insurance,1,0,0,0,0
C102646,Personal Loan,1,0,0,0,0
C102647,Term Insurance,1,1,0,0,0
C102647,Fuel Credit Card,1,0,0,0,0
C102648,Home Loan,1,1,0,0,0
C102648,Personal Loan,1,0,0,0,0
C102648,Cashback Credit Card,1,1,0,0,0
C102648,Premium Banking Account,1,0,0,0,0
C102649,Premium Banking Account,1,0,0,0,0
C102649,Fixed Deposit,1,1,0,0,0
C102651,Investment Plan (Mutual Fund SIP),1,0,0,0,0
C102651,Travel Credit Card,1,0,0,0,0
C102651,Recurring Deposit,1,0,0,0,0
C102652,Travel Credit Card,1,0,0,0,0
C102652,Premium Credit Card,1,0,0,0,0
C102652,Personal Loan,1,0,0,0,0
C102654,Cashback Credit Card,1,1,0,0,0
C102654,Recurring Deposit,1,0,0,0,0
C102654,Travel Credit Card,1,0,0,0,0
C102655,Personal Loan,1,0,0,0,0
C102655,Cashback Credit Card,1,1,0,0,0
C102656,Investment Plan (Mutual Fund SIP),1,1,1,1,1
C102657,Premium Banking Account,1,0,0,0,0
C102657,Fuel Credit Card,1,1,0,0,0
C102658,Term Insurance,1,1,0,0,0
C102658,Personal Loan,1,0,0,0,0
C102660,Investment Plan (Mutual Fund SIP),1,1,0,0,0
C102660,Cashback Credit Card,1,1,0,0,0
C102661,Cashback Credit Card,1,1,1,0,0
C102661,Fuel Credit Card,1,0,0,0,0
C102661,Home Loan,1,1,0,0,0
C102661,Premium Banking Account,1,1,0,0,0
C102663,Fuel Credit Card,1,1,0,0,0
C102663,Recurring Deposit,1,0,0,0,0
C102663,Fixed Deposit,1,1,1,1,1
C102663,Home Loan,1,0,0,0,0
C102664,Personal Loan,1,1,0,0,0
C102664,Investment Plan (Mutual Fund SIP),1,1,0,0,0
C102664,Premium Credit Card,1,1,0,0,0
C102664,Cashback Credit Card,1,1,0,0,0
C102665,Recurring Deposit,1,1,1,1,1
C102665,Personal Loan,1,0,0,0,0
C102665,Term Insurance,1,0,0,0,0
C102665,Premium Credit Card,1,1,0,0,0
C102665,Home Loan,1,0,0,0,0
C102666,Home Loan,1,1,1,0,0
C102666,Personal Loan,1,1,0,0,0
C102666,Cashback Credit Card,1,0,0,0,0
C102667,Home Loan,1,1,0,0,0
C102669,Recurring Deposit,1,1,0,0,0
C102669,Travel Credit Card,1,0,0,0,0
C102669,Premium Banking Account,1,1,0,0,0
C102669,Cashback Credit Card,1,1,0,0,0
C102669,Personal Loan,1,1,1,0,0
C102670,Fuel Credit Card,1,1,0,0,0
C102670,Term Insurance,1,0,0,0,0
C102670,Fixed Deposit,1,0,0,0,0
C102670,Travel Credit Card,1,0,0,0,0
C102670,Investment Plan (Mutual Fund SIP),1,0,0,0,0
C102671,Fuel Credit Card,1,0,0,0,0
C102672,Term Insurance,1,1,0,0,0
C102672,Recurring Deposit,1,1,0,0,0
C102672,Investment Plan (Mutual Fund SIP),1,0,0,0,0
C102673,Premium Banking Account,1,0,0,0,0
C102674,Fixed Deposit,1,0,0,0,0
C102674,Term Insurance,1,0,0,0,0
C102674,Recurring Deposit,1,1,0,0,0
C102674,Premium Credit Card,1,1,0,0,0
C102674,Travel Credit Card,1,0,0,0,0
C102675,Travel Credit Card,1,1,0,0,0
C102676,Term Insurance,1,0,0,0,0
C102676,Home Loan,1,1,0,0,0
C102676,Investment Plan (Mutual Fund SIP),1,1,0,0,0
C102676,Premium Credit Card,1,0,0,0,0
C102676,Cashback Credit Card,1,0,0,0,0
C102677,Term Insurance,1,0,0,0,0
C102677,Recurring Deposit,1,1,0,0,0
C102677,Premium Banking Account,1,1,0,0,0
C102678,Fixed Deposit,1,1,1,1,1
C102678,Premium Credit Card,1,1,1,1,1
C102680,Premium Credit Card,1,1,0,0,0
C102682,Term Insurance,1,0,0,0,0
C102682,Investment Plan (Mutual Fund SIP),1,1,1,1,1
C102683,Cashback Credit Card,1,0,0,0,0
C102683,Term Insurance,1,0,0,0,0
C102684,Premium Credit Card,1,0,0,0,0
C102684,Recurring Deposit,1,1,1,1,1
C102684,Term Insurance,1,1,1,0,0
C102684,Fuel Credit Card,1,1,1,1,0
C102684,Personal Loan,1,1,0,0,0
C102685,Premium Banking Account,1,1,1,1,1
C102685,Fuel Credit Card,1,1,0,0,0
C102685,Term Insurance,1,0,0,0,0
C102685,Cashback Credit Card,1,1,0,0,0
C102685,Travel Credit Card,1,1,0,0,0
C102686,Travel Credit Card,1,1,1,1,1
C102686,Fixed Deposit,1,1,0,0,0
C102686,Home Loan,1,1,0,0,0
C102686,Term Insurance,1,1,0,0,0
C102686,Premium Credit Card,1,0,0,0,0
C102687,Travel Credit Card,1,1,1,1,1
C102688,Cashback Credit Card,1,1,0,0,0
C102688,Home Loan,1,0,0,0,0
C102688,Personal Loan,1,0,0,0,0
C102690,Fuel Credit Card,1,0,0,0,0
C102690,Travel Credit Card,1,1,1,0,0
C102690,Recurring Deposit,1,0,0,0,0
C102690,Investment Plan (Mutual Fund SIP),1,1,0,0,0
C102692,Personal Loan,1,1,0,0,0
C102692,Home Loan,1,1,1,1,0
C102692,Term Insurance,1,0,0,0,0
C102692,Recurring Deposit,1,0,0,0,0
C102692,Premium Credit Card,1,1,0,0,0
C102693,Premium Banking Account,1,1,0,0,0
C102693,Fixed Deposit,1,0,0,0,0
C102695,Fixed Deposit,1,1,1,1,1
C102695,Travel Credit Card,1,1,0,0,0
C102695,Recurring Deposit,1,0,0,0,0
C102695,Cashback Credit Card,1,0,0,0,0
C102695,Premium Banking Account,1,1,0,0,0
C102696,Home Loan,1,0,0,0,0
C102697,Fuel Credit Card,1,0,0,0,0
C102697,Investment Plan (Mutual Fund SIP),1,0,0,0,0
C102697,Personal Loan,1,0,0,0,0
C102697,Premium Credit Card,1,0,0,0,0
C102698,Personal Loan,1,1,1,1,1
C102698,Fuel Credit Card,1,0,0,0,0
C102698,Investment Plan (Mutual Fund SIP),1,0,0,0,0
C102698,Premium Credit Card,1,1,0,0,0
C102699,Personal Loan,1,1,0,0,0
C102699,Premium Banking Account,1,1,0,0,0
C102699,Travel Credit Card,1,1,0,0,0
C102699,Cashback Credit Card,1,1,1,1,1
C102699,Premium Credit Card,1,1,0,0,0
C102700,Fuel Credit Card,1,0,0,0,0
C102700,Personal Loan,1,0,0,0,0
C102700,Premium Banking Account,1,1,1,0,0
C102701,Recurring Deposit,1,1,0,0,0
C102701,Premium Credit Card,1,0,0,0,0
C102701,Fixed Deposit,1,1,0,0,0
C102702,Term Insurance,1,0,0,0,0
C102702,Personal Loan,1,0,0,0,0
C102702,Home Loan,1,0,0,0,0
C102702,Premium Credit Card,1,0,0,0,0
C102703,Term Insurance,1,0,0,0,0
C102703,Recurring Deposit,1,0,0,0,0
C102703,Travel Credit Card,1,0,0,0,0
C102704,Premium Banking Account,1,0,0,0,0
C102704,Home Loan,1,0,0,0,0
C102704,Fuel Credit Card,1,1,0,0,0
C102704,Fixed Deposit,1,1,0,0,0
C102704,Term Insurance,1,1,0,0,0
C102705,Travel Credit Card,1,1,1,1,1
C102706,Investment Plan (Mutual Fund SIP),1,1,0,0,0
C102706,Fuel Credit Card,1,0,0,0,0
C102707,Recurring Deposit,1,1,0,0,0
C102708,Investment Plan (Mutual Fund SIP),1,1,0,0,0
C102708,Premium Credit Card,1,0,0,0,0
C102708,Fixed Deposit,1,1,0,0,0
C102709,Fixed Deposit,1,0,0,0,0
C102709,Premium Banking Account,1,1,1,0,0
C102709,Travel Credit Card,1,0,0,0,0
C102710,Premium Banking Account,1,0,0,0,0
C102710,Cashback Credit Card,1,0,0,0,0
C102710,Term Insurance,1,1,1,1,1
C102710,Fuel Credit Card,1,0,0,0,0
C102710,Travel Credit Card,1,1,0,0,0
C102714,Recurring Deposit,1,0,0,0,0
C102714,Personal Loan,1,0,0,0,0
C102714,Cashback Credit Card,1,0,0,0,0
C102714,Travel Credit Card,1,1,1,0,0
C102714,Fuel Credit Card,1,1,0,0,0
C102715,Fuel Credit Card,1,1,0,0,0
C102715,Cashback Credit Card,1,1,1,1,1
C102715,Term Insurance,1,0,0,0,0
C102716,Term Insurance,1,0,0,0,0
C102717,Premium Banking Account,1,0,0,0,0
C102717,Cashback Credit Card,1,0,0,0,0
C102717,Term Insurance,1,0,0,0,0
C102717,Investment Plan (Mutual Fund SIP),1,1,0,0,0
C102718,Investment Plan (Mutual Fund SIP),1,1,1,1,1
C102718,Travel Credit Card,1,1,0,0,0
C102720,Premium Credit Card,1,1,0,0,0
C102720,Term Insurance,1,1,0,0,0
C102720,Investment Plan (Mutual Fund SIP),1,1,0,0,0
C102720,Travel Credit Card,1,0,0,0,0
C102720,Recurring Deposit,1,1,1,1,1
C102721,Home Loan,1,1,0,0,0
C102721,Personal Loan,1,1,0,0,0
C102721,Fuel Credit Card,1,0,0,0,0
C102721,Term Insurance,1,1,0,0,0
C102722,Cashback Credit Card,1,1,1,1,1
C102723,Travel Credit Card,1,1,1,1,1
C102723,Premium Banking Account,1,0,0,0,0
C102723,Investment Plan (Mutual Fund SIP),1,0,0,0,0
C102724,Travel Credit Card,1,1,0,0,0
C102724,Term Insurance,1,1,0,0,0
C102725,Cashback Credit Card,1,1,0,0,0
C102725,Fixed Deposit,1,1,0,0,0
C102725,Travel Credit Card,1,1,0,0,0
C102726,Recurring Deposit,1,0,0,0,0
C102726,Term Insurance,1,0,0,0,0
C102726,Personal Loan,1,1,1,0,0
C102726,Investment Plan (Mutual Fund SIP),1,1,0,0,0
C102726,Fuel Credit Card,1,0,0,0,0
C102727,Travel Credit Card,1,0,0,0,0
C102727,Premium Credit Card,1,1,0,0,0
C102727,Term Insurance,1,0,0,0,0
C102727,Premium Banking Account,1,0,0,0,0
C102728,Personal Loan,1,1,0,0,0
C102728,Recurring Deposit,1,0,0,0,0
C102728,Investment Plan (Mutual Fund SIP),1,0,0,0,0
C102728,Travel Credit Card,1,1,1,1,1
C102728,Home Loan,1,1,1,1,1
C102729,Term Insurance,1,0,0,0,0
C102729,Premium Banking Account,1,1,0,0,0
C102729,Travel Credit Card,1,0,0,0,0
C102729,Premium Credit Card,1,1,0,0,0
C102729,Cashback Credit Card,1,0,0,0,0
C102733,Term Insurance,1,1,0,0,0
C102733,Premium Credit Card,1,0,0,0,0
C102733,Fixed Deposit,1,1,1,1,0
C102735,Premium Credit Card,1,1,0,0,0
C102735,Cashback Credit Card,1,1,1,1,1
C102736,Travel Credit Card,1,1,0,0,0
C102736,Premium Banking Account,1,0,0,0,0
C102736,Home Loan,1,0,0,0,0
C102736,Investment Plan (Mutual Fund SIP),1,1,1,1,0
C102738,Term Insurance,1,0,0,0,0
C102738,Investment Plan (Mutual Fund SIP),1,1,0,0,0
C102738,Recurring Deposit,1,0,0,0,0
C102739,Term Insurance,1,1,0,0,0
C102739,Fixed Deposit,1,1,1,1,1
C102739,Premium Credit Card,1,1,0,0,0
C102739,Premium Banking Account,1,0,0,0,0
C102739,Recurring Deposit,1,1,0,0,0
C102740,Recurring Deposit,1,1,0,0,0
C102740,Fixed Deposit,1,0,0,0,0
C102740,Investment Plan (Mutual Fund SIP),1,1,0,0,0
C102740,Home Loan,1,1,0,0,0
C102740,Premium Credit Card,1,1,0,0,0
C102741,Premium Credit Card,1,1,1,0,0
C102741,Cashback Credit Card,1,0,0,0,0
C102742,Investment Plan (Mutual Fund SIP),1,1,0,0,0
C102742,Fuel Credit Card,1,0,0,0,0
C102742,Term Insurance,1,1,1,1,0
C102742,Premium Banking Account,1,0,0,0,0
C102742,Home Loan,1,0,0,0,0
C102743,Term Insurance,1,1,0,0,0
C102743,Fixed Deposit,1,1,1,1,1
C102743,Recurring Deposit,1,1,1,1,1
C102743,Personal Loan,1,1,0,0,0
C102743,Home Loan,1,1,1,0,0
C102744,Home Loan,1,1,1,0,0
C102744,Personal Loan,1,0,0,0,0
C102745,Premium Credit Card,1,0,0,0,0
C102745,Travel Credit Card,1,0,0,0,0
C102745,Term Insurance,1,0,0,0,0
C102746,Investment Plan (Mutual Fund SIP),1,1,1,1,1
C102747,Travel Credit Card,1,1,0,0,0
C102747,Investment Plan (Mutual Fund SIP),1,0,0,0,0
C102748,Premium Banking Account,1,1,0,0,0
C102748,Fixed Deposit,1,0,0,0,0
C102748,Recurring Deposit,1,1,1,1,1
C102748,Travel Credit Card,1,1,1,1,1
C102749,Personal Loan,1,1,0,0,0
C102749,Term Insurance,1,0,0,0,0
C102750,Recurring Deposit,1,0,0,0,0
C102750,Premium Credit Card,1,1,0,0,0
C102750,Cashback Credit Card,1,0,0,0,0
C102750,Premium Banking Account,1,1,0,0,0
C102750,Investment Plan (Mutual Fund SIP),1,0,0,0,0
C102751,Travel Credit Card,1,0,0,0,0
C102751,Recurring Deposit,1,0,0,0,0
C102751,Investment Plan (Mutual Fund SIP),1,0,0,0,0
C102751,Cashback Credit Card,1,0,0,0,0
C102752,Term Insurance,1,1,0,0,0
C102752,Investment Plan (Mutual Fund SIP),1,1,0,0,0
C102752,Premium Credit Card,1,1,0,0,0
C102753,Premium Banking Account,1,1,1,1,1
C102753,Investment Plan (Mutual Fund SIP),1,0,0,0,0
C102753,Travel Credit Card,1,0,0,0,0
C102753,Premium Credit Card,1,0,0,0,0
C102753,Fuel Credit Card,1,0,0,0,0
C102754,Term Insurance,1,1,0,0,0
C102754,Personal Loan,1,0,0,0,0
C102754,Travel Credit Card,1,0,0,0,0
C102757,Premium Credit Card,1,1,0,0,0
C102757,Term Insurance,1,1,0,0,0
C102757,Travel Credit Card,1,0,0,0,0
C102757,Fuel Credit Card,1,1,0,0,0
C102757,Cashback Credit Card,1,1,0,0,0
C102758,Fuel Credit Card,1,0,0,0,0
C102758,Fixed Deposit,1,1,0,0,0
C102759,Recurring Deposit,1,1,0,0,0
C102759,Premium Credit Card,1,0,0,0,0
C102760,Term Insurance,1,0,0,0,0
C102760,Investment Plan (Mutual Fund SIP),1,1,1,1,0
C102760,Fuel Credit Card,1,0,0,0,0
C102760,Travel Credit Card,1,0,0,0,0
C102760,Fixed Deposit,1,1,0,0,0
C102763,Fixed Deposit,1,0,0,0,0
C102763,Personal Loan,1,1,0,0,0
C102763,Recurring Deposit,1,1,1,1,0
C102764,Term Insurance,1,1,1,0,0
C102765,Term Insurance,1,0,0,0,0
C102765,Personal Loan,1,1,0,0,0
C102765,Cashback Credit Card,1,0,0,0,0
C102765,Premium Credit Card,1,1,0,0,0
C102766,Premium Banking Account,1,1,0,0,0
C102766,Home Loan,1,1,0,0,0
C102766,Fuel Credit Card,1,1,1,1,0
C102766,Cashback Credit Card,1,1,0,0,0
C102767,Fuel Credit Card,1,0,0,0,0
C102767,Home Loan,1,1,0,0,0
C102767,Premium Credit Card,1,1,0,0,0
C102767,Cashback Credit Card,1,0,0,0,0
C102768,Investment Plan (Mutual Fund SIP),1,1,1,1,1
C102768,Home Loan,1,0,0,0,0
C102768,Travel Credit Card,1,1,0,0,0
C102768,Recurring Deposit,1,1,0,0,0
C102768,Premium Credit Card,1,1,0,0,0
C102769,Premium Banking Account,1,1,0,0,0
C102769,Fixed Deposit,1,1,0,0,0
C102769,Fuel Credit Card,1,0,0,0,0
C102770,Investment Plan (Mutual Fund SIP),1,1,1,0,0
C102770,Fixed Deposit,1,0,0,0,0
C102770,Personal Loan,1,1,0,0,0
C102770,Premium Banking Account,1,0,0,0,0
C102770,Travel Credit Card,1,0,0,0,0
C102771,Premium Credit Card,1,1,1,1,0
C102771,Home Loan,1,0,0,0,0
C102771,Personal Loan,1,1,0,0,0
C102771,Term Insurance,1,1,1,1,1
C102772,Personal Loan,1,1,0,0,0
C102772,Term Insurance,1,1,1,1,1
C102772,Investment Plan (Mutual Fund SIP),1,1,0,0,0
C102772,Travel Credit Card,1,1,0,0,0
C102772,Cashback Credit Card,1,1,0,0,0
C102776,Fixed Deposit,1,0,0,0,0
C102777,Recurring Deposit,1,0,0,0,0
C102777,Personal Loan,1,0,0,0,0
C102777,Premium Credit Card,1,1,0,0,0
C102778,Cashback Credit Card,1,1,0,0,0
C102778,Premium Credit Card,1,1,0,0,0
C102778,Fuel Credit Card,1,1,0,0,0
C102780,Premium Credit Card,1,1,0,0,0
C102780,Fixed Deposit,1,0,0,0,0
C102780,Term Insurance,1,1,0,0,0
C102780,Fuel Credit Card,1,1,1,1,1
C102780,Cashback Credit Card,1,1,1,1,1
C102782,Travel Credit Card,1,1,1,1,1
C102783,Investment Plan (Mutual Fund SIP),1,0,0,0,0
C102783,Travel Credit Card,1,0,0,0,0
C102784,Cashback Credit Card,1,1,0,0,0
C102785,Home Loan,1,1,1,0,0
C102787,Cashback Credit Card,1,1,0,0,0
C102788,Premium Credit Card,1,0,0,0,0
C102788,Travel Credit Card,1,0,0,0,0
C102789,Personal Loan,1,1,0,0,0
C102789,Investment Plan (Mutual Fund SIP),1,0,0,0,0
C102789,Fuel Credit Card,1,0,0,0,0
C102790,Investment Plan (Mutual Fund SIP),1,1,0,0,0
C102790,Recurring Deposit,1,0,0,0,0
C102790,Term Insurance,1,1,1,1,1
C102791,Recurring Deposit,1,0,0,0,0
C102791,Personal Loan,1,0,0,0,0
C102791,Premium Banking Account,1,1,0,0,0
C102791,Fixed Deposit,1,0,0,0,0
C102791,Investment Plan (Mutual Fund SIP),1,0,0,0,0
C102792,Term Insurance,1,1,0,0,0
C102792,Investment Plan (Mutual Fund SIP),1,0,0,0,0
C102793,Fuel Credit Card,1,1,1,1,0
C102793,Home Loan,1,1,0,0,0
C102793,Fixed Deposit,1,1,0,0,0
C102793,Premium Credit Card,1,1,0,0,0
C102793,Premium Banking Account,1,0,0,0,0
C102794,Premium Credit Card,1,0,0,0,0
C102794,Cashback Credit Card,1,1,1,1,1
C102794,Fuel Credit Card,1,1,0,0,0
C102794,Travel Credit Card,1,0,0,0,0
C102794,Recurring Deposit,1,0,0,0,0
C102795,Premium Banking Account,1,0,0,0,0
C102795,Term Insurance,1,1,0,0,0
C102795,Personal Loan,1,1,0,0,0
C102795,Recurring Deposit,1,0,0,0,0
C102796,Recurring Deposit,1,1,0,0,0
C102797,Term Insurance,1,1,0,0,0
C102797,Travel Credit Card,1,1,0,0,0
C102797,Cashback Credit Card,1,0,0,0,0
C102798,Recurring Deposit,1,1,1,1,0
C102798,Travel Credit Card,1,1,0,0,0
C102798,Premium Credit Card,1,0,0,0,0
C102798,Fuel Credit Card,1,1,1,1,1
C102798,Premium Banking Account,1,1,0,0,0
C102799,Premium Banking Account,1,1,0,0,0
C102799,Term Insurance,1,0,0,0,0
C102799,Travel Credit Card,1,1,1,0,0
C102799,Investment Plan (Mutual Fund SIP),1,0,0,0,0
C102800,Term Insurance,1,0,0,0,0
C102800,Travel Credit Card,1,0,0,0,0
C102801,Recurring Deposit,1,0,0,0,0
C102801,Personal Loan,1,1,0,0,0
C102801,Home Loan,1,1,0,0,0
C102801,Premium Banking Account,1,1,0,0,0
C102803,Fuel Credit Card,1,0,0,0,0
C102803,Investment Plan (Mutual Fund SIP),1,1,0,0,0
C102804,Cashback Credit Card,1,0,0,0,0
C102804,Premium Banking Account,1,0,0,0,0
C102805,Cashback Credit Card,1,0,0,0,0
C102805,Fuel Credit Card,1,0,0,0,0
C102807,Home Loan,1,0,0,0,0
C102807,Recurring Deposit,1,1,0,0,0
C102809,Fuel Credit Card,1,1,0,0,0
C102809,Travel Credit Card,1,1,1,0,0
C102810,Personal Loan,1,0,0,0,0
C102810,Fuel Credit Card,1,0,0,0,0
C102810,Cashback Credit Card,1,0,0,0,0
C102810,Home Loan,1,1,1,1,1
C102810,Premium Banking Account,1,1,0,0,0
C102811,Term Insurance,1,1,1,0,0
C102811,Recurring Deposit,1,1,1,1,1
C102811,Personal Loan,1,0,0,0,0
C102811,Fuel Credit Card,1,1,0,0,0
C102811,Investment Plan (Mutual Fund SIP),1,1,0,0,0
C102812,Premium Credit Card,1,1,1,0,0
C102812,Premium Banking Account,1,0,0,0,0
C102812,Term Insurance,1,1,1,0,0
C102813,Premium Credit Card,1,1,1,0,0
C102813,Fixed Deposit,1,0,0,0,0
C102813,Cashback Credit Card,1,0,0,0,0
C102813,Investment Plan (Mutual Fund SIP),1,0,0,0,0
C102813,Home Loan,1,0,0,0,0
C102814,Recurring Deposit,1,0,0,0,0
C102814,Cashback Credit Card,1,0,0,0,0
C102814,Premium Banking Account,1,0,0,0,0
C102815,Travel Credit Card,1,0,0,0,0
C102815,Premium Credit Card,1,0,0,0,0
C102815,Term Insurance,1,1,0,0,0
C102815,Fixed Deposit,1,1,0,0,0
C102815,Investment Plan (Mutual Fund SIP),1,1,1,1,1
C102816,Recurring Deposit,1,1,0,0,0
C102816,Personal Loan,1,0,0,0,0
C102816,Travel Credit Card,1,0,0,0,0
C102819,Personal Loan,1,0,0,0,0
C102819,Term Insurance,1,1,0,0,0
C102819,Fixed Deposit,1,1,0,0,0
C102819,Fuel Credit Card,1,0,0,0,0
C102819,Recurring Deposit,1,1,0,0,0
C102820,Recurring Deposit,1,0,0,0,0
C102821,Fixed Deposit,1,1,0,0,0
C102822,Cashback Credit Card,1,1,1,1,1
C102822,Home Loan,1,1,1,1,0
C102823,Recurring Deposit,1,1,0,0,0
C102823,Home Loan,1,1,0,0,0
C102824,Cashback Credit Card,1,1,0,0,0
C102825,Premium Credit Card,1,0,0,0,0
C102825,Recurring Deposit,1,1,0,0,0
C102826,Travel Credit Card,1,1,0,0,0
C102826,Investment Plan (Mutual Fund SIP),1,0,0,0,0
C102826,Recurring Deposit,1,1,0,0,0
C102826,Personal Loan,1,0,0,0,0
C102826,Fuel Credit Card,1,0,0,0,0
C102828,Premium Banking Account,1,0,0,0,0
C102828,Home Loan,1,1,0,0,0
C102828,Fuel Credit Card,1,1,0,0,0
C102828,Cashback Credit Card,1,0,0,0,0
C102828,Investment Plan (Mutual Fund SIP),1,1,1,1,1
C102829,Home Loan,1,1,1,1,1
C102829,Recurring Deposit,1,1,1,1,1
C102829,Premium Credit Card,1,1,1,1,1
C102829,Fixed Deposit,1,1,0,0,0
C102830,Premium Banking Account,1,1,0,0,0
C102830,Fixed Deposit,1,0,0,0,0
C102831,Investment Plan (Mutual Fund SIP),1,1,0,0,0
C102831,Personal Loan,1,1,0,0,0
C102832,Investment Plan (Mutual Fund SIP),1,0,0,0,0
C102832,Cashback Credit Card,1,1,1,1,1
C102832,Fuel Credit Card,1,0,0,0,0
C102833,Fixed Deposit,1,0,0,0,0
C102833,Term Insurance,1,0,0,0,0
C102833,Travel Credit Card,1,0,0,0,0
C102834,Fuel Credit Card,1,1,1,1,1
C102834,Recurring Deposit,1,1,0,0,0
C102835,Travel Credit Card,1,0,0,0,0
C102835,Premium Credit Card,1,1,0,0,0
C102835,Premium Banking Account,1,1,1,0,0
C102835,Fuel Credit Card,1,0,0,0,0
C102835,Recurring Deposit,1,1,1,1,1
C102836,Fuel Credit Card,1,0,0,0,0
C102836,Home Loan,1,0,0,0,0
C102836,Term Insurance,1,1,0,0,0
C102836,Personal Loan,1,0,0,0,0
C102838,Fixed Deposit,1,1,1,1,1
C102838,Investment Plan (Mutual Fund SIP),1,0,0,0,0
C102838,Recurring Deposit,1,0,0,0,0
C102839,Investment Plan (Mutual Fund SIP),1,0,0,0,0
C102839,Recurring Deposit,1,0,0,0,0
C102839,Home Loan,1,1,1,1,0
C102840,Personal Loan,1,0,0,0,0
C102840,Travel Credit Card,1,1,0,0,0
C102840,Cashback Credit Card,1,0,0,0,0
C102841,Fuel Credit Card,1,0,0,0,0
C102841,Premium Banking Account,1,0,0,0,0
C102843,Recurring Deposit,1,1,0,0,0
C102843,Fuel Credit Card,1,0,0,0,0
C102843,Cashback Credit Card,1,1,0,0,0
C102843,Premium Banking Account,1,1,0,0,0
C102843,Investment Plan (Mutual Fund SIP),1,0,0,0,0
C102844,Premium Banking Account,1,0,0,0,0
C102844,Term Insurance,1,1,0,0,0
C102845,Personal Loan,1,1,1,1,1
C102845,Recurring Deposit,1,0,0,0,0
C102847,Fuel Credit Card,1,0,0,0,0
C102847,Recurring Deposit,1,0,0,0,0
C102848,Premium Banking Account,1,1,0,0,0
C102848,Recurring Deposit,1,1,0,0,0
C102848,Personal Loan,1,1,0,0,0
C102849,Fixed Deposit,1,0,0,0,0
C102849,Investment Plan (Mutual Fund SIP),1,1,1,0,0
C102849,Premium Banking Account,1,0,0,0,0
C102849,Premium Credit Card,1,0,0,0,0
C102849,Cashback Credit Card,1,0,0,0,0
C102850,Travel Credit Card,1,1,0,0,0
C102850,Premium Banking Account,1,1,0,0,0
C102850,Cashback Credit Card,1,0,0,0,0
C102850,Personal Loan,1,1,0,0,0
C102851,Cashback Credit Card,1,1,1,0,0
C102853,Fixed Deposit,1,0,0,0,0
C102853,Cashback Credit Card,1,1,0,0,0
C102853,Fuel Credit Card,1,0,0,0,0
C102853,Premium Banking Account,1,0,0,0,0
C102853,Investment Plan (Mutual Fund SIP),1,0,0,0,0
C102854,Term Insurance,1,0,0,0,0
C102854,Premium Credit Card,1,1,0,0,0
C102854,Cashback Credit Card,1,0,0,0,0
C102854,Fuel Credit Card,1,1,0,0,0
C102855,Premium Banking Account,1,0,0,0,0
C102855,Investment Plan (Mutual Fund SIP),1,1,0,0,0
C102855,Personal Loan,1,1,0,0,0
C102855,Home Loan,1,1,1,0,0
C102856,Recurring Deposit,1,1,0,0,0
C102856,Investment Plan (Mutual Fund SIP),1,1,0,0,0
C102856,Premium Banking Account,1,0,0,0,0
C102856,Cashback Credit Card,1,1,0,0,0
C102856,Fixed Deposit,1,1,1,0,0
C102857,Travel Credit Card,1,0,0,0,0
C102857,Term Insurance,1,0,0,0,0
C102857,Premium Credit Card,1,1,1,1,1
C102857,Recurring Deposit,1,1,1,0,0
C102858,Fuel Credit Card,1,0,0,0,0
C102858,Term Insurance,1,0,0,0,0
C102858,Investment Plan (Mutual Fund SIP),1,1,1,0,0
C102859,Premium Banking Account,1,1,0,0,0
C102859,Investment Plan (Mutual Fund SIP),1,1,1,1,1
C102859,Recurring Deposit,1,1,0,0,0
C102859,Personal Loan,1,1,0,0,0
C102860,Travel Credit Card,1,0,0,0,0
C102861,Fuel Credit Card,1,0,0,0,0
C102862,Fixed Deposit,1,0,0,0,0
C102862,Premium Credit Card,1,0,0,0,0
C102862,Cashback Credit Card,1,1,0,0,0
C102862,Home Loan,1,0,0,0,0
C102863,Investment Plan (Mutual Fund SIP),1,0,0,0,0
C102863,Recurring Deposit,1,1,0,0,0
C102864,Premium Banking Account,1,1,1,0,0
C102864,Term Insurance,1,1,1,1,0
C102865,Premium Banking Account,1,0,0,0,0
C102869,Term Insurance,1,0,0,0,0
C102869,Fixed Deposit,1,1,1,1,0
C102869,Investment Plan (Mutual Fund SIP),1,0,0,0,0
C102869,Personal Loan,1,0,0,0,0
C102869,Home Loan,1,1,1,0,0
C102870,Investment Plan (Mutual Fund SIP),1,1,1,1,1
C102871,Fixed Deposit,1,0,0,0,0
C102871,Travel Credit Card,1,0,0,0,0
C102872,Travel Credit Card,1,0,0,0,0
C102872,Personal Loan,1,0,0,0,0
C102872,Fuel Credit Card,1,1,0,0,0
C102872,Premium Banking Account,1,1,0,0,0
C102873,Cashback Credit Card,1,1,0,0,0
C102873,Premium Credit Card,1,1,0,0,0
C102874,Investment Plan (Mutual Fund SIP),1,1,0,0,0
C102874,Travel Credit Card,1,0,0,0,0
C102874,Fixed Deposit,1,0,0,0,0
C102874,Cashback Credit Card,1,1,1,1,1
C102875,Personal Loan,1,0,0,0,0
C102875,Premium Banking Account,1,0,0,0,0
C102876,Fuel Credit Card,1,0,0,0,0
C102876,Home Loan,1,1,0,0,0
C102876,Premium Credit Card,1,1,1,1,1
C102878,Investment Plan (Mutual Fund SIP),1,0,0,0,0
C102878,Cashback Credit Card,1,1,1,0,0
C102878,Travel Credit Card,1,0,0,0,0
C102878,Home Loan,1,0,0,0,0
C102879,Premium Credit Card,1,0,0,0,0
C102879,Home Loan,1,1,0,0,0
C102879,Recurring Deposit,1,0,0,0,0
C102879,Term Insurance,1,0,0,0,0
C102880,Term Insurance,1,0,0,0,0
C102880,Premium Credit Card,1,1,1,1,1
C102880,Travel Credit Card,1,1,1,1,1
C102880,Investment Plan (Mutual Fund SIP),1,1,0,0,0
C102880,Fixed Deposit,1,0,0,0,0
C102881,Personal Loan,1,1,1,1,1
C102881,Travel Credit Card,1,1,0,0,0
C102882,Premium Banking Account,1,0,0,0,0
C102882,Investment Plan (Mutual Fund SIP),1,1,0,0,0
C102882,Personal Loan,1,1,1,1,1
C102882,Fixed Deposit,1,1,0,0,0
C102882,Premium Credit Card,1,0,0,0,0
C102883,Cashback Credit Card,1,1,0,0,0
C102883,Premium Credit Card,1,1,0,0,0
C102884,Personal Loan,1,0,0,0,0
C102884,Travel Credit Card,1,0,0,0,0
C102885,Premium Credit Card,1,1,0,0,0
C102885,Fuel Credit Card,1,1,1,1,1
C102886,Fixed Deposit,1,1,1,1,1
C102886,Premium Credit Card,1,0,0,0,0
C102886,Fuel Credit Card,1,1,0,0,0
C102886,Personal Loan,1,0,0,0,0
C102888,Home Loan,1,0,0,0,0
C102889,Premium Banking Account,1,1,0,0,0
C102889,Term Insurance,1,0,0,0,0
C102889,Personal Loan,1,1,0,0,0
C102889,Home Loan,1,1,0,0,0
C102890,Investment Plan (Mutual Fund SIP),1,1,1,1,1
C102890,Travel Credit Card,1,0,0,0,0
C102890,Personal Loan,1,1,0,0,0
C102890,Term Insurance,1,1,0,0,0
C102891,Premium Credit Card,1,1,0,0,0
C102891,Fuel Credit Card,1,0,0,0,0
C102891,Term Insurance,1,0,0,0,0
C102891,Cashback Credit Card,1,1,0,0,0
C102892,Fixed Deposit,1,1,0,0,0
C102892,Fuel Credit Card,1,1,1,1,1
C102892,Term Insurance,1,1,1,1,1
C102892,Home Loan,1,0,0,0,0
C102893,Home Loan,1,0,0,0,0
C102894,Premium Banking Account,1,1,0,0,0
C102894,Cashback Credit Card,1,1,0,0,0
C102894,Home Loan,1,1,0,0,0
C102894,Travel Credit Card,1,0,0,0,0
C102894,Investment Plan (Mutual Fund SIP),1,1,0,0,0
C102895,Term Insurance,1,1,0,0,0
C102895,Cashback Credit Card,1,1,1,1,1
C102895,Fixed Deposit,1,1,0,0,0
C102896,Home Loan,1,1,0,0,0
C102896,Fixed Deposit,1,1,0,0,0
C102896,Investment Plan (Mutual Fund SIP),1,0,0,0,0
C102896,Personal Loan,1,0,0,0,0
C102896,Cashback Credit Card,1,0,0,0,0
C102897,Fuel Credit Card,1,0,0,0,0
C102897,Personal Loan,1,0,0,0,0
C102897,Premium Banking Account,1,1,0,0,0
C102898,Term Insurance,1,1,0,0,0
C102899,Investment Plan (Mutual Fund SIP),1,0,0,0,0
C102899,Travel Credit Card,1,0,0,0,0
C102899,Recurring Deposit,1,0,0,0,0
C102899,Fuel Credit Card,1,1,0,0,0
C102899,Home Loan,1,0,0,0,0
C102900,Home Loan,1,0,0,0,0
C102900,Fixed Deposit,1,0,0,0,0
C102900,Travel Credit Card,1,1,1,1,1
C102900,Investment Plan (Mutual Fund SIP),1,0,0,0,0
C102901,Premium Banking Account,1,0,0,0,0
C102901,Travel Credit Card,1,1,0,0,0
C102902,Premium Banking Account,1,1,0,0,0
C102902,Fixed Deposit,1,1,1,1,1
C102903,Recurring Deposit,1,1,1,1,1
C102903,Personal Loan,1,1,0,0,0
C102905,Investment Plan (Mutual Fund SIP),1,0,0,0,0
C102905,Fixed Deposit,1,1,0,0,0
C102905,Premium Banking Account,1,1,0,0,0
C102905,Personal Loan,1,1,0,0,0
C102906,Premium Credit Card,1,1,1,1,1
C102906,Fuel Credit Card,1,0,0,0,0
C102906,Travel Credit Card,1,0,0,0,0
C102906,Investment Plan (Mutual Fund SIP),1,1,0,0,0
C102906,Fixed Deposit,1,0,0,0,0
C102907,Fuel Credit Card,1,0,0,0,0
C102908,Recurring Deposit,1,1,0,0,0
C102908,Term Insurance,1,0,0,0,0
C102908,Personal Loan,1,1,1,0,0
C102909,Home Loan,1,1,1,1,1
C102909,Premium Banking Account,1,1,1,1,1
C102909,Fixed Deposit,1,0,0,0,0
C102910,Home Loan,1,1,1,1,1
C102910,Premium Banking Account,1,1,0,0,0
C102911,Home Loan,1,1,0,0,0
C102911,Cashback Credit Card,1,0,0,0,0
C102912,Fuel Credit Card,1,0,0,0,0
C102912,Premium Banking Account,1,0,0,0,0
C102912,Cashback Credit Card,1,0,0,0,0
C102915,Investment Plan (Mutual Fund SIP),1,0,0,0,0
C102915,Fixed Deposit,1,1,0,0,0
C102915,Recurring Deposit,1,0,0,0,0
C102915,Premium Credit Card,1,0,0,0,0
C102916,Fixed Deposit,1,0,0,0,0
C102916,Travel Credit Card,1,0,0,0,0
C102916,Personal Loan,1,0,0,0,0
C102916,Home Loan,1,0,0,0,0
C102916,Term Insurance,1,0,0,0,0
C102919,Term Insurance,1,1,0,0,0
C102919,Cashback Credit Card,1,1,0,0,0
C102919,Personal Loan,1,1,0,0,0
C102919,Recurring Deposit,1,0,0,0,0
C102919,Fixed Deposit,1,0,0,0,0
C102920,Home Loan,1,0,0,0,0
C102920,Fixed Deposit,1,1,1,0,0
C102921,Fuel Credit Card,1,1,0,0,0
C102921,Investment Plan (Mutual Fund SIP),1,1,0,0,0
C102921,Premium Banking Account,1,1,0,0,0
C102921,Premium Credit Card,1,1,0,0,0
C102922,Term Insurance,1,1,1,1,1
C102922,Home Loan,1,0,0,0,0
C102922,Investment Plan (Mutual Fund SIP),1,1,1,1,1
C102923,Home Loan,1,0,0,0,0
C102923,Cashback Credit Card,1,1,0,0,0
C102923,Personal Loan,1,0,0,0,0
C102923,Investment Plan (Mutual Fund SIP),1,0,0,0,0
C102924,Fuel Credit Card,1,0,0,0,0
C102925,Travel Credit Card,1,1,0,0,0
C102925,Recurring Deposit,1,0,0,0,0
C102926,Fuel Credit Card,1,0,0,0,0
C102926,Term Insurance,1,1,1,0,0
C102926,Fixed Deposit,1,0,0,0,0
C102926,Home Loan,1,1,0,0,0
C102927,Fixed Deposit,1,1,1,1,1
C102927,Term Insurance,1,0,0,0,0
C102927,Fuel Credit Card,1,1,1,0,0
C102927,Premium Credit Card,1,1,0,0,0
C102927,Personal Loan,1,1,0,0,0
C102928,Fixed Deposit,1,1,0,0,0
C102928,Home Loan,1,0,0,0,0
C102928,Travel Credit Card,1,0,0,0,0
C102928,Term Insurance,1,1,1,1,1
C102929,Premium Credit Card,1,0,0,0,0
C102929,Travel Credit Card,1,0,0,0,0
C102929,Term Insurance,1,1,0,0,0
C102929,Home Loan,1,0,0,0,0
C102929,Personal Loan,1,1,0,0,0
C102931,Investment Plan (Mutual Fund SIP),1,1,1,1,1
C102931,Fuel Credit Card,1,0,0,0,0
C102931,Term Insurance,1,1,1,1,1
C102932,Term Insurance,1,0,0,0,0
C102932,Personal Loan,1,0,0,0,0
C102932,Travel Credit Card,1,1,1,1,1
C102933,Premium Credit Card,1,1,0,0,0
C102933,Term Insurance,1,1,1,1,1
C102934,Home Loan,1,1,0,0,0
C102936,Personal Loan,1,1,1,1,1
C102937,Recurring Deposit,1,0,0,0,0
C102937,Fixed Deposit,1,0,0,0,0
C102937,Term Insurance,1,1,1,1,1
C102937,Personal Loan,1,1,0,0,0
C102937,Cashback Credit Card,1,0,0,0,0
C102938,Cashback Credit Card,1,1,0,0,0
C102938,Personal Loan,1,0,0,0,0
C102938,Premium Banking Account,1,1,1,0,0
C102940,Recurring Deposit,1,1,0,0,0
C102940,Fuel Credit Card,1,1,0,0,0
C102940,Premium Credit Card,1,0,0,0,0
C102940,Fixed Deposit,1,0,0,0,0
C102941,Investment Plan (Mutual Fund SIP),1,0,0,0,0
C102942,Premium Banking Account,1,0,0,0,0
C102942,Cashback Credit Card,1,1,0,0,0
C102942,Travel Credit Card,1,1,1,1,1
C102943,Home Loan,1,1,1,0,0
C102943,Fixed Deposit,1,0,0,0,0
C102943,Fuel Credit Card,1,0,0,0,0
C102943,Premium Banking Account,1,0,0,0,0
C102944,Personal Loan,1,1,0,0,0
C102944,Investment Plan (Mutual Fund SIP),1,0,0,0,0
C102944,Premium Banking Account,1,1,1,1,1
C102945,Recurring Deposit,1,0,0,0,0
C102945,Fixed Deposit,1,0,0,0,0
C102945,Premium Credit Card,1,1,0,0,0
C102945,Premium Banking Account,1,0,0,0,0
C102945,Cashback Credit Card,1,0,0,0,0
C102946,Premium Credit Card,1,1,0,0,0
C102946,Recurring Deposit,1,0,0,0,0
C102946,Fuel Credit Card,1,1,0,0,0
C102946,Home Loan,1,1,0,0,0
C102946,Personal Loan,1,1,1,1,1
C102947,Premium Banking Account,1,1,0,0,0
C102948,Term Insurance,1,0,0,0,0
C102948,Investment Plan (Mutual Fund SIP),1,0,0,0,0
C102948,Travel Credit Card,1,1,0,0,0
C102949,Home Loan,1,0,0,0,0
C102950,Fuel Credit Card,1,0,0,0,0
C102950,Term Insurance,1,1,1,0,0
C102950,Fixed Deposit,1,1,0,0,0
C102950,Premium Banking Account,1,0,0,0,0
C102952,Personal Loan,1,1,0,0,0
C102952,Fixed Deposit,1,0,0,0,0
C102952,Term Insurance,1,1,0,0,0
C102953,Premium Credit Card,1,1,0,0,0
C102953,Recurring Deposit,1,1,1,1,1
C102953,Home Loan,1,1,0,0,0
C102953,Investment Plan (Mutual Fund SIP),1,1,1,1,0
C102953,Travel Credit Card,1,0,0,0,0
C102955,Cashback Credit Card,1,1,1,1,1
C102955,Home Loan,1,1,1,0,0
C102955,Travel Credit Card,1,1,0,0,0
C102955,Recurring Deposit,1,1,0,0,0
C102955,Premium Banking Account,1,1,1,1,1
C102956,Investment Plan (Mutual Fund SIP),1,1,0,0,0
C102956,Term Insurance,1,1,1,1,1
C102956,Fuel Credit Card,1,0,0,0,0
C102956,Personal Loan,1,0,0,0,0
C102956,Cashback Credit Card,1,1,0,0,0
C102957,Personal Loan,1,1,0,0,0
C102959,Term Insurance,1,1,1,0,0
C102959,Recurring Deposit,1,1,0,0,0
C102959,Travel Credit Card,1,1,0,0,0
C102959,Premium Credit Card,1,1,1,1,1
C102960,Fuel Credit Card,1,1,0,0,0
C102960,Travel Credit Card,1,0,0,0,0
C102960,Investment Plan (Mutual Fund SIP),1,0,0,0,0
C102960,Fixed Deposit,1,1,0,0,0
C102960,Term Insurance,1,1,0,0,0
C102961,Fixed Deposit,1,0,0,0,0
C102962,Personal Loan,1,0,0,0,0
C102962,Investment Plan (Mutual Fund SIP),1,1,0,0,0
C102963,Premium Banking Account,1,1,0,0,0
C102963,Fixed Deposit,1,1,1,1,1
C102963,Recurring Deposit,1,0,0,0,0
C102963,Premium Credit Card,1,0,0,0,0
C102964,Premium Banking Account,1,0,0,0,0
C102964,Fuel Credit Card,1,0,0,0,0
C102965,Home Loan,1,1,0,0,0
C102965,Premium Banking Account,1,1,1,1,0
C102965,Investment Plan (Mutual Fund SIP),1,1,1,1,1
C102966,Fuel Credit Card,1,1,1,0,0
C102966,Cashback Credit Card,1,1,0,0,0
C102966,Home Loan,1,1,0,0,0
C102967,Fixed Deposit,1,0,0,0,0
C102967,Personal Loan,1,1,0,0,0
C102967,Cashback Credit Card,1,1,0,0,0
C102968,Premium Banking Account,1,0,0,0,0
C102968,Cashback Credit Card,1,0,0,0,0
C102968,Travel Credit Card,1,1,1,0,0
C102968,Premium Credit Card,1,0,0,0,0
C102968,Recurring Deposit,1,1,0,0,0
C102969,Term Insurance,1,0,0,0,0
C102969,Fixed Deposit,1,1,0,0,0
C102969,Premium Credit Card,1,1,0,0,0
C102970,Personal Loan,1,0,0,0,0
C102970,Home Loan,1,0,0,0,0
C102970,Fuel Credit Card,1,1,0,0,0
C102970,Fixed Deposit,1,1,0,0,0
C102970,Recurring Deposit,1,1,1,0,0
C102972,Investment Plan (Mutual Fund SIP),1,0,0,0,0
C102972,Premium Banking Account,1,0,0,0,0
C102973,Premium Credit Card,1,1,1,1,1
C102973,Fuel Credit Card,1,0,0,0,0
C102973,Term Insurance,1,0,0,0,0
C102973,Fixed Deposit,1,1,1,0,0
C102973,Recurring Deposit,1,0,0,0,0
C102974,Travel Credit Card,1,1,0,0,0
C102974,Home Loan,1,1,1,1,0
C102974,Investment Plan (Mutual Fund SIP),1,0,0,0,0
C102974,Premium Credit Card,1,1,1,1,0
C102975,Term Insurance,1,1,1,1,1
C102975,Home Loan,1,1,0,0,0
C102975,Personal Loan,1,1,1,1,1
C102975,Travel Credit Card,1,0,0,0,0
C102976,Fuel Credit Card,1,1,1,1,1
C102976,Personal Loan,1,1,1,1,1
C102977,Term Insurance,1,1,1,0,0
C102977,Home Loan,1,1,1,1,1
C102979,Fuel Credit Card,1,1,0,0,0
C102979,Personal Loan,1,0,0,0,0
C102979,Fixed Deposit,1,0,0,0,0
C102980,Fuel Credit Card,1,0,0,0,0
C102980,Travel Credit Card,1,0,0,0,0
C102980,Cashback Credit Card,1,1,1,0,0
C102985,Home Loan,1,1,0,0,0
C102985,Fuel Credit Card,1,0,0,0,0
C102986,Home Loan,1,1,1,1,1
C102987,Premium Banking Account,1,1,0,0,0
C102987,Recurring Deposit,1,1,1,1,0
C102988,Cashback Credit Card,1,0,0,0,0
C102988,Fixed Deposit,1,1,0,0,0
C102988,Travel Credit Card,1,1,0,0,0
C102988,Fuel Credit Card,1,0,0,0,0
C102988,Home Loan,1,0,0,0,0
C102989,Recurring Deposit,1,0,0,0,0
C102990,Travel Credit Card,1,1,1,1,0
C102990,Home Loan,1,1,1,0,0
C102990,Recurring Deposit,1,0,0,0,0
C102991,Term Insurance,1,0,0,0,0
C102991,Premium Banking Account,1,1,0,0,0
C102991,Premium Credit Card,1,0,0,0,0
C102991,Cashback Credit Card,1,0,0,0,0
C102991,Home Loan,1,1,0,0,0
C102992,Premium Banking Account,1,1,1,1,1
C102992,Term Insurance,1,0,0,0,0
C102992,Cashback Credit Card,1,1,1,1,1
C102992,Premium Credit Card,1,0,0,0,0
C102993,Premium Credit Card,1,0,0,0,0
C102993,Recurring Deposit,1,0,0,0,0
C102993,Travel Credit Card,1,1,0,0,0
C102994,Premium Banking Account,1,0,0,0,0
C102994,Home Loan,1,1,1,1,0
C102995,Recurring Deposit,1,1,1,1,1
C102995,Cashback Credit Card,1,1,0,0,0
C102995,Home Loan,1,1,0,0,0
C102995,Investment Plan (Mutual Fund SIP),1,1,0,0,0
C102996,Personal Loan,1,0,0,0,0
C102996,Premium Credit Card,1,1,1,0,0
C102996,Investment Plan (Mutual Fund SIP),1,1,0,0,0
C102996,Fixed Deposit,1,0,0,0,0
C102997,Premium Banking Account,1,1,0,0,0
C102997,Personal Loan,1,1,0,0,0
C102997,Travel Credit Card,1,1,1,1,0
C102997,Investment Plan (Mutual Fund SIP),1,1,1,1,1
C102997,Term Insurance,1,1,1,0,0
C102998,Investment Plan (Mutual Fund SIP),1,1,0,0,0
C102998,Cashback Credit Card,1,1,0,0,0
C102998,Home Loan,1,0,0,0,0
C103000,Home Loan,1,0,0,0,0
C103000,Investment Plan (Mutual Fund SIP),1,1,1,0,0
C103000,Premium Banking Account,1,0,0,0,0
C103001,Fixed Deposit,1,0,0,0,0
C103001,Cashback Credit Card,1,0,0,0,0
C103001,Personal Loan,1,1,0,0,0
C103001,Investment Plan (Mutual Fund SIP),1,1,1,1,1
C103001,Recurring Deposit,1,1,0,0,0
C103004,Recurring Deposit,1,1,0,0,0
C103005,Travel Credit Card,1,1,0,0,0
C103007,Home Loan,1,1,0,0,0
C103007,Investment Plan (Mutual Fund SIP),1,0,0,0,0
C103008,Premium Credit Card,1,0,0,0,0
C103008,Term Insurance,1,1,1,0,0
C103008,Fuel Credit Card,1,1,0,0,0
C103008,Investment Plan (Mutual Fund SIP),1,0,0,0,0
C103008,Personal Loan,1,1,1,1,0
C103009,Term Insurance,1,1,1,1,0
C103009,Investment Plan (Mutual Fund SIP),1,0,0,0,0
C103009,Recurring Deposit,1,0,0,0,0
C103009,Travel Credit Card,1,0,0,0,0
C103009,Fuel Credit Card,1,0,0,0,0
C103011,Personal Loan,1,1,0,0,0
C103011,Premium Credit Card,1,0,0,0,0
C103011,Premium Banking Account,1,0,0,0,0
C103011,Fuel Credit Card,1,1,1,1,1
C103011,Home Loan,1,0,0,0,0
C103012,Personal Loan,1,0,0,0,0
C103012,Premium Banking Account,1,0,0,0,0
C103012,Premium Credit Card,1,1,0,0,0
C103012,Cashback Credit Card,1,0,0,0,0
C103012,Investment Plan (Mutual Fund SIP),1,1,0,0,0
C103013,Fuel Credit Card,1,0,0,0,0
C103014,Premium Banking Account,1,0,0,0,0
C103015,Recurring Deposit,1,1,1,1,1
C103015,Home Loan,1,1,0,0,0
C103015,Premium Credit Card,1,1,0,0,0
C103015,Cashback Credit Card,1,0,0,0,0
C103015,Investment Plan (Mutual Fund SIP),1,1,0,0,0
C103016,Home Loan,1,1,0,0,0
C103016,Travel Credit Card,1,0,0,0,0
C103016,Personal Loan,1,1,0,0,0
C103016,Fixed Deposit,1,1,0,0,0
C103016,Premium Banking Account,1,1,0,0,0
C103017,Fixed Deposit,1,1,0,0,0
C103018,Investment Plan (Mutual Fund SIP),1,0,0,0,0
C103018,Premium Credit Card,1,0,0,0,0
C103018,Fuel Credit Card,1,1,0,0,0
C103019,Fixed Deposit,1,0,0,0,0
C103021,Personal Loan,1,0,0,0,0
C103021,Travel Credit Card,1,1,0,0,0
C103021,Term Insurance,1,1,0,0,0
C103022,Term Insurance,1,0,0,0,0
C103022,Home Loan,1,0,0,0,0
C103022,Premium Banking Account,1,0,0,0,0
C103022,Premium Credit Card,1,1,1,1,1
C103022,Travel Credit Card,1,0,0,0,0
C103023,Investment Plan (Mutual Fund SIP),1,1,0,0,0
C103023,Fuel Credit Card,1,1,0,0,0
C103023,Home Loan,1,1,0,0,0
C103024,Premium Credit Card,1,1,0,0,0
C103024,Cashback Credit Card,1,1,1,1,1
C103024,Personal Loan,1,0,0,0,0
C103024,Travel Credit Card,1,0,0,0,0
C103024,Recurring Deposit,1,1,0,0,0
C103025,Home Loan,1,0,0,0,0
C103025,Investment Plan (Mutual Fund SIP),1,1,0,0,0
C103025,Personal Loan,1,1,0,0,0
C103025,Fixed Deposit,1,1,0,0,0
C103026,Fixed Deposit,1,1,1,1,1
C103026,Investment Plan (Mutual Fund SIP),1,0,0,0,0
C103026,Premium Banking Account,1,0,0,0,0
C103026,Term Insurance,1,0,0,0,0
C103026,Travel Credit Card,1,1,0,0,0
C103027,Cashback Credit Card,1,0,0,0,0
C103027,Home Loan,1,1,0,0,0
C103029,Home Loan,1,1,0,0,0
C103029,Cashback Credit Card,1,0,0,0,0
C103029,Term Insurance,1,0,0,0,0
C103030,Premium Banking Account,1,1,0,0,0
C103030,Fixed Deposit,1,0,0,0,0
C103030,Term Insurance,1,1,1,1,1
C103032,Personal Loan,1,1,0,0,0
C103034,Travel Credit Card,1,1,0,0,0
C103036,Home Loan,1,1,0,0,0
C103036,Cashback Credit Card,1,1,0,0,0
C103037,Personal Loan,1,0,0,0,0
C103037,Cashback Credit Card,1,1,0,0,0
C103038,Recurring Deposit,1,1,1,1,1
C103038,Fixed Deposit,1,0,0,0,0
C103038,Premium Banking Account,1,1,1,1,1
C103039,Cashback Credit Card,1,0,0,0,0
C103040,Premium Banking Account,1,1,0,0,0
C103040,Home Loan,1,0,0,0,0
C103040,Recurring Deposit,1,1,0,0,0
C103040,Cashback Credit Card,1,1,0,0,0
C103042,Recurring Deposit,1,1,0,0,0
C103043,Premium Banking Account,1,1,0,0,0
C103043,Investment Plan (Mutual Fund SIP),1,0,0,0,0
C103043,Travel Credit Card,1,1,1,0,0
C103043,Home Loan,1,0,0,0,0
C103043,Cashback Credit Card,1,1,1,0,0
C103044,Fixed Deposit,1,1,1,1,1
C103044,Recurring Deposit,1,0,0,0,0
C103044,Home Loan,1,0,0,0,0
C103045,Recurring Deposit,1,1,1,1,1
C103045,Home Loan,1,0,0,0,0
C103046,Premium Credit Card,1,0,0,0,0
C103047,Premium Credit Card,1,1,1,1,1
C103048,Fuel Credit Card,1,1,0,0,0
C103048,Cashback Credit Card,1,0,0,0,0
C103049,Personal Loan,1,1,1,1,1
C103049,Fuel Credit Card,1,1,1,1,1
C103049,Cashback Credit Card,1,1,0,0,0
C103049,Term Insurance,1,1,0,0,0
C103050,Home Loan,1,1,0,0,0
C103050,Fuel Credit Card,1,1,0,0,0
C103050,Investment Plan (Mutual Fund SIP),1,1,0,0,0
C103052,Travel Credit Card,1,0,0,0,0
C103052,Term Insurance,1,1,1,1,1
C103052,Fixed Deposit,1,0,0,0,0
C103052,Fuel Credit Card,1,1,1,1,0
C103053,Investment Plan (Mutual Fund SIP),1,1,1,1,1
C103053,Travel Credit Card,1,0,0,0,0
C103053,Premium Banking Account,1,1,1,0,0
C103053,Home Loan,1,1,0,0,0
C103053,Recurring Deposit,1,0,0,0,0
C103054,Cashback Credit Card,1,1,1,1,1
C103054,Investment Plan (Mutual Fund SIP),1,0,0,0,0
C103054,Fixed Deposit,1,0,0,0,0
C103055,Cashback Credit Card,1,1,1,1,1
C103056,Fixed Deposit,1,0,0,0,0
C103056,Term Insurance,1,1,0,0,0
C103056,Personal Loan,1,1,0,0,0
C103056,Travel Credit Card,1,1,0,0,0
C103057,Premium Banking Account,1,1,0,0,0
C103057,Term Insurance,1,0,0,0,0
C103057,Home Loan,1,1,0,0,0
C103058,Investment Plan (Mutual Fund SIP),1,1,1,1,1
C103059,Travel Credit Card,1,1,0,0,0
C103060,Travel Credit Card,1,0,0,0,0
C103060,Cashback Credit Card,1,0,0,0,0
C103060,Term Insurance,1,0,0,0,0
C103061,Fixed Deposit,1,1,0,0,0
C103062,Premium Credit Card,1,1,1,1,0
C103062,Recurring Deposit,1,1,1,0,0
C103062,Travel Credit Card,1,1,0,0,0
C103063,Cashback Credit Card,1,0,0,0,0
C103063,Investment Plan (Mutual Fund SIP),1,1,0,0,0
C103064,Cashback Credit Card,1,0,0,0,0
C103064,Home Loan,1,0,0,0,0
C103064,Personal Loan,1,1,1,1,1
C103064,Fixed Deposit,1,0,0,0,0
C103066,Fixed Deposit,1,1,1,0,0
C103066,Recurring Deposit,1,0,0,0,0
C103067,Premium Banking Account,1,0,0,0,0
C103067,Cashback Credit Card,1,0,0,0,0
C103067,Term Insurance,1,1,1,1,1
C103067,Recurring Deposit,1,1,0,0,0
C103068,Cashback Credit Card,1,1,1,1,0
C103068,Travel Credit Card,1,1,0,0,0
C103068,Personal Loan,1,1,1,0,0
C103068,Fixed Deposit,1,1,0,0,0
C103068,Premium Credit Card,1,0,0,0,0
C103070,Recurring Deposit,1,1,0,0,0
C103070,Cashback Credit Card,1,1,1,0,0
C103070,Home Loan,1,1,0,0,0
C103070,Fixed Deposit,1,1,1,1,1
C103072,Premium Banking Account,1,1,0,0,0
C103072,Investment Plan (Mutual Fund SIP),1,1,0,0,0
C103072,Fuel Credit Card,1,1,1,1,1
C103073,Home Loan,1,0,0,0,0
C103074,Personal Loan,1,1,0,0,0
C103074,Premium Banking Account,1,1,0,0,0
C103074,Investment Plan (Mutual Fund SIP),1,1,0,0,0
C103074,Premium Credit Card,1,1,0,0,0
C103074,Travel Credit Card,1,1,0,0,0
C103075,Home Loan,1,1,1,1,1
C103075,Investment Plan (Mutual Fund SIP),1,1,0,0,0
C103075,Travel Credit Card,1,0,0,0,0
C103075,Personal Loan,1,1,0,0,0
C103075,Premium Banking Account,1,1,0,0,0
C103077,Term Insurance,1,1,0,0,0
C103077,Fuel Credit Card,1,1,0,0,0
C103077,Fixed Deposit,1,0,0,0,0
C103077,Investment Plan (Mutual Fund SIP),1,1,0,0,0
C103078,Home Loan,1,1,1,1,1
C103079,Premium Banking Account,1,0,0,0,0
C103079,Fuel Credit Card,1,0,0,0,0
C103079,Travel Credit Card,1,1,0,0,0
C103079,Home Loan,1,1,0,0,0
C103079,Term Insurance,1,0,0,0,0
C103080,Fixed Deposit,1,0,0,0,0
C103080,Cashback Credit Card,1,0,0,0,0
C103081,Fixed Deposit,1,1,0,0,0
C103081,Premium Credit Card,1,1,0,0,0
C103081,Term Insurance,1,1,1,0,0
C103081,Cashback Credit Card,1,1,0,0,0
C103081,Fuel Credit Card,1,1,1,1,1
C103082,Fixed Deposit,1,0,0,0,0
C103083,Premium Credit Card,1,1,1,1,1
C103083,Recurring Deposit,1,1,1,1,1
C103085,Fixed Deposit,1,1,0,0,0
C103085,Cashback Credit Card,1,1,0,0,0
C103085,Home Loan,1,0,0,0,0
C103085,Fuel Credit Card,1,0,0,0,0
C103086,Term Insurance,1,1,0,0,0
C103087,Recurring Deposit,1,1,0,0,0
C103087,Travel Credit Card,1,0,0,0,0
C103087,Fuel Credit Card,1,0,0,0,0
C103088,Premium Credit Card,1,0,0,0,0
C103088,Personal Loan,1,0,0,0,0
C103088,Home Loan,1,1,0,0,0
C103089,Premium Credit Card,1,0,0,0,0
C103089,Fixed Deposit,1,1,0,0,0
C103089,Recurring Deposit,1,1,0,0,0
C103089,Personal Loan,1,1,0,0,0
C103089,Investment Plan (Mutual Fund SIP),1,0,0,0,0
C103090,Term Insurance,1,0,0,0,0
C103090,Fixed Deposit,1,0,0,0,0
C103090,Cashback Credit Card,1,1,1,1,1
C103091,Recurring Deposit,1,1,1,1,1
C103091,Personal Loan,1,1,0,0,0
C103091,Term Insurance,1,1,0,0,0
C103092,Fuel Credit Card,1,1,0,0,0
C103092,Term Insurance,1,0,0,0,0
C103092,Premium Banking Account,1,0,0,0,0
C103092,Recurring Deposit,1,0,0,0,0
C103094,Personal Loan,1,0,0,0,0
C103095,Premium Credit Card,1,0,0,0,0
C103095,Personal Loan,1,0,0,0,0
C103096,Personal Loan,1,1,0,0,0
C103096,Investment Plan (Mutual Fund SIP),1,0,0,0,0
C103097,Premium Banking Account,1,1,0,0,0
C103097,Cashback Credit Card,1,0,0,0,0
C103097,Fuel Credit Card,1,0,0,0,0
C103097,Personal Loan,1,0,0,0,0
C103097,Term Insurance,1,0,0,0,0
C103098,Cashback Credit Card,1,1,0,0,0
C103099,Term Insurance,1,1,0,0,0
C103100,Premium Banking Account,1,1,1,1,1
C103100,Fuel Credit Card,1,0,0,0,0
C103101,Premium Credit Card,1,0,0,0,0
C103101,Premium Banking Account,1,1,0,0,0
C103101,Home Loan,1,0,0,0,0
C103102,Term Insurance,1,1,0,0,0
C103103,Premium Credit Card,1,1,1,1,1
C103103,Travel Credit Card,1,1,1,1,1
C103103,Fuel Credit Card,1,1,0,0,0
C103103,Term Insurance,1,1,1,0,0
C103103,Personal Loan,1,1,0,0,0
C103104,Investment Plan (Mutual Fund SIP),1,1,0,0,0
C103105,Premium Credit Card,1,1,0,0,0
C103105,Cashback Credit Card,1,0,0,0,0
C103106,Recurring Deposit,1,1,0,0,0
C103106,Term Insurance,1,1,0,0,0
C103107,Fixed Deposit,1,1,0,0,0
C103107,Investment Plan (Mutual Fund SIP),1,1,0,0,0
C103107,Premium Banking Account,1,1,0,0,0
C103108,Premium Banking Account,1,0,0,0,0
C103108,Home Loan,1,1,1,0,0
C103108,Fuel Credit Card,1,1,0,0,0
C103108,Travel Credit Card,1,0,0,0,0
C103108,Investment Plan (Mutual Fund SIP),1,1,0,0,0
C103110,Recurring Deposit,1,0,0,0,0
C103110,Fixed Deposit,1,0,0,0,0
C103110,Home Loan,1,1,0,0,0
C103110,Personal Loan,1,1,0,0,0
C103111,Personal Loan,1,0,0,0,0
C103111,Term Insurance,1,0,0,0,0
C103112,Term Insurance,1,0,0,0,0
C103112,Premium Credit Card,1,1,1,1,1
C103112,Home Loan,1,1,0,0,0
C103112,Recurring Deposit,1,0,0,0,0
C103112,Travel Credit Card,1,1,0,0,0
C103113,Travel Credit Card,1,1,0,0,0
C103113,Premium Banking Account,1,1,0,0,0
C103114,Premium Banking Account,1,0,0,0,0
C103115,Home Loan,1,1,0,0,0
C103115,Travel Credit Card,1,1,1,0,0
C103116,Premium Credit Card,1,1,1,0,0
C103116,Fuel Credit Card,1,1,0,0,0
C103117,Personal Loan,1,1,0,0,0
C103117,Term Insurance,1,1,0,0,0
C103117,Recurring Deposit,1,0,0,0,0
C103117,Travel Credit Card,1,0,0,0,0
C103117,Home Loan,1,0,0,0,0
C103118,Premium Banking Account,1,0,0,0,0
C103118,Travel Credit Card,1,0,0,0,0
C103118,Fuel Credit Card,1,0,0,0,0
C103118,Recurring Deposit,1,0,0,0,0
C103120,Fuel Credit Card,1,0,0,0,0
C103120,Investment Plan (Mutual Fund SIP),1,1,0,0,0
C103120,Personal Loan,1,1,0,0,0
C103120,Premium Banking Account,1,0,0,0,0
C103121,Investment Plan (Mutual Fund SIP),1,1,0,0,0
C103121,Personal Loan,1,1,1,1,1
C103122,Cashback Credit Card,1,1,0,0,0
C103122,Fixed Deposit,1,0,0,0,0
C103122,Premium Banking Account,1,0,0,0,0
C103122,Home Loan,1,1,0,0,0
C103124,Personal Loan,1,1,0,0,0
C103124,Home Loan,1,1,1,1,0
C103124,Cashback Credit Card,1,1,0,0,0
C103124,Fuel Credit Card,1,1,0,0,0
C103126,Personal Loan,1,0,0,0,0
C103126,Premium Credit Card,1,1,1,0,0
C103127,Investment Plan (Mutual Fund SIP),1,0,0,0,0
C103127,Fuel Credit Card,1,0,0,0,0
C103127,Term Insurance,1,1,1,0,0
C103127,Home Loan,1,0,0,0,0
C103127,Personal Loan,1,0,0,0,0
C103128,Premium Banking Account,1,1,1,1,1
C103128,Recurring Deposit,1,1,0,0,0
C103128,Personal Loan,1,0,0,0,0
C103129,Premium Credit Card,1,1,0,0,0
C103129,Investment Plan (Mutual Fund SIP),1,1,1,0,0
C103129,Personal Loan,1,1,1,1,1
C103129,Travel Credit Card,1,1,0,0,0
C103130,Travel Credit Card,1,1,0,0,0
C103130,Term Insurance,1,0,0,0,0
C103131,Cashback Credit Card,1,1,0,0,0
C103131,Home Loan,1,1,1,1,1
C103132,Investment Plan (Mutual Fund SIP),1,1,0,0,0
C103132,Cashback Credit Card,1,1,0,0,0
C103133,Personal Loan,1,0,0,0,0
C103133,Cashback Credit Card,1,1,1,1,1
C103135,Premium Banking Account,1,1,1,0,0
C103136,Fuel Credit Card,1,0,0,0,0
C103136,Recurring Deposit,1,0,0,0,0
C103136,Investment Plan (Mutual Fund SIP),1,1,0,0,0
C103138,Fuel Credit Card,1,0,0,0,0
C103139,Travel Credit Card,1,0,0,0,0
C103139,Investment Plan (Mutual Fund SIP),1,1,1,0,0
C103140,Investment Plan (Mutual Fund SIP),1,0,0,0,0
C103140,Premium Credit Card,1,0,0,0,0
C103140,Home Loan,1,0,0,0,0
C103141,Cashback Credit Card,1,0,0,0,0
C103141,Travel Credit Card,1,0,0,0,0
C103141,Fuel Credit Card,1,0,0,0,0
C103141,Investment Plan (Mutual Fund SIP),1,0,0,0,0
C103141,Recurring Deposit,1,1,1,1,1
C103143,Recurring Deposit,1,0,0,0,0
C103143,Home Loan,1,0,0,0,0
C103143,Fixed Deposit,1,0,0,0,0
C103143,Premium Credit Card,1,1,1,0,0
C103144,Cashback Credit Card,1,1,1,0,0
C103144,Personal Loan,1,1,0,0,0
C103144,Premium Banking Account,1,0,0,0,0
C103145,Premium Credit Card,1,1,0,0,0
C103145,Fuel Credit Card,1,1,1,0,0
C103145,Home Loan,1,0,0,0,0
C103145,Cashback Credit Card,1,1,0,0,0
C103145,Fixed Deposit,1,1,0,0,0
C103147,Term Insurance,1,1,0,0,0
C103147,Cashback Credit Card,1,1,0,0,0
C103147,Home Loan,1,0,0,0,0
C103148,Home Loan,1,1,0,0,0
C103148,Fixed Deposit,1,0,0,0,0
C103148,Premium Credit Card,1,0,0,0,0
C103148,Personal Loan,1,0,0,0,0
C103148,Fuel Credit Card,1,1,0,0,0
C103149,Travel Credit Card,1,1,1,1,1
C103150,Home Loan,1,0,0,0,0
C103150,Fixed Deposit,1,0,0,0,0
C103150,Travel Credit Card,1,1,0,0,0
C103150,Investment Plan (Mutual Fund SIP),1,0,0,0,0
C103151,Recurring Deposit,1,0,0,0,0
C103151,Fixed Deposit,1,1,0,0,0
C103152,Home Loan,1,1,1,1,1
C103152,Premium Credit Card,1,0,0,0,0
C103153,Home Loan,1,1,0,0,0
C103153,Premium Credit Card,1,0,0,0,0
C103153,Fixed Deposit,1,1,0,0,0
C103153,Fuel Credit Card,1,1,0,0,0
C103155,Home Loan,1,0,0,0,0
C103155,Fuel Credit Card,1,1,0,0,0
C103155,Recurring Deposit,1,0,0,0,0
C103155,Travel Credit Card,1,0,0,0,0
C103156,Travel Credit Card,1,1,1,1,1
C103156,Premium Credit Card,1,1,1,0,0
C103156,Investment Plan (Mutual Fund SIP),1,0,0,0,0
C103156,Recurring Deposit,1,0,0,0,0
C103157,Fuel Credit Card,1,0,0,0,0
C103157,Term Insurance,1,0,0,0,0
C103157,Home Loan,1,0,0,0,0
C103158,Term Insurance,1,1,0,0,0
C103159,Term Insurance,1,0,0,0,0
C103159,Travel Credit Card,1,0,0,0,0
C103159,Recurring Deposit,1,0,0,0,0
C103159,Fixed Deposit,1,0,0,0,0
C103160,Home Loan,1,1,0,0,0
C103160,Fixed Deposit,1,1,0,0,0
C103161,Fuel Credit Card,1,1,0,0,0
C103161,Premium Banking Account,1,1,0,0,0
C103161,Cashback Credit Card,1,1,1,1,1
C103162,Fixed Deposit,1,1,1,1,1
C103162,Premium Credit Card,1,1,0,0,0
C103163,Term Insurance,1,0,0,0,0
C103163,Travel Credit Card,1,0,0,0,0
C103163,Recurring Deposit,1,1,0,0,0
C103165,Home Loan,1,0,0,0,0
C103165,Cashback Credit Card,1,1,0,0,0
C103167,Personal Loan,1,0,0,0,0
C103167,Home Loan,1,0,0,0,0
C103167,Cashback Credit Card,1,1,0,0,0
C103168,Premium Credit Card,1,1,0,0,0
C103169,Premium Banking Account,1,1,1,0,0
C103169,Investment Plan (Mutual Fund SIP),1,0,0,0,0
C103169,Cashback Credit Card,1,0,0,0,0
C103169,Fixed Deposit,1,1,0,0,0
C103170,Personal Loan,1,0,0,0,0
C103170,Premium Credit Card,1,1,1,1,0
C103171,Investment Plan (Mutual Fund SIP),1,0,0,0,0
C103171,Premium Credit Card,1,0,0,0,0
C103171,Term Insurance,1,0,0,0,0
C103171,Fuel Credit Card,1,1,0,0,0
C103171,Personal Loan,1,0,0,0,0
C103172,Travel Credit Card,1,1,0,0,0
C103172,Cashback Credit Card,1,0,0,0,0
C103172,Recurring Deposit,1,1,0,0,0
C103172,Home Loan,1,1,0,0,0
C103173,Fuel Credit Card,1,1,1,1,1
C103173,Recurring Deposit,1,0,0,0,0
C103173,Premium Banking Account,1,1,0,0,0
C103173,Investment Plan (Mutual Fund SIP),1,1,0,0,0
C103173,Home Loan,1,1,0,0,0
C103174,Premium Credit Card,1,1,0,0,0
C103174,Personal Loan,1,0,0,0,0
C103175,Investment Plan (Mutual Fund SIP),1,0,0,0,0
C103176,Fuel Credit Card,1,1,0,0,0
C103176,Investment Plan (Mutual Fund SIP),1,1,1,1,1
C103176,Home Loan,1,0,0,0,0
C103177,Fixed Deposit,1,1,0,0,0
C103177,Recurring Deposit,1,1,1,1,1
C103178,Investment Plan (Mutual Fund SIP),1,1,1,1,1
C103179,Fuel Credit Card,1,0,0,0,0
C103179,Premium Banking Account,1,1,0,0,0
C103179,Personal Loan,1,1,0,0,0
C103181,Premium Credit Card,1,0,0,0,0
C103182,Personal Loan,1,1,0,0,0
C103182,Premium Banking Account,1,0,0,0,0
C103182,Home Loan,1,0,0,0,0
C103182,Recurring Deposit,1,0,0,0,0
C103183,Premium Banking Account,1,0,0,0,0
C103184,Travel Credit Card,1,1,0,0,0
C103184,Investment Plan (Mutual Fund SIP),1,1,0,0,0
C103184,Recurring Deposit,1,0,0,0,0
C103184,Home Loan,1,0,0,0,0
C103185,Investment Plan (Mutual Fund SIP),1,0,0,0,0
C103186,Premium Credit Card,1,0,0,0,0
C103186,Cashback Credit Card,1,1,1,1,1
C103186,Recurring Deposit,1,0,0,0,0
C103186,Personal Loan,1,1,1,0,0
C103189,Recurring Deposit,1,0,0,0,0
C103189,Premium Credit Card,1,1,0,0,0
C103189,Personal Loan,1,1,1,1,1
C103189,Term Insurance,1,0,0,0,0
C103190,Investment Plan (Mutual Fund SIP),1,0,0,0,0
C103190,Cashback Credit Card,1,0,0,0,0
C103191,Investment Plan (Mutual Fund SIP),1,1,0,0,0
C103191,Fixed Deposit,1,0,0,0,0
C103192,Fuel Credit Card,1,1,1,1,1
C103193,Cashback Credit Card,1,0,0,0,0
C103193,Home Loan,1,1,0,0,0
C103193,Personal Loan,1,0,0,0,0
C103193,Investment Plan (Mutual Fund SIP),1,1,1,1,1
C103194,Personal Loan,1,1,0,0,0
C103195,Premium Credit Card,1,1,0,0,0
C103195,Cashback Credit Card,1,1,0,0,0
C103195,Fixed Deposit,1,1,1,1,1
C103195,Personal Loan,1,1,1,0,0
C103195,Investment Plan (Mutual Fund SIP),1,1,0,0,0
C103196,Travel Credit Card,1,1,1,1,1
C103196,Personal Loan,1,0,0,0,0
C103198,Term Insurance,1,0,0,0,0
C103198,Home Loan,1,1,0,0,0
C103198,Cashback Credit Card,1,1,0,0,0
C103198,Premium Credit Card,1,0,0,0,0
C103199,Cashback Credit Card,1,1,1,1,1
C103199,Premium Credit Card,1,1,0,0,0
C103199,Personal Loan,1,0,0,0,0
C103199,Investment Plan (Mutual Fund SIP),1,0,0,0,0
C103200,Personal Loan,1,1,0,0,0
C103201,Fixed Deposit,1,1,0,0,0
C103202,Term Insurance,1,0,0,0,0
C103202,Cashback Credit Card,1,0,0,0,0
C103203,Premium Credit Card,1,0,0,0,0
C103203,Travel Credit Card,1,0,0,0,0
C103204,Travel Credit Card,1,1,0,0,0
C103204,Fuel Credit Card,1,1,0,0,0
C103205,Fixed Deposit,1,1,1,1,1
C103205,Premium Banking Account,1,0,0,0,0
C103205,Recurring Deposit,1,0,0,0,0
C103206,Term Insurance,1,0,0,0,0
C103207,Travel Credit Card,1,0,0,0,0
C103207,Cashback Credit Card,1,1,1,1,1
C103207,Investment Plan (Mutual Fund SIP),1,0,0,0,0
C103207,Term Insurance,1,0,0,0,0
C103207,Personal Loan,1,0,0,0,0
C103208,Investment Plan (Mutual Fund SIP),1,1,0,0,0
C103208,Term Insurance,1,1,1,0,0
C103209,Premium Credit Card,1,1,1,1,1
C103209,Premium Banking Account,1,1,0,0,0
C103210,Term Insurance,1,1,1,1,1
C103210,Cashback Credit Card,1,1,0,0,0
C103210,Investment Plan (Mutual Fund SIP),1,0,0,0,0
C103210,Fixed Deposit,1,1,0,0,0
C103211,Premium Banking Account,1,1,0,0,0
C103211,Fuel Credit Card,1,1,0,0,0
C103211,Investment Plan (Mutual Fund SIP),1,1,0,0,0
C103211,Premium Credit Card,1,0,0,0,0
C103211,Recurring Deposit,1,0,0,0,0
C103213,Cashback Credit Card,1,1,1,1,1
C103213,Term Insurance,1,1,0,0,0
C103213,Premium Credit Card,1,0,0,0,0
C103213,Home Loan,1,1,0,0,0
C103213,Personal Loan,1,0,0,0,0
C103214,Fuel Credit Card,1,0,0,0,0
C103214,Personal Loan,1,1,1,0,0
C103214,Recurring Deposit,1,1,0,0,0
C103215,Fuel Credit Card,1,0,0,0,0
C103215,Travel Credit Card,1,0,0,0,0
C103215,Premium Banking Account,1,1,0,0,0
C103215,Premium Credit Card,1,1,1,0,0
C103215,Cashback Credit Card,1,1,0,0,0
C103219,Travel Credit Card,1,1,0,0,0
C103219,Premium Credit Card,1,1,0,0,0
C103219,Cashback Credit Card,1,1,0,0,0
C103219,Home Loan,1,1,1,1,1
C103219,Investment Plan (Mutual Fund SIP),1,0,0,0,0
C103220,Personal Loan,1,0,0,0,0
C103220,Investment Plan (Mutual Fund SIP),1,0,0,0,0
C103220,Premium Credit Card,1,1,0,0,0
C103220,Cashback Credit Card,1,0,0,0,0
C103221,Premium Banking Account,1,1,0,0,0
C103221,Cashback Credit Card,1,1,1,0,0
C103221,Home Loan,1,0,0,0,0
C103222,Home Loan,1,1,1,0,0
C103222,Travel Credit Card,1,0,0,0,0
C103222,Fuel Credit Card,1,1,0,0,0
C103222,Term Insurance,1,1,1,1,1
C103222,Cashback Credit Card,1,0,0,0,0
C103223,Recurring Deposit,1,1,0,0,0
C103223,Fixed Deposit,1,0,0,0,0
C103223,Premium Banking Account,1,0,0,0,0
C103223,Investment Plan (Mutual Fund SIP),1,1,1,1,1
C103225,Premium Credit Card,1,0,0,0,0
C103225,Investment Plan (Mutual Fund SIP),1,1,1,0,0
C103225,Travel Credit Card,1,0,0,0,0
C103225,Term Insurance,1,0,0,0,0
C103226,Travel Credit Card,1,0,0,0,0
C103227,Travel Credit Card,1,1,0,0,0
C103227,Fixed Deposit,1,1,1,1,1
C103227,Recurring Deposit,1,1,0,0,0
C103227,Cashback Credit Card,1,1,0,0,0
C103227,Fuel Credit Card,1,1,1,1,1
C103228,Premium Credit Card,1,1,0,0,0
C103228,Premium Banking Account,1,1,0,0,0
C103228,Personal Loan,1,1,1,1,1
C103228,Home Loan,1,0,0,0,0
C103228,Cashback Credit Card,1,1,0,0,0
C103229,Cashback Credit Card,1,1,0,0,0
C103230,Personal Loan,1,1,0,0,0
C103230,Investment Plan (Mutual Fund SIP),1,1,0,0,0
C103230,Home Loan,1,0,0,0,0
C103231,Fuel Credit Card,1,1,1,1,0
C103232,Fuel Credit Card,1,0,0,0,0
C103233,Cashback Credit Card,1,1,0,0,0
C103233,Premium Credit Card,1,0,0,0,0
C103233,Recurring Deposit,1,1,0,0,0
C103233,Home Loan,1,0,0,0,0
C103233,Travel Credit Card,1,1,0,0,0
C103235,Investment Plan (Mutual Fund SIP),1,1,0,0,0
C103235,Travel Credit Card,1,1,1,0,0
C103235,Cashback Credit Card,1,0,0,0,0
C103235,Fixed Deposit,1,1,0,0,0
C103236,Fixed Deposit,1,1,1,1,1
C103236,Term Insurance,1,0,0,0,0
C103236,Home Loan,1,1,0,0,0
C103236,Premium Banking Account,1,1,1,1,1
C103236,Fuel Credit Card,1,0,0,0,0
C103237,Home Loan,1,1,1,1,1
C103237,Fixed Deposit,1,0,0,0,0
C103237,Travel Credit Card,1,0,0,0,0
C103237,Term Insurance,1,1,1,1,1
C103237,Fuel Credit Card,1,0,0,0,0
C103238,Premium Credit Card,1,0,0,0,0
C103238,Investment Plan (Mutual Fund SIP),1,0,0,0,0
C103238,Home Loan,1,1,1,1,1
C103239,Home Loan,1,0,0,0,0
C103239,Term Insurance,1,1,1,0,0
C103240,Investment Plan (Mutual Fund SIP),1,0,0,0,0
C103240,Personal Loan,1,0,0,0,0
C103241,Fuel Credit Card,1,0,0,0,0
C103241,Travel Credit Card,1,1,0,0,0
C103242,Premium Banking Account,1,1,1,0,0
C103242,Premium Credit Card,1,0,0,0,0
C103243,Travel Credit Card,1,0,0,0,0
C103243,Fixed Deposit,1,0,0,0,0
C103243,Investment Plan (Mutual Fund SIP),1,1,0,0,0
C103243,Term Insurance,1,1,1,1,1
C103243,Recurring Deposit,1,1,0,0,0
C103245,Fuel Credit Card,1,1,1,1,0
C103245,Premium Credit Card,1,0,0,0,0
C103246,Premium Credit Card,1,1,0,0,0
C103246,Term Insurance,1,1,0,0,0
C103246,Travel Credit Card,1,0,0,0,0
C103246,Recurring Deposit,1,1,0,0,0
C103246,Premium Banking Account,1,0,0,0,0
C103247,Fixed Deposit,1,0,0,0,0
C103248,Fixed Deposit,1,1,0,0,0
C103248,Premium Credit Card,1,1,1,0,0
C103248,Investment Plan (Mutual Fund SIP),1,0,0,0,0
C103248,Recurring Deposit,1,0,0,0,0
C103248,Fuel Credit Card,1,1,1,0,0
C103249,Recurring Deposit,1,0,0,0,0
C103249,Home Loan,1,1,0,0,0
C103250,Recurring Deposit,1,0,0,0,0
C103251,Home Loan,1,0,0,0,0
C103251,Term Insurance,1,1,0,0,0
C103251,Recurring Deposit,1,0,0,0,0
C103251,Travel Credit Card,1,0,0,0,0
C103251,Fuel Credit Card,1,1,0,0,0
C103252,Personal Loan,1,1,1,1,1
C103252,Fuel Credit Card,1,0,0,0,0
C103253,Term Insurance,1,0,0,0,0
C103253,Personal Loan,1,1,1,1,1
C103253,Fuel Credit Card,1,1,0,0,0
C103253,Home Loan,1,0,0,0,0
C103254,Home Loan,1,1,1,1,1
C103254,Cashback Credit Card,1,1,1,0,0
C103254,Fixed Deposit,1,0,0,0,0
C103256,Investment Plan (Mutual Fund SIP),1,1,0,0,0
C103257,Investment Plan (Mutual Fund SIP),1,1,0,0,0
C103257,Fixed Deposit,1,0,0,0,0
C103257,Travel Credit Card,1,1,0,0,0
C103258,Premium Credit Card,1,1,0,0,0
C103258,Term Insurance,1,1,0,0,0
C103258,Personal Loan,1,0,0,0,0
C103258,Premium Banking Account,1,0,0,0,0
C103259,Term Insurance,1,1,0,0,0
C103259,Investment Plan (Mutual Fund SIP),1,0,0,0,0
C103259,Fixed Deposit,1,0,0,0,0
C103259,Travel Credit Card,1,0,0,0,0
C103259,Fuel Credit Card,1,0,0,0,0
C103261,Investment Plan (Mutual Fund SIP),1,1,0,0,0
C103262,Recurring Deposit,1,0,0,0,0
C103262,Travel Credit Card,1,0,0,0,0
C103262,Fixed Deposit,1,1,1,0,0
C103262,Home Loan,1,0,0,0,0
C103264,Recurring Deposit,1,1,1,1,1
C103264,Fuel Credit Card,1,0,0,0,0
C103264,Premium Banking Account,1,0,0,0,0
C103264,Personal Loan,1,0,0,0,0
C103265,Term Insurance,1,0,0,0,0
C103265,Cashback Credit Card,1,1,1,1,1
C103265,Home Loan,1,1,0,0,0
C103265,Premium Banking Account,1,1,1,1,0
C103266,Travel Credit Card,1,0,0,0,0
C103267,Travel Credit Card,1,1,1,1,1
C103267,Fuel Credit Card,1,1,0,0,0
C103267,Premium Credit Card,1,0,0,0,0
C103268,Term Insurance,1,0,0,0,0
C103268,Home Loan,1,1,1,1,1
C103268,Travel Credit Card,1,1,0,0,0
C103269,Term Insurance,1,1,0,0,0
C103269,Travel Credit Card,1,1,0,0,0
C103269,Cashback Credit Card,1,1,0,0,0
C103270,Cashback Credit Card,1,1,0,0,0
C103270,Travel Credit Card,1,0,0,0,0
C103270,Premium Credit Card,1,1,0,0,0
C103271,Recurring Deposit,1,1,0,0,0
C103272,Cashback Credit Card,1,0,0,0,0
C103272,Fuel Credit Card,1,1,1,1,0
C103272,Home Loan,1,1,1,1,1
C103273,Premium Credit Card,1,1,0,0,0
C103273,Recurring Deposit,1,1,0,0,0
C103273,Fixed Deposit,1,1,0,0,0
C103273,Home Loan,1,1,0,0,0
C103275,Fuel Credit Card,1,0,0,0,0
C103275,Cashback Credit Card,1,0,0,0,0
C103275,Term Insurance,1,0,0,0,0
C103275,Fixed Deposit,1,0,0,0,0
C103275,Investment Plan (Mutual Fund SIP),1,0,0,0,0
C103276,Recurring Deposit,1,1,1,0,0
C103276,Term Insurance,1,0,0,0,0
C103276,Cashback Credit Card,1,1,1,1,1
C103276,Fuel Credit Card,1,0,0,0,0
C103276,Home Loan,1,1,1,1,1
C103277,Premium Banking Account,1,1,1,0,0
C103277,Fixed Deposit,1,0,0,0,0
C103278,Home Loan,1,1,0,0,0
C103278,Travel Credit Card,1,1,0,0,0
C103279,Fixed Deposit,1,1,0,0,0
C103279,Premium Credit Card,1,0,0,0,0
C103279,Recurring Deposit,1,1,1,0,0
C103280,Fixed Deposit,1,1,1,0,0
C103280,Recurring Deposit,1,0,0,0,0
C103281,Term Insurance,1,1,0,0,0
C103281,Home Loan,1,1,0,0,0
C103281,Premium Banking Account,1,0,0,0,0
C103281,Premium Credit Card,1,1,0,0,0
C103282,Premium Banking Account,1,1,0,0,0
C103283,Term Insurance,1,1,0,0,0
C103284,Fuel Credit Card,1,1,0,0,0
C103284,Fixed Deposit,1,0,0,0,0
C103284,Cashback Credit Card,1,1,0,0,0
C103286,Travel Credit Card,1,0,0,0,0
C103286,Investment Plan (Mutual Fund SIP),1,1,0,0,0
C103286,Home Loan,1,1,0,0,0
C103288,Home Loan,1,0,0,0,0
C103288,Term Insurance,1,1,0,0,0
C103288,Recurring Deposit,1,0,0,0,0
C103288,Fixed Deposit,1,0,0,0,0
C103288,Fuel Credit Card,1,0,0,0,0
C103289,Travel Credit Card,1,1,1,1,1
C103289,Recurring Deposit,1,1,0,0,0
C103289,Cashback Credit Card,1,1,0,0,0
C103289,Premium Credit Card,1,0,0,0,0
C103290,Personal Loan,1,0,0,0,0
C103290,Recurring Deposit,1,1,1,1,1
C103290,Premium Credit Card,1,0,0,0,0
C103290,Premium Banking Account,1,1,0,0,0
C103291,Personal Loan,1,1,0,0,0
C103291,Travel Credit Card,1,0,0,0,0
C103291,Fixed Deposit,1,1,1,1,0
C103291,Term Insurance,1,1,1,1,1
C103292,Investment Plan (Mutual Fund SIP),1,1,0,0,0
C103293,Travel Credit Card,1,1,0,0,0
C103293,Term Insurance,1,1,0,0,0
C103293,Home Loan,1,1,1,0,0
C103293,Personal Loan,1,1,0,0,0
C103293,Cashback Credit Card,1,1,0,0,0
C103294,Recurring Deposit,1,1,0,0,0
C103294,Premium Banking Account,1,1,0,0,0
C103294,Investment Plan (Mutual Fund SIP),1,0,0,0,0
C103296,Premium Banking Account,1,1,1,0,0
C103297,Fixed Deposit,1,1,0,0,0
C103298,Fuel Credit Card,1,1,1,1,0
C103298,Term Insurance,1,0,0,0,0
C103298,Investment Plan (Mutual Fund SIP),1,1,0,0,0
C103299,Premium Banking Account,1,1,0,0,0
C103300,Fixed Deposit,1,0,0,0,0
C103300,Fuel Credit Card,1,1,0,0,0
C103301,Fixed Deposit,1,0,0,0,0
C103301,Premium Banking Account,1,1,1,1,1
C103301,Travel Credit Card,1,0,0,0,0
C103301,Investment Plan (Mutual Fund SIP),1,0,0,0,0
C103302,Recurring Deposit,1,0,0,0,0
C103302,Cashback Credit Card,1,0,0,0,0
C103303,Investment Plan (Mutual Fund SIP),1,0,0,0,0
C103303,Fixed Deposit,1,0,0,0,0
C103303,Recurring Deposit,1,1,0,0,0
C103303,Fuel Credit Card,1,1,1,1,1
C103303,Personal Loan,1,0,0,0,0
C103304,Cashback Credit Card,1,1,0,0,0
C103304,Fixed Deposit,1,1,0,0,0
C103304,Travel Credit Card,1,1,0,0,0
C103305,Home Loan,1,0,0,0,0
C103305,Recurring Deposit,1,1,0,0,0
C103305,Travel Credit Card,1,0,0,0,0
C103305,Investment Plan (Mutual Fund SIP),1,1,0,0,0
C103306,Investment Plan (Mutual Fund SIP),1,1,0,0,0
C103307,Term Insurance,1,0,0,0,0
C103307,Investment Plan (Mutual Fund SIP),1,0,0,0,0
C103308,Recurring Deposit,1,1,1,0,0
C103308,Home Loan,1,1,0,0,0
C103308,Investment Plan (Mutual Fund SIP),1,0,0,0,0
C103308,Travel Credit Card,1,0,0,0,0
C103309,Home Loan,1,0,0,0,0
C103309,Investment Plan (Mutual Fund SIP),1,1,0,0,0
C103309,Fuel Credit Card,1,1,0,0,0
C103309,Recurring Deposit,1,0,0,0,0
C103310,Fuel Credit Card,1,1,0,0,0
C103310,Term Insurance,1,0,0,0,0
C103310,Home Loan,1,1,1,1,1
C103311,Premium Banking Account,1,1,1,1,1
C103311,Term Insurance,1,1,1,1,0
C103311,Home Loan,1,0,0,0,0
C103311,Investment Plan (Mutual Fund SIP),1,1,1,0,0
C103311,Recurring Deposit,1,1,1,0,0
C103312,Personal Loan,1,0,0,0,0
C103312,Recurring Deposit,1,0,0,0,0
C103312,Investment Plan (Mutual Fund SIP),1,1,0,0,0
C103312,Term Insurance,1,0,0,0,0
C103313,Personal Loan,1,1,0,0,0
C103313,Travel Credit Card,1,1,1,1,1
C103313,Fuel Credit Card,1,1,0,0,0
C103313,Home Loan,1,0,0,0,0
C103314,Cashback Credit Card,1,0,0,0,0
C103314,Travel Credit Card,1,1,0,0,0
C103316,Premium Credit Card,1,1,1,1,1
C103316,Travel Credit Card,1,0,0,0,0
C103316,Investment Plan (Mutual Fund SIP),1,1,1,0,0
C103316,Cashback Credit Card,1,1,0,0,0
C103316,Home Loan,1,0,0,0,0
C103317,Recurring Deposit,1,0,0,0,0
C103317,Investment Plan (Mutual Fund SIP),1,1,0,0,0
C103318,Premium Credit Card,1,1,1,0,0
C103318,Premium Banking Account,1,0,0,0,0
C103319,Fuel Credit Card,1,0,0,0,0
C103321,Recurring Deposit,1,1,1,1,1
C103321,Term Insurance,1,1,0,0,0
C103321,Premium Credit Card,1,0,0,0,0
C103322,Home Loan,1,1,1,0,0
C103322,Fuel Credit Card,1,1,0,0,0
C103322,Premium Credit Card,1,1,0,0,0
C103325,Cashback Credit Card,1,0,0,0,0
C103326,Fixed Deposit,1,0,0,0,0
C103326,Home Loan,1,1,1,1,1
C103326,Cashback Credit Card,1,1,0,0,0
C103326,Premium Credit Card,1,1,1,0,0
C103327,Fixed Deposit,1,0,0,0,0
C103327,Cashback Credit Card,1,0,0,0,0
C103327,Term Insurance,1,1,0,0,0
C103327,Recurring Deposit,1,0,0,0,0
C103327,Premium Banking Account,1,1,0,0,0
C103328,Home Loan,1,1,0,0,0
C103328,Fuel Credit Card,1,1,0,0,0
C103328,Investment Plan (Mutual Fund SIP),1,1,1,1,1
C103328,Premium Banking Account,1,1,1,1,1
C103328,Travel Credit Card,1,1,1,0,0
C103329,Fixed Deposit,1,0,0,0,0
C103329,Term Insurance,1,1,0,0,0
C103329,Premium Credit Card,1,1,0,0,0
C103330,Term Insurance,1,0,0,0,0
C103331,Travel Credit Card,1,0,0,0,0
C103331,Premium Credit Card,1,1,0,0,0
C103332,Premium Credit Card,1,0,0,0,0
C103332,Term Insurance,1,0,0,0,0
C103332,Personal Loan,1,1,0,0,0
C103332,Cashback Credit Card,1,1,0,0,0
C103333,Personal Loan,1,0,0,0,0
C103333,Home Loan,1,0,0,0,0
C103334,Fixed Deposit,1,0,0,0,0
C103334,Personal Loan,1,1,0,0,0
C103334,Premium Banking Account,1,1,1,1,1
C103334,Premium Credit Card,1,0,0,0,0
C103336,Premium Banking Account,1,0,0,0,0
C103336,Investment Plan (Mutual Fund SIP),1,1,0,0,0
C103337,Investment Plan (Mutual Fund SIP),1,1,0,0,0
C103337,Personal Loan,1,1,0,0,0
C103338,Premium Credit Card,1,1,1,1,1
C103338,Term Insurance,1,1,0,0,0
C103339,Fixed Deposit,1,1,1,1,1
C103340,Personal Loan,1,0,0,0,0
C103340,Recurring Deposit,1,0,0,0,0
C103340,Cashback Credit Card,1,0,0,0,0
C103341,Personal Loan,1,0,0,0,0
C103342,Fixed Deposit,1,0,0,0,0
C103342,Premium Credit Card,1,1,0,0,0
C103343,Cashback Credit Card,1,1,0,0,0
C103344,Investment Plan (Mutual Fund SIP),1,0,0,0,0
C103345,Fuel Credit Card,1,1,0,0,0
C103345,Premium Banking Account,1,1,1,1,1
C103345,Investment Plan (Mutual Fund SIP),1,0,0,0,0
C103345,Recurring Deposit,1,0,0,0,0
C103346,Investment Plan (Mutual Fund SIP),1,0,0,0,0
C103346,Premium Credit Card,1,1,0,0,0
C103346,Term Insurance,1,0,0,0,0
C103346,Fixed Deposit,1,1,0,0,0
C103347,Home Loan,1,1,1,1,1
C103348,Term Insurance,1,1,0,0,0
C103348,Personal Loan,1,1,0,0,0
C103348,Investment Plan (Mutual Fund SIP),1,1,0,0,0
C103348,Fixed Deposit,1,1,0,0,0
C103349,Recurring Deposit,1,0,0,0,0
C103351,Travel Credit Card,1,1,0,0,0
C103351,Term Insurance,1,1,0,0,0
C103352,Cashback Credit Card,1,0,0,0,0
C103352,Recurring Deposit,1,0,0,0,0
C103354,Recurring Deposit,1,0,0,0,0
C103357,Investment Plan (Mutual Fund SIP),1,1,0,0,0
C103358,Premium Credit Card,1,1,1,0,0
C103359,Investment Plan (Mutual Fund SIP),1,0,0,0,0
C103359,Fixed Deposit,1,1,1,0,0
C103359,Fuel Credit Card,1,0,0,0,0
C103360,Cashback Credit Card,1,0,0,0,0
C103360,Term Insurance,1,0,0,0,0
C103360,Investment Plan (Mutual Fund SIP),1,0,0,0,0
C103360,Fixed Deposit,1,1,0,0,0
C103360,Travel Credit Card,1,0,0,0,0
C103361,Investment Plan (Mutual Fund SIP),1,0,0,0,0
C103361,Cashback Credit Card,1,1,0,0,0
C103362,Premium Credit Card,1,1,0,0,0
C103363,Recurring Deposit,1,0,0,0,0
C103363,Cashback Credit Card,1,0,0,0,0
C103363,Investment Plan (Mutual Fund SIP),1,1,0,0,0
C103363,Home Loan,1,1,0,0,0
C103364,Travel Credit Card,1,1,1,1,1
C103364,Term Insurance,1,1,0,0,0
C103364,Investment Plan (Mutual Fund SIP),1,0,0,0,0
C103364,Cashback Credit Card,1,0,0,0,0
C103365,Investment Plan (Mutual Fund SIP),1,0,0,0,0
C103365,Fuel Credit Card,1,1,0,0,0
C103365,Home Loan,1,1,0,0,0
C103367,Investment Plan (Mutual Fund SIP),1,1,0,0,0
C103367,Personal Loan,1,1,0,0,0
C103367,Fixed Deposit,1,0,0,0,0
C103368,Fuel Credit Card,1,0,0,0,0
C103368,Premium Credit Card,1,1,0,0,0
C103368,Term Insurance,1,1,0,0,0
C103368,Cashback Credit Card,1,1,0,0,0
C103368,Travel Credit Card,1,0,0,0,0
C103369,Term Insurance,1,0,0,0,0
C103371,Travel Credit Card,1,0,0,0,0
C103372,Fuel Credit Card,1,0,0,0,0
C103372,Recurring Deposit,1,0,0,0,0
C103372,Investment Plan (Mutual Fund SIP),1,0,0,0,0
C103372,Premium Banking Account,1,1,0,0,0
C103372,Home Loan,1,0,0,0,0
C103373,Cashback Credit Card,1,1,0,0,0
C103373,Fixed Deposit,1,1,1,1,1
C103373,Travel Credit Card,1,1,1,1,1
C103373,Fuel Credit Card,1,1,1,1,0
C103374,Personal Loan,1,0,0,0,0
C103374,Home Loan,1,1,0,0,0
C103374,Recurring Deposit,1,1,1,1,0
C103375,Home Loan,1,0,0,0,0
C103376,Personal Loan,1,0,0,0,0
C103376,Premium Banking Account,1,1,0,0,0
C103376,Investment Plan (Mutual Fund SIP),1,1,0,0,0
C103376,Fixed Deposit,1,1,0,0,0
C103376,Cashback Credit Card,1,1,1,0,0
C103377,Personal Loan,1,1,0,0,0
C103377,Term Insurance,1,0,0,0,0
C103377,Fixed Deposit,1,1,1,1,1
C103378,Investment Plan (Mutual Fund SIP),1,1,0,0,0
C103380,Premium Banking Account,1,0,0,0,0
C103380,Premium Credit Card,1,0,0,0,0
C103381,Personal Loan,1,1,1,0,0
C103381,Investment Plan (Mutual Fund SIP),1,0,0,0,0
C103381,Cashback Credit Card,1,1,0,0,0
C103382,Fixed Deposit,1,1,0,0,0
C103382,Premium Credit Card,1,1,0,0,0
C103382,Cashback Credit Card,1,0,0,0,0
C103382,Personal Loan,1,1,0,0,0
C103383,Fuel Credit Card,1,0,0,0,0
C103383,Recurring Deposit,1,1,0,0,0
C103383,Premium Credit Card,1,0,0,0,0
C103383,Premium Banking Account,1,0,0,0,0
C103383,Investment Plan (Mutual Fund SIP),1,0,0,0,0
C103385,Premium Credit Card,1,1,0,0,0
C103385,Fixed Deposit,1,1,0,0,0
C103385,Cashback Credit Card,1,0,0,0,0
C103385,Recurring Deposit,1,1,0,0,0
C103386,Fixed Deposit,1,1,0,0,0
C103386,Travel Credit Card,1,0,0,0,0
C103387,Premium Banking Account,1,0,0,0,0
C103387,Investment Plan (Mutual Fund SIP),1,0,0,0,0
C103387,Fixed Deposit,1,1,0,0,0
C103388,Cashback Credit Card,1,0,0,0,0
C103388,Premium Banking Account,1,0,0,0,0
C103388,Recurring Deposit,1,0,0,0,0
C103388,Personal Loan,1,1,0,0,0
C103388,Investment Plan (Mutual Fund SIP),1,0,0,0,0
C103389,Home Loan,1,1,0,0,0
C103389,Premium Banking Account,1,0,0,0,0
C103389,Investment Plan (Mutual Fund SIP),1,0,0,0,0
C103390,Home Loan,1,1,1,0,0
C103390,Cashback Credit Card,1,0,0,0,0
C103391,Premium Credit Card,1,1,1,1,1
C103392,Personal Loan,1,1,0,0,0
C103392,Home Loan,1,0,0,0,0
C103392,Fuel Credit Card,1,1,1,1,1
C103394,Investment Plan (Mutual Fund SIP),1,1,1,0,0
C103394,Term Insurance,1,1,0,0,0
C103394,Premium Credit Card,1,0,0,0,0
C103394,Fuel Credit Card,1,0,0,0,0
C103394,Premium Banking Account,1,1,0,0,0
C103395,Recurring Deposit,1,0,0,0,0
C103395,Investment Plan (Mutual Fund SIP),1,0,0,0,0
C103396,Premium Credit Card,1,1,0,0,0
C103396,Travel Credit Card,1,0,0,0,0
C103396,Investment Plan (Mutual Fund SIP),1,1,0,0,0
C103397,Term Insurance,1,1,0,0,0
C103397,Fixed Deposit,1,0,0,0,0
C103397,Recurring Deposit,1,1,0,0,0
C103399,Recurring Deposit,1,0,0,0,0
C103400,Premium Banking Account,1,0,0,0,0
C103400,Personal Loan,1,0,0,0,0
C103400,Investment Plan (Mutual Fund SIP),1,0,0,0,0
C103400,Premium Credit Card,1,1,0,0,0
C103401,Personal Loan,1,1,0,0,0
C103401,Fuel Credit Card,1,0,0,0,0
C103401,Term Insurance,1,0,0,0,0
C103401,Premium Credit Card,1,1,1,1,1
C103402,Fuel Credit Card,1,1,1,1,1
C103402,Home Loan,1,1,0,0,0
C103403,Recurring Deposit,1,0,0,0,0
C103403,Investment Plan (Mutual Fund SIP),1,0,0,0,0
C103404,Cashback Credit Card,1,1,0,0,0
C103404,Fixed Deposit,1,1,0,0,0
C103404,Recurring Deposit,1,0,0,0,0
C103404,Travel Credit Card,1,0,0,0,0
C103404,Home Loan,1,0,0,0,0
C103405,Term Insurance,1,1,1,0,0
C103405,Recurring Deposit,1,1,0,0,0
C103406,Investment Plan (Mutual Fund SIP),1,0,0,0,0
C103406,Home Loan,1,1,0,0,0
C103406,Premium Credit Card,1,0,0,0,0
C103406,Fuel Credit Card,1,0,0,0,0
C103407,Fixed Deposit,1,1,0,0,0
C103407,Recurring Deposit,1,1,0,0,0
C103407,Premium Credit Card,1,1,1,1,1
C103407,Term Insurance,1,1,1,0,0
C103408,Recurring Deposit,1,1,1,1,1
C103408,Cashback Credit Card,1,0,0,0,0
C103408,Personal Loan,1,1,1,1,1
C103408,Premium Credit Card,1,0,0,0,0
C103409,Investment Plan (Mutual Fund SIP),1,1,1,1,1
C103409,Recurring Deposit,1,1,0,0,0
C103409,Fuel Credit Card,1,1,1,1,1
C103409,Term Insurance,1,0,0,0,0
C103410,Recurring Deposit,1,0,0,0,0
C103410,Home Loan,1,0,0,0,0
C103411,Fixed Deposit,1,0,0,0,0
C103411,Cashback Credit Card,1,0,0,0,0
C103411,Travel Credit Card,1,0,0,0,0
C103412,Investment Plan (Mutual Fund SIP),1,0,0,0,0
C103412,Recurring Deposit,1,1,0,0,0
C103413,Personal Loan,1,0,0,0,0
C103413,Travel Credit Card,1,0,0,0,0
C103413,Premium Banking Account,1,0,0,0,0
C103413,Premium Credit Card,1,0,0,0,0
C103414,Term Insurance,1,0,0,0,0
C103415,Personal Loan,1,1,0,0,0
C103416,Cashback Credit Card,1,0,0,0,0
C103416,Premium Credit Card,1,0,0,0,0
C103416,Fuel Credit Card,1,0,0,0,0
C103417,Investment Plan (Mutual Fund SIP),1,1,0,0,0
C103418,Fixed Deposit,1,1,0,0,0
C103418,Cashback Credit Card,1,0,0,0,0
C103418,Fuel Credit Card,1,1,0,0,0
C103418,Term Insurance,1,0,0,0,0
C103420,Investment Plan (Mutual Fund SIP),1,1,1,0,0
C103420,Term Insurance,1,1,1,1,1
C103420,Fuel Credit Card,1,0,0,0,0
C103421,Personal Loan,1,0,0,0,0
C103421,Fixed Deposit,1,1,1,1,1
C103421,Investment Plan (Mutual Fund SIP),1,0,0,0,0
C103421,Recurring Deposit,1,1,0,0,0
C103422,Home Loan,1,1,0,0,0
C103422,Personal Loan,1,0,0,0,0
C103422,Cashback Credit Card,1,0,0,0,0
C103423,Fixed Deposit,1,1,0,0,0
C103423,Travel Credit Card,1,0,0,0,0
C103423,Premium Banking Account,1,0,0,0,0
C103423,Investment Plan (Mutual Fund SIP),1,0,0,0,0
C103423,Fuel Credit Card,1,0,0,0,0
C103424,Premium Credit Card,1,0,0,0,0
C103424,Term Insurance,1,1,0,0,0
C103424,Home Loan,1,1,0,0,0
C103425,Travel Credit Card,1,1,1,1,1
C103426,Term Insurance,1,0,0,0,0
C103426,Travel Credit Card,1,0,0,0,0
C103426,Recurring Deposit,1,1,1,1,1
C103427,Recurring Deposit,1,0,0,0,0
C103427,Travel Credit Card,1,1,0,0,0
C103427,Personal Loan,1,0,0,0,0
C103428,Personal Loan,1,0,0,0,0
C103430,Fuel Credit Card,1,1,1,0,0
C103430,Personal Loan,1,1,0,0,0
C103431,Home Loan,1,0,0,0,0
C103432,Fixed Deposit,1,0,0,0,0
C103432,Personal Loan,1,0,0,0,0
C103432,Travel Credit Card,1,0,0,0,0
C103432,Premium Banking Account,1,1,0,0,0
C103432,Investment Plan (Mutual Fund SIP),1,0,0,0,0
C103434,Premium Banking Account,1,0,0,0,0
C103434,Fuel Credit Card,1,0,0,0,0
C103435,Premium Credit Card,1,1,0,0,0
C103435,Fuel Credit Card,1,1,0,0,0
C103435,Recurring Deposit,1,1,0,0,0
C103436,Fixed Deposit,1,0,0,0,0
C103436,Premium Credit Card,1,0,0,0,0
C103436,Recurring Deposit,1,0,0,0,0
C103438,Cashback Credit Card,1,0,0,0,0
C103438,Term Insurance,1,0,0,0,0
C103438,Travel Credit Card,1,1,0,0,0
C103438,Fixed Deposit,1,1,1,1,1
C103439,Term Insurance,1,1,1,1,1
C103439,Travel Credit Card,1,1,1,1,1
C103439,Investment Plan (Mutual Fund SIP),1,1,1,1,1
C103439,Personal Loan,1,1,1,1,0
C103440,Premium Banking Account,1,1,0,0,0
C103440,Fixed Deposit,1,0,0,0,0
C103440,Premium Credit Card,1,1,1,1,1
C103440,Travel Credit Card,1,0,0,0,0
C103440,Cashback Credit Card,1,0,0,0,0
C103441,Fixed Deposit,1,1,0,0,0
C103442,Cashback Credit Card,1,1,1,1,1
C103443,Personal Loan,1,0,0,0,0
C103443,Recurring Deposit,1,1,0,0,0
C103443,Premium Credit Card,1,0,0,0,0
C103443,Fixed Deposit,1,0,0,0,0
C103443,Premium Banking Account,1,1,1,0,0
C103444,Premium Credit Card,1,1,0,0,0
C103444,Travel Credit Card,1,1,1,1,1
C103445,Recurring Deposit,1,1,1,0,0
C103445,Travel Credit Card,1,0,0,0,0
C103445,Fixed Deposit,1,1,1,1,0
C103446,Investment Plan (Mutual Fund SIP),1,1,0,0,0
C103446,Fuel Credit Card,1,0,0,0,0
C103446,Cashback Credit Card,1,0,0,0,0
C103446,Premium Banking Account,1,1,1,1,1
C103447,Premium Banking Account,1,1,1,1,1
C103447,Premium Credit Card,1,0,0,0,0
C103450,Premium Banking Account,1,0,0,0,0
C103450,Home Loan,1,1,1,1,0
C103450,Investment Plan (Mutual Fund SIP),1,0,0,0,0
C103450,Term Insurance,1,1,0,0,0
C103450,Recurring Deposit,1,0,0,0,0
C103451,Fuel Credit Card,1,1,1,1,1
C103451,Home Loan,1,1,0,0,0
C103451,Cashback Credit Card,1,1,0,0,0
C103452,Travel Credit Card,1,1,0,0,0
C103452,Fixed Deposit,1,1,0,0,0
C103454,Fuel Credit Card,1,1,0,0,0
C103454,Premium Credit Card,1,1,0,0,0
C103455,Personal Loan,1,1,0,0,0
C103455,Premium Banking Account,1,1,0,0,0
C103456,Travel Credit Card,1,1,0,0,0
C103458,Travel Credit Card,1,1,1,1,1
C103458,Premium Credit Card,1,1,0,0,0
C103458,Home Loan,1,1,0,0,0
C103459,Term Insurance,1,1,1,1,1
C103460,Premium Credit Card,1,1,0,0,0
C103460,Investment Plan (Mutual Fund SIP),1,1,1,1,0
C103460,Home Loan,1,1,1,1,1
C103461,Home Loan,1,1,0,0,0
C103461,Term Insurance,1,1,1,0,0
C103463,Cashback Credit Card,1,0,0,0,0
C103464,Premium Credit Card,1,0,0,0,0
C103464,Recurring Deposit,1,1,0,0,0
C103465,Fixed Deposit,1,1,0,0,0
C103466,Recurring Deposit,1,1,0,0,0
C103466,Term Insurance,1,0,0,0,0
C103466,Premium Credit Card,1,0,0,0,0
C103468,Recurring Deposit,1,1,0,0,0
C103468,Term Insurance,1,0,0,0,0
C103468,Investment Plan (Mutual Fund SIP),1,1,1,1,1
C103469,Term Insurance,1,0,0,0,0
C103469,Premium Credit Card,1,1,0,0,0
C103469,Investment Plan (Mutual Fund SIP),1,1,0,0,0
C103469,Travel Credit Card,1,0,0,0,0
C103470,Recurring Deposit,1,0,0,0,0
C103471,Personal Loan,1,1,0,0,0
C103472,Home Loan,1,0,0,0,0
C103472,Cashback Credit Card,1,1,1,1,1
C103473,Fixed Deposit,1,1,0,0,0
C103473,Home Loan,1,0,0,0,0
C103475,Recurring Deposit,1,1,0,0,0
C103475,Term Insurance,1,0,0,0,0
C103475,Personal Loan,1,0,0,0,0
C103475,Home Loan,1,0,0,0,0
C103475,Premium Banking Account,1,0,0,0,0
C103477,Premium Banking Account,1,0,0,0,0
C103477,Recurring Deposit,1,1,0,0,0
C103477,Premium Credit Card,1,1,0,0,0
C103477,Fixed Deposit,1,0,0,0,0
C103478,Fixed Deposit,1,0,0,0,0
C103478,Term Insurance,1,0,0,0,0
C103480,Premium Credit Card,1,0,0,0,0
C103480,Home Loan,1,1,1,1,1
C103480,Recurring Deposit,1,0,0,0,0
C103480,Investment Plan (Mutual Fund SIP),1,0,0,0,0
C103481,Recurring Deposit,1,1,1,1,0
C103481,Personal Loan,1,0,0,0,0
C103481,Premium Credit Card,1,1,0,0,0
C103482,Home Loan,1,0,0,0,0
C103482,Recurring Deposit,1,1,0,0,0
C103483,Home Loan,1,1,0,0,0
C103484,Home Loan,1,0,0,0,0
C103484,Personal Loan,1,0,0,0,0
C103486,Home Loan,1,1,0,0,0
C103486,Travel Credit Card,1,1,1,0,0
C103486,Fixed Deposit,1,1,0,0,0
C103487,Cashback Credit Card,1,0,0,0,0
C103487,Fixed Deposit,1,1,0,0,0
C103487,Term Insurance,1,1,0,0,0
C103487,Premium Credit Card,1,0,0,0,0
C103487,Investment Plan (Mutual Fund SIP),1,1,0,0,0
C103488,Cashback Credit Card,1,1,1,0,0
C103488,Recurring Deposit,1,0,0,0,0
C103488,Home Loan,1,0,0,0,0
C103488,Term Insurance,1,1,1,1,0
C103488,Fuel Credit Card,1,1,1,0,0
C103490,Premium Banking Account,1,0,0,0,0
C103492,Personal Loan,1,0,0,0,0
C103492,Premium Banking Account,1,0,0,0,0
C103492,Fuel Credit Card,1,1,1,1,1
C103492,Cashback Credit Card,1,1,0,0,0
C103492,Premium Credit Card,1,1,0,0,0
C103493,Travel Credit Card,1,1,1,1,1
C103493,Fuel Credit Card,1,0,0,0,0
C103493,Premium Credit Card,1,0,0,0,0
C103493,Fixed Deposit,1,0,0,0,0
C103493,Investment Plan (Mutual Fund SIP),1,1,0,0,0
C103494,Premium Credit Card,1,1,1,0,0
C103494,Term Insurance,1,1,0,0,0
C103495,Investment Plan (Mutual Fund SIP),1,0,0,0,0
C103495,Recurring Deposit,1,0,0,0,0
C103495,Personal Loan,1,1,1,0,0
C103496,Fuel Credit Card,1,1,0,0,0
C103498,Recurring Deposit,1,1,1,1,1
C103498,Cashback Credit Card,1,1,1,1,1
C103498,Premium Banking Account,1,1,0,0,0
C103499,Investment Plan (Mutual Fund SIP),1,0,0,0,0
C103499,Travel Credit Card,1,1,0,0,0
C103499,Recurring Deposit,1,0,0,0,0
C103499,Premium Credit Card,1,1,1,1,1
C103499,Premium Banking Account,1,0,0,0,0
C103500,Recurring Deposit,1,1,0,0,0
C103500,Travel Credit Card,1,1,0,0,0
C103500,Premium Banking Account,1,0,0,0,0
C103501,Investment Plan (Mutual Fund SIP),1,1,1,1,1
C103501,Travel Credit Card,1,1,0,0,0
C103501,Cashback Credit Card,1,0,0,0,0
C103501,Premium Credit Card,1,1,1,1,0
C103501,Recurring Deposit,1,1,0,0,0
C103502,Fixed Deposit,1,1,0,0,0
C103502,Term Insurance,1,0,0,0,0
C103503,Fixed Deposit,1,1,0,0,0
C103503,Cashback Credit Card,1,1,0,0,0
C103503,Investment Plan (Mutual Fund SIP),1,0,0,0,0
C103503,Fuel Credit Card,1,0,0,0,0
C103503,Travel Credit Card,1,0,0,0,0
C103506,Premium Banking Account,1,1,0,0,0
C103506,Recurring Deposit,1,1,0,0,0
C103507,Premium Credit Card,1,0,0,0,0
C103507,Personal Loan,1,0,0,0,0
C103507,Recurring Deposit,1,1,1,0,0
C103508,Personal Loan,1,0,0,0,0
C103508,Travel Credit Card,1,1,0,0,0
C103508,Home Loan,1,1,0,0,0
C103508,Recurring Deposit,1,0,0,0,0
C103508,Premium Credit Card,1,1,0,0,0
C103509,Premium Credit Card,1,0,0,0,0
C103509,Fixed Deposit,1,1,0,0,0
C103509,Premium Banking Account,1,0,0,0,0
C103509,Term Insurance,1,1,1,1,1
C103509,Home Loan,1,1,0,0,0
C103510,Fuel Credit Card,1,0,0,0,0
C103510,Travel Credit Card,1,1,0,0,0
C103512,Investment Plan (Mutual Fund SIP),1,1,0,0,0
C103512,Cashback Credit Card,1,1,0,0,0
C103514,Cashback Credit Card,1,1,0,0,0
C103514,Personal Loan,1,0,0,0,0
C103515,Travel Credit Card,1,0,0,0,0
C103518,Cashback Credit Card,1,1,0,0,0
C103518,Premium Credit Card,1,1,0,0,0
C103519,Home Loan,1,0,0,0,0
C103519,Premium Credit Card,1,0,0,0,0
C103520,Cashback Credit Card,1,0,0,0,0
C103520,Fuel Credit Card,1,0,0,0,0
C103522,Term Insurance,1,1,0,0,0
C103522,Personal Loan,1,0,0,0,0
C103522,Premium Credit Card,1,0,0,0,0
C103523,Premium Banking Account,1,1,1,0,0
C103523,Investment Plan (Mutual Fund SIP),1,0,0,0,0
C103523,Home Loan,1,1,0,0,0
C103524,Investment Plan (Mutual Fund SIP),1,1,0,0,0
C103524,Fuel Credit Card,1,1,1,1,1
C103524,Home Loan,1,0,0,0,0
C103524,Cashback Credit Card,1,1,1,1,0
C103524,Travel Credit Card,1,0,0,0,0
C103525,Cashback Credit Card,1,0,0,0,0
C103525,Recurring Deposit,1,0,0,0,0
C103525,Home Loan,1,0,0,0,0
C103525,Term Insurance,1,1,1,1,1
C103525,Premium Credit Card,1,1,1,1,1
C103526,Home Loan,1,0,0,0,0
C103527,Travel Credit Card,1,1,0,0,0
C103528,Fixed Deposit,1,0,0,0,0
C103528,Fuel Credit Card,1,1,0,0,0
C103528,Term Insurance,1,1,0,0,0
C103528,Premium Banking Account,1,0,0,0,0
C103528,Travel Credit Card,1,0,0,0,0
C103529,Fixed Deposit,1,0,0,0,0
C103530,Premium Banking Account,1,1,1,1,0
C103531,Fuel Credit Card,1,0,0,0,0
C103533,Recurring Deposit,1,0,0,0,0
C103533,Fixed Deposit,1,0,0,0,0
C103533,Cashback Credit Card,1,1,0,0,0
C103534,Fuel Credit Card,1,0,0,0,0
C103534,Recurring Deposit,1,1,1,1,1
C103534,Premium Credit Card,1,0,0,0,0
C103536,Travel Credit Card,1,1,0,0,0
C103536,Term Insurance,1,1,0,0,0
C103536,Fixed Deposit,1,0,0,0,0
C103537,Premium Credit Card,1,1,1,1,0
C103539,Term Insurance,1,1,0,0,0
C103539,Home Loan,1,1,0,0,0
C103539,Investment Plan (Mutual Fund SIP),1,1,1,1,0
C103540,Cashback Credit Card,1,0,0,0,0
C103540,Term Insurance,1,1,0,0,0
C103540,Travel Credit Card,1,1,0,0,0
C103540,Premium Banking Account,1,1,0,0,0
C103541,Premium Credit Card,1,1,1,1,0
C103544,Travel Credit Card,1,0,0,0,0
C103544,Investment Plan (Mutual Fund SIP),1,0,0,0,0
C103544,Recurring Deposit,1,0,0,0,0
C103544,Fuel Credit Card,1,1,0,0,0
C103545,Cashback Credit Card,1,0,0,0,0
C103545,Fixed Deposit,1,0,0,0,0
C103545,Premium Credit Card,1,0,0,0,0
C103545,Personal Loan,1,1,1,0,0
C103548,Fixed Deposit,1,0,0,0,0
C103548,Travel Credit Card,1,0,0,0,0
C103548,Cashback Credit Card,1,1,0,0,0
C103548,Recurring Deposit,1,1,1,1,1
C103548,Term Insurance,1,0,0,0,0
C103549,Recurring Deposit,1,0,0,0,0
C103549,Personal Loan,1,0,0,0,0
C103549,Premium Credit Card,1,1,1,1,1
C103550,Fixed Deposit,1,0,0,0,0
C103550,Investment Plan (Mutual Fund SIP),1,1,0,0,0
C103550,Fuel Credit Card,1,0,0,0,0
C103550,Recurring Deposit,1,1,1,0,0
C103550,Personal Loan,1,1,1,1,1
C103551,Recurring Deposit,1,0,0,0,0
C103552,Cashback Credit Card,1,0,0,0,0
C103552,Fuel Credit Card,1,0,0,0,0
C103552,Term Insurance,1,0,0,0,0
C103552,Recurring Deposit,1,0,0,0,0
C103554,Term Insurance,1,1,1,1,0
C103554,Fuel Credit Card,1,1,1,1,0
C103554,Personal Loan,1,1,1,1,1
C103554,Fixed Deposit,1,0,0,0,0
C103556,Fuel Credit Card,1,1,0,0,0
C103556,Fixed Deposit,1,0,0,0,0
C103557,Travel Credit Card,1,0,0,0,0
C103557,Fuel Credit Card,1,0,0,0,0
C103557,Recurring Deposit,1,0,0,0,0
C103557,Cashback Credit Card,1,0,0,0,0
C103557,Investment Plan (Mutual Fund SIP),1,1,1,1,1
C103558,Recurring Deposit,1,0,0,0,0
C103559,Home Loan,1,0,0,0,0
C103561,Cashback Credit Card,1,1,1,1,1
C103562,Home Loan,1,1,1,1,1
C103562,Term Insurance,1,0,0,0,0
C103562,Fixed Deposit,1,1,1,1,1
C103562,Investment Plan (Mutual Fund SIP),1,1,0,0,0
C103563,Travel Credit Card,1,0,0,0,0
C103565,Home Loan,1,0,0,0,0
C103565,Recurring Deposit,1,0,0,0,0
C103565,Fuel Credit Card,1,0,0,0,0
C103565,Personal Loan,1,0,0,0,0
C103566,Premium Credit Card,1,0,0,0,0
C103566,Recurring Deposit,1,1,0,0,0
C103566,Term Insurance,1,1,0,0,0
C103567,Recurring Deposit,1,0,0,0,0
C103567,Fuel Credit Card,1,0,0,0,0
C103567,Premium Banking Account,1,1,0,0,0
C103567,Home Loan,1,1,0,0,0
C103567,Travel Credit Card,1,1,0,0,0
C103568,Premium Credit Card,1,1,1,1,1
C103568,Investment Plan (Mutual Fund SIP),1,1,0,0,0
C103568,Fuel Credit Card,1,1,0,0,0
C103568,Premium Banking Account,1,1,0,0,0
C103568,Home Loan,1,1,0,0,0
C103570,Cashback Credit Card,1,1,0,0,0
C103570,Travel Credit Card,1,1,0,0,0
C103570,Home Loan,1,1,0,0,0
C103570,Personal Loan,1,1,0,0,0
C103570,Term Insurance,1,1,1,0,0
C103571,Term Insurance,1,0,0,0,0
C103571,Fuel Credit Card,1,1,0,0,0
C103571,Personal Loan,1,0,0,0,0
C103571,Travel Credit Card,1,1,0,0,0
C103572,Home Loan,1,0,0,0,0
C103572,Investment Plan (Mutual Fund SIP),1,1,0,0,0
C103572,Recurring Deposit,1,1,0,0,0
C103572,Fuel Credit Card,1,1,0,0,0
C103572,Term Insurance,1,0,0,0,0
C103573,Travel Credit Card,1,0,0,0,0
C103574,Home Loan,1,1,1,0,0
C103574,Premium Banking Account,1,0,0,0,0
C103574,Fixed Deposit,1,0,0,0,0
C103575,Travel Credit Card,1,0,0,0,0
C103575,Cashback Credit Card,1,1,1,0,0
C103575,Personal Loan,1,1,0,0,0
C103575,Fixed Deposit,1,1,0,0,0
C103575,Premium Banking Account,1,0,0,0,0
C103576,Recurring Deposit,1,1,0,0,0
C103576,Fuel Credit Card,1,0,0,0,0
C103576,Premium Banking Account,1,0,0,0,0
C103576,Term Insurance,1,0,0,0,0
C103576,Cashback Credit Card,1,1,0,0,0
C103578,Recurring Deposit,1,1,0,0,0
C103578,Premium Banking Account,1,1,0,0,0
C103578,Fuel Credit Card,1,0,0,0,0
C103578,Term Insurance,1,0,0,0,0
C103579,Personal Loan,1,1,0,0,0
C103580,Investment Plan (Mutual Fund SIP),1,1,0,0,0
C103581,Recurring Deposit,1,0,0,0,0
C103581,Term Insurance,1,0,0,0,0
C103582,Cashback Credit Card,1,1,0,0,0
C103582,Fuel Credit Card,1,0,0,0,0
C103582,Recurring Deposit,1,1,1,1,1
C103583,Fuel Credit Card,1,1,1,1,1
C103583,Recurring Deposit,1,0,0,0,0
C103584,Recurring Deposit,1,0,0,0,0
C103585,Premium Credit Card,1,1,0,0,0
C103585,Premium Banking Account,1,1,0,0,0
C103585,Fixed Deposit,1,0,0,0,0
C103586,Personal Loan,1,1,0,0,0
C103586,Fixed Deposit,1,1,1,0,0
C103587,Recurring Deposit,1,1,0,0,0
C103587,Fixed Deposit,1,1,1,1,1
C103587,Personal Loan,1,1,0,0,0
C103587,Home Loan,1,0,0,0,0
C103588,Investment Plan (Mutual Fund SIP),1,0,0,0,0
C103588,Fuel Credit Card,1,0,0,0,0
C103588,Premium Credit Card,1,1,0,0,0
C103588,Fixed Deposit,1,0,0,0,0
C103589,Cashback Credit Card,1,1,1,1,0
C103591,Premium Banking Account,1,1,0,0,0
C103591,Home Loan,1,1,0,0,0
C103591,Cashback Credit Card,1,0,0,0,0
C103591,Fixed Deposit,1,0,0,0,0
C103591,Investment Plan (Mutual Fund SIP),1,1,1,0,0
C103592,Travel Credit Card,1,1,0,0,0
C103592,Cashback Credit Card,1,0,0,0,0
C103592,Fixed Deposit,1,0,0,0,0
C103592,Term Insurance,1,1,0,0,0
C103592,Personal Loan,1,1,1,1,1
C103593,Recurring Deposit,1,1,1,1,1
C103593,Home Loan,1,0,0,0,0
C103595,Term Insurance,1,1,0,0,0
C103595,Fuel Credit Card,1,1,0,0,0
C103596,Cashback Credit Card,1,0,0,0,0
C103597,Home Loan,1,0,0,0,0
C103597,Travel Credit Card,1,0,0,0,0
C103597,Recurring Deposit,1,1,1,0,0
C103597,Investment Plan (Mutual Fund SIP),1,0,0,0,0
C103597,Premium Credit Card,1,1,0,0,0
C103598,Premium Credit Card,1,1,0,0,0
C103598,Investment Plan (Mutual Fund SIP),1,1,0,0,0
C103598,Term Insurance,1,1,1,0,0
C103598,Fuel Credit Card,1,1,0,0,0
C103599,Premium Credit Card,1,1,1,1,1
C103601,Personal Loan,1,0,0,0,0
C103601,Recurring Deposit,1,1,0,0,0
C103601,Term Insurance,1,1,0,0,0
C103601,Fuel Credit Card,1,0,0,0,0
C103601,Premium Credit Card,1,0,0,0,0
C103602,Recurring Deposit,1,1,1,0,0
C103603,Term Insurance,1,0,0,0,0
C103604,Investment Plan (Mutual Fund SIP),1,1,0,0,0
C103604,Recurring Deposit,1,1,0,0,0
C103604,Term Insurance,1,1,0,0,0
C103604,Fixed Deposit,1,1,1,1,1
C103606,Term Insurance,1,1,1,0,0
C103607,Term Insurance,1,1,0,0,0
C103607,Travel Credit Card,1,1,0,0,0
C103608,Term Insurance,1,0,0,0,0
C103608,Fixed Deposit,1,0,0,0,0
C103608,Travel Credit Card,1,0,0,0,0
C103610,Fixed Deposit,1,1,1,1,1
C103610,Travel Credit Card,1,1,0,0,0
C103610,Fuel Credit Card,1,1,1,1,1
C103611,Recurring Deposit,1,1,0,0,0
C103611,Premium Banking Account,1,1,0,0,0
C103611,Premium Credit Card,1,0,0,0,0
C103611,Fixed Deposit,1,0,0,0,0
C103612,Premium Credit Card,1,1,1,1,1
C103612,Travel Credit Card,1,0,0,0,0
C103614,Cashback Credit Card,1,0,0,0,0
C103615,Investment Plan (Mutual Fund SIP),1,0,0,0,0
C103615,Personal Loan,1,1,0,0,0
C103616,Home Loan,1,0,0,0,0
C103617,Term Insurance,1,1,0,0,0
C103617,Personal Loan,1,1,0,0,0
C103619,Cashback Credit Card,1,1,0,0,0
C103619,Term Insurance,1,1,0,0,0
C103619,Investment Plan (Mutual Fund SIP),1,1,0,0,0
C103619,Fuel Credit Card,1,0,0,0,0
C103620,Fixed Deposit,1,0,0,0,0
C103620,Fuel Credit Card,1,1,1,1,1
C103621,Fuel Credit Card,1,1,1,1,1
C103621,Cashback Credit Card,1,0,0,0,0
C103621,Fixed Deposit,1,0,0,0,0
C103621,Travel Credit Card,1,1,0,0,0
C103621,Investment Plan (Mutual Fund SIP),1,1,1,0,0
C103622,Personal Loan,1,0,0,0,0
C103622,Fixed Deposit,1,0,0,0,0
C103622,Fuel Credit Card,1,0,0,0,0
C103622,Premium Credit Card,1,0,0,0,0
C103622,Travel Credit Card,1,1,0,0,0
C103623,Term Insurance,1,0,0,0,0
C103623,Premium Banking Account,1,0,0,0,0
C103623,Personal Loan,1,0,0,0,0
C103624,Investment Plan (Mutual Fund SIP),1,0,0,0,0
C103624,Recurring Deposit,1,0,0,0,0
C103625,Fixed Deposit,1,1,0,0,0
C103625,Travel Credit Card,1,1,0,0,0
C103626,Cashback Credit Card,1,0,0,0,0
C103626,Premium Credit Card,1,0,0,0,0
C103626,Investment Plan (Mutual Fund SIP),1,1,0,0,0
C103627,Fixed Deposit,1,1,0,0,0
C103627,Recurring Deposit,1,1,0,0,0
C103627,Investment Plan (Mutual Fund SIP),1,0,0,0,0
C103628,Home Loan,1,1,0,0,0
C103628,Premium Banking Account,1,1,0,0,0
C103628,Term Insurance,1,1,0,0,0
C103628,Fuel Credit Card,1,1,0,0,0
C103628,Travel Credit Card,1,0,0,0,0
C103629,Premium Credit Card,1,1,0,0,0
C103629,Premium Banking Account,1,1,0,0,0
C103629,Cashback Credit Card,1,1,0,0,0
C103630,Fuel Credit Card,1,1,1,1,1
C103630,Cashback Credit Card,1,0,0,0,0
C103630,Premium Banking Account,1,1,0,0,0
C103632,Fuel Credit Card,1,1,1,0,0
C103632,Term Insurance,1,1,0,0,0
C103632,Recurring Deposit,1,1,0,0,0
C103632,Home Loan,1,0,0,0,0
C103634,Travel Credit Card,1,0,0,0,0
C103634,Cashback Credit Card,1,1,1,1,1
C103634,Premium Banking Account,1,1,0,0,0
C103634,Home Loan,1,0,0,0,0
C103635,Cashback Credit Card,1,1,0,0,0
C103635,Personal Loan,1,1,0,0,0
C103636,Premium Banking Account,1,1,0,0,0
C103637,Recurring Deposit,1,1,0,0,0
C103637,Personal Loan,1,1,0,0,0
C103637,Home Loan,1,1,1,0,0
C103638,Fixed Deposit,1,1,0,0,0
C103638,Term Insurance,1,1,1,0,0
C103638,Premium Credit Card,1,1,0,0,0
C103638,Home Loan,1,0,0,0,0
C103639,Home Loan,1,1,1,1,1
C103639,Fuel Credit Card,1,1,1,1,1
C103639,Premium Banking Account,1,1,0,0,0
C103640,Cashback Credit Card,1,0,0,0,0
C103640,Travel Credit Card,1,0,0,0,0
C103640,Personal Loan,1,1,0,0,0
C103640,Term Insurance,1,0,0,0,0
C103640,Fixed Deposit,1,0,0,0,0
C103641,Investment Plan (Mutual Fund SIP),1,0,0,0,0
C103641,Cashback Credit Card,1,1,1,1,1
C103641,Home Loan,1,0,0,0,0
C103643,Premium Banking Account,1,1,0,0,0
C103643,Travel Credit Card,1,0,0,0,0
C103643,Recurring Deposit,1,1,0,0,0
C103644,Cashback Credit Card,1,1,0,0,0
C103644,Fuel Credit Card,1,1,1,1,1
C103644,Fixed Deposit,1,1,0,0,0
C103644,Term Insurance,1,1,0,0,0
C103645,Fixed Deposit,1,0,0,0,0
C103645,Cashback Credit Card,1,0,0,0,0
C103646,Travel Credit Card,1,1,1,1,1
C103647,Fuel Credit Card,1,0,0,0,0
C103647,Premium Banking Account,1,0,0,0,0
C103647,Personal Loan,1,1,0,0,0
C103648,Recurring Deposit,1,0,0,0,0
C103649,Premium Credit Card,1,1,0,0,0
C103651,Personal Loan,1,1,1,0,0
C103651,Fuel Credit Card,1,0,0,0,0
C103651,Fixed Deposit,1,0,0,0,0
C103652,Fuel Credit Card,1,1,0,0,0
C103652,Personal Loan,1,1,1,0,0
C103652,Recurring Deposit,1,0,0,0,0
C103652,Term Insurance,1,0,0,0,0
C103652,Premium Banking Account,1,1,1,0,0
C103653,Premium Credit Card,1,1,0,0,0
C103653,Fixed Deposit,1,1,1,1,0
C103653,Personal Loan,1,1,0,0,0
C103653,Cashback Credit Card,1,0,0,0,0
C103654,Travel Credit Card,1,1,1,1,1
C103654,Fixed Deposit,1,1,1,1,1
C103654,Premium Credit Card,1,0,0,0,0
C103654,Premium Banking Account,1,0,0,0,0
C103656,Recurring Deposit,1,0,0,0,0
C103656,Travel Credit Card,1,1,1,1,1
C103656,Fixed Deposit,1,1,1,0,0
C103658,Cashback Credit Card,1,1,1,1,1
C103658,Premium Banking Account,1,0,0,0,0
C103658,Investment Plan (Mutual Fund SIP),1,1,1,1,1
C103659,Cashback Credit Card,1,1,0,0,0
C103659,Term Insurance,1,0,0,0,0
C103659,Premium Banking Account,1,0,0,0,0
C103659,Premium Credit Card,1,1,1,0,0
C103659,Recurring Deposit,1,1,0,0,0
C103660,Recurring Deposit,1,0,0,0,0
C103660,Fixed Deposit,1,0,0,0,0
C103660,Travel Credit Card,1,1,0,0,0
C103660,Investment Plan (Mutual Fund SIP),1,1,0,0,0
C103660,Personal Loan,1,0,0,0,0
C103661,Recurring Deposit,1,0,0,0,0
C103661,Premium Credit Card,1,0,0,0,0
C103661,Travel Credit Card,1,1,1,1,0
C103662,Investment Plan (Mutual Fund SIP),1,0,0,0,0
C103662,Premium Banking Account,1,1,0,0,0
C103663,Fuel Credit Card,1,1,0,0,0
C103663,Personal Loan,1,1,1,0,0
C103663,Premium Banking Account,1,1,0,0,0
C103663,Home Loan,1,1,0,0,0
C103663,Fixed Deposit,1,1,0,0,0
C103664,Travel Credit Card,1,0,0,0,0
C103664,Cashback Credit Card,1,1,0,0,0
C103665,Travel Credit Card,1,1,0,0,0
C103665,Fuel Credit Card,1,1,0,0,0
C103666,Fixed Deposit,1,1,0,0,0
C103666,Cashback Credit Card,1,0,0,0,0
C103666,Fuel Credit Card,1,1,1,1,1
C103666,Investment Plan (Mutual Fund SIP),1,1,1,1,1
C103666,Travel Credit Card,1,0,0,0,0
C103667,Fuel Credit Card,1,0,0,0,0
C103668,Premium Credit Card,1,1,1,0,0
C103669,Premium Credit Card,1,1,1,0,0
C103669,Personal Loan,1,1,0,0,0
C103669,Fuel Credit Card,1,1,0,0,0
C103669,Cashback Credit Card,1,0,0,0,0
C103669,Premium Banking Account,1,0,0,0,0
C103671,Recurring Deposit,1,0,0,0,0
C103671,Travel Credit Card,1,1,1,1,0
C103671,Personal Loan,1,1,1,1,1
C103671,Fuel Credit Card,1,1,1,0,0
C103672,Investment Plan (Mutual Fund SIP),1,0,0,0,0
C103673,Fuel Credit Card,1,1,1,1,0
C103673,Home Loan,1,0,0,0,0
C103676,Recurring Deposit,1,1,0,0,0
C103678,Fuel Credit Card,1,0,0,0,0
C103678,Travel Credit Card,1,0,0,0,0
C103679,Recurring Deposit,1,1,0,0,0
C103679,Premium Credit Card,1,0,0,0,0
C103683,Personal Loan,1,1,0,0,0
C103683,Cashback Credit Card,1,1,1,1,1
C103683,Travel Credit Card,1,1,1,1,1
C103683,Recurring Deposit,1,0,0,0,0
C103686,Personal Loan,1,0,0,0,0
C103687,Fixed Deposit,1,0,0,0,0
C103687,Personal Loan,1,0,0,0,0
C103687,Premium Credit Card,1,0,0,0,0
C103687,Recurring Deposit,1,1,1,0,0
C103688,Premium Banking Account,1,1,0,0,0
C103690,Term Insurance,1,1,1,0,0
C103690,Investment Plan (Mutual Fund SIP),1,1,0,0,0
C103690,Travel Credit Card,1,1,1,1,1
C103690,Fixed Deposit,1,1,1,1,1
C103691,Fuel Credit Card,1,1,0,0,0
C103691,Recurring Deposit,1,1,0,0,0
C103691,Term Insurance,1,0,0,0,0
C103691,Personal Loan,1,0,0,0,0
C103691,Travel Credit Card,1,1,1,1,1
C103694,Cashback Credit Card,1,1,1,0,0
C103694,Term Insurance,1,0,0,0,0
C103694,Home Loan,1,1,0,0,0
C103695,Fuel Credit Card,1,0,0,0,0
C103695,Investment Plan (Mutual Fund SIP),1,1,0,0,0
C103696,Term Insurance,1,1,0,0,0
C103696,Recurring Deposit,1,1,0,0,0
C103696,Premium Credit Card,1,1,0,0,0
C103696,Cashback Credit Card,1,0,0,0,0
C103697,Travel Credit Card,1,0,0,0,0
C103697,Fixed Deposit,1,1,1,1,1
C103697,Personal Loan,1,0,0,0,0
C103697,Premium Banking Account,1,0,0,0,0
C103697,Premium Credit Card,1,1,0,0,0
C103698,Cashback Credit Card,1,1,1,1,1
C103698,Fuel Credit Card,1,1,0,0,0
C103698,Recurring Deposit,1,0,0,0,0
C103699,Fuel Credit Card,1,0,0,0,0
C103700,Premium Credit Card,1,1,0,0,0
C103700,Recurring Deposit,1,1,1,0,0
C103701,Travel Credit Card,1,1,0,0,0
C103701,Premium Credit Card,1,1,0,0,0
C103701,Premium Banking Account,1,1,0,0,0
C103702,Premium Banking Account,1,1,1,1,1
C103702,Personal Loan,1,0,0,0,0
C103702,Investment Plan (Mutual Fund SIP),1,0,0,0,0
C103703,Premium Banking Account,1,1,0,0,0
C103703,Fuel Credit Card,1,1,0,0,0
C103703,Cashback Credit Card,1,1,0,0,0
C103703,Home Loan,1,1,0,0,0
C103703,Premium Credit Card,1,0,0,0,0
C103705,Term Insurance,1,1,0,0,0
C103705,Home Loan,1,0,0,0,0
C103706,Recurring Deposit,1,1,0,0,0
C103707,Fuel Credit Card,1,0,0,0,0
C103707,Personal Loan,1,1,0,0,0
C103707,Recurring Deposit,1,0,0,0,0
C103707,Cashback Credit Card,1,1,1,1,1
C103708,Cashback Credit Card,1,1,0,0,0
C103709,Investment Plan (Mutual Fund SIP),1,1,1,1,0
C103709,Travel Credit Card,1,1,1,0,0
C103709,Recurring Deposit,1,0,0,0,0
C103710,Fixed Deposit,1,1,0,0,0
C103710,Premium Banking Account,1,0,0,0,0
C103710,Premium Credit Card,1,0,0,0,0
C103710,Travel Credit Card,1,0,0,0,0
C103711,Term Insurance,1,1,0,0,0
C103711,Investment Plan (Mutual Fund SIP),1,1,0,0,0
C103711,Cashback Credit Card,1,0,0,0,0
C103711,Home Loan,1,1,0,0,0
C103712,Premium Credit Card,1,1,1,0,0
C103712,Fixed Deposit,1,0,0,0,0
C103712,Term Insurance,1,0,0,0,0
C103712,Fuel Credit Card,1,1,0,0,0
C103713,Home Loan,1,0,0,0,0
C103714,Fuel Credit Card,1,0,0,0,0
C103714,Investment Plan (Mutual Fund SIP),1,1,1,0,0
C103714,Recurring Deposit,1,1,0,0,0
C103714,Term Insurance,1,1,1,1,0
C103714,Personal Loan,1,1,0,0,0
C103718,Personal Loan,1,0,0,0,0
C103719,Travel Credit Card,1,1,1,1,1
C103719,Premium Credit Card,1,0,0,0,0
C103720,Home Loan,1,0,0,0,0
C103720,Premium Banking Account,1,0,0,0,0
C103720,Recurring Deposit,1,1,0,0,0
C103720,Investment Plan (Mutual Fund SIP),1,0,0,0,0
C103720,Fuel Credit Card,1,0,0,0,0
C103721,Premium Credit Card,1,1,0,0,0
C103721,Cashback Credit Card,1,0,0,0,0
C103721,Fixed Deposit,1,1,0,0,0
C103722,Cashback Credit Card,1,0,0,0,0
C103722,Investment Plan (Mutual Fund SIP),1,0,0,0,0
C103722,Fuel Credit Card,1,0,0,0,0
C103723,Investment Plan (Mutual Fund SIP),1,1,0,0,0
C103725,Premium Credit Card,1,1,1,1,1
C103725,Personal Loan,1,1,1,1,1
C103725,Fixed Deposit,1,1,1,0,0
C103725,Travel Credit Card,1,0,0,0,0
C103725,Fuel Credit Card,1,0,0,0,0
C103727,Fixed Deposit,1,1,0,0,0
C103728,Home Loan,1,0,0,0,0
C103728,Fixed Deposit,1,1,1,1,1
C103729,Premium Credit Card,1,1,0,0,0
C103729,Personal Loan,1,0,0,0,0
C103729,Recurring Deposit,1,1,1,1,1
C103729,Home Loan,1,0,0,0,0
C103731,Premium Banking Account,1,0,0,0,0
C103731,Home Loan,1,0,0,0,0
C103731,Recurring Deposit,1,0,0,0,0
C103731,Fuel Credit Card,1,0,0,0,0
C103732,Fuel Credit Card,1,0,0,0,0
C103732,Personal Loan,1,0,0,0,0
C103732,Premium Credit Card,1,1,1,1,1
C103732,Travel Credit Card,1,0,0,0,0
C103734,Cashback Credit Card,1,0,0,0,0
C103734,Investment Plan (Mutual Fund SIP),1,1,1,1,1
C103735,Fixed Deposit,1,0,0,0,0
C103735,Investment Plan (Mutual Fund SIP),1,0,0,0,0
C103736,Premium Banking Account,1,1,1,1,1
C103736,Personal Loan,1,0,0,0,0
C103736,Fuel Credit Card,1,0,0,0,0
C103736,Recurring Deposit,1,1,0,0,0
C103736,Premium Credit Card,1,0,0,0,0
C103738,Recurring Deposit,1,1,0,0,0
C103739,Investment Plan (Mutual Fund SIP),1,0,0,0,0
C103739,Home Loan,1,0,0,0,0
C103739,Term Insurance,1,0,0,0,0
C103739,Cashback Credit Card,1,0,0,0,0
C103740,Travel Credit Card,1,0,0,0,0
C103740,Premium Credit Card,1,0,0,0,0
C103742,Fuel Credit Card,1,1,0,0,0
C103742,Investment Plan (Mutual Fund SIP),1,0,0,0,0
C103742,Term Insurance,1,1,0,0,0
C103743,Premium Credit Card,1,1,0,0,0
C103744,Recurring Deposit,1,0,0,0,0
C103744,Term Insurance,1,0,0,0,0
C103744,Premium Banking Account,1,0,0,0,0
C103745,Home Loan,1,0,0,0,0
C103746,Investment Plan (Mutual Fund SIP),1,0,0,0,0
C103746,Fixed Deposit,1,1,1,1,0
C103746,Home Loan,1,1,0,0,0
C103748,Home Loan,1,0,0,0,0
C103748,Fixed Deposit,1,0,0,0,0
C103748,Fuel Credit Card,1,1,0,0,0
C103748,Investment Plan (Mutual Fund SIP),1,1,0,0,0
C103748,Travel Credit Card,1,0,0,0,0
C103749,Cashback Credit Card,1,1,1,0,0
C103749,Premium Banking Account,1,0,0,0,0
C103750,Home Loan,1,0,0,0,0
C103750,Recurring Deposit,1,1,0,0,0
C103752,Investment Plan (Mutual Fund SIP),1,1,0,0,0
C103752,Premium Banking Account,1,1,1,1,1
C103753,Cashback Credit Card,1,1,0,0,0
C103753,Personal Loan,1,0,0,0,0
C103753,Investment Plan (Mutual Fund SIP),1,1,0,0,0
C103754,Term Insurance,1,1,0,0,0
C103755,Fuel Credit Card,1,0,0,0,0
C103755,Investment Plan (Mutual Fund SIP),1,1,1,1,1
C103755,Fixed Deposit,1,1,0,0,0
C103756,Premium Credit Card,1,0,0,0,0
C103756,Home Loan,1,1,1,0,0
C103756,Travel Credit Card,1,1,0,0,0
C103757,Premium Banking Account,1,0,0,0,0
C103757,Personal Loan,1,1,0,0,0
C103758,Term Insurance,1,1,0,0,0
C103758,Personal Loan,1,1,1,1,1
C103759,Travel Credit Card,1,1,1,1,1
C103759,Personal Loan,1,0,0,0,0
C103759,Investment Plan (Mutual Fund SIP),1,0,0,0,0
C103760,Premium Banking Account,1,0,0,0,0
C103760,Term Insurance,1,1,1,1,1
C103760,Fixed Deposit,1,1,1,0,0
C103760,Investment Plan (Mutual Fund SIP),1,1,1,1,1
C103760,Fuel Credit Card,1,0,0,0,0
C103761,Premium Banking Account,1,0,0,0,0
C103761,Term Insurance,1,1,0,0,0
C103761,Investment Plan (Mutual Fund SIP),1,0,0,0,0
C103762,Premium Banking Account,1,1,0,0,0
C103762,Travel Credit Card,1,0,0,0,0
C103762,Home Loan,1,0,0,0,0
C103762,Investment Plan (Mutual Fund SIP),1,1,1,0,0
C103763,Recurring Deposit,1,1,1,1,0
C103763,Term Insurance,1,0,0,0,0
C103763,Fixed Deposit,1,0,0,0,0
C103764,Premium Credit Card,1,0,0,0,0
C103765,Investment Plan (Mutual Fund SIP),1,1,1,0,0
C103765,Fixed Deposit,1,0,0,0,0
C103765,Recurring Deposit,1,1,0,0,0
C103768,Fixed Deposit,1,1,0,0,0
C103768,Fuel Credit Card,1,1,0,0,0
C103768,Recurring Deposit,1,1,1,1,1
C103768,Investment Plan (Mutual Fund SIP),1,0,0,0,0
C103769,Investment Plan (Mutual Fund SIP),1,1,1,0,0
C103770,Term Insurance,1,1,0,0,0
C103770,Recurring Deposit,1,0,0,0,0
C103770,Premium Credit Card,1,0,0,0,0
C103772,Cashback Credit Card,1,1,0,0,0
C103772,Personal Loan,1,0,0,0,0
C103772,Travel Credit Card,1,1,0,0,0
C103772,Premium Credit Card,1,0,0,0,0
C103772,Investment Plan (Mutual Fund SIP),1,1,1,1,1
C103773,Home Loan,1,0,0,0,0
C103774,Personal Loan,1,1,0,0,0
C103774,Fuel Credit Card,1,1,1,1,0
C103774,Travel Credit Card,1,1,1,1,1
C103774,Term Insurance,1,0,0,0,0
C103776,Travel Credit Card,1,1,0,0,0
C103776,Fixed Deposit,1,0,0,0,0
C103778,Term Insurance,1,1,1,1,1
C103778,Cashback Credit Card,1,1,0,0,0
C103778,Premium Credit Card,1,0,0,0,0
C103778,Travel Credit Card,1,1,0,0,0
C103778,Investment Plan (Mutual Fund SIP),1,1,0,0,0
C103779,Recurring Deposit,1,0,0,0,0
C103780,Premium Banking Account,1,1,0,0,0
C103780,Premium Credit Card,1,1,1,1,1
C103780,Term Insurance,1,0,0,0,0
C103781,Investment Plan (Mutual Fund SIP),1,0,0,0,0
C103781,Cashback Credit Card,1,1,1,0,0
C103781,Personal Loan,1,1,0,0,0
C103782,Premium Banking Account,1,1,0,0,0
C103784,Home Loan,1,0,0,0,0
C103785,Cashback Credit Card,1,1,0,0,0
C103785,Travel Credit Card,1,1,1,1,0
C103785,Fixed Deposit,1,0,0,0,0
C103785,Premium Banking Account,1,0,0,0,0
C103786,Term Insurance,1,1,0,0,0
C103786,Investment Plan (Mutual Fund SIP),1,1,0,0,0
C103787,Cashback Credit Card,1,1,0,0,0
C103787,Premium Credit Card,1,0,0,0,0
C103787,Investment Plan (Mutual Fund SIP),1,0,0,0,0
C103788,Travel Credit Card,1,1,0,0,0
C103788,Investment Plan (Mutual Fund SIP),1,1,1,0,0
C103788,Fixed Deposit,1,1,0,0,0
C103788,Personal Loan,1,1,1,1,1
C103788,Fuel Credit Card,1,1,0,0,0
C103789,Term Insurance,1,1,1,1,1
C103790,Premium Banking Account,1,1,0,0,0
C103790,Cashback Credit Card,1,1,1,0,0
C103790,Premium Credit Card,1,1,1,1,0
C103790,Home Loan,1,0,0,0,0
C103790,Investment Plan (Mutual Fund SIP),1,1,0,0,0
C103791,Recurring Deposit,1,1,1,1,1
C103792,Term Insurance,1,0,0,0,0
C103792,Premium Banking Account,1,0,0,0,0
C103793,Travel Credit Card,1,0,0,0,0
C103793,Personal Loan,1,1,0,0,0
C103793,Fuel Credit Card,1,0,0,0,0
C103793,Cashback Credit Card,1,1,0,0,0
C103794,Personal Loan,1,0,0,0,0
C103795,Home Loan,1,1,1,1,0
C103795,Fuel Credit Card,1,0,0,0,0
C103796,Investment Plan (Mutual Fund SIP),1,0,0,0,0
C103798,Home Loan,1,1,1,0,0
C103798,Fixed Deposit,1,0,0,0,0
C103800,Fuel Credit Card,1,0,0,0,0
C103800,Term Insurance,1,0,0,0,0
C103801,Recurring Deposit,1,0,0,0,0
C103801,Term Insurance,1,1,0,0,0
C103801,Personal Loan,1,0,0,0,0
C103801,Premium Credit Card,1,0,0,0,0
C103802,Investment Plan (Mutual Fund SIP),1,0,0,0,0
C103802,Premium Banking Account,1,1,0,0,0
C103802,Cashback Credit Card,1,1,1,1,1
C103802,Personal Loan,1,1,1,0,0
C103804,Investment Plan (Mutual Fund SIP),1,1,1,1,1
C103804,Personal Loan,1,1,0,0,0
C103804,Term Insurance,1,1,0,0,0
C103804,Recurring Deposit,1,1,0,0,0
C103804,Home Loan,1,1,1,1,0
C103805,Investment Plan (Mutual Fund SIP),1,1,0,0,0
C103805,Premium Banking Account,1,1,0,0,0
C103806,Fuel Credit Card,1,1,0,0,0
C103808,Personal Loan,1,1,1,1,1
C103808,Travel Credit Card,1,0,0,0,0
C103810,Fixed Deposit,1,1,0,0,0
C103810,Personal Loan,1,0,0,0,0
C103810,Premium Banking Account,1,0,0,0,0
C103811,Premium Banking Account,1,0,0,0,0
C103812,Premium Credit Card,1,1,1,1,0
C103812,Home Loan,1,1,0,0,0
C103812,Fixed Deposit,1,1,0,0,0
C103813,Fuel Credit Card,1,0,0,0,0
C103813,Fixed Deposit,1,1,0,0,0
C103813,Cashback Credit Card,1,1,1,0,0
C103813,Premium Credit Card,1,1,0,0,0
C103814,Fuel Credit Card,1,0,0,0,0
C103815,Investment Plan (Mutual Fund SIP),1,0,0,0,0
C103815,Recurring Deposit,1,0,0,0,0
C103815,Home Loan,1,1,1,0,0
C103815,Premium Credit Card,1,0,0,0,0
C103815,Cashback Credit Card,1,0,0,0,0
C103816,Term Insurance,1,1,1,0,0
C103816,Premium Banking Account,1,1,1,1,1
C103816,Personal Loan,1,0,0,0,0
C103816,Fuel Credit Card,1,1,0,0,0
C103816,Home Loan,1,0,0,0,0
C103817,Premium Credit Card,1,1,0,0,0
C103817,Investment Plan (Mutual Fund SIP),1,0,0,0,0
C103818,Personal Loan,1,0,0,0,0
C103818,Fuel Credit Card,1,0,0,0,0
C103818,Travel Credit Card,1,1,0,0,0
C103818,Fixed Deposit,1,1,0,0,0
C103818,Investment Plan (Mutual Fund SIP),1,0,0,0,0
C103819,Fixed Deposit,1,1,0,0,0
C103819,Premium Banking Account,1,1,0,0,0
C103819,Term Insurance,1,0,0,0,0
C103819,Home Loan,1,0,0,0,0
C103819,Cashback Credit Card,1,1,0,0,0
C103820,Premium Credit Card,1,1,1,1,1
C103820,Recurring Deposit,1,1,0,0,0
C103820,Fuel Credit Card,1,0,0,0,0
C103820,Premium Banking Account,1,1,0,0,0
C103821,Fixed Deposit,1,1,1,1,0
C103822,Cashback Credit Card,1,1,0,0,0
C103822,Fixed Deposit,1,1,0,0,0
C103823,Travel Credit Card,1,1,1,1,0
C103824,Cashback Credit Card,1,1,0,0,0
C103824,Investment Plan (Mutual Fund SIP),1,1,0,0,0
C103825,Recurring Deposit,1,0,0,0,0
C103825,Premium Banking Account,1,1,1,0,0
C103825,Premium Credit Card,1,1,1,1,1
C103825,Investment Plan (Mutual Fund SIP),1,0,0,0,0
C103825,Fuel Credit Card,1,0,0,0,0
C103826,Home Loan,1,1,1,1,1
C103826,Personal Loan,1,1,1,1,1
C103826,Premium Credit Card,1,0,0,0,0
C103826,Fixed Deposit,1,1,1,1,0
C103826,Cashback Credit Card,1,1,1,1,1
C103827,Fuel Credit Card,1,0,0,0,0
C103827,Investment Plan (Mutual Fund SIP),1,0,0,0,0
C103828,Recurring Deposit,1,1,0,0,0
C103828,Fixed Deposit,1,0,0,0,0
C103829,Premium Credit Card,1,1,1,1,1
C103829,Fixed Deposit,1,1,0,0,0
C103830,Investment Plan (Mutual Fund SIP),1,1,0,0,0
C103830,Personal Loan,1,1,0,0,0
C103830,Premium Banking Account,1,1,1,1,1
C103831,Cashback Credit Card,1,1,0,0,0
C103831,Term Insurance,1,1,0,0,0
C103831,Fixed Deposit,1,0,0,0,0
C103831,Recurring Deposit,1,1,1,1,1
C103832,Home Loan,1,1,1,1,0
C103832,Personal Loan,1,0,0,0,0
C103832,Investment Plan (Mutual Fund SIP),1,1,0,0,0
C103832,Fixed Deposit,1,0,0,0,0
C103833,Recurring Deposit,1,1,0,0,0
C103833,Cashback Credit Card,1,1,0,0,0
C103834,Home Loan,1,0,0,0,0
C103834,Investment Plan (Mutual Fund SIP),1,1,0,0,0
C103834,Premium Banking Account,1,0,0,0,0
C103835,Premium Banking Account,1,1,0,0,0
C103835,Premium Credit Card,1,0,0,0,0
C103835,Fixed Deposit,1,1,1,1,1
C103836,Cashback Credit Card,1,1,0,0,0
C103836,Fixed Deposit,1,1,1,0,0
C103836,Investment Plan (Mutual Fund SIP),1,0,0,0,0
C103836,Premium Credit Card,1,0,0,0,0
C103837,Premium Credit Card,1,0,0,0,0
C103837,Travel Credit Card,1,0,0,0,0
C103837,Fuel Credit Card,1,1,0,0,0
C103837,Cashback Credit Card,1,1,1,1,0
C103838,Recurring Deposit,1,0,0,0,0
C103838,Cashback Credit Card,1,0,0,0,0
C103839,Term Insurance,1,0,0,0,0
C103840,Home Loan,1,0,0,0,0
C103840,Investment Plan (Mutual Fund SIP),1,1,0,0,0
C103840,Personal Loan,1,1,1,1,0
C103840,Cashback Credit Card,1,0,0,0,0
C103840,Premium Credit Card,1,1,0,0,0
C103841,Premium Banking Account,1,0,0,0,0
C103842,Fixed Deposit,1,0,0,0,0
C103842,Recurring Deposit,1,1,0,0,0
C103842,Term Insurance,1,1,0,0,0
C103842,Investment Plan (Mutual Fund SIP),1,0,0,0,0
C103842,Premium Credit Card,1,0,0,0,0
C103843,Cashback Credit Card,1,1,0,0,0
C103844,Fuel Credit Card,1,1,0,0,0
C103844,Travel Credit Card,1,1,0,0,0
C103847,Premium Credit Card,1,1,1,1,1
C103848,Premium Banking Account,1,0,0,0,0
C103848,Premium Credit Card,1,1,1,0,0
C103848,Fixed Deposit,1,1,0,0,0
C103848,Fuel Credit Card,1,0,0,0,0
C103849,Cashback Credit Card,1,1,0,0,0
C103850,Travel Credit Card,1,0,0,0,0
C103850,Home Loan,1,0,0,0,0
C103850,Recurring Deposit,1,1,0,0,0
C103852,Travel Credit Card,1,1,1,1,1
C103853,Fixed Deposit,1,1,1,1,1
C103853,Recurring Deposit,1,1,0,0,0
C103853,Premium Banking Account,1,1,1,1,1
C103853,Premium Credit Card,1,1,0,0,0
C103854,Personal Loan,1,0,0,0,0
C103854,Cashback Credit Card,1,1,0,0,0
C103854,Premium Credit Card,1,1,1,1,0
C103854,Fixed Deposit,1,1,1,1,0
C103854,Home Loan,1,0,0,0,0
C103855,Investment Plan (Mutual Fund SIP),1,0,0,0,0
C103855,Premium Banking Account,1,0,0,0,0
C103855,Term Insurance,1,1,0,0,0
C103855,Recurring Deposit,1,0,0,0,0
C103855,Home Loan,1,0,0,0,0
C103856,Premium Credit Card,1,1,1,1,1
C103856,Recurring Deposit,1,1,0,0,0
C103856,Term Insurance,1,1,0,0,0
C103856,Travel Credit Card,1,0,0,0,0
C103857,Personal Loan,1,1,0,0,0
C103858,Home Loan,1,0,0,0,0
C103858,Fuel Credit Card,1,1,1,1,1
C103858,Travel Credit Card,1,0,0,0,0
C103858,Premium Banking Account,1,1,1,1,1
C103859,Home Loan,1,0,0,0,0
C103859,Term Insurance,1,0,0,0,0
C103859,Premium Credit Card,1,1,1,0,0
C103860,Home Loan,1,0,0,0,0
C103860,Recurring Deposit,1,0,0,0,0
C103860,Fixed Deposit,1,0,0,0,0
C103860,Cashback Credit Card,1,0,0,0,0
C103860,Fuel Credit Card,1,0,0,0,0
C103861,Investment Plan (Mutual Fund SIP),1,0,0,0,0
C103861,Travel Credit Card,1,1,0,0,0
C103863,Fixed Deposit,1,1,0,0,0
C103863,Term Insurance,1,1,1,1,1
C103863,Travel Credit Card,1,0,0,0,0
C103865,Cashback Credit Card,1,0,0,0,0
C103865,Fixed Deposit,1,0,0,0,0
C103865,Home Loan,1,1,0,0,0
C103866,Term Insurance,1,1,0,0,0
C103866,Investment Plan (Mutual Fund SIP),1,0,0,0,0
C103866,Fuel Credit Card,1,0,0,0,0
C103866,Premium Credit Card,1,1,1,1,1
C103866,Premium Banking Account,1,1,0,0,0
C103867,Fuel Credit Card,1,0,0,0,0
C103867,Premium Banking Account,1,1,0,0,0
C103867,Fixed Deposit,1,1,1,1,1
C103867,Home Loan,1,1,0,0,0
C103867,Recurring Deposit,1,1,0,0,0
C103868,Travel Credit Card,1,1,1,1,1
C103868,Cashback Credit Card,1,0,0,0,0
C103868,Fuel Credit Card,1,0,0,0,0
C103869,Fuel Credit Card,1,1,0,0,0
C103870,Premium Credit Card,1,1,0,0,0
C103870,Investment Plan (Mutual Fund SIP),1,1,0,0,0
C103870,Cashback Credit Card,1,1,1,1,0
C103870,Personal Loan,1,0,0,0,0
C103870,Home Loan,1,0,0,0,0
C103872,Personal Loan,1,1,1,1,1
C103873,Recurring Deposit,1,1,0,0,0
C103873,Cashback Credit Card,1,0,0,0,0
C103873,Home Loan,1,1,0,0,0
C103873,Personal Loan,1,0,0,0,0
C103875,Travel Credit Card,1,1,0,0,0
C103876,Term Insurance,1,0,0,0,0
C103876,Cashback Credit Card,1,0,0,0,0
C103876,Personal Loan,1,1,0,0,0
C103877,Recurring Deposit,1,1,0,0,0
C103878,Fixed Deposit,1,1,0,0,0
C103878,Cashback Credit Card,1,1,1,0,0
C103878,Premium Credit Card,1,0,0,0,0
C103878,Home Loan,1,0,0,0,0
C103878,Personal Loan,1,1,1,0,0
C103879,Cashback Credit Card,1,0,0,0,0
C103879,Fuel Credit Card,1,1,0,0,0
C103879,Fixed Deposit,1,1,1,1,1
C103880,Recurring Deposit,1,1,0,0,0
C103880,Fuel Credit Card,1,1,1,0,0
C103880,Personal Loan,1,1,0,0,0
C103880,Investment Plan (Mutual Fund SIP),1,1,1,0,0
C103881,Premium Banking Account,1,0,0,0,0
C103881,Premium Credit Card,1,0,0,0,0
C103881,Cashback Credit Card,1,0,0,0,0
C103881,Recurring Deposit,1,1,1,0,0
C103882,Recurring Deposit,1,0,0,0,0
C103882,Term Insurance,1,1,0,0,0
C103885,Fixed Deposit,1,1,0,0,0
C103885,Cashback Credit Card,1,0,0,0,0
C103885,Investment Plan (Mutual Fund SIP),1,0,0,0,0
C103885,Term Insurance,1,0,0,0,0
C103885,Travel Credit Card,1,0,0,0,0
C103887,Premium Credit Card,1,1,0,0,0
C103887,Term Insurance,1,0,0,0,0
C103889,Investment Plan (Mutual Fund SIP),1,0,0,0,0
C103889,Fuel Credit Card,1,1,1,0,0
C103889,Premium Banking Account,1,1,0,0,0
C103890,Premium Credit Card,1,1,1,0,0
C103890,Premium Banking Account,1,1,1,1,0
C103890,Travel Credit Card,1,1,1,0,0
C103890,Cashback Credit Card,1,0,0,0,0
C103891,Investment Plan (Mutual Fund SIP),1,1,1,0,0
C103891,Term Insurance,1,1,1,1,1
C103891,Premium Credit Card,1,0,0,0,0
C103891,Fixed Deposit,1,1,0,0,0
C103891,Cashback Credit Card,1,1,0,0,0
C103892,Home Loan,1,0,0,0,0
C103892,Investment Plan (Mutual Fund SIP),1,1,0,0,0
C103892,Recurring Deposit,1,0,0,0,0
C103892,Premium Banking Account,1,1,1,1,1
C103892,Fuel Credit Card,1,1,0,0,0
C103893,Recurring Deposit,1,0,0,0,0
C103893,Travel Credit Card,1,1,0,0,0
C103893,Fuel Credit Card,1,0,0,0,0
C103893,Cashback Credit Card,1,1,1,1,1
C103893,Term Insurance,1,0,0,0,0
C103894,Travel Credit Card,1,0,0,0,0
C103894,Home Loan,1,1,0,0,0
C103894,Personal Loan,1,1,0,0,0
C103894,Fixed Deposit,1,1,0,0,0
C103895,Investment Plan (Mutual Fund SIP),1,0,0,0,0
C103895,Personal Loan,1,0,0,0,0
C103895,Premium Banking Account,1,0,0,0,0
C103895,Cashback Credit Card,1,0,0,0,0
C103896,Premium Banking Account,1,0,0,0,0
C103897,Investment Plan (Mutual Fund SIP),1,1,0,0,0
C103897,Personal Loan,1,0,0,0,0
C103899,Fixed Deposit,1,1,1,1,0
C103899,Investment Plan (Mutual Fund SIP),1,1,0,0,0
C103899,Premium Credit Card,1,0,0,0,0
C103900,Recurring Deposit,1,1,0,0,0
C103900,Investment Plan (Mutual Fund SIP),1,1,1,1,1
C103900,Premium Credit Card,1,0,0,0,0
C103900,Fixed Deposit,1,1,1,1,1
C103900,Travel Credit Card,1,1,1,0,0
C103901,Personal Loan,1,1,1,1,1
C103901,Travel Credit Card,1,1,0,0,0
C103901,Home Loan,1,0,0,0,0
C103901,Investment Plan (Mutual Fund SIP),1,1,0,0,0
C103902,Fuel Credit Card,1,0,0,0,0
C103902,Recurring Deposit,1,1,1,0,0
C103902,Premium Banking Account,1,0,0,0,0
C103902,Premium Credit Card,1,0,0,0,0
C103902,Personal Loan,1,1,1,1,1
C103903,Term Insurance,1,1,0,0,0
C103903,Recurring Deposit,1,0,0,0,0
C103903,Fixed Deposit,1,0,0,0,0
C103903,Travel Credit Card,1,0,0,0,0
C103903,Fuel Credit Card,1,1,1,1,1
C103904,Cashback Credit Card,1,1,0,0,0
C103904,Fuel Credit Card,1,0,0,0,0
C103904,Term Insurance,1,1,0,0,0
C103904,Premium Credit Card,1,1,0,0,0
C103905,Investment Plan (Mutual Fund SIP),1,1,0,0,0
C103906,Fixed Deposit,1,1,0,0,0
C103906,Premium Credit Card,1,1,0,0,0
C103906,Cashback Credit Card,1,1,1,0,0
C103907,Investment Plan (Mutual Fund SIP),1,1,0,0,0
C103908,Fixed Deposit,1,1,0,0,0
C103909,Term Insurance,1,1,0,0,0
C103909,Fuel Credit Card,1,1,0,0,0
C103909,Personal Loan,1,1,0,0,0
C103909,Recurring Deposit,1,0,0,0,0
C103910,Personal Loan,1,1,1,1,1
C103910,Recurring Deposit,1,0,0,0,0
C103911,Premium Banking Account,1,1,0,0,0
C103911,Home Loan,1,1,0,0,0
C103911,Fuel Credit Card,1,1,1,1,1
C103911,Recurring Deposit,1,1,1,1,1
C103913,Travel Credit Card,1,1,1,1,1
C103913,Fuel Credit Card,1,1,1,1,1
C103913,Cashback Credit Card,1,0,0,0,0
C103914,Cashback Credit Card,1,1,0,0,0
C103914,Premium Banking Account,1,1,0,0,0
C103914,Travel Credit Card,1,1,0,0,0
C103914,Investment Plan (Mutual Fund SIP),1,1,0,0,0
C103914,Home Loan,1,0,0,0,0
C103915,Premium Banking Account,1,0,0,0,0
C103915,Term Insurance,1,0,0,0,0
C103916,Travel Credit Card,1,1,0,0,0
C103916,Premium Credit Card,1,0,0,0,0
C103916,Term Insurance,1,1,0,0,0
C103916,Fixed Deposit,1,1,0,0,0
C103917,Cashback Credit Card,1,1,0,0,0
C103918,Investment Plan (Mutual Fund SIP),1,1,0,0,0
C103918,Fixed Deposit,1,0,0,0,0
C103918,Fuel Credit Card,1,0,0,0,0
C103918,Premium Credit Card,1,0,0,0,0
C103918,Travel Credit Card,1,0,0,0,0
C103919,Cashback Credit Card,1,1,0,0,0
C103919,Travel Credit Card,1,1,1,1,1
C103919,Investment Plan (Mutual Fund SIP),1,1,0,0,0
C103919,Premium Banking Account,1,0,0,0,0
C103919,Home Loan,1,0,0,0,0
C103920,Term Insurance,1,1,0,0,0
C103921,Cashback Credit Card,1,0,0,0,0
C103921,Investment Plan (Mutual Fund SIP),1,0,0,0,0
C103922,Cashback Credit Card,1,1,0,0,0
C103922,Personal Loan,1,0,0,0,0
C103922,Travel Credit Card,1,1,1,0,0
C103922,Fixed Deposit,1,1,1,1,1
C103923,Home Loan,1,1,1,1,0
C103924,Fuel Credit Card,1,0,0,0,0
C103924,Cashback Credit Card,1,0,0,0,0
C103924,Home Loan,1,1,1,1,1
C103925,Premium Banking Account,1,0,0,0,0
C103926,Cashback Credit Card,1,0,0,0,0
C103926,Term Insurance,1,1,0,0,0
C103926,Fuel Credit Card,1,0,0,0,0
C103926,Home Loan,1,1,0,0,0
C103926,Fixed Deposit,1,1,1,0,0
C103927,Term Insurance,1,1,0,0,0
C103929,Fixed Deposit,1,0,0,0,0
C103929,Premium Banking Account,1,1,0,0,0
C103929,Personal Loan,1,1,0,0,0
C103930,Cashback Credit Card,1,1,1,1,1
C103930,Fixed Deposit,1,1,0,0,0
C103930,Term Insurance,1,0,0,0,0
C103930,Recurring Deposit,1,1,0,0,0
C103931,Fixed Deposit,1,0,0,0,0
C103931,Home Loan,1,1,1,1,1
C103932,Travel Credit Card,1,1,0,0,0
C103932,Home Loan,1,1,1,1,0
C103932,Fixed Deposit,1,1,0,0,0
C103933,Travel Credit Card,1,1,0,0,0
C103933,Cashback Credit Card,1,1,0,0,0
C103933,Investment Plan (Mutual Fund SIP),1,0,0,0,0
C103934,Cashback Credit Card,1,0,0,0,0
C103934,Recurring Deposit,1,1,0,0,0
C103935,Term Insurance,1,0,0,0,0
C103935,Travel Credit Card,1,0,0,0,0
C103935,Premium Credit Card,1,1,0,0,0
C103935,Home Loan,1,1,1,1,1
C103935,Premium Banking Account,1,1,0,0,0
C103936,Fixed Deposit,1,1,1,1,1
C103936,Premium Banking Account,1,1,0,0,0
C103937,Fuel Credit Card,1,0,0,0,0
C103937,Recurring Deposit,1,0,0,0,0
C103937,Term Insurance,1,1,0,0,0
C103937,Cashback Credit Card,1,0,0,0,0
C103939,Term Insurance,1,0,0,0,0
C103939,Fixed Deposit,1,1,1,1,1
C103939,Recurring Deposit,1,0,0,0,0
C103939,Home Loan,1,1,1,0,0
C103941,Cashback Credit Card,1,0,0,0,0
C103941,Premium Credit Card,1,1,1,1,1
C103941,Home Loan,1,1,0,0,0
C103941,Fixed Deposit,1,1,0,0,0
C103942,Premium Credit Card,1,0,0,0,0
C103942,Fixed Deposit,1,0,0,0,0
C103942,Premium Banking Account,1,0,0,0,0
C103943,Fuel Credit Card,1,1,1,1,1
C103943,Premium Banking Account,1,0,0,0,0
C103945,Fixed Deposit,1,1,1,1,1
C103945,Recurring Deposit,1,1,0,0,0
C103945,Term Insurance,1,0,0,0,0
C103946,Term Insurance,1,1,0,0,0
C103946,Premium Banking Account,1,0,0,0,0
C103946,Fixed Deposit,1,0,0,0,0
C103947,Personal Loan,1,1,0,0,0
C103948,Fuel Credit Card,1,1,1,1,1
C103948,Term Insurance,1,1,1,1,1
C103948,Home Loan,1,1,0,0,0
C103949,Premium Credit Card,1,1,0,0,0
C103949,Fixed Deposit,1,1,1,1,1
C103949,Premium Banking Account,1,1,1,1,1
C103949,Term Insurance,1,1,1,1,1
C103950,Home Loan,1,0,0,0,0
C103950,Premium Credit Card,1,1,0,0,0
C103950,Fixed Deposit,1,1,0,0,0
C103950,Investment Plan (Mutual Fund SIP),1,0,0,0,0
C103951,Recurring Deposit,1,1,1,1,0
C103951,Premium Credit Card,1,0,0,0,0
C103951,Travel Credit Card,1,0,0,0,0
C103951,Term Insurance,1,1,0,0,0
C103951,Personal Loan,1,1,0,0,0
C103952,Travel Credit Card,1,0,0,0,0
C103952,Fixed Deposit,1,1,0,0,0
C103952,Home Loan,1,1,0,0,0
C103952,Premium Credit Card,1,1,0,0,0
C103952,Investment Plan (Mutual Fund SIP),1,1,1,0,0
C103954,Investment Plan (Mutual Fund SIP),1,1,0,0,0
C103954,Recurring Deposit,1,1,0,0,0
C103954,Premium Banking Account,1,1,0,0,0
C103954,Personal Loan,1,0,0,0,0
C103957,Fixed Deposit,1,0,0,0,0
C103957,Personal Loan,1,0,0,0,0
C103957,Fuel Credit Card,1,0,0,0,0
C103957,Recurring Deposit,1,1,0,0,0
C103957,Investment Plan (Mutual Fund SIP),1,0,0,0,0
C103958,Premium Banking Account,1,0,0,0,0
C103959,Term Insurance,1,0,0,0,0
C103959,Personal Loan,1,1,0,0,0
C103961,Premium Credit Card,1,0,0,0,0
C103961,Home Loan,1,0,0,0,0
C103961,Travel Credit Card,1,0,0,0,0
C103961,Investment Plan (Mutual Fund SIP),1,1,0,0,0
C103963,Travel Credit Card,1,1,0,0,0
C103964,Recurring Deposit,1,0,0,0,0
C103965,Cashback Credit Card,1,0,0,0,0
C103965,Fixed Deposit,1,1,0,0,0
C103965,Personal Loan,1,1,0,0,0
C103965,Premium Credit Card,1,1,1,1,1
C103966,Travel Credit Card,1,0,0,0,0
C103967,Travel Credit Card,1,1,1,1,1
C103967,Investment Plan (Mutual Fund SIP),1,1,0,0,0
C103967,Fuel Credit Card,1,0,0,0,0
C103968,Premium Credit Card,1,1,0,0,0
C103968,Recurring Deposit,1,1,0,0,0
C103968,Fuel Credit Card,1,1,0,0,0
C103968,Term Insurance,1,1,0,0,0
C103969,Investment Plan (Mutual Fund SIP),1,0,0,0,0
C103969,Cashback Credit Card,1,1,1,1,0
C103972,Travel Credit Card,1,0,0,0,0
C103972,Premium Credit Card,1,0,0,0,0
C103972,Investment Plan (Mutual Fund SIP),1,1,0,0,0
C103972,Fuel Credit Card,1,1,0,0,0
C103974,Premium Credit Card,1,1,1,1,0
C103974,Premium Banking Account,1,0,0,0,0
C103974,Fixed Deposit,1,0,0,0,0
C103974,Recurring Deposit,1,1,1,1,0
C103974,Travel Credit Card,1,1,0,0,0
C103975,Home Loan,1,1,1,1,1
C103976,Fixed Deposit,1,0,0,0,0
C103976,Home Loan,1,1,0,0,0
C103976,Investment Plan (Mutual Fund SIP),1,0,0,0,0
C103976,Premium Banking Account,1,1,0,0,0
C103977,Personal Loan,1,1,1,1,1
C103977,Fuel Credit Card,1,1,0,0,0
C103979,Premium Credit Card,1,0,0,0,0
C103980,Premium Credit Card,1,0,0,0,0
C103980,Fixed Deposit,1,1,1,1,0
C103980,Premium Banking Account,1,1,1,1,1
C103981,Fuel Credit Card,1,0,0,0,0
C103982,Premium Banking Account,1,1,0,0,0
C103982,Home Loan,1,1,0,0,0
C103982,Cashback Credit Card,1,1,1,1,1
C103982,Fixed Deposit,1,0,0,0,0
C103982,Personal Loan,1,0,0,0,0
C103983,Home Loan,1,1,0,0,0
C103986,Personal Loan,1,1,0,0,0
C103986,Investment Plan (Mutual Fund SIP),1,1,0,0,0
C103987,Personal Loan,1,1,0,0,0
C103987,Cashback Credit Card,1,1,1,1,1
C103987,Term Insurance,1,1,0,0,0
C103987,Travel Credit Card,1,1,0,0,0
C103988,Fixed Deposit,1,1,0,0,0
C103989,Recurring Deposit,1,1,1,1,1
C103989,Cashback Credit Card,1,1,0,0,0
C103989,Premium Credit Card,1,1,1,1,1
C103990,Home Loan,1,0,0,0,0
C103990,Investment Plan (Mutual Fund SIP),1,1,0,0,0
C103991,Premium Credit Card,1,1,0,0,0
C103991,Investment Plan (Mutual Fund SIP),1,1,0,0,0
C103991,Personal Loan,1,0,0,0,0
C103991,Fuel Credit Card,1,0,0,0,0
C103992,Travel Credit Card,1,0,0,0,0
C103994,Investment Plan (Mutual Fund SIP),1,1,0,0,0
C103995,Recurring Deposit,1,1,1,0,0
C103995,Fuel Credit Card,1,1,0,0,0
C103995,Cashback Credit Card,1,1,0,0,0
C103995,Premium Credit Card,1,1,0,0,0
C103996,Cashback Credit Card,1,0,0,0,0
C103996,Premium Banking Account,1,0,0,0,0
C103996,Fuel Credit Card,1,0,0,0,0
C103998,Premium Credit Card,1,0,0,0,0
C103998,Recurring Deposit,1,1,0,0,0
C103998,Investment Plan (Mutual Fund SIP),1,1,0,0,0
C103999,Premium Credit Card,1,0,0,0,0
C103999,Cashback Credit Card,1,1,1,1,0
C103999,Term Insurance,1,0,0,0,0
C103999,Personal Loan,1,0,0,0,0
C104000,Cashback Credit Card,1,1,0,0,0
C104000,Travel Credit Card,1,1,1,1,1
C104001,Fixed Deposit,1,1,0,0,0
C104001,Term Insurance,1,1,0,0,0
C104001,Home Loan,1,0,0,0,0
C104001,Cashback Credit Card,1,0,0,0,0
C104001,Investment Plan (Mutual Fund SIP),1,1,0,0,0
C104002,Cashback Credit Card,1,1,0,0,0
C104002,Home Loan,1,1,0,0,0
C104002,Travel Credit Card,1,0,0,0,0
C104002,Fixed Deposit,1,0,0,0,0
C104003,Personal Loan,1,0,0,0,0
C104005,Personal Loan,1,1,0,0,0
C104005,Fuel Credit Card,1,0,0,0,0
C104005,Term Insurance,1,0,0,0,0
C104006,Cashback Credit Card,1,0,0,0,0
C104006,Fixed Deposit,1,1,0,0,0
C104006,Premium Banking Account,1,0,0,0,0
C104007,Personal Loan,1,1,0,0,0
C104008,Cashback Credit Card,1,0,0,0,0
C104008,Premium Credit Card,1,1,1,1,1
C104008,Personal Loan,1,0,0,0,0
C104008,Investment Plan (Mutual Fund SIP),1,1,0,0,0
C104008,Home Loan,1,0,0,0,0
C104010,Investment Plan (Mutual Fund SIP),1,1,0,0,0
C104010,Term Insurance,1,0,0,0,0
C104010,Fixed Deposit,1,0,0,0,0
C104010,Recurring Deposit,1,1,1,0,0
C104011,Recurring Deposit,1,1,1,0,0
C104011,Term Insurance,1,1,0,0,0
C104011,Fuel Credit Card,1,0,0,0,0
C104011,Premium Banking Account,1,0,0,0,0
C104012,Investment Plan (Mutual Fund SIP),1,0,0,0,0
C104013,Cashback Credit Card,1,1,1,1,1
C104013,Fuel Credit Card,1,1,1,1,1
C104014,Recurring Deposit,1,1,0,0,0
C104014,Term Insurance,1,0,0,0,0
C104014,Home Loan,1,0,0,0,0
C104015,Fuel Credit Card,1,1,0,0,0
C104015,Term Insurance,1,0,0,0,0
C104015,Cashback Credit Card,1,1,0,0,0
C104018,Term Insurance,1,0,0,0,0
C104018,Home Loan,1,1,0,0,0
C104018,Recurring Deposit,1,1,0,0,0
C104018,Personal Loan,1,1,0,0,0
C104018,Premium Credit Card,1,0,0,0,0
C104019,Recurring Deposit,1,1,0,0,0
C104021,Cashback Credit Card,1,1,1,1,1
C104021,Premium Credit Card,1,1,1,1,1
C104021,Recurring Deposit,1,1,0,0,0
C104022,Home Loan,1,1,0,0,0
C104022,Term Insurance,1,1,0,0,0
C104022,Recurring Deposit,1,1,1,1,0
C104024,Home Loan,1,0,0,0,0
C104024,Fuel Credit Card,1,1,0,0,0
C104024,Personal Loan,1,0,0,0,0
C104026,Term Insurance,1,1,1,1,1
C104026,Fixed Deposit,1,1,0,0,0
C104026,Premium Banking Account,1,1,0,0,0
C104026,Investment Plan (Mutual Fund SIP),1,0,0,0,0
C104027,Cashback Credit Card,1,1,1,1,0
C104027,Home Loan,1,0,0,0,0
C104028,Premium Banking Account,1,0,0,0,0
C104029,Cashback Credit Card,1,1,0,0,0
C104029,Fuel Credit Card,1,1,1,0,0
C104029,Premium Banking Account,1,0,0,0,0
C104029,Premium Credit Card,1,1,0,0,0
C104030,Premium Credit Card,1,0,0,0,0
C104030,Fuel Credit Card,1,0,0,0,0
C104030,Home Loan,1,0,0,0,0
C104031,Recurring Deposit,1,0,0,0,0
C104031,Personal Loan,1,0,0,0,0
C104031,Fixed Deposit,1,0,0,0,0
C104031,Premium Banking Account,1,1,0,0,0
C104031,Cashback Credit Card,1,1,1,1,0
C104033,Fixed Deposit,1,0,0,0,0
C104033,Recurring Deposit,1,0,0,0,0
C104033,Home Loan,1,0,0,0,0
C104033,Investment Plan (Mutual Fund SIP),1,1,0,0,0
C104033,Travel Credit Card,1,1,0,0,0
C104034,Recurring Deposit,1,0,0,0,0
C104036,Fuel Credit Card,1,0,0,0,0
C104036,Fixed Deposit,1,1,0,0,0
C104036,Investment Plan (Mutual Fund SIP),1,0,0,0,0
C104036,Premium Credit Card,1,1,1,1,1
C104036,Premium Banking Account,1,0,0,0,0
C104037,Recurring Deposit,1,0,0,0,0
C104037,Fixed Deposit,1,1,0,0,0
C104038,Fixed Deposit,1,1,1,1,0
C104038,Recurring Deposit,1,0,0,0,0
C104039,Term Insurance,1,0,0,0,0
C104039,Recurring Deposit,1,0,0,0,0
C104040,Personal Loan,1,1,0,0,0
C104040,Recurring Deposit,1,0,0,0,0
C104041,Recurring Deposit,1,1,1,1,0
C104041,Fuel Credit Card,1,0,0,0,0
C104041,Cashback Credit Card,1,0,0,0,0
C104041,Fixed Deposit,1,1,1,1,0
C104042,Fuel Credit Card,1,1,1,1,1
C104042,Personal Loan,1,1,0,0,0
C104042,Travel Credit Card,1,1,0,0,0
C104042,Term Insurance,1,1,0,0,0
C104043,Premium Banking Account,1,0,0,0,0
C104043,Home Loan,1,1,1,0,0
C104043,Investment Plan (Mutual Fund SIP),1,1,0,0,0
C104043,Term Insurance,1,1,1,1,1
C104044,Personal Loan,1,1,0,0,0
C104044,Term Insurance,1,1,1,1,1
C104044,Travel Credit Card,1,0,0,0,0
C104044,Fuel Credit Card,1,1,1,0,0
C104044,Recurring Deposit,1,0,0,0,0
C104045,Cashback Credit Card,1,0,0,0,0
C104045,Fixed Deposit,1,1,1,1,0
C104045,Home Loan,1,1,0,0,0
C104045,Premium Credit Card,1,0,0,0,0
C104047,Home Loan,1,1,0,0,0
C104048,Recurring Deposit,1,0,0,0,0
C104048,Fixed Deposit,1,0,0,0,0
C104048,Term Insurance,1,1,1,1,1
C104048,Cashback Credit Card,1,1,1,1,1
C104051,Fuel Credit Card,1,1,0,0,0
C104051,Term Insurance,1,1,0,0,0
C104051,Investment Plan (Mutual Fund SIP),1,0,0,0,0
C104051,Cashback Credit Card,1,0,0,0,0
C104052,Recurring Deposit,1,0,0,0,0
C104052,Fuel Credit Card,1,0,0,0,0
C104052,Investment Plan (Mutual Fund SIP),1,1,1,1,1
C104054,Investment Plan (Mutual Fund SIP),1,0,0,0,0
C104054,Fuel Credit Card,1,0,0,0,0
C104054,Fixed Deposit,1,0,0,0,0
C104055,Fixed Deposit,1,0,0,0,0
C104055,Cashback Credit Card,1,1,0,0,0
C104055,Term Insurance,1,0,0,0,0
C104055,Travel Credit Card,1,0,0,0,0
C104055,Fuel Credit Card,1,0,0,0,0
C104056,Cashback Credit Card,1,0,0,0,0
C104056,Premium Credit Card,1,1,0,0,0
C104056,Investment Plan (Mutual Fund SIP),1,0,0,0,0
C104056,Personal Loan,1,1,0,0,0
C104057,Investment Plan (Mutual Fund SIP),1,1,0,0,0
C104061,Premium Banking Account,1,1,0,0,0
C104061,Fuel Credit Card,1,0,0,0,0
C104061,Term Insurance,1,0,0,0,0
C104061,Investment Plan (Mutual Fund SIP),1,1,0,0,0
C104061,Travel Credit Card,1,1,0,0,0
C104062,Travel Credit Card,1,1,0,0,0
C104062,Cashback Credit Card,1,1,0,0,0
C104062,Home Loan,1,0,0,0,0
C104063,Investment Plan (Mutual Fund SIP),1,1,1,0,0
C104063,Fuel Credit Card,1,1,0,0,0
C104064,Premium Banking Account,1,1,1,1,1
C104065,Recurring Deposit,1,1,1,1,0
C104065,Term Insurance,1,0,0,0,0
C104065,Fixed Deposit,1,1,0,0,0
C104065,Home Loan,1,0,0,0,0
C104065,Premium Credit Card,1,1,0,0,0
C104067,Travel Credit Card,1,0,0,0,0
C104068,Recurring Deposit,1,1,1,1,0
C104068,Personal Loan,1,0,0,0,0
C104068,Cashback Credit Card,1,0,0,0,0
C104068,Premium Credit Card,1,1,0,0,0
C104068,Term Insurance,1,1,0,0,0
C104069,Premium Credit Card,1,0,0,0,0
C104069,Travel Credit Card,1,1,0,0,0
C104071,Recurring Deposit,1,1,1,0,0
C104071,Premium Credit Card,1,0,0,0,0
C104071,Fixed Deposit,1,1,0,0,0
C104071,Fuel Credit Card,1,1,1,1,0
C104072,Home Loan,1,1,0,0,0
C104072,Fuel Credit Card,1,0,0,0,0
C104072,Recurring Deposit,1,0,0,0,0
C104073,Premium Banking Account,1,0,0,0,0
C104074,Cashback Credit Card,1,0,0,0,0
C104074,Term Insurance,1,1,1,1,1
C104074,Fixed Deposit,1,1,1,1,1
C104074,Investment Plan (Mutual Fund SIP),1,1,1,1,1
C104074,Recurring Deposit,1,0,0,0,0
C104075,Fuel Credit Card,1,0,0,0,0
C104075,Premium Credit Card,1,1,0,0,0
C104075,Premium Banking Account,1,1,1,1,1
C104076,Home Loan,1,0,0,0,0
C104076,Cashback Credit Card,1,1,0,0,0
C104077,Fixed Deposit,1,0,0,0,0
C104077,Personal Loan,1,1,0,0,0
C104079,Premium Credit Card,1,0,0,0,0
C104080,Home Loan,1,1,1,1,1
C104080,Investment Plan (Mutual Fund SIP),1,1,0,0,0
C104083,Premium Banking Account,1,0,0,0,0
C104084,Personal Loan,1,1,0,0,0
C104084,Home Loan,1,1,0,0,0
C104085,Travel Credit Card,1,1,1,0,0
C104085,Home Loan,1,0,0,0,0
C104085,Premium Credit Card,1,1,0,0,0
C104085,Fixed Deposit,1,0,0,0,0
C104086,Investment Plan (Mutual Fund SIP),1,1,0,0,0
C104086,Premium Banking Account,1,1,1,1,1
C104086,Term Insurance,1,0,0,0,0
C104086,Fuel Credit Card,1,0,0,0,0
C104087,Cashback Credit Card,1,1,0,0,0
C104087,Recurring Deposit,1,0,0,0,0
C104088,Personal Loan,1,0,0,0,0
C104091,Personal Loan,1,1,0,0,0
C104091,Recurring Deposit,1,0,0,0,0
C104091,Premium Credit Card,1,1,0,0,0
C104091,Cashback Credit Card,1,0,0,0,0
C104091,Travel Credit Card,1,1,0,0,0
C104093,Fixed Deposit,1,1,1,1,0
C104093,Premium Banking Account,1,1,0,0,0
C104094,Fuel Credit Card,1,1,0,0,0
C104094,Fixed Deposit,1,1,1,1,1
C104094,Cashback Credit Card,1,0,0,0,0
C104095,Travel Credit Card,1,0,0,0,0
C104095,Personal Loan,1,1,1,1,1
C104095,Recurring Deposit,1,0,0,0,0
C104095,Fuel Credit Card,1,0,0,0,0
C104095,Investment Plan (Mutual Fund SIP),1,1,0,0,0
C104096,Premium Credit Card,1,1,0,0,0
C104096,Cashback Credit Card,1,0,0,0,0
C104096,Investment Plan (Mutual Fund SIP),1,1,1,0,0
C104099,Cashback Credit Card,1,0,0,0,0
C104100,Fuel Credit Card,1,1,0,0,0
C104100,Travel Credit Card,1,1,0,0,0
C104100,Home Loan,1,1,0,0,0
C104101,Investment Plan (Mutual Fund SIP),1,1,0,0,0
C104102,Investment Plan (Mutual Fund SIP),1,1,1,0,0
C104103,Fuel Credit Card,1,1,0,0,0
C104105,Investment Plan (Mutual Fund SIP),1,1,0,0,0
C104105,Home Loan,1,0,0,0,0
C104106,Premium Banking Account,1,0,0,0,0
C104106,Investment Plan (Mutual Fund SIP),1,1,0,0,0
C104108,Personal Loan,1,0,0,0,0
C104108,Travel Credit Card,1,1,0,0,0
C104108,Investment Plan (Mutual Fund SIP),1,1,1,0,0
C104108,Premium Credit Card,1,1,0,0,0
C104109,Personal Loan,1,1,0,0,0
C104109,Home Loan,1,1,0,0,0
C104109,Fuel Credit Card,1,1,0,0,0
C104109,Cashback Credit Card,1,0,0,0,0
C104109,Investment Plan (Mutual Fund SIP),1,1,0,0,0
C104110,Fixed Deposit,1,0,0,0,0
C104110,Home Loan,1,1,0,0,0
C104111,Fuel Credit Card,1,1,0,0,0
C104111,Investment Plan (Mutual Fund SIP),1,0,0,0,0
C104111,Fixed Deposit,1,1,0,0,0
C104112,Travel Credit Card,1,0,0,0,0
C104112,Premium Banking Account,1,0,0,0,0
C104112,Cashback Credit Card,1,0,0,0,0
C104113,Premium Credit Card,1,1,0,0,0
C104113,Fuel Credit Card,1,1,1,0,0
C104113,Fixed Deposit,1,1,0,0,0
C104113,Term Insurance,1,0,0,0,0
C104113,Premium Banking Account,1,1,0,0,0
C104114,Fixed Deposit,1,1,1,0,0
C104115,Travel Credit Card,1,1,1,1,1
C104115,Premium Banking Account,1,0,0,0,0
C104115,Investment Plan (Mutual Fund SIP),1,0,0,0,0
C104115,Personal Loan,1,0,0,0,0
C104115,Premium Credit Card,1,1,0,0,0
C104116,Recurring Deposit,1,1,0,0,0
C104116,Cashback Credit Card,1,0,0,0,0
C104116,Term Insurance,1,1,1,1,1
C104117,Personal Loan,1,0,0,0,0
C104117,Investment Plan (Mutual Fund SIP),1,1,0,0,0
C104117,Fixed Deposit,1,1,0,0,0
C104118,Term Insurance,1,1,1,0,0
C104118,Fuel Credit Card,1,1,0,0,0
C104118,Recurring Deposit,1,1,0,0,0
C104118,Premium Credit Card,1,0,0,0,0
C104119,Fixed Deposit,1,1,0,0,0
C104120,Home Loan,1,1,1,1,1
C104121,Premium Banking Account,1,1,0,0,0
C104121,Recurring Deposit,1,1,0,0,0
C104121,Term Insurance,1,1,0,0,0
C104121,Fuel Credit Card,1,1,1,0,0
C104121,Travel Credit Card,1,0,0,0,0
C104123,Fixed Deposit,1,0,0,0,0
C104124,Term Insurance,1,1,0,0,0
C104124,Investment Plan (Mutual Fund SIP),1,1,0,0,0
C104124,Fixed Deposit,1,1,0,0,0
C104124,Premium Banking Account,1,1,0,0,0
C104124,Cashback Credit Card,1,0,0,0,0
C104125,Fuel Credit Card,1,0,0,0,0
C104126,Recurring Deposit,1,0,0,0,0
C104127,Travel Credit Card,1,0,0,0,0
C104127,Premium Banking Account,1,1,0,0,0
C104127,Home Loan,1,0,0,0,0
C104129,Home Loan,1,1,0,0,0
C104129,Premium Credit Card,1,1,1,0,0
C104129,Recurring Deposit,1,0,0,0,0
C104129,Personal Loan,1,0,0,0,0
C104129,Cashback Credit Card,1,1,0,0,0
C104130,Fuel Credit Card,1,0,0,0,0
C104130,Cashback Credit Card,1,1,0,0,0
C104130,Recurring Deposit,1,0,0,0,0
C104130,Investment Plan (Mutual Fund SIP),1,0,0,0,0
C104130,Premium Credit Card,1,0,0,0,0
C104131,Premium Banking Account,1,1,1,1,1
C104131,Premium Credit Card,1,1,0,0,0
C104131,Home Loan,1,1,0,0,0
C104131,Investment Plan (Mutual Fund SIP),1,1,0,0,0
C104132,Recurring Deposit,1,0,0,0,0
C104132,Fuel Credit Card,1,0,0,0,0
C104132,Term Insurance,1,1,0,0,0
C104132,Premium Credit Card,1,1,1,1,0
C104133,Premium Credit Card,1,0,0,0,0
C104133,Premium Banking Account,1,0,0,0,0
C104134,Premium Credit Card,1,0,0,0,0
C104134,Personal Loan,1,1,0,0,0
C104135,Recurring Deposit,1,0,0,0,0
C104135,Term Insurance,1,0,0,0,0
C104136,Investment Plan (Mutual Fund SIP),1,1,0,0,0
C104137,Premium Banking Account,1,1,0,0,0
C104138,Premium Banking Account,1,1,0,0,0
C104138,Home Loan,1,1,1,1,1
C104139,Investment Plan (Mutual Fund SIP),1,1,1,1,1
C104139,Home Loan,1,1,1,1,1
C104139,Premium Banking Account,1,1,0,0,0
C104140,Cashback Credit Card,1,1,0,0,0
C104140,Personal Loan,1,1,0,0,0
C104140,Fixed Deposit,1,0,0,0,0
C104140,Travel Credit Card,1,0,0,0,0
C104140,Home Loan,1,1,0,0,0
C104141,Fixed Deposit,1,1,1,1,1
C104141,Premium Credit Card,1,1,0,0,0
C104141,Investment Plan (Mutual Fund SIP),1,0,0,0,0
C104143,Investment Plan (Mutual Fund SIP),1,1,0,0,0
C104144,Fuel Credit Card,1,0,0,0,0
C104144,Cashback Credit Card,1,0,0,0,0
C104145,Term Insurance,1,0,0,0,0
C104145,Recurring Deposit,1,1,0,0,0
C104145,Premium Banking Account,1,0,0,0,0
C104145,Fuel Credit Card,1,1,1,1,1
C104145,Travel Credit Card,1,0,0,0,0
C104146,Fixed Deposit,1,1,0,0,0
C104146,Travel Credit Card,1,0,0,0,0
C104147,Premium Credit Card,1,1,1,1,1
C104147,Investment Plan (Mutual Fund SIP),1,1,0,0,0
C104148,Personal Loan,1,1,0,0,0
C104148,Fixed Deposit,1,1,0,0,0
C104148,Investment Plan (Mutual Fund SIP),1,1,0,0,0
C104148,Fuel Credit Card,1,0,0,0,0
C104150,Fuel Credit Card,1,1,1,1,1
C104152,Home Loan,1,1,1,1,1
C104152,Travel Credit Card,1,1,1,0,0
C104152,Investment Plan (Mutual Fund SIP),1,0,0,0,0
C104152,Premium Credit Card,1,1,0,0,0
C104152,Recurring Deposit,1,1,0,0,0
C104154,Investment Plan (Mutual Fund SIP),1,0,0,0,0
C104154,Term Insurance,1,1,0,0,0
C104154,Fixed Deposit,1,1,1,0,0
C104154,Recurring Deposit,1,1,1,1,1
C104155,Home Loan,1,1,0,0,0
C104155,Travel Credit Card,1,0,0,0,0
C104155,Investment Plan (Mutual Fund SIP),1,0,0,0,0
C104156,Fuel Credit Card,1,1,1,1,1
C104156,Term Insurance,1,0,0,0,0
C104156,Travel Credit Card,1,0,0,0,0
C104156,Cashback Credit Card,1,1,0,0,0
C104156,Premium Credit Card,1,1,1,1,1
C104157,Investment Plan (Mutual Fund SIP),1,1,0,0,0
C104159,Home Loan,1,1,0,0,0
C104159,Investment Plan (Mutual Fund SIP),1,0,0,0,0
C104160,Investment Plan (Mutual Fund SIP),1,0,0,0,0
C104161,Fuel Credit Card,1,1,0,0,0
C104162,Recurring Deposit,1,0,0,0,0
C104162,Fixed Deposit,1,1,0,0,0
C104162,Personal Loan,1,1,0,0,0
C104162,Investment Plan (Mutual Fund SIP),1,0,0,0,0
C104162,Term Insurance,1,1,1,1,0
C104163,Premium Banking Account,1,1,0,0,0
C104163,Fuel Credit Card,1,0,0,0,0
C104163,Home Loan,1,1,1,0,0
C104163,Travel Credit Card,1,0,0,0,0
C104164,Fixed Deposit,1,0,0,0,0
C104165,Recurring Deposit,1,0,0,0,0
C104165,Cashback Credit Card,1,1,0,0,0
C104165,Premium Credit Card,1,0,0,0,0
C104167,Fuel Credit Card,1,1,1,1,1
C104167,Cashback Credit Card,1,1,1,1,1
C104167,Premium Banking Account,1,1,1,1,1
C104167,Investment Plan (Mutual Fund SIP),1,1,1,0,0
C104167,Premium Credit Card,1,0,0,0,0
C104168,Home Loan,1,1,1,1,1
C104168,Recurring Deposit,1,1,0,0,0
C104169,Personal Loan,1,1,0,0,0
C104171,Travel Credit Card,1,1,0,0,0
C104171,Premium Credit Card,1,0,0,0,0
C104171,Premium Banking Account,1,0,0,0,0
C104171,Fuel Credit Card,1,1,0,0,0
C104171,Personal Loan,1,0,0,0,0
C104172,Fuel Credit Card,1,1,0,0,0
C104172,Term Insurance,1,0,0,0,0
C104173,Cashback Credit Card,1,1,1,1,0
C104173,Fuel Credit Card,1,1,1,0,0
C104173,Home Loan,1,1,0,0,0
C104173,Fixed Deposit,1,1,1,1,0
C104173,Travel Credit Card,1,1,1,1,1
C104174,Personal Loan,1,0,0,0,0
C104174,Term Insurance,1,1,0,0,0
C104174,Fuel Credit Card,1,0,0,0,0
C104174,Premium Credit Card,1,1,0,0,0
C104174,Recurring Deposit,1,0,0,0,0
C104175,Fixed Deposit,1,1,1,1,1
C104177,Term Insurance,1,1,0,0,0
C104177,Premium Credit Card,1,0,0,0,0
C104177,Investment Plan (Mutual Fund SIP),1,1,0,0,0
C104178,Premium Credit Card,1,0,0,0,0
C104179,Premium Banking Account,1,0,0,0,0
C104179,Travel Credit Card,1,0,0,0,0
C104179,Personal Loan,1,1,0,0,0
C104179,Cashback Credit Card,1,1,1,0,0
C104179,Investment Plan (Mutual Fund SIP),1,0,0,0,0
C104180,Term Insurance,1,1,1,0,0
C104180,Fixed Deposit,1,0,0,0,0
C104180,Home Loan,1,0,0,0,0
C104181,Home Loan,1,0,0,0,0
C104182,Premium Banking Account,1,0,0,0,0
C104182,Fuel Credit Card,1,1,0,0,0
C104182,Travel Credit Card,1,0,0,0,0
C104182,Recurring Deposit,1,0,0,0,0
C104183,Cashback Credit Card,1,0,0,0,0
C104183,Premium Banking Account,1,1,0,0,0
C104183,Premium Credit Card,1,1,1,1,1
C104184,Fuel Credit Card,1,1,0,0,0
C104184,Investment Plan (Mutual Fund SIP),1,1,0,0,0
C104186,Fuel Credit Card,1,1,1,1,0
C104186,Premium Credit Card,1,1,0,0,0
C104186,Personal Loan,1,1,0,0,0
C104187,Premium Banking Account,1,1,1,0,0
C104187,Fuel Credit Card,1,0,0,0,0
C104188,Term Insurance,1,1,1,0,0
C104188,Home Loan,1,1,0,0,0
C104188,Personal Loan,1,1,1,0,0
C104189,Term Insurance,1,0,0,0,0
C104189,Investment Plan (Mutual Fund SIP),1,0,0,0,0
C104190,Premium Banking Account,1,1,0,0,0
C104190,Travel Credit Card,1,0,0,0,0
C104190,Recurring Deposit,1,1,0,0,0
C104192,Fuel Credit Card,1,0,0,0,0
C104192,Term Insurance,1,1,1,1,1
C104192,Travel Credit Card,1,1,0,0,0
C104194,Home Loan,1,1,1,1,1
C104195,Travel Credit Card,1,0,0,0,0
C104195,Home Loan,1,1,0,0,0
C104195,Term Insurance,1,0,0,0,0
C104195,Fuel Credit Card,1,1,0,0,0
C104195,Cashback Credit Card,1,1,0,0,0
C104196,Premium Banking Account,1,0,0,0,0
C104196,Fixed Deposit,1,0,0,0,0
C104198,Travel Credit Card,1,1,0,0,0
C104198,Home Loan,1,0,0,0,0
C104198,Premium Credit Card,1,0,0,0,0
C104198,Term Insurance,1,1,0,0,0
C104198,Personal Loan,1,0,0,0,0
C104199,Investment Plan (Mutual Fund SIP),1,1,1,0,0
C104199,Home Loan,1,0,0,0,0
C104199,Recurring Deposit,1,1,0,0,0
C104199,Cashback Credit Card,1,0,0,0,0
C104200,Recurring Deposit,1,1,0,0,0
C104200,Premium Banking Account,1,1,1,1,0
C104201,Term Insurance,1,1,0,0,0
C104201,Premium Credit Card,1,0,0,0,0
C104201,Premium Banking Account,1,1,1,0,0
C104201,Investment Plan (Mutual Fund SIP),1,0,0,0,0
C104203,Cashback Credit Card,1,0,0,0,0
C104203,Personal Loan,1,0,0,0,0
C104203,Term Insurance,1,1,1,0,0
C104205,Travel Credit Card,1,1,0,0,0
C104206,Term Insurance,1,1,0,0,0
C104206,Investment Plan (Mutual Fund SIP),1,1,0,0,0
C104206,Premium Credit Card,1,0,0,0,0
C104206,Personal Loan,1,0,0,0,0
C104207,Cashback Credit Card,1,0,0,0,0
C104208,Recurring Deposit,1,0,0,0,0
C104208,Fixed Deposit,1,0,0,0,0
C104208,Personal Loan,1,1,0,0,0
C104208,Term Insurance,1,1,1,1,1
C104208,Travel Credit Card,1,1,0,0,0
C104209,Recurring Deposit,1,0,0,0,0
C104209,Travel Credit Card,1,1,1,1,1
C104209,Premium Credit Card,1,1,0,0,0
C104209,Fixed Deposit,1,0,0,0,0
C104210,Premium Banking Account,1,1,0,0,0
C104210,Premium Credit Card,1,0,0,0,0
C104211,Travel Credit Card,1,1,0,0,0
C104211,Premium Credit Card,1,0,0,0,0
C104211,Premium Banking Account,1,0,0,0,0
C104212,Travel Credit Card,1,1,0,0,0
C104212,Investment Plan (Mutual Fund SIP),1,1,0,0,0
C104212,Premium Banking Account,1,1,1,1,1
C104212,Fuel Credit Card,1,1,0,0,0
C104213,Premium Banking Account,1,0,0,0,0
C104214,Fixed Deposit,1,0,0,0,0
C104214,Term Insurance,1,0,0,0,0
C104214,Recurring Deposit,1,0,0,0,0
C104214,Personal Loan,1,1,0,0,0
C104215,Home Loan,1,0,0,0,0
C104215,Recurring Deposit,1,0,0,0,0
C104215,Personal Loan,1,0,0,0,0
C104216,Travel Credit Card,1,1,1,1,1
C104216,Personal Loan,1,0,0,0,0
C104216,Term Insurance,1,1,0,0,0
C104216,Cashback Credit Card,1,1,0,0,0
C104217,Investment Plan (Mutual Fund SIP),1,0,0,0,0
C104217,Premium Credit Card,1,0,0,0,0
C104217,Travel Credit Card,1,0,0,0,0
C104217,Fuel Credit Card,1,0,0,0,0
C104218,Fuel Credit Card,1,0,0,0,0
C104218,Travel Credit Card,1,1,1,1,1
C104220,Recurring Deposit,1,1,0,0,0
C104220,Investment Plan (Mutual Fund SIP),1,1,0,0,0
C104220,Personal Loan,1,1,1,1,0
C104221,Fixed Deposit,1,0,0,0,0
C104221,Investment Plan (Mutual Fund SIP),1,1,0,0,0
C104221,Fuel Credit Card,1,1,0,0,0
C104221,Premium Credit Card,1,0,0,0,0
C104222,Premium Banking Account,1,1,1,0,0
C104222,Personal Loan,1,0,0,0,0
C104223,Home Loan,1,1,0,0,0
C104223,Premium Banking Account,1,1,0,0,0
C104223,Recurring Deposit,1,1,0,0,0
C104223,Term Insurance,1,1,1,1,0
C104223,Investment Plan (Mutual Fund SIP),1,1,0,0,0
C104224,Fuel Credit Card,1,0,0,0,0
C104224,Premium Banking Account,1,1,0,0,0
C104224,Recurring Deposit,1,1,0,0,0
C104224,Premium Credit Card,1,0,0,0,0
C104224,Investment Plan (Mutual Fund SIP),1,0,0,0,0
C104225,Travel Credit Card,1,1,0,0,0
C104225,Home Loan,1,0,0,0,0
C104225,Recurring Deposit,1,0,0,0,0
C104226,Fuel Credit Card,1,0,0,0,0
C104226,Term Insurance,1,1,1,0,0
C104227,Premium Credit Card,1,1,0,0,0
C104227,Premium Banking Account,1,0,0,0,0
C104227,Personal Loan,1,0,0,0,0
C104227,Cashback Credit Card,1,1,0,0,0
C104228,Fixed Deposit,1,1,1,1,1
C104228,Personal Loan,1,0,0,0,0
C104228,Cashback Credit Card,1,1,0,0,0
C104228,Investment Plan (Mutual Fund SIP),1,0,0,0,0
C104229,Investment Plan (Mutual Fund SIP),1,1,1,0,0
C104229,Travel Credit Card,1,0,0,0,0
C104229,Term Insurance,1,0,0,0,0
C104229,Fuel Credit Card,1,1,1,1,0
C104229,Personal Loan,1,0,0,0,0
C104230,Premium Banking Account,1,0,0,0,0
C104230,Fuel Credit Card,1,0,0,0,0
C104230,Investment Plan (Mutual Fund SIP),1,1,0,0,0
C104231,Investment Plan (Mutual Fund SIP),1,1,1,1,1
C104231,Premium Credit Card,1,0,0,0,0
C104232,Personal Loan,1,1,1,0,0
C104232,Investment Plan (Mutual Fund SIP),1,0,0,0,0
C104232,Term Insurance,1,0,0,0,0
C104232,Fixed Deposit,1,0,0,0,0
C104233,Fixed Deposit,1,0,0,0,0
C104233,Travel Credit Card,1,1,0,0,0
C104233,Home Loan,1,1,0,0,0
C104233,Premium Credit Card,1,1,0,0,0
C104233,Premium Banking Account,1,1,0,0,0
C104234,Recurring Deposit,1,0,0,0,0
C104235,Recurring Deposit,1,0,0,0,0
C104235,Term Insurance,1,1,0,0,0
C104235,Personal Loan,1,0,0,0,0
C104235,Travel Credit Card,1,0,0,0,0
C104236,Premium Banking Account,1,0,0,0,0
C104236,Recurring Deposit,1,1,0,0,0
C104236,Cashback Credit Card,1,0,0,0,0
C104236,Travel Credit Card,1,0,0,0,0
C104237,Fixed Deposit,1,1,0,0,0
C104237,Home Loan,1,0,0,0,0
C104237,Cashback Credit Card,1,1,1,1,1
C104237,Travel Credit Card,1,1,1,1,1
C104238,Recurring Deposit,1,1,1,1,0
C104238,Fixed Deposit,1,1,0,0,0
C104238,Investment Plan (Mutual Fund SIP),1,0,0,0,0
C104238,Premium Credit Card,1,0,0,0,0
C104238,Personal Loan,1,1,0,0,0
C104239,Personal Loan,1,1,0,0,0
C104240,Investment Plan (Mutual Fund SIP),1,0,0,0,0
C104240,Term Insurance,1,1,1,1,1
C104240,Fuel Credit Card,1,1,1,1,0
C104241,Home Loan,1,1,1,1,1
C104241,Cashback Credit Card,1,1,0,0,0
C104241,Fixed Deposit,1,1,1,1,1
C104241,Term Insurance,1,1,0,0,0
C104241,Premium Banking Account,1,1,1,0,0
C104242,Home Loan,1,0,0,0,0
C104242,Investment Plan (Mutual Fund SIP),1,0,0,0,0
C104242,Travel Credit Card,1,1,0,0,0
C104243,Recurring Deposit,1,0,0,0,0
C104243,Travel Credit Card,1,1,0,0,0
C104243,Home Loan,1,1,1,1,1
C104244,Cashback Credit Card,1,0,0,0,0
C104244,Recurring Deposit,1,0,0,0,0
C104244,Term Insurance,1,1,1,0,0
C104245,Fuel Credit Card,1,1,0,0,0
C104245,Investment Plan (Mutual Fund SIP),1,0,0,0,0
C104246,Fixed Deposit,1,0,0,0,0
C104247,Term Insurance,1,0,0,0,0
C104247,Cashback Credit Card,1,0,0,0,0
C104249,Fuel Credit Card,1,0,0,0,0
C104250,Home Loan,1,1,0,0,0
C104250,Fixed Deposit,1,0,0,0,0
C104251,Travel Credit Card,1,1,1,0,0
C104251,Premium Credit Card,1,1,0,0,0
C104251,Term Insurance,1,1,1,1,1
C104252,Travel Credit Card,1,0,0,0,0
C104252,Home Loan,1,1,0,0,0
C104252,Premium Credit Card,1,1,1,1,0
C104253,Cashback Credit Card,1,1,0,0,0
C104253,Premium Banking Account,1,1,0,0,0
C104253,Travel Credit Card,1,0,0,0,0
C104253,Personal Loan,1,1,0,0,0
C104254,Investment Plan (Mutual Fund SIP),1,1,1,1,0
C104254,Cashback Credit Card,1,0,0,0,0
C104254,Personal Loan,1,0,0,0,0
C104255,Cashback Credit Card,1,0,0,0,0
C104256,Fuel Credit Card,1,1,1,0,0
C104256,Premium Credit Card,1,1,0,0,0
C104256,Cashback Credit Card,1,0,0,0,0
C104256,Term Insurance,1,0,0,0,0
C104256,Recurring Deposit,1,1,1,1,1
C104257,Cashback Credit Card,1,0,0,0,0
C104257,Premium Banking Account,1,1,0,0,0
C104257,Home Loan,1,0,0,0,0
C104258,Recurring Deposit,1,0,0,0,0
C104258,Home Loan,1,0,0,0,0
C104258,Personal Loan,1,1,0,0,0
C104258,Investment Plan (Mutual Fund SIP),1,0,0,0,0
C104259,Investment Plan (Mutual Fund SIP),1,1,1,1,1
C104259,Term Insurance,1,0,0,0,0
C104260,Fixed Deposit,1,0,0,0,0
C104260,Investment Plan (Mutual Fund SIP),1,1,1,1,1
C104260,Cashback Credit Card,1,1,0,0,0
C104261,Fuel Credit Card,1,1,0,0,0
C104261,Term Insurance,1,0,0,0,0
C104261,Investment Plan (Mutual Fund SIP),1,1,0,0,0
C104263,Premium Credit Card,1,1,1,0,0
C104263,Term Insurance,1,0,0,0,0
C104263,Personal Loan,1,1,0,0,0
C104263,Fixed Deposit,1,0,0,0,0
C104264,Fuel Credit Card,1,1,0,0,0
C104265,Premium Credit Card,1,0,0,0,0
C104265,Fuel Credit Card,1,1,1,1,1
C104266,Term Insurance,1,1,0,0,0
C104266,Recurring Deposit,1,1,0,0,0
C104266,Premium Credit Card,1,0,0,0,0
C104267,Premium Credit Card,1,0,0,0,0
C104267,Home Loan,1,1,0,0,0
C104268,Recurring Deposit,1,1,0,0,0
C104268,Home Loan,1,1,0,0,0
C104268,Personal Loan,1,1,0,0,0
C104269,Fuel Credit Card,1,0,0,0,0
C104269,Term Insurance,1,1,1,1,1
C104269,Recurring Deposit,1,1,0,0,0
C104273,Personal Loan,1,0,0,0,0
C104273,Travel Credit Card,1,1,0,0,0
C104273,Cashback Credit Card,1,1,1,1,1
C104274,Fuel Credit Card,1,0,0,0,0
C104274,Personal Loan,1,0,0,0,0
C104274,Premium Credit Card,1,1,1,1,1
C104275,Premium Banking Account,1,0,0,0,0
C104275,Home Loan,1,1,1,1,1
C104275,Investment Plan (Mutual Fund SIP),1,1,0,0,0
C104275,Recurring Deposit,1,1,0,0,0
C104276,Premium Credit Card,1,0,0,0,0
C104278,Premium Banking Account,1,0,0,0,0
C104278,Fixed Deposit,1,1,0,0,0
C104278,Personal Loan,1,1,0,0,0
C104278,Home Loan,1,0,0,0,0
C104280,Personal Loan,1,1,1,1,1
C104280,Fuel Credit Card,1,0,0,0,0
C104281,Recurring Deposit,1,0,0,0,0
C104281,Fuel Credit Card,1,1,0,0,0
C104281,Travel Credit Card,1,0,0,0,0
C104281,Investment Plan (Mutual Fund SIP),1,1,0,0,0
C104281,Term Insurance,1,0,0,0,0
C104282,Personal Loan,1,1,0,0,0
C104282,Fixed Deposit,1,0,0,0,0
C104282,Term Insurance,1,1,0,0,0
C104283,Travel Credit Card,1,0,0,0,0
C104283,Premium Credit Card,1,1,0,0,0
C104283,Fixed Deposit,1,0,0,0,0
C104283,Investment Plan (Mutual Fund SIP),1,1,1,1,1
C104283,Recurring Deposit,1,1,0,0,0
C104284,Fuel Credit Card,1,1,0,0,0
C104284,Fixed Deposit,1,0,0,0,0
C104285,Investment Plan (Mutual Fund SIP),1,0,0,0,0
C104285,Premium Credit Card,1,1,1,0,0
C104285,Personal Loan,1,1,1,1,1
C104285,Cashback Credit Card,1,0,0,0,0
C104286,Cashback Credit Card,1,0,0,0,0
C104286,Premium Credit Card,1,0,0,0,0
C104287,Premium Credit Card,1,0,0,0,0
C104287,Premium Banking Account,1,0,0,0,0
C104288,Recurring Deposit,1,1,0,0,0
C104288,Premium Credit Card,1,1,0,0,0
C104288,Cashback Credit Card,1,1,1,1,1
C104288,Investment Plan (Mutual Fund SIP),1,1,0,0,0
C104288,Term Insurance,1,0,0,0,0
C104289,Travel Credit Card,1,1,1,0,0
C104289,Fixed Deposit,1,1,1,0,0
C104290,Premium Banking Account,1,1,1,0,0
C104290,Travel Credit Card,1,0,0,0,0
C104291,Travel Credit Card,1,1,1,0,0
C104291,Investment Plan (Mutual Fund SIP),1,0,0,0,0
C104291,Fuel Credit Card,1,0,0,0,0
C104291,Recurring Deposit,1,0,0,0,0
C104291,Premium Banking Account,1,0,0,0,0
C104292,Premium Banking Account,1,1,0,0,0
C104292,Investment Plan (Mutual Fund SIP),1,0,0,0,0
C104292,Fixed Deposit,1,1,1,1,0
C104292,Personal Loan,1,1,0,0,0
C104293,Term Insurance,1,0,0,0,0
C104293,Cashback Credit Card,1,1,0,0,0
C104293,Fuel Credit Card,1,1,0,0,0
C104293,Premium Credit Card,1,1,0,0,0
C104293,Travel Credit Card,1,1,0,0,0
C104294,Investment Plan (Mutual Fund SIP),1,1,0,0,0
C104294,Personal Loan,1,0,0,0,0
C104294,Recurring Deposit,1,0,0,0,0
C104294,Travel Credit Card,1,1,0,0,0
C104294,Cashback Credit Card,1,1,1,1,1
C104297,Fixed Deposit,1,1,0,0,0
C104297,Premium Credit Card,1,1,1,1,1
C104297,Personal Loan,1,1,1,1,1
C104297,Investment Plan (Mutual Fund SIP),1,0,0,0,0
C104298,Fuel Credit Card,1,0,0,0,0
C104298,Home Loan,1,0,0,0,0
C104301,Investment Plan (Mutual Fund SIP),1,0,0,0,0
C104301,Premium Banking Account,1,0,0,0,0
C104301,Term Insurance,1,1,1,1,1
C104302,Personal Loan,1,0,0,0,0
C104302,Premium Credit Card,1,0,0,0,0
C104304,Cashback Credit Card,1,0,0,0,0
C104304,Personal Loan,1,0,0,0,0
C104305,Recurring Deposit,1,0,0,0,0
C104305,Personal Loan,1,1,0,0,0
C104306,Investment Plan (Mutual Fund SIP),1,0,0,0,0
C104306,Fixed Deposit,1,0,0,0,0
C104306,Fuel Credit Card,1,1,0,0,0
C104306,Premium Credit Card,1,1,0,0,0
C104306,Premium Banking Account,1,1,0,0,0
C104307,Fixed Deposit,1,1,0,0,0
C104308,Term Insurance,1,1,1,1,0
C104308,Travel Credit Card,1,0,0,0,0
C104308,Premium Credit Card,1,0,0,0,0
C104309,Cashback Credit Card,1,0,0,0,0
C104310,Recurring Deposit,1,0,0,0,0
C104310,Cashback Credit Card,1,1,1,1,1
C104310,Home Loan,1,1,0,0,0
C104310,Travel Credit Card,1,0,0,0,0
C104311,Fuel Credit Card,1,0,0,0,0
C104311,Investment Plan (Mutual Fund SIP),1,0,0,0,0
C104311,Personal Loan,1,0,0,0,0
C104311,Recurring Deposit,1,1,0,0,0
C104313,Fixed Deposit,1,1,0,0,0
C104313,Premium Banking Account,1,0,0,0,0
C104313,Cashback Credit Card,1,1,0,0,0
C104313,Investment Plan (Mutual Fund SIP),1,0,0,0,0
C104313,Recurring Deposit,1,1,0,0,0
C104314,Investment Plan (Mutual Fund SIP),1,1,1,1,1
C104314,Recurring Deposit,1,0,0,0,0
C104314,Premium Credit Card,1,1,1,0,0
C104314,Fuel Credit Card,1,1,0,0,0
C104315,Home Loan,1,1,1,1,1
C104315,Travel Credit Card,1,1,1,1,1
C104315,Personal Loan,1,0,0,0,0
C104315,Fixed Deposit,1,0,0,0,0
C104316,Cashback Credit Card,1,1,0,0,0
C104318,Cashback Credit Card,1,0,0,0,0
C104319,Personal Loan,1,1,0,0,0
C104319,Cashback Credit Card,1,0,0,0,0
C104319,Premium Credit Card,1,1,0,0,0
C104319,Home Loan,1,0,0,0,0
C104320,Fixed Deposit,1,1,0,0,0
C104320,Investment Plan (Mutual Fund SIP),1,1,0,0,0
C104322,Recurring Deposit,1,0,0,0,0
C104322,Term Insurance,1,1,0,0,0
C104322,Travel Credit Card,1,0,0,0,0
C104322,Cashback Credit Card,1,1,0,0,0
C104323,Fuel Credit Card,1,1,0,0,0
C104323,Investment Plan (Mutual Fund SIP),1,1,0,0,0
C104323,Premium Banking Account,1,1,1,1,1
C104323,Recurring Deposit,1,0,0,0,0
C104323,Premium Credit Card,1,0,0,0,0
C104324,Term Insurance,1,0,0,0,0
C104324,Recurring Deposit,1,0,0,0,0
C104324,Personal Loan,1,1,1,0,0
C104324,Premium Credit Card,1,0,0,0,0
C104325,Fuel Credit Card,1,1,0,0,0
C104325,Home Loan,1,0,0,0,0
C104325,Travel Credit Card,1,0,0,0,0
C104326,Travel Credit Card,1,0,0,0,0
C104326,Recurring Deposit,1,1,0,0,0
C104326,Fixed Deposit,1,1,1,0,0
C104328,Cashback Credit Card,1,1,1,0,0
C104328,Investment Plan (Mutual Fund SIP),1,1,0,0,0
C104328,Travel Credit Card,1,1,0,0,0
C104328,Fuel Credit Card,1,1,1,1,1
C104329,Premium Credit Card,1,0,0,0,0
C104329,Investment Plan (Mutual Fund SIP),1,0,0,0,0
C104330,Term Insurance,1,1,1,1,1
C104330,Premium Credit Card,1,0,0,0,0
C104331,Term Insurance,1,0,0,0,0
C104331,Premium Banking Account,1,1,0,0,0
C104331,Home Loan,1,1,1,1,1
C104331,Fuel Credit Card,1,1,0,0,0
C104331,Recurring Deposit,1,0,0,0,0
C104332,Fixed Deposit,1,0,0,0,0
C104332,Home Loan,1,1,1,1,1
C104332,Investment Plan (Mutual Fund SIP),1,1,1,0,0
C104334,Cashback Credit Card,1,1,1,0,0
C104334,Premium Credit Card,1,1,0,0,0
C104334,Investment Plan (Mutual Fund SIP),1,1,0,0,0
C104334,Term Insurance,1,0,0,0,0
C104334,Personal Loan,1,0,0,0,0
C104335,Premium Credit Card,1,1,0,0,0
C104335,Investment Plan (Mutual Fund SIP),1,1,0,0,0
C104335,Home Loan,1,1,0,0,0
C104335,Personal Loan,1,0,0,0,0
C104336,Home Loan,1,0,0,0,0
C104337,Investment Plan (Mutual Fund SIP),1,0,0,0,0
C104337,Cashback Credit Card,1,0,0,0,0
C104337,Personal Loan,1,1,0,0,0
C104338,Recurring Deposit,1,1,1,1,1
C104338,Fuel Credit Card,1,1,1,0,0
C104338,Fixed Deposit,1,0,0,0,0
C104338,Cashback Credit Card,1,1,1,1,1
C104338,Investment Plan (Mutual Fund SIP),1,1,0,0,0
C104339,Cashback Credit Card,1,0,0,0,0
C104339,Travel Credit Card,1,1,0,0,0
C104340,Home Loan,1,1,0,0,0
C104340,Fuel Credit Card,1,0,0,0,0
C104341,Personal Loan,1,0,0,0,0
C104341,Home Loan,1,0,0,0,0
C104341,Fixed Deposit,1,0,0,0,0
C104341,Travel Credit Card,1,0,0,0,0
C104341,Cashback Credit Card,1,0,0,0,0
C104342,Premium Credit Card,1,1,0,0,0
C104342,Personal Loan,1,0,0,0,0
C104342,Premium Banking Account,1,0,0,0,0
C104342,Term Insurance,1,0,0,0,0
C104344,Travel Credit Card,1,1,1,1,1
C104344,Term Insurance,1,1,0,0,0
C104344,Fuel Credit Card,1,1,0,0,0
C104344,Premium Banking Account,1,0,0,0,0
C104344,Personal Loan,1,1,0,0,0
C104345,Premium Banking Account,1,1,1,0,0
C104345,Term Insurance,1,1,0,0,0
C104345,Cashback Credit Card,1,1,0,0,0
C104345,Personal Loan,1,1,0,0,0
C104345,Travel Credit Card,1,0,0,0,0
C104346,Recurring Deposit,1,0,0,0,0
C104346,Fuel Credit Card,1,1,1,1,1
C104346,Travel Credit Card,1,0,0,0,0
C104346,Investment Plan (Mutual Fund SIP),1,0,0,0,0
C104346,Personal Loan,1,0,0,0,0
C104347,Home Loan,1,0,0,0,0
C104347,Recurring Deposit,1,1,0,0,0
C104347,Premium Credit Card,1,0,0,0,0
C104348,Investment Plan (Mutual Fund SIP),1,0,0,0,0
C104348,Travel Credit Card,1,1,0,0,0
C104348,Recurring Deposit,1,0,0,0,0
C104349,Fuel Credit Card,1,1,1,0,0
C104349,Premium Credit Card,1,1,1,1,1
C104350,Investment Plan (Mutual Fund SIP),1,1,0,0,0
C104350,Fixed Deposit,1,0,0,0,0
C104350,Premium Banking Account,1,1,1,0,0
C104350,Term Insurance,1,1,0,0,0
C104351,Investment Plan (Mutual Fund SIP),1,1,0,0,0
C104352,Cashback Credit Card,1,1,1,0,0
C104352,Fuel Credit Card,1,1,0,0,0
C104352,Recurring Deposit,1,0,0,0,0
C104354,Investment Plan (Mutual Fund SIP),1,0,0,0,0
C104355,Term Insurance,1,0,0,0,0
C104355,Home Loan,1,0,0,0,0
C104355,Recurring Deposit,1,0,0,0,0
C104356,Term Insurance,1,1,0,0,0
C104356,Premium Credit Card,1,1,0,0,0
C104356,Fuel Credit Card,1,0,0,0,0
C104356,Premium Banking Account,1,1,0,0,0
C104356,Personal Loan,1,1,1,1,1
C104358,Home Loan,1,0,0,0,0
C104359,Home Loan,1,1,1,1,0
C104359,Premium Credit Card,1,1,0,0,0
C104359,Cashback Credit Card,1,1,0,0,0
C104359,Travel Credit Card,1,1,1,1,1
C104359,Personal Loan,1,1,0,0,0
C104360,Cashback Credit Card,1,1,1,1,1
C104360,Fixed Deposit,1,0,0,0,0
C104360,Term Insurance,1,1,1,1,1
C104360,Home Loan,1,1,1,1,1
C104361,Investment Plan (Mutual Fund SIP),1,0,0,0,0
C104361,Premium Banking Account,1,1,0,0,0
C104361,Premium Credit Card,1,0,0,0,0
C104361,Recurring Deposit,1,0,0,0,0
C104363,Travel Credit Card,1,0,0,0,0
C104363,Home Loan,1,1,0,0,0
C104363,Personal Loan,1,1,1,1,1
C104363,Recurring Deposit,1,1,1,1,1
C104364,Term Insurance,1,0,0,0,0
C104364,Cashback Credit Card,1,0,0,0,0
C104365,Premium Credit Card,1,1,1,0,0
C104365,Travel Credit Card,1,0,0,0,0
C104365,Personal Loan,1,1,0,0,0
C104365,Recurring Deposit,1,1,1,1,1
C104365,Fuel Credit Card,1,1,0,0,0
C104366,Term Insurance,1,1,0,0,0
C104367,Term Insurance,1,0,0,0,0
C104368,Cashback Credit Card,1,1,1,1,1
C104368,Premium Credit Card,1,0,0,0,0
C104368,Fuel Credit Card,1,1,1,1,0
C104368,Fixed Deposit,1,1,0,0,0
C104369,Premium Credit Card,1,0,0,0,0
C104369,Recurring Deposit,1,1,1,1,1
C104369,Fuel Credit Card,1,1,0,0,0
C104369,Investment Plan (Mutual Fund SIP),1,0,0,0,0
C104369,Premium Banking Account,1,0,0,0,0
C104371,Investment Plan (Mutual Fund SIP),1,1,1,1,1
C104371,Fuel Credit Card,1,1,0,0,0
C104371,Premium Banking Account,1,1,0,0,0
C104371,Home Loan,1,1,0,0,0
C104371,Cashback Credit Card,1,1,0,0,0
C104372,Fuel Credit Card,1,1,1,0,0
C104373,Cashback Credit Card,1,0,0,0,0
C104373,Term Insurance,1,0,0,0,0
C104374,Fuel Credit Card,1,0,0,0,0
C104374,Recurring Deposit,1,1,0,0,0
C104374,Investment Plan (Mutual Fund SIP),1,1,0,0,0
C104374,Personal Loan,1,1,0,0,0
C104375,Premium Credit Card,1,0,0,0,0
C104375,Term Insurance,1,0,0,0,0
C104375,Fuel Credit Card,1,1,0,0,0
C104375,Travel Credit Card,1,1,1,0,0
C104375,Personal Loan,1,0,0,0,0
C104376,Fixed Deposit,1,0,0,0,0
C104376,Cashback Credit Card,1,1,0,0,0
C104377,Recurring Deposit,1,1,1,1,0
C104378,Premium Banking Account,1,1,0,0,0
C104378,Travel Credit Card,1,1,1,1,0
C104378,Premium Credit Card,1,0,0,0,0
C104379,Investment Plan (Mutual Fund SIP),1,1,0,0,0
C104379,Premium Credit Card,1,1,0,0,0
C104379,Term Insurance,1,1,0,0,0
C104380,Premium Credit Card,1,1,0,0,0
C104380,Investment Plan (Mutual Fund SIP),1,1,1,1,1
C104381,Personal Loan,1,0,0,0,0
C104381,Travel Credit Card,1,1,1,0,0
C104381,Cashback Credit Card,1,1,1,1,1
C104383,Fixed Deposit,1,0,0,0,0
C104383,Cashback Credit Card,1,1,0,0,0
C104384,Fuel Credit Card,1,0,0,0,0
C104384,Travel Credit Card,1,0,0,0,0
C104384,Premium Banking Account,1,0,0,0,0
C104384,Personal Loan,1,1,0,0,0
C104386,Personal Loan,1,1,0,0,0
C104386,Travel Credit Card,1,1,0,0,0
C104386,Cashback Credit Card,1,1,1,1,1
C104387,Travel Credit Card,1,1,0,0,0
C104388,Premium Credit Card,1,1,0,0,0
C104388,Fixed Deposit,1,0,0,0,0
C104388,Personal Loan,1,0,0,0,0
C104388,Fuel Credit Card,1,0,0,0,0
C104391,Home Loan,1,1,1,1,1
C104392,Recurring Deposit,1,0,0,0,0
C104392,Personal Loan,1,0,0,0,0
C104392,Investment Plan (Mutual Fund SIP),1,1,1,1,1
C104392,Premium Credit Card,1,1,1,1,1
C104393,Home Loan,1,1,0,0,0
C104393,Term Insurance,1,0,0,0,0
C104393,Recurring Deposit,1,0,0,0,0
C104393,Investment Plan (Mutual Fund SIP),1,1,0,0,0
C104395,Personal Loan,1,1,0,0,0
C104395,Recurring Deposit,1,1,1,1,0
C104395,Term Insurance,1,0,0,0,0
C104395,Cashback Credit Card,1,0,0,0,0
C104396,Premium Banking Account,1,0,0,0,0
C104396,Home Loan,1,1,0,0,0
C104396,Travel Credit Card,1,1,1,1,1
C104396,Fixed Deposit,1,1,0,0,0
C104397,Premium Credit Card,1,1,0,0,0
C104397,Personal Loan,1,0,0,0,0
C104398,Cashback Credit Card,1,0,0,0,0
C104398,Investment Plan (Mutual Fund SIP),1,1,1,1,1
C104398,Home Loan,1,0,0,0,0
C104398,Travel Credit Card,1,1,1,1,1
C104398,Recurring Deposit,1,1,0,0,0
C104399,Fuel Credit Card,1,0,0,0,0
C104399,Travel Credit Card,1,1,0,0,0
C104399,Fixed Deposit,1,1,0,0,0
C104399,Recurring Deposit,1,1,0,0,0
C104400,Personal Loan,1,1,1,1,1
C104400,Fuel Credit Card,1,0,0,0,0
C104400,Term Insurance,1,0,0,0,0
C104400,Premium Banking Account,1,1,1,1,0
C104401,Cashback Credit Card,1,1,0,0,0
C104401,Premium Banking Account,1,1,0,0,0
C104401,Travel Credit Card,1,1,1,1,1
C104401,Personal Loan,1,1,0,0,0
C104403,Travel Credit Card,1,1,0,0,0
C104405,Home Loan,1,1,0,0,0
C104405,Fixed Deposit,1,0,0,0,0
C104405,Premium Credit Card,1,1,0,0,0
C104405,Travel Credit Card,1,0,0,0,0
C104405,Term Insurance,1,1,1,1,1
C104406,Term Insurance,1,1,0,0,0
C104407,Investment Plan (Mutual Fund SIP),1,1,1,1,1
C104407,Fuel Credit Card,1,1,0,0,0
C104407,Home Loan,1,1,1,1,1
C104409,Premium Banking Account,1,1,0,0,0
C104410,Travel Credit Card,1,0,0,0,0
C104410,Personal Loan,1,1,1,0,0
C104410,Home Loan,1,1,0,0,0
C104410,Recurring Deposit,1,1,1,0,0
C104411,Investment Plan (Mutual Fund SIP),1,1,0,0,0
C104411,Fixed Deposit,1,0,0,0,0
C104411,Home Loan,1,1,0,0,0
C104411,Travel Credit Card,1,0,0,0,0
C104411,Fuel Credit Card,1,0,0,0,0
C104412,Recurring Deposit,1,0,0,0,0
C104412,Premium Banking Account,1,0,0,0,0
C104412,Investment Plan (Mutual Fund SIP),1,1,1,1,1
C104412,Term Insurance,1,1,1,1,1
C104412,Travel Credit Card,1,1,0,0,0
C104413,Term Insurance,1,0,0,0,0
C104414,Travel Credit Card,1,1,1,1,1
C104414,Premium Banking Account,1,1,0,0,0
C104414,Fuel Credit Card,1,0,0,0,0
C104414,Personal Loan,1,1,0,0,0
C104415,Travel Credit Card,1,1,1,0,0
C104415,Home Loan,1,0,0,0,0
C104417,Personal Loan,1,1,0,0,0
C104417,Recurring Deposit,1,0,0,0,0
C104417,Fixed Deposit,1,1,0,0,0
C104417,Travel Credit Card,1,1,0,0,0
C104418,Cashback Credit Card,1,1,0,0,0
C104418,Premium Credit Card,1,1,0,0,0
C104418,Investment Plan (Mutual Fund SIP),1,1,1,0,0
C104419,Travel Credit Card,1,1,0,0,0
C104419,Premium Banking Account,1,0,0,0,0
C104419,Recurring Deposit,1,1,0,0,0
C104419,Personal Loan,1,0,0,0,0
C104419,Term Insurance,1,1,1,1,0
C104420,Fixed Deposit,1,0,0,0,0
C104420,Cashback Credit Card,1,0,0,0,0
C104420,Premium Credit Card,1,1,1,0,0
C104421,Recurring Deposit,1,1,0,0,0
C104421,Term Insurance,1,0,0,0,0
C104421,Travel Credit Card,1,0,0,0,0
C104421,Investment Plan (Mutual Fund SIP),1,0,0,0,0
C104422,Fixed Deposit,1,0,0,0,0
C104423,Term Insurance,1,1,0,0,0
C104424,Term Insurance,1,1,0,0,0
C104424,Personal Loan,1,1,0,0,0
C104424,Travel Credit Card,1,0,0,0,0
C104424,Premium Credit Card,1,0,0,0,0
C104425,Fuel Credit Card,1,1,0,0,0
C104427,Investment Plan (Mutual Fund SIP),1,0,0,0,0
C104427,Cashback Credit Card,1,1,0,0,0
C104427,Recurring Deposit,1,1,0,0,0
C104427,Term Insurance,1,1,0,0,0
C104429,Recurring Deposit,1,1,0,0,0
C104429,Personal Loan,1,1,1,1,1
C104429,Investment Plan (Mutual Fund SIP),1,1,0,0,0
C104429,Term Insurance,1,1,0,0,0
C104429,Premium Credit Card,1,0,0,0,0
C104430,Fuel Credit Card,1,0,0,0,0
C104432,Fixed Deposit,1,1,0,0,0
C104432,Cashback Credit Card,1,0,0,0,0
C104432,Investment Plan (Mutual Fund SIP),1,0,0,0,0
C104432,Fuel Credit Card,1,0,0,0,0
C104432,Term Insurance,1,1,1,1,0
C104433,Recurring Deposit,1,0,0,0,0
C104433,Premium Banking Account,1,0,0,0,0
C104433,Premium Credit Card,1,0,0,0,0
C104433,Term Insurance,1,1,0,0,0
C104434,Premium Credit Card,1,1,1,1,0
C104434,Personal Loan,1,0,0,0,0
C104434,Travel Credit Card,1,1,0,0,0
C104434,Fixed Deposit,1,0,0,0,0
C104434,Recurring Deposit,1,1,0,0,0
C104435,Premium Credit Card,1,0,0,0,0
C104435,Premium Banking Account,1,0,0,0,0
C104435,Fuel Credit Card,1,0,0,0,0
C104435,Personal Loan,1,0,0,0,0
C104435,Term Insurance,1,1,0,0,0
C104436,Fixed Deposit,1,0,0,0,0
C104436,Fuel Credit Card,1,1,0,0,0
C104437,Home Loan,1,1,0,0,0
C104437,Fixed Deposit,1,0,0,0,0
C104437,Term Insurance,1,1,1,1,0
C104437,Recurring Deposit,1,1,0,0,0
C104437,Investment Plan (Mutual Fund SIP),1,0,0,0,0
C104438,Fixed Deposit,1,1,0,0,0
C104438,Cashback Credit Card,1,1,0,0,0
C104438,Fuel Credit Card,1,0,0,0,0
C104438,Term Insurance,1,0,0,0,0
C104438,Recurring Deposit,1,0,0,0,0
C104439,Investment Plan (Mutual Fund SIP),1,0,0,0,0
C104439,Term Insurance,1,1,1,1,1
C104439,Premium Credit Card,1,1,0,0,0
C104439,Home Loan,1,0,0,0,0
C104439,Premium Banking Account,1,0,0,0,0
C104440,Premium Credit Card,1,0,0,0,0
C104440,Home Loan,1,1,1,1,1
C104442,Investment Plan (Mutual Fund SIP),1,0,0,0,0
C104442,Cashback Credit Card,1,0,0,0,0
C104442,Premium Banking Account,1,0,0,0,0
C104442,Travel Credit Card,1,0,0,0,0
C104442,Fixed Deposit,1,1,0,0,0
C104444,Investment Plan (Mutual Fund SIP),1,1,0,0,0
C104444,Fuel Credit Card,1,0,0,0,0
C104444,Personal Loan,1,1,0,0,0
C104444,Premium Banking Account,1,0,0,0,0
C104444,Fixed Deposit,1,1,0,0,0
C104445,Home Loan,1,0,0,0,0
C104445,Travel Credit Card,1,0,0,0,0
C104445,Recurring Deposit,1,0,0,0,0
C104445,Cashback Credit Card,1,1,0,0,0
C104445,Premium Banking Account,1,1,1,0,0
C104447,Term Insurance,1,1,0,0,0
C104447,Premium Credit Card,1,0,0,0,0
C104447,Fixed Deposit,1,1,0,0,0
C104447,Personal Loan,1,0,0,0,0
C104447,Investment Plan (Mutual Fund SIP),1,0,0,0,0
C104448,Recurring Deposit,1,1,1,0,0
C104449,Travel Credit Card,1,1,1,1,1
C104449,Investment Plan (Mutual Fund SIP),1,1,0,0,0
C104449,Premium Banking Account,1,0,0,0,0
C104451,Cashback Credit Card,1,1,0,0,0
C104452,Term Insurance,1,0,0,0,0
C104452,Home Loan,1,0,0,0,0
C104452,Personal Loan,1,1,0,0,0
C104454,Fuel Credit Card,1,1,0,0,0
C104454,Recurring Deposit,1,1,1,0,0
C104454,Premium Banking Account,1,1,1,1,1
C104454,Cashback Credit Card,1,1,0,0,0
C104455,Recurring Deposit,1,1,1,0,0
C104456,Investment Plan (Mutual Fund SIP),1,1,1,1,1
C104457,Fixed Deposit,1,0,0,0,0
C104458,Fuel Credit Card,1,0,0,0,0
C104458,Travel Credit Card,1,0,0,0,0
C104458,Personal Loan,1,0,0,0,0
C104458,Investment Plan (Mutual Fund SIP),1,1,0,0,0
C104458,Premium Credit Card,1,1,1,0,0
C104459,Premium Credit Card,1,0,0,0,0
C104461,Premium Credit Card,1,0,0,0,0
C104461,Investment Plan (Mutual Fund SIP),1,1,0,0,0
C104461,Term Insurance,1,1,0,0,0
C104461,Home Loan,1,1,0,0,0
C104461,Travel Credit Card,1,0,0,0,0
C104462,Fuel Credit Card,1,0,0,0,0
C104462,Fixed Deposit,1,0,0,0,0
C104462,Investment Plan (Mutual Fund SIP),1,1,1,1,1
C104462,Travel Credit Card,1,1,1,1,0
C104462,Premium Banking Account,1,1,0,0,0
C104463,Premium Credit Card,1,0,0,0,0
C104463,Investment Plan (Mutual Fund SIP),1,0,0,0,0
C104463,Premium Banking Account,1,0,0,0,0
C104463,Cashback Credit Card,1,1,0,0,0
C104464,Premium Banking Account,1,1,1,1,1
C104464,Cashback Credit Card,1,0,0,0,0
C104465,Fixed Deposit,1,1,1,1,1
C104465,Fuel Credit Card,1,1,0,0,0
C104465,Investment Plan (Mutual Fund SIP),1,1,1,1,1
C104465,Personal Loan,1,0,0,0,0
C104465,Travel Credit Card,1,0,0,0,0
C104466,Fixed Deposit,1,0,0,0,0
C104466,Personal Loan,1,1,0,0,0
C104467,Premium Banking Account,1,1,0,0,0
C104469,Travel Credit Card,1,1,0,0,0
C104469,Recurring Deposit,1,1,0,0,0
C104469,Personal Loan,1,0,0,0,0
C104471,Fuel Credit Card,1,0,0,0,0
C104472,Recurring Deposit,1,1,1,1,1
C104472,Premium Banking Account,1,1,0,0,0
C104472,Fixed Deposit,1,1,0,0,0
C104472,Investment Plan (Mutual Fund SIP),1,0,0,0,0
C104473,Fixed Deposit,1,0,0,0,0
C104473,Recurring Deposit,1,0,0,0,0
C104474,Premium Banking Account,1,0,0,0,0
C104474,Recurring Deposit,1,0,0,0,0
C104474,Personal Loan,1,0,0,0,0
C104474,Fixed Deposit,1,1,0,0,0
C104474,Term Insurance,1,0,0,0,0
C104476,Travel Credit Card,1,1,1,0,0
C104477,Investment Plan (Mutual Fund SIP),1,1,0,0,0
C104477,Premium Credit Card,1,0,0,0,0
C104477,Recurring Deposit,1,1,1,1,0
C104477,Home Loan,1,1,0,0,0
C104477,Fixed Deposit,1,1,0,0,0
C104478,Recurring Deposit,1,1,1,1,1
C104478,Fixed Deposit,1,0,0,0,0
C104479,Home Loan,1,1,1,1,1
C104479,Fixed Deposit,1,1,1,1,1
C104479,Travel Credit Card,1,0,0,0,0
C104479,Cashback Credit Card,1,1,1,1,1
C104479,Personal Loan,1,0,0,0,0
C104480,Term Insurance,1,1,0,0,0
C104480,Premium Banking Account,1,1,1,1,1
C104480,Investment Plan (Mutual Fund SIP),1,1,0,0,0
C104480,Fixed Deposit,1,1,1,0,0
C104481,Home Loan,1,1,0,0,0
C104481,Premium Banking Account,1,1,1,1,1
C104481,Cashback Credit Card,1,0,0,0,0
C104481,Premium Credit Card,1,1,1,1,1
C104482,Travel Credit Card,1,0,0,0,0
C104482,Fixed Deposit,1,1,0,0,0
C104482,Personal Loan,1,1,0,0,0
C104483,Investment Plan (Mutual Fund SIP),1,0,0,0,0
C104483,Premium Credit Card,1,0,0,0,0
C104483,Term Insurance,1,0,0,0,0
C104484,Fixed Deposit,1,0,0,0,0
C104484,Home Loan,1,0,0,0,0
C104484,Recurring Deposit,1,0,0,0,0
C104485,Premium Banking Account,1,1,0,0,0
C104485,Personal Loan,1,1,0,0,0
C104485,Home Loan,1,0,0,0,0
C104487,Travel Credit Card,1,1,0,0,0
C104487,Home Loan,1,0,0,0,0
C104487,Recurring Deposit,1,1,1,0,0
C104487,Personal Loan,1,1,0,0,0
C104488,Premium Credit Card,1,1,1,1,0
C104489,Premium Banking Account,1,0,0,0,0
C104489,Premium Credit Card,1,1,0,0,0
C104489,Fixed Deposit,1,0,0,0,0
C104489,Recurring Deposit,1,0,0,0,0
C104492,Recurring Deposit,1,0,0,0,0
C104492,Personal Loan,1,1,0,0,0
C104492,Cashback Credit Card,1,0,0,0,0
C104493,Term Insurance,1,1,0,0,0
C104493,Travel Credit Card,1,1,0,0,0
C104494,Home Loan,1,1,1,1,1
C104494,Recurring Deposit,1,0,0,0,0
C104494,Personal Loan,1,1,1,1,1
C104494,Fuel Credit Card,1,1,0,0,0
C104494,Travel Credit Card,1,1,0,0,0
C104495,Investment Plan (Mutual Fund SIP),1,0,0,0,0
C104496,Fixed Deposit,1,0,0,0,0
C104496,Fuel Credit Card,1,0,0,0,0
C104496,Home Loan,1,0,0,0,0
C104498,Cashback Credit Card,1,1,0,0,0
C104498,Premium Credit Card,1,0,0,0,0
C104498,Premium Banking Account,1,1,1,1,1
C104499,Premium Banking Account,1,0,0,0,0
C104500,Premium Banking Account,1,0,0,0,0
C104501,Premium Credit Card,1,0,0,0,0
C104501,Fuel Credit Card,1,1,0,0,0
C104501,Investment Plan (Mutual Fund SIP),1,1,1,1,1
C104501,Recurring Deposit,1,1,0,0,0
C104502,Fuel Credit Card,1,1,0,0,0
C104502,Travel Credit Card,1,1,0,0,0
C104502,Premium Credit Card,1,1,0,0,0
C104503,Investment Plan (Mutual Fund SIP),1,0,0,0,0
C104503,Recurring Deposit,1,0,0,0,0
C104503,Travel Credit Card,1,0,0,0,0
C104503,Premium Banking Account,1,0,0,0,0
C104503,Cashback Credit Card,1,1,0,0,0
C104504,Investment Plan (Mutual Fund SIP),1,1,1,1,1
C104504,Premium Banking Account,1,0,0,0,0
C104505,Cashback Credit Card,1,1,0,0,0
C104505,Personal Loan,1,1,0,0,0
C104505,Term Insurance,1,1,0,0,0
C104505,Fixed Deposit,1,1,0,0,0
C104506,Home Loan,1,1,1,1,1
C104507,Term Insurance,1,0,0,0,0
C104507,Premium Credit Card,1,0,0,0,0
C104507,Investment Plan (Mutual Fund SIP),1,1,0,0,0
C104507,Premium Banking Account,1,0,0,0,0
C104508,Recurring Deposit,1,1,0,0,0
C104508,Travel Credit Card,1,1,1,0,0
C104508,Premium Credit Card,1,1,0,0,0
C104508,Term Insurance,1,0,0,0,0
C104508,Home Loan,1,1,1,1,1
C104509,Recurring Deposit,1,0,0,0,0
C104509,Fixed Deposit,1,1,1,0,0
C104509,Fuel Credit Card,1,1,1,1,1
C104510,Recurring Deposit,1,1,0,0,0
C104510,Fixed Deposit,1,0,0,0,0
C104510,Fuel Credit Card,1,1,0,0,0
C104510,Personal Loan,1,1,0,0,0
C104511,Personal Loan,1,0,0,0,0
C104511,Recurring Deposit,1,1,1,1,1
C104512,Premium Banking Account,1,1,0,0,0
C104512,Recurring Deposit,1,0,0,0,0
C104512,Premium Credit Card,1,1,0,0,0
C104512,Travel Credit Card,1,1,1,1,1
C104513,Term Insurance,1,0,0,0,0
C104513,Home Loan,1,1,1,1,1
C104514,Fixed Deposit,1,1,0,0,0
C104516,Premium Banking Account,1,0,0,0,0
C104516,Home Loan,1,1,1,1,1
C104519,Term Insurance,1,1,0,0,0
C104519,Personal Loan,1,1,0,0,0
C104519,Premium Credit Card,1,1,1,1,1
C104519,Premium Banking Account,1,1,0,0,0
C104521,Investment Plan (Mutual Fund SIP),1,0,0,0,0
C104522,Premium Credit Card,1,1,0,0,0
C104523,Fuel Credit Card,1,1,0,0,0
C104523,Term Insurance,1,0,0,0,0
C104523,Personal Loan,1,1,0,0,0
C104524,Investment Plan (Mutual Fund SIP),1,1,1,0,0
C104524,Travel Credit Card,1,1,0,0,0
C104524,Fixed Deposit,1,1,1,1,0
C104525,Fixed Deposit,1,0,0,0,0
C104525,Fuel Credit Card,1,1,0,0,0
C104527,Fuel Credit Card,1,1,1,0,0
C104527,Premium Banking Account,1,0,0,0,0
C104527,Investment Plan (Mutual Fund SIP),1,0,0,0,0
C104527,Fixed Deposit,1,1,0,0,0
C104527,Term Insurance,1,0,0,0,0
C104528,Investment Plan (Mutual Fund SIP),1,0,0,0,0
C104528,Travel Credit Card,1,0,0,0,0
C104528,Fuel Credit Card,1,0,0,0,0
C104528,Personal Loan,1,0,0,0,0
C104529,Home Loan,1,1,0,0,0
C104529,Investment Plan (Mutual Fund SIP),1,0,0,0,0
C104529,Fixed Deposit,1,1,1,0,0
C104529,Cashback Credit Card,1,0,0,0,0
C104530,Recurring Deposit,1,1,1,0,0
C104530,Investment Plan (Mutual Fund SIP),1,0,0,0,0
C104530,Fuel Credit Card,1,0,0,0,0
C104531,Fixed Deposit,1,0,0,0,0
C104531,Recurring Deposit,1,1,0,0,0
C104533,Personal Loan,1,1,1,0,0
C104533,Travel Credit Card,1,1,0,0,0
C104533,Cashback Credit Card,1,1,0,0,0
C104534,Premium Credit Card,1,1,0,0,0
C104534,Recurring Deposit,1,0,0,0,0
C104534,Investment Plan (Mutual Fund SIP),1,0,0,0,0
C104534,Term Insurance,1,0,0,0,0
C104535,Home Loan,1,0,0,0,0
C104535,Investment Plan (Mutual Fund SIP),1,0,0,0,0
C104535,Premium Banking Account,1,0,0,0,0
C104536,Home Loan,1,0,0,0,0
C104536,Recurring Deposit,1,1,0,0,0
C104536,Travel Credit Card,1,0,0,0,0
C104536,Premium Credit Card,1,1,0,0,0
C104537,Recurring Deposit,1,0,0,0,0
C104537,Fuel Credit Card,1,1,0,0,0
C104538,Cashback Credit Card,1,1,0,0,0
C104539,Home Loan,1,0,0,0,0
C104539,Recurring Deposit,1,1,0,0,0
C104539,Travel Credit Card,1,1,0,0,0
C104539,Investment Plan (Mutual Fund SIP),1,1,0,0,0
C104541,Investment Plan (Mutual Fund SIP),1,1,0,0,0
C104541,Fuel Credit Card,1,1,1,1,1
C104541,Recurring Deposit,1,1,0,0,0
C104541,Premium Banking Account,1,1,0,0,0
C104542,Fixed Deposit,1,0,0,0,0
C104543,Travel Credit Card,1,0,0,0,0
C104543,Term Insurance,1,0,0,0,0
C104543,Home Loan,1,1,0,0,0
C104544,Home Loan,1,1,1,1,1
C104544,Recurring Deposit,1,0,0,0,0
C104544,Cashback Credit Card,1,0,0,0,0
C104544,Personal Loan,1,0,0,0,0
C104544,Fixed Deposit,1,1,0,0,0
C104545,Recurring Deposit,1,0,0,0,0
C104545,Cashback Credit Card,1,0,0,0,0
C104545,Fixed Deposit,1,0,0,0,0
C104546,Premium Credit Card,1,1,0,0,0
C104546,Home Loan,1,1,0,0,0
C104546,Fixed Deposit,1,1,0,0,0
C104546,Personal Loan,1,0,0,0,0
C104547,Premium Banking Account,1,0,0,0,0
C104547,Cashback Credit Card,1,1,0,0,0
C104550,Personal Loan,1,0,0,0,0
C104550,Premium Credit Card,1,1,0,0,0
C104550,Travel Credit Card,1,0,0,0,0
C104550,Premium Banking Account,1,1,1,1,1
C104550,Cashback Credit Card,1,0,0,0,0
C104551,Fixed Deposit,1,0,0,0,0
C104551,Fuel Credit Card,1,0,0,0,0
C104551,Term Insurance,1,0,0,0,0
C104551,Investment Plan (Mutual Fund SIP),1,0,0,0,0
C104551,Premium Banking Account,1,1,1,1,0
C104552,Cashback Credit Card,1,0,0,0,0
C104553,Recurring Deposit,1,0,0,0,0
C104553,Home Loan,1,0,0,0,0
C104553,Investment Plan (Mutual Fund SIP),1,0,0,0,0
C104553,Fixed Deposit,1,1,1,0,0
C104554,Term Insurance,1,0,0,0,0
C104554,Fuel Credit Card,1,1,1,1,0
C104554,Travel Credit Card,1,0,0,0,0
C104554,Fixed Deposit,1,1,0,0,0
C104555,Home Loan,1,0,0,0,0
C104555,Fuel Credit Card,1,1,0,0,0
C104557,Recurring Deposit,1,0,0,0,0
C104557,Premium Credit Card,1,0,0,0,0
C104558,Term Insurance,1,1,0,0,0
C104558,Premium Credit Card,1,1,1,0,0
C104558,Fixed Deposit,1,0,0,0,0
C104558,Premium Banking Account,1,1,0,0,0
C104558,Fuel Credit Card,1,1,0,0,0
C104559,Premium Credit Card,1,1,0,0,0
C104559,Recurring Deposit,1,1,0,0,0
C104559,Term Insurance,1,0,0,0,0
C104560,Recurring Deposit,1,1,0,0,0
C104560,Cashback Credit Card,1,0,0,0,0
C104560,Fuel Credit Card,1,1,1,1,0
C104560,Premium Banking Account,1,1,0,0,0
C104560,Home Loan,1,0,0,0,0
C104561,Investment Plan (Mutual Fund SIP),1,0,0,0,0
C104561,Fixed Deposit,1,1,0,0,0
C104561,Home Loan,1,0,0,0,0
C104561,Term Insurance,1,1,0,0,0
C104561,Fuel Credit Card,1,0,0,0,0
C104562,Recurring Deposit,1,1,1,1,1
C104562,Term Insurance,1,0,0,0,0
C104562,Travel Credit Card,1,0,0,0,0
C104563,Home Loan,1,1,1,1,1
C104564,Personal Loan,1,0,0,0,0
C104564,Premium Banking Account,1,1,1,1,1
C104565,Personal Loan,1,1,1,1,1
C104565,Premium Credit Card,1,1,0,0,0
C104565,Cashback Credit Card,1,0,0,0,0
C104565,Investment Plan (Mutual Fund SIP),1,0,0,0,0
C104566,Premium Credit Card,1,1,1,1,1
C104566,Personal Loan,1,1,1,1,0
C104566,Home Loan,1,1,0,0,0
C104567,Premium Banking Account,1,1,0,0,0
C104569,Personal Loan,1,0,0,0,0
C104569,Premium Banking Account,1,1,0,0,0
C104571,Travel Credit Card,1,1,1,1,1
C104571,Term Insurance,1,1,0,0,0
C104571,Investment Plan (Mutual Fund SIP),1,0,0,0,0
C104571,Premium Banking Account,1,1,0,0,0
C104571,Recurring Deposit,1,0,0,0,0
C104572,Premium Banking Account,1,0,0,0,0
C104572,Fuel Credit Card,1,0,0,0,0
C104572,Personal Loan,1,0,0,0,0
C104573,Personal Loan,1,1,0,0,0
C104573,Fuel Credit Card,1,0,0,0,0
C104575,Home Loan,1,1,0,0,0
C104575,Term Insurance,1,1,1,1,1
C104575,Premium Banking Account,1,0,0,0,0
C104575,Investment Plan (Mutual Fund SIP),1,1,0,0,0
C104575,Cashback Credit Card,1,1,0,0,0
C104576,Home Loan,1,1,0,0,0
C104576,Investment Plan (Mutual Fund SIP),1,0,0,0,0
C104577,Fixed Deposit,1,1,1,1,0
C104577,Premium Credit Card,1,0,0,0,0
C104577,Home Loan,1,1,0,0,0
C104577,Recurring Deposit,1,1,0,0,0
C104578,Personal Loan,1,0,0,0,0
C104578,Fuel Credit Card,1,0,0,0,0
C104578,Cashback Credit Card,1,0,0,0,0
C104578,Recurring Deposit,1,0,0,0,0
C104579,Fuel Credit Card,1,0,0,0,0
C104580,Home Loan,1,0,0,0,0
C104580,Premium Banking Account,1,0,0,0,0
C104581,Premium Credit Card,1,1,0,0,0
C104582,Recurring Deposit,1,1,1,1,1
C104582,Cashback Credit Card,1,0,0,0,0
C104584,Cashback Credit Card,1,1,0,0,0
C104584,Fixed Deposit,1,1,1,0,0
C104584,Term Insurance,1,0,0,0,0
C104584,Investment Plan (Mutual Fund SIP),1,1,0,0,0
C104585,Investment Plan (Mutual Fund SIP),1,0,0,0,0
C104585,Term Insurance,1,1,1,1,0
C104585,Home Loan,1,0,0,0,0
C104586,Travel Credit Card,1,0,0,0,0
C104586,Investment Plan (Mutual Fund SIP),1,0,0,0,0
C104586,Term Insurance,1,1,0,0,0
C104587,Recurring Deposit,1,0,0,0,0
C104587,Term Insurance,1,1,0,0,0
C104587,Cashback Credit Card,1,1,0,0,0
C104587,Fixed Deposit,1,0,0,0,0
C104588,Personal Loan,1,0,0,0,0
C104588,Travel Credit Card,1,0,0,0,0
C104588,Term Insurance,1,0,0,0,0
C104588,Recurring Deposit,1,1,0,0,0
C104588,Cashback Credit Card,1,0,0,0,0
C104589,Investment Plan (Mutual Fund SIP),1,0,0,0,0
C104589,Term Insurance,1,1,0,0,0
C104589,Travel Credit Card,1,1,1,1,1
C104589,Premium Credit Card,1,0,0,0,0
C104590,Premium Credit Card,1,1,0,0,0
C104590,Home Loan,1,1,1,1,1
C104590,Personal Loan,1,1,1,0,0
C104590,Investment Plan (Mutual Fund SIP),1,1,1,1,0
C104591,Premium Credit Card,1,0,0,0,0
C104591,Recurring Deposit,1,0,0,0,0
C104592,Investment Plan (Mutual Fund SIP),1,0,0,0,0
C104592,Home Loan,1,1,1,1,1
C104592,Term Insurance,1,1,0,0,0
C104592,Premium Credit Card,1,0,0,0,0
C104592,Fixed Deposit,1,0,0,0,0
C104593,Recurring Deposit,1,1,0,0,0
C104593,Premium Banking Account,1,1,1,0,0
C104594,Travel Credit Card,1,1,0,0,0
C104594,Premium Banking Account,1,0,0,0,0
C104595,Personal Loan,1,0,0,0,0
C104595,Fuel Credit Card,1,0,0,0,0
C104595,Premium Credit Card,1,0,0,0,0
C104595,Recurring Deposit,1,0,0,0,0
C104596,Term Insurance,1,1,0,0,0
C104596,Cashback Credit Card,1,0,0,0,0
C104596,Personal Loan,1,0,0,0,0
C104596,Travel Credit Card,1,0,0,0,0
C104597,Travel Credit Card,1,0,0,0,0
C104597,Premium Banking Account,1,0,0,0,0
C104597,Recurring Deposit,1,1,0,0,0
C104597,Home Loan,1,1,0,0,0
C104597,Term Insurance,1,1,0,0,0
C104598,Cashback Credit Card,1,1,0,0,0
C104598,Premium Banking Account,1,1,0,0,0
C104598,Investment Plan (Mutual Fund SIP),1,1,0,0,0
C104598,Fuel Credit Card,1,1,1,1,1
C104598,Recurring Deposit,1,0,0,0,0
C104599,Fuel Credit Card,1,1,1,1,1
C104600,Investment Plan (Mutual Fund SIP),1,0,0,0,0
C104600,Premium Banking Account,1,1,0,0,0
C104600,Travel Credit Card,1,1,0,0,0
C104600,Home Loan,1,1,1,1,1
C104603,Term Insurance,1,1,0,0,0
C104603,Fixed Deposit,1,1,0,0,0
C104604,Home Loan,1,0,0,0,0
C104605,Recurring Deposit,1,1,1,1,1
C104606,Investment Plan (Mutual Fund SIP),1,0,0,0,0
C104606,Fixed Deposit,1,0,0,0,0
C104606,Premium Banking Account,1,0,0,0,0
C104606,Cashback Credit Card,1,1,0,0,0
C104606,Recurring Deposit,1,0,0,0,0
C104607,Fixed Deposit,1,0,0,0,0
C104607,Recurring Deposit,1,0,0,0,0
C104607,Home Loan,1,0,0,0,0
C104607,Personal Loan,1,1,0,0,0
C104607,Premium Banking Account,1,0,0,0,0
C104608,Home Loan,1,0,0,0,0
C104609,Investment Plan (Mutual Fund SIP),1,0,0,0,0
C104610,Personal Loan,1,0,0,0,0
C104610,Premium Credit Card,1,1,0,0,0
C104611,Fixed Deposit,1,1,0,0,0
C104613,Travel Credit Card,1,1,1,1,1
C104613,Fuel Credit Card,1,1,1,0,0
C104613,Fixed Deposit,1,0,0,0,0
C104614,Home Loan,1,1,1,0,0
C104614,Fixed Deposit,1,1,1,1,1
C104615,Fixed Deposit,1,0,0,0,0
C104615,Term Insurance,1,1,0,0,0
C104615,Premium Banking Account,1,1,0,0,0
C104615,Travel Credit Card,1,1,1,0,0
C104616,Premium Banking Account,1,1,0,0,0
C104616,Recurring Deposit,1,1,0,0,0
C104616,Investment Plan (Mutual Fund SIP),1,0,0,0,0
C104616,Premium Credit Card,1,0,0,0,0
C104617,Premium Banking Account,1,0,0,0,0
C104618,Travel Credit Card,1,0,0,0,0
C104619,Cashback Credit Card,1,1,0,0,0
C104619,Recurring Deposit,1,1,0,0,0
C104620,Travel Credit Card,1,1,0,0,0
C104620,Home Loan,1,0,0,0,0
C104621,Fuel Credit Card,1,1,1,1,0
C104623,Travel Credit Card,1,0,0,0,0
C104623,Premium Banking Account,1,0,0,0,0
C104623,Cashback Credit Card,1,0,0,0,0
C104623,Personal Loan,1,0,0,0,0
C104623,Premium Credit Card,1,0,0,0,0
C104624,Recurring Deposit,1,1,0,0,0
C104624,Cashback Credit Card,1,1,0,0,0
C104624,Fixed Deposit,1,1,1,0,0
C104625,Recurring Deposit,1,0,0,0,0
C104625,Cashback Credit Card,1,0,0,0,0
C104625,Travel Credit Card,1,0,0,0,0
C104626,Cashback Credit Card,1,1,0,0,0
C104627,Investment Plan (Mutual Fund SIP),1,1,1,1,1
C104627,Recurring Deposit,1,1,0,0,0
C104628,Investment Plan (Mutual Fund SIP),1,1,0,0,0
C104629,Investment Plan (Mutual Fund SIP),1,1,0,0,0
C104629,Travel Credit Card,1,0,0,0,0
C104629,Personal Loan,1,0,0,0,0
C104629,Premium Credit Card,1,1,0,0,0
C104629,Fuel Credit Card,1,0,0,0,0
C104630,Fixed Deposit,1,0,0,0,0
C104631,Personal Loan,1,1,0,0,0
C104631,Fuel Credit Card,1,0,0,0,0
C104632,Personal Loan,1,1,0,0,0
C104632,Premium Credit Card,1,0,0,0,0
C104632,Premium Banking Account,1,0,0,0,0
C104632,Travel Credit Card,1,0,0,0,0
C104633,Term Insurance,1,1,0,0,0
C104633,Travel Credit Card,1,0,0,0,0
C104633,Fixed Deposit,1,0,0,0,0
C104634,Personal Loan,1,0,0,0,0
C104634,Premium Banking Account,1,1,1,1,1
C104634,Premium Credit Card,1,1,1,1,1
C104634,Term Insurance,1,0,0,0,0
C104634,Home Loan,1,1,0,0,0
C104636,Premium Credit Card,1,0,0,0,0
C104636,Recurring Deposit,1,1,0,0,0
C104636,Cashback Credit Card,1,0,0,0,0
C104637,Term Insurance,1,1,0,0,0
C104637,Fixed Deposit,1,0,0,0,0
C104637,Recurring Deposit,1,0,0,0,0
C104638,Fixed Deposit,1,0,0,0,0
C104638,Fuel Credit Card,1,0,0,0,0
C104638,Premium Credit Card,1,1,1,1,0
C104639,Cashback Credit Card,1,1,0,0,0
C104639,Personal Loan,1,1,0,0,0
C104639,Fuel Credit Card,1,1,0,0,0
C104640,Fuel Credit Card,1,1,0,0,0
C104640,Home Loan,1,1,0,0,0
C104640,Premium Credit Card,1,1,1,1,1
C104640,Recurring Deposit,1,1,0,0,0
C104640,Term Insurance,1,1,1,0,0
C104642,Fuel Credit Card,1,0,0,0,0
C104642,Recurring Deposit,1,0,0,0,0
C104643,Fuel Credit Card,1,0,0,0,0
C104643,Cashback Credit Card,1,1,0,0,0
C104643,Premium Banking Account,1,1,0,0,0
C104644,Fuel Credit Card,1,0,0,0,0
C104644,Fixed Deposit,1,1,1,0,0
C104645,Premium Banking Account,1,1,0,0,0
C104645,Travel Credit Card,1,1,0,0,0
C104647,Fixed Deposit,1,1,1,1,1
C104647,Recurring Deposit,1,1,0,0,0
C104647,Investment Plan (Mutual Fund SIP),1,0,0,0,0
C104648,Premium Credit Card,1,0,0,0,0
C104648,Cashback Credit Card,1,0,0,0,0
C104648,Investment Plan (Mutual Fund SIP),1,1,1,1,1
C104649,Fixed Deposit,1,1,1,1,1
C104649,Premium Credit Card,1,1,1,0,0
C104649,Personal Loan,1,0,0,0,0
C104650,Fixed Deposit,1,0,0,0,0
C104650,Term Insurance,1,0,0,0,0
C104650,Premium Credit Card,1,1,1,1,1
C104650,Premium Banking Account,1,0,0,0,0
C104651,Personal Loan,1,1,1,1,1
C104651,Cashback Credit Card,1,1,1,0,0
C104651,Fixed Deposit,1,0,0,0,0
C104651,Fuel Credit Card,1,1,0,0,0
C104651,Investment Plan (Mutual Fund SIP),1,1,0,0,0
C104652,Investment Plan (Mutual Fund SIP),1,1,0,0,0
C104653,Travel Credit Card,1,0,0,0,0
C104653,Investment Plan (Mutual Fund SIP),1,0,0,0,0
C104654,Cashback Credit Card,1,0,0,0,0
C104654,Home Loan,1,1,0,0,0
C104654,Recurring Deposit,1,1,0,0,0
C104654,Term Insurance,1,1,1,1,1
C104654,Investment Plan (Mutual Fund SIP),1,1,0,0,0
C104655,Premium Banking Account,1,1,1,1,1
C104655,Premium Credit Card,1,1,0,0,0
C104655,Investment Plan (Mutual Fund SIP),1,1,0,0,0
C104658,Personal Loan,1,0,0,0,0
C104658,Fixed Deposit,1,1,0,0,0
C104658,Recurring Deposit,1,1,1,0,0
C104662,Premium Banking Account,1,0,0,0,0
C104663,Home Loan,1,1,1,0,0
C104664,Premium Banking Account,1,1,1,1,0
C104664,Home Loan,1,1,0,0,0
C104664,Cashback Credit Card,1,0,0,0,0
C104665,Investment Plan (Mutual Fund SIP),1,1,0,0,0
C104665,Premium Credit Card,1,0,0,0,0
C104666,Premium Banking Account,1,0,0,0,0
C104667,Cashback Credit Card,1,0,0,0,0
C104667,Recurring Deposit,1,1,1,1,1
C104668,Cashback Credit Card,1,1,1,0,0
C104668,Home Loan,1,1,1,1,1
C104668,Investment Plan (Mutual Fund SIP),1,0,0,0,0
C104669,Fuel Credit Card,1,0,0,0,0
C104669,Premium Banking Account,1,1,1,1,1
C104669,Recurring Deposit,1,1,0,0,0
C104670,Investment Plan (Mutual Fund SIP),1,0,0,0,0
C104670,Premium Credit Card,1,1,1,0,0
C104670,Premium Banking Account,1,0,0,0,0
C104671,Recurring Deposit,1,0,0,0,0
C104671,Fuel Credit Card,1,0,0,0,0
C104671,Premium Banking Account,1,1,0,0,0
C104671,Premium Credit Card,1,1,0,0,0
C104675,Premium Credit Card,1,1,0,0,0
C104675,Premium Banking Account,1,0,0,0,0
C104675,Cashback Credit Card,1,1,1,0,0
C104675,Fixed Deposit,1,0,0,0,0
C104676,Fixed Deposit,1,0,0,0,0
C104676,Term Insurance,1,1,0,0,0
C104676,Premium Banking Account,1,1,0,0,0
C104677,Premium Banking Account,1,0,0,0,0
C104677,Travel Credit Card,1,0,0,0,0
C104677,Investment Plan (Mutual Fund SIP),1,0,0,0,0
C104677,Fuel Credit Card,1,0,0,0,0
C104678,Travel Credit Card,1,1,0,0,0
C104678,Home Loan,1,0,0,0,0
C104678,Term Insurance,1,1,1,1,0
C104678,Investment Plan (Mutual Fund SIP),1,0,0,0,0
C104678,Personal Loan,1,1,0,0,0
C104679,Premium Credit Card,1,1,1,1,0
C104681,Fuel Credit Card,1,1,0,0,0
C104681,Premium Banking Account,1,1,1,0,0
C104681,Premium Credit Card,1,0,0,0,0
C104682,Home Loan,1,1,1,1,1
C104682,Cashback Credit Card,1,1,1,1,1
C104682,Term Insurance,1,0,0,0,0
C104682,Fuel Credit Card,1,0,0,0,0
C104683,Fixed Deposit,1,0,0,0,0
C104683,Personal Loan,1,1,0,0,0
C104683,Cashback Credit Card,1,0,0,0,0
C104683,Investment Plan (Mutual Fund SIP),1,1,0,0,0
C104684,Investment Plan (Mutual Fund SIP),1,0,0,0,0
C104684,Fuel Credit Card,1,0,0,0,0
C104684,Recurring Deposit,1,1,0,0,0
C104684,Personal Loan,1,1,0,0,0
C104684,Travel Credit Card,1,1,0,0,0
C104685,Term Insurance,1,1,1,0,0
C104685,Recurring Deposit,1,0,0,0,0
C104685,Premium Credit Card,1,0,0,0,0
C104685,Personal Loan,1,1,0,0,0
C104685,Premium Banking Account,1,1,1,1,1
C104686,Home Loan,1,1,1,0,0
C104686,Premium Credit Card,1,1,1,1,1
C104686,Term Insurance,1,0,0,0,0
C104688,Investment Plan (Mutual Fund SIP),1,1,0,0,0
C104688,Travel Credit Card,1,1,0,0,0
C104688,Term Insurance,1,0,0,0,0
C104688,Cashback Credit Card,1,1,0,0,0
C104689,Fixed Deposit,1,1,0,0,0
C104689,Personal Loan,1,0,0,0,0
C104689,Premium Banking Account,1,0,0,0,0
C104689,Home Loan,1,0,0,0,0
C104689,Recurring Deposit,1,1,0,0,0
C104690,Travel Credit Card,1,0,0,0,0
C104691,Fixed Deposit,1,0,0,0,0
C104691,Premium Credit Card,1,1,0,0,0
C104691,Premium Banking Account,1,1,0,0,0
C104692,Travel Credit Card,1,0,0,0,0
C104692,Fuel Credit Card,1,1,0,0,0
C104692,Cashback Credit Card,1,0,0,0,0
C104692,Premium Credit Card,1,0,0,0,0
C104693,Fuel Credit Card,1,0,0,0,0
C104693,Premium Banking Account,1,0,0,0,0
C104693,Investment Plan (Mutual Fund SIP),1,0,0,0,0
C104693,Premium Credit Card,1,1,0,0,0
C104693,Personal Loan,1,0,0,0,0
C104694,Fuel Credit Card,1,1,1,0,0
C104694,Term Insurance,1,0,0,0,0
C104695,Personal Loan,1,0,0,0,0
C104695,Premium Credit Card,1,0,0,0,0
C104697,Term Insurance,1,1,0,0,0
C104698,Travel Credit Card,1,1,1,0,0
C104698,Premium Banking Account,1,1,0,0,0
C104698,Personal Loan,1,1,1,1,0
C104698,Term Insurance,1,0,0,0,0
C104699,Term Insurance,1,1,0,0,0
C104699,Recurring Deposit,1,1,0,0,0
C104700,Investment Plan (Mutual Fund SIP),1,1,1,1,1
C104701,Premium Banking Account,1,0,0,0,0
C104701,Fixed Deposit,1,0,0,0,0
C104701,Fuel Credit Card,1,1,1,1,1
C104702,Investment Plan (Mutual Fund SIP),1,1,1,1,1
C104702,Fuel Credit Card,1,1,0,0,0
C104702,Premium Credit Card,1,0,0,0,0
C104702,Term Insurance,1,1,0,0,0
C104703,Premium Credit Card,1,0,0,0,0
C104703,Travel Credit Card,1,1,0,0,0
C104703,Personal Loan,1,1,1,1,1
C104704,Recurring Deposit,1,0,0,0,0
C104704,Cashback Credit Card,1,1,0,0,0
C104704,Travel Credit Card,1,0,0,0,0
C104704,Fuel Credit Card,1,0,0,0,0
C104707,Home Loan,1,1,0,0,0
C104707,Fixed Deposit,1,0,0,0,0
C104707,Fuel Credit Card,1,0,0,0,0
C104707,Premium Credit Card,1,0,0,0,0
C104707,Travel Credit Card,1,1,0,0,0
C104708,Term Insurance,1,1,1,1,1
C104708,Home Loan,1,1,0,0,0
C104709,Personal Loan,1,0,0,0,0
C104710,Term Insurance,1,1,0,0,0
C104712,Cashback Credit Card,1,1,0,0,0
C104712,Term Insurance,1,1,0,0,0
C104713,Premium Banking Account,1,1,0,0,0
C104713,Home Loan,1,1,1,1,0
C104713,Term Insurance,1,0,0,0,0
C104713,Premium Credit Card,1,1,1,1,1
C104714,Investment Plan (Mutual Fund SIP),1,1,0,0,0
C104714,Premium Banking Account,1,1,0,0,0
C104714,Cashback Credit Card,1,0,0,0,0
C104714,Personal Loan,1,0,0,0,0
C104715,Fixed Deposit,1,1,0,0,0
C104715,Recurring Deposit,1,1,1,1,1
C104715,Fuel Credit Card,1,0,0,0,0
C104715,Travel Credit Card,1,1,0,0,0
C104717,Investment Plan (Mutual Fund SIP),1,0,0,0,0
C104717,Travel Credit Card,1,0,0,0,0
C104717,Premium Credit Card,1,0,0,0,0
C104718,Premium Credit Card,1,1,1,1,1
C104719,Premium Banking Account,1,0,0,0,0
C104719,Fuel Credit Card,1,0,0,0,0
C104719,Home Loan,1,0,0,0,0
C104719,Investment Plan (Mutual Fund SIP),1,0,0,0,0
C104719,Personal Loan,1,0,0,0,0
C104720,Travel Credit Card,1,0,0,0,0
C104720,Premium Banking Account,1,0,0,0,0
C104720,Fixed Deposit,1,0,0,0,0
C104720,Investment Plan (Mutual Fund SIP),1,0,0,0,0
C104722,Recurring Deposit,1,0,0,0,0
C104722,Premium Banking Account,1,0,0,0,0
C104722,Personal Loan,1,1,0,0,0
C104722,Term Insurance,1,1,0,0,0
C104722,Home Loan,1,0,0,0,0
C104724,Term Insurance,1,0,0,0,0
C104724,Recurring Deposit,1,1,1,1,1
C104724,Fuel Credit Card,1,0,0,0,0
C104724,Travel Credit Card,1,1,0,0,0
C104724,Personal Loan,1,0,0,0,0
C104725,Premium Credit Card,1,1,0,0,0
C104725,Cashback Credit Card,1,1,0,0,0
C104727,Term Insurance,1,0,0,0,0
C104727,Home Loan,1,1,0,0,0
C104727,Investment Plan (Mutual Fund SIP),1,0,0,0,0
C104728,Recurring Deposit,1,1,0,0,0
C104729,Term Insurance,1,1,1,1,0
C104730,Premium Banking Account,1,1,0,0,0
C104730,Travel Credit Card,1,1,0,0,0
C104730,Personal Loan,1,0,0,0,0
C104730,Fuel Credit Card,1,0,0,0,0
C104732,Premium Banking Account,1,0,0,0,0
C104732,Personal Loan,1,1,1,1,0
C104733,Fuel Credit Card,1,0,0,0,0
C104733,Premium Credit Card,1,1,0,0,0
C104733,Home Loan,1,1,0,0,0
C104734,Personal Loan,1,1,0,0,0
C104735,Cashback Credit Card,1,1,0,0,0
C104735,Personal Loan,1,0,0,0,0
C104735,Recurring Deposit,1,0,0,0,0
C104735,Term Insurance,1,0,0,0,0
C104735,Premium Credit Card,1,1,1,1,1
C104736,Home Loan,1,0,0,0,0
C104736,Personal Loan,1,1,0,0,0
C104736,Investment Plan (Mutual Fund SIP),1,1,0,0,0
C104736,Term Insurance,1,1,1,1,1
C104736,Travel Credit Card,1,1,0,0,0
C104737,Travel Credit Card,1,1,0,0,0
C104737,Home Loan,1,1,0,0,0
C104738,Recurring Deposit,1,1,1,0,0
C104738,Fuel Credit Card,1,1,0,0,0
C104738,Personal Loan,1,0,0,0,0
C104738,Premium Credit Card,1,1,0,0,0
C104738,Fixed Deposit,1,1,1,0,0
C104739,Cashback Credit Card,1,0,0,0,0
C104739,Recurring Deposit,1,1,0,0,0
C104740,Recurring Deposit,1,0,0,0,0
C104740,Premium Credit Card,1,0,0,0,0
C104740,Travel Credit Card,1,0,0,0,0
C104740,Investment Plan (Mutual Fund SIP),1,1,0,0,0
C104740,Premium Banking Account,1,1,1,1,1
C104741,Investment Plan (Mutual Fund SIP),1,1,1,0,0
C104741,Fuel Credit Card,1,1,0,0,0
C104741,Premium Banking Account,1,1,0,0,0
C104741,Recurring Deposit,1,1,0,0,0
C104741,Term Insurance,1,1,0,0,0
C104742,Travel Credit Card,1,0,0,0,0
C104743,Cashback Credit Card,1,1,0,0,0
C104743,Investment Plan (Mutual Fund SIP),1,0,0,0,0
C104743,Premium Banking Account,1,1,1,0,0
C104743,Travel Credit Card,1,0,0,0,0
C104744,Recurring Deposit,1,1,0,0,0
C104745,Cashback Credit Card,1,0,0,0,0
C104747,Cashback Credit Card,1,1,1,1,1
C104748,Fuel Credit Card,1,1,0,0,0
C104749,Fixed Deposit,1,1,0,0,0
C104751,Travel Credit Card,1,1,1,1,0
C104751,Cashback Credit Card,1,1,0,0,0
C104751,Premium Credit Card,1,0,0,0,0
C104751,Investment Plan (Mutual Fund SIP),1,0,0,0,0
C104751,Home Loan,1,1,1,0,0
C104752,Travel Credit Card,1,1,1,1,1
C104752,Premium Credit Card,1,1,0,0,0
C104752,Fixed Deposit,1,1,0,0,0
C104752,Home Loan,1,1,0,0,0
C104752,Investment Plan (Mutual Fund SIP),1,1,1,1,1
C104753,Recurring Deposit,1,1,0,0,0
C104754,Fuel Credit Card,1,0,0,0,0
C104754,Fixed Deposit,1,0,0,0,0
C104754,Premium Banking Account,1,1,1,1,1
C104755,Term Insurance,1,0,0,0,0
C104755,Premium Credit Card,1,0,0,0,0
C104755,Recurring Deposit,1,1,0,0,0
C104755,Home Loan,1,0,0,0,0
C104758,Premium Banking Account,1,1,0,0,0
C104758,Premium Credit Card,1,0,0,0,0
C104758,Travel Credit Card,1,0,0,0,0
C104758,Personal Loan,1,1,1,0,0
C104759,Fuel Credit Card,1,0,0,0,0
C104760,Personal Loan,1,1,0,0,0
C104760,Cashback Credit Card,1,0,0,0,0
C104760,Premium Credit Card,1,1,0,0,0
C104760,Recurring Deposit,1,0,0,0,0
C104761,Premium Banking Account,1,1,0,0,0
C104761,Fixed Deposit,1,1,0,0,0
C104761,Premium Credit Card,1,1,0,0,0
C104761,Investment Plan (Mutual Fund SIP),1,0,0,0,0
C104763,Home Loan,1,0,0,0,0
C104763,Cashback Credit Card,1,0,0,0,0
C104763,Travel Credit Card,1,1,0,0,0
C104763,Premium Banking Account,1,1,0,0,0
C104763,Personal Loan,1,1,1,1,1
C104764,Term Insurance,1,0,0,0,0
C104764,Cashback Credit Card,1,0,0,0,0
C104764,Fixed Deposit,1,0,0,0,0
C104765,Travel Credit Card,1,1,1,1,1
C104765,Cashback Credit Card,1,1,0,0,0
C104765,Premium Banking Account,1,0,0,0,0
C104765,Personal Loan,1,1,1,0,0
C104766,Term Insurance,1,0,0,0,0
C104767,Recurring Deposit,1,0,0,0,0
C104767,Fuel Credit Card,1,1,0,0,0
C104767,Fixed Deposit,1,0,0,0,0
C104767,Travel Credit Card,1,1,0,0,0
C104768,Cashback Credit Card,1,0,0,0,0
C104768,Investment Plan (Mutual Fund SIP),1,0,0,0,0
C104768,Fixed Deposit,1,0,0,0,0
C104771,Fuel Credit Card,1,0,0,0,0
C104771,Premium Banking Account,1,1,0,0,0
C104771,Home Loan,1,1,0,0,0
C104772,Fixed Deposit,1,0,0,0,0
C104772,Personal Loan,1,1,0,0,0
C104772,Investment Plan (Mutual Fund SIP),1,1,0,0,0
C104775,Home Loan,1,0,0,0,0
C104775,Personal Loan,1,0,0,0,0
C104776,Premium Banking Account,1,0,0,0,0
C104776,Cashback Credit Card,1,1,0,0,0
C104776,Recurring Deposit,1,1,1,1,0
C104776,Investment Plan (Mutual Fund SIP),1,0,0,0,0
C104776,Premium Credit Card,1,1,0,0,0
C104777,Term Insurance,1,0,0,0,0
C104777,Travel Credit Card,1,0,0,0,0
C104777,Premium Banking Account,1,0,0,0,0
C104778,Recurring Deposit,1,1,0,0,0
C104778,Investment Plan (Mutual Fund SIP),1,0,0,0,0
C104778,Term Insurance,1,1,0,0,0
C104778,Premium Credit Card,1,0,0,0,0
C104779,Fixed Deposit,1,0,0,0,0
C104779,Recurring Deposit,1,0,0,0,0
C104779,Term Insurance,1,0,0,0,0
C104779,Investment Plan (Mutual Fund SIP),1,0,0,0,0
C104780,Premium Credit Card,1,0,0,0,0
C104780,Fixed Deposit,1,1,0,0,0
C104780,Term Insurance,1,0,0,0,0
C104781,Travel Credit Card,1,0,0,0,0
C104781,Cashback Credit Card,1,0,0,0,0
C104781,Term Insurance,1,0,0,0,0
C104781,Premium Banking Account,1,1,1,0,0
C104781,Premium Credit Card,1,1,0,0,0
C104782,Travel Credit Card,1,1,1,1,1
C104782,Cashback Credit Card,1,1,1,1,1
C104782,Personal Loan,1,1,0,0,0
C104782,Premium Banking Account,1,1,0,0,0
C104784,Travel Credit Card,1,0,0,0,0
C104785,Fixed Deposit,1,1,0,0,0
C104785,Home Loan,1,0,0,0,0
C104785,Travel Credit Card,1,1,0,0,0
C104786,Cashback Credit Card,1,1,0,0,0
C104786,Fixed Deposit,1,0,0,0,0
C104787,Home Loan,1,0,0,0,0
C104787,Fuel Credit Card,1,1,0,0,0
C104787,Travel Credit Card,1,0,0,0,0
C104788,Travel Credit Card,1,1,0,0,0
C104790,Premium Banking Account,1,0,0,0,0
C104790,Travel Credit Card,1,1,0,0,0
C104790,Premium Credit Card,1,1,0,0,0
C104790,Cashback Credit Card,1,1,1,0,0
C104791,Premium Banking Account,1,1,1,1,1
C104791,Fixed Deposit,1,1,1,1,0
C104791,Home Loan,1,1,1,0,0
C104791,Personal Loan,1,1,1,1,0
C104792,Personal Loan,1,1,1,1,1
C104792,Home Loan,1,1,0,0,0
C104792,Cashback Credit Card,1,0,0,0,0
C104793,Personal Loan,1,1,0,0,0
C104793,Travel Credit Card,1,0,0,0,0
C104793,Premium Credit Card,1,1,0,0,0
C104793,Premium Banking Account,1,0,0,0,0
C104793,Recurring Deposit,1,0,0,0,0
C104795,Home Loan,1,1,1,1,0
C104795,Travel Credit Card,1,0,0,0,0
C104795,Term Insurance,1,0,0,0,0
C104795,Premium Credit Card,1,1,0,0,0
C104796,Fixed Deposit,1,0,0,0,0
C104796,Cashback Credit Card,1,0,0,0,0
C104796,Personal Loan,1,1,1,1,0
C104796,Recurring Deposit,1,0,0,0,0
C104796,Premium Credit Card,1,1,1,1,1
C104797,Fixed Deposit,1,0,0,0,0
C104797,Investment Plan (Mutual Fund SIP),1,0,0,0,0
C104797,Premium Banking Account,1,1,0,0,0
C104798,Premium Credit Card,1,1,0,0,0
C104798,Travel Credit Card,1,1,1,0,0
C104798,Premium Banking Account,1,1,1,0,0
C104800,Recurring Deposit,1,1,1,0,0
C104800,Term Insurance,1,0,0,0,0
C104800,Investment Plan (Mutual Fund SIP),1,1,0,0,0
C104800,Fixed Deposit,1,0,0,0,0
C104802,Investment Plan (Mutual Fund SIP),1,1,0,0,0
C104802,Cashback Credit Card,1,1,0,0,0
C104802,Term Insurance,1,0,0,0,0
C104802,Travel Credit Card,1,0,0,0,0
C104803,Home Loan,1,1,0,0,0
C104803,Recurring Deposit,1,0,0,0,0
C104803,Fuel Credit Card,1,1,1,0,0
C104805,Recurring Deposit,1,1,0,0,0
C104805,Fuel Credit Card,1,1,0,0,0
C104805,Premium Banking Account,1,1,0,0,0
C104806,Premium Credit Card,1,0,0,0,0
C104807,Term Insurance,1,0,0,0,0
C104807,Fuel Credit Card,1,1,0,0,0
C104807,Recurring Deposit,1,1,0,0,0
C104807,Travel Credit Card,1,0,0,0,0
C104808,Premium Credit Card,1,1,0,0,0
C104808,Term Insurance,1,0,0,0,0
C104808,Fuel Credit Card,1,0,0,0,0
C104813,Term Insurance,1,1,0,0,0
C104813,Premium Banking Account,1,0,0,0,0
C104814,Recurring Deposit,1,1,0,0,0
C104815,Investment Plan (Mutual Fund SIP),1,0,0,0,0
C104815,Fuel Credit Card,1,0,0,0,0
C104816,Recurring Deposit,1,1,1,0,0
C104817,Recurring Deposit,1,0,0,0,0
C104818,Home Loan,1,1,0,0,0
C104818,Fixed Deposit,1,1,1,1,1
C104818,Premium Banking Account,1,1,0,0,0
C104819,Premium Banking Account,1,1,0,0,0
C104819,Fuel Credit Card,1,0,0,0,0
C104819,Fixed Deposit,1,1,0,0,0
C104819,Term Insurance,1,1,0,0,0
C104819,Home Loan,1,1,1,1,1
C104820,Recurring Deposit,1,1,1,1,1
C104820,Premium Banking Account,1,1,1,1,1
C104820,Term Insurance,1,1,1,0,0
C104821,Fixed Deposit,1,1,0,0,0
C104821,Premium Credit Card,1,0,0,0,0
C104821,Investment Plan (Mutual Fund SIP),1,1,0,0,0
C104822,Fuel Credit Card,1,0,0,0,0
C104822,Premium Credit Card,1,0,0,0,0
C104822,Personal Loan,1,1,0,0,0
C104822,Home Loan,1,0,0,0,0
C104823,Fixed Deposit,1,0,0,0,0
C104823,Fuel Credit Card,1,1,0,0,0
C104823,Premium Banking Account,1,1,1,0,0
C104823,Recurring Deposit,1,1,0,0,0
C104824,Home Loan,1,1,0,0,0
C104824,Term Insurance,1,0,0,0,0
C104824,Cashback Credit Card,1,1,1,0,0
C104824,Travel Credit Card,1,1,1,1,1
C104824,Recurring Deposit,1,1,1,1,0
C104825,Fixed Deposit,1,0,0,0,0
C104826,Term Insurance,1,1,1,0,0
C104826,Premium Credit Card,1,0,0,0,0
C104826,Personal Loan,1,1,1,0,0
C104826,Cashback Credit Card,1,1,1,1,1
C104827,Recurring Deposit,1,1,0,0,0
C104827,Personal Loan,1,0,0,0,0
C104827,Premium Banking Account,1,1,1,1,0
C104827,Fixed Deposit,1,0,0,0,0
C104827,Investment Plan (Mutual Fund SIP),1,1,1,1,1
C104829,Investment Plan (Mutual Fund SIP),1,1,0,0,0
C104829,Travel Credit Card,1,1,0,0,0
C104829,Fixed Deposit,1,0,0,0,0
C104829,Fuel Credit Card,1,0,0,0,0
C104831,Fixed Deposit,1,0,0,0,0
C104831,Premium Credit Card,1,0,0,0,0
C104831,Fuel Credit Card,1,0,0,0,0
C104831,Cashback Credit Card,1,0,0,0,0
C104831,Term Insurance,1,0,0,0,0
C104832,Premium Banking Account,1,0,0,0,0
C104832,Premium Credit Card,1,1,0,0,0
C104832,Recurring Deposit,1,1,0,0,0
C104832,Fixed Deposit,1,1,0,0,0
C104833,Premium Banking Account,1,1,0,0,0
C104834,Personal Loan,1,1,0,0,0
C104834,Fuel Credit Card,1,1,1,0,0
C104834,Fixed Deposit,1,1,0,0,0
C104834,Recurring Deposit,1,0,0,0,0
C104834,Premium Banking Account,1,0,0,0,0
C104835,Fuel Credit Card,1,1,1,1,0
C104835,Investment Plan (Mutual Fund SIP),1,1,1,0,0
C104835,Fixed Deposit,1,0,0,0,0
C104836,Travel Credit Card,1,0,0,0,0
C104836,Fixed Deposit,1,0,0,0,0
C104836,Personal Loan,1,1,1,1,1
C104837,Investment Plan (Mutual Fund SIP),1,1,1,1,1
C104837,Cashback Credit Card,1,1,0,0,0
C104837,Home Loan,1,0,0,0,0
C104837,Premium Credit Card,1,1,1,1,1
C104837,Fuel Credit Card,1,0,0,0,0
C104838,Personal Loan,1,1,0,0,0
C104839,Travel Credit Card,1,1,1,1,1
C104839,Fixed Deposit,1,1,0,0,0
C104839,Personal Loan,1,0,0,0,0
C104839,Term Insurance,1,1,1,0,0
C104839,Recurring Deposit,1,1,0,0,0
C104840,Premium Credit Card,1,1,0,0,0
C104840,Premium Banking Account,1,1,1,1,1
C104840,Fixed Deposit,1,1,1,1,1
C104840,Travel Credit Card,1,1,1,1,1
C104841,Fuel Credit Card,1,1,0,0,0
C104841,Cashback Credit Card,1,0,0,0,0
C104841,Travel Credit Card,1,1,1,1,0
C104841,Premium Credit Card,1,0,0,0,0
C104842,Home Loan,1,0,0,0,0
C104842,Fixed Deposit,1,0,0,0,0
C104842,Personal Loan,1,0,0,0,0
C104842,Fuel Credit Card,1,1,0,0,0
C104842,Investment Plan (Mutual Fund SIP),1,1,0,0,0
C104843,Term Insurance,1,0,0,0,0
C104843,Travel Credit Card,1,1,1,0,0
C104843,Investment Plan (Mutual Fund SIP),1,0,0,0,0
C104844,Home Loan,1,0,0,0,0
C104844,Travel Credit Card,1,1,0,0,0
C104845,Cashback Credit Card,1,0,0,0,0
C104845,Fuel Credit Card,1,1,0,0,0
C104845,Fixed Deposit,1,0,0,0,0
C104845,Personal Loan,1,1,0,0,0
C104845,Investment Plan (Mutual Fund SIP),1,0,0,0,0
C104846,Premium Credit Card,1,1,0,0,0
C104846,Term Insurance,1,1,0,0,0
C104846,Fuel Credit Card,1,1,0,0,0
C104846,Recurring Deposit,1,0,0,0,0
C104846,Premium Banking Account,1,0,0,0,0
C104847,Recurring Deposit,1,0,0,0,0
C104847,Personal Loan,1,1,0,0,0
C104847,Home Loan,1,0,0,0,0
C104847,Fuel Credit Card,1,1,0,0,0
C104847,Cashback Credit Card,1,1,0,0,0
C104848,Fuel Credit Card,1,1,0,0,0
C104848,Personal Loan,1,0,0,0,0
C104848,Premium Credit Card,1,1,1,1,1
C104848,Home Loan,1,0,0,0,0
C104849,Term Insurance,1,0,0,0,0
C104849,Home Loan,1,0,0,0,0
C104849,Travel Credit Card,1,1,1,1,1
C104850,Travel Credit Card,1,0,0,0,0
C104851,Personal Loan,1,0,0,0,0
C104851,Premium Credit Card,1,1,0,0,0
C104851,Term Insurance,1,1,1,0,0
C104852,Personal Loan,1,1,1,0,0
C104852,Premium Banking Account,1,1,1,0,0
C104853,Premium Banking Account,1,1,0,0,0
C104853,Personal Loan,1,1,1,1,0
C104855,Home Loan,1,1,0,0,0
C104855,Fixed Deposit,1,0,0,0,0
C104856,Home Loan,1,1,0,0,0
C104856,Term Insurance,1,1,1,1,1
C104856,Fuel Credit Card,1,1,0,0,0
C104857,Recurring Deposit,1,0,0,0,0
C104857,Travel Credit Card,1,0,0,0,0
C104857,Premium Banking Account,1,1,0,0,0
C104857,Fuel Credit Card,1,1,0,0,0
C104858,Personal Loan,1,0,0,0,0
C104858,Term Insurance,1,0,0,0,0
C104858,Premium Banking Account,1,1,1,1,1
C104860,Term Insurance,1,1,1,1,1
C104860,Cashback Credit Card,1,1,0,0,0
C104860,Fuel Credit Card,1,0,0,0,0
C104860,Recurring Deposit,1,1,1,1,1
C104861,Recurring Deposit,1,1,0,0,0
C104861,Home Loan,1,0,0,0,0
C104862,Cashback Credit Card,1,0,0,0,0
C104863,Cashback Credit Card,1,1,0,0,0
C104864,Premium Banking Account,1,1,0,0,0
C104864,Term Insurance,1,1,0,0,0
C104864,Fuel Credit Card,1,0,0,0,0
C104864,Investment Plan (Mutual Fund SIP),1,1,1,1,1
C104864,Personal Loan,1,0,0,0,0
C104865,Fuel Credit Card,1,1,0,0,0
C104865,Fixed Deposit,1,0,0,0,0
C104865,Home Loan,1,1,0,0,0
C104865,Cashback Credit Card,1,1,1,1,1
C104866,Premium Credit Card,1,0,0,0,0
C104867,Travel Credit Card,1,1,0,0,0
C104867,Fuel Credit Card,1,1,0,0,0
C104867,Fixed Deposit,1,0,0,0,0
C104868,Home Loan,1,1,0,0,0
C104868,Premium Banking Account,1,0,0,0,0
C104868,Cashback Credit Card,1,0,0,0,0
C104868,Fuel Credit Card,1,0,0,0,0
C104868,Fixed Deposit,1,0,0,0,0
C104869,Investment Plan (Mutual Fund SIP),1,0,0,0,0
C104869,Travel Credit Card,1,1,1,1,1
C104869,Premium Credit Card,1,1,0,0,0
C104869,Premium Banking Account,1,0,0,0,0
C104869,Home Loan,1,0,0,0,0
C104870,Premium Credit Card,1,1,0,0,0
C104872,Term Insurance,1,1,1,0,0
C104872,Premium Banking Account,1,1,1,1,1
C104872,Recurring Deposit,1,1,0,0,0
C104873,Travel Credit Card,1,1,1,1,1
C104873,Fuel Credit Card,1,1,0,0,0
C104873,Cashback Credit Card,1,1,1,1,1
C104873,Premium Credit Card,1,1,0,0,0
C104873,Term Insurance,1,0,0,0,0
C104874,Premium Credit Card,1,1,0,0,0
C104874,Fixed Deposit,1,1,0,0,0
C104874,Investment Plan (Mutual Fund SIP),1,0,0,0,0
C104874,Cashback Credit Card,1,0,0,0,0
C104874,Home Loan,1,0,0,0,0
C104875,Cashback Credit Card,1,0,0,0,0
C104875,Investment Plan (Mutual Fund SIP),1,0,0,0,0
C104876,Home Loan,1,1,0,0,0
C104876,Recurring Deposit,1,1,0,0,0
C104876,Fuel Credit Card,1,1,0,0,0
C104876,Travel Credit Card,1,0,0,0,0
C104877,Investment Plan (Mutual Fund SIP),1,0,0,0,0
C104877,Recurring Deposit,1,0,0,0,0
C104878,Premium Credit Card,1,1,0,0,0
C104878,Travel Credit Card,1,0,0,0,0
C104878,Investment Plan (Mutual Fund SIP),1,1,0,0,0
C104878,Cashback Credit Card,1,1,1,1,1
C104879,Premium Credit Card,1,0,0,0,0
C104879,Travel Credit Card,1,1,0,0,0
C104879,Cashback Credit Card,1,1,0,0,0
C104879,Fixed Deposit,1,1,0,0,0
C104879,Home Loan,1,1,0,0,0
C104880,Investment Plan (Mutual Fund SIP),1,1,0,0,0
C104880,Fuel Credit Card,1,1,1,1,1
C104880,Travel Credit Card,1,1,1,1,1
C104880,Premium Banking Account,1,1,1,1,1
C104881,Fuel Credit Card,1,1,1,1,1
C104881,Premium Credit Card,1,0,0,0,0
C104881,Travel Credit Card,1,0,0,0,0
C104881,Cashback Credit Card,1,1,1,0,0
C104882,Premium Credit Card,1,0,0,0,0
C104883,Term Insurance,1,1,0,0,0
C104884,Recurring Deposit,1,1,1,1,0
C104884,Personal Loan,1,1,0,0,0
C104884,Home Loan,1,1,0,0,0
C104884,Premium Credit Card,1,0,0,0,0
C104884,Fixed Deposit,1,1,0,0,0
C104885,Premium Credit Card,1,1,0,0,0
C104885,Fixed Deposit,1,0,0,0,0
C104886,Investment Plan (Mutual Fund SIP),1,0,0,0,0
C104887,Cashback Credit Card,1,1,1,1,1
C104887,Fuel Credit Card,1,0,0,0,0
C104887,Premium Credit Card,1,1,1,1,1
C104887,Recurring Deposit,1,0,0,0,0
C104888,Investment Plan (Mutual Fund SIP),1,1,0,0,0
C104888,Fuel Credit Card,1,0,0,0,0
C104888,Term Insurance,1,0,0,0,0
C104890,Investment Plan (Mutual Fund SIP),1,0,0,0,0
C104890,Fuel Credit Card,1,0,0,0,0
C104890,Cashback Credit Card,1,0,0,0,0
C104892,Home Loan,1,1,0,0,0
C104892,Travel Credit Card,1,1,0,0,0
C104892,Personal Loan,1,0,0,0,0
C104892,Investment Plan (Mutual Fund SIP),1,1,0,0,0
C104892,Cashback Credit Card,1,0,0,0,0
C104893,Term Insurance,1,1,1,1,1
C104893,Fixed Deposit,1,1,1,1,1
C104893,Investment Plan (Mutual Fund SIP),1,0,0,0,0
C104896,Investment Plan (Mutual Fund SIP),1,1,1,1,1
C104896,Term Insurance,1,1,0,0,0
C104897,Fixed Deposit,1,1,0,0,0
C104898,Fuel Credit Card,1,1,0,0,0
C104898,Personal Loan,1,0,0,0,0
C104898,Premium Banking Account,1,1,1,0,0
C104898,Cashback Credit Card,1,1,0,0,0
C104898,Premium Credit Card,1,1,0,0,0
C104899,Premium Credit Card,1,0,0,0,0
C104899,Fixed Deposit,1,1,0,0,0
C104899,Premium Banking Account,1,0,0,0,0
C104900,Investment Plan (Mutual Fund SIP),1,1,0,0,0
C104900,Premium Credit Card,1,1,0,0,0
C104900,Cashback Credit Card,1,0,0,0,0
C104900,Fuel Credit Card,1,0,0,0,0
C104900,Personal Loan,1,0,0,0,0
C104902,Recurring Deposit,1,0,0,0,0
C104902,Home Loan,1,0,0,0,0
C104902,Cashback Credit Card,1,0,0,0,0
C104902,Fixed Deposit,1,1,0,0,0
C104902,Fuel Credit Card,1,0,0,0,0
C104904,Fuel Credit Card,1,1,0,0,0
C104905,Investment Plan (Mutual Fund SIP),1,1,1,0,0
C104905,Fuel Credit Card,1,1,1,0,0
C104905,Fixed Deposit,1,0,0,0,0
C104905,Premium Credit Card,1,0,0,0,0
C104905,Cashback Credit Card,1,1,0,0,0
C104906,Term Insurance,1,0,0,0,0
C104907,Fuel Credit Card,1,0,0,0,0
C104907,Travel Credit Card,1,1,0,0,0
C104907,Recurring Deposit,1,1,0,0,0
C104908,Personal Loan,1,1,0,0,0
C104909,Cashback Credit Card,1,0,0,0,0
C104909,Fuel Credit Card,1,0,0,0,0
C104909,Fixed Deposit,1,0,0,0,0
C104909,Home Loan,1,1,0,0,0
C104909,Investment Plan (Mutual Fund SIP),1,1,1,1,1
C104910,Premium Banking Account,1,0,0,0,0
C104910,Recurring Deposit,1,1,0,0,0
C104910,Premium Credit Card,1,1,1,1,1
C104910,Fixed Deposit,1,1,0,0,0
C104911,Premium Credit Card,1,0,0,0,0
C104911,Cashback Credit Card,1,0,0,0,0
C104912,Premium Banking Account,1,0,0,0,0
C104912,Premium Credit Card,1,0,0,0,0
C104912,Cashback Credit Card,1,1,0,0,0
C104913,Recurring Deposit,1,1,0,0,0
C104914,Cashback Credit Card,1,1,1,0,0
C104915,Premium Banking Account,1,0,0,0,0
C104915,Fuel Credit Card,1,0,0,0,0
C104916,Personal Loan,1,1,0,0,0
C104919,Fuel Credit Card,1,0,0,0,0
C104919,Term Insurance,1,1,0,0,0
C104919,Premium Banking Account,1,1,0,0,0
C104919,Personal Loan,1,0,0,0,0
C104919,Recurring Deposit,1,1,0,0,0
C104920,Term Insurance,1,0,0,0,0
C104920,Premium Credit Card,1,0,0,0,0
C104920,Investment Plan (Mutual Fund SIP),1,1,0,0,0
C104920,Fixed Deposit,1,1,0,0,0
C104921,Premium Credit Card,1,1,0,0,0
C104921,Home Loan,1,0,0,0,0
C104922,Recurring Deposit,1,1,0,0,0
C104923,Personal Loan,1,0,0,0,0
C104923,Recurring Deposit,1,1,0,0,0
C104925,Cashback Credit Card,1,1,0,0,0
C104925,Premium Credit Card,1,1,1,1,1
C104925,Term Insurance,1,0,0,0,0
C104926,Premium Banking Account,1,1,0,0,0
C104926,Fixed Deposit,1,1,1,0,0
C104927,Personal Loan,1,1,0,0,0
C104927,Term Insurance,1,1,0,0,0
C104927,Cashback Credit Card,1,0,0,0,0
C104927,Premium Banking Account,1,0,0,0,0
C104927,Premium Credit Card,1,0,0,0,0
C104929,Premium Banking Account,1,0,0,0,0
C104930,Premium Credit Card,1,1,0,0,0
C104932,Personal Loan,1,0,0,0,0
C104932,Fixed Deposit,1,1,0,0,0
C104932,Fuel Credit Card,1,0,0,0,0
C104932,Home Loan,1,0,0,0,0
C104932,Travel Credit Card,1,1,0,0,0
C104933,Cashback Credit Card,1,1,0,0,0
C104934,Premium Banking Account,1,1,0,0,0
C104934,Term Insurance,1,1,1,1,1
C104934,Fuel Credit Card,1,1,0,0,0
C104934,Travel Credit Card,1,1,0,0,0
C104935,Travel Credit Card,1,1,0,0,0
C104935,Term Insurance,1,1,1,0,0
C104935,Premium Banking Account,1,0,0,0,0
C104935,Investment Plan (Mutual Fund SIP),1,0,0,0,0
C104935,Premium Credit Card,1,1,1,1,1
C104936,Travel Credit Card,1,1,1,1,1
C104936,Home Loan,1,0,0,0,0
C104936,Premium Banking Account,1,0,0,0,0
C104937,Recurring Deposit,1,1,0,0,0
C104937,Fuel Credit Card,1,0,0,0,0
C104937,Premium Credit Card,1,1,1,1,1
C104937,Term Insurance,1,0,0,0,0
C104938,Travel Credit Card,1,1,1,0,0
C104938,Term Insurance,1,0,0,0,0
C104938,Recurring Deposit,1,1,0,0,0
C104938,Home Loan,1,1,0,0,0
C104938,Fuel Credit Card,1,0,0,0,0
C104939,Investment Plan (Mutual Fund SIP),1,0,0,0,0
C104939,Fixed Deposit,1,1,0,0,0
C104939,Premium Credit Card,1,1,0,0,0
C104939,Personal Loan,1,1,0,0,0
C104939,Recurring Deposit,1,1,1,0,0
C104940,Cashback Credit Card,1,1,0,0,0
C104940,Premium Credit Card,1,1,0,0,0
C104941,Term Insurance,1,1,1,1,1
C104941,Travel Credit Card,1,0,0,0,0
C104941,Premium Credit Card,1,0,0,0,0
C104941,Fuel Credit Card,1,1,0,0,0
C104941,Personal Loan,1,1,0,0,0
C104942,Premium Banking Account,1,0,0,0,0
C104942,Fixed Deposit,1,1,0,0,0
C104944,Premium Banking Account,1,0,0,0,0
C104944,Home Loan,1,0,0,0,0
C104944,Investment Plan (Mutual Fund SIP),1,1,1,1,1
C104944,Premium Credit Card,1,0,0,0,0
C104947,Investment Plan (Mutual Fund SIP),1,1,0,0,0
C104948,Investment Plan (Mutual Fund SIP),1,1,0,0,0
C104948,Term Insurance,1,0,0,0,0
C104948,Travel Credit Card,1,1,1,1,1
C104948,Cashback Credit Card,1,0,0,0,0
C104948,Recurring Deposit,1,1,1,0,0
C104949,Cashback Credit Card,1,1,0,0,0
C104950,Premium Banking Account,1,1,0,0,0
C104950,Investment Plan (Mutual Fund SIP),1,0,0,0,0
C104950,Personal Loan,1,1,1,1,1
C104951,Premium Banking Account,1,1,1,1,1
C104951,Fixed Deposit,1,1,1,0,0
C104951,Premium Credit Card,1,1,0,0,0
C104951,Cashback Credit Card,1,0,0,0,0
C104951,Recurring Deposit,1,1,1,1,0
C104952,Premium Banking Account,1,0,0,0,0
C104953,Recurring Deposit,1,0,0,0,0
C104954,Fixed Deposit,1,0,0,0,0
C104954,Premium Credit Card,1,1,1,1,1
C104955,Home Loan,1,1,1,1,0
C104955,Investment Plan (Mutual Fund SIP),1,1,1,0,0
C104955,Personal Loan,1,0,0,0,0
C104956,Personal Loan,1,0,0,0,0
C104956,Premium Banking Account,1,0,0,0,0
C104956,Recurring Deposit,1,1,0,0,0
C104956,Term Insurance,1,1,1,0,0
C104958,Term Insurance,1,0,0,0,0
C104958,Cashback Credit Card,1,1,0,0,0
C104958,Fuel Credit Card,1,1,1,1,1
C104958,Premium Credit Card,1,0,0,0,0
C104959,Premium Credit Card,1,1,0,0,0
C104959,Premium Banking Account,1,0,0,0,0
C104959,Fixed Deposit,1,1,0,0,0
C104959,Home Loan,1,0,0,0,0
C104959,Travel Credit Card,1,0,0,0,0
C104961,Fixed Deposit,1,1,0,0,0
C104961,Premium Banking Account,1,0,0,0,0
C104961,Term Insurance,1,1,0,0,0
C104961,Personal Loan,1,1,0,0,0
C104962,Recurring Deposit,1,1,0,0,0
C104962,Home Loan,1,0,0,0,0
C104962,Term Insurance,1,1,0,0,0
C104963,Fixed Deposit,1,1,0,0,0
C104966,Fixed Deposit,1,0,0,0,0
C104966,Premium Banking Account,1,1,0,0,0
C104966,Personal Loan,1,0,0,0,0
C104966,Travel Credit Card,1,1,0,0,0
C104968,Fuel Credit Card,1,1,0,0,0
C104969,Personal Loan,1,1,0,0,0
C104969,Travel Credit Card,1,1,0,0,0
C104969,Home Loan,1,0,0,0,0
C104970,Fixed Deposit,1,1,0,0,0
C104970,Investment Plan (Mutual Fund SIP),1,1,0,0,0
C104970,Premium Banking Account,1,1,0,0,0
C104970,Recurring Deposit,1,0,0,0,0
C104970,Travel Credit Card,1,0,0,0,0
C104971,Fuel Credit Card,1,1,1,1,1
C104971,Recurring Deposit,1,0,0,0,0
C104971,Home Loan,1,0,0,0,0
C104973,Term Insurance,1,0,0,0,0
C104973,Premium Banking Account,1,0,0,0,0
C104974,Personal Loan,1,1,0,0,0
C104974,Fixed Deposit,1,0,0,0,0
C104974,Fuel Credit Card,1,0,0,0,0
C104975,Fixed Deposit,1,1,1,0,0
C104975,Travel Credit Card,1,1,0,0,0
C104976,Fixed Deposit,1,1,0,0,0
C104976,Recurring Deposit,1,1,1,1,1
C104976,Term Insurance,1,0,0,0,0
C104976,Investment Plan (Mutual Fund SIP),1,0,0,0,0
C104976,Fuel Credit Card,1,1,0,0,0
C104978,Fixed Deposit,1,1,0,0,0
C104978,Premium Credit Card,1,0,0,0,0
C104978,Premium Banking Account,1,0,0,0,0
C104979,Fuel Credit Card,1,0,0,0,0
C104979,Premium Banking Account,1,1,1,1,1
C104979,Term Insurance,1,1,0,0,0
C104979,Fixed Deposit,1,1,1,0,0
C104979,Home Loan,1,1,0,0,0
C104980,Fuel Credit Card,1,0,0,0,0
C104980,Investment Plan (Mutual Fund SIP),1,0,0,0,0
C104982,Term Insurance,1,1,1,1,1
C104983,Premium Credit Card,1,1,0,0,0
C104983,Premium Banking Account,1,1,0,0,0
C104984,Premium Banking Account,1,0,0,0,0
C104984,Term Insurance,1,1,0,0,0
C104985,Cashback Credit Card,1,0,0,0,0
C104985,Fixed Deposit,1,1,0,0,0
C104986,Fixed Deposit,1,1,0,0,0
C104986,Travel Credit Card,1,1,0,0,0
C104986,Term Insurance,1,1,1,1,1
C104987,Investment Plan (Mutual Fund SIP),1,1,0,0,0
C104987,Fixed Deposit,1,1,0,0,0
C104987,Home Loan,1,0,0,0,0
C104987,Premium Credit Card,1,0,0,0,0
C104988,Personal Loan,1,0,0,0,0
C104988,Term Insurance,1,1,0,0,0
C104988,Fixed Deposit,1,1,1,0,0
C104988,Fuel Credit Card,1,0,0,0,0
C104988,Home Loan,1,1,0,0,0
C104991,Recurring Deposit,1,1,0,0,0
C104991,Travel Credit Card,1,0,0,0,0
C104991,Premium Credit Card,1,1,0,0,0
C104991,Fixed Deposit,1,1,1,0,0
C104991,Cashback Credit Card,1,0,0,0,0
C104992,Recurring Deposit,1,1,0,0,0
C104992,Cashback Credit Card,1,0,0,0,0
C104992,Travel Credit Card,1,0,0,0,0
C104993,Home Loan,1,1,1,1,1
C104993,Recurring Deposit,1,0,0,0,0
C104993,Fixed Deposit,1,0,0,0,0
C104994,Personal Loan,1,1,1,1,1
C104994,Recurring Deposit,1,1,0,0,0
C104994,Cashback Credit Card,1,1,0,0,0
C104995,Personal Loan,1,0,0,0,0
C104995,Investment Plan (Mutual Fund SIP),1,0,0,0,0
C104995,Fuel Credit Card,1,1,0,0,0
C104995,Home Loan,1,0,0,0,0
C104997,Premium Banking Account,1,0,0,0,0
C104998,Fixed Deposit,1,0,0,0,0
C104998,Travel Credit Card,1,1,0,0,0
C104999,Personal Loan,1,0,0,0,0
C104999,Cashback Credit Card,1,0,0,0,0
C104999,Premium Banking Account,1,0,0,0,0
C104999,Investment Plan (Mutual Fund SIP),1,0,0,0,0
C105001,Home Loan,1,1,0,0,0
C105001,Term Insurance,1,1,0,0,0
C105001,Investment Plan (Mutual Fund SIP),1,0,0,0,0
C105001,Premium Credit Card,1,1,0,0,0
C105001,Personal Loan,1,1,0,0,0
C105002,Premium Banking Account,1,0,0,0,0
C105003,Fuel Credit Card,1,1,0,0,0
C105003,Home Loan,1,1,0,0,0
C105004,Recurring Deposit,1,0,0,0,0
C105005,Fixed Deposit,1,0,0,0,0
C105007,Cashback Credit Card,1,1,1,1,1
C105008,Investment Plan (Mutual Fund SIP),1,1,0,0,0
C105008,Cashback Credit Card,1,0,0,0,0
C105009,Term Insurance,1,0,0,0,0
C105009,Cashback Credit Card,1,1,0,0,0
C105009,Home Loan,1,1,1,1,1
C105011,Home Loan,1,1,0,0,0
C105011,Premium Banking Account,1,1,1,1,1
C105012,Recurring Deposit,1,0,0,0,0
C105012,Investment Plan (Mutual Fund SIP),1,0,0,0,0
C105012,Travel Credit Card,1,0,0,0,0
C105012,Cashback Credit Card,1,1,0,0,0
C105015,Investment Plan (Mutual Fund SIP),1,0,0,0,0
C105016,Investment Plan (Mutual Fund SIP),1,1,1,1,1
C105017,Recurring Deposit,1,0,0,0,0
C105017,Travel Credit Card,1,1,0,0,0
C105018,Recurring Deposit,1,1,1,1,1
C105018,Premium Banking Account,1,0,0,0,0
C105018,Term Insurance,1,1,0,0,0
C105018,Cashback Credit Card,1,1,1,1,0
C105018,Fixed Deposit,1,0,0,0,0
C105019,Fixed Deposit,1,0,0,0,0
C105019,Cashback Credit Card,1,0,0,0,0
C105019,Premium Banking Account,1,1,0,0,0
C105020,Cashback Credit Card,1,1,0,0,0
C105020,Home Loan,1,0,0,0,0
C105020,Premium Credit Card,1,1,0,0,0
C105020,Travel Credit Card,1,0,0,0,0
C105020,Premium Banking Account,1,0,0,0,0
C105022,Personal Loan,1,0,0,0,0
C105022,Premium Banking Account,1,1,0,0,0
C105022,Home Loan,1,0,0,0,0
C105022,Fuel Credit Card,1,0,0,0,0
C105023,Investment Plan (Mutual Fund SIP),1,0,0,0,0
C105023,Recurring Deposit,1,1,0,0,0
C105023,Fuel Credit Card,1,0,0,0,0
C105023,Term Insurance,1,1,0,0,0
C105024,Fuel Credit Card,1,1,0,0,0
C105024,Premium Credit Card,1,0,0,0,0
C105024,Cashback Credit Card,1,1,0,0,0
C105024,Personal Loan,1,0,0,0,0
C105024,Home Loan,1,0,0,0,0
C105025,Fuel Credit Card,1,0,0,0,0
C105025,Term Insurance,1,1,0,0,0
C105025,Travel Credit Card,1,1,0,0,0
C105025,Personal Loan,1,1,0,0,0
C105026,Term Insurance,1,1,0,0,0
C105026,Fuel Credit Card,1,1,1,1,1
C105027,Term Insurance,1,0,0,0,0
C105027,Premium Credit Card,1,1,1,1,1
C105027,Travel Credit Card,1,1,0,0,0
C105027,Home Loan,1,1,0,0,0
C105028,Home Loan,1,1,0,0,0
C105028,Fixed Deposit,1,1,0,0,0
C105028,Premium Banking Account,1,1,1,1,1
C105028,Recurring Deposit,1,1,0,0,0
C105028,Term Insurance,1,0,0,0,0
C105029,Home Loan,1,0,0,0,0
C105029,Term Insurance,1,0,0,0,0
C105029,Premium Banking Account,1,0,0,0,0
C105030,Premium Banking Account,1,1,1,1,0
C105030,Home Loan,1,1,1,1,0
C105030,Fuel Credit Card,1,1,0,0,0
C105031,Travel Credit Card,1,1,1,0,0
C105031,Term Insurance,1,1,0,0,0
C105031,Personal Loan,1,1,0,0,0
C105032,Term Insurance,1,1,0,0,0
C105032,Cashback Credit Card,1,1,0,0,0
C105033,Home Loan,1,1,1,1,1
C105033,Premium Banking Account,1,1,1,0,0
C105034,Home Loan,1,0,0,0,0
C105034,Cashback Credit Card,1,1,0,0,0
C105034,Recurring Deposit,1,0,0,0,0
C105034,Personal Loan,1,0,0,0,0
C105035,Investment Plan (Mutual Fund SIP),1,1,0,0,0
C105035,Premium Banking Account,1,1,1,1,1
C105035,Premium Credit Card,1,0,0,0,0
C105035,Home Loan,1,0,0,0,0
C105035,Recurring Deposit,1,1,0,0,0
C105036,Investment Plan (Mutual Fund SIP),1,0,0,0,0
C105036,Travel Credit Card,1,1,1,1,1
C105036,Premium Banking Account,1,0,0,0,0
C105037,Premium Banking Account,1,1,1,1,1
C105037,Personal Loan,1,1,1,1,1
C105037,Term Insurance,1,0,0,0,0
C105038,Premium Banking Account,1,1,0,0,0
C105039,Personal Loan,1,1,0,0,0
C105040,Travel Credit Card,1,1,1,1,1
C105040,Fixed Deposit,1,1,0,0,0
C105040,Premium Credit Card,1,1,0,0,0
C105040,Personal Loan,1,0,0,0,0
C105040,Investment Plan (Mutual Fund SIP),1,1,0,0,0
C105041,Fixed Deposit,1,0,0,0,0
C105041,Personal Loan,1,1,1,0,0
C105041,Recurring Deposit,1,1,0,0,0
C105043,Travel Credit Card,1,0,0,0,0
C105043,Fuel Credit Card,1,0,0,0,0
C105043,Premium Banking Account,1,0,0,0,0
C105043,Recurring Deposit,1,1,1,1,1
C105044,Recurring Deposit,1,0,0,0,0
C105044,Travel Credit Card,1,0,0,0,0
C105044,Fixed Deposit,1,0,0,0,0
C105044,Personal Loan,1,1,1,0,0
C105045,Premium Banking Account,1,0,0,0,0
C105045,Recurring Deposit,1,1,1,1,1
C105045,Fixed Deposit,1,0,0,0,0
C105045,Fuel Credit Card,1,0,0,0,0
C105046,Personal Loan,1,1,1,0,0
C105046,Fixed Deposit,1,0,0,0,0
C105046,Travel Credit Card,1,0,0,0,0
C105046,Recurring Deposit,1,0,0,0,0
C105047,Fuel Credit Card,1,0,0,0,0
C105047,Recurring Deposit,1,0,0,0,0
C105047,Personal Loan,1,0,0,0,0
C105047,Premium Credit Card,1,1,0,0,0
C105049,Premium Credit Card,1,1,0,0,0
C105049,Fuel Credit Card,1,0,0,0,0
C105049,Fixed Deposit,1,0,0,0,0
C105049,Recurring Deposit,1,1,0,0,0
C105049,Travel Credit Card,1,1,1,1,1
C105051,Home Loan,1,0,0,0,0
C105051,Term Insurance,1,0,0,0,0
C105054,Recurring Deposit,1,1,0,0,0
C105054,Investment Plan (Mutual Fund SIP),1,0,0,0,0
C105054,Term Insurance,1,0,0,0,0
C105055,Personal Loan,1,1,0,0,0
C105055,Home Loan,1,1,0,0,0
C105055,Term Insurance,1,1,1,1,1
C105056,Premium Banking Account,1,1,0,0,0
C105056,Fuel Credit Card,1,0,0,0,0
C105056,Cashback Credit Card,1,0,0,0,0
C105056,Travel Credit Card,1,0,0,0,0
C105057,Term Insurance,1,0,0,0,0
C105057,Recurring Deposit,1,0,0,0,0
C105057,Investment Plan (Mutual Fund SIP),1,1,0,0,0
C105058,Travel Credit Card,1,0,0,0,0
C105058,Premium Credit Card,1,0,0,0,0
C105059,Travel Credit Card,1,0,0,0,0
C105059,Investment Plan (Mutual Fund SIP),1,1,0,0,0
C105059,Fuel Credit Card,1,1,1,1,1
C105059,Cashback Credit Card,1,1,1,0,0
C105060,Term Insurance,1,0,0,0,0
C105060,Premium Banking Account,1,1,0,0,0
C105060,Travel Credit Card,1,0,0,0,0
C105060,Fixed Deposit,1,0,0,0,0
C105060,Premium Credit Card,1,1,0,0,0
C105061,Premium Banking Account,1,0,0,0,0
C105061,Premium Credit Card,1,1,0,0,0
C105061,Travel Credit Card,1,0,0,0,0
C105061,Fixed Deposit,1,1,0,0,0
C105061,Personal Loan,1,1,0,0,0
C105062,Investment Plan (Mutual Fund SIP),1,1,0,0,0
C105062,Fixed Deposit,1,1,1,1,1
C105062,Travel Credit Card,1,1,0,0,0
C105062,Premium Credit Card,1,1,1,1,1
C105062,Recurring Deposit,1,0,0,0,0
C105063,Fixed Deposit,1,0,0,0,0
C105064,Premium Banking Account,1,0,0,0,0
C105065,Term Insurance,1,0,0,0,0
C105065,Premium Credit Card,1,0,0,0,0
C105065,Fuel Credit Card,1,1,0,0,0
C105065,Cashback Credit Card,1,1,0,0,0
C105066,Personal Loan,1,1,1,1,1
C105066,Travel Credit Card,1,0,0,0,0
C105066,Home Loan,1,1,0,0,0
C105067,Fuel Credit Card,1,1,0,0,0
C105067,Travel Credit Card,1,1,0,0,0
C105068,Recurring Deposit,1,0,0,0,0
C105069,Recurring Deposit,1,0,0,0,0
C105070,Recurring Deposit,1,0,0,0,0
C105071,Fuel Credit Card,1,1,0,0,0
C105072,Home Loan,1,0,0,0,0
C105073,Fuel Credit Card,1,0,0,0,0
C105073,Term Insurance,1,0,0,0,0
C105073,Travel Credit Card,1,1,0,0,0
C105074,Fuel Credit Card,1,1,1,1,1
C105074,Premium Credit Card,1,1,0,0,0
C105076,Premium Banking Account,1,1,0,0,0
C105076,Premium Credit Card,1,1,0,0,0
C105076,Travel Credit Card,1,1,0,0,0
C105076,Cashback Credit Card,1,1,0,0,0
C105078,Fuel Credit Card,1,1,0,0,0
C105078,Fixed Deposit,1,1,0,0,0
C105079,Fuel Credit Card,1,0,0,0,0
C105079,Personal Loan,1,0,0,0,0
C105079,Premium Banking Account,1,1,1,0,0
C105079,Investment Plan (Mutual Fund SIP),1,1,1,0,0
C105080,Home Loan,1,1,0,0,0
C105080,Recurring Deposit,1,1,1,0,0
C105080,Fixed Deposit,1,0,0,0,0
C105080,Fuel Credit Card,1,1,1,1,1
C105081,Fuel Credit Card,1,1,0,0,0
C105081,Term Insurance,1,1,0,0,0
C105082,Recurring Deposit,1,1,1,1,1
C105082,Fixed Deposit,1,0,0,0,0
C105082,Premium Banking Account,1,0,0,0,0
C105083,Fuel Credit Card,1,1,0,0,0
C105084,Travel Credit Card,1,1,1,0,0
C105084,Cashback Credit Card,1,0,0,0,0
C105084,Fixed Deposit,1,1,0,0,0
C105084,Investment Plan (Mutual Fund SIP),1,0,0,0,0
C105085,Home Loan,1,0,0,0,0
C105085,Personal Loan,1,1,0,0,0
C105085,Premium Banking Account,1,1,1,0,0
C105085,Fixed Deposit,1,0,0,0,0
C105086,Cashback Credit Card,1,0,0,0,0
C105086,Term Insurance,1,0,0,0,0
C105087,Home Loan,1,1,0,0,0
C105087,Travel Credit Card,1,1,0,0,0
C105087,Recurring Deposit,1,0,0,0,0
C105088,Investment Plan (Mutual Fund SIP),1,1,0,0,0
C105088,Recurring Deposit,1,0,0,0,0
C105088,Home Loan,1,1,0,0,0
C105088,Cashback Credit Card,1,1,0,0,0
C105088,Personal Loan,1,0,0,0,0
C105089,Personal Loan,1,0,0,0,0
C105090,Investment Plan (Mutual Fund SIP),1,1,0,0,0
C105090,Fixed Deposit,1,1,1,1,0
C105091,Investment Plan (Mutual Fund SIP),1,1,0,0,0
C105092,Premium Banking Account,1,1,0,0,0
C105092,Fuel Credit Card,1,0,0,0,0
C105092,Personal Loan,1,1,0,0,0
C105093,Personal Loan,1,1,0,0,0
C105093,Home Loan,1,0,0,0,0
C105093,Premium Credit Card,1,1,0,0,0
C105094,Fuel Credit Card,1,0,0,0,0
C105094,Fixed Deposit,1,0,0,0,0
C105094,Term Insurance,1,0,0,0,0
C105095,Fixed Deposit,1,0,0,0,0
C105095,Premium Credit Card,1,0,0,0,0
C105096,Premium Banking Account,1,0,0,0,0
C105096,Home Loan,1,0,0,0,0
C105096,Term Insurance,1,1,0,0,0
C105096,Recurring Deposit,1,0,0,0,0
C105096,Investment Plan (Mutual Fund SIP),1,0,0,0,0
C105097,Fuel Credit Card,1,1,1,1,1
C105097,Premium Banking Account,1,1,0,0,0
C105098,Travel Credit Card,1,0,0,0,0
C105099,Personal Loan,1,1,1,1,1
C105099,Recurring Deposit,1,1,1,1,1
C105099,Premium Banking Account,1,0,0,0,0
C105099,Investment Plan (Mutual Fund SIP),1,1,0,0,0
C105100,Home Loan,1,1,0,0,0
C105100,Personal Loan,1,0,0,0,0
C105101,Personal Loan,1,0,0,0,0
C105101,Investment Plan (Mutual Fund SIP),1,0,0,0,0
C105101,Travel Credit Card,1,0,0,0,0
C105101,Fuel Credit Card,1,1,0,0,0
C105101,Premium Credit Card,1,1,0,0,0
C105102,Cashback Credit Card,1,1,0,0,0
C105102,Investment Plan (Mutual Fund SIP),1,1,0,0,0
C105103,Term Insurance,1,1,0,0,0
C105103,Premium Credit Card,1,1,1,1,0
C105103,Premium Banking Account,1,1,0,0,0
C105103,Fixed Deposit,1,1,0,0,0
C105103,Travel Credit Card,1,0,0,0,0
C105104,Recurring Deposit,1,0,0,0,0
C105105,Fixed Deposit,1,1,0,0,0
C105105,Recurring Deposit,1,0,0,0,0
C105106,Personal Loan,1,0,0,0,0
C105106,Premium Banking Account,1,1,1,1,0
C105107,Cashback Credit Card,1,1,1,1,1
C105107,Travel Credit Card,1,1,0,0,0
C105108,Investment Plan (Mutual Fund SIP),1,1,0,0,0
C105108,Fuel Credit Card,1,0,0,0,0
C105108,Recurring Deposit,1,1,1,0,0
C105108,Premium Credit Card,1,1,0,0,0
C105109,Personal Loan,1,0,0,0,0
C105110,Travel Credit Card,1,0,0,0,0
C105111,Investment Plan (Mutual Fund SIP),1,1,0,0,0
C105111,Fuel Credit Card,1,1,0,0,0
C105111,Term Insurance,1,1,0,0,0
C105111,Recurring Deposit,1,0,0,0,0
C105112,Investment Plan (Mutual Fund SIP),1,1,0,0,0
C105112,Cashback Credit Card,1,0,0,0,0
C105112,Travel Credit Card,1,0,0,0,0
C105112,Premium Banking Account,1,1,0,0,0
C105112,Term Insurance,1,1,0,0,0
C105113,Travel Credit Card,1,1,0,0,0
C105113,Fixed Deposit,1,1,0,0,0
C105113,Personal Loan,1,0,0,0,0
C105113,Premium Banking Account,1,0,0,0,0
C105113,Cashback Credit Card,1,0,0,0,0
C105114,Personal Loan,1,1,1,0,0
C105114,Fuel Credit Card,1,0,0,0,0
C105114,Recurring Deposit,1,1,0,0,0
C105114,Premium Credit Card,1,1,1,1,0
C105114,Fixed Deposit,1,0,0,0,0
C105115,Home Loan,1,0,0,0,0
C105115,Premium Banking Account,1,1,0,0,0
C105118,Term Insurance,1,1,1,0,0
C105118,Premium Credit Card,1,1,1,1,1
C105118,Personal Loan,1,0,0,0,0
C105119,Premium Credit Card,1,1,0,0,0
C105119,Premium Banking Account,1,0,0,0,0
C105119,Fixed Deposit,1,1,0,0,0
C105120,Travel Credit Card,1,0,0,0,0
C105120,Personal Loan,1,0,0,0,0
C105120,Recurring Deposit,1,1,1,0,0
C105120,Fixed Deposit,1,1,1,1,0
C105120,Premium Banking Account,1,1,0,0,0
C105121,Cashback Credit Card,1,1,0,0,0
C105121,Premium Credit Card,1,1,0,0,0
C105122,Investment Plan (Mutual Fund SIP),1,1,0,0,0
C105122,Travel Credit Card,1,0,0,0,0
C105122,Personal Loan,1,1,0,0,0
C105122,Term Insurance,1,1,0,0,0
C105122,Cashback Credit Card,1,1,0,0,0
C105123,Home Loan,1,1,1,1,1
C105123,Term Insurance,1,1,1,0,0
C105123,Personal Loan,1,0,0,0,0
C105125,Fixed Deposit,1,0,0,0,0
C105125,Cashback Credit Card,1,1,1,1,0
C105125,Recurring Deposit,1,0,0,0,0
C105126,Premium Banking Account,1,1,1,1,1
C105128,Home Loan,1,1,1,1,1
C105129,Home Loan,1,0,0,0,0
C105131,Cashback Credit Card,1,1,0,0,0
C105132,Cashback Credit Card,1,0,0,0,0
C105132,Travel Credit Card,1,0,0,0,0
C105132,Premium Credit Card,1,0,0,0,0
C105132,Recurring Deposit,1,0,0,0,0
C105132,Fuel Credit Card,1,0,0,0,0
C105133,Recurring Deposit,1,0,0,0,0
C105134,Home Loan,1,0,0,0,0
C105134,Premium Credit Card,1,0,0,0,0
C105135,Investment Plan (Mutual Fund SIP),1,1,0,0,0
C105135,Premium Banking Account,1,0,0,0,0
C105136,Travel Credit Card,1,0,0,0,0
C105136,Premium Banking Account,1,0,0,0,0
C105136,Investment Plan (Mutual Fund SIP),1,1,1,1,1
C105136,Premium Credit Card,1,0,0,0,0
C105137,Term Insurance,1,0,0,0,0
C105138,Travel Credit Card,1,0,0,0,0
C105138,Investment Plan (Mutual Fund SIP),1,0,0,0,0
C105139,Premium Credit Card,1,0,0,0,0
C105139,Personal Loan,1,1,1,1,1
C105140,Premium Banking Account,1,1,0,0,0
C105140,Fixed Deposit,1,1,1,0,0
C105140,Premium Credit Card,1,1,0,0,0
C105143,Fuel Credit Card,1,0,0,0,0
C105143,Personal Loan,1,1,1,1,1
C105143,Recurring Deposit,1,0,0,0,0
C105143,Premium Credit Card,1,1,0,0,0
C105143,Fixed Deposit,1,1,1,1,1
C105144,Term Insurance,1,1,0,0,0
C105144,Home Loan,1,1,1,1,1
C105144,Premium Credit Card,1,0,0,0,0
C105145,Travel Credit Card,1,1,0,0,0
C105145,Fixed Deposit,1,1,1,0,0
C105145,Investment Plan (Mutual Fund SIP),1,0,0,0,0
C105146,Fuel Credit Card,1,1,1,1,1
C105146,Investment Plan (Mutual Fund SIP),1,1,1,1,1
C105146,Term Insurance,1,0,0,0,0
C105146,Recurring Deposit,1,1,1,1,1
C105146,Home Loan,1,1,0,0,0
C105147,Recurring Deposit,1,1,0,0,0
C105147,Fuel Credit Card,1,1,1,1,1
C105147,Travel Credit Card,1,0,0,0,0
C105147,Personal Loan,1,1,0,0,0
C105148,Home Loan,1,1,0,0,0
C105148,Travel Credit Card,1,0,0,0,0
C105149,Cashback Credit Card,1,0,0,0,0
C105149,Fixed Deposit,1,1,0,0,0
C105150,Travel Credit Card,1,1,0,0,0
C105150,Personal Loan,1,0,0,0,0
C105150,Premium Credit Card,1,0,0,0,0
C105151,Premium Credit Card,1,1,0,0,0
C105151,Home Loan,1,1,0,0,0
C105151,Investment Plan (Mutual Fund SIP),1,1,0,0,0
C105151,Fixed Deposit,1,0,0,0,0
C105151,Cashback Credit Card,1,1,0,0,0
C105152,Recurring Deposit,1,1,0,0,0
C105152,Home Loan,1,1,0,0,0
C105152,Premium Credit Card,1,0,0,0,0
C105152,Fixed Deposit,1,1,0,0,0
C105153,Home Loan,1,1,0,0,0
C105154,Recurring Deposit,1,0,0,0,0
C105154,Investment Plan (Mutual Fund SIP),1,1,1,0,0
C105155,Fuel Credit Card,1,1,0,0,0
C105155,Home Loan,1,1,0,0,0
C105155,Term Insurance,1,0,0,0,0
C105155,Investment Plan (Mutual Fund SIP),1,0,0,0,0
C105155,Premium Banking Account,1,0,0,0,0
C105156,Investment Plan (Mutual Fund SIP),1,1,0,0,0
C105156,Term Insurance,1,0,0,0,0
C105156,Recurring Deposit,1,1,1,1,1
C105158,Fuel Credit Card,1,1,0,0,0
C105158,Travel Credit Card,1,0,0,0,0
C105158,Fixed Deposit,1,0,0,0,0
C105158,Recurring Deposit,1,0,0,0,0
C105158,Personal Loan,1,0,0,0,0
C105159,Term Insurance,1,0,0,0,0
C105159,Personal Loan,1,1,0,0,0
C105159,Investment Plan (Mutual Fund SIP),1,1,0,0,0
C105160,Recurring Deposit,1,0,0,0,0
C105160,Premium Banking Account,1,0,0,0,0
C105160,Cashback Credit Card,1,1,0,0,0
C105161,Fuel Credit Card,1,1,0,0,0
C105161,Travel Credit Card,1,1,1,0,0
C105162,Recurring Deposit,1,0,0,0,0
C105162,Cashback Credit Card,1,1,1,0,0
C105163,Cashback Credit Card,1,0,0,0,0
C105163,Premium Credit Card,1,1,1,1,1
C105163,Travel Credit Card,1,1,0,0,0
C105163,Personal Loan,1,0,0,0,0
C105163,Home Loan,1,1,0,0,0
C105164,Travel Credit Card,1,0,0,0,0
C105164,Home Loan,1,1,1,1,1
C105164,Premium Credit Card,1,1,1,1,1
C105166,Fuel Credit Card,1,1,0,0,0
C105166,Travel Credit Card,1,0,0,0,0
C105168,Investment Plan (Mutual Fund SIP),1,1,1,1,1
C105168,Fixed Deposit,1,0,0,0,0
C105168,Personal Loan,1,0,0,0,0
C105168,Premium Banking Account,1,0,0,0,0
C105168,Home Loan,1,1,0,0,0
C105170,Fixed Deposit,1,0,0,0,0
C105170,Fuel Credit Card,1,0,0,0,0
C105170,Home Loan,1,1,0,0,0
C105170,Recurring Deposit,1,1,1,1,1
C105171,Fixed Deposit,1,0,0,0,0
C105171,Travel Credit Card,1,1,0,0,0
C105171,Personal Loan,1,1,0,0,0
C105171,Fuel Credit Card,1,1,1,1,1
C105172,Fixed Deposit,1,0,0,0,0
C105172,Travel Credit Card,1,0,0,0,0
C105172,Term Insurance,1,0,0,0,0
C105173,Fixed Deposit,1,1,1,0,0
C105173,Premium Credit Card,1,1,0,0,0
C105173,Recurring Deposit,1,1,0,0,0
C105173,Personal Loan,1,1,0,0,0
C105173,Travel Credit Card,1,1,0,0,0
C105174,Premium Banking Account,1,1,0,0,0
C105174,Investment Plan (Mutual Fund SIP),1,0,0,0,0
C105174,Premium Credit Card,1,0,0,0,0
C105174,Personal Loan,1,0,0,0,0
C105174,Recurring Deposit,1,0,0,0,0
C105176,Premium Credit Card,1,1,0,0,0
C105176,Premium Banking Account,1,0,0,0,0
C105176,Fixed Deposit,1,1,1,1,1
C105176,Home Loan,1,1,1,1,1
C105179,Premium Banking Account,1,0,0,0,0
C105179,Fixed Deposit,1,0,0,0,0
C105179,Travel Credit Card,1,1,1,0,0
C105180,Home Loan,1,1,0,0,0
C105180,Personal Loan,1,1,1,0,0
C105180,Premium Banking Account,1,0,0,0,0
C105181,Fuel Credit Card,1,0,0,0,0
C105181,Premium Credit Card,1,0,0,0,0
C105181,Fixed Deposit,1,0,0,0,0
C105182,Cashback Credit Card,1,0,0,0,0
C105182,Recurring Deposit,1,1,1,0,0
C105183,Home Loan,1,1,1,0,0
C105183,Travel Credit Card,1,1,0,0,0
C105184,Cashback Credit Card,1,1,1,1,1
C105185,Premium Banking Account,1,0,0,0,0
C105185,Fuel Credit Card,1,0,0,0,0
C105185,Term Insurance,1,1,0,0,0
C105185,Fixed Deposit,1,1,0,0,0
C105185,Investment Plan (Mutual Fund SIP),1,0,0,0,0
C105186,Fixed Deposit,1,0,0,0,0
C105186,Term Insurance,1,1,0,0,0
C105187,Premium Banking Account,1,0,0,0,0
C105187,Term Insurance,1,1,0,0,0
C105187,Fuel Credit Card,1,0,0,0,0
C105187,Fixed Deposit,1,1,0,0,0
C105187,Recurring Deposit,1,1,0,0,0
C105188,Personal Loan,1,0,0,0,0
C105188,Fixed Deposit,1,1,0,0,0
C105188,Travel Credit Card,1,0,0,0,0
C105190,Travel Credit Card,1,1,1,1,1
C105190,Recurring Deposit,1,1,1,1,1
C105190,Term Insurance,1,1,0,0,0
C105191,Premium Credit Card,1,0,0,0,0
C105191,Travel Credit Card,1,0,0,0,0
C105191,Recurring Deposit,1,0,0,0,0
C105191,Cashback Credit Card,1,1,1,0,0
C105191,Term Insurance,1,0,0,0,0
C105192,Premium Credit Card,1,1,0,0,0
C105192,Investment Plan (Mutual Fund SIP),1,1,0,0,0
C105192,Home Loan,1,1,0,0,0
C105194,Home Loan,1,1,1,1,1
C105195,Home Loan,1,1,1,1,0
C105195,Premium Banking Account,1,1,1,0,0
C105195,Recurring Deposit,1,0,0,0,0
C105195,Cashback Credit Card,1,1,1,0,0
C105196,Investment Plan (Mutual Fund SIP),1,1,0,0,0
C105196,Home Loan,1,0,0,0,0
C105196,Fixed Deposit,1,1,1,1,1
C105196,Term Insurance,1,1,0,0,0
C105196,Premium Banking Account,1,1,1,1,1
C105197,Fuel Credit Card,1,0,0,0,0
C105197,Premium Credit Card,1,0,0,0,0
C105197,Fixed Deposit,1,0,0,0,0
C105197,Investment Plan (Mutual Fund SIP),1,1,0,0,0
C105197,Travel Credit Card,1,1,0,0,0
C105198,Premium Credit Card,1,0,0,0,0
C105198,Term Insurance,1,0,0,0,0
C105198,Travel Credit Card,1,1,0,0,0
C105198,Personal Loan,1,0,0,0,0
C105198,Home Loan,1,1,1,1,1
C105199,Premium Banking Account,1,1,1,1,1
C105200,Premium Banking Account,1,0,0,0,0
C105201,Fuel Credit Card,1,1,1,0,0
C105201,Premium Credit Card,1,1,1,0,0
C105201,Investment Plan (Mutual Fund SIP),1,0,0,0,0
C105201,Travel Credit Card,1,0,0,0,0
C105202,Travel Credit Card,1,0,0,0,0
C105203,Fixed Deposit,1,1,0,0,0
C105204,Premium Credit Card,1,1,0,0,0
C105204,Recurring Deposit,1,0,0,0,0
C105205,Term Insurance,1,1,0,0,0
C105205,Cashback Credit Card,1,1,0,0,0
C105206,Personal Loan,1,1,1,1,1
C105206,Investment Plan (Mutual Fund SIP),1,1,0,0,0
C105206,Fixed Deposit,1,0,0,0,0
C105206,Fuel Credit Card,1,1,1,1,1
C105207,Term Insurance,1,1,0,0,0
C105207,Travel Credit Card,1,1,0,0,0
C105207,Fixed Deposit,1,1,1,1,1
C105207,Recurring Deposit,1,1,1,1,1
C105207,Fuel Credit Card,1,1,0,0,0
C105208,Premium Banking Account,1,1,1,1,1
C105208,Term Insurance,1,1,1,1,0
C105208,Investment Plan (Mutual Fund SIP),1,0,0,0,0
C105208,Personal Loan,1,1,0,0,0
C105209,Recurring Deposit,1,0,0,0,0
C105209,Home Loan,1,1,1,1,1
C105209,Travel Credit Card,1,1,0,0,0
C105209,Fixed Deposit,1,0,0,0,0
C105209,Premium Banking Account,1,1,1,0,0
C105210,Premium Credit Card,1,1,0,0,0
C105210,Personal Loan,1,0,0,0,0
C105210,Term Insurance,1,1,1,1,1
C105210,Fuel Credit Card,1,0,0,0,0
C105211,Fixed Deposit,1,0,0,0,0
C105211,Premium Credit Card,1,0,0,0,0
C105211,Recurring Deposit,1,1,1,0,0
C105212,Recurring Deposit,1,1,1,1,0
C105212,Investment Plan (Mutual Fund SIP),1,1,1,1,1
C105212,Premium Credit Card,1,0,0,0,0
C105212,Home Loan,1,1,0,0,0
C105212,Premium Banking Account,1,1,1,0,0
C105215,Investment Plan (Mutual Fund SIP),1,0,0,0,0
C105215,Premium Credit Card,1,0,0,0,0
C105215,Cashback Credit Card,1,0,0,0,0
C105217,Premium Credit Card,1,0,0,0,0
C105218,Premium Banking Account,1,1,0,0,0
C105218,Personal Loan,1,0,0,0,0
C105218,Investment Plan (Mutual Fund SIP),1,0,0,0,0
C105219,Cashback Credit Card,1,1,1,1,1
C105219,Recurring Deposit,1,0,0,0,0
C105219,Premium Credit Card,1,1,0,0,0
C105220,Fixed Deposit,1,0,0,0,0
C105220,Premium Credit Card,1,0,0,0,0
C105220,Fuel Credit Card,1,0,0,0,0
C105220,Personal Loan,1,1,1,0,0
C105221,Investment Plan (Mutual Fund SIP),1,0,0,0,0
C105222,Investment Plan (Mutual Fund SIP),1,1,0,0,0
C105222,Cashback Credit Card,1,0,0,0,0
C105222,Home Loan,1,0,0,0,0
C105223,Premium Credit Card,1,0,0,0,0
C105223,Cashback Credit Card,1,1,1,0,0
C105223,Travel Credit Card,1,1,0,0,0
C105223,Home Loan,1,1,0,0,0
C105223,Personal Loan,1,0,0,0,0
C105224,Premium Banking Account,1,0,0,0,0
C105224,Fixed Deposit,1,1,1,1,1
C105224,Fuel Credit Card,1,0,0,0,0
C105224,Term Insurance,1,1,0,0,0
C105225,Personal Loan,1,1,1,0,0
C105225,Travel Credit Card,1,0,0,0,0
C105228,Investment Plan (Mutual Fund SIP),1,0,0,0,0
C105229,Premium Credit Card,1,0,0,0,0
C105229,Fuel Credit Card,1,1,0,0,0
C105229,Term Insurance,1,1,1,1,1
C105229,Recurring Deposit,1,1,1,1,1
C105230,Term Insurance,1,1,0,0,0
C105231,Premium Banking Account,1,0,0,0,0
C105231,Travel Credit Card,1,1,1,0,0
C105231,Premium Credit Card,1,1,0,0,0
C105233,Personal Loan,1,1,0,0,0
C105234,Investment Plan (Mutual Fund SIP),1,0,0,0,0
C105234,Recurring Deposit,1,1,1,0,0
C105234,Premium Banking Account,1,1,1,0,0
C105234,Premium Credit Card,1,0,0,0,0
C105234,Travel Credit Card,1,1,1,1,1
C105235,Fixed Deposit,1,1,1,1,1
C105235,Travel Credit Card,1,0,0,0,0
C105235,Premium Banking Account,1,1,0,0,0
C105235,Term Insurance,1,1,0,0,0
C105236,Recurring Deposit,1,1,0,0,0
C105236,Personal Loan,1,1,1,1,1
C105236,Home Loan,1,1,1,1,1
C105236,Fuel Credit Card,1,1,0,0,0
C105237,Cashback Credit Card,1,0,0,0,0
C105237,Premium Banking Account,1,1,1,1,1
C105237,Fixed Deposit,1,0,0,0,0
C105238,Term Insurance,1,0,0,0,0
C105239,Premium Banking Account,1,0,0,0,0
C105239,Home Loan,1,0,0,0,0
C105239,Fuel Credit Card,1,0,0,0,0
C105239,Cashback Credit Card,1,1,0,0,0
C105239,Term Insurance,1,1,0,0,0
C105240,Fuel Credit Card,1,1,0,0,0
C105240,Term Insurance,1,1,0,0,0
C105240,Personal Loan,1,1,1,0,0
C105240,Travel Credit Card,1,1,0,0,0
C105241,Travel Credit Card,1,0,0,0,0
C105241,Fixed Deposit,1,1,0,0,0
C105242,Fuel Credit Card,1,1,0,0,0
C105242,Recurring Deposit,1,1,1,1,1
C105243,Fuel Credit Card,1,0,0,0,0
C105244,Term Insurance,1,1,1,1,1
C105244,Cashback Credit Card,1,0,0,0,0
C105244,Investment Plan (Mutual Fund SIP),1,0,0,0,0
C105244,Fixed Deposit,1,1,1,0,0
C105244,Home Loan,1,1,1,1,0
C105245,Home Loan,1,1,0,0,0
C105245,Premium Banking Account,1,0,0,0,0
C105245,Cashback Credit Card,1,0,0,0,0
C105246,Cashback Credit Card,1,1,1,1,1
C105246,Premium Banking Account,1,1,0,0,0
C105246,Investment Plan (Mutual Fund SIP),1,1,1,1,1
C105247,Investment Plan (Mutual Fund SIP),1,1,0,0,0
C105248,Personal Loan,1,1,0,0,0
C105250,Premium Credit Card,1,1,0,0,0
C105250,Fuel Credit Card,1,1,0,0,0
C105251,Fixed Deposit,1,0,0,0,0
C105252,Personal Loan,1,1,0,0,0
C105252,Fixed Deposit,1,1,0,0,0
C105253,Recurring Deposit,1,0,0,0,0
C105253,Home Loan,1,0,0,0,0
C105253,Travel Credit Card,1,1,1,1,1
C105253,Premium Banking Account,1,0,0,0,0
C105254,Premium Banking Account,1,0,0,0,0
C105255,Premium Credit Card,1,0,0,0,0
C105255,Fuel Credit Card,1,1,1,1,1
C105255,Cashback Credit Card,1,0,0,0,0
C105255,Personal Loan,1,0,0,0,0
C105255,Term Insurance,1,1,0,0,0
C105256,Fixed Deposit,1,1,1,1,1
C105256,Fuel Credit Card,1,1,0,0,0
C105256,Personal Loan,1,0,0,0,0
C105257,Travel Credit Card,1,1,0,0,0
C105257,Term Insurance,1,0,0,0,0
C105258,Home Loan,1,1,1,1,1
C105259,Recurring Deposit,1,1,0,0,0
C105260,Cashback Credit Card,1,1,1,1,1
C105260,Fuel Credit Card,1,1,0,0,0
C105260,Premium Credit Card,1,0,0,0,0
C105261,Investment Plan (Mutual Fund SIP),1,1,0,0,0
C105262,Cashback Credit Card,1,1,0,0,0
C105262,Travel Credit Card,1,0,0,0,0
C105262,Investment Plan (Mutual Fund SIP),1,0,0,0,0
C105264,Premium Credit Card,1,0,0,0,0
C105264,Term Insurance,1,1,1,1,1
C105265,Fixed Deposit,1,0,0,0,0
C105265,Term Insurance,1,1,0,0,0
C105265,Recurring Deposit,1,1,1,1,1
C105265,Premium Credit Card,1,0,0,0,0
C105266,Fixed Deposit,1,1,0,0,0
C105266,Premium Banking Account,1,0,0,0,0
C105267,Recurring Deposit,1,0,0,0,0
C105267,Fixed Deposit,1,0,0,0,0
C105267,Travel Credit Card,1,1,0,0,0
C105267,Premium Banking Account,1,0,0,0,0
C105268,Recurring Deposit,1,0,0,0,0
C105268,Fixed Deposit,1,0,0,0,0
C105268,Investment Plan (Mutual Fund SIP),1,0,0,0,0
C105268,Personal Loan,1,1,0,0,0
C105269,Premium Credit Card,1,0,0,0,0
C105269,Fixed Deposit,1,0,0,0,0
C105270,Travel Credit Card,1,1,1,1,1
C105270,Term Insurance,1,0,0,0,0
C105270,Cashback Credit Card,1,0,0,0,0
C105270,Fuel Credit Card,1,0,0,0,0
C105271,Premium Banking Account,1,1,1,1,0
C105271,Home Loan,1,1,0,0,0
C105271,Travel Credit Card,1,1,0,0,0
C105273,Cashback Credit Card,1,0,0,0,0
C105274,Home Loan,1,1,0,0,0
C105274,Fuel Credit Card,1,0,0,0,0
C105274,Recurring Deposit,1,0,0,0,0
C105274,Investment Plan (Mutual Fund SIP),1,1,1,0,0
C105274,Term Insurance,1,1,1,0,0
C105276,Fixed Deposit,1,0,0,0,0
C105277,Investment Plan (Mutual Fund SIP),1,0,0,0,0
C105277,Cashback Credit Card,1,0,0,0,0
C105277,Term Insurance,1,0,0,0,0
C105277,Home Loan,1,1,0,0,0
C105277,Personal Loan,1,1,1,0,0
C105278,Cashback Credit Card,1,1,0,0,0
C105278,Home Loan,1,1,0,0,0
C105278,Personal Loan,1,0,0,0,0
C105278,Recurring Deposit,1,0,0,0,0
C105278,Fuel Credit Card,1,1,0,0,0
C105280,Personal Loan,1,1,1,0,0
C105281,Recurring Deposit,1,1,1,0,0
C105281,Cashback Credit Card,1,0,0,0,0
C105281,Premium Credit Card,1,1,0,0,0
C105281,Fixed Deposit,1,1,0,0,0
C105282,Term Insurance,1,1,1,0,0
C105284,Investment Plan (Mutual Fund SIP),1,0,0,0,0
C105285,Cashback Credit Card,1,0,0,0,0
C105285,Fixed Deposit,1,1,1,0,0
C105285,Recurring Deposit,1,0,0,0,0
C105286,Premium Banking Account,1,0,0,0,0
C105286,Term Insurance,1,1,0,0,0
C105287,Travel Credit Card,1,1,0,0,0
C105289,Premium Credit Card,1,0,0,0,0
C105289,Term Insurance,1,0,0,0,0
C105289,Investment Plan (Mutual Fund SIP),1,1,1,1,1
C105290,Term Insurance,1,0,0,0,0
C105290,Home Loan,1,1,1,1,1
C105290,Personal Loan,1,1,1,1,1
C105290,Recurring Deposit,1,0,0,0,0
C105291,Fuel Credit Card,1,1,0,0,0
C105293,Fixed Deposit,1,0,0,0,0
C105293,Recurring Deposit,1,0,0,0,0
C105293,Fuel Credit Card,1,1,1,1,1
C105293,Term Insurance,1,0,0,0,0
C105293,Investment Plan (Mutual Fund SIP),1,0,0,0,0
C105295,Home Loan,1,1,1,1,1
C105295,Personal Loan,1,0,0,0,0
C105296,Premium Banking Account,1,1,0,0,0
C105296,Travel Credit Card,1,1,1,1,1
C105296,Premium Credit Card,1,1,1,0,0
C105298,Term Insurance,1,0,0,0,0
C105298,Fixed Deposit,1,1,1,0,0
C105298,Travel Credit Card,1,1,0,0,0
C105300,Premium Banking Account,1,0,0,0,0
C105301,Investment Plan (Mutual Fund SIP),1,1,0,0,0
C105303,Home Loan,1,0,0,0,0
C105303,Fixed Deposit,1,0,0,0,0
C105303,Travel Credit Card,1,0,0,0,0
C105303,Recurring Deposit,1,1,0,0,0
C105305,Investment Plan (Mutual Fund SIP),1,1,0,0,0
C105306,Investment Plan (Mutual Fund SIP),1,1,0,0,0
C105306,Fuel Credit Card,1,0,0,0,0
C105307,Travel Credit Card,1,0,0,0,0
C105308,Fuel Credit Card,1,0,0,0,0
C105308,Cashback Credit Card,1,0,0,0,0
C105308,Term Insurance,1,1,0,0,0
C105308,Personal Loan,1,0,0,0,0
C105309,Home Loan,1,1,1,0,0
C105309,Recurring Deposit,1,1,0,0,0
C105309,Premium Banking Account,1,1,1,1,1
C105309,Fuel Credit Card,1,1,0,0,0
C105311,Home Loan,1,0,0,0,0
C105311,Cashback Credit Card,1,1,1,1,1
C105311,Travel Credit Card,1,0,0,0,0
C105313,Home Loan,1,0,0,0,0
C105314,Investment Plan (Mutual Fund SIP),1,0,0,0,0
C105315,Fixed Deposit,1,0,0,0,0
C105315,Term Insurance,1,0,0,0,0
C105315,Cashback Credit Card,1,1,1,1,1
C105315,Premium Banking Account,1,1,1,0,0
C105316,Travel Credit Card,1,0,0,0,0
C105316,Premium Credit Card,1,0,0,0,0
C105316,Cashback Credit Card,1,0,0,0,0
C105316,Personal Loan,1,0,0,0,0
C105316,Home Loan,1,0,0,0,0
C105317,Fuel Credit Card,1,1,0,0,0
C105317,Investment Plan (Mutual Fund SIP),1,0,0,0,0
C105317,Premium Banking Account,1,1,0,0,0
C105318,Home Loan,1,1,1,0,0
C105319,Cashback Credit Card,1,1,0,0,0
C105319,Personal Loan,1,0,0,0,0
C105320,Term Insurance,1,1,1,1,1
C105320,Cashback Credit Card,1,0,0,0,0
C105321,Personal Loan,1,1,0,0,0
C105321,Cashback Credit Card,1,1,0,0,0
C105322,Fixed Deposit,1,1,1,0,0
C105322,Home Loan,1,1,0,0,0
C105322,Investment Plan (Mutual Fund SIP),1,1,0,0,0
C105322,Premium Banking Account,1,0,0,0,0
C105324,Fixed Deposit,1,0,0,0,0
C105325,Home Loan,1,1,0,0,0
C105325,Premium Credit Card,1,1,1,0,0
C105326,Recurring Deposit,1,1,0,0,0
C105326,Personal Loan,1,1,1,1,1
C105326,Fuel Credit Card,1,1,0,0,0
C105328,Travel Credit Card,1,1,0,0,0
C105328,Recurring Deposit,1,0,0,0,0
C105329,Term Insurance,1,1,1,0,0
C105329,Fuel Credit Card,1,1,1,0,0
C105329,Home Loan,1,1,1,1,0
C105329,Investment Plan (Mutual Fund SIP),1,1,0,0,0
C105331,Personal Loan,1,1,1,1,1
C105331,Cashback Credit Card,1,1,0,0,0
C105331,Fixed Deposit,1,1,0,0,0
C105331,Recurring Deposit,1,0,0,0,0
C105331,Term Insurance,1,1,0,0,0
C105332,Cashback Credit Card,1,0,0,0,0
C105332,Travel Credit Card,1,0,0,0,0
C105332,Premium Banking Account,1,0,0,0,0
C105332,Term Insurance,1,0,0,0,0
C105332,Recurring Deposit,1,1,0,0,0
C105333,Fuel Credit Card,1,1,0,0,0
C105334,Recurring Deposit,1,0,0,0,0
C105334,Premium Banking Account,1,1,0,0,0
C105335,Personal Loan,1,1,0,0,0
C105336,Term Insurance,1,0,0,0,0
C105337,Fixed Deposit,1,0,0,0,0
C105338,Term Insurance,1,1,0,0,0
C105338,Recurring Deposit,1,1,1,1,1
C105338,Cashback Credit Card,1,0,0,0,0
C105338,Premium Credit Card,1,0,0,0,0
C105338,Travel Credit Card,1,1,1,1,0
C105339,Recurring Deposit,1,1,0,0,0
C105339,Fixed Deposit,1,0,0,0,0
C105339,Premium Credit Card,1,1,0,0,0
C105339,Travel Credit Card,1,1,1,1,1
C105339,Home Loan,1,1,0,0,0
C105340,Recurring Deposit,1,1,0,0,0
C105340,Investment Plan (Mutual Fund SIP),1,1,0,0,0
C105342,Travel Credit Card,1,0,0,0,0
C105342,Cashback Credit Card,1,1,0,0,0
C105342,Personal Loan,1,1,1,0,0
C105342,Investment Plan (Mutual Fund SIP),1,1,1,1,1
C105343,Fixed Deposit,1,0,0,0,0
C105343,Premium Banking Account,1,1,1,0,0
C105343,Fuel Credit Card,1,1,0,0,0
C105343,Travel Credit Card,1,1,0,0,0
C105343,Home Loan,1,0,0,0,0
C105344,Fuel Credit Card,1,1,0,0,0
C105344,Investment Plan (Mutual Fund SIP),1,0,0,0,0
C105346,Premium Banking Account,1,1,1,1,1
C105346,Fuel Credit Card,1,0,0,0,0
C105347,Recurring Deposit,1,0,0,0,0
C105347,Personal Loan,1,1,0,0,0
C105348,Recurring Deposit,1,0,0,0,0
C105348,Premium Banking Account,1,0,0,0,0
C105348,Premium Credit Card,1,1,1,1,1
C105348,Home Loan,1,0,0,0,0
C105348,Travel Credit Card,1,1,1,0,0
C105350,Home Loan,1,1,0,0,0
C105350,Travel Credit Card,1,1,0,0,0
C105351,Term Insurance,1,1,1,1,1
C105352,Home Loan,1,0,0,0,0
C105353,Investment Plan (Mutual Fund SIP),1,0,0,0,0
C105354,Premium Banking Account,1,1,1,0,0
C105354,Fixed Deposit,1,1,1,0,0
C105354,Investment Plan (Mutual Fund SIP),1,0,0,0,0
C105356,Home Loan,1,1,0,0,0
C105356,Term Insurance,1,1,0,0,0
C105358,Premium Credit Card,1,1,0,0,0
C105358,Travel Credit Card,1,1,1,0,0
C105358,Fixed Deposit,1,1,0,0,0
C105358,Cashback Credit Card,1,1,0,0,0
C105358,Home Loan,1,0,0,0,0
C105359,Term Insurance,1,0,0,0,0
C105359,Home Loan,1,1,1,1,1
C105359,Premium Banking Account,1,0,0,0,0
C105359,Fixed Deposit,1,0,0,0,0
C105359,Personal Loan,1,1,0,0,0
C105361,Fuel Credit Card,1,1,0,0,0
C105362,Travel Credit Card,1,0,0,0,0
C105363,Fuel Credit Card,1,1,1,1,0
C105363,Investment Plan (Mutual Fund SIP),1,1,1,1,1
C105363,Home Loan,1,0,0,0,0
C105363,Personal Loan,1,0,0,0,0
C105363,Travel Credit Card,1,0,0,0,0
C105364,Cashback Credit Card,1,0,0,0,0
C105365,Term Insurance,1,0,0,0,0
C105366,Recurring Deposit,1,0,0,0,0
C105366,Premium Banking Account,1,1,1,1,1
C105366,Premium Credit Card,1,1,0,0,0
C105367,Term Insurance,1,0,0,0,0
C105367,Personal Loan,1,1,0,0,0
C105368,Investment Plan (Mutual Fund SIP),1,1,0,0,0
C105368,Home Loan,1,1,0,0,0
C105368,Cashback Credit Card,1,1,0,0,0
C105368,Term Insurance,1,0,0,0,0
C105368,Travel Credit Card,1,0,0,0,0
C105370,Cashback Credit Card,1,1,0,0,0
C105370,Premium Credit Card,1,0,0,0,0
C105370,Fuel Credit Card,1,1,0,0,0
C105370,Premium Banking Account,1,1,0,0,0
C105371,Premium Credit Card,1,0,0,0,0
C105371,Personal Loan,1,0,0,0,0
C105371,Travel Credit Card,1,1,1,0,0
C105371,Home Loan,1,0,0,0,0
C105371,Premium Banking Account,1,1,1,0,0
C105372,Premium Credit Card,1,1,0,0,0
C105372,Fixed Deposit,1,0,0,0,0
C105373,Recurring Deposit,1,0,0,0,0
C105373,Premium Credit Card,1,1,1,1,1
C105373,Cashback Credit Card,1,0,0,0,0
C105374,Personal Loan,1,0,0,0,0
C105374,Premium Banking Account,1,0,0,0,0
C105375,Fuel Credit Card,1,0,0,0,0
C105375,Travel Credit Card,1,1,1,0,0
C105375,Premium Credit Card,1,0,0,0,0
C105375,Term Insurance,1,1,1,0,0
C105376,Fuel Credit Card,1,1,1,0,0
C105376,Home Loan,1,1,0,0,0
C105376,Investment Plan (Mutual Fund SIP),1,0,0,0,0
C105377,Fuel Credit Card,1,1,1,1,0
C105377,Term Insurance,1,1,1,1,0
C105379,Cashback Credit Card,1,1,1,1,1
C105379,Term Insurance,1,0,0,0,0
C105379,Premium Banking Account,1,1,0,0,0
C105379,Personal Loan,1,0,0,0,0
C105379,Premium Credit Card,1,1,0,0,0
C105380,Travel Credit Card,1,1,0,0,0
C105381,Home Loan,1,1,0,0,0
C105381,Premium Banking Account,1,0,0,0,0
C105381,Travel Credit Card,1,0,0,0,0
C105381,Cashback Credit Card,1,0,0,0,0
C105383,Travel Credit Card,1,0,0,0,0
C105383,Recurring Deposit,1,1,0,0,0
C105383,Premium Banking Account,1,1,0,0,0
C105384,Term Insurance,1,1,0,0,0
C105385,Cashback Credit Card,1,0,0,0,0
C105385,Home Loan,1,0,0,0,0
C105385,Investment Plan (Mutual Fund SIP),1,1,1,1,1
C105385,Recurring Deposit,1,1,0,0,0
C105386,Term Insurance,1,1,1,0,0
C105386,Premium Credit Card,1,1,0,0,0
C105386,Personal Loan,1,1,1,0,0
C105386,Fixed Deposit,1,1,1,1,1
C105386,Cashback Credit Card,1,1,0,0,0
C105387,Investment Plan (Mutual Fund SIP),1,0,0,0,0
C105387,Travel Credit Card,1,1,0,0,0
C105387,Premium Banking Account,1,0,0,0,0
C105387,Premium Credit Card,1,1,1,1,0
C105387,Cashback Credit Card,1,0,0,0,0
C105388,Premium Banking Account,1,0,0,0,0
C105388,Cashback Credit Card,1,1,0,0,0
C105388,Fuel Credit Card,1,1,0,0,0
C105389,Fixed Deposit,1,0,0,0,0
C105389,Investment Plan (Mutual Fund SIP),1,0,0,0,0
C105389,Premium Banking Account,1,1,0,0,0
C105390,Premium Credit Card,1,1,0,0,0
C105391,Fuel Credit Card,1,1,0,0,0
C105392,Premium Banking Account,1,1,0,0,0
C105393,Travel Credit Card,1,1,1,0,0
C105394,Cashback Credit Card,1,1,1,0,0
C105395,Travel Credit Card,1,1,0,0,0
C105395,Home Loan,1,1,1,1,1
C105396,Premium Banking Account,1,1,0,0,0
C105396,Cashback Credit Card,1,0,0,0,0
C105396,Premium Credit Card,1,0,0,0,0
C105396,Home Loan,1,1,0,0,0
C105397,Recurring Deposit,1,0,0,0,0
C105397,Investment Plan (Mutual Fund SIP),1,0,0,0,0
C105398,Home Loan,1,0,0,0,0
C105398,Term Insurance,1,1,1,0,0
C105398,Cashback Credit Card,1,1,1,0,0
C105398,Premium Credit Card,1,1,1,1,1
C105400,Personal Loan,1,0,0,0,0
C105400,Premium Banking Account,1,1,0,0,0
C105401,Investment Plan (Mutual Fund SIP),1,0,0,0,0
C105401,Premium Banking Account,1,0,0,0,0
C105401,Recurring Deposit,1,1,0,0,0
C105402,Premium Banking Account,1,0,0,0,0
C105402,Recurring Deposit,1,0,0,0,0
C105402,Fixed Deposit,1,1,0,0,0
C105402,Cashback Credit Card,1,1,0,0,0
C105403,Personal Loan,1,1,0,0,0
C105403,Investment Plan (Mutual Fund SIP),1,1,1,1,1
C105403,Travel Credit Card,1,1,0,0,0
C105403,Premium Credit Card,1,1,0,0,0
C105404,Recurring Deposit,1,1,1,0,0
C105404,Personal Loan,1,0,0,0,0
C105404,Premium Credit Card,1,0,0,0,0
C105404,Fuel Credit Card,1,0,0,0,0
C105404,Investment Plan (Mutual Fund SIP),1,0,0,0,0
C105405,Cashback Credit Card,1,1,0,0,0
C105405,Recurring Deposit,1,0,0,0,0
C105405,Fuel Credit Card,1,0,0,0,0
C105405,Travel Credit Card,1,0,0,0,0
C105406,Home Loan,1,0,0,0,0
C105407,Term Insurance,1,0,0,0,0
C105407,Home Loan,1,0,0,0,0
C105407,Recurring Deposit,1,1,0,0,0
C105407,Cashback Credit Card,1,1,0,0,0
C105408,Premium Banking Account,1,1,0,0,0
C105408,Travel Credit Card,1,0,0,0,0
C105408,Term Insurance,1,0,0,0,0
C105409,Recurring Deposit,1,0,0,0,0
C105410,Home Loan,1,0,0,0,0
C105410,Term Insurance,1,1,0,0,0
C105410,Cashback Credit Card,1,0,0,0,0
C105411,Personal Loan,1,1,0,0,0
C105412,Travel Credit Card,1,1,1,1,1
C105413,Recurring Deposit,1,0,0,0,0
C105413,Premium Credit Card,1,0,0,0,0
C105413,Investment Plan (Mutual Fund SIP),1,1,0,0,0
C105414,Fixed Deposit,1,0,0,0,0
C105414,Travel Credit Card,1,0,0,0,0
C105414,Cashback Credit Card,1,0,0,0,0
C105414,Investment Plan (Mutual Fund SIP),1,1,1,0,0
C105415,Premium Credit Card,1,1,1,0,0
C105416,Term Insurance,1,0,0,0,0
C105417,Fuel Credit Card,1,0,0,0,0
C105417,Recurring Deposit,1,0,0,0,0
C105417,Cashback Credit Card,1,0,0,0,0
C105417,Investment Plan (Mutual Fund SIP),1,0,0,0,0
C105418,Investment Plan (Mutual Fund SIP),1,0,0,0,0
C105418,Cashback Credit Card,1,1,0,0,0
C105418,Term Insurance,1,1,1,1,1
C105419,Cashback Credit Card,1,1,0,0,0
C105419,Travel Credit Card,1,1,0,0,0
C105419,Fuel Credit Card,1,1,0,0,0
C105419,Premium Credit Card,1,1,1,1,1
C105419,Recurring Deposit,1,1,0,0,0
C105420,Recurring Deposit,1,1,0,0,0
C105420,Fixed Deposit,1,0,0,0,0
C105420,Premium Banking Account,1,1,1,0,0
C105421,Premium Banking Account,1,1,0,0,0
C105421,Travel Credit Card,1,1,1,1,0
C105422,Personal Loan,1,0,0,0,0
C105422,Fuel Credit Card,1,1,0,0,0
C105422,Investment Plan (Mutual Fund SIP),1,1,1,1,1
C105422,Fixed Deposit,1,1,1,1,1
C105423,Recurring Deposit,1,1,0,0,0
C105423,Personal Loan,1,1,1,0,0
C105423,Premium Credit Card,1,0,0,0,0
C105423,Premium Banking Account,1,1,0,0,0
C105423,Travel Credit Card,1,0,0,0,0
C105424,Recurring Deposit,1,0,0,0,0
C105424,Fuel Credit Card,1,1,0,0,0
C105424,Term Insurance,1,0,0,0,0
C105424,Premium Credit Card,1,1,1,0,0
C105424,Travel Credit Card,1,0,0,0,0
C105425,Fixed Deposit,1,0,0,0,0
C105425,Term Insurance,1,0,0,0,0
C105427,Fuel Credit Card,1,0,0,0,0
C105427,Home Loan,1,1,1,1,1
C105427,Premium Banking Account,1,1,0,0,0
C105427,Investment Plan (Mutual Fund SIP),1,0,0,0,0
C105427,Travel Credit Card,1,1,1,1,1
C105428,Cashback Credit Card,1,1,1,1,1
C105429,Cashback Credit Card,1,0,0,0,0
C105429,Home Loan,1,1,0,0,0
C105429,Fuel Credit Card,1,1,0,0,0
C105429,Term Insurance,1,0,0,0,0
C105430,Premium Banking Account,1,1,0,0,0
C105431,Fuel Credit Card,1,1,0,0,0
C105431,Personal Loan,1,1,0,0,0
C105431,Home Loan,1,1,1,1,1
C105433,Travel Credit Card,1,1,0,0,0
C105433,Term Insurance,1,0,0,0,0
C105433,Home Loan,1,1,0,0,0
C105434,Fixed Deposit,1,0,0,0,0
C105434,Recurring Deposit,1,0,0,0,0
C105434,Home Loan,1,0,0,0,0
C105434,Term Insurance,1,1,0,0,0
C105436,Travel Credit Card,1,1,1,1,1
C105436,Premium Credit Card,1,1,0,0,0
C105437,Premium Credit Card,1,0,0,0,0
C105437,Fixed Deposit,1,1,1,1,0
C105437,Fuel Credit Card,1,0,0,0,0
C105438,Fixed Deposit,1,0,0,0,0
C105438,Recurring Deposit,1,1,0,0,0
C105440,Term Insurance,1,1,0,0,0
C105440,Investment Plan (Mutual Fund SIP),1,0,0,0,0
C105442,Fuel Credit Card,1,0,0,0,0
C105442,Personal Loan,1,1,1,0,0
C105442,Recurring Deposit,1,1,0,0,0
C105442,Premium Credit Card,1,1,1,1,1
C105443,Recurring Deposit,1,1,0,0,0
C105443,Term Insurance,1,0,0,0,0
C105443,Premium Credit Card,1,1,1,0,0
C105445,Premium Banking Account,1,1,0,0,0
C105445,Fuel Credit Card,1,0,0,0,0
C105446,Fixed Deposit,1,0,0,0,0
C105446,Premium Banking Account,1,0,0,0,0
C105447,Term Insurance,1,0,0,0,0
C105447,Personal Loan,1,0,0,0,0
C105447,Premium Credit Card,1,0,0,0,0
C105448,Investment Plan (Mutual Fund SIP),1,0,0,0,0
C105449,Cashback Credit Card,1,1,0,0,0
C105450,Fixed Deposit,1,1,0,0,0
C105450,Premium Credit Card,1,1,1,0,0
C105451,Investment Plan (Mutual Fund SIP),1,0,0,0,0
C105451,Premium Credit Card,1,1,1,0,0
C105451,Fuel Credit Card,1,0,0,0,0
C105451,Term Insurance,1,0,0,0,0
C105451,Travel Credit Card,1,1,0,0,0
C105452,Investment Plan (Mutual Fund SIP),1,0,0,0,0
C105452,Premium Credit Card,1,1,1,1,1
C105452,Recurring Deposit,1,0,0,0,0
C105454,Travel Credit Card,1,1,0,0,0
C105455,Investment Plan (Mutual Fund SIP),1,0,0,0,0
C105455,Recurring Deposit,1,1,1,0,0
C105455,Term Insurance,1,0,0,0,0
C105455,Fuel Credit Card,1,1,0,0,0
C105456,Investment Plan (Mutual Fund SIP),1,0,0,0,0
C105456,Premium Credit Card,1,0,0,0,0
C105456,Home Loan,1,0,0,0,0
C105456,Premium Banking Account,1,0,0,0,0
C105456,Cashback Credit Card,1,1,0,0,0
C105457,Fuel Credit Card,1,0,0,0,0
C105457,Recurring Deposit,1,1,0,0,0
C105457,Term Insurance,1,1,1,0,0
C105457,Travel Credit Card,1,0,0,0,0
C105457,Personal Loan,1,1,0,0,0
C105458,Personal Loan,1,1,0,0,0
C105458,Travel Credit Card,1,1,1,0,0
C105459,Fixed Deposit,1,0,0,0,0
C105460,Premium Banking Account,1,1,1,1,1
C105461,Cashback Credit Card,1,0,0,0,0
C105461,Personal Loan,1,1,1,1,1
C105461,Investment Plan (Mutual Fund SIP),1,0,0,0,0
C105462,Premium Banking Account,1,1,1,1,0
C105462,Fuel Credit Card,1,1,0,0,0
C105462,Fixed Deposit,1,1,1,1,0
C105462,Premium Credit Card,1,1,0,0,0
C105463,Home Loan,1,1,0,0,0
C105463,Personal Loan,1,0,0,0,0
C105463,Fuel Credit Card,1,0,0,0,0
C105463,Premium Credit Card,1,0,0,0,0
C105464,Fixed Deposit,1,0,0,0,0
C105464,Recurring Deposit,1,1,1,1,1
C105464,Personal Loan,1,0,0,0,0
C105464,Home Loan,1,1,1,1,1
C105465,Recurring Deposit,1,1,0,0,0
C105465,Fixed Deposit,1,1,0,0,0
C105465,Travel Credit Card,1,1,0,0,0
C105466,Premium Credit Card,1,0,0,0,0
C105466,Fuel Credit Card,1,0,0,0,0
C105466,Home Loan,1,0,0,0,0
C105466,Fixed Deposit,1,1,0,0,0
C105467,Investment Plan (Mutual Fund SIP),1,1,1,1,1
C105467,Cashback Credit Card,1,1,0,0,0
C105468,Personal Loan,1,1,0,0,0
C105468,Travel Credit Card,1,1,1,0,0
C105468,Fixed Deposit,1,1,1,0,0
C105468,Fuel Credit Card,1,0,0,0,0
C105468,Investment Plan (Mutual Fund SIP),1,1,1,1,1
C105469,Premium Credit Card,1,0,0,0,0
C105469,Fuel Credit Card,1,0,0,0,0
C105469,Fixed Deposit,1,1,0,0,0
C105469,Cashback Credit Card,1,0,0,0,0
C105470,Premium Banking Account,1,1,1,1,0
C105470,Premium Credit Card,1,0,0,0,0
C105470,Term Insurance,1,0,0,0,0
C105470,Cashback Credit Card,1,1,1,0,0
C105470,Travel Credit Card,1,1,1,1,1
C105471,Investment Plan (Mutual Fund SIP),1,1,0,0,0
C105471,Term Insurance,1,1,0,0,0
C105472,Premium Credit Card,1,1,1,1,1
C105472,Term Insurance,1,1,1,1,1
C105472,Investment Plan (Mutual Fund SIP),1,1,1,0,0
C105473,Investment Plan (Mutual Fund SIP),1,1,0,0,0
C105473,Premium Banking Account,1,1,1,1,1
C105475,Fixed Deposit,1,1,0,0,0
C105475,Travel Credit Card,1,0,0,0,0
C105475,Investment Plan (Mutual Fund SIP),1,1,1,1,1
C105476,Fixed Deposit,1,1,1,1,1
C105476,Home Loan,1,0,0,0,0
C105477,Personal Loan,1,1,0,0,0
C105477,Fuel Credit Card,1,1,0,0,0
C105477,Home Loan,1,0,0,0,0
C105477,Term Insurance,1,1,1,1,1
C105477,Investment Plan (Mutual Fund SIP),1,1,0,0,0
C105478,Home Loan,1,0,0,0,0
C105478,Personal Loan,1,0,0,0,0
C105479,Travel Credit Card,1,1,0,0,0
C105479,Investment Plan (Mutual Fund SIP),1,0,0,0,0
C105479,Home Loan,1,0,0,0,0
C105480,Home Loan,1,1,1,1,1
C105480,Term Insurance,1,1,0,0,0
C105480,Cashback Credit Card,1,0,0,0,0
C105480,Premium Banking Account,1,0,0,0,0
C105480,Premium Credit Card,1,0,0,0,0
C105481,Fixed Deposit,1,0,0,0,0
C105481,Fuel Credit Card,1,1,1,1,1
C105482,Premium Banking Account,1,1,0,0,0
C105482,Cashback Credit Card,1,1,0,0,0
C105483,Investment Plan (Mutual Fund SIP),1,0,0,0,0
C105483,Fuel Credit Card,1,1,0,0,0
C105483,Recurring Deposit,1,1,0,0,0
C105483,Home Loan,1,0,0,0,0
C105483,Term Insurance,1,1,1,1,1
C105484,Home Loan,1,1,0,0,0
C105484,Premium Banking Account,1,1,0,0,0
C105484,Fixed Deposit,1,1,0,0,0
C105484,Premium Credit Card,1,0,0,0,0
C105487,Premium Banking Account,1,0,0,0,0
C105487,Recurring Deposit,1,1,0,0,0
C105487,Investment Plan (Mutual Fund SIP),1,1,0,0,0
C105487,Term Insurance,1,1,0,0,0
C105489,Personal Loan,1,1,0,0,0
C105489,Recurring Deposit,1,0,0,0,0
C105490,Premium Banking Account,1,0,0,0,0
C105490,Personal Loan,1,1,0,0,0
C105491,Premium Banking Account,1,0,0,0,0
C105494,Fuel Credit Card,1,0,0,0,0
C105494,Premium Banking Account,1,1,0,0,0
C105494,Fixed Deposit,1,1,1,0,0
C105496,Recurring Deposit,1,1,0,0,0
C105497,Term Insurance,1,1,1,1,1
C105497,Personal Loan,1,1,0,0,0
C105497,Premium Banking Account,1,0,0,0,0
C105497,Fixed Deposit,1,1,0,0,0
C105499,Investment Plan (Mutual Fund SIP),1,0,0,0,0
C105499,Cashback Credit Card,1,0,0,0,0
C105499,Premium Credit Card,1,0,0,0,0
C105499,Premium Banking Account,1,0,0,0,0
C105500,Fixed Deposit,1,1,1,1,1
C105500,Fuel Credit Card,1,0,0,0,0
C105500,Recurring Deposit,1,1,0,0,0
C105500,Cashback Credit Card,1,0,0,0,0
C105501,Home Loan,1,1,1,0,0
C105502,Premium Banking Account,1,1,1,1,1
C105503,Fixed Deposit,1,1,0,0,0
C105503,Fuel Credit Card,1,1,1,1,1
C105504,Premium Banking Account,1,1,1,1,1
C105504,Premium Credit Card,1,1,0,0,0
C105504,Recurring Deposit,1,1,0,0,0
C105505,Investment Plan (Mutual Fund SIP),1,1,1,1,1
C105506,Travel Credit Card,1,0,0,0,0
C105506,Home Loan,1,0,0,0,0
C105506,Personal Loan,1,1,1,1,1
C105507,Recurring Deposit,1,1,0,0,0
C105508,Travel Credit Card,1,0,0,0,0
C105508,Fixed Deposit,1,0,0,0,0
C105509,Recurring Deposit,1,0,0,0,0
C105509,Term Insurance,1,1,0,0,0
C105509,Fuel Credit Card,1,1,0,0,0
C105510,Fuel Credit Card,1,0,0,0,0
C105510,Home Loan,1,0,0,0,0
C105511,Home Loan,1,1,1,1,1
C105512,Fixed Deposit,1,0,0,0,0
C105512,Cashback Credit Card,1,1,1,1,0
C105513,Personal Loan,1,0,0,0,0
C105513,Home Loan,1,1,0,0,0
C105513,Recurring Deposit,1,1,0,0,0
C105513,Travel Credit Card,1,0,0,0,0
C105514,Fixed Deposit,1,1,0,0,0
C105514,Home Loan,1,1,0,0,0
C105515,Premium Credit Card,1,0,0,0,0
C105515,Fuel Credit Card,1,0,0,0,0
C105515,Cashback Credit Card,1,0,0,0,0
C105515,Home Loan,1,0,0,0,0
C105516,Fixed Deposit,1,1,0,0,0
C105516,Premium Credit Card,1,1,1,1,1
C105516,Term Insurance,1,1,1,1,1
C105517,Premium Banking Account,1,1,0,0,0
C105517,Personal Loan,1,1,0,0,0
C105517,Recurring Deposit,1,0,0,0,0
C105517,Cashback Credit Card,1,0,0,0,0
C105518,Fuel Credit Card,1,1,0,0,0
C105518,Investment Plan (Mutual Fund SIP),1,1,0,0,0
C105518,Recurring Deposit,1,0,0,0,0
C105518,Premium Banking Account,1,0,0,0,0
C105519,Fixed Deposit,1,1,0,0,0
C105519,Travel Credit Card,1,1,0,0,0
C105519,Term Insurance,1,0,0,0,0
C105519,Fuel Credit Card,1,0,0,0,0
C105521,Investment Plan (Mutual Fund SIP),1,1,0,0,0
C105521,Recurring Deposit,1,1,1,1,1
C105521,Premium Banking Account,1,1,1,1,1
C105521,Travel Credit Card,1,1,0,0,0
C105522,Travel Credit Card,1,1,0,0,0
C105522,Home Loan,1,1,0,0,0
C105523,Fixed Deposit,1,1,0,0,0
C105523,Personal Loan,1,1,1,1,0
C105524,Travel Credit Card,1,0,0,0,0
C105524,Recurring Deposit,1,0,0,0,0
C105525,Investment Plan (Mutual Fund SIP),1,1,1,1,1
C105525,Recurring Deposit,1,0,0,0,0
C105525,Cashback Credit Card,1,1,0,0,0
C105526,Premium Credit Card,1,1,0,0,0
C105527,Cashback Credit Card,1,1,0,0,0
C105528,Cashback Credit Card,1,0,0,0,0
C105528,Travel Credit Card,1,0,0,0,0
C105530,Premium Banking Account,1,0,0,0,0
C105530,Fixed Deposit,1,1,0,0,0
C105531,Travel Credit Card,1,0,0,0,0
C105531,Recurring Deposit,1,1,1,1,0
C105531,Premium Credit Card,1,0,0,0,0
C105531,Cashback Credit Card,1,1,0,0,0
C105531,Fuel Credit Card,1,1,1,1,1
C105532,Term Insurance,1,1,0,0,0
C105532,Travel Credit Card,1,1,0,0,0
C105532,Premium Credit Card,1,0,0,0,0
C105532,Personal Loan,1,0,0,0,0
C105534,Personal Loan,1,1,1,0,0
C105534,Term Insurance,1,1,0,0,0
C105534,Fuel Credit Card,1,1,1,1,1
C105534,Investment Plan (Mutual Fund SIP),1,0,0,0,0
C105535,Travel Credit Card,1,1,1,0,0
C105535,Premium Credit Card,1,1,0,0,0
C105535,Recurring Deposit,1,0,0,0,0
C105537,Fixed Deposit,1,1,0,0,0
C105537,Cashback Credit Card,1,1,1,1,1
C105537,Home Loan,1,0,0,0,0
C105537,Investment Plan (Mutual Fund SIP),1,1,1,1,1
C105538,Investment Plan (Mutual Fund SIP),1,1,1,1,0
C105538,Travel Credit Card,1,0,0,0,0
C105538,Premium Credit Card,1,1,0,0,0
C105539,Fuel Credit Card,1,0,0,0,0
C105539,Investment Plan (Mutual Fund SIP),1,1,0,0,0
C105539,Premium Banking Account,1,1,0,0,0
C105539,Term Insurance,1,0,0,0,0
C105540,Home Loan,1,0,0,0,0
C105540,Recurring Deposit,1,0,0,0,0
C105540,Fixed Deposit,1,1,0,0,0
C105540,Fuel Credit Card,1,1,0,0,0
C105541,Premium Banking Account,1,0,0,0,0
C105543,Investment Plan (Mutual Fund SIP),1,1,1,1,0
C105544,Fuel Credit Card,1,1,1,1,1
C105544,Personal Loan,1,1,0,0,0
C105544,Investment Plan (Mutual Fund SIP),1,1,0,0,0
C105544,Home Loan,1,0,0,0,0
C105546,Cashback Credit Card,1,1,0,0,0
C105546,Fuel Credit Card,1,1,0,0,0
C105546,Personal Loan,1,1,0,0,0
C105547,Premium Credit Card,1,1,0,0,0
C105547,Premium Banking Account,1,1,0,0,0
C105547,Home Loan,1,0,0,0,0
C105547,Fixed Deposit,1,1,0,0,0
C105547,Fuel Credit Card,1,1,1,1,1
C105548,Premium Banking Account,1,1,0,0,0
C105548,Recurring Deposit,1,0,0,0,0
C105548,Personal Loan,1,1,1,1,1
C105548,Term Insurance,1,1,1,0,0
C105548,Fuel Credit Card,1,0,0,0,0
C105549,Recurring Deposit,1,1,0,0,0
C105549,Personal Loan,1,1,0,0,0
C105550,Fuel Credit Card,1,0,0,0,0
C105552,Fixed Deposit,1,1,0,0,0
C105553,Term Insurance,1,1,1,1,1
C105553,Cashback Credit Card,1,1,0,0,0
C105554,Home Loan,1,0,0,0,0
C105554,Cashback Credit Card,1,1,0,0,0
C105556,Cashback Credit Card,1,1,1,1,1
C105556,Investment Plan (Mutual Fund SIP),1,1,0,0,0
C105556,Term Insurance,1,1,0,0,0
C105556,Premium Credit Card,1,0,0,0,0
C105556,Personal Loan,1,0,0,0,0
C105557,Travel Credit Card,1,1,0,0,0
C105558,Fixed Deposit,1,0,0,0,0
C105559,Fixed Deposit,1,1,0,0,0
C105560,Recurring Deposit,1,1,0,0,0
C105560,Personal Loan,1,1,0,0,0
C105560,Premium Banking Account,1,0,0,0,0
C105560,Home Loan,1,0,0,0,0
C105560,Fuel Credit Card,1,1,0,0,0
C105561,Travel Credit Card,1,1,0,0,0
C105561,Cashback Credit Card,1,1,0,0,0
C105561,Investment Plan (Mutual Fund SIP),1,0,0,0,0
C105561,Term Insurance,1,1,0,0,0
C105562,Term Insurance,1,0,0,0,0
C105562,Personal Loan,1,0,0,0,0
C105562,Fixed Deposit,1,0,0,0,0
C105562,Premium Banking Account,1,0,0,0,0
C105563,Travel Credit Card,1,0,0,0,0
C105563,Premium Banking Account,1,1,1,0,0
C105563,Home Loan,1,1,0,0,0
C105563,Premium Credit Card,1,0,0,0,0
C105563,Term Insurance,1,1,0,0,0
C105564,Investment Plan (Mutual Fund SIP),1,0,0,0,0
C105564,Personal Loan,1,1,1,1,1
C105564,Home Loan,1,0,0,0,0
C105564,Fuel Credit Card,1,1,0,0,0
C105564,Premium Credit Card,1,0,0,0,0
C105565,Home Loan,1,1,1,1,0
C105569,Travel Credit Card,1,0,0,0,0
C105570,Premium Banking Account,1,1,0,0,0
C105570,Investment Plan (Mutual Fund SIP),1,0,0,0,0
C105570,Travel Credit Card,1,1,0,0,0
C105572,Recurring Deposit,1,0,0,0,0
C105573,Cashback Credit Card,1,0,0,0,0
C105573,Fuel Credit Card,1,0,0,0,0
C105574,Premium Credit Card,1,1,1,0,0
C105574,Fixed Deposit,1,1,1,1,0
C105574,Cashback Credit Card,1,0,0,0,0
C105574,Recurring Deposit,1,1,0,0,0
C105575,Fixed Deposit,1,1,1,1,1
C105575,Fuel Credit Card,1,0,0,0,0
C105575,Investment Plan (Mutual Fund SIP),1,1,1,1,0
C105576,Home Loan,1,0,0,0,0
C105576,Recurring Deposit,1,1,0,0,0
C105576,Personal Loan,1,1,0,0,0
C105576,Fuel Credit Card,1,1,0,0,0
C105576,Premium Credit Card,1,1,0,0,0
C105577,Investment Plan (Mutual Fund SIP),1,1,0,0,0
C105577,Cashback Credit Card,1,0,0,0,0
C105577,Fixed Deposit,1,1,0,0,0
C105578,Investment Plan (Mutual Fund SIP),1,1,0,0,0
C105578,Personal Loan,1,1,0,0,0
C105579,Cashback Credit Card,1,1,0,0,0
C105579,Premium Banking Account,1,1,0,0,0
C105581,Personal Loan,1,1,0,0,0
C105581,Home Loan,1,1,1,1,1
C105581,Investment Plan (Mutual Fund SIP),1,1,0,0,0
C105582,Cashback Credit Card,1,1,0,0,0
C105582,Investment Plan (Mutual Fund SIP),1,1,0,0,0
C105582,Fixed Deposit,1,1,0,0,0
C105583,Fuel Credit Card,1,1,1,1,1
C105583,Personal Loan,1,1,1,1,1
C105583,Recurring Deposit,1,0,0,0,0
C105583,Term Insurance,1,0,0,0,0
C105586,Investment Plan (Mutual Fund SIP),1,1,0,0,0
C105586,Home Loan,1,1,0,0,0
C105586,Premium Banking Account,1,1,0,0,0
C105586,Fuel Credit Card,1,1,1,1,0
C105587,Cashback Credit Card,1,1,1,0,0
C105588,Investment Plan (Mutual Fund SIP),1,1,0,0,0
C105588,Premium Credit Card,1,0,0,0,0
C105588,Cashback Credit Card,1,0,0,0,0
C105590,Fixed Deposit,1,1,0,0,0
C105590,Cashback Credit Card,1,0,0,0,0
C105591,Home Loan,1,1,0,0,0
C105591,Personal Loan,1,1,1,0,0
C105591,Fuel Credit Card,1,1,0,0,0
C105592,Fixed Deposit,1,0,0,0,0
C105592,Premium Credit Card,1,1,0,0,0
C105592,Recurring Deposit,1,0,0,0,0
C105592,Investment Plan (Mutual Fund SIP),1,0,0,0,0
C105593,Recurring Deposit,1,0,0,0,0
C105593,Travel Credit Card,1,1,0,0,0
C105593,Fixed Deposit,1,0,0,0,0
C105594,Personal Loan,1,1,1,1,1
C105594,Fixed Deposit,1,1,0,0,0
C105595,Personal Loan,1,1,0,0,0
C105596,Home Loan,1,0,0,0,0
C105596,Travel Credit Card,1,1,0,0,0
C105597,Term Insurance,1,1,0,0,0
C105597,Home Loan,1,1,0,0,0
C105599,Cashback Credit Card,1,1,1,1,1
C105599,Recurring Deposit,1,0,0,0,0
C105599,Personal Loan,1,0,0,0,0
C105600,Cashback Credit Card,1,0,0,0,0
C105600,Travel Credit Card,1,0,0,0,0
C105601,Investment Plan (Mutual Fund SIP),1,0,0,0,0
C105601,Travel Credit Card,1,1,1,1,1
C105601,Premium Banking Account,1,1,0,0,0
C105601,Recurring Deposit,1,1,0,0,0
C105602,Home Loan,1,1,0,0,0
C105602,Premium Banking Account,1,1,0,0,0
C105602,Personal Loan,1,1,0,0,0
C105602,Recurring Deposit,1,1,0,0,0
C105603,Premium Banking Account,1,0,0,0,0
C105603,Recurring Deposit,1,0,0,0,0
C105603,Term Insurance,1,0,0,0,0
C105604,Fuel Credit Card,1,0,0,0,0
C105604,Travel Credit Card,1,0,0,0,0
C105604,Fixed Deposit,1,1,1,1,1
C105605,Personal Loan,1,0,0,0,0
C105607,Investment Plan (Mutual Fund SIP),1,0,0,0,0
C105608,Fixed Deposit,1,0,0,0,0
C105608,Fuel Credit Card,1,1,0,0,0
C105609,Recurring Deposit,1,0,0,0,0
C105609,Cashback Credit Card,1,0,0,0,0
C105610,Home Loan,1,0,0,0,0
C105610,Recurring Deposit,1,1,0,0,0
C105612,Home Loan,1,1,0,0,0
C105612,Term Insurance,1,1,0,0,0
C105612,Premium Credit Card,1,1,0,0,0
C105613,Premium Credit Card,1,1,0,0,0
C105613,Fixed Deposit,1,0,0,0,0
C105613,Fuel Credit Card,1,1,0,0,0
C105613,Recurring Deposit,1,1,1,0,0
C105614,Personal Loan,1,0,0,0,0
C105614,Travel Credit Card,1,1,0,0,0
C105614,Investment Plan (Mutual Fund SIP),1,0,0,0,0
C105614,Fixed Deposit,1,0,0,0,0
C105615,Personal Loan,1,1,0,0,0
C105616,Home Loan,1,1,0,0,0
C105616,Term Insurance,1,1,1,0,0
C105616,Investment Plan (Mutual Fund SIP),1,1,0,0,0
C105616,Fixed Deposit,1,0,0,0,0
C105617,Investment Plan (Mutual Fund SIP),1,0,0,0,0
C105617,Fuel Credit Card,1,0,0,0,0
C105618,Cashback Credit Card,1,0,0,0,0
C105618,Travel Credit Card,1,1,1,1,1
C105618,Premium Banking Account,1,0,0,0,0
C105618,Investment Plan (Mutual Fund SIP),1,1,0,0,0
C105619,Personal Loan,1,0,0,0,0
C105619,Recurring Deposit,1,1,0,0,0
C105619,Home Loan,1,0,0,0,0
C105620,Fuel Credit Card,1,0,0,0,0
C105621,Travel Credit Card,1,1,0,0,0
C105621,Fuel Credit Card,1,1,1,0,0
C105621,Premium Credit Card,1,0,0,0,0
C105621,Fixed Deposit,1,0,0,0,0
C105623,Recurring Deposit,1,0,0,0,0
C105623,Premium Banking Account,1,0,0,0,0
C105623,Travel Credit Card,1,1,0,0,0
C105624,Fixed Deposit,1,0,0,0,0
C105624,Term Insurance,1,1,1,1,1
C105625,Fixed Deposit,1,0,0,0,0
C105625,Recurring Deposit,1,1,0,0,0
C105625,Fuel Credit Card,1,1,0,0,0
C105625,Home Loan,1,0,0,0,0
C105626,Home Loan,1,1,0,0,0
C105626,Premium Banking Account,1,1,0,0,0
C105626,Recurring Deposit,1,0,0,0,0
C105626,Personal Loan,1,1,1,1,1
C105626,Travel Credit Card,1,1,0,0,0
C105628,Investment Plan (Mutual Fund SIP),1,1,0,0,0
C105628,Travel Credit Card,1,1,0,0,0
C105629,Premium Banking Account,1,1,0,0,0
C105629,Premium Credit Card,1,0,0,0,0
C105629,Fixed Deposit,1,1,0,0,0
C105629,Recurring Deposit,1,1,0,0,0
C105630,Fuel Credit Card,1,0,0,0,0
C105630,Fixed Deposit,1,1,1,1,1
C105630,Premium Credit Card,1,0,0,0,0
C105630,Personal Loan,1,0,0,0,0
C105631,Premium Credit Card,1,0,0,0,0
C105631,Cashback Credit Card,1,1,0,0,0
C105632,Premium Credit Card,1,0,0,0,0
C105632,Fuel Credit Card,1,1,0,0,0
C105632,Personal Loan,1,0,0,0,0
C105632,Cashback Credit Card,1,1,0,0,0
C105632,Fixed Deposit,1,0,0,0,0
C105633,Term Insurance,1,0,0,0,0
C105633,Premium Credit Card,1,1,0,0,0
C105633,Premium Banking Account,1,1,0,0,0
C105633,Cashback Credit Card,1,0,0,0,0
C105633,Home Loan,1,0,0,0,0
C105634,Term Insurance,1,0,0,0,0
C105634,Premium Credit Card,1,1,0,0,0
C105634,Personal Loan,1,1,1,1,1
C105636,Term Insurance,1,0,0,0,0
C105636,Recurring Deposit,1,0,0,0,0
C105636,Investment Plan (Mutual Fund SIP),1,0,0,0,0
C105636,Home Loan,1,1,0,0,0
C105637,Premium Credit Card,1,0,0,0,0
C105637,Term Insurance,1,1,0,0,0
C105637,Fixed Deposit,1,0,0,0,0
C105637,Cashback Credit Card,1,0,0,0,0
C105638,Cashback Credit Card,1,0,0,0,0
C105638,Recurring Deposit,1,0,0,0,0
C105638,Personal Loan,1,0,0,0,0
C105638,Fuel Credit Card,1,0,0,0,0
C105639,Home Loan,1,0,0,0,0
C105639,Travel Credit Card,1,1,1,1,1
C105639,Recurring Deposit,1,1,1,0,0
C105640,Personal Loan,1,0,0,0,0
C105640,Recurring Deposit,1,1,1,0,0
C105641,Travel Credit Card,1,0,0,0,0
C105642,Recurring Deposit,1,0,0,0,0
C105643,Recurring Deposit,1,0,0,0,0
C105643,Home Loan,1,0,0,0,0
C105643,Cashback Credit Card,1,0,0,0,0
C105643,Travel Credit Card,1,0,0,0,0
C105644,Recurring Deposit,1,0,0,0,0
C105644,Cashback Credit Card,1,0,0,0,0
C105645,Home Loan,1,1,0,0,0
C105645,Fixed Deposit,1,0,0,0,0
C105645,Fuel Credit Card,1,0,0,0,0
C105645,Premium Credit Card,1,0,0,0,0
C105645,Cashback Credit Card,1,0,0,0,0
C105646,Travel Credit Card,1,1,0,0,0
C105646,Investment Plan (Mutual Fund SIP),1,1,1,0,0
C105646,Recurring Deposit,1,1,0,0,0
C105646,Premium Credit Card,1,1,0,0,0
C105646,Home Loan,1,0,0,0,0
C105647,Premium Credit Card,1,0,0,0,0
C105647,Travel Credit Card,1,1,0,0,0
C105647,Personal Loan,1,1,0,0,0
C105647,Term Insurance,1,0,0,0,0
C105649,Investment Plan (Mutual Fund SIP),1,0,0,0,0
C105649,Fixed Deposit,1,0,0,0,0
C105649,Travel Credit Card,1,0,0,0,0
C105649,Cashback Credit Card,1,0,0,0,0
C105649,Personal Loan,1,0,0,0,0
C105650,Home Loan,1,0,0,0,0
C105650,Premium Banking Account,1,0,0,0,0
C105650,Travel Credit Card,1,1,1,0,0
C105650,Fixed Deposit,1,1,0,0,0
C105650,Premium Credit Card,1,1,1,1,1
C105651,Premium Banking Account,1,0,0,0,0
C105652,Premium Banking Account,1,1,0,0,0
C105652,Home Loan,1,0,0,0,0
C105652,Personal Loan,1,0,0,0,0
C105652,Premium Credit Card,1,1,0,0,0
C105653,Cashback Credit Card,1,1,0,0,0
C105654,Fuel Credit Card,1,1,0,0,0
C105654,Investment Plan (Mutual Fund SIP),1,0,0,0,0
C105654,Personal Loan,1,0,0,0,0
C105654,Recurring Deposit,1,1,0,0,0
C105654,Term Insurance,1,1,0,0,0
C105655,Term Insurance,1,1,0,0,0
C105656,Cashback Credit Card,1,1,1,1,1
C105656,Premium Banking Account,1,1,0,0,0
C105656,Fixed Deposit,1,0,0,0,0
C105657,Premium Credit Card,1,0,0,0,0
C105657,Fixed Deposit,1,0,0,0,0
C105657,Cashback Credit Card,1,1,1,0,0
C105657,Home Loan,1,1,1,1,0
C105658,Premium Credit Card,1,0,0,0,0
C105658,Recurring Deposit,1,1,0,0,0
C105661,Personal Loan,1,1,1,0,0
C105661,Term Insurance,1,0,0,0,0
C105661,Travel Credit Card,1,1,0,0,0
C105662,Term Insurance,1,1,0,0,0
C105663,Premium Credit Card,1,0,0,0,0
C105663,Fixed Deposit,1,0,0,0,0
C105663,Travel Credit Card,1,0,0,0,0
C105663,Recurring Deposit,1,0,0,0,0
C105663,Home Loan,1,1,0,0,0
C105664,Term Insurance,1,1,1,1,1
C105664,Fixed Deposit,1,1,0,0,0
C105664,Cashback Credit Card,1,1,1,1,1
C105665,Home Loan,1,1,1,1,0
C105665,Investment Plan (Mutual Fund SIP),1,0,0,0,0
C105665,Fixed Deposit,1,0,0,0,0
C105665,Recurring Deposit,1,1,0,0,0
C105665,Fuel Credit Card,1,0,0,0,0
C105667,Premium Credit Card,1,0,0,0,0
C105667,Personal Loan,1,0,0,0,0
C105667,Investment Plan (Mutual Fund SIP),1,1,1,0,0
C105667,Fixed Deposit,1,1,0,0,0
C105668,Term Insurance,1,1,0,0,0
C105668,Premium Banking Account,1,1,1,1,1
C105668,Personal Loan,1,0,0,0,0
C105668,Travel Credit Card,1,0,0,0,0
C105669,Premium Credit Card,1,1,0,0,0
C105670,Fixed Deposit,1,1,0,0,0
C105670,Cashback Credit Card,1,0,0,0,0
C105670,Investment Plan (Mutual Fund SIP),1,1,0,0,0
C105671,Premium Credit Card,1,0,0,0,0
C105671,Personal Loan,1,1,0,0,0
C105671,Recurring Deposit,1,1,0,0,0
C105671,Cashback Credit Card,1,1,1,1,1
C105671,Travel Credit Card,1,1,0,0,0
C105672,Fuel Credit Card,1,1,1,1,1
C105673,Travel Credit Card,1,0,0,0,0
C105673,Premium Credit Card,1,1,0,0,0
C105673,Fixed Deposit,1,1,0,0,0
C105673,Investment Plan (Mutual Fund SIP),1,1,0,0,0
C105673,Fuel Credit Card,1,1,0,0,0
C105676,Recurring Deposit,1,0,0,0,0
C105676,Fixed Deposit,1,0,0,0,0
C105676,Investment Plan (Mutual Fund SIP),1,0,0,0,0
C105676,Premium Credit Card,1,1,0,0,0
C105676,Cashback Credit Card,1,0,0,0,0
C105677,Cashback Credit Card,1,1,0,0,0
C105678,Investment Plan (Mutual Fund SIP),1,1,0,0,0
C105678,Personal Loan,1,1,0,0,0
C105678,Cashback Credit Card,1,0,0,0,0
C105678,Premium Banking Account,1,0,0,0,0
C105679,Premium Banking Account,1,0,0,0,0
C105679,Recurring Deposit,1,1,0,0,0
C105679,Cashback Credit Card,1,0,0,0,0
C105680,Investment Plan (Mutual Fund SIP),1,1,0,0,0
C105680,Cashback Credit Card,1,0,0,0,0
C105680,Recurring Deposit,1,1,1,1,1
C105680,Fuel Credit Card,1,1,0,0,0
C105681,Fixed Deposit,1,0,0,0,0
C105681,Home Loan,1,1,1,1,0
C105681,Personal Loan,1,1,0,0,0
C105681,Term Insurance,1,1,1,1,1
C105682,Premium Banking Account,1,1,0,0,0
C105682,Investment Plan (Mutual Fund SIP),1,0,0,0,0
C105682,Recurring Deposit,1,0,0,0,0
C105682,Premium Credit Card,1,0,0,0,0
C105683,Fuel Credit Card,1,0,0,0,0
C105684,Travel Credit Card,1,0,0,0,0
C105685,Fixed Deposit,1,1,1,1,1
C105685,Investment Plan (Mutual Fund SIP),1,1,0,0,0
C105685,Travel Credit Card,1,0,0,0,0
C105685,Premium Banking Account,1,1,0,0,0
C105686,Investment Plan (Mutual Fund SIP),1,1,1,1,1
C105687,Personal Loan,1,0,0,0,0
C105687,Recurring Deposit,1,1,1,1,1
C105687,Fuel Credit Card,1,1,0,0,0
C105687,Premium Banking Account,1,0,0,0,0
C105690,Recurring Deposit,1,1,0,0,0
C105691,Home Loan,1,1,0,0,0
C105691,Premium Credit Card,1,0,0,0,0
C105691,Investment Plan (Mutual Fund SIP),1,0,0,0,0
C105691,Cashback Credit Card,1,0,0,0,0
C105691,Personal Loan,1,1,0,0,0
C105692,Fixed Deposit,1,1,0,0,0
C105692,Premium Banking Account,1,0,0,0,0
C105692,Personal Loan,1,1,1,0,0
C105694,Personal Loan,1,1,1,1,1
C105695,Fuel Credit Card,1,0,0,0,0
C105695,Travel Credit Card,1,0,0,0,0
C105695,Premium Banking Account,1,0,0,0,0
C105696,Fixed Deposit,1,0,0,0,0
C105696,Premium Credit Card,1,1,0,0,0
C105696,Personal Loan,1,0,0,0,0
C105696,Fuel Credit Card,1,1,0,0,0
C105696,Travel Credit Card,1,1,0,0,0
C105697,Travel Credit Card,1,1,0,0,0
C105697,Fuel Credit Card,1,1,1,1,0
C105698,Investment Plan (Mutual Fund SIP),1,1,1,1,1
C105698,Personal Loan,1,1,0,0,0
C105698,Fixed Deposit,1,0,0,0,0
C105698,Premium Credit Card,1,1,0,0,0
C105699,Personal Loan,1,0,0,0,0
C105700,Home Loan,1,1,0,0,0
C105701,Fixed Deposit,1,0,0,0,0
C105701,Fuel Credit Card,1,1,0,0,0
C105701,Cashback Credit Card,1,0,0,0,0
C105701,Home Loan,1,1,1,0,0
C105701,Travel Credit Card,1,1,0,0,0
C105702,Travel Credit Card,1,1,0,0,0
C105702,Investment Plan (Mutual Fund SIP),1,0,0,0,0
C105703,Fixed Deposit,1,1,0,0,0
C105703,Premium Banking Account,1,0,0,0,0
C105703,Personal Loan,1,1,0,0,0
C105704,Premium Credit Card,1,1,0,0,0
C105704,Fuel Credit Card,1,0,0,0,0
C105704,Fixed Deposit,1,1,1,1,1
C105704,Personal Loan,1,1,1,1,1
C105705,Home Loan,1,1,1,1,0
C105705,Fixed Deposit,1,1,0,0,0
C105705,Personal Loan,1,0,0,0,0
C105705,Term Insurance,1,0,0,0,0
C105705,Premium Banking Account,1,0,0,0,0
C105706,Cashback Credit Card,1,1,1,1,0
C105706,Premium Banking Account,1,0,0,0,0
C105706,Term Insurance,1,0,0,0,0
C105706,Investment Plan (Mutual Fund SIP),1,1,0,0,0
C105707,Premium Credit Card,1,1,0,0,0
C105707,Premium Banking Account,1,0,0,0,0
C105707,Term Insurance,1,0,0,0,0
C105707,Fuel Credit Card,1,0,0,0,0
C105709,Premium Credit Card,1,0,0,0,0
C105709,Cashback Credit Card,1,1,0,0,0
C105709,Premium Banking Account,1,0,0,0,0
C105711,Premium Banking Account,1,0,0,0,0
C105711,Fuel Credit Card,1,0,0,0,0
C105711,Fixed Deposit,1,0,0,0,0
C105712,Cashback Credit Card,1,0,0,0,0
C105713,Recurring Deposit,1,0,0,0,0
C105713,Premium Banking Account,1,1,1,1,1
C105713,Personal Loan,1,1,0,0,0
C105713,Fuel Credit Card,1,1,1,1,1
C105714,Recurring Deposit,1,0,0,0,0
C105714,Investment Plan (Mutual Fund SIP),1,1,0,0,0
C105715,Premium Credit Card,1,1,0,0,0
C105715,Investment Plan (Mutual Fund SIP),1,1,0,0,0
C105715,Recurring Deposit,1,1,0,0,0
C105717,Fuel Credit Card,1,0,0,0,0
C105717,Investment Plan (Mutual Fund SIP),1,1,0,0,0
C105717,Personal Loan,1,1,0,0,0
C105717,Cashback Credit Card,1,1,0,0,0
C105717,Recurring Deposit,1,0,0,0,0
C105718,Premium Credit Card,1,0,0,0,0
C105718,Premium Banking Account,1,1,1,0,0
C105718,Fixed Deposit,1,1,1,1,1
C105719,Term Insurance,1,1,0,0,0
C105719,Personal Loan,1,0,0,0,0
C105719,Premium Banking Account,1,1,0,0,0
C105720,Travel Credit Card,1,1,1,0,0
C105720,Term Insurance,1,0,0,0,0
C105720,Premium Credit Card,1,0,0,0,0
C105720,Fuel Credit Card,1,1,0,0,0
C105720,Personal Loan,1,0,0,0,0
C105722,Investment Plan (Mutual Fund SIP),1,1,0,0,0
C105723,Fixed Deposit,1,1,1,1,0
C105723,Cashback Credit Card,1,1,1,1,1
C105723,Premium Banking Account,1,1,0,0,0
C105723,Investment Plan (Mutual Fund SIP),1,0,0,0,0
C105724,Travel Credit Card,1,1,1,1,1
C105725,Travel Credit Card,1,0,0,0,0
C105726,Recurring Deposit,1,1,0,0,0
C105726,Personal Loan,1,0,0,0,0
C105727,Recurring Deposit,1,1,0,0,0
C105727,Home Loan,1,1,0,0,0
C105727,Fixed Deposit,1,1,1,1,1
C105729,Investment Plan (Mutual Fund SIP),1,1,1,0,0
C105730,Home Loan,1,0,0,0,0
C105730,Term Insurance,1,0,0,0,0
C105730,Cashback Credit Card,1,1,1,0,0
C105730,Fuel Credit Card,1,1,0,0,0
C105732,Travel Credit Card,1,1,0,0,0
C105732,Cashback Credit Card,1,1,0,0,0
C105732,Home Loan,1,0,0,0,0
C105733,Home Loan,1,0,0,0,0
C105733,Premium Banking Account,1,1,0,0,0
C105733,Travel Credit Card,1,0,0,0,0
C105734,Fuel Credit Card,1,1,0,0,0
C105734,Home Loan,1,0,0,0,0
C105734,Travel Credit Card,1,0,0,0,0
C105734,Recurring Deposit,1,0,0,0,0
C105734,Premium Credit Card,1,1,0,0,0
C105735,Personal Loan,1,0,0,0,0
C105735,Home Loan,1,1,0,0,0
C105735,Premium Banking Account,1,1,1,0,0
C105736,Investment Plan (Mutual Fund SIP),1,0,0,0,0
C105736,Cashback Credit Card,1,1,0,0,0
C105736,Home Loan,1,1,0,0,0
C105736,Recurring Deposit,1,1,1,1,1
C105737,Investment Plan (Mutual Fund SIP),1,0,0,0,0
C105737,Travel Credit Card,1,0,0,0,0
C105739,Home Loan,1,1,0,0,0
C105739,Travel Credit Card,1,0,0,0,0
C105740,Premium Banking Account,1,1,0,0,0
C105740,Home Loan,1,1,0,0,0
C105740,Cashback Credit Card,1,1,0,0,0
C105740,Fixed Deposit,1,1,0,0,0
C105740,Fuel Credit Card,1,0,0,0,0
C105741,Travel Credit Card,1,1,0,0,0
C105741,Cashback Credit Card,1,1,1,0,0
C105742,Home Loan,1,1,1,1,1
C105743,Premium Credit Card,1,1,1,1,1
C105743,Premium Banking Account,1,1,0,0,0
C105743,Investment Plan (Mutual Fund SIP),1,0,0,0,0
C105743,Personal Loan,1,1,1,1,1
C105743,Fuel Credit Card,1,1,0,0,0
C105744,Fuel Credit Card,1,1,1,1,1
C105744,Term Insurance,1,0,0,0,0
C105745,Home Loan,1,0,0,0,0
C105745,Cashback Credit Card,1,1,0,0,0
C105745,Investment Plan (Mutual Fund SIP),1,1,1,0,0
C105745,Personal Loan,1,1,0,0,0
C105745,Premium Credit Card,1,0,0,0,0
C105747,Travel Credit Card,1,1,0,0,0
C105747,Cashback Credit Card,1,0,0,0,0
C105747,Term Insurance,1,0,0,0,0
C105747,Fixed Deposit,1,1,0,0,0
C105748,Investment Plan (Mutual Fund SIP),1,1,1,1,1
C105748,Recurring Deposit,1,0,0,0,0
C105749,Personal Loan,1,1,0,0,0
C105749,Premium Banking Account,1,0,0,0,0
C105749,Travel Credit Card,1,1,0,0,0
C105749,Fuel Credit Card,1,1,0,0,0
C105750,Premium Banking Account,1,1,0,0,0
C105750,Investment Plan (Mutual Fund SIP),1,1,1,1,1
C105751,Personal Loan,1,0,0,0,0
C105751,Premium Banking Account,1,1,1,0,0
C105751,Investment Plan (Mutual Fund SIP),1,1,0,0,0
C105751,Fuel Credit Card,1,1,0,0,0
C105752,Premium Credit Card,1,1,1,0,0
C105752,Premium Banking Account,1,1,0,0,0
C105753,Cashback Credit Card,1,1,0,0,0
C105753,Travel Credit Card,1,1,1,1,1
C105753,Premium Banking Account,1,1,0,0,0
C105754,Term Insurance,1,1,0,0,0
C105755,Fixed Deposit,1,0,0,0,0
C105755,Home Loan,1,1,0,0,0
C105755,Premium Banking Account,1,1,0,0,0
C105755,Personal Loan,1,1,1,1,1
C105756,Travel Credit Card,1,1,0,0,0
C105756,Investment Plan (Mutual Fund SIP),1,0,0,0,0
C105756,Term Insurance,1,0,0,0,0
C105759,Fuel Credit Card,1,0,0,0,0
C105760,Home Loan,1,0,0,0,0
C105760,Premium Credit Card,1,0,0,0,0
C105761,Recurring Deposit,1,1,1,0,0
C105761,Investment Plan (Mutual Fund SIP),1,0,0,0,0
C105762,Cashback Credit Card,1,1,0,0,0
C105762,Fixed Deposit,1,1,0,0,0
C105762,Premium Credit Card,1,1,1,1,1
C105763,Premium Credit Card,1,1,0,0,0
C105763,Investment Plan (Mutual Fund SIP),1,0,0,0,0
C105763,Fuel Credit Card,1,1,1,1,1
C105764,Home Loan,1,0,0,0,0
C105764,Investment Plan (Mutual Fund SIP),1,1,1,0,0
C105765,Premium Banking Account,1,1,1,1,1
C105765,Investment Plan (Mutual Fund SIP),1,1,1,1,0
C105766,Premium Credit Card,1,0,0,0,0
C105766,Travel Credit Card,1,1,0,0,0
C105766,Home Loan,1,0,0,0,0
C105766,Premium Banking Account,1,1,1,1,1
C105766,Investment Plan (Mutual Fund SIP),1,0,0,0,0
C105767,Home Loan,1,1,0,0,0
C105767,Fixed Deposit,1,0,0,0,0
C105767,Fuel Credit Card,1,0,0,0,0
C105770,Fixed Deposit,1,1,0,0,0
C105770,Investment Plan (Mutual Fund SIP),1,1,1,1,0
C105771,Fixed Deposit,1,1,0,0,0
C105771,Term Insurance,1,0,0,0,0
C105772,Fuel Credit Card,1,1,1,1,1
C105772,Recurring Deposit,1,0,0,0,0
C105773,Recurring Deposit,1,1,0,0,0
C105773,Personal Loan,1,1,0,0,0
C105773,Cashback Credit Card,1,1,0,0,0
C105773,Fixed Deposit,1,1,0,0,0
C105774,Fuel Credit Card,1,0,0,0,0
C105775,Travel Credit Card,1,1,1,1,1
C105775,Premium Banking Account,1,1,0,0,0
C105775,Term Insurance,1,1,0,0,0
C105777,Premium Credit Card,1,0,0,0,0
C105778,Cashback Credit Card,1,1,0,0,0
C105781,Home Loan,1,1,0,0,0
C105781,Premium Banking Account,1,0,0,0,0
C105782,Premium Banking Account,1,1,0,0,0
C105782,Recurring Deposit,1,0,0,0,0
C105782,Travel Credit Card,1,0,0,0,0
C105782,Personal Loan,1,0,0,0,0
C105783,Recurring Deposit,1,1,0,0,0
C105784,Home Loan,1,0,0,0,0
C105784,Term Insurance,1,1,0,0,0
C105785,Fixed Deposit,1,1,1,1,1
C105785,Term Insurance,1,1,0,0,0
C105785,Premium Banking Account,1,1,1,0,0
C105787,Fixed Deposit,1,0,0,0,0
C105788,Premium Credit Card,1,1,1,1,1
C105788,Fuel Credit Card,1,1,0,0,0
C105789,Travel Credit Card,1,1,0,0,0
C105789,Fixed Deposit,1,1,0,0,0
C105790,Premium Banking Account,1,1,0,0,0
C105790,Recurring Deposit,1,0,0,0,0
C105791,Term Insurance,1,0,0,0,0
C105791,Fixed Deposit,1,1,0,0,0
C105791,Recurring Deposit,1,1,0,0,0
C105792,Fixed Deposit,1,0,0,0,0
C105792,Personal Loan,1,0,0,0,0
C105792,Fuel Credit Card,1,1,1,1,0
C105792,Home Loan,1,0,0,0,0
C105793,Personal Loan,1,1,0,0,0
C105793,Home Loan,1,1,1,0,0
C105794,Home Loan,1,1,0,0,0
C105795,Home Loan,1,1,0,0,0
C105795,Premium Banking Account,1,0,0,0,0
C105795,Recurring Deposit,1,1,0,0,0
C105795,Travel Credit Card,1,0,0,0,0
C105796,Cashback Credit Card,1,1,1,1,1
C105797,Term Insurance,1,0,0,0,0
C105797,Cashback Credit Card,1,0,0,0,0
C105797,Recurring Deposit,1,0,0,0,0
C105798,Term Insurance,1,0,0,0,0
C105799,Premium Banking Account,1,1,0,0,0
C105799,Recurring Deposit,1,0,0,0,0
C105800,Premium Credit Card,1,0,0,0,0
C105800,Recurring Deposit,1,1,1,0,0
C105800,Travel Credit Card,1,0,0,0,0
C105800,Premium Banking Account,1,0,0,0,0
C105800,Term Insurance,1,0,0,0,0
C105802,Fixed Deposit,1,1,0,0,0
C105803,Investment Plan (Mutual Fund SIP),1,0,0,0,0
C105803,Term Insurance,1,1,0,0,0
C105804,Recurring Deposit,1,1,0,0,0
C105804,Fuel Credit Card,1,1,1,0,0
C105804,Travel Credit Card,1,1,1,0,0
C105804,Cashback Credit Card,1,1,0,0,0
C105804,Home Loan,1,0,0,0,0
C105805,Investment Plan (Mutual Fund SIP),1,1,1,0,0
C105805,Fuel Credit Card,1,1,0,0,0
C105805,Cashback Credit Card,1,1,0,0,0
C105805,Travel Credit Card,1,1,0,0,0
C105805,Term Insurance,1,1,0,0,0
C105806,Cashback Credit Card,1,1,0,0,0
C105806,Fixed Deposit,1,1,1,1,1
C105806,Premium Credit Card,1,1,1,1,1
C105809,Recurring Deposit,1,0,0,0,0
C105809,Premium Banking Account,1,1,0,0,0
C105809,Personal Loan,1,0,0,0,0
C105810,Travel Credit Card,1,1,0,0,0
C105810,Premium Banking Account,1,1,0,0,0
C105811,Investment Plan (Mutual Fund SIP),1,1,1,0,0
C105812,Travel Credit Card,1,1,0,0,0
C105813,Travel Credit Card,1,1,1,1,0
C105813,Premium Credit Card,1,0,0,0,0
C105813,Personal Loan,1,0,0,0,0
C105813,Term Insurance,1,1,0,0,0
C105814,Cashback Credit Card,1,0,0,0,0
C105814,Travel Credit Card,1,0,0,0,0
C105814,Home Loan,1,0,0,0,0
C105814,Term Insurance,1,1,0,0,0
C105815,Travel Credit Card,1,0,0,0,0
C105816,Premium Banking Account,1,1,0,0,0
C105818,Cashback Credit Card,1,1,0,0,0
C105818,Fixed Deposit,1,1,1,0,0
C105818,Fuel Credit Card,1,1,0,0,0
C105819,Personal Loan,1,1,0,0,0
C105819,Fuel Credit Card,1,1,1,1,1
C105820,Home Loan,1,1,0,0,0
C105820,Investment Plan (Mutual Fund SIP),1,1,0,0,0
C105822,Personal Loan,1,1,1,1,1
C105822,Home Loan,1,1,0,0,0
C105823,Home Loan,1,1,1,0,0
C105823,Premium Banking Account,1,1,0,0,0
C105824,Premium Credit Card,1,0,0,0,0
C105824,Fuel Credit Card,1,1,0,0,0
C105825,Fuel Credit Card,1,0,0,0,0
C105825,Term Insurance,1,0,0,0,0
C105826,Premium Credit Card,1,1,1,1,0
C105827,Premium Banking Account,1,1,0,0,0
C105827,Fuel Credit Card,1,0,0,0,0
C105827,Premium Credit Card,1,1,0,0,0
C105828,Term Insurance,1,1,1,1,0
C105828,Home Loan,1,1,0,0,0
C105829,Investment Plan (Mutual Fund SIP),1,0,0,0,0
C105830,Fuel Credit Card,1,0,0,0,0
C105832,Premium Credit Card,1,1,1,1,1
C105832,Premium Banking Account,1,1,0,0,0
C105832,Fixed Deposit,1,0,0,0,0
C105833,Investment Plan (Mutual Fund SIP),1,1,0,0,0
C105833,Cashback Credit Card,1,1,0,0,0
C105835,Home Loan,1,1,0,0,0
C105835,Investment Plan (Mutual Fund SIP),1,0,0,0,0
C105836,Cashback Credit Card,1,1,0,0,0
C105836,Personal Loan,1,0,0,0,0
C105836,Premium Credit Card,1,1,0,0,0
C105836,Fuel Credit Card,1,0,0,0,0
C105837,Travel Credit Card,1,1,1,1,1
C105837,Premium Credit Card,1,0,0,0,0
C105837,Personal Loan,1,0,0,0,0
C105837,Term Insurance,1,1,1,1,1
C105838,Premium Banking Account,1,1,1,1,1
C105839,Fuel Credit Card,1,1,0,0,0
C105839,Personal Loan,1,0,0,0,0
C105841,Personal Loan,1,0,0,0,0
C105841,Travel Credit Card,1,1,0,0,0
C105842,Term Insurance,1,1,1,0,0
C105842,Premium Banking Account,1,0,0,0,0
C105842,Investment Plan (Mutual Fund SIP),1,0,0,0,0
C105842,Fixed Deposit,1,1,0,0,0
C105842,Fuel Credit Card,1,1,1,1,0
C105843,Investment Plan (Mutual Fund SIP),1,0,0,0,0
C105843,Recurring Deposit,1,0,0,0,0
C105844,Travel Credit Card,1,1,0,0,0
C105844,Fuel Credit Card,1,0,0,0,0
C105844,Fixed Deposit,1,0,0,0,0
C105844,Term Insurance,1,1,1,1,1
C105844,Premium Banking Account,1,1,0,0,0
C105845,Investment Plan (Mutual Fund SIP),1,1,0,0,0
C105845,Premium Credit Card,1,0,0,0,0
C105845,Home Loan,1,1,0,0,0
C105845,Personal Loan,1,0,0,0,0
C105845,Term Insurance,1,0,0,0,0
C105846,Cashback Credit Card,1,0,0,0,0
C105846,Investment Plan (Mutual Fund SIP),1,0,0,0,0
C105846,Premium Banking Account,1,0,0,0,0
C105847,Premium Banking Account,1,1,0,0,0
C105847,Recurring Deposit,1,1,0,0,0
C105847,Home Loan,1,0,0,0,0
C105847,Personal Loan,1,0,0,0,0
C105848,Home Loan,1,0,0,0,0
C105848,Fuel Credit Card,1,0,0,0,0
C105848,Cashback Credit Card,1,1,0,0,0
C105848,Premium Credit Card,1,1,0,0,0
C105848,Term Insurance,1,1,0,0,0
C105849,Recurring Deposit,1,1,0,0,0
C105850,Premium Credit Card,1,0,0,0,0
C105850,Home Loan,1,1,1,1,0
C105850,Premium Banking Account,1,0,0,0,0
C105850,Recurring Deposit,1,0,0,0,0
C105851,Personal Loan,1,1,0,0,0
C105851,Fuel Credit Card,1,1,0,0,0
C105851,Recurring Deposit,1,1,1,1,1
C105851,Home Loan,1,0,0,0,0
C105851,Cashback Credit Card,1,1,0,0,0
C105852,Travel Credit Card,1,0,0,0,0
C105852,Recurring Deposit,1,0,0,0,0
C105854,Term Insurance,1,1,1,1,1
C105854,Fixed Deposit,1,1,0,0,0
C105854,Premium Banking Account,1,1,0,0,0
C105854,Home Loan,1,0,0,0,0
C105854,Recurring Deposit,1,1,0,0,0
C105855,Fixed Deposit,1,0,0,0,0
C105855,Home Loan,1,1,1,0,0
C105855,Personal Loan,1,1,0,0,0
C105855,Fuel Credit Card,1,0,0,0,0
C105855,Premium Credit Card,1,1,1,0,0
C105856,Cashback Credit Card,1,0,0,0,0
C105856,Investment Plan (Mutual Fund SIP),1,1,1,0,0
C105857,Travel Credit Card,1,0,0,0,0
C105857,Fixed Deposit,1,1,0,0,0
C105857,Term Insurance,1,0,0,0,0
C105857,Personal Loan,1,1,0,0,0
C105857,Investment Plan (Mutual Fund SIP),1,0,0,0,0
C105859,Personal Loan,1,1,0,0,0
C105859,Home Loan,1,0,0,0,0
C105859,Travel Credit Card,1,1,0,0,0
C105861,Investment Plan (Mutual Fund SIP),1,1,0,0,0
C105863,Personal Loan,1,0,0,0,0
C105863,Cashback Credit Card,1,0,0,0,0
C105863,Fixed Deposit,1,1,0,0,0
C105864,Cashback Credit Card,1,0,0,0,0
C105866,Home Loan,1,0,0,0,0
C105866,Premium Banking Account,1,0,0,0,0
C105866,Term Insurance,1,0,0,0,0
C105866,Fixed Deposit,1,0,0,0,0
C105866,Premium Credit Card,1,0,0,0,0
C105867,Premium Banking Account,1,1,1,1,0
C105867,Investment Plan (Mutual Fund SIP),1,1,0,0,0
C105867,Fuel Credit Card,1,0,0,0,0
C105867,Travel Credit Card,1,1,0,0,0
C105867,Fixed Deposit,1,0,0,0,0
C105868,Home Loan,1,1,0,0,0
C105869,Recurring Deposit,1,1,0,0,0
C105869,Travel Credit Card,1,0,0,0,0
C105869,Fuel Credit Card,1,1,0,0,0
C105869,Personal Loan,1,0,0,0,0
C105869,Term Insurance,1,1,0,0,0
C105870,Term Insurance,1,0,0,0,0
C105870,Premium Credit Card,1,0,0,0,0
C105870,Premium Banking Account,1,0,0,0,0
C105870,Investment Plan (Mutual Fund SIP),1,0,0,0,0
C105871,Term Insurance,1,0,0,0,0
C105871,Home Loan,1,0,0,0,0
C105871,Personal Loan,1,1,1,1,1
C105871,Fixed Deposit,1,1,0,0,0
C105873,Investment Plan (Mutual Fund SIP),1,0,0,0,0
C105873,Cashback Credit Card,1,1,1,1,1
C105874,Home Loan,1,0,0,0,0
C105874,Personal Loan,1,0,0,0,0
C105874,Investment Plan (Mutual Fund SIP),1,1,1,0,0
C105874,Term Insurance,1,1,0,0,0
C105875,Cashback Credit Card,1,1,0,0,0
C105875,Term Insurance,1,0,0,0,0
C105875,Premium Banking Account,1,1,0,0,0
C105875,Fuel Credit Card,1,1,0,0,0
C105876,Travel Credit Card,1,1,1,1,1
C105876,Premium Credit Card,1,1,0,0,0
C105876,Fixed Deposit,1,0,0,0,0
C105878,Term Insurance,1,0,0,0,0
C105878,Premium Banking Account,1,1,1,1,0
C105878,Home Loan,1,0,0,0,0
C105878,Investment Plan (Mutual Fund SIP),1,1,0,0,0
C105879,Premium Credit Card,1,1,1,0,0
C105879,Travel Credit Card,1,0,0,0,0
C105879,Home Loan,1,0,0,0,0
C105880,Term Insurance,1,1,1,1,0
C105880,Fixed Deposit,1,1,0,0,0
C105880,Investment Plan (Mutual Fund SIP),1,0,0,0,0
C105880,Cashback Credit Card,1,0,0,0,0
C105880,Fuel Credit Card,1,1,0,0,0
C105882,Premium Banking Account,1,1,0,0,0
C105882,Travel Credit Card,1,1,0,0,0
C105883,Recurring Deposit,1,1,0,0,0
C105884,Recurring Deposit,1,1,1,1,1
C105884,Home Loan,1,1,1,0,0
C105884,Premium Credit Card,1,1,1,1,1
C105884,Personal Loan,1,0,0,0,0
C105884,Investment Plan (Mutual Fund SIP),1,1,0,0,0
C105885,Recurring Deposit,1,0,0,0,0
C105885,Investment Plan (Mutual Fund SIP),1,1,0,0,0
C105885,Personal Loan,1,1,1,1,1
C105886,Cashback Credit Card,1,1,0,0,0
C105886,Fixed Deposit,1,1,0,0,0
C105887,Fuel Credit Card,1,1,0,0,0
C105887,Premium Credit Card,1,0,0,0,0
C105888,Premium Banking Account,1,0,0,0,0
C105888,Fixed Deposit,1,1,1,1,0
C105888,Travel Credit Card,1,1,0,0,0
C105889,Personal Loan,1,1,0,0,0
C105889,Fuel Credit Card,1,0,0,0,0
C105889,Term Insurance,1,0,0,0,0
C105890,Recurring Deposit,1,1,1,1,1
C105890,Travel Credit Card,1,0,0,0,0
C105891,Investment Plan (Mutual Fund SIP),1,0,0,0,0
C105892,Fixed Deposit,1,1,0,0,0
C105892,Cashback Credit Card,1,1,0,0,0
C105893,Cashback Credit Card,1,0,0,0,0
C105893,Home Loan,1,1,1,1,0
C105893,Fixed Deposit,1,1,0,0,0
C105893,Premium Banking Account,1,0,0,0,0
C105894,Travel Credit Card,1,0,0,0,0
C105894,Fuel Credit Card,1,1,0,0,0
C105894,Recurring Deposit,1,1,1,1,1
C105895,Fixed Deposit,1,1,0,0,0
C105896,Fixed Deposit,1,1,0,0,0
C105897,Term Insurance,1,0,0,0,0
C105898,Cashback Credit Card,1,1,0,0,0
C105899,Personal Loan,1,1,0,0,0
C105900,Term Insurance,1,1,0,0,0
C105900,Home Loan,1,0,0,0,0
C105900,Premium Banking Account,1,0,0,0,0
C105901,Home Loan,1,0,0,0,0
C105902,Fuel Credit Card,1,1,0,0,0
C105902,Premium Credit Card,1,1,0,0,0
C105903,Premium Credit Card,1,0,0,0,0
C105903,Fixed Deposit,1,0,0,0,0
C105903,Personal Loan,1,1,0,0,0
C105903,Travel Credit Card,1,1,1,1,1
C105904,Investment Plan (Mutual Fund SIP),1,0,0,0,0
C105904,Home Loan,1,0,0,0,0
C105905,Travel Credit Card,1,1,0,0,0
C105905,Personal Loan,1,0,0,0,0
C105906,Recurring Deposit,1,1,0,0,0
C105906,Investment Plan (Mutual Fund SIP),1,0,0,0,0
C105907,Cashback Credit Card,1,1,0,0,0
C105908,Fixed Deposit,1,1,1,0,0
C105908,Cashback Credit Card,1,0,0,0,0
C105909,Term Insurance,1,1,0,0,0
C105909,Home Loan,1,0,0,0,0
C105909,Travel Credit Card,1,1,0,0,0
C105910,Travel Credit Card,1,1,1,0,0
C105911,Recurring Deposit,1,0,0,0,0
C105911,Personal Loan,1,0,0,0,0
C105911,Premium Credit Card,1,1,0,0,0
C105911,Home Loan,1,1,0,0,0
C105912,Fixed Deposit,1,0,0,0,0
C105912,Personal Loan,1,0,0,0,0
C105914,Fixed Deposit,1,1,0,0,0
C105914,Home Loan,1,0,0,0,0
C105914,Cashback Credit Card,1,0,0,0,0
C105914,Investment Plan (Mutual Fund SIP),1,1,0,0,0
C105915,Fixed Deposit,1,0,0,0,0
C105915,Term Insurance,1,1,0,0,0
C105915,Fuel Credit Card,1,1,1,1,1
C105915,Personal Loan,1,0,0,0,0
C105917,Investment Plan (Mutual Fund SIP),1,0,0,0,0
C105917,Recurring Deposit,1,1,0,0,0
C105917,Fuel Credit Card,1,0,0,0,0
C105918,Cashback Credit Card,1,0,0,0,0
C105918,Fuel Credit Card,1,0,0,0,0
C105918,Fixed Deposit,1,1,0,0,0
C105918,Premium Credit Card,1,1,1,1,1
C105918,Term Insurance,1,1,1,1,1
C105920,Premium Banking Account,1,1,0,0,0
C105920,Travel Credit Card,1,0,0,0,0
C105922,Home Loan,1,1,1,1,1
C105923,Home Loan,1,1,0,0,0
C105924,Travel Credit Card,1,1,1,1,1
C105924,Recurring Deposit,1,0,0,0,0
C105924,Fixed Deposit,1,1,0,0,0
C105924,Fuel Credit Card,1,0,0,0,0
C105924,Cashback Credit Card,1,0,0,0,0
C105925,Investment Plan (Mutual Fund SIP),1,0,0,0,0
C105925,Premium Banking Account,1,1,1,1,1
C105925,Travel Credit Card,1,0,0,0,0
C105926,Premium Banking Account,1,1,1,0,0
C105926,Recurring Deposit,1,1,0,0,0
C105929,Fuel Credit Card,1,1,1,0,0
C105929,Fixed Deposit,1,1,1,0,0
C105929,Personal Loan,1,1,0,0,0
C105929,Premium Banking Account,1,0,0,0,0
C105930,Home Loan,1,0,0,0,0
C105931,Fixed Deposit,1,1,0,0,0
C105932,Fixed Deposit,1,1,0,0,0
C105932,Cashback Credit Card,1,1,0,0,0
C105932,Travel Credit Card,1,0,0,0,0
C105932,Term Insurance,1,0,0,0,0
C105934,Recurring Deposit,1,0,0,0,0
C105934,Personal Loan,1,1,1,0,0
C105934,Fixed Deposit,1,1,1,1,0
C105934,Premium Banking Account,1,0,0,0,0
C105935,Fuel Credit Card,1,1,1,1,0
C105935,Investment Plan (Mutual Fund SIP),1,1,1,0,0
C105935,Home Loan,1,1,0,0,0
C105935,Term Insurance,1,1,1,1,1
C105936,Premium Banking Account,1,1,1,0,0
C105936,Travel Credit Card,1,1,1,0,0
C105936,Home Loan,1,1,0,0,0
C105936,Premium Credit Card,1,1,0,0,0
C105936,Term Insurance,1,1,0,0,0
C105937,Home Loan,1,0,0,0,0
C105937,Cashback Credit Card,1,1,0,0,0
C105940,Premium Banking Account,1,0,0,0,0
C105941,Personal Loan,1,0,0,0,0
C105941,Recurring Deposit,1,0,0,0,0
C105941,Travel Credit Card,1,1,0,0,0
C105941,Investment Plan (Mutual Fund SIP),1,0,0,0,0
C105941,Fixed Deposit,1,1,0,0,0
C105942,Fuel Credit Card,1,1,0,0,0
C105942,Home Loan,1,1,1,1,1
C105942,Cashback Credit Card,1,0,0,0,0
C105942,Term Insurance,1,1,0,0,0
C105943,Fuel Credit Card,1,0,0,0,0
C105943,Fixed Deposit,1,0,0,0,0
C105944,Personal Loan,1,1,0,0,0
C105946,Travel Credit Card,1,1,1,0,0
C105946,Investment Plan (Mutual Fund SIP),1,1,1,0,0
C105946,Fuel Credit Card,1,1,0,0,0
C105946,Home Loan,1,0,0,0,0
C105947,Fixed Deposit,1,0,0,0,0
C105947,Personal Loan,1,1,0,0,0
C105947,Premium Banking Account,1,1,0,0,0
C105947,Home Loan,1,1,0,0,0
C105947,Cashback Credit Card,1,1,0,0,0
C105949,Premium Credit Card,1,0,0,0,0
C105949,Fuel Credit Card,1,1,1,1,1
C105949,Travel Credit Card,1,0,0,0,0
C105950,Personal Loan,1,1,0,0,0
C105951,Premium Banking Account,1,1,0,0,0
C105953,Fixed Deposit,1,0,0,0,0
C105953,Term Insurance,1,1,1,1,0
C105954,Premium Banking Account,1,1,0,0,0
C105955,Premium Banking Account,1,1,0,0,0
C105955,Home Loan,1,0,0,0,0
C105955,Recurring Deposit,1,1,0,0,0
C105956,Personal Loan,1,1,1,0,0
C105956,Investment Plan (Mutual Fund SIP),1,0,0,0,0
C105956,Fixed Deposit,1,1,1,1,1
C105956,Premium Banking Account,1,0,0,0,0
C105957,Cashback Credit Card,1,0,0,0,0
C105957,Fuel Credit Card,1,1,0,0,0
C105959,Investment Plan (Mutual Fund SIP),1,1,0,0,0
C105959,Term Insurance,1,0,0,0,0
C105960,Fuel Credit Card,1,0,0,0,0
C105960,Travel Credit Card,1,1,0,0,0
C105960,Premium Credit Card,1,1,0,0,0
C105960,Fixed Deposit,1,1,0,0,0
C105961,Premium Banking Account,1,1,1,1,1
C105961,Travel Credit Card,1,0,0,0,0
C105962,Premium Banking Account,1,0,0,0,0
C105962,Personal Loan,1,1,0,0,0
C105962,Cashback Credit Card,1,0,0,0,0
C105963,Personal Loan,1,1,1,1,1
C105963,Premium Banking Account,1,1,0,0,0
C105963,Travel Credit Card,1,1,1,1,1
C105963,Cashback Credit Card,1,1,0,0,0
C105963,Term Insurance,1,0,0,0,0
C105964,Term Insurance,1,0,0,0,0
C105964,Investment Plan (Mutual Fund SIP),1,0,0,0,0
C105964,Fixed Deposit,1,0,0,0,0
C105965,Term Insurance,1,0,0,0,0
C105965,Fuel Credit Card,1,0,0,0,0
C105965,Premium Credit Card,1,1,0,0,0
C105966,Fixed Deposit,1,0,0,0,0
C105966,Investment Plan (Mutual Fund SIP),1,1,0,0,0
C105966,Premium Banking Account,1,0,0,0,0
C105966,Cashback Credit Card,1,0,0,0,0
C105967,Investment Plan (Mutual Fund SIP),1,0,0,0,0
C105968,Fuel Credit Card,1,1,1,1,1
C105968,Premium Credit Card,1,0,0,0,0
C105968,Recurring Deposit,1,0,0,0,0
C105969,Term Insurance,1,0,0,0,0
C105971,Personal Loan,1,1,0,0,0
C105971,Home Loan,1,1,1,1,1
C105971,Premium Banking Account,1,0,0,0,0
C105972,Cashback Credit Card,1,0,0,0,0
C105972,Fixed Deposit,1,1,1,0,0
C105972,Personal Loan,1,0,0,0,0
C105972,Premium Banking Account,1,1,1,1,1
C105973,Premium Credit Card,1,1,0,0,0
C105973,Travel Credit Card,1,1,1,0,0
C105973,Fixed Deposit,1,0,0,0,0
C105973,Investment Plan (Mutual Fund SIP),1,1,0,0,0
C105974,Term Insurance,1,1,0,0,0
C105974,Investment Plan (Mutual Fund SIP),1,1,1,0,0
C105974,Cashback Credit Card,1,1,0,0,0
C105974,Travel Credit Card,1,0,0,0,0
C105974,Personal Loan,1,0,0,0,0
C105975,Fuel Credit Card,1,1,0,0,0
C105975,Premium Credit Card,1,1,0,0,0
C105975,Recurring Deposit,1,1,0,0,0
C105975,Personal Loan,1,1,0,0,0
C105976,Personal Loan,1,1,0,0,0
C105976,Premium Credit Card,1,0,0,0,0
C105976,Home Loan,1,1,1,1,1
C105977,Home Loan,1,0,0,0,0
C105977,Fixed Deposit,1,1,1,1,1
C105978,Term Insurance,1,1,0,0,0
C105980,Premium Banking Account,1,0,0,0,0
C105980,Fixed Deposit,1,1,0,0,0
C105980,Investment Plan (Mutual Fund SIP),1,1,0,0,0
C105981,Term Insurance,1,1,0,0,0
C105981,Premium Banking Account,1,1,0,0,0
C105981,Personal Loan,1,0,0,0,0
C105983,Personal Loan,1,1,0,0,0
C105983,Travel Credit Card,1,0,0,0,0
C105983,Fuel Credit Card,1,1,0,0,0
C105983,Recurring Deposit,1,1,0,0,0
C105984,Premium Credit Card,1,0,0,0,0
C105984,Premium Banking Account,1,0,0,0,0
C105985,Personal Loan,1,1,0,0,0
C105986,Fixed Deposit,1,0,0,0,0
C105986,Cashback Credit Card,1,0,0,0,0
C105988,Travel Credit Card,1,0,0,0,0
C105989,Recurring Deposit,1,1,1,0,0
C105989,Home Loan,1,0,0,0,0
C105990,Recurring Deposit,1,1,1,1,1
C105990,Premium Banking Account,1,1,0,0,0
C105990,Cashback Credit Card,1,1,0,0,0
C105990,Investment Plan (Mutual Fund SIP),1,0,0,0,0
C105990,Personal Loan,1,1,1,1,1
C105991,Travel Credit Card,1,1,1,1,1
C105991,Premium Banking Account,1,0,0,0,0
C105994,Premium Credit Card,1,1,0,0,0
C105995,Term Insurance,1,1,1,1,1
C105995,Personal Loan,1,0,0,0,0
C105998,Premium Credit Card,1,1,0,0,0
C105998,Personal Loan,1,1,0,0,0
C105998,Term Insurance,1,0,0,0,0
C105999,Fixed Deposit,1,0,0,0,0
C106000,Cashback Credit Card,1,1,1,0,0
C106000,Premium Credit Card,1,1,0,0,0
C106000,Home Loan,1,1,1,1,1
C106000,Recurring Deposit,1,0,0,0,0
C106001,Recurring Deposit,1,0,0,0,0
C106001,Travel Credit Card,1,1,0,0,0
C106001,Fuel Credit Card,1,1,0,0,0
C106001,Term Insurance,1,0,0,0,0
C106001,Home Loan,1,0,0,0,0
C106002,Premium Credit Card,1,1,1,1,1
C106002,Personal Loan,1,0,0,0,0
C106002,Fuel Credit Card,1,1,0,0,0
C106002,Investment Plan (Mutual Fund SIP),1,1,1,1,1
C106002,Recurring Deposit,1,1,1,1,1
C106004,Investment Plan (Mutual Fund SIP),1,1,0,0,0
C106004,Personal Loan,1,0,0,0,0
C106004,Term Insurance,1,1,0,0,0
C106005,Cashback Credit Card,1,1,1,1,1
C106006,Premium Credit Card,1,1,0,0,0
C106007,Premium Credit Card,1,0,0,0,0
C106007,Term Insurance,1,1,0,0,0
C106007,Cashback Credit Card,1,0,0,0,0
C106008,Investment Plan (Mutual Fund SIP),1,1,1,1,1
C106008,Premium Credit Card,1,0,0,0,0
C106008,Term Insurance,1,1,1,0,0
C106008,Travel Credit Card,1,1,0,0,0
C106009,Investment Plan (Mutual Fund SIP),1,0,0,0,0
C106009,Premium Credit Card,1,0,0,0,0
C106010,Recurring Deposit,1,1,1,1,0
C106011,Premium Credit Card,1,1,1,1,1
C106011,Term Insurance,1,0,0,0,0
C106012,Fixed Deposit,1,0,0,0,0
C106012,Investment Plan (Mutual Fund SIP),1,0,0,0,0
C106012,Personal Loan,1,1,0,0,0
C106012,Fuel Credit Card,1,0,0,0,0
C106014,Cashback Credit Card,1,0,0,0,0
C106014,Personal Loan,1,0,0,0,0
C106014,Travel Credit Card,1,1,0,0,0
C106014,Term Insurance,1,0,0,0,0
C106016,Investment Plan (Mutual Fund SIP),1,0,0,0,0
C106016,Home Loan,1,1,0,0,0
C106016,Fuel Credit Card,1,1,1,0,0
C106017,Fuel Credit Card,1,0,0,0,0
C106017,Recurring Deposit,1,0,0,0,0
C106017,Personal Loan,1,0,0,0,0
C106017,Cashback Credit Card,1,0,0,0,0
C106017,Investment Plan (Mutual Fund SIP),1,1,0,0,0
C106020,Fuel Credit Card,1,0,0,0,0
C106020,Premium Credit Card,1,1,1,1,1
C106020,Recurring Deposit,1,0,0,0,0
C106020,Premium Banking Account,1,0,0,0,0
C106022,Cashback Credit Card,1,0,0,0,0
C106022,Term Insurance,1,1,1,1,1
C106023,Cashback Credit Card,1,1,0,0,0
C106023,Premium Banking Account,1,0,0,0,0
C106023,Recurring Deposit,1,1,0,0,0
C106023,Investment Plan (Mutual Fund SIP),1,1,1,1,1
C106024,Premium Credit Card,1,0,0,0,0
C106024,Investment Plan (Mutual Fund SIP),1,1,0,0,0
C106024,Cashback Credit Card,1,0,0,0,0
C106025,Personal Loan,1,1,1,0,0
C106025,Premium Credit Card,1,0,0,0,0
C106025,Travel Credit Card,1,1,1,1,1
C106025,Fuel Credit Card,1,1,0,0,0
C106025,Fixed Deposit,1,1,1,1,1
C106026,Premium Credit Card,1,1,0,0,0
C106028,Personal Loan,1,1,1,1,1
C106028,Fuel Credit Card,1,0,0,0,0
C106028,Investment Plan (Mutual Fund SIP),1,1,0,0,0
C106029,Home Loan,1,1,0,0,0
C106030,Fuel Credit Card,1,1,1,1,1
C106030,Fixed Deposit,1,1,1,0,0
C106031,Home Loan,1,0,0,0,0
C106031,Cashback Credit Card,1,0,0,0,0
C106031,Personal Loan,1,0,0,0,0
C106031,Premium Credit Card,1,0,0,0,0
C106031,Fixed Deposit,1,0,0,0,0
C106032,Travel Credit Card,1,1,1,1,1
C106032,Recurring Deposit,1,1,0,0,0
C106032,Premium Credit Card,1,0,0,0,0
C106032,Fixed Deposit,1,1,1,1,1
C106033,Fixed Deposit,1,1,1,1,1
C106033,Investment Plan (Mutual Fund SIP),1,1,0,0,0
C106033,Recurring Deposit,1,0,0,0,0
C106034,Fuel Credit Card,1,0,0,0,0
C106034,Term Insurance,1,0,0,0,0
C106034,Travel Credit Card,1,1,0,0,0
C106034,Premium Banking Account,1,1,0,0,0
C106035,Travel Credit Card,1,0,0,0,0
C106035,Premium Banking Account,1,0,0,0,0
C106035,Personal Loan,1,1,0,0,0
C106037,Term Insurance,1,1,1,0,0
C106037,Fixed Deposit,1,0,0,0,0
C106038,Fixed Deposit,1,1,0,0,0
C106038,Premium Banking Account,1,1,0,0,0
C106038,Recurring Deposit,1,0,0,0,0
C106038,Cashback Credit Card,1,0,0,0,0
C106038,Home Loan,1,0,0,0,0
C106040,Recurring Deposit,1,1,0,0,0
C106040,Home Loan,1,1,0,0,0
C106041,Recurring Deposit,1,1,1,0,0
C106041,Term Insurance,1,0,0,0,0
C106041,Home Loan,1,1,0,0,0
C106041,Investment Plan (Mutual Fund SIP),1,0,0,0,0
C106041,Travel Credit Card,1,1,0,0,0
C106042,Home Loan,1,1,0,0,0
C106043,Recurring Deposit,1,0,0,0,0
C106043,Travel Credit Card,1,1,0,0,0
C106044,Term Insurance,1,1,0,0,0
C106045,Premium Credit Card,1,1,1,1,1
C106045,Term Insurance,1,0,0,0,0
C106045,Cashback Credit Card,1,1,1,0,0
C106045,Travel Credit Card,1,1,1,0,0
C106046,Investment Plan (Mutual Fund SIP),1,0,0,0,0
C106046,Personal Loan,1,1,0,0,0
C106047,Premium Credit Card,1,1,1,1,1
C106047,Fuel Credit Card,1,0,0,0,0
C106047,Fixed Deposit,1,0,0,0,0
C106047,Term Insurance,1,1,0,0,0
C106047,Home Loan,1,1,0,0,0
C106048,Fixed Deposit,1,1,0,0,0
C106048,Travel Credit Card,1,0,0,0,0
C106048,Cashback Credit Card,1,0,0,0,0
C106048,Investment Plan (Mutual Fund SIP),1,0,0,0,0
C106049,Premium Credit Card,1,0,0,0,0
C106049,Cashback Credit Card,1,0,0,0,0
C106049,Fixed Deposit,1,0,0,0,0
C106049,Investment Plan (Mutual Fund SIP),1,1,1,1,1
C106050,Travel Credit Card,1,1,0,0,0
C106050,Investment Plan (Mutual Fund SIP),1,0,0,0,0
C106050,Fixed Deposit,1,0,0,0,0
C106051,Premium Credit Card,1,0,0,0,0
C106051,Term Insurance,1,0,0,0,0
C106051,Fixed Deposit,1,1,0,0,0
C106051,Premium Banking Account,1,1,0,0,0
C106051,Personal Loan,1,0,0,0,0
C106052,Recurring Deposit,1,1,0,0,0
C106052,Personal Loan,1,1,1,1,1
C106052,Home Loan,1,1,1,1,1
C106053,Fixed Deposit,1,1,1,1,1
C106054,Investment Plan (Mutual Fund SIP),1,0,0,0,0
C106054,Recurring Deposit,1,1,0,0,0
C106055,Premium Credit Card,1,0,0,0,0
C106056,Recurring Deposit,1,0,0,0,0
C106056,Premium Credit Card,1,1,0,0,0
C106056,Premium Banking Account,1,0,0,0,0
C106056,Personal Loan,1,1,1,1,1
C106057,Personal Loan,1,0,0,0,0
C106057,Recurring Deposit,1,0,0,0,0
C106057,Premium Banking Account,1,1,1,0,0
C106057,Term Insurance,1,0,0,0,0
C106057,Investment Plan (Mutual Fund SIP),1,0,0,0,0
C106058,Premium Banking Account,1,1,1,1,1
C106058,Premium Credit Card,1,1,1,1,1
C106058,Investment Plan (Mutual Fund SIP),1,1,0,0,0
C106058,Personal Loan,1,0,0,0,0
C106059,Premium Credit Card,1,1,0,0,0
C106060,Cashback Credit Card,1,1,1,1,1
C106060,Term Insurance,1,0,0,0,0
C106060,Home Loan,1,1,0,0,0
C106060,Fixed Deposit,1,1,1,1,1
C106060,Fuel Credit Card,1,0,0,0,0
C106062,Travel Credit Card,1,0,0,0,0
C106063,Recurring Deposit,1,0,0,0,0
C106065,Travel Credit Card,1,1,1,1,0
C106065,Term Insurance,1,0,0,0,0
C106065,Premium Banking Account,1,1,1,0,0
C106065,Personal Loan,1,1,0,0,0
C106065,Fuel Credit Card,1,1,0,0,0
C106066,Personal Loan,1,1,1,0,0
C106066,Recurring Deposit,1,0,0,0,0
C106066,Fuel Credit Card,1,0,0,0,0
C106067,Personal Loan,1,0,0,0,0
C106068,Term Insurance,1,1,0,0,0
C106068,Cashback Credit Card,1,0,0,0,0
C106069,Term Insurance,1,0,0,0,0
C106069,Recurring Deposit,1,0,0,0,0
C106069,Investment Plan (Mutual Fund SIP),1,1,1,0,0
C106070,Cashback Credit Card,1,1,0,0,0
C106071,Investment Plan (Mutual Fund SIP),1,1,0,0,0
C106071,Cashback Credit Card,1,0,0,0,0
C106071,Personal Loan,1,0,0,0,0
C106071,Home Loan,1,1,0,0,0
C106073,Investment Plan (Mutual Fund SIP),1,0,0,0,0
C106073,Premium Credit Card,1,0,0,0,0
C106073,Recurring Deposit,1,1,0,0,0
C106073,Personal Loan,1,0,0,0,0
C106075,Fixed Deposit,1,0,0,0,0
C106075,Cashback Credit Card,1,0,0,0,0
C106076,Fixed Deposit,1,0,0,0,0
C106076,Premium Credit Card,1,1,0,0,0
C106077,Premium Credit Card,1,0,0,0,0
C106077,Fuel Credit Card,1,0,0,0,0
C106077,Investment Plan (Mutual Fund SIP),1,1,0,0,0
C106077,Cashback Credit Card,1,1,0,0,0
C106078,Term Insurance,1,1,1,1,1
C106078,Recurring Deposit,1,1,0,0,0
C106078,Fuel Credit Card,1,1,0,0,0
C106078,Travel Credit Card,1,0,0,0,0
C106078,Cashback Credit Card,1,1,0,0,0
C106079,Investment Plan (Mutual Fund SIP),1,1,0,0,0
C106079,Premium Credit Card,1,1,0,0,0
C106079,Fuel Credit Card,1,1,0,0,0
C106080,Travel Credit Card,1,1,0,0,0
C106080,Personal Loan,1,1,0,0,0
C106080,Premium Banking Account,1,1,0,0,0
C106080,Recurring Deposit,1,0,0,0,0
C106080,Investment Plan (Mutual Fund SIP),1,1,0,0,0
C106081,Travel Credit Card,1,1,1,0,0
C106082,Home Loan,1,0,0,0,0
C106082,Fixed Deposit,1,1,1,0,0
C106084,Premium Credit Card,1,0,0,0,0
C106084,Home Loan,1,0,0,0,0
C106084,Investment Plan (Mutual Fund SIP),1,0,0,0,0
C106084,Recurring Deposit,1,1,0,0,0
C106085,Fixed Deposit,1,0,0,0,0
C106085,Home Loan,1,0,0,0,0
C106086,Premium Credit Card,1,0,0,0,0
C106086,Cashback Credit Card,1,1,0,0,0
C106086,Recurring Deposit,1,1,1,1,1
C106086,Personal Loan,1,1,0,0,0
C106087,Cashback Credit Card,1,1,1,1,0
C106087,Premium Banking Account,1,1,0,0,0
C106090,Fuel Credit Card,1,1,0,0,0
C106090,Home Loan,1,0,0,0,0
C106090,Premium Credit Card,1,0,0,0,0
C106091,Fixed Deposit,1,0,0,0,0
C106091,Travel Credit Card,1,0,0,0,0
C106092,Travel Credit Card,1,1,1,1,1
C106092,Recurring Deposit,1,0,0,0,0
C106092,Fuel Credit Card,1,0,0,0,0
C106093,Personal Loan,1,1,1,0,0
C106093,Term Insurance,1,1,0,0,0
C106093,Premium Credit Card,1,0,0,0,0
C106094,Fixed Deposit,1,1,0,0,0
C106095,Personal Loan,1,0,0,0,0
C106095,Premium Banking Account,1,0,0,0,0
C106095,Recurring Deposit,1,0,0,0,0
C106097,Travel Credit Card,1,1,0,0,0
C106098,Fixed Deposit,1,1,0,0,0
C106099,Premium Banking Account,1,1,1,0,0
C106099,Investment Plan (Mutual Fund SIP),1,0,0,0,0
C106099,Fuel Credit Card,1,0,0,0,0
C106099,Travel Credit Card,1,1,0,0,0
C106100,Travel Credit Card,1,1,0,0,0
C106100,Recurring Deposit,1,0,0,0,0
C106102,Fixed Deposit,1,0,0,0,0
C106102,Home Loan,1,1,0,0,0
C106102,Recurring Deposit,1,0,0,0,0
C106102,Fuel Credit Card,1,1,0,0,0
C106102,Travel Credit Card,1,1,0,0,0
C106104,Personal Loan,1,1,1,0,0
C106104,Term Insurance,1,0,0,0,0
C106105,Travel Credit Card,1,1,1,1,1
C106105,Premium Credit Card,1,0,0,0,0
C106106,Premium Banking Account,1,0,0,0,0
C106107,Home Loan,1,0,0,0,0
C106107,Travel Credit Card,1,1,1,1,1
C106107,Fixed Deposit,1,1,0,0,0
C106107,Investment Plan (Mutual Fund SIP),1,1,0,0,0
C106107,Fuel Credit Card,1,1,1,0,0
C106108,Fixed Deposit,1,0,0,0,0
C106108,Cashback Credit Card,1,0,0,0,0
C106108,Travel Credit Card,1,1,0,0,0
C106109,Premium Credit Card,1,1,1,0,0
C106109,Premium Banking Account,1,0,0,0,0
C106109,Recurring Deposit,1,1,1,0,0
C106109,Cashback Credit Card,1,1,0,0,0
C106109,Fixed Deposit,1,0,0,0,0
C106110,Premium Credit Card,1,0,0,0,0
C106110,Home Loan,1,0,0,0,0
C106110,Term Insurance,1,0,0,0,0
C106111,Fixed Deposit,1,1,0,0,0
C106112,Fixed Deposit,1,1,0,0,0
C106112,Investment Plan (Mutual Fund SIP),1,0,0,0,0
C106112,Premium Credit Card,1,0,0,0,0
C106112,Premium Banking Account,1,0,0,0,0
C106113,Personal Loan,1,1,0,0,0
C106113,Fuel Credit Card,1,1,0,0,0
C106113,Premium Banking Account,1,0,0,0,0
C106113,Term Insurance,1,1,0,0,0
C106113,Investment Plan (Mutual Fund SIP),1,0,0,0,0
C106114,Premium Credit Card,1,1,0,0,0
C106114,Travel Credit Card,1,0,0,0,0
C106115,Fuel Credit Card,1,0,0,0,0
C106115,Investment Plan (Mutual Fund SIP),1,0,0,0,0
C106116,Home Loan,1,0,0,0,0
C106116,Premium Credit Card,1,1,0,0,0
C106118,Term Insurance,1,1,0,0,0
C106118,Recurring Deposit,1,1,1,0,0
C106119,Recurring Deposit,1,1,0,0,0
C106120,Fuel Credit Card,1,1,0,0,0
C106120,Recurring Deposit,1,1,0,0,0
C106120,Premium Banking Account,1,1,1,1,1
C106120,Personal Loan,1,0,0,0,0
C106120,Cashback Credit Card,1,1,0,0,0
C106121,Fixed Deposit,1,0,0,0,0
C106121,Term Insurance,1,0,0,0,0
C106121,Premium Credit Card,1,1,0,0,0
C106121,Premium Banking Account,1,0,0,0,0
C106122,Fuel Credit Card,1,0,0,0,0
C106122,Fixed Deposit,1,1,1,1,0
C106122,Investment Plan (Mutual Fund SIP),1,0,0,0,0
C106123,Cashback Credit Card,1,1,0,0,0
C106123,Home Loan,1,0,0,0,0
C106124,Cashback Credit Card,1,0,0,0,0
C106124,Term Insurance,1,1,0,0,0
C106124,Premium Banking Account,1,0,0,0,0
C106124,Travel Credit Card,1,0,0,0,0
C106125,Fixed Deposit,1,0,0,0,0
C106125,Term Insurance,1,1,0,0,0
C106125,Cashback Credit Card,1,1,0,0,0
C106125,Personal Loan,1,0,0,0,0
C106125,Premium Credit Card,1,0,0,0,0
C106126,Recurring Deposit,1,0,0,0,0
C106126,Premium Banking Account,1,0,0,0,0
C106126,Travel Credit Card,1,1,0,0,0
C106126,Personal Loan,1,1,0,0,0
C106127,Fixed Deposit,1,1,0,0,0
C106127,Term Insurance,1,0,0,0,0
C106127,Home Loan,1,1,1,0,0
C106128,Travel Credit Card,1,1,0,0,0
C106128,Home Loan,1,0,0,0,0
C106128,Cashback Credit Card,1,1,0,0,0
C106128,Premium Credit Card,1,0,0,0,0
C106128,Term Insurance,1,0,0,0,0
C106130,Investment Plan (Mutual Fund SIP),1,0,0,0,0
C106130,Term Insurance,1,0,0,0,0
C106130,Home Loan,1,1,0,0,0
C106130,Personal Loan,1,1,0,0,0
C106131,Home Loan,1,0,0,0,0
C106131,Premium Credit Card,1,0,0,0,0
C106131,Personal Loan,1,1,0,0,0
C106131,Term Insurance,1,0,0,0,0
C106131,Travel Credit Card,1,1,1,1,1
C106132,Cashback Credit Card,1,1,1,0,0
C106132,Term Insurance,1,1,0,0,0
C106132,Premium Banking Account,1,0,0,0,0
C106132,Investment Plan (Mutual Fund SIP),1,1,0,0,0
C106133,Investment Plan (Mutual Fund SIP),1,0,0,0,0
C106133,Home Loan,1,0,0,0,0
C106133,Personal Loan,1,0,0,0,0
C106133,Travel Credit Card,1,0,0,0,0
C106134,Term Insurance,1,1,0,0,0
C106134,Premium Banking Account,1,1,0,0,0
C106135,Investment Plan (Mutual Fund SIP),1,0,0,0,0
C106135,Travel Credit Card,1,1,1,1,1
C106135,Home Loan,1,1,0,0,0
C106136,Fuel Credit Card,1,1,0,0,0
C106137,Travel Credit Card,1,1,1,1,1
C106138,Recurring Deposit,1,0,0,0,0
C106138,Term Insurance,1,1,1,0,0
C106138,Personal Loan,1,1,0,0,0
C106139,Recurring Deposit,1,1,0,0,0
C106139,Term Insurance,1,1,0,0,0
C106139,Investment Plan (Mutual Fund SIP),1,1,1,0,0
C106139,Personal Loan,1,0,0,0,0
C106140,Premium Credit Card,1,1,0,0,0
C106140,Home Loan,1,1,1,1,1
C106140,Premium Banking Account,1,1,1,0,0
C106141,Travel Credit Card,1,0,0,0,0
C106141,Recurring Deposit,1,0,0,0,0
C106141,Home Loan,1,1,0,0,0
C106142,Term Insurance,1,0,0,0,0
C106142,Fixed Deposit,1,1,0,0,0
C106142,Travel Credit Card,1,0,0,0,0
C106142,Investment Plan (Mutual Fund SIP),1,0,0,0,0
C106142,Personal Loan,1,0,0,0,0
C106144,Personal Loan,1,1,0,0,0
C106144,Investment Plan (Mutual Fund SIP),1,0,0,0,0
C106144,Travel Credit Card,1,1,1,0,0
C106145,Premium Credit Card,1,0,0,0,0
C106145,Term Insurance,1,0,0,0,0
C106146,Premium Banking Account,1,1,1,1,1
C106146,Term Insurance,1,1,0,0,0
C106146,Fixed Deposit,1,0,0,0,0
C106147,Fixed Deposit,1,0,0,0,0
C106147,Premium Banking Account,1,1,1,1,0
C106147,Travel Credit Card,1,1,0,0,0
C106147,Premium Credit Card,1,1,0,0,0
C106147,Investment Plan (Mutual Fund SIP),1,1,0,0,0
C106149,Premium Banking Account,1,0,0,0,0
C106149,Travel Credit Card,1,1,0,0,0
C106149,Fixed Deposit,1,0,0,0,0
C106149,Premium Credit Card,1,1,0,0,0
C106150,Premium Credit Card,1,1,1,1,1
C106150,Recurring Deposit,1,0,0,0,0
C106150,Personal Loan,1,0,0,0,0
C106151,Travel Credit Card,1,0,0,0,0
C106151,Fuel Credit Card,1,0,0,0,0
C106152,Personal Loan,1,0,0,0,0
C106152,Cashback Credit Card,1,1,0,0,0
C106153,Fixed Deposit,1,1,0,0,0
C106153,Personal Loan,1,0,0,0,0
C106153,Recurring Deposit,1,1,0,0,0
C106153,Cashback Credit Card,1,0,0,0,0
C106154,Investment Plan (Mutual Fund SIP),1,1,0,0,0
C106154,Fixed Deposit,1,0,0,0,0
C106154,Home Loan,1,0,0,0,0
C106154,Premium Banking Account,1,0,0,0,0
C106154,Fuel Credit Card,1,0,0,0,0
C106155,Premium Banking Account,1,0,0,0,0
C106155,Personal Loan,1,1,1,0,0
C106156,Personal Loan,1,1,1,1,0
C106157,Premium Banking Account,1,1,0,0,0
C106157,Premium Credit Card,1,1,0,0,0
C106158,Premium Banking Account,1,1,0,0,0
C106158,Investment Plan (Mutual Fund SIP),1,0,0,0,0
C106158,Term Insurance,1,0,0,0,0
C106158,Fixed Deposit,1,1,1,0,0
C106158,Travel Credit Card,1,1,0,0,0
C106159,Fuel Credit Card,1,1,0,0,0
C106160,Personal Loan,1,1,0,0,0
C106160,Home Loan,1,0,0,0,0
C106160,Premium Credit Card,1,0,0,0,0
C106160,Cashback Credit Card,1,0,0,0,0
C106162,Fixed Deposit,1,1,0,0,0
C106162,Fuel Credit Card,1,0,0,0,0
C106162,Travel Credit Card,1,1,0,0,0
C106162,Cashback Credit Card,1,0,0,0,0
C106163,Personal Loan,1,0,0,0,0
C106163,Recurring Deposit,1,1,1,0,0
C106163,Term Insurance,1,1,0,0,0
C106164,Premium Banking Account,1,0,0,0,0
C106165,Cashback Credit Card,1,1,0,0,0
C106165,Term Insurance,1,1,0,0,0
C106166,Cashback Credit Card,1,0,0,0,0
C106166,Investment Plan (Mutual Fund SIP),1,1,0,0,0
C106166,Premium Banking Account,1,0,0,0,0
C106166,Travel Credit Card,1,1,1,1,0
C106166,Fixed Deposit,1,0,0,0,0
C106167,Home Loan,1,1,0,0,0
C106167,Fixed Deposit,1,1,0,0,0
C106168,Recurring Deposit,1,1,1,0,0
C106168,Premium Credit Card,1,0,0,0,0
C106169,Investment Plan (Mutual Fund SIP),1,1,0,0,0
C106169,Home Loan,1,1,1,1,1
C106169,Cashback Credit Card,1,1,0,0,0
C106170,Cashback Credit Card,1,1,0,0,0
C106170,Investment Plan (Mutual Fund SIP),1,0,0,0,0
C106170,Fixed Deposit,1,0,0,0,0
C106170,Premium Credit Card,1,1,0,0,0
C106171,Fuel Credit Card,1,1,1,1,1
C106171,Premium Credit Card,1,1,0,0,0
C106171,Premium Banking Account,1,1,1,1,1
C106171,Term Insurance,1,1,0,0,0
C106172,Personal Loan,1,1,0,0,0
C106172,Fuel Credit Card,1,1,0,0,0
C106172,Home Loan,1,1,1,1,1
C106172,Cashback Credit Card,1,1,0,0,0
C106172,Premium Credit Card,1,1,1,1,1
C106174,Premium Credit Card,1,1,1,1,0
C106174,Investment Plan (Mutual Fund SIP),1,0,0,0,0
C106175,Fuel Credit Card,1,1,0,0,0
C106175,Recurring Deposit,1,1,0,0,0
C106175,Premium Credit Card,1,0,0,0,0
C106175,Cashback Credit Card,1,1,1,0,0
C106175,Term Insurance,1,1,0,0,0
C106176,Cashback Credit Card,1,1,1,1,1
C106176,Fixed Deposit,1,0,0,0,0
C106176,Premium Credit Card,1,1,0,0,0
C106176,Term Insurance,1,1,0,0,0
C106177,Travel Credit Card,1,1,0,0,0
C106177,Recurring Deposit,1,1,1,1,0
C106177,Premium Credit Card,1,0,0,0,0
C106177,Fuel Credit Card,1,0,0,0,0
C106177,Fixed Deposit,1,1,1,1,1
C106178,Fixed Deposit,1,1,0,0,0
C106178,Travel Credit Card,1,1,1,0,0
C106178,Investment Plan (Mutual Fund SIP),1,1,0,0,0
C106179,Home Loan,1,0,0,0,0
C106179,Term Insurance,1,0,0,0,0
C106179,Recurring Deposit,1,1,0,0,0
C106179,Premium Credit Card,1,1,1,1,1
C106180,Fixed Deposit,1,0,0,0,0
C106180,Cashback Credit Card,1,0,0,0,0
C106181,Term Insurance,1,0,0,0,0
C106182,Term Insurance,1,1,0,0,0
C106184,Cashback Credit Card,1,1,0,0,0
C106184,Fuel Credit Card,1,1,1,1,0
C106184,Personal Loan,1,1,0,0,0
C106184,Investment Plan (Mutual Fund SIP),1,1,1,0,0
C106185,Cashback Credit Card,1,0,0,0,0
C106186,Premium Credit Card,1,0,0,0,0
C106186,Premium Banking Account,1,1,0,0,0
C106187,Premium Credit Card,1,0,0,0,0
C106187,Home Loan,1,0,0,0,0
C106187,Recurring Deposit,1,1,0,0,0
C106187,Term Insurance,1,0,0,0,0
C106188,Premium Banking Account,1,1,0,0,0
C106188,Recurring Deposit,1,1,1,0,0
C106188,Term Insurance,1,0,0,0,0
C106189,Premium Credit Card,1,1,0,0,0
C106189,Personal Loan,1,0,0,0,0
C106189,Investment Plan (Mutual Fund SIP),1,1,1,0,0
C106190,Travel Credit Card,1,0,0,0,0
C106192,Premium Credit Card,1,1,0,0,0
C106193,Investment Plan (Mutual Fund SIP),1,1,0,0,0
C106193,Home Loan,1,0,0,0,0
C106193,Fuel Credit Card,1,0,0,0,0
C106193,Cashback Credit Card,1,1,0,0,0
C106194,Fixed Deposit,1,0,0,0,0
C106194,Premium Banking Account,1,1,1,1,1
C106194,Term Insurance,1,0,0,0,0
C106196,Personal Loan,1,1,1,1,1
C106197,Investment Plan (Mutual Fund SIP),1,1,0,0,0
C106197,Personal Loan,1,1,0,0,0
C106197,Recurring Deposit,1,0,0,0,0
C106197,Premium Banking Account,1,0,0,0,0
C106197,Term Insurance,1,1,0,0,0
C106198,Investment Plan (Mutual Fund SIP),1,0,0,0,0
C106199,Premium Banking Account,1,0,0,0,0
C106200,Travel Credit Card,1,1,1,1,1
C106200,Investment Plan (Mutual Fund SIP),1,1,0,0,0
C106201,Home Loan,1,1,0,0,0
C106201,Fuel Credit Card,1,0,0,0,0
C106201,Premium Banking Account,1,1,0,0,0
C106201,Travel Credit Card,1,0,0,0,0
C106202,Fuel Credit Card,1,0,0,0,0
C106202,Term Insurance,1,0,0,0,0
C106202,Cashback Credit Card,1,0,0,0,0
C106202,Recurring Deposit,1,1,0,0,0
C106202,Premium Credit Card,1,1,0,0,0
C106203,Personal Loan,1,1,0,0,0
C106203,Recurring Deposit,1,1,0,0,0
C106204,Term Insurance,1,0,0,0,0
C106204,Fixed Deposit,1,1,0,0,0
C106204,Investment Plan (Mutual Fund SIP),1,0,0,0,0
C106205,Recurring Deposit,1,1,0,0,0
C106206,Fixed Deposit,1,1,1,0,0
C106206,Cashback Credit Card,1,1,0,0,0
C106206,Travel Credit Card,1,1,0,0,0
C106206,Recurring Deposit,1,1,0,0,0
C106206,Fuel Credit Card,1,0,0,0,0
C106208,Premium Credit Card,1,1,1,1,1
C106208,Fixed Deposit,1,0,0,0,0
C106210,Personal Loan,1,0,0,0,0
C106212,Term Insurance,1,1,1,1,1
C106212,Premium Credit Card,1,1,0,0,0
C106213,Term Insurance,1,1,0,0,0
C106213,Home Loan,1,1,1,1,1
C106214,Premium Banking Account,1,1,0,0,0
C106215,Premium Banking Account,1,0,0,0,0
C106216,Premium Credit Card,1,1,0,0,0
C106217,Premium Banking Account,1,0,0,0,0
C106217,Investment Plan (Mutual Fund SIP),1,1,0,0,0
C106217,Term Insurance,1,1,0,0,0
C106218,Recurring Deposit,1,1,1,1,1
C106218,Fixed Deposit,1,1,0,0,0
C106218,Term Insurance,1,0,0,0,0
C106218,Fuel Credit Card,1,1,0,0,0
C106220,Investment Plan (Mutual Fund SIP),1,1,0,0,0
C106220,Premium Banking Account,1,1,1,0,0
C106220,Fixed Deposit,1,0,0,0,0
C106220,Premium Credit Card,1,1,1,1,0
C106221,Fuel Credit Card,1,0,0,0,0
C106221,Recurring Deposit,1,0,0,0,0
C106221,Fixed Deposit,1,1,1,1,1
C106221,Premium Banking Account,1,0,0,0,0
C106222,Premium Banking Account,1,0,0,0,0
C106223,Recurring Deposit,1,1,0,0,0
C106223,Term Insurance,1,0,0,0,0
C106224,Cashback Credit Card,1,1,1,0,0
C106224,Premium Banking Account,1,1,0,0,0
C106224,Travel Credit Card,1,1,0,0,0
C106224,Term Insurance,1,0,0,0,0
C106224,Recurring Deposit,1,1,0,0,0
C106225,Term Insurance,1,0,0,0,0
C106225,Personal Loan,1,1,1,0,0
C106225,Fuel Credit Card,1,1,0,0,0
C106225,Travel Credit Card,1,1,1,0,0
C106226,Recurring Deposit,1,0,0,0,0
C106227,Term Insurance,1,1,0,0,0
C106227,Recurring Deposit,1,1,1,0,0
C106227,Premium Credit Card,1,1,0,0,0
C106228,Cashback Credit Card,1,1,0,0,0
C106228,Term Insurance,1,1,0,0,0
C106228,Recurring Deposit,1,1,1,0,0
C106229,Recurring Deposit,1,0,0,0,0
C106229,Travel Credit Card,1,1,1,1,1
C106229,Fuel Credit Card,1,0,0,0,0
C106229,Cashback Credit Card,1,0,0,0,0
C106229,Personal Loan,1,1,1,1,0
C106230,Term Insurance,1,1,0,0,0
C106232,Premium Credit Card,1,1,1,0,0
C106232,Travel Credit Card,1,1,0,0,0
C106232,Investment Plan (Mutual Fund SIP),1,0,0,0,0
C106232,Cashback Credit Card,1,0,0,0,0
C106233,Personal Loan,1,1,1,1,0
C106233,Fixed Deposit,1,0,0,0,0
C106233,Travel Credit Card,1,0,0,0,0
C106233,Investment Plan (Mutual Fund SIP),1,1,1,1,1
C106233,Premium Credit Card,1,0,0,0,0
C106234,Fuel Credit Card,1,0,0,0,0
C106235,Investment Plan (Mutual Fund SIP),1,0,0,0,0
C106235,Premium Credit Card,1,1,0,0,0
C106237,Home Loan,1,1,0,0,0
C106237,Fixed Deposit,1,1,0,0,0
C106237,Personal Loan,1,1,0,0,0
C106237,Premium Banking Account,1,1,0,0,0
C106237,Fuel Credit Card,1,0,0,0,0
C106238,Premium Banking Account,1,1,0,0,0
C106238,Fixed Deposit,1,1,0,0,0
C106238,Fuel Credit Card,1,1,0,0,0
C106239,Investment Plan (Mutual Fund SIP),1,0,0,0,0
C106239,Term Insurance,1,0,0,0,0
C106239,Fixed Deposit,1,1,0,0,0
C106240,Travel Credit Card,1,0,0,0,0
C106240,Fixed Deposit,1,0,0,0,0
C106240,Investment Plan (Mutual Fund SIP),1,1,0,0,0
C106240,Recurring Deposit,1,0,0,0,0
C106240,Home Loan,1,1,0,0,0
C106242,Premium Credit Card,1,0,0,0,0
C106243,Fuel Credit Card,1,1,0,0,0
C106243,Premium Credit Card,1,1,0,0,0
C106245,Term Insurance,1,1,1,1,1
C106245,Cashback Credit Card,1,1,0,0,0
C106245,Recurring Deposit,1,0,0,0,0
C106245,Investment Plan (Mutual Fund SIP),1,1,0,0,0
C106246,Travel Credit Card,1,0,0,0,0
C106247,Term Insurance,1,1,1,1,1
C106247,Travel Credit Card,1,1,1,0,0
C106247,Home Loan,1,1,0,0,0
C106247,Premium Banking Account,1,1,1,1,0
C106248,Premium Credit Card,1,1,0,0,0
C106249,Cashback Credit Card,1,0,0,0,0
C106249,Investment Plan (Mutual Fund SIP),1,1,0,0,0
C106250,Premium Banking Account,1,1,0,0,0
C106251,Cashback Credit Card,1,1,0,0,0
C106251,Home Loan,1,1,0,0,0
C106252,Premium Banking Account,1,0,0,0,0
C106252,Term Insurance,1,1,0,0,0
C106252,Personal Loan,1,1,0,0,0
C106252,Premium Credit Card,1,0,0,0,0
C106252,Cashback Credit Card,1,0,0,0,0
C106253,Fuel Credit Card,1,1,0,0,0
C106253,Fixed Deposit,1,1,1,1,1
C106254,Personal Loan,1,1,1,1,1
C106254,Fixed Deposit,1,1,0,0,0
C106254,Premium Credit Card,1,0,0,0,0
C106254,Cashback Credit Card,1,1,0,0,0
C106254,Term Insurance,1,0,0,0,0
C106255,Fixed Deposit,1,0,0,0,0
C106256,Investment Plan (Mutual Fund SIP),1,1,0,0,0
C106256,Travel Credit Card,1,0,0,0,0
C106256,Premium Credit Card,1,1,1,1,1
C106256,Fuel Credit Card,1,1,0,0,0
C106258,Investment Plan (Mutual Fund SIP),1,1,0,0,0
C106258,Term Insurance,1,0,0,0,0
C106260,Premium Banking Account,1,1,0,0,0
C106260,Recurring Deposit,1,1,0,0,0
C106261,Home Loan,1,0,0,0,0
C106261,Premium Credit Card,1,0,0,0,0
C106261,Travel Credit Card,1,1,0,0,0
C106262,Fixed Deposit,1,1,0,0,0
C106262,Premium Banking Account,1,0,0,0,0
C106262,Fuel Credit Card,1,1,1,1,1
C106262,Investment Plan (Mutual Fund SIP),1,0,0,0,0
C106263,Cashback Credit Card,1,0,0,0,0
C106263,Fuel Credit Card,1,0,0,0,0
C106263,Term Insurance,1,0,0,0,0
C106263,Personal Loan,1,1,1,1,1
C106264,Recurring Deposit,1,1,0,0,0
C106264,Travel Credit Card,1,0,0,0,0
C106265,Personal Loan,1,0,0,0,0
C106265,Recurring Deposit,1,1,0,0,0
C106265,Premium Credit Card,1,1,0,0,0
C106265,Investment Plan (Mutual Fund SIP),1,1,1,0,0
C106266,Personal Loan,1,0,0,0,0
C106267,Home Loan,1,0,0,0,0
C106267,Premium Credit Card,1,1,0,0,0
C106268,Term Insurance,1,1,1,1,0
C106268,Home Loan,1,1,0,0,0
C106268,Premium Credit Card,1,1,1,0,0
C106268,Travel Credit Card,1,1,0,0,0
C106268,Fixed Deposit,1,1,1,1,1
C106269,Recurring Deposit,1,0,0,0,0
C106269,Personal Loan,1,0,0,0,0
C106270,Premium Banking Account,1,0,0,0,0
C106271,Investment Plan (Mutual Fund SIP),1,0,0,0,0
C106272,Cashback Credit Card,1,1,1,1,1
C106273,Cashback Credit Card,1,1,0,0,0
C106273,Recurring Deposit,1,0,0,0,0
C106273,Investment Plan (Mutual Fund SIP),1,0,0,0,0
C106273,Premium Credit Card,1,1,0,0,0
C106274,Investment Plan (Mutual Fund SIP),1,1,1,1,1
C106274,Home Loan,1,0,0,0,0
C106274,Personal Loan,1,0,0,0,0
C106274,Fixed Deposit,1,1,1,0,0
C106275,Recurring Deposit,1,1,1,1,0
C106275,Term Insurance,1,0,0,0,0
C106275,Fuel Credit Card,1,0,0,0,0
C106275,Personal Loan,1,1,0,0,0
C106275,Home Loan,1,1,0,0,0
C106276,Premium Banking Account,1,0,0,0,0
C106276,Fixed Deposit,1,0,0,0,0
C106276,Investment Plan (Mutual Fund SIP),1,0,0,0,0
C106276,Personal Loan,1,0,0,0,0
C106277,Term Insurance,1,0,0,0,0
C106277,Premium Banking Account,1,1,0,0,0
C106278,Travel Credit Card,1,0,0,0,0
C106278,Fuel Credit Card,1,1,1,1,1
C106278,Term Insurance,1,1,1,0,0
C106278,Cashback Credit Card,1,1,0,0,0
C106278,Investment Plan (Mutual Fund SIP),1,1,1,1,1
C106279,Personal Loan,1,1,0,0,0
C106279,Fuel Credit Card,1,1,0,0,0
C106279,Premium Credit Card,1,1,1,1,1
C106280,Recurring Deposit,1,0,0,0,0
C106281,Term Insurance,1,1,0,0,0
C106281,Home Loan,1,1,1,0,0
C106282,Premium Credit Card,1,1,0,0,0
C106282,Fuel Credit Card,1,0,0,0,0
C106282,Travel Credit Card,1,0,0,0,0
C106282,Recurring Deposit,1,1,0,0,0
C106283,Fixed Deposit,1,1,0,0,0
C106283,Home Loan,1,0,0,0,0
C106283,Cashback Credit Card,1,0,0,0,0
C106283,Investment Plan (Mutual Fund SIP),1,0,0,0,0
C106284,Cashback Credit Card,1,1,0,0,0
C106284,Term Insurance,1,1,0,0,0
C106284,Investment Plan (Mutual Fund SIP),1,1,0,0,0
C106284,Premium Credit Card,1,1,0,0,0
C106285,Personal Loan,1,1,0,0,0
C106285,Cashback Credit Card,1,1,0,0,0
C106285,Travel Credit Card,1,1,1,1,1
C106286,Travel Credit Card,1,0,0,0,0
C106286,Cashback Credit Card,1,1,0,0,0
C106286,Home Loan,1,1,1,1,1
C106286,Recurring Deposit,1,0,0,0,0
C106287,Home Loan,1,0,0,0,0
C106287,Fixed Deposit,1,0,0,0,0
C106287,Term Insurance,1,0,0,0,0
C106287,Fuel Credit Card,1,0,0,0,0
C106287,Recurring Deposit,1,1,0,0,0
C106288,Investment Plan (Mutual Fund SIP),1,1,0,0,0
C106288,Fuel Credit Card,1,1,1,1,1
C106288,Recurring Deposit,1,0,0,0,0
C106288,Premium Credit Card,1,1,1,1,1
C106289,Home Loan,1,0,0,0,0
C106289,Cashback Credit Card,1,1,0,0,0
C106289,Investment Plan (Mutual Fund SIP),1,1,0,0,0
C106289,Premium Banking Account,1,0,0,0,0
C106290,Home Loan,1,0,0,0,0
C106290,Fixed Deposit,1,1,0,0,0
C106290,Investment Plan (Mutual Fund SIP),1,1,1,1,1
C106290,Fuel Credit Card,1,0,0,0,0
C106291,Personal Loan,1,1,0,0,0
C106293,Term Insurance,1,1,0,0,0
C106293,Recurring Deposit,1,1,1,1,0
C106293,Cashback Credit Card,1,1,1,1,0
C106293,Personal Loan,1,1,0,0,0
C106294,Premium Credit Card,1,0,0,0,0
C106296,Investment Plan (Mutual Fund SIP),1,0,0,0,0
C106296,Term Insurance,1,1,1,0,0
C106296,Travel Credit Card,1,0,0,0,0
C106296,Premium Credit Card,1,1,0,0,0
C106297,Investment Plan (Mutual Fund SIP),1,0,0,0,0
C106297,Term Insurance,1,0,0,0,0
C106297,Recurring Deposit,1,0,0,0,0
C106297,Personal Loan,1,1,0,0,0
C106297,Travel Credit Card,1,1,0,0,0
C106298,Cashback Credit Card,1,1,1,0,0
C106298,Premium Credit Card,1,1,1,1,1
C106298,Personal Loan,1,0,0,0,0
C106298,Fuel Credit Card,1,1,0,0,0
C106299,Fixed Deposit,1,0,0,0,0
C106299,Premium Banking Account,1,0,0,0,0
C106299,Term Insurance,1,1,0,0,0
C106300,Home Loan,1,0,0,0,0
C106302,Recurring Deposit,1,1,0,0,0
C106302,Fixed Deposit,1,0,0,0,0
C106302,Term Insurance,1,0,0,0,0
C106302,Fuel Credit Card,1,0,0,0,0
C106303,Fixed Deposit,1,1,0,0,0
C106303,Travel Credit Card,1,0,0,0,0
C106303,Cashback Credit Card,1,0,0,0,0
C106303,Fuel Credit Card,1,1,0,0,0
C106303,Home Loan,1,1,1,1,0
C106304,Fuel Credit Card,1,0,0,0,0
C106304,Fixed Deposit,1,0,0,0,0
C106304,Premium Banking Account,1,0,0,0,0
C106304,Cashback Credit Card,1,1,0,0,0
C106305,Fuel Credit Card,1,1,0,0,0
C106305,Investment Plan (Mutual Fund SIP),1,1,1,0,0
C106305,Premium Banking Account,1,0,0,0,0
C106305,Personal Loan,1,1,0,0,0
C106306,Cashback Credit Card,1,0,0,0,0
C106306,Travel Credit Card,1,0,0,0,0
C106309,Fuel Credit Card,1,1,0,0,0
C106309,Fixed Deposit,1,1,0,0,0
C106309,Recurring Deposit,1,0,0,0,0
C106309,Cashback Credit Card,1,0,0,0,0
C106310,Recurring Deposit,1,0,0,0,0
C106310,Investment Plan (Mutual Fund SIP),1,0,0,0,0
C106310,Premium Credit Card,1,1,0,0,0
C106310,Home Loan,1,1,0,0,0
C106310,Cashback Credit Card,1,0,0,0,0
C106311,Premium Banking Account,1,1,1,1,1
C106311,Fuel Credit Card,1,1,0,0,0
C106311,Premium Credit Card,1,1,1,1,1
C106311,Investment Plan (Mutual Fund SIP),1,1,0,0,0
C106311,Personal Loan,1,1,0,0,0
C106312,Premium Banking Account,1,0,0,0,0
C106312,Fixed Deposit,1,1,0,0,0
C106312,Term Insurance,1,1,1,0,0
C106312,Recurring Deposit,1,1,1,1,1
C106312,Personal Loan,1,1,0,0,0
C106313,Premium Banking Account,1,1,0,0,0
C106313,Personal Loan,1,1,0,0,0
C106313,Fuel Credit Card,1,0,0,0,0
C106314,Term Insurance,1,0,0,0,0
C106314,Personal Loan,1,1,0,0,0
C106314,Home Loan,1,1,0,0,0
C106314,Cashback Credit Card,1,1,0,0,0
C106314,Premium Credit Card,1,0,0,0,0
C106315,Fuel Credit Card,1,0,0,0,0
C106315,Travel Credit Card,1,0,0,0,0
C106315,Home Loan,1,0,0,0,0
C106315,Fixed Deposit,1,1,0,0,0
C106316,Premium Credit Card,1,0,0,0,0
C106316,Cashback Credit Card,1,0,0,0,0
C106316,Recurring Deposit,1,1,1,1,1
C106319,Fuel Credit Card,1,0,0,0,0
C106319,Home Loan,1,0,0,0,0
C106319,Cashback Credit Card,1,1,0,0,0
C106319,Premium Credit Card,1,1,0,0,0
C106320,Personal Loan,1,1,0,0,0
C106320,Home Loan,1,0,0,0,0
C106320,Fuel Credit Card,1,0,0,0,0
C106320,Premium Banking Account,1,1,1,1,0
C106322,Recurring Deposit,1,0,0,0,0
C106322,Cashback Credit Card,1,1,0,0,0
C106322,Premium Banking Account,1,1,1,1,1
C106323,Travel Credit Card,1,1,0,0,0
C106323,Home Loan,1,1,1,0,0
C106323,Recurring Deposit,1,1,1,1,1
C106323,Personal Loan,1,1,1,0,0
C106325,Fuel Credit Card,1,1,0,0,0
C106325,Term Insurance,1,1,0,0,0
C106325,Personal Loan,1,0,0,0,0
C106325,Premium Banking Account,1,0,0,0,0
C106325,Travel Credit Card,1,0,0,0,0
C106326,Recurring Deposit,1,0,0,0,0
C106326,Premium Banking Account,1,1,1,1,1
C106327,Cashback Credit Card,1,0,0,0,0
C106327,Premium Credit Card,1,0,0,0,0
C106327,Premium Banking Account,1,0,0,0,0
C106328,Term Insurance,1,0,0,0,0
C106328,Fixed Deposit,1,1,0,0,0
C106328,Home Loan,1,0,0,0,0
C106328,Premium Credit Card,1,0,0,0,0
C106329,Cashback Credit Card,1,0,0,0,0
C106330,Cashback Credit Card,1,1,0,0,0
C106330,Home Loan,1,0,0,0,0
C106331,Premium Credit Card,1,0,0,0,0
C106331,Cashback Credit Card,1,0,0,0,0
C106331,Personal Loan,1,0,0,0,0
C106332,Recurring Deposit,1,1,0,0,0
C106332,Fixed Deposit,1,0,0,0,0
C106332,Premium Banking Account,1,0,0,0,0
C106332,Term Insurance,1,0,0,0,0
C106333,Travel Credit Card,1,1,0,0,0
C106333,Investment Plan (Mutual Fund SIP),1,1,0,0,0
C106333,Home Loan,1,1,0,0,0
C106334,Recurring Deposit,1,1,0,0,0
C106334,Travel Credit Card,1,1,0,0,0
C106334,Fuel Credit Card,1,0,0,0,0
C106335,Investment Plan (Mutual Fund SIP),1,1,0,0,0
C106335,Travel Credit Card,1,0,0,0,0
C106336,Personal Loan,1,0,0,0,0
C106336,Premium Banking Account,1,0,0,0,0
C106336,Cashback Credit Card,1,0,0,0,0
C106336,Recurring Deposit,1,0,0,0,0
C106337,Personal Loan,1,0,0,0,0
C106337,Term Insurance,1,0,0,0,0
C106337,Home Loan,1,0,0,0,0
C106337,Premium Credit Card,1,1,0,0,0
C106338,Fixed Deposit,1,1,1,0,0
C106338,Recurring Deposit,1,1,0,0,0
C106338,Premium Credit Card,1,1,0,0,0
C106338,Premium Banking Account,1,1,0,0,0
C106339,Personal Loan,1,1,0,0,0
C106339,Fixed Deposit,1,1,0,0,0
C106339,Premium Credit Card,1,0,0,0,0
C106339,Travel Credit Card,1,1,1,0,0
C106339,Recurring Deposit,1,1,1,1,1
C106340,Investment Plan (Mutual Fund SIP),1,1,0,0,0
C106342,Personal Loan,1,1,1,0,0
C106342,Fuel Credit Card,1,0,0,0,0
C106342,Premium Credit Card,1,0,0,0,0
C106343,Cashback Credit Card,1,1,1,1,1
C106344,Cashback Credit Card,1,1,0,0,0
C106344,Premium Credit Card,1,0,0,0,0
C106344,Home Loan,1,1,0,0,0
C106344,Premium Banking Account,1,1,1,0,0
C106345,Cashback Credit Card,1,1,1,1,1
C106346,Travel Credit Card,1,0,0,0,0
C106346,Home Loan,1,1,0,0,0
C106347,Home Loan,1,0,0,0,0
C106347,Recurring Deposit,1,0,0,0,0
C106347,Cashback Credit Card,1,1,0,0,0
C106347,Travel Credit Card,1,1,0,0,0
C106347,Premium Banking Account,1,1,0,0,0
C106348,Premium Banking Account,1,0,0,0,0
C106348,Personal Loan,1,1,1,1,0
C106348,Term Insurance,1,0,0,0,0
C106349,Fuel Credit Card,1,0,0,0,0
C106349,Term Insurance,1,1,0,0,0
C106349,Personal Loan,1,1,1,0,0
C106350,Term Insurance,1,1,1,1,1
C106350,Fixed Deposit,1,1,0,0,0
C106351,Investment Plan (Mutual Fund SIP),1,1,0,0,0
C106351,Premium Banking Account,1,1,0,0,0
C106351,Home Loan,1,0,0,0,0
C106352,Recurring Deposit,1,0,0,0,0
C106352,Term Insurance,1,0,0,0,0
C106353,Recurring Deposit,1,0,0,0,0
C106353,Premium Banking Account,1,1,0,0,0
C106353,Premium Credit Card,1,1,0,0,0
C106353,Fixed Deposit,1,0,0,0,0
C106354,Personal Loan,1,0,0,0,0
C106354,Cashback Credit Card,1,1,1,0,0
C106354,Home Loan,1,1,0,0,0
C106354,Investment Plan (Mutual Fund SIP),1,1,0,0,0
C106355,Personal Loan,1,0,0,0,0
C106355,Recurring Deposit,1,1,0,0,0
C106355,Premium Credit Card,1,0,0,0,0
C106355,Fuel Credit Card,1,1,1,1,0
C106355,Premium Banking Account,1,1,1,0,0
C106356,Premium Credit Card,1,0,0,0,0
C106356,Recurring Deposit,1,0,0,0,0
C106356,Travel Credit Card,1,0,0,0,0
C106356,Fixed Deposit,1,1,1,1,1
C106356,Home Loan,1,0,0,0,0
C106357,Fixed Deposit,1,0,0,0,0
C106357,Investment Plan (Mutual Fund SIP),1,0,0,0,0
C106357,Term Insurance,1,1,0,0,0
C106357,Home Loan,1,0,0,0,0
C106357,Travel Credit Card,1,1,0,0,0
C106358,Premium Banking Account,1,1,1,1,1
C106359,Premium Credit Card,1,0,0,0,0
C106359,Recurring Deposit,1,1,0,0,0
C106359,Fuel Credit Card,1,1,1,1,1
C106359,Home Loan,1,0,0,0,0
C106360,Investment Plan (Mutual Fund SIP),1,1,0,0,0
C106361,Fixed Deposit,1,1,1,1,1
C106361,Home Loan,1,1,1,1,1
C106362,Term Insurance,1,1,0,0,0
C106362,Investment Plan (Mutual Fund SIP),1,1,1,0,0
C106362,Recurring Deposit,1,1,0,0,0
C106363,Recurring Deposit,1,0,0,0,0
C106364,Fixed Deposit,1,0,0,0,0
C106364,Fuel Credit Card,1,1,1,1,1
C106364,Term Insurance,1,0,0,0,0
C106364,Premium Banking Account,1,1,0,0,0
C106364,Home Loan,1,1,0,0,0
C106365,Premium Banking Account,1,1,0,0,0
C106365,Recurring Deposit,1,0,0,0,0
C106365,Home Loan,1,1,0,0,0
C106365,Personal Loan,1,1,1,0,0
C106366,Personal Loan,1,1,1,1,1
C106366,Travel Credit Card,1,1,0,0,0
C106367,Recurring Deposit,1,0,0,0,0
C106367,Fuel Credit Card,1,1,0,0,0
C106367,Investment Plan (Mutual Fund SIP),1,0,0,0,0
C106367,Home Loan,1,1,0,0,0
C106368,Premium Banking Account,1,1,1,1,1
C106369,Fuel Credit Card,1,1,1,1,1
C106369,Travel Credit Card,1,1,1,1,1
C106370,Fixed Deposit,1,1,0,0,0
C106370,Premium Credit Card,1,0,0,0,0
C106370,Term Insurance,1,1,1,1,1
C106371,Investment Plan (Mutual Fund SIP),1,1,1,1,0
C106371,Cashback Credit Card,1,1,1,0,0
C106371,Travel Credit Card,1,1,1,0,0
C106372,Travel Credit Card,1,0,0,0,0
C106372,Term Insurance,1,1,1,1,1
C106372,Recurring Deposit,1,1,0,0,0
C106373,Premium Credit Card,1,1,1,1,0
C106373,Fixed Deposit,1,1,0,0,0
C106373,Investment Plan (Mutual Fund SIP),1,0,0,0,0
C106374,Premium Credit Card,1,1,0,0,0
C106374,Investment Plan (Mutual Fund SIP),1,0,0,0,0
C106374,Fuel Credit Card,1,0,0,0,0
C106374,Personal Loan,1,1,0,0,0
C106374,Cashback Credit Card,1,0,0,0,0
C106375,Premium Banking Account,1,1,0,0,0
C106375,Travel Credit Card,1,1,1,1,1
C106375,Investment Plan (Mutual Fund SIP),1,1,1,1,1
C106375,Recurring Deposit,1,0,0,0,0
C106376,Travel Credit Card,1,0,0,0,0
C106376,Investment Plan (Mutual Fund SIP),1,0,0,0,0
C106376,Home Loan,1,0,0,0,0
C106376,Recurring Deposit,1,0,0,0,0
C106377,Recurring Deposit,1,0,0,0,0
C106377,Personal Loan,1,1,1,1,1
C106377,Home Loan,1,0,0,0,0
C106378,Premium Banking Account,1,0,0,0,0
C106378,Travel Credit Card,1,0,0,0,0
C106379,Term Insurance,1,1,0,0,0
C106379,Premium Credit Card,1,0,0,0,0
C106379,Personal Loan,1,0,0,0,0
C106381,Fixed Deposit,1,0,0,0,0
C106381,Travel Credit Card,1,1,0,0,0
C106381,Term Insurance,1,0,0,0,0
C106381,Premium Banking Account,1,1,1,1,1
C106381,Investment Plan (Mutual Fund SIP),1,0,0,0,0
C106382,Investment Plan (Mutual Fund SIP),1,0,0,0,0
C106382,Premium Banking Account,1,1,0,0,0
C106382,Recurring Deposit,1,0,0,0,0
C106382,Fixed Deposit,1,1,0,0,0
C106383,Fuel Credit Card,1,1,1,0,0
C106383,Travel Credit Card,1,1,0,0,0
C106383,Investment Plan (Mutual Fund SIP),1,1,0,0,0
C106383,Recurring Deposit,1,0,0,0,0
C106385,Investment Plan (Mutual Fund SIP),1,0,0,0,0
C106385,Fixed Deposit,1,0,0,0,0
C106385,Cashback Credit Card,1,0,0,0,0
C106385,Home Loan,1,0,0,0,0
C106385,Fuel Credit Card,1,1,0,0,0
C106386,Home Loan,1,1,0,0,0
C106388,Premium Credit Card,1,1,0,0,0
C106390,Cashback Credit Card,1,0,0,0,0
C106391,Fuel Credit Card,1,1,0,0,0
C106392,Home Loan,1,0,0,0,0
C106393,Home Loan,1,1,1,0,0
C106393,Personal Loan,1,1,0,0,0
C106394,Recurring Deposit,1,1,1,1,1
C106395,Fuel Credit Card,1,1,0,0,0
C106395,Home Loan,1,0,0,0,0
C106395,Term Insurance,1,1,1,1,0
C106395,Personal Loan,1,0,0,0,0
C106396,Recurring Deposit,1,1,0,0,0
C106396,Home Loan,1,1,1,0,0
C106396,Term Insurance,1,1,0,0,0
C106396,Premium Credit Card,1,0,0,0,0
C106396,Fixed Deposit,1,1,0,0,0
C106398,Recurring Deposit,1,0,0,0,0
C106398,Cashback Credit Card,1,0,0,0,0
C106398,Fuel Credit Card,1,0,0,0,0
C106398,Investment Plan (Mutual Fund SIP),1,1,1,0,0
C106398,Premium Credit Card,1,0,0,0,0
C106399,Term Insurance,1,0,0,0,0
C106399,Recurring Deposit,1,0,0,0,0
C106399,Home Loan,1,1,0,0,0
C106401,Fuel Credit Card,1,0,0,0,0
C106401,Premium Banking Account,1,0,0,0,0
C106403,Fixed Deposit,1,0,0,0,0
C106403,Investment Plan (Mutual Fund SIP),1,1,0,0,0
C106403,Premium Credit Card,1,0,0,0,0
C106403,Home Loan,1,0,0,0,0
C106403,Personal Loan,1,1,0,0,0
C106404,Home Loan,1,0,0,0,0
C106404,Recurring Deposit,1,1,0,0,0
C106405,Home Loan,1,1,1,1,0
C106406,Home Loan,1,0,0,0,0
C106407,Fixed Deposit,1,0,0,0,0
C106408,Travel Credit Card,1,1,0,0,0
C106408,Recurring Deposit,1,1,1,0,0
C106408,Home Loan,1,1,1,1,1
C106408,Investment Plan (Mutual Fund SIP),1,0,0,0,0
C106408,Premium Banking Account,1,0,0,0,0
C106409,Personal Loan,1,0,0,0,0
C106410,Home Loan,1,0,0,0,0
C106410,Recurring Deposit,1,1,0,0,0
C106412,Personal Loan,1,1,0,0,0
C106412,Premium Credit Card,1,0,0,0,0
C106412,Premium Banking Account,1,1,0,0,0
C106413,Premium Credit Card,1,1,0,0,0
C106413,Home Loan,1,0,0,0,0
C106414,Cashback Credit Card,1,1,0,0,0
C106414,Home Loan,1,1,1,1,1
C106414,Investment Plan (Mutual Fund SIP),1,1,0,0,0
C106414,Fixed Deposit,1,0,0,0,0
C106414,Travel Credit Card,1,1,0,0,0
C106417,Home Loan,1,1,1,0,0
C106417,Personal Loan,1,0,0,0,0
C106419,Fixed Deposit,1,1,0,0,0
C106420,Premium Credit Card,1,0,0,0,0
C106420,Recurring Deposit,1,1,0,0,0
C106420,Home Loan,1,0,0,0,0
C106421,Term Insurance,1,0,0,0,0
C106421,Cashback Credit Card,1,0,0,0,0
C106421,Recurring Deposit,1,1,0,0,0
C106422,Cashback Credit Card,1,1,0,0,0
C106422,Investment Plan (Mutual Fund SIP),1,1,0,0,0
C106422,Premium Banking Account,1,1,0,0,0
C106422,Recurring Deposit,1,0,0,0,0
C106423,Personal Loan,1,1,0,0,0
C106423,Travel Credit Card,1,1,1,0,0
C106423,Premium Banking Account,1,1,0,0,0
C106423,Home Loan,1,1,0,0,0
C106424,Cashback Credit Card,1,1,0,0,0
C106424,Fuel Credit Card,1,1,0,0,0
C106424,Travel Credit Card,1,0,0,0,0
C106424,Premium Banking Account,1,1,0,0,0
C106424,Personal Loan,1,1,0,0,0
C106425,Premium Credit Card,1,1,0,0,0
C106425,Investment Plan (Mutual Fund SIP),1,0,0,0,0
C106425,Term Insurance,1,1,1,1,1
C106425,Travel Credit Card,1,1,1,0,0
C106425,Recurring Deposit,1,1,0,0,0
C106426,Term Insurance,1,1,0,0,0
C106426,Travel Credit Card,1,0,0,0,0
C106427,Recurring Deposit,1,1,0,0,0
C106427,Premium Banking Account,1,1,0,0,0
C106428,Premium Credit Card,1,1,1,0,0
C106428,Cashback Credit Card,1,0,0,0,0
C106430,Premium Banking Account,1,0,0,0,0
C106430,Premium Credit Card,1,1,0,0,0
C106430,Investment Plan (Mutual Fund SIP),1,0,0,0,0
C106430,Travel Credit Card,1,1,0,0,0
C106430,Cashback Credit Card,1,1,1,0,0
C106431,Term Insurance,1,0,0,0,0
C106431,Fuel Credit Card,1,1,0,0,0
C106431,Cashback Credit Card,1,1,0,0,0
C106433,Investment Plan (Mutual Fund SIP),1,1,1,0,0
C106433,Fixed Deposit,1,0,0,0,0
C106433,Premium Credit Card,1,1,1,1,0
C106433,Cashback Credit Card,1,1,0,0,0
C106434,Cashback Credit Card,1,1,0,0,0
C106435,Recurring Deposit,1,0,0,0,0
C106435,Fuel Credit Card,1,0,0,0,0
C106435,Fixed Deposit,1,0,0,0,0
C106436,Term Insurance,1,0,0,0,0
C106436,Travel Credit Card,1,0,0,0,0
C106436,Premium Credit Card,1,1,0,0,0
C106436,Cashback Credit Card,1,0,0,0,0
C106437,Fuel Credit Card,1,1,0,0,0
C106439,Fixed Deposit,1,1,0,0,0
C106439,Investment Plan (Mutual Fund SIP),1,0,0,0,0
C106439,Recurring Deposit,1,0,0,0,0
C106439,Fuel Credit Card,1,1,0,0,0
C106439,Premium Banking Account,1,1,0,0,0
C106440,Cashback Credit Card,1,1,0,0,0
C106440,Term Insurance,1,0,0,0,0
C106440,Premium Credit Card,1,0,0,0,0
C106441,Investment Plan (Mutual Fund SIP),1,1,0,0,0
C106441,Personal Loan,1,1,1,1,1
C106442,Cashback Credit Card,1,1,0,0,0
C106442,Investment Plan (Mutual Fund SIP),1,1,0,0,0
C106443,Recurring Deposit,1,1,1,1,0
C106443,Fixed Deposit,1,1,0,0,0
C106444,Fixed Deposit,1,0,0,0,0
C106444,Cashback Credit Card,1,1,1,0,0
C106445,Home Loan,1,1,0,0,0
C106445,Investment Plan (Mutual Fund SIP),1,0,0,0,0
C106447,Personal Loan,1,0,0,0,0
C106449,Recurring Deposit,1,0,0,0,0
C106450,Cashback Credit Card,1,0,0,0,0
C106450,Premium Credit Card,1,0,0,0,0
C106451,Term Insurance,1,1,0,0,0
C106452,Personal Loan,1,0,0,0,0
C106452,Investment Plan (Mutual Fund SIP),1,0,0,0,0
C106453,Premium Credit Card,1,0,0,0,0
C106453,Home Loan,1,0,0,0,0
C106453,Investment Plan (Mutual Fund SIP),1,1,0,0,0
C106454,Home Loan,1,0,0,0,0
C106455,Premium Banking Account,1,1,1,1,1
C106455,Travel Credit Card,1,1,0,0,0
C106455,Home Loan,1,1,0,0,0
C106455,Fixed Deposit,1,1,0,0,0
C106455,Personal Loan,1,1,1,0,0
C106456,Travel Credit Card,1,0,0,0,0
C106456,Cashback Credit Card,1,0,0,0,0
C106457,Home Loan,1,0,0,0,0
C106457,Premium Banking Account,1,0,0,0,0
C106457,Term Insurance,1,1,1,1,1
C106458,Personal Loan,1,1,0,0,0
C106458,Cashback Credit Card,1,1,0,0,0
C106459,Fuel Credit Card,1,0,0,0,0
C106459,Home Loan,1,0,0,0,0
C106459,Investment Plan (Mutual Fund SIP),1,1,1,0,0
C106460,Cashback Credit Card,1,0,0,0,0
C106460,Personal Loan,1,1,0,0,0
C106460,Fixed Deposit,1,1,0,0,0
C106460,Premium Banking Account,1,1,0,0,0
C106461,Personal Loan,1,1,1,1,1
C106461,Cashback Credit Card,1,0,0,0,0
C106461,Investment Plan (Mutual Fund SIP),1,0,0,0,0
C106462,Fuel Credit Card,1,0,0,0,0
C106463,Investment Plan (Mutual Fund SIP),1,0,0,0,0
C106463,Personal Loan,1,1,1,1,1
C106464,Term Insurance,1,0,0,0,0
C106464,Recurring Deposit,1,0,0,0,0
C106464,Fuel Credit Card,1,0,0,0,0
C106464,Travel Credit Card,1,1,0,0,0
C106465,Home Loan,1,1,0,0,0
C106465,Travel Credit Card,1,0,0,0,0
C106465,Investment Plan (Mutual Fund SIP),1,0,0,0,0
C106466,Premium Banking Account,1,1,0,0,0
C106466,Term Insurance,1,0,0,0,0
C106467,Home Loan,1,1,0,0,0
C106469,Fuel Credit Card,1,1,0,0,0
C106469,Premium Banking Account,1,0,0,0,0
C106470,Fixed Deposit,1,1,1,1,1
C106470,Cashback Credit Card,1,1,1,1,1
C106470,Travel Credit Card,1,0,0,0,0
C106471,Home Loan,1,0,0,0,0
C106471,Fuel Credit Card,1,0,0,0,0
C106471,Recurring Deposit,1,0,0,0,0
C106472,Cashback Credit Card,1,1,0,0,0
C106472,Home Loan,1,1,0,0,0
C106472,Premium Banking Account,1,1,0,0,0
C106472,Fuel Credit Card,1,0,0,0,0
C106472,Term Insurance,1,1,1,0,0
C106473,Fixed Deposit,1,0,0,0,0
C106473,Premium Credit Card,1,0,0,0,0
C106474,Personal Loan,1,1,0,0,0
C106474,Recurring Deposit,1,1,1,1,1
C106475,Term Insurance,1,1,1,0,0
C106475,Cashback Credit Card,1,1,0,0,0
C106475,Investment Plan (Mutual Fund SIP),1,0,0,0,0
C106475,Travel Credit Card,1,1,1,1,0
C106475,Home Loan,1,0,0,0,0
C106477,Recurring Deposit,1,0,0,0,0
C106477,Personal Loan,1,1,0,0,0
C106477,Home Loan,1,1,1,1,1
C106477,Fuel Credit Card,1,1,0,0,0
C106478,Home Loan,1,1,0,0,0
C106478,Premium Banking Account,1,1,0,0,0
C106478,Fixed Deposit,1,0,0,0,0
C106478,Term Insurance,1,1,1,1,0
C106479,Personal Loan,1,0,0,0,0
C106479,Fuel Credit Card,1,1,1,0,0
C106480,Premium Banking Account,1,0,0,0,0
C106480,Fuel Credit Card,1,0,0,0,0
C106480,Home Loan,1,1,1,1,1
C106480,Recurring Deposit,1,1,0,0,0
C106482,Premium Credit Card,1,1,0,0,0
C106482,Travel Credit Card,1,0,0,0,0
C106482,Investment Plan (Mutual Fund SIP),1,1,0,0,0
C106483,Personal Loan,1,0,0,0,0
C106483,Recurring Deposit,1,1,1,0,0
C106483,Fixed Deposit,1,0,0,0,0
C106483,Investment Plan (Mutual Fund SIP),1,1,0,0,0
C106483,Travel Credit Card,1,0,0,0,0
C106484,Recurring Deposit,1,0,0,0,0
C106484,Premium Banking Account,1,1,0,0,0
C106484,Premium Credit Card,1,0,0,0,0
C106485,Home Loan,1,1,0,0,0
C106485,Personal Loan,1,0,0,0,0
C106485,Premium Banking Account,1,1,0,0,0
C106485,Fuel Credit Card,1,0,0,0,0
C106486,Travel Credit Card,1,1,1,0,0
C106487,Investment Plan (Mutual Fund SIP),1,1,1,0,0
C106487,Term Insurance,1,0,0,0,0
C106487,Premium Banking Account,1,0,0,0,0
C106488,Fixed Deposit,1,1,0,0,0
C106488,Premium Banking Account,1,1,1,1,1
C106489,Premium Credit Card,1,1,0,0,0
C106489,Fuel Credit Card,1,1,1,1,1
C106489,Recurring Deposit,1,0,0,0,0
C106489,Cashback Credit Card,1,0,0,0,0
C106489,Premium Banking Account,1,0,0,0,0
C106491,Premium Credit Card,1,0,0,0,0
C106492,Personal Loan,1,0,0,0,0
C106492,Recurring Deposit,1,1,1,0,0
C106492,Term Insurance,1,0,0,0,0
C106492,Investment Plan (Mutual Fund SIP),1,1,1,0,0
C106493,Premium Credit Card,1,1,0,0,0
C106493,Fixed Deposit,1,1,0,0,0
C106493,Travel Credit Card,1,0,0,0,0
C106494,Travel Credit Card,1,0,0,0,0
C106495,Fixed Deposit,1,1,0,0,0
C106495,Travel Credit Card,1,1,1,0,0
C106496,Term Insurance,1,0,0,0,0
C106496,Cashback Credit Card,1,0,0,0,0
C106496,Travel Credit Card,1,1,1,0,0
C106496,Fixed Deposit,1,0,0,0,0
C106497,Investment Plan (Mutual Fund SIP),1,0,0,0,0
C106497,Fuel Credit Card,1,1,1,1,1
C106497,Term Insurance,1,0,0,0,0
C106497,Home Loan,1,0,0,0,0
C106498,Premium Credit Card,1,1,0,0,0
C106498,Personal Loan,1,0,0,0,0
C106498,Investment Plan (Mutual Fund SIP),1,1,0,0,0
C106498,Cashback Credit Card,1,1,1,1,1
C106498,Home Loan,1,0,0,0,0
C106499,Fixed Deposit,1,1,1,1,1
C106499,Premium Banking Account,1,1,1,0,0
C106500,Term Insurance,1,0,0,0,0
C106501,Investment Plan (Mutual Fund SIP),1,1,0,0,0
C106501,Recurring Deposit,1,1,0,0,0
C106501,Personal Loan,1,1,0,0,0
C106501,Travel Credit Card,1,1,1,1,1
C106502,Cashback Credit Card,1,1,0,0,0
C106503,Investment Plan (Mutual Fund SIP),1,1,0,0,0
C106503,Personal Loan,1,0,0,0,0
C106504,Premium Credit Card,1,0,0,0,0
C106504,Home Loan,1,0,0,0,0
C106504,Fixed Deposit,1,0,0,0,0
C106504,Fuel Credit Card,1,1,0,0,0
C106504,Cashback Credit Card,1,0,0,0,0
C106505,Investment Plan (Mutual Fund SIP),1,0,0,0,0
C106505,Personal Loan,1,1,0,0,0
C106505,Fuel Credit Card,1,0,0,0,0
C106505,Travel Credit Card,1,1,1,1,0
C106506,Fixed Deposit,1,1,0,0,0
C106506,Premium Credit Card,1,1,1,1,1
C106506,Home Loan,1,0,0,0,0
C106506,Travel Credit Card,1,1,0,0,0
C106507,Term Insurance,1,1,0,0,0
C106507,Premium Credit Card,1,0,0,0,0
C106509,Fixed Deposit,1,0,0,0,0
C106509,Premium Credit Card,1,0,0,0,0
C106509,Personal Loan,1,0,0,0,0
C106509,Investment Plan (Mutual Fund SIP),1,0,0,0,0
C106509,Home Loan,1,0,0,0,0
C106510,Travel Credit Card,1,0,0,0,0
C106510,Recurring Deposit,1,0,0,0,0
C106510,Investment Plan (Mutual Fund SIP),1,1,0,0,0
C106511,Premium Banking Account,1,0,0,0,0
C106511,Premium Credit Card,1,0,0,0,0
C106511,Fuel Credit Card,1,1,1,1,1
C106511,Personal Loan,1,0,0,0,0
C106512,Fixed Deposit,1,1,0,0,0
C106512,Premium Credit Card,1,1,1,1,1
C106512,Home Loan,1,0,0,0,0
C106512,Fuel Credit Card,1,1,0,0,0
C106512,Term Insurance,1,0,0,0,0
C106513,Recurring Deposit,1,1,0,0,0
C106513,Fixed Deposit,1,1,1,1,1
C106513,Premium Banking Account,1,1,1,0,0
C106513,Term Insurance,1,1,0,0,0
C106514,Personal Loan,1,1,1,1,1
C106514,Fuel Credit Card,1,0,0,0,0
C106515,Cashback Credit Card,1,1,1,1,1
C106515,Investment Plan (Mutual Fund SIP),1,1,0,0,0
C106515,Travel Credit Card,1,0,0,0,0
C106515,Personal Loan,1,0,0,0,0
C106515,Premium Banking Account,1,1,0,0,0
C106516,Cashback Credit Card,1,1,1,1,1
C106518,Cashback Credit Card,1,1,1,1,0
C106518,Personal Loan,1,1,0,0,0
C106519,Premium Banking Account,1,1,0,0,0
C106519,Recurring Deposit,1,1,1,0,0
C106519,Personal Loan,1,1,1,1,1
C106519,Fuel Credit Card,1,1,0,0,0
C106519,Investment Plan (Mutual Fund SIP),1,1,0,0,0
C106521,Personal Loan,1,0,0,0,0
C106521,Fuel Credit Card,1,1,0,0,0
C106521,Premium Banking Account,1,0,0,0,0
C106521,Investment Plan (Mutual Fund SIP),1,1,1,1,1
C106522,Premium Banking Account,1,0,0,0,0
C106522,Fixed Deposit,1,1,1,1,1
C106524,Recurring Deposit,1,1,0,0,0
C106524,Premium Credit Card,1,1,0,0,0
C106524,Investment Plan (Mutual Fund SIP),1,0,0,0,0
C106525,Personal Loan,1,1,1,1,1
C106525,Home Loan,1,1,0,0,0
C106525,Term Insurance,1,0,0,0,0
C106526,Cashback Credit Card,1,0,0,0,0
C106527,Investment Plan (Mutual Fund SIP),1,1,0,0,0
C106528,Fixed Deposit,1,1,1,0,0
C106528,Premium Credit Card,1,1,0,0,0
C106528,Premium Banking Account,1,0,0,0,0
C106529,Personal Loan,1,1,0,0,0
C106529,Fuel Credit Card,1,1,0,0,0
C106529,Premium Banking Account,1,0,0,0,0
C106529,Recurring Deposit,1,0,0,0,0
C106529,Term Insurance,1,0,0,0,0
C106530,Cashback Credit Card,1,1,1,1,0
C106530,Personal Loan,1,1,1,1,1
C106530,Premium Credit Card,1,1,0,0,0
C106530,Term Insurance,1,1,0,0,0
C106531,Premium Credit Card,1,0,0,0,0
C106532,Travel Credit Card,1,1,1,0,0
C106532,Fixed Deposit,1,0,0,0,0
C106532,Recurring Deposit,1,0,0,0,0
C106532,Term Insurance,1,1,1,0,0
C106533,Fixed Deposit,1,0,0,0,0
C106533,Premium Credit Card,1,1,0,0,0
C106534,Cashback Credit Card,1,1,1,0,0
C106534,Personal Loan,1,1,0,0,0
C106535,Travel Credit Card,1,0,0,0,0
C106535,Home Loan,1,1,0,0,0
C106535,Premium Credit Card,1,1,0,0,0
C106535,Premium Banking Account,1,1,0,0,0
C106537,Personal Loan,1,0,0,0,0
C106537,Home Loan,1,1,1,1,0
C106537,Fuel Credit Card,1,1,1,1,0
C106537,Premium Banking Account,1,0,0,0,0
C106538,Travel Credit Card,1,1,1,1,1
C106538,Premium Credit Card,1,0,0,0,0
C106538,Term Insurance,1,1,0,0,0
C106539,Fixed Deposit,1,1,1,0,0
C106539,Personal Loan,1,0,0,0,0
C106539,Premium Banking Account,1,0,0,0,0
C106539,Recurring Deposit,1,1,0,0,0
C106540,Travel Credit Card,1,1,1,1,1
C106540,Investment Plan (Mutual Fund SIP),1,1,0,0,0
C106540,Premium Banking Account,1,1,0,0,0
C106541,Recurring Deposit,1,0,0,0,0
C106541,Fuel Credit Card,1,1,1,0,0
C106541,Investment Plan (Mutual Fund SIP),1,1,1,1,1
C106542,Home Loan,1,0,0,0,0
C106543,Recurring Deposit,1,1,0,0,0
C106543,Fixed Deposit,1,1,1,1,1
C106543,Investment Plan (Mutual Fund SIP),1,1,0,0,0
C106543,Premium Banking Account,1,1,0,0,0
C106543,Personal Loan,1,0,0,0,0
C106544,Fixed Deposit,1,1,0,0,0
C106544,Home Loan,1,0,0,0,0
C106544,Term Insurance,1,1,1,1,1
C106544,Recurring Deposit,1,0,0,0,0
C106544,Premium Credit Card,1,1,0,0,0
C106545,Personal Loan,1,1,0,0,0
C106545,Fuel Credit Card,1,1,1,1,1
C106547,Home Loan,1,1,0,0,0
C106548,Home Loan,1,0,0,0,0
C106548,Premium Banking Account,1,1,0,0,0
C106548,Premium Credit Card,1,0,0,0,0
C106548,Fuel Credit Card,1,1,0,0,0
C106548,Term Insurance,1,1,0,0,0
C106549,Term Insurance,1,0,0,0,0
C106549,Home Loan,1,1,1,1,1
C106549,Cashback Credit Card,1,1,0,0,0
C106549,Investment Plan (Mutual Fund SIP),1,1,1,0,0
C106550,Premium Credit Card,1,0,0,0,0
C106550,Travel Credit Card,1,0,0,0,0
C106550,Fixed Deposit,1,0,0,0,0
C106550,Recurring Deposit,1,0,0,0,0
C106550,Investment Plan (Mutual Fund SIP),1,1,1,1,1
C106551,Recurring Deposit,1,1,1,1,1
C106552,Investment Plan (Mutual Fund SIP),1,1,0,0,0
C106552,Cashback Credit Card,1,0,0,0,0
C106552,Fixed Deposit,1,1,1,1,1
C106552,Fuel Credit Card,1,1,1,1,1
C106552,Personal Loan,1,0,0,0,0
C106553,Investment Plan (Mutual Fund SIP),1,0,0,0,0
C106553,Cashback Credit Card,1,1,1,0,0
C106553,Home Loan,1,1,0,0,0
C106553,Recurring Deposit,1,0,0,0,0
C106553,Fixed Deposit,1,0,0,0,0
C106554,Fixed Deposit,1,0,0,0,0
C106554,Investment Plan (Mutual Fund SIP),1,0,0,0,0
C106554,Home Loan,1,0,0,0,0
C106554,Premium Credit Card,1,0,0,0,0
C106554,Premium Banking Account,1,0,0,0,0
C106555,Travel Credit Card,1,1,0,0,0
C106555,Cashback Credit Card,1,1,1,1,1
C106555,Home Loan,1,0,0,0,0
C106555,Term Insurance,1,0,0,0,0
C106556,Fuel Credit Card,1,0,0,0,0
C106556,Cashback Credit Card,1,1,1,0,0
C106556,Recurring Deposit,1,1,0,0,0
C106557,Cashback Credit Card,1,1,0,0,0
C106557,Investment Plan (Mutual Fund SIP),1,0,0,0,0
C106557,Premium Banking Account,1,0,0,0,0
C106557,Travel Credit Card,1,0,0,0,0
C106557,Fixed Deposit,1,1,0,0,0
C106558,Personal Loan,1,0,0,0,0
C106558,Recurring Deposit,1,1,0,0,0
C106558,Fuel Credit Card,1,1,1,1,0
C106560,Investment Plan (Mutual Fund SIP),1,1,0,0,0
C106560,Recurring Deposit,1,1,1,1,0
C106560,Fuel Credit Card,1,1,0,0,0
C106560,Premium Banking Account,1,1,0,0,0
C106562,Personal Loan,1,1,0,0,0
C106562,Premium Banking Account,1,0,0,0,0
C106562,Term Insurance,1,0,0,0,0
C106562,Fixed Deposit,1,0,0,0,0
C106565,Premium Credit Card,1,1,0,0,0
C106565,Home Loan,1,0,0,0,0
C106567,Premium Credit Card,1,0,0,0,0
C106567,Investment Plan (Mutual Fund SIP),1,0,0,0,0
C106567,Fixed Deposit,1,0,0,0,0
C106568,Home Loan,1,0,0,0,0
C106568,Term Insurance,1,1,1,1,1
C106568,Fuel Credit Card,1,0,0,0,0
C106568,Recurring Deposit,1,1,1,0,0
C106568,Personal Loan,1,0,0,0,0
C106570,Premium Banking Account,1,1,1,1,1
C106570,Travel Credit Card,1,0,0,0,0
C106570,Fixed Deposit,1,1,0,0,0
C106572,Premium Banking Account,1,0,0,0,0
C106572,Cashback Credit Card,1,1,1,1,1
C106573,Investment Plan (Mutual Fund SIP),1,0,0,0,0
C106573,Personal Loan,1,1,0,0,0
C106573,Fixed Deposit,1,0,0,0,0
C106573,Cashback Credit Card,1,1,0,0,0
C106575,Cashback Credit Card,1,0,0,0,0
C106576,Fixed Deposit,1,0,0,0,0
C106576,Cashback Credit Card,1,1,0,0,0
C106576,Recurring Deposit,1,1,1,1,0
C106577,Home Loan,1,1,1,1,1
C106577,Recurring Deposit,1,1,1,0,0
C106577,Investment Plan (Mutual Fund SIP),1,0,0,0,0
C106578,Investment Plan (Mutual Fund SIP),1,1,0,0,0
C106578,Fixed Deposit,1,1,0,0,0
C106578,Travel Credit Card,1,0,0,0,0
C106578,Premium Banking Account,1,0,0,0,0
C106579,Personal Loan,1,1,1,0,0
C106579,Term Insurance,1,1,0,0,0
C106579,Fuel Credit Card,1,1,1,1,0
C106579,Cashback Credit Card,1,1,1,1,0
C106579,Investment Plan (Mutual Fund SIP),1,0,0,0,0
C106580,Cashback Credit Card,1,0,0,0,0
C106580,Recurring Deposit,1,0,0,0,0
C106580,Personal Loan,1,1,1,0,0
C106580,Home Loan,1,1,0,0,0
C106581,Personal Loan,1,1,0,0,0
C106581,Investment Plan (Mutual Fund SIP),1,1,0,0,0
C106581,Fuel Credit Card,1,0,0,0,0
C106581,Fixed Deposit,1,1,1,1,1
C106581,Cashback Credit Card,1,1,1,1,1
C106583,Term Insurance,1,0,0,0,0
C106584,Personal Loan,1,0,0,0,0
C106584,Premium Banking Account,1,0,0,0,0
C106584,Premium Credit Card,1,1,0,0,0
C106584,Cashback Credit Card,1,0,0,0,0
C106584,Recurring Deposit,1,1,0,0,0
C106585,Term Insurance,1,0,0,0,0
C106585,Premium Banking Account,1,1,1,1,1
C106586,Personal Loan,1,1,1,1,1
C106586,Home Loan,1,0,0,0,0
C106586,Recurring Deposit,1,0,0,0,0
C106586,Travel Credit Card,1,1,0,0,0
C106587,Fuel Credit Card,1,1,0,0,0
C106587,Personal Loan,1,1,0,0,0
C106587,Home Loan,1,0,0,0,0
C106587,Travel Credit Card,1,1,0,0,0
C106588,Term Insurance,1,0,0,0,0
C106588,Personal Loan,1,0,0,0,0
C106588,Travel Credit Card,1,1,1,1,1
C106589,Premium Banking Account,1,0,0,0,0
C106589,Recurring Deposit,1,1,0,0,0
C106589,Travel Credit Card,1,1,1,0,0
C106590,Personal Loan,1,1,0,0,0
C106590,Investment Plan (Mutual Fund SIP),1,1,0,0,0
C106591,Travel Credit Card,1,1,0,0,0
C106591,Home Loan,1,1,0,0,0
C106592,Personal Loan,1,0,0,0,0
C106592,Cashback Credit Card,1,0,0,0,0
C106592,Investment Plan (Mutual Fund SIP),1,1,0,0,0
C106592,Fuel Credit Card,1,0,0,0,0
C106592,Fixed Deposit,1,0,0,0,0
C106593,Premium Credit Card,1,0,0,0,0
C106593,Cashback Credit Card,1,0,0,0,0
C106593,Recurring Deposit,1,0,0,0,0
C106593,Personal Loan,1,1,1,1,1
C106594,Premium Banking Account,1,0,0,0,0
C106594,Term Insurance,1,1,1,1,1
C106595,Personal Loan,1,0,0,0,0
C106595,Investment Plan (Mutual Fund SIP),1,0,0,0,0
C106595,Premium Banking Account,1,1,0,0,0
C106596,Home Loan,1,0,0,0,0
C106596,Travel Credit Card,1,0,0,0,0
C106598,Personal Loan,1,0,0,0,0
C106598,Investment Plan (Mutual Fund SIP),1,0,0,0,0
C106598,Premium Banking Account,1,0,0,0,0
C106599,Fixed Deposit,1,1,0,0,0
C106599,Premium Credit Card,1,0,0,0,0
C106599,Fuel Credit Card,1,1,1,0,0
C106599,Personal Loan,1,1,0,0,0
C106599,Travel Credit Card,1,0,0,0,0
C106601,Travel Credit Card,1,0,0,0,0
C106602,Personal Loan,1,0,0,0,0
C106602,Fuel Credit Card,1,1,0,0,0
C106602,Fixed Deposit,1,0,0,0,0
C106602,Recurring Deposit,1,0,0,0,0
C106603,Recurring Deposit,1,1,0,0,0
C106607,Home Loan,1,1,1,1,1
C106607,Premium Banking Account,1,1,1,1,0
C106608,Term Insurance,1,1,0,0,0
C106608,Cashback Credit Card,1,0,0,0,0
C106609,Recurring Deposit,1,1,0,0,0
C106610,Premium Banking Account,1,1,0,0,0
C106611,Fixed Deposit,1,1,0,0,0
C106611,Travel Credit Card,1,1,1,0,0
C106612,Travel Credit Card,1,1,0,0,0
C106612,Home Loan,1,1,1,0,0
C106612,Personal Loan,1,0,0,0,0
C106613,Home Loan,1,1,1,1,1
C106613,Travel Credit Card,1,1,0,0,0
C106613,Premium Banking Account,1,1,1,0,0
C106613,Fixed Deposit,1,1,1,0,0
C106614,Cashback Credit Card,1,0,0,0,0
C106614,Personal Loan,1,1,0,0,0
C106614,Recurring Deposit,1,1,0,0,0
C106614,Travel Credit Card,1,1,0,0,0
C106615,Travel Credit Card,1,0,0,0,0
C106615,Fuel Credit Card,1,1,0,0,0
C106615,Home Loan,1,1,1,0,0
C106615,Fixed Deposit,1,1,0,0,0
C106616,Recurring Deposit,1,1,0,0,0
C106616,Home Loan,1,1,1,0,0
C106616,Personal Loan,1,0,0,0,0
C106617,Travel Credit Card,1,1,0,0,0
C106617,Investment Plan (Mutual Fund SIP),1,1,0,0,0
C106618,Premium Credit Card,1,0,0,0,0
C106618,Investment Plan (Mutual Fund SIP),1,0,0,0,0
C106618,Travel Credit Card,1,0,0,0,0
C106620,Recurring Deposit,1,0,0,0,0
C106620,Fuel Credit Card,1,1,0,0,0
C106620,Travel Credit Card,1,1,0,0,0
C106620,Investment Plan (Mutual Fund SIP),1,0,0,0,0
C106620,Premium Credit Card,1,0,0,0,0
C106621,Home Loan,1,1,0,0,0
C106621,Fuel Credit Card,1,1,0,0,0
C106622,Home Loan,1,1,1,1,1
C106622,Fixed Deposit,1,1,0,0,0
C106623,Fixed Deposit,1,0,0,0,0
C106623,Fuel Credit Card,1,0,0,0,0
C106623,Premium Banking Account,1,0,0,0,0
C106625,Term Insurance,1,0,0,0,0
C106625,Investment Plan (Mutual Fund SIP),1,0,0,0,0
C106626,Home Loan,1,0,0,0,0
C106626,Term Insurance,1,0,0,0,0
C106626,Travel Credit Card,1,1,0,0,0
C106627,Fuel Credit Card,1,0,0,0,0
C106627,Premium Credit Card,1,0,0,0,0
C106627,Term Insurance,1,0,0,0,0
C106627,Premium Banking Account,1,0,0,0,0
C106628,Fuel Credit Card,1,0,0,0,0
C106628,Recurring Deposit,1,1,1,1,1
C106628,Term Insurance,1,1,1,0,0
C106629,Investment Plan (Mutual Fund SIP),1,1,0,0,0
C106629,Cashback Credit Card,1,0,0,0,0
C106629,Home Loan,1,1,1,0,0
C106629,Premium Credit Card,1,0,0,0,0
C106630,Recurring Deposit,1,0,0,0,0
C106630,Travel Credit Card,1,0,0,0,0
C106630,Fixed Deposit,1,1,0,0,0
C106631,Personal Loan,1,1,1,1,1
C106631,Cashback Credit Card,1,1,0,0,0
C106632,Cashback Credit Card,1,1,0,0,0
C106632,Investment Plan (Mutual Fund SIP),1,0,0,0,0
C106632,Recurring Deposit,1,1,1,1,1
C106632,Home Loan,1,0,0,0,0
C106632,Fuel Credit Card,1,0,0,0,0
C106633,Term Insurance,1,1,0,0,0
C106633,Recurring Deposit,1,0,0,0,0
C106633,Travel Credit Card,1,0,0,0,0
C106633,Premium Credit Card,1,1,0,0,0
C106633,Fuel Credit Card,1,1,0,0,0
C106634,Home Loan,1,1,1,1,1
C106634,Travel Credit Card,1,0,0,0,0
C106634,Premium Banking Account,1,1,1,1,1
C106635,Travel Credit Card,1,1,0,0,0
C106635,Investment Plan (Mutual Fund SIP),1,0,0,0,0
C106636,Home Loan,1,0,0,0,0
C106636,Recurring Deposit,1,1,1,1,0
C106636,Personal Loan,1,1,1,1,1
C106636,Cashback Credit Card,1,1,1,1,1
C106636,Fixed Deposit,1,1,0,0,0
C106637,Personal Loan,1,0,0,0,0
C106637,Investment Plan (Mutual Fund SIP),1,1,0,0,0
C106637,Fuel Credit Card,1,0,0,0,0
C106637,Fixed Deposit,1,0,0,0,0
C106638,Premium Banking Account,1,0,0,0,0
C106639,Recurring Deposit,1,1,1,0,0
C106639,Term Insurance,1,1,0,0,0
C106639,Home Loan,1,0,0,0,0
C106640,Fuel Credit Card,1,0,0,0,0
C106640,Travel Credit Card,1,1,1,1,1
C106640,Cashback Credit Card,1,1,1,0,0
C106640,Personal Loan,1,1,0,0,0
C106640,Fixed Deposit,1,0,0,0,0
C106641,Travel Credit Card,1,0,0,0,0
C106641,Fuel Credit Card,1,1,0,0,0
C106641,Term Insurance,1,1,0,0,0
C106641,Premium Credit Card,1,0,0,0,0
C106641,Fixed Deposit,1,1,1,1,1
C106642,Personal Loan,1,0,0,0,0
C106642,Term Insurance,1,1,1,0,0
C106643,Recurring Deposit,1,0,0,0,0
C106643,Fuel Credit Card,1,1,0,0,0
C106643,Fixed Deposit,1,0,0,0,0
C106643,Travel Credit Card,1,1,0,0,0
C106645,Fuel Credit Card,1,0,0,0,0
C106646,Premium Credit Card,1,1,1,1,1
C106646,Cashback Credit Card,1,1,1,0,0
C106646,Recurring Deposit,1,0,0,0,0
C106647,Home Loan,1,1,0,0,0
C106648,Term Insurance,1,0,0,0,0
C106648,Investment Plan (Mutual Fund SIP),1,1,1,1,1
C106648,Fixed Deposit,1,1,0,0,0
C106648,Cashback Credit Card,1,1,0,0,0
C106648,Fuel Credit Card,1,1,1,1,0
C106649,Recurring Deposit,1,0,0,0,0
C106649,Home Loan,1,1,0,0,0
C106649,Investment Plan (Mutual Fund SIP),1,1,1,1,1
C106650,Term Insurance,1,0,0,0,0
C106650,Premium Credit Card,1,1,1,0,0
C106650,Personal Loan,1,0,0,0,0
C106650,Investment Plan (Mutual Fund SIP),1,0,0,0,0
C106650,Travel Credit Card,1,1,0,0,0
C106651,Recurring Deposit,1,0,0,0,0
C106651,Investment Plan (Mutual Fund SIP),1,0,0,0,0
C106651,Fixed Deposit,1,0,0,0,0
C106652,Home Loan,1,1,0,0,0
C106652,Cashback Credit Card,1,0,0,0,0
C106652,Fixed Deposit,1,0,0,0,0
C106653,Home Loan,1,0,0,0,0
C106653,Premium Banking Account,1,0,0,0,0
C106653,Premium Credit Card,1,1,0,0,0
C106653,Term Insurance,1,1,1,1,1
C106653,Travel Credit Card,1,1,0,0,0
C106654,Personal Loan,1,1,0,0,0
C106654,Premium Banking Account,1,0,0,0,0
C106654,Fixed Deposit,1,1,0,0,0
C106654,Travel Credit Card,1,0,0,0,0
C106657,Home Loan,1,0,0,0,0
C106657,Fixed Deposit,1,0,0,0,0
C106657,Premium Banking Account,1,1,0,0,0
C106657,Travel Credit Card,1,0,0,0,0
C106657,Investment Plan (Mutual Fund SIP),1,1,1,0,0
C106658,Home Loan,1,1,1,1,1
C106659,Recurring Deposit,1,1,0,0,0
C106659,Personal Loan,1,0,0,0,0
C106659,Fuel Credit Card,1,0,0,0,0
C106659,Premium Credit Card,1,1,1,0,0
C106659,Home Loan,1,0,0,0,0
C106660,Personal Loan,1,1,0,0,0
C106660,Cashback Credit Card,1,0,0,0,0
C106660,Term Insurance,1,1,0,0,0
C106660,Fixed Deposit,1,0,0,0,0
C106661,Personal Loan,1,0,0,0,0
C106663,Recurring Deposit,1,0,0,0,0
C106663,Term Insurance,1,0,0,0,0
C106663,Investment Plan (Mutual Fund SIP),1,0,0,0,0
C106663,Fixed Deposit,1,0,0,0,0
C106664,Premium Credit Card,1,1,0,0,0
C106666,Cashback Credit Card,1,1,0,0,0
C106667,Personal Loan,1,1,0,0,0
C106668,Term Insurance,1,1,1,1,0
C106669,Fuel Credit Card,1,0,0,0,0
C106670,Cashback Credit Card,1,1,0,0,0
C106670,Term Insurance,1,1,1,1,0
C106670,Fuel Credit Card,1,0,0,0,0
C106671,Home Loan,1,0,0,0,0
C106673,Premium Banking Account,1,0,0,0,0
C106673,Investment Plan (Mutual Fund SIP),1,1,1,1,1
C106673,Cashback Credit Card,1,1,0,0,0
C106673,Home Loan,1,1,0,0,0
C106673,Fixed Deposit,1,0,0,0,0
C106675,Cashback Credit Card,1,1,0,0,0
C106675,Travel Credit Card,1,0,0,0,0
C106675,Home Loan,1,1,1,0,0
C106675,Investment Plan (Mutual Fund SIP),1,0,0,0,0
C106675,Premium Credit Card,1,1,0,0,0
C106676,Cashback Credit Card,1,1,0,0,0
C106676,Recurring Deposit,1,0,0,0,0
C106677,Cashback Credit Card,1,1,1,0,0
C106678,Personal Loan,1,1,1,0,0
C106679,Term Insurance,1,1,0,0,0
C106679,Premium Credit Card,1,1,0,0,0
C106679,Fuel Credit Card,1,1,0,0,0
C106679,Recurring Deposit,1,1,0,0,0
C106679,Home Loan,1,1,0,0,0
C106680,Premium Banking Account,1,0,0,0,0
C106680,Premium Credit Card,1,1,1,1,1
C106681,Personal Loan,1,0,0,0,0
C106681,Premium Credit Card,1,1,1,0,0
C106681,Premium Banking Account,1,1,0,0,0
C106681,Investment Plan (Mutual Fund SIP),1,0,0,0,0
C106683,Term Insurance,1,1,0,0,0
C106683,Premium Banking Account,1,1,0,0,0
C106683,Cashback Credit Card,1,1,1,0,0
C106684,Cashback Credit Card,1,1,1,0,0
C106684,Personal Loan,1,0,0,0,0
C106684,Premium Banking Account,1,1,0,0,0
C106685,Premium Banking Account,1,0,0,0,0
C106685,Fixed Deposit,1,0,0,0,0
C106685,Premium Credit Card,1,0,0,0,0
C106685,Investment Plan (Mutual Fund SIP),1,0,0,0,0
C106685,Personal Loan,1,0,0,0,0
C106687,Fuel Credit Card,1,0,0,0,0
C106687,Recurring Deposit,1,0,0,0,0
C106688,Premium Banking Account,1,1,0,0,0
C106688,Cashback Credit Card,1,1,1,0,0
C106688,Fuel Credit Card,1,1,0,0,0
C106690,Home Loan,1,1,1,0,0
C106691,Cashback Credit Card,1,0,0,0,0
C106691,Fuel Credit Card,1,0,0,0,0
C106691,Recurring Deposit,1,1,0,0,0
C106691,Premium Banking Account,1,1,1,1,0
C106691,Travel Credit Card,1,0,0,0,0
C106692,Recurring Deposit,1,0,0,0,0
C106692,Term Insurance,1,1,1,1,1
C106693,Travel Credit Card,1,0,0,0,0
C106693,Investment Plan (Mutual Fund SIP),1,1,1,1,1
C106693,Fuel Credit Card,1,1,0,0,0
C106694,Home Loan,1,0,0,0,0
C106694,Premium Credit Card,1,0,0,0,0
C106694,Fixed Deposit,1,1,1,0,0
C106694,Recurring Deposit,1,1,0,0,0
C106695,Travel Credit Card,1,0,0,0,0
C106696,Fixed Deposit,1,1,0,0,0
C106696,Premium Credit Card,1,0,0,0,0
C106696,Home Loan,1,1,0,0,0
C106696,Recurring Deposit,1,1,1,1,0
C106696,Personal Loan,1,1,1,1,0
C106697,Recurring Deposit,1,1,0,0,0
C106697,Travel Credit Card,1,1,0,0,0
C106697,Fuel Credit Card,1,0,0,0,0
C106697,Personal Loan,1,1,0,0,0
C106698,Travel Credit Card,1,0,0,0,0
C106698,Premium Banking Account,1,1,1,0,0
C106699,Personal Loan,1,0,0,0,0
C106699,Fuel Credit Card,1,0,0,0,0
C106700,Personal Loan,1,1,0,0,0
C106700,Fixed Deposit,1,1,1,0,0
C106700,Recurring Deposit,1,0,0,0,0
C106700,Premium Credit Card,1,1,1,1,1
C106701,Fixed Deposit,1,0,0,0,0
C106702,Fixed Deposit,1,0,0,0,0
C106702,Term Insurance,1,1,0,0,0
C106702,Premium Credit Card,1,1,0,0,0
C106703,Home Loan,1,0,0,0,0
C106703,Personal Loan,1,1,1,1,1
C106703,Fixed Deposit,1,0,0,0,0
C106703,Premium Banking Account,1,0,0,0,0
C106706,Premium Credit Card,1,0,0,0,0
C106706,Premium Banking Account,1,0,0,0,0
C106706,Recurring Deposit,1,1,1,1,0
C106707,Term Insurance,1,1,0,0,0
C106707,Personal Loan,1,0,0,0,0
C106707,Investment Plan (Mutual Fund SIP),1,0,0,0,0
C106708,Travel Credit Card,1,1,0,0,0
C106708,Fixed Deposit,1,1,1,0,0
C106708,Fuel Credit Card,1,0,0,0,0
C106708,Term Insurance,1,0,0,0,0
C106708,Premium Credit Card,1,1,1,1,1
C106710,Premium Credit Card,1,1,1,1,1
C106710,Investment Plan (Mutual Fund SIP),1,1,0,0,0
C106710,Term Insurance,1,1,1,1,0
C106710,Fixed Deposit,1,1,0,0,0
C106710,Cashback Credit Card,1,1,1,1,1
C106711,Premium Credit Card,1,0,0,0,0
C106711,Premium Banking Account,1,1,1,0,0
C106711,Recurring Deposit,1,1,0,0,0
C106711,Home Loan,1,0,0,0,0
C106712,Travel Credit Card,1,1,0,0,0
C106712,Recurring Deposit,1,0,0,0,0
C106712,Home Loan,1,1,0,0,0
C106712,Term Insurance,1,1,0,0,0
C106713,Travel Credit Card,1,1,1,0,0
C106713,Premium Credit Card,1,1,1,1,0
C106713,Personal Loan,1,0,0,0,0
C106714,Premium Credit Card,1,1,0,0,0
C106714,Term Insurance,1,1,1,1,1
C106714,Recurring Deposit,1,0,0,0,0
C106714,Travel Credit Card,1,0,0,0,0
C106714,Premium Banking Account,1,1,0,0,0
C106715,Investment Plan (Mutual Fund SIP),1,1,1,1,1
C106716,Fixed Deposit,1,1,1,1,1
C106716,Investment Plan (Mutual Fund SIP),1,0,0,0,0
C106717,Recurring Deposit,1,0,0,0,0
C106717,Fuel Credit Card,1,1,0,0,0
C106717,Investment Plan (Mutual Fund SIP),1,1,0,0,0
C106717,Personal Loan,1,0,0,0,0
C106719,Term Insurance,1,1,1,1,1
C106719,Travel Credit Card,1,1,0,0,0
C106719,Premium Banking Account,1,0,0,0,0
C106720,Recurring Deposit,1,1,0,0,0
C106720,Term Insurance,1,1,1,1,1
C106720,Fixed Deposit,1,1,0,0,0
C106721,Home Loan,1,1,0,0,0
C106722,Cashback Credit Card,1,1,1,1,1
C106722,Term Insurance,1,1,1,1,0
C106722,Home Loan,1,1,0,0,0
C106724,Recurring Deposit,1,1,0,0,0
C106724,Term Insurance,1,1,0,0,0
C106724,Fixed Deposit,1,1,0,0,0
C106724,Fuel Credit Card,1,1,0,0,0
C106724,Premium Credit Card,1,1,1,1,1
C106725,Travel Credit Card,1,1,1,1,1
C106725,Premium Banking Account,1,0,0,0,0
C106726,Home Loan,1,1,0,0,0
C106726,Travel Credit Card,1,1,0,0,0
C106727,Fuel Credit Card,1,0,0,0,0
C106727,Recurring Deposit,1,1,0,0,0
C106727,Premium Credit Card,1,0,0,0,0
C106727,Investment Plan (Mutual Fund SIP),1,1,0,0,0
C106727,Premium Banking Account,1,1,0,0,0
C106728,Fuel Credit Card,1,0,0,0,0
C106728,Premium Banking Account,1,0,0,0,0
C106728,Premium Credit Card,1,1,0,0,0
C106729,Premium Credit Card,1,1,0,0,0
C106729,Fixed Deposit,1,1,1,0,0
C106730,Premium Credit Card,1,1,0,0,0
C106730,Term Insurance,1,1,0,0,0
C106730,Cashback Credit Card,1,0,0,0,0
C106730,Travel Credit Card,1,0,0,0,0
C106730,Fixed Deposit,1,1,0,0,0
C106731,Recurring Deposit,1,1,0,0,0
C106731,Fixed Deposit,1,1,1,1,1
C106731,Home Loan,1,0,0,0,0
C106732,Term Insurance,1,1,0,0,0
C106732,Recurring Deposit,1,1,0,0,0
C106732,Travel Credit Card,1,1,1,1,1
C106733,Fixed Deposit,1,1,0,0,0
C106733,Premium Credit Card,1,0,0,0,0
C106733,Travel Credit Card,1,1,1,1,1
C106733,Personal Loan,1,1,0,0,0
C106734,Travel Credit Card,1,1,0,0,0
C106734,Home Loan,1,0,0,0,0
C106734,Fuel Credit Card,1,0,0,0,0
C106734,Fixed Deposit,1,0,0,0,0
C106736,Travel Credit Card,1,1,0,0,0
C106737,Fuel Credit Card,1,0,0,0,0
C106737,Premium Credit Card,1,0,0,0,0
C106737,Personal Loan,1,1,1,0,0
C106737,Home Loan,1,1,0,0,0
C106738,Term Insurance,1,0,0,0,0
C106738,Investment Plan (Mutual Fund SIP),1,0,0,0,0
C106739,Travel Credit Card,1,0,0,0,0
C106740,Travel Credit Card,1,0,0,0,0
C106740,Recurring Deposit,1,1,0,0,0
C106740,Fuel Credit Card,1,1,1,1,1
C106740,Premium Banking Account,1,1,1,0,0
C106742,Recurring Deposit,1,0,0,0,0
C106742,Investment Plan (Mutual Fund SIP),1,1,0,0,0
C106743,Term Insurance,1,0,0,0,0
C106743,Recurring Deposit,1,1,1,0,0
C106743,Cashback Credit Card,1,0,0,0,0
C106743,Fuel Credit Card,1,0,0,0,0
C106744,Term Insurance,1,0,0,0,0
C106744,Home Loan,1,0,0,0,0
C106745,Premium Banking Account,1,1,1,0,0
C106745,Fixed Deposit,1,0,0,0,0
C106745,Travel Credit Card,1,0,0,0,0
C106746,Fixed Deposit,1,1,0,0,0
C106746,Term Insurance,1,1,0,0,0
C106746,Fuel Credit Card,1,0,0,0,0
C106746,Travel Credit Card,1,1,1,1,1
C106746,Personal Loan,1,1,0,0,0
C106747,Home Loan,1,0,0,0,0
C106747,Premium Credit Card,1,0,0,0,0
C106748,Premium Credit Card,1,0,0,0,0
C106748,Home Loan,1,1,0,0,0
C106748,Fixed Deposit,1,0,0,0,0
C106748,Recurring Deposit,1,0,0,0,0
C106749,Recurring Deposit,1,1,1,1,0
C106749,Premium Banking Account,1,1,0,0,0
C106749,Premium Credit Card,1,0,0,0,0
C106749,Home Loan,1,0,0,0,0
C106749,Fuel Credit Card,1,0,0,0,0
C106750,Home Loan,1,0,0,0,0
C106750,Investment Plan (Mutual Fund SIP),1,0,0,0,0
C106750,Recurring Deposit,1,0,0,0,0
C106751,Fixed Deposit,1,1,0,0,0
C106751,Premium Credit Card,1,1,1,1,1
C106752,Term Insurance,1,1,0,0,0
C106752,Cashback Credit Card,1,0,0,0,0
C106752,Home Loan,1,1,1,1,1
C106754,Fuel Credit Card,1,1,1,0,0
C106754,Term Insurance,1,1,0,0,0
C106755,Premium Banking Account,1,0,0,0,0
C106756,Fixed Deposit,1,1,0,0,0
C106756,Recurring Deposit,1,0,0,0,0
C106756,Investment Plan (Mutual Fund SIP),1,0,0,0,0
C106756,Travel Credit Card,1,1,0,0,0
C106756,Premium Banking Account,1,1,1,0,0
C106757,Premium Banking Account,1,0,0,0,0
C106757,Personal Loan,1,0,0,0,0
C106757,Home Loan,1,1,0,0,0
C106759,Premium Credit Card,1,0,0,0,0
C106760,Travel Credit Card,1,1,1,0,0
C106760,Cashback Credit Card,1,0,0,0,0
C106761,Recurring Deposit,1,1,0,0,0
C106761,Term Insurance,1,1,1,1,1
C106763,Recurring Deposit,1,0,0,0,0
C106763,Personal Loan,1,1,1,0,0
C106763,Premium Credit Card,1,1,1,1,1
C106764,Investment Plan (Mutual Fund SIP),1,1,0,0,0
C106764,Recurring Deposit,1,1,0,0,0
C106764,Premium Banking Account,1,0,0,0,0
C106766,Premium Credit Card,1,1,0,0,0
C106766,Cashback Credit Card,1,1,0,0,0
C106766,Premium Banking Account,1,0,0,0,0
C106767,Premium Banking Account,1,1,1,0,0
C106769,Fixed Deposit,1,1,1,1,0
C106769,Personal Loan,1,1,0,0,0
C106769,Premium Banking Account,1,0,0,0,0
C106769,Investment Plan (Mutual Fund SIP),1,1,0,0,0
C106769,Fuel Credit Card,1,0,0,0,0
C106770,Cashback Credit Card,1,1,0,0,0
C106770,Fuel Credit Card,1,1,1,1,1
C106770,Fixed Deposit,1,1,1,1,1
C106770,Recurring Deposit,1,1,0,0,0
C106770,Term Insurance,1,1,1,1,1
C106771,Fuel Credit Card,1,1,0,0,0
C106771,Personal Loan,1,1,0,0,0
C106771,Recurring Deposit,1,1,0,0,0
C106771,Premium Banking Account,1,0,0,0,0
C106772,Premium Credit Card,1,1,0,0,0
C106772,Recurring Deposit,1,0,0,0,0
C106772,Fixed Deposit,1,0,0,0,0
C106772,Fuel Credit Card,1,0,0,0,0
C106773,Cashback Credit Card,1,0,0,0,0
C106774,Fuel Credit Card,1,1,0,0,0
C106774,Premium Banking Account,1,0,0,0,0
C106774,Fixed Deposit,1,1,1,1,1
C106775,Premium Credit Card,1,1,0,0,0
C106775,Fuel Credit Card,1,1,0,0,0
C106775,Fixed Deposit,1,0,0,0,0
C106776,Home Loan,1,1,0,0,0
C106777,Fuel Credit Card,1,1,0,0,0
C106777,Home Loan,1,0,0,0,0
C106777,Personal Loan,1,1,0,0,0
C106778,Home Loan,1,0,0,0,0
C106778,Investment Plan (Mutual Fund SIP),1,0,0,0,0
C106778,Fuel Credit Card,1,1,1,1,1
C106779,Term Insurance,1,1,1,1,0
C106779,Personal Loan,1,0,0,0,0
C106779,Fuel Credit Card,1,0,0,0,0
C106779,Premium Banking Account,1,0,0,0,0
C106779,Home Loan,1,1,1,0,0
C106781,Cashback Credit Card,1,1,0,0,0
C106781,Investment Plan (Mutual Fund SIP),1,0,0,0,0
C106782,Fixed Deposit,1,1,1,1,1
C106783,Fixed Deposit,1,1,0,0,0
C106783,Home Loan,1,0,0,0,0
C106783,Term Insurance,1,0,0,0,0
C106783,Cashback Credit Card,1,0,0,0,0
C106784,Fixed Deposit,1,1,1,1,1
C106784,Investment Plan (Mutual Fund SIP),1,0,0,0,0
C106784,Premium Banking Account,1,0,0,0,0
C106784,Travel Credit Card,1,0,0,0,0
C106785,Recurring Deposit,1,0,0,0,0
C106785,Fuel Credit Card,1,0,0,0,0
C106786,Personal Loan,1,0,0,0,0
C106786,Fixed Deposit,1,0,0,0,0
C106786,Recurring Deposit,1,1,0,0,0
C106786,Premium Banking Account,1,0,0,0,0
C106788,Travel Credit Card,1,1,0,0,0
C106788,Cashback Credit Card,1,0,0,0,0
C106788,Home Loan,1,1,1,1,0
C106788,Premium Banking Account,1,1,0,0,0
C106789,Recurring Deposit,1,1,0,0,0
C106790,Term Insurance,1,0,0,0,0
C106790,Premium Banking Account,1,1,0,0,0
C106790,Travel Credit Card,1,1,0,0,0
C106791,Travel Credit Card,1,0,0,0,0
C106791,Investment Plan (Mutual Fund SIP),1,1,1,1,1
C106791,Personal Loan,1,1,0,0,0
C106792,Travel Credit Card,1,1,1,1,0
C106792,Premium Banking Account,1,0,0,0,0
C106792,Premium Credit Card,1,0,0,0,0
C106792,Term Insurance,1,1,1,1,1
C106792,Recurring Deposit,1,0,0,0,0
C106794,Investment Plan (Mutual Fund SIP),1,0,0,0,0
C106794,Fuel Credit Card,1,1,0,0,0
C106794,Recurring Deposit,1,0,0,0,0
C106794,Premium Banking Account,1,1,0,0,0
C106794,Term Insurance,1,1,1,1,1
C106797,Recurring Deposit,1,1,0,0,0
C106798,Fuel Credit Card,1,1,1,1,1
C106798,Personal Loan,1,1,0,0,0
C106798,Home Loan,1,0,0,0,0
C106798,Travel Credit Card,1,0,0,0,0
C106798,Cashback Credit Card,1,0,0,0,0
C106799,Travel Credit Card,1,1,0,0,0
C106799,Personal Loan,1,0,0,0,0
C106800,Personal Loan,1,0,0,0,0
C106800,Premium Credit Card,1,1,0,0,0
C106801,Travel Credit Card,1,0,0,0,0
C106802,Cashback Credit Card,1,1,0,0,0
C106802,Fixed Deposit,1,1,0,0,0
C106802,Recurring Deposit,1,1,1,1,0
C106802,Investment Plan (Mutual Fund SIP),1,0,0,0,0
C106803,Recurring Deposit,1,0,0,0,0
C106803,Investment Plan (Mutual Fund SIP),1,1,0,0,0
C106803,Fuel Credit Card,1,0,0,0,0
C106803,Premium Credit Card,1,0,0,0,0
C106804,Recurring Deposit,1,0,0,0,0
C106804,Fixed Deposit,1,0,0,0,0
C106804,Fuel Credit Card,1,0,0,0,0
C106804,Term Insurance,1,0,0,0,0
C106805,Term Insurance,1,1,0,0,0
C106805,Premium Credit Card,1,1,0,0,0
C106805,Home Loan,1,0,0,0,0
C106805,Fuel Credit Card,1,1,0,0,0
C106807,Cashback Credit Card,1,0,0,0,0
C106807,Premium Credit Card,1,0,0,0,0
C106808,Fuel Credit Card,1,1,0,0,0
C106809,Personal Loan,1,1,1,1,1
C106809,Cashback Credit Card,1,1,1,1,1
C106809,Home Loan,1,0,0,0,0
C106809,Recurring Deposit,1,0,0,0,0
C106809,Fixed Deposit,1,1,1,0,0
C106810,Term Insurance,1,0,0,0,0
C106810,Recurring Deposit,1,1,0,0,0
C106810,Cashback Credit Card,1,0,0,0,0
C106810,Home Loan,1,0,0,0,0
C106810,Travel Credit Card,1,1,0,0,0
C106811,Term Insurance,1,1,0,0,0
C106812,Premium Banking Account,1,1,1,1,1
C106812,Fuel Credit Card,1,1,0,0,0
C106812,Personal Loan,1,1,0,0,0
C106813,Premium Credit Card,1,0,0,0,0
C106814,Personal Loan,1,0,0,0,0
C106814,Fixed Deposit,1,0,0,0,0
C106814,Cashback Credit Card,1,0,0,0,0
C106814,Term Insurance,1,0,0,0,0
C106815,Personal Loan,1,1,0,0,0
C106816,Cashback Credit Card,1,0,0,0,0
C106816,Travel Credit Card,1,1,1,1,1
C106816,Investment Plan (Mutual Fund SIP),1,1,0,0,0
C106816,Home Loan,1,0,0,0,0
C106818,Term Insurance,1,0,0,0,0
C106818,Home Loan,1,1,1,0,0
C106818,Premium Banking Account,1,1,0,0,0
C106818,Cashback Credit Card,1,1,0,0,0
C106819,Term Insurance,1,1,0,0,0
C106819,Home Loan,1,0,0,0,0
C106819,Travel Credit Card,1,1,0,0,0
C106821,Home Loan,1,0,0,0,0
C106821,Premium Credit Card,1,0,0,0,0
C106821,Premium Banking Account,1,1,1,1,0
C106821,Investment Plan (Mutual Fund SIP),1,1,1,0,0
C106821,Term Insurance,1,1,1,1,1
C106822,Investment Plan (Mutual Fund SIP),1,0,0,0,0
C106822,Fuel Credit Card,1,1,0,0,0
C106822,Fixed Deposit,1,0,0,0,0
C106822,Term Insurance,1,1,0,0,0
C106822,Travel Credit Card,1,1,0,0,0
C106823,Cashback Credit Card,1,1,0,0,0
C106823,Recurring Deposit,1,0,0,0,0
C106823,Fuel Credit Card,1,0,0,0,0
C106823,Travel Credit Card,1,0,0,0,0
C106824,Personal Loan,1,1,1,0,0
C106825,Fixed Deposit,1,1,1,1,1
C106826,Investment Plan (Mutual Fund SIP),1,1,1,1,0
C106826,Travel Credit Card,1,0,0,0,0
C106827,Personal Loan,1,1,0,0,0
C106830,Premium Credit Card,1,0,0,0,0
C106830,Fixed Deposit,1,1,0,0,0
C106830,Cashback Credit Card,1,1,0,0,0
C106831,Term Insurance,1,0,0,0,0
C106831,Fixed Deposit,1,1,0,0,0
C106832,Cashback Credit Card,1,1,0,0,0
C106833,Term Insurance,1,0,0,0,0
C106833,Recurring Deposit,1,0,0,0,0
C106834,Travel Credit Card,1,1,1,1,1
C106834,Fuel Credit Card,1,1,1,1,1
C106834,Premium Credit Card,1,1,1,1,1
C106834,Term Insurance,1,1,0,0,0
C106834,Fixed Deposit,1,1,1,0,0
C106835,Investment Plan (Mutual Fund SIP),1,0,0,0,0
C106835,Term Insurance,1,1,0,0,0
C106836,Home Loan,1,0,0,0,0
C106836,Premium Banking Account,1,0,0,0,0
C106836,Recurring Deposit,1,0,0,0,0
C106838,Fuel Credit Card,1,1,1,1,1
C106838,Fixed Deposit,1,1,1,1,1
C106839,Term Insurance,1,1,0,0,0
C106839,Premium Banking Account,1,1,0,0,0
C106840,Cashback Credit Card,1,1,0,0,0
C106842,Personal Loan,1,1,0,0,0
C106842,Fuel Credit Card,1,0,0,0,0
C106842,Travel Credit Card,1,1,1,0,0
C106842,Fixed Deposit,1,1,0,0,0
C106843,Travel Credit Card,1,0,0,0,0
C106843,Fuel Credit Card,1,0,0,0,0
C106843,Premium Credit Card,1,0,0,0,0
C106843,Fixed Deposit,1,0,0,0,0
C106843,Personal Loan,1,0,0,0,0
C106844,Travel Credit Card,1,0,0,0,0
C106844,Recurring Deposit,1,0,0,0,0
C106844,Cashback Credit Card,1,1,0,0,0
C106845,Term Insurance,1,1,0,0,0
C106845,Recurring Deposit,1,1,1,0,0
C106845,Premium Banking Account,1,1,0,0,0
C106847,Recurring Deposit,1,1,1,1,1
C106847,Home Loan,1,0,0,0,0
C106848,Personal Loan,1,0,0,0,0
C106848,Premium Credit Card,1,1,0,0,0
C106848,Cashback Credit Card,1,1,0,0,0
C106849,Premium Banking Account,1,1,1,0,0
C106849,Travel Credit Card,1,1,0,0,0
C106849,Cashback Credit Card,1,1,0,0,0
C106849,Fuel Credit Card,1,0,0,0,0
C106849,Premium Credit Card,1,0,0,0,0
C106851,Premium Credit Card,1,0,0,0,0
C106851,Cashback Credit Card,1,0,0,0,0
C106851,Term Insurance,1,0,0,0,0
C106852,Premium Credit Card,1,1,0,0,0
C106852,Fuel Credit Card,1,0,0,0,0
C106853,Travel Credit Card,1,1,0,0,0
C106854,Home Loan,1,1,1,1,1
C106854,Premium Banking Account,1,0,0,0,0
C106854,Personal Loan,1,1,1,1,1
C106854,Recurring Deposit,1,1,1,0,0
C106854,Premium Credit Card,1,0,0,0,0
C106855,Term Insurance,1,0,0,0,0
C106855,Recurring Deposit,1,0,0,0,0
C106855,Home Loan,1,0,0,0,0
C106856,Investment Plan (Mutual Fund SIP),1,0,0,0,0
C106856,Home Loan,1,0,0,0,0
C106857,Personal Loan,1,0,0,0,0
C106857,Cashback Credit Card,1,0,0,0,0
C106857,Recurring Deposit,1,1,0,0,0
C106857,Travel Credit Card,1,1,0,0,0
C106859,Premium Banking Account,1,1,1,0,0
C106860,Fuel Credit Card,1,1,1,1,1
C106861,Premium Banking Account,1,1,0,0,0
C106861,Premium Credit Card,1,1,0,0,0
C106861,Travel Credit Card,1,1,0,0,0
C106861,Term Insurance,1,0,0,0,0
C106862,Travel Credit Card,1,0,0,0,0
C106863,Recurring Deposit,1,1,0,0,0
C106866,Fuel Credit Card,1,0,0,0,0
C106867,Recurring Deposit,1,1,0,0,0
C106867,Premium Banking Account,1,1,0,0,0
C106867,Fuel Credit Card,1,1,0,0,0
C106868,Premium Credit Card,1,1,1,1,1
C106870,Travel Credit Card,1,0,0,0,0
C106870,Investment Plan (Mutual Fund SIP),1,1,0,0,0
C106871,Personal Loan,1,1,1,1,0
C106871,Recurring Deposit,1,0,0,0,0
C106871,Fuel Credit Card,1,0,0,0,0
C106872,Premium Credit Card,1,1,0,0,0
C106872,Investment Plan (Mutual Fund SIP),1,1,1,1,1
C106872,Home Loan,1,1,0,0,0
C106872,Term Insurance,1,0,0,0,0
C106873,Cashback Credit Card,1,1,0,0,0
C106873,Travel Credit Card,1,1,0,0,0
C106874,Fixed Deposit,1,1,0,0,0
C106874,Investment Plan (Mutual Fund SIP),1,1,0,0,0
C106874,Premium Banking Account,1,0,0,0,0
C106874,Cashback Credit Card,1,0,0,0,0
C106875,Home Loan,1,0,0,0,0
C106875,Premium Banking Account,1,1,1,0,0
C106875,Fixed Deposit,1,1,1,1,1
C106875,Travel Credit Card,1,1,1,1,1
C106875,Fuel Credit Card,1,0,0,0,0
C106876,Home Loan,1,0,0,0,0
C106876,Premium Banking Account,1,1,0,0,0
C106877,Premium Credit Card,1,1,1,1,1
C106878,Travel Credit Card,1,0,0,0,0
C106878,Premium Credit Card,1,1,0,0,0
C106878,Cashback Credit Card,1,1,0,0,0
C106879,Cashback Credit Card,1,0,0,0,0
C106879,Travel Credit Card,1,0,0,0,0
C106880,Term Insurance,1,1,0,0,0
C106880,Premium Credit Card,1,1,0,0,0
C106883,Travel Credit Card,1,1,0,0,0
C106883,Term Insurance,1,1,0,0,0
C106884,Fuel Credit Card,1,1,1,1,1
C106886,Premium Credit Card,1,1,0,0,0
C106887,Travel Credit Card,1,1,0,0,0
C106887,Home Loan,1,0,0,0,0
C106887,Premium Banking Account,1,0,0,0,0
C106888,Fixed Deposit,1,0,0,0,0
C106888,Premium Banking Account,1,1,0,0,0
C106888,Fuel Credit Card,1,1,1,1,1
C106888,Cashback Credit Card,1,1,1,1,1
C106889,Premium Credit Card,1,0,0,0,0
C106889,Home Loan,1,1,0,0,0
C106889,Recurring Deposit,1,0,0,0,0
C106889,Premium Banking Account,1,0,0,0,0
C106890,Fuel Credit Card,1,1,1,1,1
C106890,Premium Banking Account,1,1,0,0,0
C106890,Travel Credit Card,1,1,0,0,0
C106890,Term Insurance,1,0,0,0,0
C106890,Cashback Credit Card,1,1,0,0,0
C106891,Cashback Credit Card,1,0,0,0,0
C106891,Travel Credit Card,1,0,0,0,0
C106892,Premium Credit Card,1,0,0,0,0
C106893,Premium Banking Account,1,1,0,0,0
C106893,Home Loan,1,1,1,0,0
C106894,Home Loan,1,0,0,0,0
C106895,Premium Banking Account,1,0,0,0,0
C106895,Fuel Credit Card,1,0,0,0,0
C106896,Fuel Credit Card,1,0,0,0,0
C106898,Fixed Deposit,1,0,0,0,0
C106899,Investment Plan (Mutual Fund SIP),1,1,1,0,0
C106899,Travel Credit Card,1,0,0,0,0
C106899,Term Insurance,1,1,1,0,0
C106899,Recurring Deposit,1,1,0,0,0
C106899,Fixed Deposit,1,1,1,1,0
C106900,Term Insurance,1,0,0,0,0
C106900,Home Loan,1,0,0,0,0
C106901,Investment Plan (Mutual Fund SIP),1,0,0,0,0
C106902,Home Loan,1,0,0,0,0
C106902,Premium Banking Account,1,0,0,0,0
C106903,Cashback Credit Card,1,0,0,0,0
C106903,Term Insurance,1,1,0,0,0
C106903,Investment Plan (Mutual Fund SIP),1,0,0,0,0
C106904,Investment Plan (Mutual Fund SIP),1,0,0,0,0
C106905,Travel Credit Card,1,1,0,0,0
C106905,Premium Banking Account,1,0,0,0,0
C106905,Investment Plan (Mutual Fund SIP),1,1,0,0,0
C106905,Premium Credit Card,1,0,0,0,0
C106905,Fixed Deposit,1,1,0,0,0
C106906,Personal Loan,1,0,0,0,0
C106906,Cashback Credit Card,1,1,0,0,0
C106906,Investment Plan (Mutual Fund SIP),1,0,0,0,0
C106906,Fuel Credit Card,1,0,0,0,0
C106909,Home Loan,1,0,0,0,0
C106909,Investment Plan (Mutual Fund SIP),1,0,0,0,0
C106909,Fuel Credit Card,1,0,0,0,0
C106910,Travel Credit Card,1,0,0,0,0
C106910,Home Loan,1,0,0,0,0
C106911,Cashback Credit Card,1,0,0,0,0
C106911,Travel Credit Card,1,1,0,0,0
C106911,Fuel Credit Card,1,1,1,0,0
C106912,Recurring Deposit,1,1,0,0,0
C106912,Premium Credit Card,1,1,0,0,0
C106912,Home Loan,1,0,0,0,0
C106912,Personal Loan,1,1,0,0,0
C106913,Fuel Credit Card,1,1,1,1,0
C106913,Investment Plan (Mutual Fund SIP),1,0,0,0,0
C106914,Fuel Credit Card,1,1,1,1,1
C106914,Fixed Deposit,1,1,1,1,1
C106914,Recurring Deposit,1,0,0,0,0
C106914,Premium Credit Card,1,1,0,0,0
C106915,Fuel Credit Card,1,1,1,1,1
C106915,Personal Loan,1,1,1,0,0
C106915,Term Insurance,1,0,0,0,0
C106915,Travel Credit Card,1,0,0,0,0
C106916,Recurring Deposit,1,0,0,0,0
C106916,Travel Credit Card,1,1,0,0,0
C106917,Home Loan,1,0,0,0,0
C106918,Cashback Credit Card,1,0,0,0,0
C106918,Travel Credit Card,1,1,1,1,1
C106918,Personal Loan,1,1,1,0,0
C106918,Recurring Deposit,1,0,0,0,0
C106919,Premium Banking Account,1,0,0,0,0
C106919,Investment Plan (Mutual Fund SIP),1,0,0,0,0
C106921,Term Insurance,1,1,1,0,0
C106921,Cashback Credit Card,1,1,0,0,0
C106921,Fixed Deposit,1,0,0,0,0
C106921,Personal Loan,1,1,0,0,0
C106921,Home Loan,1,0,0,0,0
C106922,Recurring Deposit,1,1,0,0,0
C106922,Fixed Deposit,1,1,0,0,0
C106922,Investment Plan (Mutual Fund SIP),1,1,0,0,0
C106922,Travel Credit Card,1,0,0,0,0
C106922,Home Loan,1,1,0,0,0
C106924,Travel Credit Card,1,1,0,0,0
C106924,Premium Credit Card,1,0,0,0,0
C106925,Travel Credit Card,1,1,0,0,0
C106925,Home Loan,1,0,0,0,0
C106925,Fuel Credit Card,1,1,1,1,1
C106925,Personal Loan,1,0,0,0,0
C106926,Premium Banking Account,1,0,0,0,0
C106926,Travel Credit Card,1,1,0,0,0
C106926,Cashback Credit Card,1,1,1,0,0
C106926,Fixed Deposit,1,0,0,0,0
C106927,Personal Loan,1,1,0,0,0
C106927,Travel Credit Card,1,1,0,0,0
C106927,Premium Credit Card,1,0,0,0,0
C106927,Recurring Deposit,1,0,0,0,0
C106927,Fixed Deposit,1,1,1,1,1
C106928,Travel Credit Card,1,0,0,0,0
C106928,Fixed Deposit,1,0,0,0,0
C106928,Investment Plan (Mutual Fund SIP),1,1,0,0,0
C106931,Fuel Credit Card,1,1,0,0,0
C106931,Recurring Deposit,1,0,0,0,0
C106931,Home Loan,1,1,0,0,0
C106931,Premium Banking Account,1,0,0,0,0
C106931,Premium Credit Card,1,0,0,0,0
C106932,Premium Banking Account,1,1,1,0,0
C106932,Personal Loan,1,1,1,1,1
C106932,Fixed Deposit,1,0,0,0,0
C106933,Fuel Credit Card,1,0,0,0,0
C106933,Travel Credit Card,1,0,0,0,0
C106933,Personal Loan,1,1,0,0,0
C106933,Fixed Deposit,1,1,1,0,0
C106934,Fixed Deposit,1,1,0,0,0
C106934,Travel Credit Card,1,1,0,0,0
C106935,Recurring Deposit,1,0,0,0,0
C106935,Home Loan,1,0,0,0,0
C106935,Fixed Deposit,1,1,0,0,0
C106935,Premium Banking Account,1,0,0,0,0
C106935,Investment Plan (Mutual Fund SIP),1,0,0,0,0
C106936,Cashback Credit Card,1,1,1,1,1
C106936,Home Loan,1,0,0,0,0
C106936,Premium Banking Account,1,0,0,0,0
C106937,Travel Credit Card,1,0,0,0,0
C106937,Recurring Deposit,1,1,1,1,1
C106940,Term Insurance,1,0,0,0,0
C106941,Travel Credit Card,1,0,0,0,0
C106941,Cashback Credit Card,1,0,0,0,0
C106941,Home Loan,1,0,0,0,0
C106942,Cashback Credit Card,1,1,0,0,0
C106942,Premium Banking Account,1,1,0,0,0
C106942,Fuel Credit Card,1,1,1,1,1
C106942,Personal Loan,1,1,0,0,0
C106942,Investment Plan (Mutual Fund SIP),1,0,0,0,0
C106943,Investment Plan (Mutual Fund SIP),1,1,1,1,1
C106943,Premium Banking Account,1,0,0,0,0
C106943,Home Loan,1,1,0,0,0
C106944,Term Insurance,1,1,0,0,0
C106946,Premium Credit Card,1,0,0,0,0
C106946,Term Insurance,1,0,0,0,0
C106946,Travel Credit Card,1,0,0,0,0
C106947,Cashback Credit Card,1,1,0,0,0
C106948,Fixed Deposit,1,0,0,0,0
C106948,Travel Credit Card,1,0,0,0,0
C106949,Personal Loan,1,0,0,0,0
C106949,Recurring Deposit,1,0,0,0,0
C106950,Fuel Credit Card,1,1,1,1,0
C106950,Home Loan,1,1,1,1,1
C106950,Cashback Credit Card,1,1,0,0,0
C106950,Premium Credit Card,1,0,0,0,0
C106950,Fixed Deposit,1,0,0,0,0
C106951,Cashback Credit Card,1,1,0,0,0
C106951,Investment Plan (Mutual Fund SIP),1,0,0,0,0
C106951,Premium Banking Account,1,1,0,0,0
C106951,Recurring Deposit,1,1,1,1,1
C106952,Premium Banking Account,1,0,0,0,0
C106952,Cashback Credit Card,1,1,0,0,0
C106952,Fuel Credit Card,1,0,0,0,0
C106952,Recurring Deposit,1,1,0,0,0
C106953,Recurring Deposit,1,1,1,0,0
C106954,Travel Credit Card,1,0,0,0,0
C106954,Home Loan,1,0,0,0,0
C106954,Premium Banking Account,1,0,0,0,0
C106954,Premium Credit Card,1,1,0,0,0
C106954,Recurring Deposit,1,0,0,0,0
C106955,Premium Banking Account,1,1,0,0,0
C106955,Investment Plan (Mutual Fund SIP),1,0,0,0,0
C106955,Recurring Deposit,1,0,0,0,0
C106955,Premium Credit Card,1,1,0,0,0
C106956,Fixed Deposit,1,1,0,0,0
C106956,Travel Credit Card,1,0,0,0,0
C106956,Fuel Credit Card,1,0,0,0,0
C106956,Premium Credit Card,1,1,0,0,0
C106957,Cashback Credit Card,1,0,0,0,0
C106957,Premium Banking Account,1,1,0,0,0
C106957,Fuel Credit Card,1,0,0,0,0
C106958,Premium Banking Account,1,1,1,1,1
C106958,Home Loan,1,1,0,0,0
C106958,Cashback Credit Card,1,1,1,0,0
C106959,Personal Loan,1,0,0,0,0
C106961,Recurring Deposit,1,1,1,0,0
C106961,Cashback Credit Card,1,0,0,0,0
C106961,Premium Credit Card,1,1,0,0,0
C106961,Home Loan,1,1,1,0,0
C106963,Home Loan,1,1,1,1,0
C106963,Travel Credit Card,1,1,0,0,0
C106963,Personal Loan,1,0,0,0,0
C106963,Premium Credit Card,1,0,0,0,0
C106964,Travel Credit Card,1,1,0,0,0
C106964,Fuel Credit Card,1,1,1,1,1
C106964,Fixed Deposit,1,0,0,0,0
C106967,Premium Banking Account,1,0,0,0,0
C106967,Travel Credit Card,1,1,1,1,1
C106967,Cashback Credit Card,1,1,0,0,0
C106968,Recurring Deposit,1,1,0,0,0
C106969,Home Loan,1,1,0,0,0
C106969,Travel Credit Card,1,0,0,0,0
C106970,Cashback Credit Card,1,0,0,0,0
C106970,Fixed Deposit,1,0,0,0,0
C106970,Investment Plan (Mutual Fund SIP),1,0,0,0,0
C106970,Personal Loan,1,1,0,0,0
C106971,Personal Loan,1,1,0,0,0
C106971,Premium Banking Account,1,1,0,0,0
C106972,Travel Credit Card,1,0,0,0,0
C106973,Fixed Deposit,1,1,1,0,0
C106975,Term Insurance,1,1,0,0,0
C106975,Investment Plan (Mutual Fund SIP),1,1,0,0,0
C106975,Cashback Credit Card,1,1,0,0,0
C106975,Recurring Deposit,1,1,0,0,0
C106975,Fuel Credit Card,1,0,0,0,0
C106980,Fuel Credit Card,1,0,0,0,0
C106980,Premium Banking Account,1,1,0,0,0
C106980,Premium Credit Card,1,0,0,0,0
C106981,Cashback Credit Card,1,1,0,0,0
C106982,Personal Loan,1,0,0,0,0
C106982,Premium Banking Account,1,1,0,0,0
C106982,Investment Plan (Mutual Fund SIP),1,1,1,0,0
C106982,Fuel Credit Card,1,0,0,0,0
C106983,Term Insurance,1,1,1,1,1
C106983,Premium Banking Account,1,1,1,1,0
C106983,Fixed Deposit,1,1,0,0,0
C106984,Term Insurance,1,0,0,0,0
C106985,Premium Banking Account,1,1,0,0,0
C106985,Home Loan,1,1,1,1,1
C106985,Term Insurance,1,0,0,0,0
C106985,Fuel Credit Card,1,0,0,0,0
C106987,Investment Plan (Mutual Fund SIP),1,0,0,0,0
C106988,Premium Credit Card,1,1,0,0,0
C106988,Fixed Deposit,1,0,0,0,0
C106988,Travel Credit Card,1,0,0,0,0
C106988,Investment Plan (Mutual Fund SIP),1,0,0,0,0
C106988,Recurring Deposit,1,1,0,0,0
C106990,Fixed Deposit,1,1,0,0,0
C106990,Travel Credit Card,1,0,0,0,0
C106990,Recurring Deposit,1,1,1,0,0
C106991,Travel Credit Card,1,0,0,0,0
C106991,Recurring Deposit,1,0,0,0,0
C106991,Investment Plan (Mutual Fund SIP),1,1,1,1,0
C106991,Fixed Deposit,1,1,1,1,1
C106991,Premium Banking Account,1,1,1,1,1
C106992,Fixed Deposit,1,1,1,1,1
C106993,Fuel Credit Card,1,1,1,1,1
C106993,Home Loan,1,0,0,0,0
C106994,Term Insurance,1,1,0,0,0
C106995,Fixed Deposit,1,1,1,1,0
C106996,Fuel Credit Card,1,0,0,0,0
C106996,Premium Credit Card,1,1,1,1,1
C106997,Travel Credit Card,1,0,0,0,0
C106997,Term Insurance,1,1,0,0,0
C106997,Premium Credit Card,1,0,0,0,0
C106997,Fuel Credit Card,1,0,0,0,0
C106997,Cashback Credit Card,1,1,0,0,0
C107000,Term Insurance,1,0,0,0,0
C107002,Recurring Deposit,1,0,0,0,0
C107002,Personal Loan,1,1,0,0,0
C107003,Home Loan,1,1,1,1,0
C107003,Fuel Credit Card,1,1,0,0,0
C107003,Fixed Deposit,1,1,0,0,0
C107003,Premium Banking Account,1,0,0,0,0
C107003,Travel Credit Card,1,0,0,0,0
C107005,Term Insurance,1,1,0,0,0
C107005,Cashback Credit Card,1,1,0,0,0
C107005,Premium Credit Card,1,1,0,0,0
C107005,Premium Banking Account,1,1,0,0,0
C107005,Personal Loan,1,0,0,0,0
C107006,Fuel Credit Card,1,0,0,0,0
C107006,Investment Plan (Mutual Fund SIP),1,1,0,0,0
C107006,Fixed Deposit,1,1,1,1,0
C107007,Cashback Credit Card,1,0,0,0,0
C107007,Premium Banking Account,1,1,1,1,0
C107007,Travel Credit Card,1,0,0,0,0
C107007,Fuel Credit Card,1,1,0,0,0
C107010,Premium Credit Card,1,1,0,0,0
C107010,Home Loan,1,0,0,0,0
C107010,Premium Banking Account,1,0,0,0,0
C107010,Personal Loan,1,0,0,0,0
C107011,Cashback Credit Card,1,1,0,0,0
C107011,Travel Credit Card,1,0,0,0,0
C107011,Term Insurance,1,1,0,0,0
C107011,Fixed Deposit,1,0,0,0,0
C107011,Investment Plan (Mutual Fund SIP),1,0,0,0,0
C107013,Term Insurance,1,1,1,1,0
C107013,Travel Credit Card,1,1,1,1,1
C107013,Fuel Credit Card,1,1,0,0,0
C107014,Home Loan,1,0,0,0,0
C107014,Term Insurance,1,1,0,0,0
C107014,Recurring Deposit,1,1,0,0,0
C107014,Travel Credit Card,1,0,0,0,0
C107017,Fixed Deposit,1,1,0,0,0
C107017,Personal Loan,1,1,1,1,0
C107017,Recurring Deposit,1,1,0,0,0
C107017,Investment Plan (Mutual Fund SIP),1,1,0,0,0
C107017,Travel Credit Card,1,0,0,0,0
C107018,Premium Credit Card,1,1,0,0,0
C107018,Fixed Deposit,1,0,0,0,0
C107018,Home Loan,1,0,0,0,0
C107018,Cashback Credit Card,1,1,0,0,0
C107019,Travel Credit Card,1,1,0,0,0
C107019,Home Loan,1,0,0,0,0
C107019,Personal Loan,1,0,0,0,0
C107019,Investment Plan (Mutual Fund SIP),1,0,0,0,0
C107020,Home Loan,1,1,1,1,1
C107021,Premium Credit Card,1,0,0,0,0
C107021,Home Loan,1,0,0,0,0
C107021,Term Insurance,1,0,0,0,0
C107021,Fuel Credit Card,1,1,0,0,0
C107022,Recurring Deposit,1,0,0,0,0
C107022,Travel Credit Card,1,1,0,0,0
C107022,Fixed Deposit,1,0,0,0,0
C107022,Home Loan,1,1,0,0,0
C107027,Recurring Deposit,1,0,0,0,0
C107027,Fuel Credit Card,1,0,0,0,0
C107027,Premium Credit Card,1,0,0,0,0
C107027,Cashback Credit Card,1,0,0,0,0
C107028,Cashback Credit Card,1,0,0,0,0
C107033,Fixed Deposit,1,1,1,1,1
C107033,Travel Credit Card,1,0,0,0,0
C107033,Cashback Credit Card,1,1,1,1,1
C107033,Premium Banking Account,1,0,0,0,0
C107033,Recurring Deposit,1,0,0,0,0
C107034,Term Insurance,1,1,1,1,1
C107034,Investment Plan (Mutual Fund SIP),1,0,0,0,0
C107034,Premium Credit Card,1,0,0,0,0
C107035,Personal Loan,1,1,0,0,0
C107035,Term Insurance,1,1,0,0,0
C107036,Fuel Credit Card,1,0,0,0,0
C107036,Personal Loan,1,0,0,0,0
C107038,Premium Banking Account,1,0,0,0,0
C107038,Home Loan,1,0,0,0,0
C107038,Travel Credit Card,1,1,0,0,0
C107038,Cashback Credit Card,1,1,0,0,0
C107038,Recurring Deposit,1,0,0,0,0
C107039,Fixed Deposit,1,0,0,0,0
C107039,Investment Plan (Mutual Fund SIP),1,0,0,0,0
C107039,Premium Banking Account,1,0,0,0,0
C107040,Travel Credit Card,1,0,0,0,0
C107040,Recurring Deposit,1,0,0,0,0
C107040,Term Insurance,1,1,0,0,0
C107040,Premium Credit Card,1,1,1,1,0
C107040,Home Loan,1,1,0,0,0
C107041,Cashback Credit Card,1,0,0,0,0
C107041,Premium Credit Card,1,1,1,1,1
C107041,Travel Credit Card,1,1,1,0,0
C107041,Premium Banking Account,1,1,1,0,0
C107041,Fuel Credit Card,1,0,0,0,0
C107042,Home Loan,1,0,0,0,0
C107042,Personal Loan,1,1,1,1,1
C107043,Personal Loan,1,1,1,1,1
C107043,Recurring Deposit,1,0,0,0,0
C107043,Premium Banking Account,1,0,0,0,0
C107043,Home Loan,1,1,1,1,0
C107043,Cashback Credit Card,1,1,0,0,0
C107044,Investment Plan (Mutual Fund SIP),1,1,1,1,0
C107045,Fixed Deposit,1,1,0,0,0
C107045,Investment Plan (Mutual Fund SIP),1,1,1,1,1
C107047,Investment Plan (Mutual Fund SIP),1,1,0,0,0
C107047,Term Insurance,1,1,1,1,1
C107048,Investment Plan (Mutual Fund SIP),1,1,1,1,1
C107049,Home Loan,1,0,0,0,0
C107049,Travel Credit Card,1,1,1,0,0
C107049,Term Insurance,1,0,0,0,0
C107050,Investment Plan (Mutual Fund SIP),1,0,0,0,0
C107050,Home Loan,1,0,0,0,0
C107051,Recurring Deposit,1,1,0,0,0
C107051,Home Loan,1,0,0,0,0
C107051,Premium Credit Card,1,0,0,0,0
C107052,Premium Banking Account,1,1,0,0,0
C107052,Recurring Deposit,1,0,0,0,0
C107052,Investment Plan (Mutual Fund SIP),1,1,0,0,0
C107053,Personal Loan,1,1,1,1,1
C107054,Home Loan,1,0,0,0,0
C107054,Term Insurance,1,0,0,0,0
C107055,Investment Plan (Mutual Fund SIP),1,1,0,0,0
C107055,Fixed Deposit,1,0,0,0,0
C107055,Travel Credit Card,1,1,0,0,0
C107055,Cashback Credit Card,1,0,0,0,0
C107055,Personal Loan,1,1,1,1,1
C107056,Cashback Credit Card,1,1,0,0,0
C107056,Premium Credit Card,1,1,0,0,0
C107058,Fuel Credit Card,1,1,1,1,1
C107058,Home Loan,1,0,0,0,0
C107058,Term Insurance,1,0,0,0,0
C107059,Term Insurance,1,0,0,0,0
C107059,Investment Plan (Mutual Fund SIP),1,1,0,0,0
C107060,Premium Banking Account,1,1,1,1,1
C107060,Home Loan,1,1,1,1,0
C107060,Personal Loan,1,0,0,0,0
C107060,Premium Credit Card,1,1,0,0,0
C107060,Cashback Credit Card,1,1,0,0,0
C107062,Premium Credit Card,1,0,0,0,0
C107062,Investment Plan (Mutual Fund SIP),1,0,0,0,0
C107067,Fixed Deposit,1,0,0,0,0
C107067,Cashback Credit Card,1,0,0,0,0
C107067,Travel Credit Card,1,1,0,0,0
C107067,Fuel Credit Card,1,0,0,0,0
C107068,Home Loan,1,1,1,0,0
C107068,Cashback Credit Card,1,0,0,0,0
C107069,Premium Banking Account,1,1,1,1,0
C107069,Cashback Credit Card,1,0,0,0,0
C107069,Travel Credit Card,1,0,0,0,0
C107069,Term Insurance,1,1,0,0,0
C107069,Investment Plan (Mutual Fund SIP),1,0,0,0,0
C107071,Cashback Credit Card,1,0,0,0,0
C107071,Fixed Deposit,1,1,1,1,1
C107071,Home Loan,1,0,0,0,0
C107072,Cashback Credit Card,1,1,0,0,0
C107072,Premium Banking Account,1,0,0,0,0
C107073,Personal Loan,1,1,0,0,0
C107073,Premium Banking Account,1,1,0,0,0
C107073,Cashback Credit Card,1,1,0,0,0
C107073,Travel Credit Card,1,1,0,0,0
C107075,Recurring Deposit,1,0,0,0,0
C107075,Fixed Deposit,1,1,0,0,0
C107075,Premium Banking Account,1,1,0,0,0
C107075,Personal Loan,1,0,0,0,0
C107075,Home Loan,1,0,0,0,0
C107076,Fixed Deposit,1,0,0,0,0
C107076,Fuel Credit Card,1,0,0,0,0
C107076,Cashback Credit Card,1,1,0,0,0
C107076,Term Insurance,1,1,1,1,1
C107076,Personal Loan,1,1,1,1,0
C107077,Travel Credit Card,1,1,0,0,0
C107077,Premium Banking Account,1,1,0,0,0
C107077,Home Loan,1,1,0,0,0
C107077,Fixed Deposit,1,0,0,0,0
C107077,Cashback Credit Card,1,1,1,1,1
C107078,Premium Credit Card,1,1,1,1,1
C107078,Fuel Credit Card,1,1,0,0,0
C107078,Recurring Deposit,1,1,0,0,0
C107078,Home Loan,1,1,0,0,0
C107078,Term Insurance,1,1,0,0,0
C107079,Fuel Credit Card,1,1,1,0,0
C107079,Premium Credit Card,1,1,0,0,0
C107079,Recurring Deposit,1,0,0,0,0
C107079,Cashback Credit Card,1,0,0,0,0
C107080,Cashback Credit Card,1,1,1,1,1
C107080,Fixed Deposit,1,0,0,0,0
C107080,Premium Credit Card,1,1,0,0,0
C107080,Term Insurance,1,0,0,0,0
C107080,Fuel Credit Card,1,0,0,0,0
C107081,Travel Credit Card,1,1,1,0,0
C107081,Premium Banking Account,1,1,1,1,1
C107081,Personal Loan,1,1,1,0,0
C107081,Cashback Credit Card,1,1,1,1,0
C107081,Home Loan,1,0,0,0,0
C107082,Travel Credit Card,1,1,0,0,0
C107082,Personal Loan,1,0,0,0,0
C107082,Home Loan,1,0,0,0,0
C107082,Premium Credit Card,1,1,1,1,1
C107082,Recurring Deposit,1,1,0,0,0
C107083,Fuel Credit Card,1,1,0,0,0
C107083,Premium Credit Card,1,1,0,0,0
C107083,Cashback Credit Card,1,1,0,0,0
C107083,Personal Loan,1,0,0,0,0
C107086,Premium Credit Card,1,0,0,0,0
C107086,Fixed Deposit,1,0,0,0,0
C107086,Investment Plan (Mutual Fund SIP),1,0,0,0,0
C107087,Premium Credit Card,1,0,0,0,0
C107088,Travel Credit Card,1,1,1,0,0
C107088,Fuel Credit Card,1,0,0,0,0
C107088,Recurring Deposit,1,1,1,1,1
C107089,Fixed Deposit,1,0,0,0,0
C107089,Investment Plan (Mutual Fund SIP),1,1,1,1,0
C107089,Travel Credit Card,1,0,0,0,0
C107090,Fuel Credit Card,1,1,0,0,0
C107090,Investment Plan (Mutual Fund SIP),1,1,1,0,0
C107090,Home Loan,1,1,0,0,0
C107090,Personal Loan,1,1,1,0,0
C107090,Fixed Deposit,1,1,1,1,1
C107091,Recurring Deposit,1,1,1,0,0
C107092,Personal Loan,1,1,0,0,0
C107092,Fixed Deposit,1,1,0,0,0
C107093,Recurring Deposit,1,1,1,1,1
C107094,Term Insurance,1,1,0,0,0
C107094,Cashback Credit Card,1,1,0,0,0
C107095,Personal Loan,1,0,0,0,0
C107096,Term Insurance,1,1,1,1,1
C107097,Fixed Deposit,1,1,0,0,0
C107097,Recurring Deposit,1,0,0,0,0
C107097,Fuel Credit Card,1,1,1,1,1
C107097,Investment Plan (Mutual Fund SIP),1,1,0,0,0
C107097,Home Loan,1,1,1,0,0
C107098,Fixed Deposit,1,1,0,0,0
C107098,Home Loan,1,0,0,0,0
C107098,Term Insurance,1,0,0,0,0
C107098,Fuel Credit Card,1,1,1,1,1
C107098,Personal Loan,1,0,0,0,0
C107099,Premium Credit Card,1,0,0,0,0
C107101,Investment Plan (Mutual Fund SIP),1,0,0,0,0
C107101,Home Loan,1,1,0,0,0
C107101,Premium Banking Account,1,1,0,0,0
C107101,Travel Credit Card,1,1,1,0,0
C107101,Fuel Credit Card,1,1,1,1,1
C107102,Term Insurance,1,0,0,0,0
C107103,Premium Banking Account,1,1,0,0,0
C107103,Fuel Credit Card,1,0,0,0,0
C107103,Cashback Credit Card,1,1,1,1,1
C107103,Premium Credit Card,1,1,1,0,0
C107103,Personal Loan,1,1,1,0,0
C107104,Fuel Credit Card,1,0,0,0,0
C107104,Fixed Deposit,1,1,0,0,0
C107104,Investment Plan (Mutual Fund SIP),1,0,0,0,0
C107105,Cashback Credit Card,1,0,0,0,0
C107105,Fuel Credit Card,1,0,0,0,0
C107105,Home Loan,1,1,1,0,0
C107105,Personal Loan,1,0,0,0,0
C107105,Premium Banking Account,1,1,0,0,0
C107106,Cashback Credit Card,1,0,0,0,0
C107107,Travel Credit Card,1,1,0,0,0
C107110,Home Loan,1,1,0,0,0
C107110,Investment Plan (Mutual Fund SIP),1,0,0,0,0
C107110,Premium Credit Card,1,0,0,0,0
C107110,Fixed Deposit,1,0,0,0,0
C107111,Travel Credit Card,1,1,1,0,0
C107111,Term Insurance,1,1,0,0,0
C107111,Personal Loan,1,1,0,0,0
C107111,Premium Credit Card,1,1,0,0,0
C107112,Cashback Credit Card,1,1,1,0,0
C107112,Fuel Credit Card,1,1,0,0,0
C107113,Travel Credit Card,1,0,0,0,0
C107113,Personal Loan,1,0,0,0,0
C107114,Recurring Deposit,1,0,0,0,0
C107114,Investment Plan (Mutual Fund SIP),1,0,0,0,0
C107114,Cashback Credit Card,1,0,0,0,0
C107114,Home Loan,1,1,0,0,0
C107114,Premium Banking Account,1,1,1,0,0
C107115,Cashback Credit Card,1,0,0,0,0
C107119,Fuel Credit Card,1,1,1,1,0
C107120,Home Loan,1,0,0,0,0
C107120,Investment Plan (Mutual Fund SIP),1,0,0,0,0
C107121,Recurring Deposit,1,0,0,0,0
C107121,Home Loan,1,1,0,0,0
C107121,Premium Credit Card,1,1,0,0,0
C107121,Term Insurance,1,0,0,0,0
C107121,Investment Plan (Mutual Fund SIP),1,1,1,1,0
C107122,Home Loan,1,1,0,0,0
C107122,Fixed Deposit,1,1,1,1,0
C107122,Personal Loan,1,1,0,0,0
C107122,Term Insurance,1,1,1,1,1
C107122,Investment Plan (Mutual Fund SIP),1,1,0,0,0
C107123,Cashback Credit Card,1,0,0,0,0
C107123,Fuel Credit Card,1,1,1,1,1
C107123,Premium Credit Card,1,0,0,0,0
C107123,Premium Banking Account,1,0,0,0,0
C107123,Travel Credit Card,1,0,0,0,0
C107124,Term Insurance,1,1,1,0,0
C107125,Term Insurance,1,0,0,0,0
C107125,Premium Credit Card,1,0,0,0,0
C107126,Recurring Deposit,1,1,0,0,0
C107126,Personal Loan,1,0,0,0,0
C107126,Cashback Credit Card,1,1,0,0,0
C107126,Travel Credit Card,1,0,0,0,0
C107126,Investment Plan (Mutual Fund SIP),1,0,0,0,0
C107127,Premium Credit Card,1,1,0,0,0
C107128,Investment Plan (Mutual Fund SIP),1,0,0,0,0
C107130,Recurring Deposit,1,1,1,1,1
C107130,Premium Credit Card,1,0,0,0,0
C107130,Travel Credit Card,1,0,0,0,0
C107130,Fuel Credit Card,1,0,0,0,0
C107131,Travel Credit Card,1,0,0,0,0
C107132,Term Insurance,1,0,0,0,0
C107132,Cashback Credit Card,1,1,0,0,0
C107133,Premium Banking Account,1,0,0,0,0
C107133,Term Insurance,1,0,0,0,0
C107133,Fuel Credit Card,1,1,1,1,1
C107133,Travel Credit Card,1,0,0,0,0
C107134,Premium Credit Card,1,0,0,0,0
C107134,Home Loan,1,1,0,0,0
C107134,Travel Credit Card,1,1,0,0,0
C107134,Term Insurance,1,1,1,1,1
C107134,Investment Plan (Mutual Fund SIP),1,0,0,0,0
C107135,Recurring Deposit,1,0,0,0,0
C107135,Term Insurance,1,0,0,0,0
C107135,Personal Loan,1,1,0,0,0
C107136,Premium Banking Account,1,1,1,1,0
C107136,Investment Plan (Mutual Fund SIP),1,1,0,0,0
C107139,Premium Credit Card,1,1,0,0,0
C107139,Fuel Credit Card,1,1,0,0,0
C107139,Investment Plan (Mutual Fund SIP),1,1,1,1,1
C107140,Investment Plan (Mutual Fund SIP),1,1,0,0,0
C107140,Cashback Credit Card,1,0,0,0,0
C107140,Recurring Deposit,1,1,0,0,0
C107141,Home Loan,1,1,0,0,0
C107141,Premium Credit Card,1,0,0,0,0
C107142,Fixed Deposit,1,1,0,0,0
C107142,Home Loan,1,1,0,0,0
C107142,Term Insurance,1,1,0,0,0
C107142,Premium Credit Card,1,1,1,1,1
C107143,Fuel Credit Card,1,0,0,0,0
C107143,Travel Credit Card,1,1,1,1,1
C107143,Cashback Credit Card,1,1,0,0,0
C107143,Home Loan,1,0,0,0,0
C107143,Premium Credit Card,1,0,0,0,0
C107144,Home Loan,1,0,0,0,0
C107145,Travel Credit Card,1,1,1,0,0
C107145,Premium Credit Card,1,1,0,0,0
C107145,Cashback Credit Card,1,0,0,0,0
C107147,Fixed Deposit,1,1,0,0,0
C107147,Personal Loan,1,1,0,0,0
C107148,Cashback Credit Card,1,0,0,0,0
C107148,Term Insurance,1,0,0,0,0
C107148,Premium Banking Account,1,0,0,0,0
C107148,Home Loan,1,1,1,1,0
C107148,Fixed Deposit,1,1,0,0,0
C107149,Premium Banking Account,1,1,0,0,0
C107149,Premium Credit Card,1,0,0,0,0
C107150,Fuel Credit Card,1,1,0,0,0
C107150,Cashback Credit Card,1,1,1,1,1
C107150,Premium Banking Account,1,0,0,0,0
C107150,Travel Credit Card,1,0,0,0,0
C107150,Home Loan,1,1,1,1,0
C107151,Fuel Credit Card,1,0,0,0,0
C107151,Fixed Deposit,1,0,0,0,0
C107151,Recurring Deposit,1,1,0,0,0
C107151,Term Insurance,1,1,0,0,0
C107152,Fixed Deposit,1,1,0,0,0
C107152,Premium Credit Card,1,0,0,0,0
C107153,Fixed Deposit,1,1,0,0,0
C107153,Cashback Credit Card,1,1,0,0,0
C107153,Travel Credit Card,1,1,1,0,0
C107153,Investment Plan (Mutual Fund SIP),1,1,0,0,0
C107153,Recurring Deposit,1,1,0,0,0
C107154,Premium Banking Account,1,0,0,0,0
C107155,Cashback Credit Card,1,0,0,0,0
C107156,Investment Plan (Mutual Fund SIP),1,0,0,0,0
C107156,Recurring Deposit,1,1,0,0,0
C107158,Term Insurance,1,1,0,0,0
C107158,Premium Credit Card,1,1,1,0,0
C107158,Recurring Deposit,1,0,0,0,0
C107158,Investment Plan (Mutual Fund SIP),1,1,0,0,0
C107158,Home Loan,1,0,0,0,0
C107160,Fuel Credit Card,1,0,0,0,0
C107161,Premium Banking Account,1,0,0,0,0
C107161,Cashback Credit Card,1,1,0,0,0
C107162,Term Insurance,1,1,0,0,0
C107162,Fixed Deposit,1,0,0,0,0
C107162,Travel Credit Card,1,1,1,1,1
C107162,Fuel Credit Card,1,1,1,0,0
C107163,Premium Banking Account,1,0,0,0,0
C107163,Premium Credit Card,1,1,0,0,0
C107163,Term Insurance,1,1,1,1,0
C107164,Investment Plan (Mutual Fund SIP),1,1,0,0,0
C107164,Fuel Credit Card,1,0,0,0,0
C107166,Home Loan,1,1,1,1,1
C107167,Fuel Credit Card,1,1,0,0,0
C107167,Travel Credit Card,1,1,1,1,1
C107167,Personal Loan,1,0,0,0,0
C107168,Personal Loan,1,1,0,0,0
C107168,Fuel Credit Card,1,1,0,0,0
C107169,Cashback Credit Card,1,1,1,0,0
C107169,Fixed Deposit,1,0,0,0,0
C107169,Term Insurance,1,0,0,0,0
C107169,Premium Credit Card,1,1,0,0,0
C107170,Cashback Credit Card,1,0,0,0,0
C107170,Recurring Deposit,1,1,0,0,0
C107171,Travel Credit Card,1,0,0,0,0
C107172,Fuel Credit Card,1,0,0,0,0
C107173,Investment Plan (Mutual Fund SIP),1,0,0,0,0
C107173,Recurring Deposit,1,0,0,0,0
C107173,Fixed Deposit,1,0,0,0,0
C107173,Premium Banking Account,1,0,0,0,0
C107173,Fuel Credit Card,1,1,0,0,0
C107174,Fuel Credit Card,1,1,0,0,0
C107174,Cashback Credit Card,1,1,0,0,0
C107174,Premium Banking Account,1,1,1,1,0
C107174,Home Loan,1,0,0,0,0
C107175,Investment Plan (Mutual Fund SIP),1,0,0,0,0
C107175,Home Loan,1,0,0,0,0
C107175,Recurring Deposit,1,1,1,0,0
C107175,Term Insurance,1,1,0,0,0
C107178,Personal Loan,1,1,1,1,1
C107179,Premium Banking Account,1,1,1,0,0
C107179,Home Loan,1,1,0,0,0
C107179,Fixed Deposit,1,0,0,0,0
C107181,Fixed Deposit,1,1,0,0,0
C107182,Travel Credit Card,1,0,0,0,0
C107182,Premium Credit Card,1,1,0,0,0
C107182,Cashback Credit Card,1,1,0,0,0
C107183,Home Loan,1,0,0,0,0
C107183,Term Insurance,1,0,0,0,0
C107183,Recurring Deposit,1,0,0,0,0
C107184,Term Insurance,1,0,0,0,0
C107185,Fixed Deposit,1,0,0,0,0
C107185,Investment Plan (Mutual Fund SIP),1,0,0,0,0
C107185,Home Loan,1,1,0,0,0
C107186,Premium Banking Account,1,0,0,0,0
C107186,Recurring Deposit,1,0,0,0,0
C107187,Personal Loan,1,1,1,1,1
C107187,Fixed Deposit,1,0,0,0,0
C107188,Cashback Credit Card,1,0,0,0,0
C107188,Investment Plan (Mutual Fund SIP),1,1,0,0,0
C107188,Travel Credit Card,1,0,0,0,0
C107188,Recurring Deposit,1,0,0,0,0
C107188,Premium Banking Account,1,1,1,1,1
C107189,Fixed Deposit,1,1,1,1,1
C107189,Cashback Credit Card,1,0,0,0,0
C107190,Recurring Deposit,1,1,1,0,0
C107190,Fixed Deposit,1,1,0,0,0
C107191,Cashback Credit Card,1,0,0,0,0
C107191,Recurring Deposit,1,1,0,0,0
C107191,Travel Credit Card,1,1,1,1,1
C107193,Premium Banking Account,1,0,0,0,0
C107193,Premium Credit Card,1,0,0,0,0
C107193,Fixed Deposit,1,1,1,1,1
C107195,Fuel Credit Card,1,0,0,0,0
C107195,Cashback Credit Card,1,1,0,0,0
C107195,Recurring Deposit,1,0,0,0,0
C107195,Personal Loan,1,0,0,0,0
C107196,Term Insurance,1,1,0,0,0
C107197,Recurring Deposit,1,0,0,0,0
C107197,Fuel Credit Card,1,1,1,1,1
C107197,Fixed Deposit,1,0,0,0,0
C107197,Investment Plan (Mutual Fund SIP),1,1,0,0,0
C107197,Cashback Credit Card,1,0,0,0,0
C107199,Premium Credit Card,1,1,0,0,0
C107199,Cashback Credit Card,1,0,0,0,0
C107199,Travel Credit Card,1,1,0,0,0
C107199,Personal Loan,1,0,0,0,0
C107200,Premium Banking Account,1,0,0,0,0
C107200,Term Insurance,1,1,1,0,0
C107201,Personal Loan,1,0,0,0,0
C107201,Premium Credit Card,1,1,1,1,1
C107201,Premium Banking Account,1,1,1,0,0
C107201,Fuel Credit Card,1,1,1,0,0
C107201,Recurring Deposit,1,0,0,0,0
C107203,Premium Banking Account,1,0,0,0,0
C107203,Premium Credit Card,1,1,1,0,0
C107203,Cashback Credit Card,1,1,0,0,0
C107205,Recurring Deposit,1,1,0,0,0
C107205,Personal Loan,1,1,0,0,0
C107206,Cashback Credit Card,1,0,0,0,0
C107206,Fuel Credit Card,1,0,0,0,0
C107206,Premium Banking Account,1,0,0,0,0
C107207,Term Insurance,1,0,0,0,0
C107207,Investment Plan (Mutual Fund SIP),1,1,0,0,0
C107207,Home Loan,1,0,0,0,0
C107207,Cashback Credit Card,1,1,0,0,0
C107209,Fuel Credit Card,1,0,0,0,0
C107209,Personal Loan,1,0,0,0,0
C107209,Cashback Credit Card,1,0,0,0,0
C107209,Premium Credit Card,1,1,0,0,0
C107210,Personal Loan,1,1,1,1,1
C107210,Investment Plan (Mutual Fund SIP),1,1,0,0,0
C107210,Recurring Deposit,1,1,0,0,0
C107210,Premium Banking Account,1,1,1,1,0
C107211,Cashback Credit Card,1,0,0,0,0
C107211,Recurring Deposit,1,1,0,0,0
C107211,Investment Plan (Mutual Fund SIP),1,1,1,1,1
C107211,Personal Loan,1,1,0,0,0
C107211,Travel Credit Card,1,1,1,1,1
C107212,Home Loan,1,1,1,0,0
C107212,Recurring Deposit,1,1,0,0,0
C107212,Term Insurance,1,0,0,0,0
C107212,Travel Credit Card,1,1,1,1,0
C107213,Premium Credit Card,1,0,0,0,0
C107213,Premium Banking Account,1,1,1,0,0
C107213,Fuel Credit Card,1,0,0,0,0
C107213,Investment Plan (Mutual Fund SIP),1,1,0,0,0
C107213,Travel Credit Card,1,0,0,0,0
C107216,Personal Loan,1,0,0,0,0
C107216,Travel Credit Card,1,1,0,0,0
C107216,Premium Credit Card,1,1,0,0,0
C107216,Term Insurance,1,0,0,0,0
C107216,Cashback Credit Card,1,1,0,0,0
C107217,Recurring Deposit,1,0,0,0,0
C107219,Investment Plan (Mutual Fund SIP),1,1,1,1,1
C107219,Home Loan,1,0,0,0,0
C107219,Premium Credit Card,1,1,0,0,0
C107219,Fixed Deposit,1,1,0,0,0
C107219,Personal Loan,1,1,1,1,1
C107222,Fuel Credit Card,1,1,0,0,0
C107222,Premium Credit Card,1,1,0,0,0
C107222,Investment Plan (Mutual Fund SIP),1,1,0,0,0
C107223,Cashback Credit Card,1,0,0,0,0
C107223,Home Loan,1,1,1,1,1
C107223,Recurring Deposit,1,1,0,0,0
C107223,Premium Credit Card,1,1,0,0,0
C107224,Personal Loan,1,1,0,0,0
C107224,Investment Plan (Mutual Fund SIP),1,1,1,1,1
C107226,Fuel Credit Card,1,1,0,0,0
C107226,Fixed Deposit,1,0,0,0,0
C107226,Premium Credit Card,1,0,0,0,0
C107226,Recurring Deposit,1,1,1,1,1
C107227,Travel Credit Card,1,0,0,0,0
C107227,Premium Banking Account,1,1,1,1,1
C107227,Cashback Credit Card,1,0,0,0,0
C107228,Premium Credit Card,1,1,0,0,0
C107229,Investment Plan (Mutual Fund SIP),1,0,0,0,0
C107229,Premium Banking Account,1,1,1,0,0
C107229,Fixed Deposit,1,1,1,1,1
C107230,Fuel Credit Card,1,0,0,0,0
C107232,Premium Banking Account,1,1,1,0,0
C107232,Fixed Deposit,1,1,1,0,0
C107232,Personal Loan,1,0,0,0,0
C107232,Term Insurance,1,1,1,0,0
C107233,Travel Credit Card,1,1,1,0,0
C107233,Personal Loan,1,1,1,1,1
C107234,Home Loan,1,0,0,0,0
C107234,Cashback Credit Card,1,0,0,0,0
C107235,Premium Credit Card,1,0,0,0,0
C107235,Fixed Deposit,1,1,0,0,0
C107236,Fixed Deposit,1,1,0,0,0
C107237,Cashback Credit Card,1,1,0,0,0
C107237,Home Loan,1,1,0,0,0
C107237,Personal Loan,1,0,0,0,0
C107238,Term Insurance,1,1,0,0,0
C107238,Premium Banking Account,1,1,0,0,0
C107238,Travel Credit Card,1,1,0,0,0
C107238,Home Loan,1,0,0,0,0
C107239,Recurring Deposit,1,0,0,0,0
C107239,Premium Banking Account,1,0,0,0,0
C107239,Fuel Credit Card,1,1,1,1,1
C107240,Premium Credit Card,1,1,0,0,0
C107240,Cashback Credit Card,1,1,1,1,1
C107240,Personal Loan,1,1,0,0,0
C107240,Investment Plan (Mutual Fund SIP),1,1,1,1,1
C107241,Premium Banking Account,1,0,0,0,0
C107241,Recurring Deposit,1,0,0,0,0
C107241,Term Insurance,1,0,0,0,0
C107241,Personal Loan,1,0,0,0,0
C107241,Fuel Credit Card,1,0,0,0,0
C107242,Personal Loan,1,0,0,0,0
C107242,Premium Credit Card,1,0,0,0,0
C107243,Investment Plan (Mutual Fund SIP),1,1,0,0,0
C107244,Travel Credit Card,1,1,1,1,1
C107244,Fixed Deposit,1,0,0,0,0
C107244,Fuel Credit Card,1,0,0,0,0
C107244,Term Insurance,1,1,0,0,0
C107244,Recurring Deposit,1,1,0,0,0
C107245,Fixed Deposit,1,1,0,0,0
C107245,Travel Credit Card,1,1,1,1,0
C107245,Home Loan,1,1,0,0,0
C107245,Term Insurance,1,0,0,0,0
C107245,Premium Credit Card,1,0,0,0,0
C107246,Term Insurance,1,0,0,0,0
C107246,Investment Plan (Mutual Fund SIP),1,0,0,0,0
C107246,Travel Credit Card,1,0,0,0,0
C107246,Recurring Deposit,1,0,0,0,0
C107247,Fixed Deposit,1,0,0,0,0
C107247,Recurring Deposit,1,1,0,0,0
C107247,Fuel Credit Card,1,1,1,1,1
C107247,Term Insurance,1,1,0,0,0
C107247,Premium Banking Account,1,1,1,1,0
C107250,Term Insurance,1,1,1,1,1
C107251,Home Loan,1,1,1,1,1
C107251,Travel Credit Card,1,0,0,0,0
C107251,Fixed Deposit,1,1,1,1,1
C107252,Fuel Credit Card,1,1,0,0,0
C107252,Cashback Credit Card,1,1,1,1,0
C107252,Travel Credit Card,1,0,0,0,0
C107252,Recurring Deposit,1,1,0,0,0
C107252,Personal Loan,1,1,0,0,0
C107254,Investment Plan (Mutual Fund SIP),1,1,1,1,1
C107254,Term Insurance,1,1,1,0,0
C107254,Fuel Credit Card,1,1,0,0,0
C107255,Fuel Credit Card,1,1,1,0,0
C107255,Premium Credit Card,1,0,0,0,0
C107256,Premium Banking Account,1,0,0,0,0
C107256,Fuel Credit Card,1,1,1,1,1
C107256,Premium Credit Card,1,0,0,0,0
C107257,Personal Loan,1,1,1,0,0
C107257,Travel Credit Card,1,0,0,0,0
C107257,Recurring Deposit,1,0,0,0,0
C107258,Cashback Credit Card,1,1,0,0,0
C107258,Personal Loan,1,1,0,0,0
C107258,Home Loan,1,0,0,0,0
C107258,Fixed Deposit,1,0,0,0,0
C107258,Investment Plan (Mutual Fund SIP),1,1,1,1,1
C107260,Investment Plan (Mutual Fund SIP),1,0,0,0,0
C107262,Fuel Credit Card,1,1,0,0,0
C107263,Travel Credit Card,1,1,1,1,1
C107263,Investment Plan (Mutual Fund SIP),1,1,0,0,0
C107264,Personal Loan,1,1,1,0,0
C107264,Travel Credit Card,1,0,0,0,0
C107264,Fuel Credit Card,1,0,0,0,0
C107265,Fuel Credit Card,1,0,0,0,0
C107267,Cashback Credit Card,1,0,0,0,0
C107267,Recurring Deposit,1,0,0,0,0
C107268,Personal Loan,1,1,0,0,0
C107268,Fuel Credit Card,1,1,0,0,0
C107268,Fixed Deposit,1,0,0,0,0
C107268,Term Insurance,1,1,1,1,1
C107269,Premium Banking Account,1,1,0,0,0
C107269,Cashback Credit Card,1,1,0,0,0
C107270,Cashback Credit Card,1,0,0,0,0
C107271,Personal Loan,1,1,0,0,0
C107271,Premium Credit Card,1,0,0,0,0
C107272,Premium Credit Card,1,0,0,0,0
C107272,Travel Credit Card,1,1,0,0,0
C107274,Personal Loan,1,1,0,0,0
C107274,Recurring Deposit,1,1,0,0,0
C107274,Fuel Credit Card,1,0,0,0,0
C107275,Home Loan,1,0,0,0,0
C107275,Recurring Deposit,1,1,1,0,0
C107275,Fuel Credit Card,1,1,0,0,0
C107275,Premium Credit Card,1,1,0,0,0
C107276,Premium Banking Account,1,1,0,0,0
C107276,Fixed Deposit,1,0,0,0,0
C107276,Premium Credit Card,1,1,0,0,0
C107276,Home Loan,1,0,0,0,0
C107277,Investment Plan (Mutual Fund SIP),1,1,0,0,0
C107278,Fixed Deposit,1,1,0,0,0
C107279,Fixed Deposit,1,0,0,0,0
C107281,Travel Credit Card,1,0,0,0,0
C107281,Personal Loan,1,0,0,0,0
C107282,Premium Credit Card,1,0,0,0,0
C107282,Personal Loan,1,1,0,0,0
C107282,Home Loan,1,0,0,0,0
C107282,Cashback Credit Card,1,0,0,0,0
C107283,Personal Loan,1,0,0,0,0
C107284,Fixed Deposit,1,1,0,0,0
C107284,Cashback Credit Card,1,1,0,0,0
C107284,Premium Credit Card,1,0,0,0,0
C107285,Recurring Deposit,1,1,0,0,0
C107285,Term Insurance,1,0,0,0,0
C107285,Fixed Deposit,1,0,0,0,0
C107285,Home Loan,1,0,0,0,0
C107286,Premium Banking Account,1,1,0,0,0
C107288,Travel Credit Card,1,0,0,0,0
C107288,Investment Plan (Mutual Fund SIP),1,1,1,1,0
C107289,Cashback Credit Card,1,0,0,0,0
C107290,Personal Loan,1,0,0,0,0
C107290,Premium Banking Account,1,1,1,1,1
C107290,Premium Credit Card,1,1,1,0,0
C107290,Fuel Credit Card,1,1,0,0,0
C107291,Home Loan,1,0,0,0,0
C107291,Investment Plan (Mutual Fund SIP),1,1,0,0,0
C107292,Fuel Credit Card,1,1,0,0,0
C107293,Cashback Credit Card,1,0,0,0,0
C107294,Term Insurance,1,1,1,0,0
C107294,Investment Plan (Mutual Fund SIP),1,1,0,0,0
C107294,Fuel Credit Card,1,1,1,1,1
C107295,Cashback Credit Card,1,1,0,0,0
C107295,Personal Loan,1,1,0,0,0
C107295,Term Insurance,1,1,0,0,0
C107295,Premium Credit Card,1,1,0,0,0
C107296,Premium Banking Account,1,0,0,0,0
C107296,Personal Loan,1,1,0,0,0
C107297,Personal Loan,1,1,1,0,0
C107297,Travel Credit Card,1,1,0,0,0
C107298,Home Loan,1,1,0,0,0
C107298,Travel Credit Card,1,1,0,0,0
C107298,Term Insurance,1,0,0,0,0
C107298,Fuel Credit Card,1,1,1,1,1
C107299,Travel Credit Card,1,1,0,0,0
C107299,Fixed Deposit,1,1,1,1,1
C107299,Investment Plan (Mutual Fund SIP),1,0,0,0,0
C107299,Recurring Deposit,1,0,0,0,0
C107300,Investment Plan (Mutual Fund SIP),1,1,0,0,0
C107300,Premium Credit Card,1,0,0,0,0
C107300,Term Insurance,1,1,0,0,0
C107300,Travel Credit Card,1,0,0,0,0
C107300,Recurring Deposit,1,0,0,0,0
C107301,Cashback Credit Card,1,1,0,0,0
C107302,Premium Credit Card,1,0,0,0,0
C107302,Premium Banking Account,1,1,0,0,0
C107302,Recurring Deposit,1,0,0,0,0
C107304,Fixed Deposit,1,0,0,0,0
C107304,Recurring Deposit,1,1,1,1,1
C107304,Premium Credit Card,1,0,0,0,0
C107304,Cashback Credit Card,1,1,1,0,0
C107305,Term Insurance,1,0,0,0,0
C107305,Fixed Deposit,1,0,0,0,0
C107305,Personal Loan,1,1,0,0,0
C107306,Fuel Credit Card,1,1,0,0,0
C107307,Home Loan,1,1,0,0,0
C107307,Premium Banking Account,1,0,0,0,0
C107308,Fuel Credit Card,1,0,0,0,0
C107308,Recurring Deposit,1,0,0,0,0
C107308,Premium Banking Account,1,0,0,0,0
C107308,Personal Loan,1,1,0,0,0
C107309,Premium Credit Card,1,0,0,0,0
C107309,Fixed Deposit,1,1,1,0,0
C107309,Travel Credit Card,1,0,0,0,0
C107310,Premium Credit Card,1,0,0,0,0
C107310,Fixed Deposit,1,1,0,0,0
C107312,Premium Credit Card,1,1,0,0,0
C107312,Recurring Deposit,1,1,0,0,0
C107312,Investment Plan (Mutual Fund SIP),1,1,0,0,0
C107312,Term Insurance,1,0,0,0,0
C107313,Fixed Deposit,1,0,0,0,0
C107313,Premium Banking Account,1,1,1,0,0
C107315,Home Loan,1,1,0,0,0
C107315,Personal Loan,1,0,0,0,0
C107315,Premium Banking Account,1,0,0,0,0
C107315,Investment Plan (Mutual Fund SIP),1,0,0,0,0
C107316,Premium Banking Account,1,0,0,0,0
C107316,Home Loan,1,1,0,0,0
C107316,Fuel Credit Card,1,0,0,0,0
C107316,Investment Plan (Mutual Fund SIP),1,1,0,0,0
C107317,Fuel Credit Card,1,0,0,0,0
C107317,Premium Banking Account,1,1,0,0,0
C107317,Recurring Deposit,1,1,0,0,0
C107318,Personal Loan,1,1,0,0,0
C107318,Travel Credit Card,1,0,0,0,0
C107318,Home Loan,1,1,0,0,0
C107318,Recurring Deposit,1,0,0,0,0
C107318,Fixed Deposit,1,0,0,0,0
C107320,Term Insurance,1,0,0,0,0
C107321,Fuel Credit Card,1,1,1,0,0
C107321,Term Insurance,1,1,0,0,0
C107321,Travel Credit Card,1,0,0,0,0
C107321,Cashback Credit Card,1,1,0,0,0
C107322,Investment Plan (Mutual Fund SIP),1,0,0,0,0
C107322,Premium Banking Account,1,1,0,0,0
C107322,Travel Credit Card,1,0,0,0,0
C107323,Term Insurance,1,1,0,0,0
C107323,Premium Credit Card,1,1,0,0,0
C107323,Fixed Deposit,1,1,0,0,0
C107323,Personal Loan,1,1,0,0,0
C107323,Cashback Credit Card,1,0,0,0,0
C107324,Fixed Deposit,1,1,0,0,0
C107324,Premium Credit Card,1,0,0,0,0
C107324,Personal Loan,1,1,0,0,0
C107325,Term Insurance,1,0,0,0,0
C107325,Travel Credit Card,1,0,0,0,0
C107325,Cashback Credit Card,1,1,1,0,0
C107325,Premium Credit Card,1,1,1,1,1
C107325,Home Loan,1,0,0,0,0
C107326,Travel Credit Card,1,1,0,0,0
C107326,Investment Plan (Mutual Fund SIP),1,1,0,0,0
C107326,Personal Loan,1,0,0,0,0
C107326,Premium Banking Account,1,1,1,1,1
C107326,Term Insurance,1,0,0,0,0
C107327,Premium Credit Card,1,1,1,1,1
C107328,Fuel Credit Card,1,1,0,0,0
C107328,Recurring Deposit,1,0,0,0,0
C107328,Premium Credit Card,1,1,1,1,1
C107328,Cashback Credit Card,1,1,0,0,0
C107329,Investment Plan (Mutual Fund SIP),1,0,0,0,0
C107330,Travel Credit Card,1,0,0,0,0
C107330,Investment Plan (Mutual Fund SIP),1,1,0,0,0
C107331,Term Insurance,1,0,0,0,0
C107331,Cashback Credit Card,1,1,0,0,0
C107332,Home Loan,1,0,0,0,0
C107333,Recurring Deposit,1,0,0,0,0
C107335,Fixed Deposit,1,0,0,0,0
C107335,Recurring Deposit,1,1,0,0,0
C107335,Travel Credit Card,1,0,0,0,0
C107335,Home Loan,1,0,0,0,0
C107336,Personal Loan,1,1,0,0,0
C107336,Cashback Credit Card,1,1,0,0,0
C107336,Travel Credit Card,1,1,0,0,0
C107337,Investment Plan (Mutual Fund SIP),1,0,0,0,0
C107337,Premium Banking Account,1,1,1,1,1
C107337,Premium Credit Card,1,0,0,0,0
C107337,Travel Credit Card,1,1,0,0,0
C107337,Cashback Credit Card,1,0,0,0,0
C107338,Term Insurance,1,1,1,1,1
C107338,Fixed Deposit,1,0,0,0,0
C107338,Travel Credit Card,1,1,1,1,1
C107339,Premium Banking Account,1,0,0,0,0
C107339,Premium Credit Card,1,0,0,0,0
C107339,Fixed Deposit,1,1,0,0,0
C107340,Fuel Credit Card,1,1,1,1,1
C107340,Personal Loan,1,0,0,0,0
C107340,Premium Credit Card,1,1,1,1,0
C107340,Cashback Credit Card,1,0,0,0,0
C107342,Cashback Credit Card,1,1,0,0,0
C107342,Fuel Credit Card,1,1,0,0,0
C107342,Home Loan,1,1,1,1,0
C107342,Premium Banking Account,1,1,0,0,0
C107343,Premium Credit Card,1,1,0,0,0
C107343,Fixed Deposit,1,0,0,0,0
C107344,Home Loan,1,1,0,0,0
C107344,Term Insurance,1,1,1,1,1
C107344,Travel Credit Card,1,0,0,0,0
C107344,Investment Plan (Mutual Fund SIP),1,0,0,0,0
C107344,Personal Loan,1,0,0,0,0
C107345,Fixed Deposit,1,1,0,0,0
C107345,Home Loan,1,0,0,0,0
C107345,Recurring Deposit,1,0,0,0,0
C107345,Travel Credit Card,1,0,0,0,0
C107345,Premium Banking Account,1,1,0,0,0
C107347,Premium Banking Account,1,0,0,0,0
C107347,Cashback Credit Card,1,1,1,0,0
C107348,Premium Credit Card,1,0,0,0,0
C107348,Term Insurance,1,1,1,1,1
C107348,Cashback Credit Card,1,1,1,0,0
C107348,Fuel Credit Card,1,1,0,0,0
C107349,Investment Plan (Mutual Fund SIP),1,1,1,1,1
C107349,Recurring Deposit,1,1,1,1,1
C107349,Premium Credit Card,1,0,0,0,0
C107349,Personal Loan,1,1,1,0,0
C107350,Fixed Deposit,1,1,1,0,0
C107350,Premium Banking Account,1,0,0,0,0
C107350,Travel Credit Card,1,0,0,0,0
C107351,Premium Banking Account,1,1,0,0,0
C107351,Personal Loan,1,0,0,0,0
C107351,Fuel Credit Card,1,0,0,0,0
C107351,Cashback Credit Card,1,1,0,0,0
C107353,Fuel Credit Card,1,0,0,0,0
C107353,Cashback Credit Card,1,0,0,0,0
C107353,Premium Credit Card,1,0,0,0,0
C107353,Home Loan,1,0,0,0,0
C107353,Investment Plan (Mutual Fund SIP),1,1,1,1,1
C107354,Travel Credit Card,1,0,0,0,0
C107354,Recurring Deposit,1,0,0,0,0
C107355,Fixed Deposit,1,1,0,0,0
C107355,Home Loan,1,0,0,0,0
C107355,Cashback Credit Card,1,1,0,0,0
C107356,Fixed Deposit,1,0,0,0,0
C107356,Cashback Credit Card,1,1,0,0,0
C107356,Premium Banking Account,1,0,0,0,0
C107356,Travel Credit Card,1,0,0,0,0
C107356,Fuel Credit Card,1,0,0,0,0
C107357,Personal Loan,1,1,1,1,1
C107358,Home Loan,1,0,0,0,0
C107358,Fixed Deposit,1,0,0,0,0
C107358,Recurring Deposit,1,1,0,0,0
C107359,Fuel Credit Card,1,1,1,1,1
C107359,Recurring Deposit,1,0,0,0,0
C107359,Cashback Credit Card,1,0,0,0,0
C107359,Investment Plan (Mutual Fund SIP),1,1,0,0,0
C107360,Fuel Credit Card,1,1,0,0,0
C107360,Cashback Credit Card,1,0,0,0,0
C107360,Premium Credit Card,1,1,1,1,1
C107360,Term Insurance,1,0,0,0,0
C107361,Recurring Deposit,1,0,0,0,0
C107362,Premium Credit Card,1,1,0,0,0
C107362,Premium Banking Account,1,0,0,0,0
C107362,Cashback Credit Card,1,0,0,0,0
C107362,Travel Credit Card,1,1,0,0,0
C107362,Investment Plan (Mutual Fund SIP),1,1,0,0,0
C107363,Personal Loan,1,1,0,0,0
C107364,Fuel Credit Card,1,0,0,0,0
C107364,Recurring Deposit,1,1,0,0,0
C107365,Premium Credit Card,1,1,1,0,0
C107366,Cashback Credit Card,1,1,1,1,1
C107366,Personal Loan,1,1,0,0,0
C107366,Fixed Deposit,1,0,0,0,0
C107366,Term Insurance,1,0,0,0,0
C107366,Travel Credit Card,1,1,1,1,1
C107367,Investment Plan (Mutual Fund SIP),1,1,0,0,0
C107367,Cashback Credit Card,1,0,0,0,0
C107367,Term Insurance,1,1,0,0,0
C107367,Personal Loan,1,1,0,0,0
C107367,Fuel Credit Card,1,0,0,0,0
C107368,Investment Plan (Mutual Fund SIP),1,1,0,0,0
C107368,Fuel Credit Card,1,1,0,0,0
C107368,Cashback Credit Card,1,1,0,0,0
C107368,Travel Credit Card,1,1,0,0,0
C107368,Fixed Deposit,1,0,0,0,0
C107369,Fixed Deposit,1,1,0,0,0
C107369,Cashback Credit Card,1,1,0,0,0
C107369,Fuel Credit Card,1,0,0,0,0
C107369,Premium Credit Card,1,1,1,1,1
C107369,Premium Banking Account,1,0,0,0,0
C107370,Premium Credit Card,1,0,0,0,0
C107370,Term Insurance,1,1,0,0,0
C107370,Home Loan,1,1,0,0,0
C107370,Cashback Credit Card,1,0,0,0,0
C107370,Investment Plan (Mutual Fund SIP),1,1,0,0,0
C107371,Investment Plan (Mutual Fund SIP),1,1,1,1,1
C107371,Premium Credit Card,1,1,0,0,0
C107371,Fuel Credit Card,1,1,1,1,1
C107372,Personal Loan,1,0,0,0,0
C107372,Premium Banking Account,1,1,0,0,0
C107372,Term Insurance,1,1,0,0,0
C107372,Cashback Credit Card,1,0,0,0,0
C107372,Investment Plan (Mutual Fund SIP),1,1,0,0,0
C107374,Travel Credit Card,1,1,0,0,0
C107374,Home Loan,1,1,0,0,0
C107374,Premium Banking Account,1,0,0,0,0
C107374,Cashback Credit Card,1,1,1,1,1
C107375,Travel Credit Card,1,0,0,0,0
C107376,Recurring Deposit,1,1,1,0,0
C107376,Premium Credit Card,1,1,1,1,0
C107376,Fuel Credit Card,1,1,0,0,0
C107377,Personal Loan,1,0,0,0,0
C107378,Premium Banking Account,1,0,0,0,0
C107378,Investment Plan (Mutual Fund SIP),1,0,0,0,0
C107378,Fixed Deposit,1,1,1,1,0
C107378,Recurring Deposit,1,1,0,0,0
C107378,Travel Credit Card,1,1,0,0,0
C107379,Personal Loan,1,1,1,0,0
C107379,Premium Credit Card,1,0,0,0,0
C107379,Term Insurance,1,1,1,1,1
C107379,Fixed Deposit,1,0,0,0,0
C107380,Fuel Credit Card,1,1,0,0,0
C107380,Term Insurance,1,1,0,0,0
C107380,Investment Plan (Mutual Fund SIP),1,1,0,0,0
C107380,Fixed Deposit,1,0,0,0,0
C107380,Travel Credit Card,1,0,0,0,0
C107381,Home Loan,1,0,0,0,0
C107381,Cashback Credit Card,1,1,0,0,0
C107381,Fixed Deposit,1,1,1,1,1
C107381,Premium Banking Account,1,1,0,0,0
C107382,Term Insurance,1,1,0,0,0
C107382,Travel Credit Card,1,0,0,0,0
C107382,Investment Plan (Mutual Fund SIP),1,1,0,0,0
C107382,Fixed Deposit,1,1,0,0,0
C107382,Personal Loan,1,1,0,0,0
C107383,Personal Loan,1,0,0,0,0
C107384,Travel Credit Card,1,0,0,0,0
C107384,Fuel Credit Card,1,1,1,1,1
C107384,Home Loan,1,1,0,0,0
C107384,Recurring Deposit,1,1,0,0,0
C107384,Personal Loan,1,0,0,0,0
C107385,Fuel Credit Card,1,1,0,0,0
C107385,Fixed Deposit,1,1,1,1,1
C107385,Term Insurance,1,0,0,0,0
C107385,Travel Credit Card,1,1,0,0,0
C107385,Investment Plan (Mutual Fund SIP),1,1,0,0,0
C107386,Premium Banking Account,1,1,0,0,0
C107387,Recurring Deposit,1,1,0,0,0
C107387,Premium Banking Account,1,0,0,0,0
C107387,Premium Credit Card,1,0,0,0,0
C107387,Cashback Credit Card,1,0,0,0,0
C107387,Home Loan,1,1,0,0,0
C107388,Premium Credit Card,1,1,0,0,0
C107388,Cashback Credit Card,1,0,0,0,0
C107388,Personal Loan,1,0,0,0,0
C107388,Term Insurance,1,0,0,0,0
C107388,Travel Credit Card,1,0,0,0,0
C107389,Travel Credit Card,1,1,0,0,0
C107389,Cashback Credit Card,1,1,0,0,0
C107390,Home Loan,1,1,0,0,0
C107390,Term Insurance,1,1,0,0,0
C107390,Recurring Deposit,1,1,0,0,0
C107391,Recurring Deposit,1,1,0,0,0
C107392,Recurring Deposit,1,0,0,0,0
C107393,Investment Plan (Mutual Fund SIP),1,1,0,0,0
C107394,Premium Credit Card,1,1,0,0,0
C107394,Premium Banking Account,1,0,0,0,0
C107395,Investment Plan (Mutual Fund SIP),1,1,0,0,0
C107396,Cashback Credit Card,1,0,0,0,0
C107396,Personal Loan,1,1,0,0,0
C107396,Travel Credit Card,1,0,0,0,0
C107396,Premium Credit Card,1,0,0,0,0
C107397,Premium Credit Card,1,0,0,0,0
C107398,Home Loan,1,0,0,0,0
C107398,Cashback Credit Card,1,1,0,0,0
C107398,Premium Credit Card,1,0,0,0,0
C107398,Fuel Credit Card,1,1,0,0,0
C107398,Premium Banking Account,1,0,0,0,0
C107399,Travel Credit Card,1,0,0,0,0
C107399,Fuel Credit Card,1,1,0,0,0
C107399,Cashback Credit Card,1,1,0,0,0
C107399,Premium Credit Card,1,1,0,0,0
C107400,Premium Credit Card,1,0,0,0,0
C107400,Cashback Credit Card,1,1,0,0,0
C107400,Travel Credit Card,1,0,0,0,0
C107401,Premium Credit Card,1,0,0,0,0
C107401,Investment Plan (Mutual Fund SIP),1,0,0,0,0
C107402,Fuel Credit Card,1,0,0,0,0
C107402,Home Loan,1,1,1,1,1
C107402,Investment Plan (Mutual Fund SIP),1,1,1,0,0
C107402,Premium Credit Card,1,0,0,0,0
C107403,Term Insurance,1,1,0,0,0
C107403,Travel Credit Card,1,1,0,0,0
C107403,Fuel Credit Card,1,1,1,0,0
C107403,Personal Loan,1,1,1,1,1
C107403,Recurring Deposit,1,0,0,0,0
C107404,Cashback Credit Card,1,0,0,0,0
C107404,Premium Credit Card,1,1,1,1,0
C107404,Personal Loan,1,0,0,0,0
C107404,Home Loan,1,0,0,0,0
C107404,Travel Credit Card,1,0,0,0,0
C107405,Premium Banking Account,1,1,0,0,0
C107406,Personal Loan,1,1,1,1,1
C107406,Premium Banking Account,1,0,0,0,0
C107406,Fixed Deposit,1,1,0,0,0
C107406,Investment Plan (Mutual Fund SIP),1,0,0,0,0
C107408,Home Loan,1,1,0,0,0
C107410,Cashback Credit Card,1,0,0,0,0
C107410,Investment Plan (Mutual Fund SIP),1,1,0,0,0
C107411,Fixed Deposit,1,0,0,0,0
C107411,Recurring Deposit,1,1,0,0,0
C107412,Home Loan,1,0,0,0,0
C107412,Personal Loan,1,0,0,0,0
C107412,Term Insurance,1,0,0,0,0
C107412,Premium Banking Account,1,0,0,0,0
C107413,Recurring Deposit,1,1,0,0,0
C107413,Cashback Credit Card,1,0,0,0,0
C107414,Recurring Deposit,1,0,0,0,0
C107414,Premium Banking Account,1,0,0,0,0
C107415,Fuel Credit Card,1,0,0,0,0
C107416,Term Insurance,1,0,0,0,0
C107416,Travel Credit Card,1,0,0,0,0
C107416,Recurring Deposit,1,1,0,0,0
C107416,Fixed Deposit,1,0,0,0,0
C107417,Premium Banking Account,1,0,0,0,0
C107417,Term Insurance,1,1,0,0,0
C107418,Cashback Credit Card,1,0,0,0,0
C107418,Home Loan,1,0,0,0,0
C107418,Premium Banking Account,1,1,0,0,0
C107419,Term Insurance,1,1,0,0,0
C107419,Premium Credit Card,1,1,0,0,0
C107419,Investment Plan (Mutual Fund SIP),1,1,0,0,0
C107419,Home Loan,1,1,0,0,0
C107420,Fuel Credit Card,1,1,1,1,0
C107420,Home Loan,1,1,1,0,0
C107420,Premium Banking Account,1,0,0,0,0
C107420,Investment Plan (Mutual Fund SIP),1,1,0,0,0
C107420,Premium Credit Card,1,1,0,0,0
C107421,Cashback Credit Card,1,0,0,0,0
C107421,Personal Loan,1,0,0,0,0
C107421,Recurring Deposit,1,0,0,0,0
C107422,Investment Plan (Mutual Fund SIP),1,0,0,0,0
C107422,Premium Credit Card,1,1,0,0,0
C107422,Travel Credit Card,1,0,0,0,0
C107422,Home Loan,1,1,1,1,0
C107423,Personal Loan,1,1,0,0,0
C107423,Premium Credit Card,1,0,0,0,0
C107423,Cashback Credit Card,1,1,1,0,0
C107423,Fuel Credit Card,1,1,0,0,0
C107423,Premium Banking Account,1,1,1,0,0
C107424,Investment Plan (Mutual Fund SIP),1,0,0,0,0
C107424,Term Insurance,1,0,0,0,0
C107424,Recurring Deposit,1,0,0,0,0
C107424,Cashback Credit Card,1,1,0,0,0
C107425,Investment Plan (Mutual Fund SIP),1,0,0,0,0
C107425,Home Loan,1,1,1,1,1
C107426,Fuel Credit Card,1,1,1,0,0
C107428,Cashback Credit Card,1,1,0,0,0
C107428,Fuel Credit Card,1,1,0,0,0
C107428,Premium Credit Card,1,1,0,0,0
C107428,Premium Banking Account,1,0,0,0,0
C107429,Premium Banking Account,1,1,0,0,0
C107429,Premium Credit Card,1,1,1,1,1
C107430,Premium Banking Account,1,1,1,0,0
C107430,Premium Credit Card,1,1,0,0,0
C107431,Term Insurance,1,0,0,0,0
C107432,Premium Credit Card,1,0,0,0,0
C107432,Fuel Credit Card,1,1,1,1,1
C107432,Cashback Credit Card,1,0,0,0,0
C107432,Fixed Deposit,1,1,1,1,1
C107432,Travel Credit Card,1,0,0,0,0
C107433,Premium Banking Account,1,0,0,0,0
C107433,Premium Credit Card,1,1,1,0,0
C107433,Travel Credit Card,1,0,0,0,0
C107433,Cashback Credit Card,1,0,0,0,0
C107434,Travel Credit Card,1,1,0,0,0
C107434,Cashback Credit Card,1,0,0,0,0
C107434,Home Loan,1,1,1,1,1
C107434,Fixed Deposit,1,1,1,1,1
C107435,Fuel Credit Card,1,0,0,0,0
C107435,Term Insurance,1,1,1,1,1
C107436,Investment Plan (Mutual Fund SIP),1,1,0,0,0
C107436,Home Loan,1,1,0,0,0
C107436,Term Insurance,1,1,0,0,0
C107436,Personal Loan,1,1,1,0,0
C107436,Fuel Credit Card,1,1,1,0,0
C107437,Travel Credit Card,1,1,0,0,0
C107438,Travel Credit Card,1,1,0,0,0
C107439,Travel Credit Card,1,0,0,0,0
C107440,Term Insurance,1,1,1,0,0
C107440,Investment Plan (Mutual Fund SIP),1,0,0,0,0
C107440,Fuel Credit Card,1,0,0,0,0
C107440,Personal Loan,1,0,0,0,0
C107440,Recurring Deposit,1,1,1,0,0
C107441,Home Loan,1,0,0,0,0
C107441,Fuel Credit Card,1,1,0,0,0
C107441,Premium Banking Account,1,1,0,0,0
C107441,Travel Credit Card,1,0,0,0,0
C107442,Recurring Deposit,1,1,0,0,0
C107442,Term Insurance,1,1,0,0,0
C107442,Premium Credit Card,1,0,0,0,0
C107442,Premium Banking Account,1,1,0,0,0
C107442,Fuel Credit Card,1,1,1,0,0
C107443,Fixed Deposit,1,1,0,0,0
C107443,Premium Banking Account,1,1,0,0,0
C107444,Home Loan,1,1,0,0,0
C107444,Personal Loan,1,1,0,0,0
C107444,Cashback Credit Card,1,0,0,0,0
C107444,Travel Credit Card,1,0,0,0,0
C107445,Premium Credit Card,1,1,1,0,0
C107445,Personal Loan,1,0,0,0,0
C107445,Cashback Credit Card,1,0,0,0,0
C107446,Home Loan,1,0,0,0,0
C107446,Premium Credit Card,1,1,1,0,0
C107446,Recurring Deposit,1,1,1,0,0
C107446,Investment Plan (Mutual Fund SIP),1,1,0,0,0
C107447,Premium Banking Account,1,0,0,0,0
C107447,Investment Plan (Mutual Fund SIP),1,1,0,0,0
C107447,Term Insurance,1,0,0,0,0
C107448,Cashback Credit Card,1,0,0,0,0
C107448,Travel Credit Card,1,1,1,0,0
C107450,Investment Plan (Mutual Fund SIP),1,1,1,1,0
C107450,Term Insurance,1,1,1,1,1
C107451,Recurring Deposit,1,1,0,0,0
C107451,Travel Credit Card,1,1,0,0,0
C107451,Personal Loan,1,1,0,0,0
C107451,Fixed Deposit,1,0,0,0,0
C107452,Fixed Deposit,1,1,0,0,0
C107452,Travel Credit Card,1,0,0,0,0
C107452,Premium Credit Card,1,0,0,0,0
C107452,Fuel Credit Card,1,0,0,0,0
C107454,Investment Plan (Mutual Fund SIP),1,0,0,0,0
C107454,Travel Credit Card,1,1,0,0,0
C107454,Fixed Deposit,1,0,0,0,0
C107455,Premium Credit Card,1,0,0,0,0
C107455,Fuel Credit Card,1,0,0,0,0
C107455,Travel Credit Card,1,1,1,1,1
C107455,Personal Loan,1,1,0,0,0
C107457,Investment Plan (Mutual Fund SIP),1,0,0,0,0
C107457,Term Insurance,1,1,1,1,0
C107458,Recurring Deposit,1,0,0,0,0
C107458,Premium Banking Account,1,1,0,0,0
C107458,Fuel Credit Card,1,1,1,1,1
C107459,Fuel Credit Card,1,0,0,0,0
C107459,Fixed Deposit,1,0,0,0,0
C107460,Home Loan,1,1,0,0,0
C107461,Fuel Credit Card,1,1,1,0,0
C107462,Premium Banking Account,1,1,0,0,0
C107462,Premium Credit Card,1,1,0,0,0
C107463,Cashback Credit Card,1,1,1,1,0
C107463,Recurring Deposit,1,1,0,0,0
C107465,Premium Banking Account,1,1,0,0,0
C107465,Premium Credit Card,1,0,0,0,0
C107465,Recurring Deposit,1,1,0,0,0
C107465,Travel Credit Card,1,0,0,0,0
C107466,Premium Credit Card,1,1,0,0,0
C107466,Cashback Credit Card,1,1,1,1,0
C107466,Travel Credit Card,1,1,0,0,0
C107467,Premium Banking Account,1,1,0,0,0
C107467,Fuel Credit Card,1,1,0,0,0
C107467,Premium Credit Card,1,1,1,1,1
C107467,Term Insurance,1,1,1,1,1
C107469,Personal Loan,1,1,0,0,0
C107469,Premium Banking Account,1,0,0,0,0
C107469,Premium Credit Card,1,1,1,1,1
C107469,Recurring Deposit,1,0,0,0,0
C107469,Fuel Credit Card,1,1,1,0,0
C107470,Investment Plan (Mutual Fund SIP),1,0,0,0,0
C107470,Fixed Deposit,1,0,0,0,0
C107470,Term Insurance,1,1,0,0,0
C107470,Fuel Credit Card,1,0,0,0,0
C107471,Fixed Deposit,1,1,0,0,0
C107471,Personal Loan,1,1,1,1,1
C107471,Travel Credit Card,1,0,0,0,0
C107471,Premium Credit Card,1,0,0,0,0
C107472,Premium Credit Card,1,0,0,0,0
C107472,Fixed Deposit,1,0,0,0,0
C107472,Home Loan,1,1,0,0,0
C107473,Cashback Credit Card,1,1,0,0,0
C107473,Home Loan,1,1,0,0,0
C107474,Premium Banking Account,1,0,0,0,0
C107474,Cashback Credit Card,1,0,0,0,0
C107475,Premium Banking Account,1,1,0,0,0
C107475,Premium Credit Card,1,0,0,0,0
C107476,Investment Plan (Mutual Fund SIP),1,1,0,0,0
C107476,Travel Credit Card,1,0,0,0,0
C107476,Home Loan,1,1,0,0,0
C107477,Investment Plan (Mutual Fund SIP),1,1,0,0,0
C107478,Investment Plan (Mutual Fund SIP),1,1,1,1,1
C107478,Travel Credit Card,1,1,1,1,1
C107478,Fuel Credit Card,1,1,0,0,0
C107479,Premium Banking Account,1,1,1,1,1
C107479,Fuel Credit Card,1,1,0,0,0
C107479,Personal Loan,1,0,0,0,0
C107480,Personal Loan,1,1,0,0,0
C107480,Investment Plan (Mutual Fund SIP),1,1,1,1,1
C107481,Recurring Deposit,1,0,0,0,0
C107481,Travel Credit Card,1,0,0,0,0
C107481,Premium Banking Account,1,0,0,0,0
C107481,Premium Credit Card,1,1,1,1,1
C107481,Home Loan,1,1,1,1,1
C107482,Premium Banking Account,1,0,0,0,0
C107482,Fixed Deposit,1,1,0,0,0
C107482,Investment Plan (Mutual Fund SIP),1,0,0,0,0
C107482,Premium Credit Card,1,1,0,0,0
C107484,Home Loan,1,1,0,0,0
C107484,Fixed Deposit,1,0,0,0,0
C107484,Premium Credit Card,1,0,0,0,0
C107484,Recurring Deposit,1,0,0,0,0
C107485,Premium Banking Account,1,0,0,0,0
C107485,Recurring Deposit,1,0,0,0,0
C107485,Fuel Credit Card,1,0,0,0,0
C107485,Travel Credit Card,1,1,1,0,0
C107486,Investment Plan (Mutual Fund SIP),1,1,1,1,0
C107486,Recurring Deposit,1,1,0,0,0
C107487,Fixed Deposit,1,0,0,0,0
C107487,Cashback Credit Card,1,0,0,0,0
C107487,Term Insurance,1,0,0,0,0
C107488,Recurring Deposit,1,1,0,0,0
C107488,Personal Loan,1,0,0,0,0
C107488,Term Insurance,1,1,0,0,0
C107489,Investment Plan (Mutual Fund SIP),1,0,0,0,0
C107489,Cashback Credit Card,1,0,0,0,0
C107489,Fixed Deposit,1,0,0,0,0
C107489,Premium Banking Account,1,0,0,0,0
C107491,Fuel Credit Card,1,0,0,0,0
C107491,Personal Loan,1,0,0,0,0
C107491,Travel Credit Card,1,1,0,0,0
C107491,Premium Credit Card,1,0,0,0,0
C107492,Cashback Credit Card,1,1,0,0,0
C107492,Fuel Credit Card,1,1,0,0,0
C107493,Premium Banking Account,1,0,0,0,0
C107493,Fixed Deposit,1,1,0,0,0
C107494,Fixed Deposit,1,0,0,0,0
C107494,Recurring Deposit,1,0,0,0,0
C107496,Home Loan,1,1,1,1,0
C107496,Cashback Credit Card,1,0,0,0,0
C107496,Term Insurance,1,1,0,0,0
C107497,Term Insurance,1,0,0,0,0
C107497,Premium Banking Account,1,1,0,0,0
C107498,Fixed Deposit,1,0,0,0,0
C107498,Fuel Credit Card,1,0,0,0,0
C107498,Investment Plan (Mutual Fund SIP),1,0,0,0,0
C107499,Personal Loan,1,0,0,0,0
C107499,Term Insurance,1,1,0,0,0
C107499,Travel Credit Card,1,1,0,0,0
C107500,Term Insurance,1,1,0,0,0
C107500,Cashback Credit Card,1,0,0,0,0
C107500,Travel Credit Card,1,0,0,0,0
C107500,Personal Loan,1,1,1,1,1
C107501,Fuel Credit Card,1,0,0,0,0
C107501,Investment Plan (Mutual Fund SIP),1,0,0,0,0
C107501,Fixed Deposit,1,0,0,0,0
C107501,Premium Banking Account,1,1,0,0,0
C107501,Home Loan,1,0,0,0,0
C107502,Fixed Deposit,1,1,0,0,0
C107502,Personal Loan,1,1,0,0,0
C107503,Premium Credit Card,1,0,0,0,0
C107504,Premium Credit Card,1,1,1,1,1
C107504,Fixed Deposit,1,0,0,0,0
C107504,Fuel Credit Card,1,0,0,0,0
C107504,Home Loan,1,1,1,1,1
C107505,Fixed Deposit,1,1,0,0,0
C107505,Premium Banking Account,1,0,0,0,0
C107506,Cashback Credit Card,1,1,0,0,0
C107506,Travel Credit Card,1,0,0,0,0
C107506,Fixed Deposit,1,1,0,0,0
C107507,Fuel Credit Card,1,0,0,0,0
C107507,Travel Credit Card,1,1,1,1,1
C107508,Fuel Credit Card,1,0,0,0,0
C107508,Investment Plan (Mutual Fund SIP),1,1,0,0,0
C107508,Recurring Deposit,1,1,0,0,0
C107508,Term Insurance,1,1,0,0,0
C107509,Travel Credit Card,1,1,0,0,0
C107509,Cashback Credit Card,1,1,1,1,1
C107509,Fuel Credit Card,1,1,0,0,0
C107509,Term Insurance,1,1,0,0,0
C107509,Premium Banking Account,1,1,0,0,0
C107510,Fixed Deposit,1,1,0,0,0
C107510,Term Insurance,1,0,0,0,0
C107510,Home Loan,1,0,0,0,0
C107510,Personal Loan,1,0,0,0,0
C107510,Recurring Deposit,1,1,0,0,0
C107511,Fixed Deposit,1,1,1,1,1
C107511,Travel Credit Card,1,0,0,0,0
C107511,Fuel Credit Card,1,0,0,0,0
C107513,Personal Loan,1,1,0,0,0
C107514,Recurring Deposit,1,1,1,1,1
C107514,Term Insurance,1,0,0,0,0
C107514,Premium Banking Account,1,0,0,0,0
C107514,Premium Credit Card,1,0,0,0,0
C107515,Fuel Credit Card,1,1,0,0,0
C107515,Premium Banking Account,1,0,0,0,0
C107515,Investment Plan (Mutual Fund SIP),1,0,0,0,0
C107515,Cashback Credit Card,1,0,0,0,0
C107515,Personal Loan,1,1,0,0,0
C107516,Travel Credit Card,1,1,1,1,0
C107519,Investment Plan (Mutual Fund SIP),1,0,0,0,0
C107519,Recurring Deposit,1,0,0,0,0
C107520,Investment Plan (Mutual Fund SIP),1,1,0,0,0
C107520,Fixed Deposit,1,0,0,0,0
C107520,Home Loan,1,0,0,0,0
C107520,Recurring Deposit,1,0,0,0,0
C107520,Travel Credit Card,1,1,0,0,0
C107523,Home Loan,1,0,0,0,0
C107523,Personal Loan,1,1,0,0,0
C107523,Term Insurance,1,1,0,0,0
C107523,Travel Credit Card,1,1,1,1,1
C107523,Premium Credit Card,1,0,0,0,0
C107524,Personal Loan,1,0,0,0,0
C107526,Cashback Credit Card,1,0,0,0,0
C107526,Premium Credit Card,1,1,0,0,0
C107526,Home Loan,1,1,1,0,0
C107526,Recurring Deposit,1,1,0,0,0
C107526,Fuel Credit Card,1,0,0,0,0
C107528,Travel Credit Card,1,1,0,0,0
C107528,Fixed Deposit,1,1,0,0,0
C107529,Premium Credit Card,1,1,1,1,1
C107529,Investment Plan (Mutual Fund SIP),1,1,0,0,0
C107529,Personal Loan,1,1,0,0,0
C107530,Investment Plan (Mutual Fund SIP),1,1,0,0,0
C107530,Recurring Deposit,1,1,1,1,1
C107530,Premium Banking Account,1,1,0,0,0
C107531,Premium Credit Card,1,0,0,0,0
C107531,Cashback Credit Card,1,1,0,0,0
C107531,Fixed Deposit,1,1,1,0,0
C107531,Home Loan,1,0,0,0,0
C107532,Personal Loan,1,0,0,0,0
C107532,Investment Plan (Mutual Fund SIP),1,1,0,0,0
C107533,Home Loan,1,0,0,0,0
C107533,Recurring Deposit,1,1,0,0,0
C107533,Investment Plan (Mutual Fund SIP),1,1,0,0,0
C107533,Premium Banking Account,1,0,0,0,0
C107533,Term Insurance,1,1,1,1,1
C107534,Cashback Credit Card,1,0,0,0,0
C107534,Personal Loan,1,0,0,0,0
C107534,Travel Credit Card,1,1,0,0,0
C107534,Term Insurance,1,1,0,0,0
C107535,Fuel Credit Card,1,0,0,0,0
C107535,Recurring Deposit,1,1,0,0,0
C107535,Fixed Deposit,1,1,1,0,0
C107536,Premium Credit Card,1,1,0,0,0
C107536,Investment Plan (Mutual Fund SIP),1,0,0,0,0
C107536,Fuel Credit Card,1,1,0,0,0
C107536,Travel Credit Card,1,1,0,0,0
C107536,Home Loan,1,0,0,0,0
C107537,Travel Credit Card,1,1,1,1,1
C107537,Term Insurance,1,1,1,1,1
C107537,Investment Plan (Mutual Fund SIP),1,1,1,1,1
C107537,Personal Loan,1,0,0,0,0
C107538,Personal Loan,1,0,0,0,0
C107538,Travel Credit Card,1,0,0,0,0
C107538,Cashback Credit Card,1,0,0,0,0
C107538,Home Loan,1,1,0,0,0
C107538,Term Insurance,1,0,0,0,0
C107539,Investment Plan (Mutual Fund SIP),1,0,0,0,0
C107539,Cashback Credit Card,1,1,0,0,0
C107540,Cashback Credit Card,1,0,0,0,0
C107540,Premium Credit Card,1,1,0,0,0
C107541,Premium Banking Account,1,1,1,1,1
C107541,Recurring Deposit,1,0,0,0,0
C107541,Personal Loan,1,0,0,0,0
C107543,Premium Banking Account,1,0,0,0,0
C107545,Personal Loan,1,0,0,0,0
C107545,Fuel Credit Card,1,0,0,0,0
C107546,Personal Loan,1,1,0,0,0
C107546,Fixed Deposit,1,1,0,0,0
C107547,Premium Banking Account,1,1,0,0,0
C107547,Home Loan,1,0,0,0,0
C107548,Travel Credit Card,1,0,0,0,0
C107548,Recurring Deposit,1,1,0,0,0
C107548,Personal Loan,1,0,0,0,0
C107548,Fixed Deposit,1,1,0,0,0
C107549,Premium Banking Account,1,0,0,0,0
C107550,Recurring Deposit,1,0,0,0,0
C107550,Premium Banking Account,1,0,0,0,0
C107550,Premium Credit Card,1,1,1,1,1
C107550,Investment Plan (Mutual Fund SIP),1,1,0,0,0
C107552,Home Loan,1,1,1,0,0
C107552,Term Insurance,1,0,0,0,0
C107552,Fuel Credit Card,1,0,0,0,0
C107553,Cashback Credit Card,1,0,0,0,0
C107554,Premium Banking Account,1,0,0,0,0
C107557,Premium Credit Card,1,1,1,0,0
C107558,Home Loan,1,1,0,0,0
C107558,Term Insurance,1,0,0,0,0
C107559,Premium Banking Account,1,1,0,0,0
C107559,Recurring Deposit,1,1,0,0,0
C107561,Personal Loan,1,1,1,1,1
C107561,Travel Credit Card,1,0,0,0,0
C107562,Travel Credit Card,1,1,1,0,0
C107562,Home Loan,1,0,0,0,0
C107562,Fuel Credit Card,1,1,1,0,0
C107562,Personal Loan,1,1,0,0,0
C107562,Fixed Deposit,1,1,0,0,0
C107564,Personal Loan,1,1,1,1,1
C107564,Cashback Credit Card,1,1,0,0,0
C107564,Fuel Credit Card,1,1,1,1,1
C107565,Home Loan,1,0,0,0,0
C107565,Recurring Deposit,1,1,1,1,0
C107565,Term Insurance,1,0,0,0,0
C107566,Home Loan,1,0,0,0,0
C107566,Premium Banking Account,1,1,0,0,0
C107566,Personal Loan,1,1,0,0,0
C107567,Premium Credit Card,1,1,0,0,0
C107567,Premium Banking Account,1,1,0,0,0
C107567,Recurring Deposit,1,1,1,1,1
C107569,Term Insurance,1,0,0,0,0
C107569,Home Loan,1,0,0,0,0
C107570,Cashback Credit Card,1,0,0,0,0
C107570,Home Loan,1,1,0,0,0
C107570,Recurring Deposit,1,1,1,0,0
C107570,Premium Banking Account,1,1,0,0,0
C107570,Fuel Credit Card,1,0,0,0,0
C107571,Recurring Deposit,1,0,0,0,0
C107571,Term Insurance,1,0,0,0,0
C107571,Fuel Credit Card,1,0,0,0,0
C107573,Fuel Credit Card,1,0,0,0,0
C107573,Travel Credit Card,1,0,0,0,0
C107573,Cashback Credit Card,1,1,0,0,0
C107574,Recurring Deposit,1,1,0,0,0
C107575,Investment Plan (Mutual Fund SIP),1,0,0,0,0
C107575,Personal Loan,1,0,0,0,0
C107575,Fuel Credit Card,1,1,1,1,1
C107575,Travel Credit Card,1,0,0,0,0
C107576,Home Loan,1,0,0,0,0
C107576,Premium Credit Card,1,1,0,0,0
C107577,Cashback Credit Card,1,1,1,0,0
C107577,Term Insurance,1,0,0,0,0
C107577,Home Loan,1,1,0,0,0
C107577,Premium Credit Card,1,0,0,0,0
C107578,Home Loan,1,0,0,0,0
C107578,Fuel Credit Card,1,0,0,0,0
C107579,Travel Credit Card,1,0,0,0,0
C107579,Fixed Deposit,1,1,0,0,0
C107580,Term Insurance,1,1,0,0,0
C107581,Investment Plan (Mutual Fund SIP),1,1,1,1,1
C107581,Cashback Credit Card,1,0,0,0,0
C107581,Premium Credit Card,1,1,0,0,0
C107581,Home Loan,1,1,0,0,0
C107583,Home Loan,1,1,1,1,1
C107584,Cashback Credit Card,1,1,0,0,0
C107584,Investment Plan (Mutual Fund SIP),1,1,0,0,0
C107584,Travel Credit Card,1,1,0,0,0
C107584,Fuel Credit Card,1,0,0,0,0
C107584,Premium Credit Card,1,1,0,0,0
C107585,Travel Credit Card,1,0,0,0,0
C107585,Term Insurance,1,0,0,0,0
C107585,Premium Credit Card,1,0,0,0,0
C107585,Investment Plan (Mutual Fund SIP),1,0,0,0,0
C107587,Fuel Credit Card,1,1,1,1,1
C107587,Term Insurance,1,0,0,0,0
C107587,Recurring Deposit,1,0,0,0,0
C107589,Term Insurance,1,1,0,0,0
C107590,Fixed Deposit,1,1,0,0,0
C107590,Fuel Credit Card,1,0,0,0,0
C107590,Investment Plan (Mutual Fund SIP),1,0,0,0,0
C107590,Home Loan,1,1,0,0,0
C107591,Term Insurance,1,0,0,0,0
C107591,Premium Credit Card,1,1,1,0,0
C107592,Home Loan,1,1,0,0,0
C107592,Term Insurance,1,0,0,0,0
C107592,Fixed Deposit,1,1,0,0,0
C107592,Travel Credit Card,1,1,1,1,1
C107593,Premium Banking Account,1,1,1,1,1
C107593,Recurring Deposit,1,1,0,0,0
C107593,Travel Credit Card,1,1,0,0,0
C107594,Premium Credit Card,1,1,0,0,0
C107594,Home Loan,1,1,0,0,0
C107595,Recurring Deposit,1,1,1,1,1
C107595,Home Loan,1,0,0,0,0
C107595,Investment Plan (Mutual Fund SIP),1,0,0,0,0
C107595,Premium Credit Card,1,0,0,0,0
C107595,Fixed Deposit,1,0,0,0,0
C107596,Recurring Deposit,1,0,0,0,0
C107596,Home Loan,1,1,0,0,0
C107596,Cashback Credit Card,1,1,1,0,0
C107596,Premium Banking Account,1,0,0,0,0
C107597,Fixed Deposit,1,1,0,0,0
C107597,Premium Credit Card,1,0,0,0,0
C107597,Investment Plan (Mutual Fund SIP),1,1,0,0,0
C107597,Term Insurance,1,0,0,0,0
C107598,Cashback Credit Card,1,0,0,0,0
C107598,Recurring Deposit,1,0,0,0,0
C107598,Travel Credit Card,1,1,0,0,0
C107600,Premium Credit Card,1,1,0,0,0
C107600,Cashback Credit Card,1,0,0,0,0
C107600,Travel Credit Card,1,0,0,0,0
C107601,Fixed Deposit,1,0,0,0,0
C107601,Term Insurance,1,1,0,0,0
C107602,Home Loan,1,1,0,0,0
C107602,Investment Plan (Mutual Fund SIP),1,0,0,0,0
C107602,Fuel Credit Card,1,1,0,0,0
C107602,Fixed Deposit,1,1,0,0,0
C107602,Premium Credit Card,1,0,0,0,0
C107603,Premium Banking Account,1,0,0,0,0
C107604,Fixed Deposit,1,1,0,0,0
C107604,Premium Banking Account,1,1,0,0,0
C107605,Home Loan,1,0,0,0,0
C107605,Fuel Credit Card,1,0,0,0,0
C107605,Premium Banking Account,1,0,0,0,0
C107606,Fixed Deposit,1,0,0,0,0
C107606,Fuel Credit Card,1,0,0,0,0
C107606,Cashback Credit Card,1,1,0,0,0
C107607,Recurring Deposit,1,1,0,0,0
C107607,Premium Banking Account,1,0,0,0,0
C107607,Investment Plan (Mutual Fund SIP),1,0,0,0,0
C107607,Term Insurance,1,1,0,0,0
C107608,Investment Plan (Mutual Fund SIP),1,1,0,0,0
C107608,Fuel Credit Card,1,1,0,0,0
C107609,Home Loan,1,0,0,0,0
C107609,Travel Credit Card,1,0,0,0,0
C107609,Personal Loan,1,1,1,1,1
C107609,Cashback Credit Card,1,1,1,0,0
C107609,Investment Plan (Mutual Fund SIP),1,0,0,0,0
C107610,Premium Credit Card,1,1,1,1,1
C107610,Fixed Deposit,1,0,0,0,0
C107610,Investment Plan (Mutual Fund SIP),1,0,0,0,0
C107610,Fuel Credit Card,1,1,1,1,1
C107610,Recurring Deposit,1,1,1,1,1
C107611,Term Insurance,1,1,0,0,0
C107611,Cashback Credit Card,1,0,0,0,0
C107611,Fixed Deposit,1,1,0,0,0
C107611,Investment Plan (Mutual Fund SIP),1,1,0,0,0
C107611,Home Loan,1,1,0,0,0
C107613,Cashback Credit Card,1,0,0,0,0
C107613,Recurring Deposit,1,1,1,1,0
C107613,Fuel Credit Card,1,0,0,0,0
C107613,Travel Credit Card,1,1,0,0,0
C107615,Fixed Deposit,1,0,0,0,0
C107615,Fuel Credit Card,1,1,0,0,0
C107616,Home Loan,1,0,0,0,0
C107617,Fixed Deposit,1,0,0,0,0
C107617,Cashback Credit Card,1,1,1,0,0
C107617,Term Insurance,1,1,0,0,0
C107618,Term Insurance,1,0,0,0,0
C107618,Personal Loan,1,0,0,0,0
C107618,Premium Banking Account,1,0,0,0,0
C107618,Cashback Credit Card,1,0,0,0,0
C107618,Home Loan,1,0,0,0,0
C107619,Term Insurance,1,0,0,0,0
C107619,Investment Plan (Mutual Fund SIP),1,1,1,1,1
C107619,Fuel Credit Card,1,0,0,0,0
C107619,Home Loan,1,0,0,0,0
C107619,Fixed Deposit,1,0,0,0,0
C107620,Personal Loan,1,0,0,0,0
C107620,Cashback Credit Card,1,0,0,0,0
C107620,Home Loan,1,1,0,0,0
C107620,Term Insurance,1,1,0,0,0
C107620,Travel Credit Card,1,1,1,1,1
C107621,Fixed Deposit,1,0,0,0,0
C107621,Cashback Credit Card,1,0,0,0,0
C107621,Premium Banking Account,1,0,0,0,0
C107621,Recurring Deposit,1,1,1,1,1
C107621,Investment Plan (Mutual Fund SIP),1,1,0,0,0
C107622,Recurring Deposit,1,1,0,0,0
C107623,Premium Banking Account,1,0,0,0,0
C107623,Personal Loan,1,1,0,0,0
C107623,Investment Plan (Mutual Fund SIP),1,0,0,0,0
C107623,Recurring Deposit,1,1,0,0,0
C107624,Cashback Credit Card,1,0,0,0,0
C107624,Recurring Deposit,1,1,1,1,1
C107624,Premium Credit Card,1,1,0,0,0
C107624,Home Loan,1,1,1,0,0
C107624,Personal Loan,1,0,0,0,0
C107626,Cashback Credit Card,1,1,1,1,1
C107626,Home Loan,1,1,1,0,0
C107626,Personal Loan,1,1,1,1,1
C107628,Personal Loan,1,1,0,0,0
C107629,Recurring Deposit,1,1,0,0,0
C107629,Term Insurance,1,0,0,0,0
C107630,Fuel Credit Card,1,1,0,0,0
C107630,Term Insurance,1,0,0,0,0
C107632,Recurring Deposit,1,1,1,1,0
C107632,Term Insurance,1,0,0,0,0
C107632,Cashback Credit Card,1,1,0,0,0
C107632,Travel Credit Card,1,1,1,1,1
C107633,Term Insurance,1,0,0,0,0
C107633,Recurring Deposit,1,1,0,0,0
C107634,Personal Loan,1,1,0,0,0
C107634,Fixed Deposit,1,0,0,0,0
C107634,Investment Plan (Mutual Fund SIP),1,1,1,1,1
C107634,Home Loan,1,0,0,0,0
C107636,Premium Credit Card,1,1,0,0,0
C107636,Fixed Deposit,1,0,0,0,0
C107637,Home Loan,1,0,0,0,0
C107638,Fixed Deposit,1,0,0,0,0
C107638,Fuel Credit Card,1,1,1,1,1
C107638,Personal Loan,1,0,0,0,0
C107639,Investment Plan (Mutual Fund SIP),1,1,1,1,1
C107639,Premium Banking Account,1,0,0,0,0
C107639,Fuel Credit Card,1,0,0,0,0
C107640,Travel Credit Card,1,0,0,0,0
C107640,Investment Plan (Mutual Fund SIP),1,1,1,1,1
C107641,Travel Credit Card,1,1,0,0,0
C107641,Home Loan,1,1,1,1,0
C107642,Home Loan,1,1,1,0,0
C107642,Fuel Credit Card,1,0,0,0,0
C107642,Cashback Credit Card,1,1,0,0,0
C107642,Personal Loan,1,1,1,1,1
C107642,Premium Credit Card,1,1,0,0,0
C107643,Investment Plan (Mutual Fund SIP),1,1,1,1,1
C107643,Cashback Credit Card,1,0,0,0,0
C107643,Term Insurance,1,0,0,0,0
C107643,Fixed Deposit,1,1,0,0,0
C107644,Investment Plan (Mutual Fund SIP),1,1,0,0,0
C107645,Fuel Credit Card,1,0,0,0,0
C107645,Home Loan,1,0,0,0,0
C107646,Fuel Credit Card,1,1,1,1,1
C107646,Home Loan,1,1,0,0,0
C107646,Recurring Deposit,1,1,1,0,0
C107646,Term Insurance,1,1,1,0,0
C107647,Fuel Credit Card,1,1,1,0,0
C107647,Recurring Deposit,1,0,0,0,0
C107648,Recurring Deposit,1,0,0,0,0
C107648,Fixed Deposit,1,1,0,0,0
C107648,Travel Credit Card,1,1,1,1,1
C107648,Personal Loan,1,0,0,0,0
C107649,Premium Banking Account,1,1,1,1,0
C107649,Fixed Deposit,1,0,0,0,0
C107649,Recurring Deposit,1,0,0,0,0
C107650,Fixed Deposit,1,0,0,0,0
C107650,Recurring Deposit,1,1,1,0,0
C107650,Fuel Credit Card,1,0,0,0,0
C107652,Travel Credit Card,1,0,0,0,0
C107652,Term Insurance,1,0,0,0,0
C107652,Premium Banking Account,1,0,0,0,0
C107652,Cashback Credit Card,1,1,0,0,0
C107652,Recurring Deposit,1,1,1,1,1
C107653,Term Insurance,1,0,0,0,0
C107653,Fixed Deposit,1,0,0,0,0
C107653,Cashback Credit Card,1,1,0,0,0
C107653,Travel Credit Card,1,1,0,0,0
C107655,Recurring Deposit,1,0,0,0,0
C107655,Fixed Deposit,1,1,0,0,0
C107655,Term Insurance,1,1,0,0,0
C107656,Investment Plan (Mutual Fund SIP),1,1,1,1,1
C107656,Fuel Credit Card,1,1,0,0,0
C107656,Personal Loan,1,0,0,0,0
C107656,Premium Banking Account,1,0,0,0,0
C107659,Fuel Credit Card,1,0,0,0,0
C107659,Premium Banking Account,1,0,0,0,0
C107659,Recurring Deposit,1,0,0,0,0
C107659,Fixed Deposit,1,1,1,1,1
C107660,Term Insurance,1,1,1,0,0
C107662,Home Loan,1,1,0,0,0
C107662,Fixed Deposit,1,1,0,0,0
C107664,Fixed Deposit,1,1,0,0,0
C107664,Investment Plan (Mutual Fund SIP),1,0,0,0,0
C107664,Premium Banking Account,1,1,0,0,0
C107665,Premium Banking Account,1,1,1,1,1
C107665,Premium Credit Card,1,0,0,0,0
C107665,Investment Plan (Mutual Fund SIP),1,1,1,1,1
C107665,Fuel Credit Card,1,0,0,0,0
C107666,Term Insurance,1,1,1,0,0
C107668,Premium Banking Account,1,1,1,0,0
C107669,Recurring Deposit,1,0,0,0,0
C107669,Premium Banking Account,1,1,0,0,0
C107669,Cashback Credit Card,1,1,1,1,1
C107669,Personal Loan,1,1,0,0,0
C107670,Recurring Deposit,1,0,0,0,0
C107670,Premium Credit Card,1,1,0,0,0
C107670,Travel Credit Card,1,1,0,0,0
C107670,Fuel Credit Card,1,0,0,0,0
C107670,Personal Loan,1,1,1,0,0
C107671,Premium Banking Account,1,1,1,1,1
C107671,Travel Credit Card,1,0,0,0,0
C107671,Investment Plan (Mutual Fund SIP),1,1,0,0,0
C107671,Fuel Credit Card,1,1,0,0,0
C107671,Premium Credit Card,1,0,0,0,0
C107673,Cashback Credit Card,1,0,0,0,0
C107675,Premium Banking Account,1,0,0,0,0
C107675,Cashback Credit Card,1,0,0,0,0
C107676,Personal Loan,1,0,0,0,0
C107676,Investment Plan (Mutual Fund SIP),1,0,0,0,0
C107676,Recurring Deposit,1,1,0,0,0
C107676,Home Loan,1,0,0,0,0
C107677,Premium Banking Account,1,1,0,0,0
C107677,Fuel Credit Card,1,1,1,1,0
C107678,Cashback Credit Card,1,1,0,0,0
C107678,Personal Loan,1,1,0,0,0
C107678,Term Insurance,1,1,0,0,0
C107678,Home Loan,1,1,1,1,0
C107679,Premium Banking Account,1,1,1,0,0
C107679,Fixed Deposit,1,1,1,0,0
C107679,Term Insurance,1,1,0,0,0
C107679,Premium Credit Card,1,0,0,0,0
C107680,Term Insurance,1,0,0,0,0
C107680,Home Loan,1,1,0,0,0
C107680,Fuel Credit Card,1,0,0,0,0
C107680,Fixed Deposit,1,0,0,0,0
C107681,Travel Credit Card,1,1,1,0,0
C107682,Personal Loan,1,1,0,0,0
C107683,Fuel Credit Card,1,1,0,0,0
C107684,Term Insurance,1,1,0,0,0
C107684,Premium Credit Card,1,0,0,0,0
C107684,Personal Loan,1,1,0,0,0
C107685,Fuel Credit Card,1,1,1,1,1
C107685,Cashback Credit Card,1,1,0,0,0
C107686,Home Loan,1,0,0,0,0
C107686,Cashback Credit Card,1,1,1,1,1
C107686,Recurring Deposit,1,1,0,0,0
C107686,Travel Credit Card,1,1,0,0,0
C107686,Fixed Deposit,1,0,0,0,0
C107687,Cashback Credit Card,1,1,0,0,0
C107688,Premium Banking Account,1,0,0,0,0
C107688,Term Insurance,1,1,1,0,0
C107689,Fixed Deposit,1,0,0,0,0
C107689,Cashback Credit Card,1,0,0,0,0
C107689,Recurring Deposit,1,0,0,0,0
C107690,Home Loan,1,0,0,0,0
C107690,Personal Loan,1,1,0,0,0
C107691,Premium Credit Card,1,0,0,0,0
C107691,Home Loan,1,0,0,0,0
C107691,Term Insurance,1,1,1,1,1
C107691,Investment Plan (Mutual Fund SIP),1,0,0,0,0
C107691,Personal Loan,1,1,0,0,0
C107692,Premium Banking Account,1,0,0,0,0
C107692,Investment Plan (Mutual Fund SIP),1,1,0,0,0
C107692,Term Insurance,1,0,0,0,0
C107692,Recurring Deposit,1,0,0,0,0
C107693,Travel Credit Card,1,1,0,0,0
C107693,Fixed Deposit,1,1,0,0,0
C107693,Recurring Deposit,1,0,0,0,0
C107693,Premium Banking Account,1,1,0,0,0
C107693,Fuel Credit Card,1,1,0,0,0
C107694,Fixed Deposit,1,0,0,0,0
C107694,Investment Plan (Mutual Fund SIP),1,1,1,1,0
C107695,Fuel Credit Card,1,0,0,0,0
C107695,Premium Banking Account,1,1,0,0,0
C107695,Recurring Deposit,1,0,0,0,0
C107696,Cashback Credit Card,1,0,0,0,0
C107696,Travel Credit Card,1,0,0,0,0
C107696,Fixed Deposit,1,0,0,0,0
C107697,Recurring Deposit,1,1,0,0,0
C107697,Fuel Credit Card,1,1,0,0,0
C107697,Travel Credit Card,1,1,0,0,0
C107697,Investment Plan (Mutual Fund SIP),1,1,0,0,0
C107697,Term Insurance,1,0,0,0,0
C107698,Travel Credit Card,1,1,1,0,0
C107698,Premium Banking Account,1,0,0,0,0
C107699,Personal Loan,1,1,0,0,0
C107699,Home Loan,1,0,0,0,0
C107699,Investment Plan (Mutual Fund SIP),1,1,0,0,0
C107700,Cashback Credit Card,1,0,0,0,0
C107701,Premium Credit Card,1,0,0,0,0
C107701,Term Insurance,1,0,0,0,0
C107702,Premium Credit Card,1,0,0,0,0
C107702,Premium Banking Account,1,1,1,1,1
C107702,Fuel Credit Card,1,0,0,0,0
C107703,Premium Credit Card,1,0,0,0,0
C107703,Recurring Deposit,1,0,0,0,0
C107703,Fixed Deposit,1,1,0,0,0
C107704,Recurring Deposit,1,1,0,0,0
C107704,Personal Loan,1,0,0,0,0
C107704,Investment Plan (Mutual Fund SIP),1,0,0,0,0
C107705,Recurring Deposit,1,1,0,0,0
C107707,Home Loan,1,1,1,1,1
C107707,Cashback Credit Card,1,0,0,0,0
C107709,Investment Plan (Mutual Fund SIP),1,1,0,0,0
C107709,Premium Banking Account,1,0,0,0,0
C107710,Fuel Credit Card,1,1,0,0,0
C107710,Personal Loan,1,0,0,0,0
C107710,Fixed Deposit,1,1,1,1,1
C107710,Premium Banking Account,1,1,0,0,0
C107710,Home Loan,1,1,0,0,0
C107711,Home Loan,1,1,0,0,0
C107711,Travel Credit Card,1,0,0,0,0
C107711,Recurring Deposit,1,1,0,0,0
C107711,Personal Loan,1,0,0,0,0
C107712,Fuel Credit Card,1,0,0,0,0
C107712,Travel Credit Card,1,1,0,0,0
C107712,Personal Loan,1,0,0,0,0
C107713,Travel Credit Card,1,0,0,0,0
C107715,Premium Banking Account,1,1,0,0,0
C107715,Recurring Deposit,1,1,0,0,0
C107715,Fuel Credit Card,1,1,0,0,0
C107715,Premium Credit Card,1,1,1,0,0
C107716,Fuel Credit Card,1,0,0,0,0
C107716,Premium Banking Account,1,0,0,0,0
C107717,Fuel Credit Card,1,1,1,1,0
C107717,Premium Banking Account,1,1,0,0,0
C107717,Fixed Deposit,1,1,0,0,0
C107717,Investment Plan (Mutual Fund SIP),1,0,0,0,0
C107718,Travel Credit Card,1,0,0,0,0
C107718,Fixed Deposit,1,0,0,0,0
C107718,Fuel Credit Card,1,1,0,0,0
C107720,Recurring Deposit,1,0,0,0,0
C107720,Home Loan,1,1,1,1,1
C107720,Personal Loan,1,0,0,0,0
C107720,Travel Credit Card,1,1,0,0,0
C107721,Premium Banking Account,1,0,0,0,0
C107721,Investment Plan (Mutual Fund SIP),1,1,0,0,0
C107721,Premium Credit Card,1,0,0,0,0
C107721,Home Loan,1,0,0,0,0
C107723,Investment Plan (Mutual Fund SIP),1,1,1,0,0
C107723,Fixed Deposit,1,0,0,0,0
C107723,Travel Credit Card,1,0,0,0,0
C107723,Recurring Deposit,1,0,0,0,0
C107724,Investment Plan (Mutual Fund SIP),1,0,0,0,0
C107724,Home Loan,1,0,0,0,0
C107724,Cashback Credit Card,1,1,0,0,0
C107724,Recurring Deposit,1,0,0,0,0
C107724,Premium Banking Account,1,1,0,0,0
C107725,Term Insurance,1,1,1,1,1
C107726,Recurring Deposit,1,0,0,0,0
C107727,Personal Loan,1,1,0,0,0
C107727,Investment Plan (Mutual Fund SIP),1,0,0,0,0
C107727,Recurring Deposit,1,0,0,0,0
C107727,Term Insurance,1,0,0,0,0
C107727,Fuel Credit Card,1,1,0,0,0
C107728,Investment Plan (Mutual Fund SIP),1,1,0,0,0
C107729,Recurring Deposit,1,1,0,0,0
C107729,Fuel Credit Card,1,1,0,0,0
C107730,Recurring Deposit,1,1,0,0,0
C107731,Recurring Deposit,1,0,0,0,0
C107731,Premium Credit Card,1,0,0,0,0
C107731,Cashback Credit Card,1,1,0,0,0
C107731,Fuel Credit Card,1,1,0,0,0
C107733,Fixed Deposit,1,1,1,0,0
C107733,Term Insurance,1,1,1,1,1
C107734,Fixed Deposit,1,0,0,0,0
C107734,Travel Credit Card,1,0,0,0,0
C107735,Travel Credit Card,1,1,0,0,0
C107736,Fuel Credit Card,1,0,0,0,0
C107736,Cashback Credit Card,1,1,1,0,0
C107736,Travel Credit Card,1,0,0,0,0
C107737,Premium Banking Account,1,1,0,0,0
C107737,Personal Loan,1,1,0,0,0
C107737,Recurring Deposit,1,1,0,0,0
C107738,Personal Loan,1,0,0,0,0
C107738,Recurring Deposit,1,0,0,0,0
C107738,Premium Banking Account,1,1,0,0,0
C107739,Premium Banking Account,1,0,0,0,0
C107739,Term Insurance,1,0,0,0,0
C107739,Travel Credit Card,1,1,0,0,0
C107740,Recurring Deposit,1,1,0,0,0
C107740,Premium Banking Account,1,0,0,0,0
C107740,Fixed Deposit,1,1,0,0,0
C107741,Personal Loan,1,1,0,0,0
C107742,Fixed Deposit,1,0,0,0,0
C107742,Term Insurance,1,0,0,0,0
C107742,Fuel Credit Card,1,1,0,0,0
C107742,Cashback Credit Card,1,0,0,0,0
C107743,Recurring Deposit,1,1,1,1,1
C107743,Investment Plan (Mutual Fund SIP),1,0,0,0,0
C107743,Premium Credit Card,1,0,0,0,0
C107743,Term Insurance,1,1,0,0,0
C107744,Premium Banking Account,1,1,1,1,1
C107745,Travel Credit Card,1,0,0,0,0
C107745,Cashback Credit Card,1,0,0,0,0
C107747,Fixed Deposit,1,1,0,0,0
C107747,Personal Loan,1,1,0,0,0
C107747,Travel Credit Card,1,1,1,1,0
C107748,Cashback Credit Card,1,1,1,1,1
C107748,Investment Plan (Mutual Fund SIP),1,1,1,1,1
C107748,Fixed Deposit,1,0,0,0,0
C107748,Home Loan,1,0,0,0,0
C107749,Premium Banking Account,1,1,0,0,0
C107749,Cashback Credit Card,1,0,0,0,0
C107749,Home Loan,1,1,1,1,0
C107749,Term Insurance,1,0,0,0,0
C107752,Fixed Deposit,1,0,0,0,0
C107752,Recurring Deposit,1,0,0,0,0
C107753,Cashback Credit Card,1,1,1,0,0
C107754,Investment Plan (Mutual Fund SIP),1,1,0,0,0
C107754,Recurring Deposit,1,0,0,0,0
C107754,Premium Credit Card,1,1,1,1,1
C107754,Fuel Credit Card,1,1,0,0,0
C107755,Term Insurance,1,1,0,0,0
C107755,Recurring Deposit,1,0,0,0,0
C107757,Fuel Credit Card,1,1,0,0,0
C107758,Travel Credit Card,1,0,0,0,0
C107758,Cashback Credit Card,1,1,1,1,1
C107758,Investment Plan (Mutual Fund SIP),1,0,0,0,0
C107758,Premium Credit Card,1,0,0,0,0
C107758,Personal Loan,1,0,0,0,0
C107759,Premium Banking Account,1,1,1,0,0
C107759,Travel Credit Card,1,0,0,0,0
C107759,Term Insurance,1,0,0,0,0
C107759,Fixed Deposit,1,1,1,0,0
C107759,Cashback Credit Card,1,1,1,1,1
C107760,Travel Credit Card,1,0,0,0,0
C107760,Cashback Credit Card,1,1,1,1,1
C107760,Term Insurance,1,1,1,1,0
C107760,Investment Plan (Mutual Fund SIP),1,1,1,1,1
C107760,Fuel Credit Card,1,0,0,0,0
C107761,Cashback Credit Card,1,1,1,1,1
C107761,Premium Banking Account,1,0,0,0,0
C107762,Premium Banking Account,1,0,0,0,0
C107763,Cashback Credit Card,1,1,1,0,0
C107764,Personal Loan,1,0,0,0,0
C107764,Recurring Deposit,1,1,1,0,0
C107764,Fuel Credit Card,1,0,0,0,0
C107764,Premium Banking Account,1,1,1,1,1
C107765,Premium Banking Account,1,0,0,0,0
C107765,Personal Loan,1,0,0,0,0
C107765,Term Insurance,1,0,0,0,0
C107765,Cashback Credit Card,1,1,1,1,1
C107766,Travel Credit Card,1,1,0,0,0
C107766,Cashback Credit Card,1,0,0,0,0
C107766,Fixed Deposit,1,0,0,0,0
C107766,Investment Plan (Mutual Fund SIP),1,1,0,0,0
C107766,Term Insurance,1,1,1,1,1
C107767,Travel Credit Card,1,0,0,0,0
C107767,Recurring Deposit,1,1,0,0,0
C107767,Home Loan,1,0,0,0,0
C107767,Investment Plan (Mutual Fund SIP),1,0,0,0,0
C107769,Recurring Deposit,1,1,0,0,0
C107769,Term Insurance,1,1,0,0,0
C107770,Personal Loan,1,1,0,0,0
C107770,Premium Banking Account,1,1,0,0,0
C107771,Home Loan,1,0,0,0,0
C107771,Travel Credit Card,1,1,0,0,0
C107773,Premium Credit Card,1,0,0,0,0
C107773,Travel Credit Card,1,0,0,0,0
C107773,Term Insurance,1,1,0,0,0
C107773,Investment Plan (Mutual Fund SIP),1,0,0,0,0
C107773,Fuel Credit Card,1,1,0,0,0
C107775,Travel Credit Card,1,1,1,1,1
C107776,Travel Credit Card,1,1,0,0,0
C107776,Premium Banking Account,1,1,1,1,1
C107776,Home Loan,1,0,0,0,0
C107776,Fuel Credit Card,1,1,0,0,0
C107777,Term Insurance,1,1,0,0,0
C107777,Travel Credit Card,1,1,0,0,0
C107778,Travel Credit Card,1,1,0,0,0
C107778,Recurring Deposit,1,1,1,1,0
C107778,Cashback Credit Card,1,1,0,0,0
C107778,Fuel Credit Card,1,0,0,0,0
C107778,Term Insurance,1,1,1,1,1
C107780,Term Insurance,1,1,1,1,1
C107780,Travel Credit Card,1,0,0,0,0
C107781,Premium Credit Card,1,1,0,0,0
C107781,Home Loan,1,1,0,0,0
C107782,Personal Loan,1,0,0,0,0
C107782,Term Insurance,1,1,0,0,0
C107783,Cashback Credit Card,1,0,0,0,0
C107783,Premium Credit Card,1,1,1,1,1
C107783,Recurring Deposit,1,1,0,0,0
C107784,Term Insurance,1,0,0,0,0
C107784,Personal Loan,1,0,0,0,0
C107784,Premium Banking Account,1,0,0,0,0
C107786,Fixed Deposit,1,0,0,0,0
C107786,Travel Credit Card,1,0,0,0,0
C107787,Investment Plan (Mutual Fund SIP),1,0,0,0,0
C107787,Personal Loan,1,1,1,1,1
C107787,Recurring Deposit,1,0,0,0,0
C107791,Personal Loan,1,0,0,0,0
C107791,Cashback Credit Card,1,1,1,0,0
C107792,Fixed Deposit,1,1,0,0,0
C107792,Term Insurance,1,0,0,0,0
C107792,Cashback Credit Card,1,1,0,0,0
C107792,Personal Loan,1,1,1,0,0
C107792,Travel Credit Card,1,1,0,0,0
C107793,Investment Plan (Mutual Fund SIP),1,0,0,0,0
C107793,Home Loan,1,0,0,0,0
C107796,Premium Credit Card,1,0,0,0,0
C107796,Premium Banking Account,1,0,0,0,0
C107796,Term Insurance,1,1,0,0,0
C107796,Home Loan,1,1,0,0,0
C107796,Recurring Deposit,1,1,0,0,0
C107798,Fixed Deposit,1,0,0,0,0
C107798,Premium Credit Card,1,1,0,0,0
C107798,Travel Credit Card,1,1,0,0,0
C107798,Personal Loan,1,0,0,0,0
C107798,Cashback Credit Card,1,0,0,0,0
C107799,Recurring Deposit,1,0,0,0,0
C107799,Cashback Credit Card,1,0,0,0,0
C107799,Investment Plan (Mutual Fund SIP),1,1,1,1,1
C107799,Term Insurance,1,0,0,0,0
C107799,Premium Credit Card,1,1,0,0,0
C107801,Cashback Credit Card,1,1,0,0,0
C107802,Premium Banking Account,1,1,0,0,0
C107803,Premium Credit Card,1,0,0,0,0
C107804,Investment Plan (Mutual Fund SIP),1,0,0,0,0
C107804,Recurring Deposit,1,0,0,0,0
C107804,Premium Credit Card,1,1,1,0,0
C107804,Personal Loan,1,0,0,0,0
C107804,Cashback Credit Card,1,1,0,0,0
C107805,Premium Banking Account,1,1,0,0,0
C107806,Term Insurance,1,1,1,1,1
C107806,Travel Credit Card,1,0,0,0,0
C107806,Investment Plan (Mutual Fund SIP),1,1,0,0,0
C107806,Personal Loan,1,0,0,0,0
C107806,Premium Banking Account,1,1,1,1,1
C107807,Premium Credit Card,1,0,0,0,0
C107807,Recurring Deposit,1,0,0,0,0
C107808,Term Insurance,1,0,0,0,0
C107808,Cashback Credit Card,1,0,0,0,0
C107809,Travel Credit Card,1,1,0,0,0
C107809,Recurring Deposit,1,0,0,0,0
C107810,Investment Plan (Mutual Fund SIP),1,1,0,0,0
C107811,Travel Credit Card,1,1,0,0,0
C107811,Premium Credit Card,1,0,0,0,0
C107812,Cashback Credit Card,1,1,0,0,0
C107812,Premium Banking Account,1,1,0,0,0
C107812,Term Insurance,1,0,0,0,0
C107812,Recurring Deposit,1,1,0,0,0
C107813,Premium Banking Account,1,1,0,0,0
C107814,Term Insurance,1,1,1,1,0
C107814,Cashback Credit Card,1,1,0,0,0
C107814,Recurring Deposit,1,1,1,1,1
C107815,Cashback Credit Card,1,1,1,1,1
C107815,Investment Plan (Mutual Fund SIP),1,0,0,0,0
C107815,Home Loan,1,1,1,1,1
C107815,Fuel Credit Card,1,1,0,0,0
C107816,Recurring Deposit,1,1,1,0,0
C107817,Recurring Deposit,1,0,0,0,0
C107817,Fixed Deposit,1,1,1,1,1
C107817,Investment Plan (Mutual Fund SIP),1,0,0,0,0
C107818,Home Loan,1,1,0,0,0
C107818,Premium Banking Account,1,0,0,0,0
C107818,Premium Credit Card,1,0,0,0,0
C107819,Personal Loan,1,1,1,0,0
C107819,Fuel Credit Card,1,1,0,0,0
C107819,Travel Credit Card,1,1,1,0,0
C107819,Fixed Deposit,1,1,1,1,1
C107820,Personal Loan,1,0,0,0,0
C107820,Travel Credit Card,1,1,0,0,0
C107820,Premium Banking Account,1,0,0,0,0
C107820,Term Insurance,1,1,1,1,1
C107820,Investment Plan (Mutual Fund SIP),1,0,0,0,0
C107823,Fuel Credit Card,1,1,0,0,0
C107823,Cashback Credit Card,1,1,0,0,0
C107823,Home Loan,1,0,0,0,0
C107823,Term Insurance,1,1,1,1,1
C107823,Premium Credit Card,1,1,0,0,0
C107824,Cashback Credit Card,1,0,0,0,0
C107826,Fuel Credit Card,1,1,1,1,1
C107826,Cashback Credit Card,1,0,0,0,0
C107826,Fixed Deposit,1,1,1,1,1
C107826,Personal Loan,1,1,1,1,1
C107827,Fuel Credit Card,1,0,0,0,0
C107827,Recurring Deposit,1,1,0,0,0
C107827,Cashback Credit Card,1,1,1,0,0
C107827,Investment Plan (Mutual Fund SIP),1,0,0,0,0
C107827,Premium Credit Card,1,1,0,0,0
C107828,Personal Loan,1,0,0,0,0
C107828,Term Insurance,1,1,1,1,1
C107828,Recurring Deposit,1,1,0,0,0
C107828,Premium Credit Card,1,1,0,0,0
C107828,Travel Credit Card,1,1,0,0,0
C107829,Fixed Deposit,1,1,0,0,0
C107829,Cashback Credit Card,1,1,0,0,0
C107829,Premium Banking Account,1,0,0,0,0
C107829,Home Loan,1,1,0,0,0
C107830,Travel Credit Card,1,0,0,0,0
C107831,Premium Banking Account,1,1,1,0,0
C107831,Recurring Deposit,1,0,0,0,0
C107831,Premium Credit Card,1,1,0,0,0
C107831,Home Loan,1,0,0,0,0
C107831,Travel Credit Card,1,1,0,0,0
C107832,Premium Credit Card,1,1,0,0,0
C107832,Premium Banking Account,1,1,1,0,0
C107832,Fixed Deposit,1,1,1,0,0
C107833,Premium Credit Card,1,0,0,0,0
C107833,Investment Plan (Mutual Fund SIP),1,1,0,0,0
C107833,Cashback Credit Card,1,1,1,1,1
C107833,Fixed Deposit,1,1,0,0,0
C107833,Travel Credit Card,1,1,0,0,0
C107834,Investment Plan (Mutual Fund SIP),1,0,0,0,0
C107835,Fuel Credit Card,1,1,1,1,0
C107836,Investment Plan (Mutual Fund SIP),1,0,0,0,0
C107837,Fixed Deposit,1,0,0,0,0
C107837,Cashback Credit Card,1,0,0,0,0
C107837,Travel Credit Card,1,1,1,0,0
C107837,Fuel Credit Card,1,0,0,0,0
C107838,Premium Credit Card,1,1,0,0,0
C107838,Personal Loan,1,1,1,0,0
C107838,Home Loan,1,1,0,0,0
C107838,Recurring Deposit,1,0,0,0,0
C107839,Premium Credit Card,1,1,1,1,0
C107839,Home Loan,1,0,0,0,0
C107841,Personal Loan,1,0,0,0,0
C107841,Cashback Credit Card,1,0,0,0,0
C107842,Recurring Deposit,1,0,0,0,0
C107842,Fuel Credit Card,1,0,0,0,0
C107844,Term Insurance,1,0,0,0,0
C107844,Recurring Deposit,1,0,0,0,0
C107844,Premium Banking Account,1,0,0,0,0
C107846,Premium Banking Account,1,1,0,0,0
C107846,Travel Credit Card,1,0,0,0,0
C107847,Recurring Deposit,1,0,0,0,0
C107847,Term Insurance,1,1,0,0,0
C107847,Premium Credit Card,1,0,0,0,0
C107848,Premium Credit Card,1,1,0,0,0
C107848,Term Insurance,1,1,1,1,1
C107848,Home Loan,1,1,1,1,1
C107848,Travel Credit Card,1,0,0,0,0
C107848,Recurring Deposit,1,0,0,0,0
C107851,Fuel Credit Card,1,0,0,0,0
C107851,Recurring Deposit,1,1,0,0,0
C107851,Cashback Credit Card,1,1,0,0,0
C107851,Term Insurance,1,1,0,0,0
C107851,Home Loan,1,1,0,0,0
C107852,Personal Loan,1,1,0,0,0
C107852,Investment Plan (Mutual Fund SIP),1,0,0,0,0
C107852,Home Loan,1,0,0,0,0
C107852,Fixed Deposit,1,1,0,0,0
C107852,Premium Credit Card,1,1,0,0,0
C107853,Personal Loan,1,1,0,0,0
C107854,Recurring Deposit,1,1,1,1,1
C107854,Travel Credit Card,1,1,0,0,0
C107854,Term Insurance,1,1,1,1,0
C107856,Travel Credit Card,1,1,0,0,0
C107856,Cashback Credit Card,1,1,0,0,0
C107856,Home Loan,1,0,0,0,0
C107858,Investment Plan (Mutual Fund SIP),1,0,0,0,0
C107859,Travel Credit Card,1,0,0,0,0
C107860,Home Loan,1,1,1,1,1
C107860,Premium Credit Card,1,0,0,0,0
C107861,Personal Loan,1,1,0,0,0
C107861,Fuel Credit Card,1,0,0,0,0
C107861,Investment Plan (Mutual Fund SIP),1,0,0,0,0
C107861,Cashback Credit Card,1,1,1,0,0
C107861,Term Insurance,1,0,0,0,0
C107862,Investment Plan (Mutual Fund SIP),1,0,0,0,0
C107862,Fixed Deposit,1,0,0,0,0
C107863,Fixed Deposit,1,0,0,0,0
C107865,Cashback Credit Card,1,0,0,0,0
C107865,Personal Loan,1,1,1,0,0
C107865,Premium Credit Card,1,0,0,0,0
C107866,Term Insurance,1,0,0,0,0
C107866,Fuel Credit Card,1,0,0,0,0
C107867,Premium Banking Account,1,0,0,0,0
C107867,Premium Credit Card,1,1,0,0,0
C107867,Fixed Deposit,1,1,0,0,0
C107867,Fuel Credit Card,1,1,0,0,0
C107868,Fuel Credit Card,1,0,0,0,0
C107868,Investment Plan (Mutual Fund SIP),1,1,0,0,0
C107868,Personal Loan,1,1,0,0,0
C107869,Recurring Deposit,1,1,0,0,0
C107869,Home Loan,1,0,0,0,0
C107869,Travel Credit Card,1,0,0,0,0
C107870,Premium Credit Card,1,1,0,0,0
C107870,Travel Credit Card,1,0,0,0,0
C107870,Investment Plan (Mutual Fund SIP),1,0,0,0,0
C107870,Cashback Credit Card,1,1,1,1,1
C107871,Fixed Deposit,1,1,0,0,0
C107871,Premium Credit Card,1,1,0,0,0
C107872,Fuel Credit Card,1,1,0,0,0
C107872,Term Insurance,1,1,1,1,1
C107872,Fixed Deposit,1,1,0,0,0
C107873,Cashback Credit Card,1,1,0,0,0
C107873,Home Loan,1,1,0,0,0
C107874,Term Insurance,1,0,0,0,0
C107874,Home Loan,1,1,1,1,1
C107874,Recurring Deposit,1,0,0,0,0
C107874,Investment Plan (Mutual Fund SIP),1,0,0,0,0
C107874,Travel Credit Card,1,1,0,0,0
C107875,Premium Banking Account,1,1,0,0,0
C107875,Travel Credit Card,1,1,1,1,1
C107876,Fixed Deposit,1,1,0,0,0
C107876,Personal Loan,1,1,0,0,0
C107876,Premium Banking Account,1,1,0,0,0
C107877,Recurring Deposit,1,1,0,0,0
C107877,Premium Banking Account,1,1,0,0,0
C107878,Premium Credit Card,1,0,0,0,0
C107878,Travel Credit Card,1,1,0,0,0
C107878,Premium Banking Account,1,1,1,0,0
C107879,Personal Loan,1,0,0,0,0
C107879,Premium Banking Account,1,0,0,0,0
C107879,Premium Credit Card,1,0,0,0,0
C107879,Fixed Deposit,1,1,1,1,0
C107881,Cashback Credit Card,1,0,0,0,0
C107881,Premium Banking Account,1,1,0,0,0
C107881,Premium Credit Card,1,1,0,0,0
C107881,Term Insurance,1,0,0,0,0
C107883,Premium Credit Card,1,0,0,0,0
C107884,Travel Credit Card,1,0,0,0,0
C107884,Premium Credit Card,1,1,1,1,1
C107886,Personal Loan,1,0,0,0,0
C107886,Fuel Credit Card,1,0,0,0,0
C107886,Term Insurance,1,0,0,0,0
C107887,Term Insurance,1,0,0,0,0
C107888,Travel Credit Card,1,0,0,0,0
C107888,Fixed Deposit,1,1,1,0,0
C107888,Fuel Credit Card,1,1,0,0,0
C107890,Cashback Credit Card,1,1,0,0,0
C107891,Fuel Credit Card,1,1,0,0,0
C107891,Premium Credit Card,1,1,0,0,0
C107891,Personal Loan,1,1,1,1,1
C107891,Recurring Deposit,1,0,0,0,0
C107891,Fixed Deposit,1,1,0,0,0
C107892,Cashback Credit Card,1,0,0,0,0
C107892,Premium Credit Card,1,1,0,0,0
C107892,Term Insurance,1,0,0,0,0
C107892,Fuel Credit Card,1,1,1,1,0
C107893,Fixed Deposit,1,1,1,1,1
C107893,Fuel Credit Card,1,0,0,0,0
C107893,Personal Loan,1,1,1,1,1
C107895,Term Insurance,1,1,0,0,0
C107896,Travel Credit Card,1,0,0,0,0
C107898,Fixed Deposit,1,1,1,0,0
C107898,Recurring Deposit,1,0,0,0,0
C107901,Fixed Deposit,1,1,1,1,1
C107901,Term Insurance,1,0,0,0,0
C107902,Investment Plan (Mutual Fund SIP),1,1,1,1,1
C107902,Fuel Credit Card,1,1,0,0,0
C107902,Home Loan,1,1,0,0,0
C107902,Fixed Deposit,1,0,0,0,0
C107903,Recurring Deposit,1,1,0,0,0
C107903,Travel Credit Card,1,0,0,0,0
C107903,Premium Banking Account,1,1,0,0,0
C107903,Investment Plan (Mutual Fund SIP),1,1,0,0,0
C107904,Recurring Deposit,1,1,0,0,0
C107904,Premium Banking Account,1,1,1,1,1
C107904,Term Insurance,1,0,0,0,0
C107904,Personal Loan,1,1,0,0,0
C107906,Investment Plan (Mutual Fund SIP),1,1,0,0,0
C107906,Personal Loan,1,1,0,0,0
C107907,Investment Plan (Mutual Fund SIP),1,1,0,0,0
C107907,Home Loan,1,1,1,1,0
C107907,Cashback Credit Card,1,1,0,0,0
C107907,Term Insurance,1,0,0,0,0
C107909,Term Insurance,1,1,1,1,1
C107909,Personal Loan,1,1,0,0,0
C107909,Cashback Credit Card,1,1,0,0,0
C107910,Term Insurance,1,0,0,0,0
C107912,Fixed Deposit,1,1,0,0,0
C107912,Premium Credit Card,1,1,0,0,0
C107912,Fuel Credit Card,1,1,0,0,0
C107912,Term Insurance,1,0,0,0,0
C107912,Home Loan,1,1,0,0,0
C107914,Travel Credit Card,1,1,0,0,0
C107914,Fixed Deposit,1,1,0,0,0
C107915,Home Loan,1,0,0,0,0
C107915,Personal Loan,1,1,0,0,0
C107916,Cashback Credit Card,1,1,0,0,0
C107916,Fixed Deposit,1,0,0,0,0
C107916,Term Insurance,1,0,0,0,0
C107917,Travel Credit Card,1,0,0,0,0
C107917,Fuel Credit Card,1,0,0,0,0
C107917,Term Insurance,1,0,0,0,0
C107917,Recurring Deposit,1,1,1,0,0
C107917,Cashback Credit Card,1,1,1,1,1
C107918,Home Loan,1,0,0,0,0
C107918,Investment Plan (Mutual Fund SIP),1,1,0,0,0
C107918,Term Insurance,1,0,0,0,0
C107918,Travel Credit Card,1,1,1,1,1
C107919,Term Insurance,1,1,0,0,0
C107919,Travel Credit Card,1,0,0,0,0
C107919,Recurring Deposit,1,0,0,0,0
C107920,Fixed Deposit,1,1,0,0,0
C107920,Fuel Credit Card,1,0,0,0,0
C107921,Personal Loan,1,1,0,0,0
C107921,Cashback Credit Card,1,1,1,1,0
C107921,Travel Credit Card,1,0,0,0,0
C107921,Investment Plan (Mutual Fund SIP),1,0,0,0,0
C107922,Home Loan,1,0,0,0,0
C107922,Fuel Credit Card,1,1,0,0,0
C107923,Premium Banking Account,1,0,0,0,0
C107923,Home Loan,1,1,0,0,0
C107923,Travel Credit Card,1,0,0,0,0
C107924,Premium Credit Card,1,0,0,0,0
C107924,Home Loan,1,1,1,0,0
C107924,Investment Plan (Mutual Fund SIP),1,1,0,0,0
C107924,Premium Banking Account,1,1,0,0,0
C107924,Recurring Deposit,1,0,0,0,0
C107925,Premium Banking Account,1,0,0,0,0
C107925,Fuel Credit Card,1,1,0,0,0
C107925,Travel Credit Card,1,0,0,0,0
C107925,Term Insurance,1,0,0,0,0
C107926,Premium Credit Card,1,0,0,0,0
C107926,Personal Loan,1,0,0,0,0
C107927,Home Loan,1,1,0,0,0
C107927,Fixed Deposit,1,0,0,0,0
C107927,Fuel Credit Card,1,0,0,0,0
C107929,Travel Credit Card,1,0,0,0,0
C107930,Term Insurance,1,1,0,0,0
C107930,Travel Credit Card,1,0,0,0,0
C107931,Fixed Deposit,1,1,0,0,0
C107931,Home Loan,1,0,0,0,0
C107931,Fuel Credit Card,1,1,1,1,1
C107931,Personal Loan,1,1,0,0,0
C107932,Premium Banking Account,1,1,0,0,0
C107934,Personal Loan,1,0,0,0,0
C107934,Premium Banking Account,1,1,1,1,1
C107935,Premium Banking Account,1,0,0,0,0
C107935,Term Insurance,1,1,1,1,1
C107935,Premium Credit Card,1,0,0,0,0
C107935,Investment Plan (Mutual Fund SIP),1,1,1,1,1
C107935,Personal Loan,1,1,0,0,0
C107937,Cashback Credit Card,1,1,1,1,1
C107937,Recurring Deposit,1,0,0,0,0
C107937,Personal Loan,1,0,0,0,0
C107937,Term Insurance,1,1,1,1,1
C107937,Travel Credit Card,1,0,0,0,0
C107938,Premium Credit Card,1,1,0,0,0
C107939,Fuel Credit Card,1,0,0,0,0
C107939,Cashback Credit Card,1,0,0,0,0
C107939,Personal Loan,1,0,0,0,0
C107939,Home Loan,1,0,0,0,0
C107940,Home Loan,1,1,1,0,0
C107940,Investment Plan (Mutual Fund SIP),1,1,1,1,1
C107940,Personal Loan,1,0,0,0,0
C107940,Travel Credit Card,1,1,0,0,0
C107940,Cashback Credit Card,1,1,1,1,0
C107941,Investment Plan (Mutual Fund SIP),1,1,1,0,0
C107941,Fixed Deposit,1,1,0,0,0
C107941,Recurring Deposit,1,1,0,0,0
C107942,Investment Plan (Mutual Fund SIP),1,1,0,0,0
C107942,Term Insurance,1,0,0,0,0
C107942,Personal Loan,1,1,0,0,0
C107942,Premium Credit Card,1,0,0,0,0
C107944,Personal Loan,1,1,0,0,0
C107944,Premium Credit Card,1,0,0,0,0
C107944,Investment Plan (Mutual Fund SIP),1,0,0,0,0
C107944,Travel Credit Card,1,0,0,0,0
C107944,Fuel Credit Card,1,0,0,0,0
C107945,Fuel Credit Card,1,0,0,0,0
C107945,Travel Credit Card,1,1,0,0,0
C107945,Premium Banking Account,1,0,0,0,0
C107946,Premium Banking Account,1,0,0,0,0
C107947,Term Insurance,1,1,1,1,1
C107947,Recurring Deposit,1,0,0,0,0
C107947,Cashback Credit Card,1,0,0,0,0
C107947,Premium Credit Card,1,1,0,0,0
C107949,Home Loan,1,0,0,0,0
C107949,Fuel Credit Card,1,1,0,0,0
C107949,Personal Loan,1,0,0,0,0
C107949,Premium Banking Account,1,0,0,0,0
C107950,Recurring Deposit,1,0,0,0,0
C107950,Fixed Deposit,1,1,0,0,0
C107951,Fixed Deposit,1,1,0,0,0
C107951,Term Insurance,1,1,0,0,0
C107951,Travel Credit Card,1,0,0,0,0
C107952,Premium Credit Card,1,1,0,0,0
C107953,Cashback Credit Card,1,1,0,0,0
C107953,Premium Banking Account,1,0,0,0,0
C107954,Premium Credit Card,1,1,0,0,0
C107954,Investment Plan (Mutual Fund SIP),1,0,0,0,0
C107954,Fixed Deposit,1,1,0,0,0
C107954,Recurring Deposit,1,1,0,0,0
C107955,Recurring Deposit,1,0,0,0,0
C107955,Premium Banking Account,1,1,1,0,0
C107955,Personal Loan,1,1,0,0,0
C107955,Fixed Deposit,1,1,0,0,0
C107956,Cashback Credit Card,1,0,0,0,0
C107957,Personal Loan,1,0,0,0,0
C107957,Cashback Credit Card,1,0,0,0,0
C107957,Investment Plan (Mutual Fund SIP),1,0,0,0,0
C107957,Recurring Deposit,1,0,0,0,0
C107958,Term Insurance,1,1,0,0,0
C107958,Personal Loan,1,0,0,0,0
C107958,Travel Credit Card,1,0,0,0,0
C107959,Home Loan,1,0,0,0,0
C107959,Travel Credit Card,1,0,0,0,0
C107959,Investment Plan (Mutual Fund SIP),1,1,0,0,0
C107960,Travel Credit Card,1,1,1,0,0
C107960,Recurring Deposit,1,0,0,0,0
C107960,Investment Plan (Mutual Fund SIP),1,1,0,0,0
C107960,Fuel Credit Card,1,0,0,0,0
C107962,Fuel Credit Card,1,0,0,0,0
C107962,Term Insurance,1,0,0,0,0
C107962,Home Loan,1,0,0,0,0
C107962,Investment Plan (Mutual Fund SIP),1,0,0,0,0
C107962,Recurring Deposit,1,1,1,0,0
C107963,Fuel Credit Card,1,1,0,0,0
C107963,Home Loan,1,1,0,0,0
C107963,Travel Credit Card,1,1,1,0,0
C107964,Recurring Deposit,1,0,0,0,0
C107964,Personal Loan,1,1,0,0,0
C107964,Investment Plan (Mutual Fund SIP),1,0,0,0,0
C107964,Fixed Deposit,1,0,0,0,0
C107965,Fuel Credit Card,1,1,1,1,0
C107965,Term Insurance,1,1,0,0,0
C107965,Investment Plan (Mutual Fund SIP),1,1,0,0,0
C107966,Recurring Deposit,1,1,1,1,0
C107966,Personal Loan,1,1,0,0,0
C107966,Premium Credit Card,1,0,0,0,0
C107967,Cashback Credit Card,1,1,0,0,0
C107967,Investment Plan (Mutual Fund SIP),1,1,0,0,0
C107967,Fuel Credit Card,1,1,0,0,0
C107969,Premium Banking Account,1,1,1,1,1
C107969,Home Loan,1,1,0,0,0
C107969,Fixed Deposit,1,0,0,0,0
C107970,Cashback Credit Card,1,1,1,1,0
C107971,Personal Loan,1,0,0,0,0
C107971,Home Loan,1,0,0,0,0
C107971,Investment Plan (Mutual Fund SIP),1,1,0,0,0
C107971,Travel Credit Card,1,1,1,0,0
C107971,Term Insurance,1,0,0,0,0
C107972,Fuel Credit Card,1,1,0,0,0
C107972,Recurring Deposit,1,1,0,0,0
C107972,Fixed Deposit,1,0,0,0,0
C107973,Fuel Credit Card,1,1,1,1,1
C107973,Term Insurance,1,0,0,0,0
C107973,Travel Credit Card,1,0,0,0,0
C107973,Investment Plan (Mutual Fund SIP),1,0,0,0,0
C107973,Cashback Credit Card,1,0,0,0,0
C107974,Fuel Credit Card,1,1,0,0,0
C107974,Term Insurance,1,0,0,0,0
C107974,Personal Loan,1,0,0,0,0
C107974,Recurring Deposit,1,1,0,0,0
C107974,Premium Banking Account,1,1,0,0,0
C107975,Recurring Deposit,1,1,1,0,0
C107975,Home Loan,1,1,0,0,0
C107975,Investment Plan (Mutual Fund SIP),1,0,0,0,0
C107975,Cashback Credit Card,1,1,0,0,0
C107975,Premium Credit Card,1,1,0,0,0
C107976,Premium Banking Account,1,1,0,0,0
C107976,Investment Plan (Mutual Fund SIP),1,1,1,1,1
C107977,Recurring Deposit,1,1,0,0,0
C107977,Premium Credit Card,1,1,1,1,1
C107977,Fuel Credit Card,1,0,0,0,0
C107977,Fixed Deposit,1,0,0,0,0
C107978,Personal Loan,1,1,0,0,0
C107978,Home Loan,1,1,0,0,0
C107978,Recurring Deposit,1,1,0,0,0
C107978,Fuel Credit Card,1,0,0,0,0
C107979,Fuel Credit Card,1,1,1,1,1
C107979,Premium Banking Account,1,0,0,0,0
C107979,Travel Credit Card,1,1,1,1,1
C107979,Premium Credit Card,1,0,0,0,0
C107980,Travel Credit Card,1,1,0,0,0
C107980,Premium Banking Account,1,1,0,0,0
C107980,Fixed Deposit,1,0,0,0,0
C107981,Investment Plan (Mutual Fund SIP),1,0,0,0,0
C107981,Fuel Credit Card,1,1,0,0,0
C107981,Recurring Deposit,1,0,0,0,0
C107982,Premium Credit Card,1,1,0,0,0
C107984,Personal Loan,1,1,1,1,0
C107985,Recurring Deposit,1,0,0,0,0
C107985,Fuel Credit Card,1,0,0,0,0
C107985,Investment Plan (Mutual Fund SIP),1,1,0,0,0
C107985,Fixed Deposit,1,0,0,0,0
C107986,Cashback Credit Card,1,0,0,0,0
C107986,Fixed Deposit,1,1,0,0,0
C107986,Home Loan,1,0,0,0,0
C107986,Fuel Credit Card,1,0,0,0,0
C107987,Cashback Credit Card,1,1,0,0,0
C107988,Premium Credit Card,1,0,0,0,0
C107988,Recurring Deposit,1,1,0,0,0
C107988,Premium Banking Account,1,0,0,0,0
C107989,Premium Banking Account,1,1,0,0,0
C107989,Cashback Credit Card,1,1,1,1,1
C107989,Travel Credit Card,1,0,0,0,0
C107990,Cashback Credit Card,1,0,0,0,0
C107990,Fixed Deposit,1,1,1,0,0
C107990,Recurring Deposit,1,1,0,0,0
C107990,Premium Banking Account,1,0,0,0,0
C107990,Term Insurance,1,1,0,0,0
C107991,Home Loan,1,0,0,0,0
C107991,Investment Plan (Mutual Fund SIP),1,1,0,0,0
C107991,Term Insurance,1,0,0,0,0
C107991,Premium Banking Account,1,1,1,1,0
C107991,Fixed Deposit,1,1,1,1,1
C107992,Premium Credit Card,1,0,0,0,0
C107992,Investment Plan (Mutual Fund SIP),1,1,0,0,0
C107992,Fixed Deposit,1,0,0,0,0
C107992,Travel Credit Card,1,1,0,0,0
C107992,Recurring Deposit,1,1,0,0,0
C107994,Premium Banking Account,1,1,0,0,0
C107994,Term Insurance,1,1,0,0,0
C107994,Fixed Deposit,1,1,0,0,0
C107994,Premium Credit Card,1,1,0,0,0
C107995,Premium Credit Card,1,0,0,0,0
C107996,Fixed Deposit,1,0,0,0,0
C107996,Term Insurance,1,1,0,0,0
C107996,Home Loan,1,0,0,0,0
C107996,Recurring Deposit,1,1,0,0,0
C107996,Premium Banking Account,1,0,0,0,0
C107997,Fixed Deposit,1,1,0,0,0
C107997,Recurring Deposit,1,1,0,0,0
C107997,Premium Banking Account,1,0,0,0,0
C107998,Fixed Deposit,1,0,0,0,0
C107998,Investment Plan (Mutual Fund SIP),1,1,0,0,0
C107998,Cashback Credit Card,1,1,0,0,0
C107999,Fuel Credit Card,1,1,1,1,1
C108000,Term Insurance,1,0,0,0,0
C108000,Personal Loan,1,1,0,0,0
C108000,Recurring Deposit,1,0,0,0,0
C108001,Travel Credit Card,1,1,1,1,1
C108001,Term Insurance,1,1,0,0,0
C108002,Fixed Deposit,1,1,1,1,1
C108002,Travel Credit Card,1,1,1,1,0
C108002,Personal Loan,1,1,0,0,0
C108003,Fixed Deposit,1,1,0,0,0
C108003,Premium Banking Account,1,1,0,0,0
C108003,Term Insurance,1,1,0,0,0
C108003,Cashback Credit Card,1,1,0,0,0
C108003,Travel Credit Card,1,1,0,0,0
C108004,Premium Banking Account,1,1,1,1,1
C108004,Cashback Credit Card,1,1,1,1,0
C108004,Fixed Deposit,1,1,0,0,0
C108004,Travel Credit Card,1,0,0,0,0
C108004,Home Loan,1,1,0,0,0
C108005,Personal Loan,1,0,0,0,0
C108005,Recurring Deposit,1,1,0,0,0
C108006,Premium Credit Card,1,0,0,0,0
C108006,Fixed Deposit,1,1,1,0,0
C108006,Investment Plan (Mutual Fund SIP),1,0,0,0,0
C108006,Cashback Credit Card,1,1,0,0,0
C108007,Premium Credit Card,1,0,0,0,0
C108007,Personal Loan,1,0,0,0,0
C108007,Home Loan,1,1,0,0,0
C108007,Fuel Credit Card,1,1,0,0,0
C108008,Investment Plan (Mutual Fund SIP),1,1,0,0,0
C108008,Travel Credit Card,1,1,1,1,1
C108008,Fuel Credit Card,1,1,1,1,0
C108008,Home Loan,1,1,0,0,0
C108008,Cashback Credit Card,1,0,0,0,0
C108009,Premium Credit Card,1,0,0,0,0
C108009,Fixed Deposit,1,0,0,0,0
C108009,Travel Credit Card,1,1,0,0,0
C108009,Fuel Credit Card,1,1,1,1,1
C108011,Fixed Deposit,1,1,0,0,0
C108011,Term Insurance,1,0,0,0,0
C108011,Travel Credit Card,1,0,0,0,0
C108011,Premium Credit Card,1,1,1,1,1
C108012,Premium Banking Account,1,0,0,0,0
C108013,Home Loan,1,1,0,0,0
C108014,Cashback Credit Card,1,0,0,0,0
C108014,Travel Credit Card,1,1,0,0,0
C108014,Home Loan,1,0,0,0,0
C108014,Recurring Deposit,1,1,1,1,1
C108015,Term Insurance,1,0,0,0,0
C108015,Home Loan,1,1,0,0,0
C108015,Personal Loan,1,1,0,0,0
C108015,Travel Credit Card,1,1,0,0,0
C108015,Fuel Credit Card,1,0,0,0,0
C108016,Premium Banking Account,1,0,0,0,0
C108017,Investment Plan (Mutual Fund SIP),1,1,0,0,0
C108017,Term Insurance,1,0,0,0,0
C108018,Investment Plan (Mutual Fund SIP),1,1,0,0,0
C108018,Personal Loan,1,0,0,0,0
C108018,Cashback Credit Card,1,1,0,0,0
C108019,Investment Plan (Mutual Fund SIP),1,0,0,0,0
C108020,Home Loan,1,1,0,0,0
C108020,Fixed Deposit,1,0,0,0,0
C108020,Travel Credit Card,1,0,0,0,0
C108022,Home Loan,1,1,0,0,0
C108022,Personal Loan,1,1,0,0,0
C108022,Premium Banking Account,1,1,1,1,1
C108023,Premium Credit Card,1,1,0,0,0
C108023,Cashback Credit Card,1,1,0,0,0
C108023,Recurring Deposit,1,0,0,0,0
C108024,Premium Banking Account,1,1,1,1,1
C108024,Travel Credit Card,1,0,0,0,0
C108024,Premium Credit Card,1,1,1,0,0
C108024,Investment Plan (Mutual Fund SIP),1,0,0,0,0
C108025,Home Loan,1,1,1,1,1
C108028,Home Loan,1,1,0,0,0
C108029,Personal Loan,1,0,0,0,0
C108029,Premium Banking Account,1,0,0,0,0
C108029,Recurring Deposit,1,0,0,0,0
C108030,Travel Credit Card,1,1,1,1,1
C108030,Premium Banking Account,1,1,0,0,0
C108030,Recurring Deposit,1,1,0,0,0
C108030,Fixed Deposit,1,0,0,0,0
C108031,Premium Credit Card,1,0,0,0,0
C108031,Premium Banking Account,1,1,0,0,0
C108031,Cashback Credit Card,1,1,0,0,0
C108031,Personal Loan,1,1,0,0,0
C108033,Premium Banking Account,1,0,0,0,0
C108033,Premium Credit Card,1,1,0,0,0
C108033,Personal Loan,1,1,1,1,1
C108034,Premium Credit Card,1,0,0,0,0
C108034,Term Insurance,1,1,1,1,1
C108034,Fuel Credit Card,1,1,0,0,0
C108034,Recurring Deposit,1,0,0,0,0
C108035,Travel Credit Card,1,0,0,0,0
C108035,Cashback Credit Card,1,1,0,0,0
C108036,Fixed Deposit,1,0,0,0,0
C108036,Term Insurance,1,0,0,0,0
C108037,Term Insurance,1,1,1,0,0
C108037,Personal Loan,1,1,1,1,0
C108037,Recurring Deposit,1,0,0,0,0
C108038,Premium Credit Card,1,0,0,0,0
C108038,Premium Banking Account,1,1,0,0,0
C108038,Recurring Deposit,1,0,0,0,0
C108040,Premium Banking Account,1,0,0,0,0
C108040,Recurring Deposit,1,0,0,0,0
C108040,Cashback Credit Card,1,0,0,0,0
C108040,Fixed Deposit,1,1,0,0,0
C108040,Personal Loan,1,0,0,0,0
C108042,Premium Banking Account,1,1,0,0,0
C108043,Fuel Credit Card,1,1,0,0,0
C108043,Recurring Deposit,1,1,0,0,0
C108043,Premium Credit Card,1,1,0,0,0
C108043,Travel Credit Card,1,1,1,0,0
C108046,Term Insurance,1,0,0,0,0
C108046,Cashback Credit Card,1,1,0,0,0
C108047,Personal Loan,1,0,0,0,0
C108047,Travel Credit Card,1,0,0,0,0
C108047,Recurring Deposit,1,0,0,0,0
C108050,Home Loan,1,0,0,0,0
C108050,Investment Plan (Mutual Fund SIP),1,1,0,0,0
C108050,Term Insurance,1,0,0,0,0
C108052,Term Insurance,1,1,1,0,0
C108052,Premium Credit Card,1,0,0,0,0
C108052,Personal Loan,1,0,0,0,0
C108052,Recurring Deposit,1,0,0,0,0
C108052,Travel Credit Card,1,1,0,0,0
C108053,Fixed Deposit,1,1,0,0,0
C108054,Cashback Credit Card,1,0,0,0,0
C108054,Home Loan,1,1,0,0,0
C108054,Fuel Credit Card,1,1,1,1,1
C108055,Personal Loan,1,1,0,0,0
C108055,Term Insurance,1,0,0,0,0
C108055,Fuel Credit Card,1,0,0,0,0
C108055,Home Loan,1,1,0,0,0
C108056,Fuel Credit Card,1,0,0,0,0
C108056,Home Loan,1,1,1,0,0
C108056,Fixed Deposit,1,0,0,0,0
C108056,Investment Plan (Mutual Fund SIP),1,1,0,0,0
C108058,Premium Credit Card,1,1,1,1,1
C108060,Personal Loan,1,1,0,0,0
C108061,Fuel Credit Card,1,1,1,1,0
C108061,Recurring Deposit,1,0,0,0,0
C108061,Term Insurance,1,1,1,1,1
C108062,Premium Banking Account,1,1,0,0,0
C108063,Fixed Deposit,1,1,1,1,1
C108063,Cashback Credit Card,1,0,0,0,0
C108064,Premium Credit Card,1,1,0,0,0
C108064,Home Loan,1,1,1,1,1
C108065,Personal Loan,1,1,0,0,0
C108065,Premium Credit Card,1,1,0,0,0
C108065,Premium Banking Account,1,0,0,0,0
C108065,Cashback Credit Card,1,0,0,0,0
C108065,Fixed Deposit,1,0,0,0,0
C108066,Travel Credit Card,1,1,0,0,0
C108066,Term Insurance,1,1,1,1,0
C108066,Cashback Credit Card,1,1,1,0,0
C108066,Investment Plan (Mutual Fund SIP),1,0,0,0,0
C108066,Fuel Credit Card,1,0,0,0,0
C108067,Home Loan,1,0,0,0,0
C108067,Travel Credit Card,1,0,0,0,0
C108067,Cashback Credit Card,1,0,0,0,0
C108067,Premium Banking Account,1,1,0,0,0
C108068,Fuel Credit Card,1,0,0,0,0
C108068,Travel Credit Card,1,1,0,0,0
C108070,Fuel Credit Card,1,0,0,0,0
C108070,Personal Loan,1,0,0,0,0
C108071,Premium Credit Card,1,1,0,0,0
C108072,Premium Credit Card,1,1,1,0,0
C108072,Fuel Credit Card,1,1,0,0,0
C108072,Cashback Credit Card,1,1,0,0,0
C108073,Premium Credit Card,1,0,0,0,0
C108073,Recurring Deposit,1,1,0,0,0
C108074,Investment Plan (Mutual Fund SIP),1,0,0,0,0
C108074,Cashback Credit Card,1,1,0,0,0
C108074,Fixed Deposit,1,1,1,1,1
C108075,Travel Credit Card,1,0,0,0,0
C108075,Fuel Credit Card,1,0,0,0,0
C108075,Term Insurance,1,0,0,0,0
C108077,Recurring Deposit,1,0,0,0,0
C108077,Travel Credit Card,1,0,0,0,0
C108077,Term Insurance,1,0,0,0,0
C108079,Travel Credit Card,1,1,0,0,0
C108079,Home Loan,1,0,0,0,0
C108079,Term Insurance,1,0,0,0,0
C108079,Fixed Deposit,1,1,0,0,0
C108079,Premium Credit Card,1,0,0,0,0
C108080,Fuel Credit Card,1,0,0,0,0
C108080,Cashback Credit Card,1,0,0,0,0
C108080,Personal Loan,1,0,0,0,0
C108081,Term Insurance,1,1,1,1,1
C108083,Home Loan,1,1,0,0,0
C108083,Cashback Credit Card,1,1,1,1,1
C108083,Travel Credit Card,1,1,1,1,1
C108083,Premium Credit Card,1,1,0,0,0
C108084,Recurring Deposit,1,0,0,0,0
C108084,Fixed Deposit,1,0,0,0,0
C108084,Home Loan,1,0,0,0,0
C108085,Investment Plan (Mutual Fund SIP),1,0,0,0,0
C108086,Travel Credit Card,1,1,0,0,0
C108086,Investment Plan (Mutual Fund SIP),1,1,1,1,1
C108086,Recurring Deposit,1,1,0,0,0
C108087,Recurring Deposit,1,0,0,0,0
C108087,Premium Credit Card,1,1,0,0,0
C108087,Term Insurance,1,0,0,0,0
C108087,Cashback Credit Card,1,0,0,0,0
C108087,Premium Banking Account,1,0,0,0,0
C108088,Premium Credit Card,1,1,0,0,0
C108089,Home Loan,1,0,0,0,0
C108089,Term Insurance,1,0,0,0,0
C108089,Premium Banking Account,1,0,0,0,0
C108090,Travel Credit Card,1,0,0,0,0
C108091,Cashback Credit Card,1,1,0,0,0
C108091,Travel Credit Card,1,0,0,0,0
C108091,Fuel Credit Card,1,0,0,0,0
C108091,Personal Loan,1,1,0,0,0
C108091,Investment Plan (Mutual Fund SIP),1,1,1,1,0
C108092,Fixed Deposit,1,0,0,0,0
C108092,Travel Credit Card,1,1,1,1,0
C108092,Cashback Credit Card,1,0,0,0,0
C108092,Investment Plan (Mutual Fund SIP),1,0,0,0,0
C108092,Home Loan,1,1,0,0,0
C108093,Cashback Credit Card,1,1,1,1,1
C108095,Fuel Credit Card,1,0,0,0,0
C108095,Personal Loan,1,1,0,0,0
C108095,Investment Plan (Mutual Fund SIP),1,0,0,0,0
C108095,Premium Banking Account,1,0,0,0,0
C108097,Personal Loan,1,1,1,0,0
C108098,Cashback Credit Card,1,0,0,0,0
C108098,Recurring Deposit,1,1,0,0,0
C108098,Premium Banking Account,1,1,1,1,0
C108101,Cashback Credit Card,1,1,0,0,0
C108101,Personal Loan,1,1,1,0,0
C108102,Term Insurance,1,1,0,0,0
C108102,Home Loan,1,1,0,0,0
C108102,Recurring Deposit,1,0,0,0,0
C108102,Personal Loan,1,0,0,0,0
C108102,Cashback Credit Card,1,1,0,0,0
C108104,Fixed Deposit,1,1,0,0,0
C108104,Cashback Credit Card,1,0,0,0,0
C108104,Travel Credit Card,1,0,0,0,0
C108105,Home Loan,1,0,0,0,0
C108106,Travel Credit Card,1,0,0,0,0
C108108,Recurring Deposit,1,0,0,0,0
C108108,Personal Loan,1,0,0,0,0
C108108,Premium Banking Account,1,1,0,0,0
C108108,Term Insurance,1,1,1,1,1
C108109,Personal Loan,1,0,0,0,0
C108109,Investment Plan (Mutual Fund SIP),1,1,0,0,0
C108109,Fixed Deposit,1,0,0,0,0
C108109,Recurring Deposit,1,1,0,0,0
C108110,Premium Banking Account,1,1,0,0,0
C108110,Fixed Deposit,1,0,0,0,0
C108111,Recurring Deposit,1,1,1,0,0
C108111,Term Insurance,1,0,0,0,0
C108111,Fixed Deposit,1,0,0,0,0
C108112,Home Loan,1,0,0,0,0
C108112,Fixed Deposit,1,0,0,0,0
C108113,Premium Banking Account,1,0,0,0,0
C108113,Fuel Credit Card,1,0,0,0,0
C108114,Investment Plan (Mutual Fund SIP),1,0,0,0,0
C108114,Personal Loan,1,0,0,0,0
C108114,Travel Credit Card,1,1,0,0,0
C108114,Fixed Deposit,1,1,0,0,0
C108115,Investment Plan (Mutual Fund SIP),1,0,0,0,0
C108116,Fuel Credit Card,1,1,0,0,0
C108116,Fixed Deposit,1,0,0,0,0
C108116,Recurring Deposit,1,0,0,0,0
C108116,Personal Loan,1,0,0,0,0
C108116,Investment Plan (Mutual Fund SIP),1,1,1,1,1
C108117,Recurring Deposit,1,1,1,0,0
C108117,Term Insurance,1,1,1,0,0
C108117,Fixed Deposit,1,0,0,0,0
C108118,Investment Plan (Mutual Fund SIP),1,0,0,0,0
C108118,Cashback Credit Card,1,0,0,0,0
C108119,Home Loan,1,1,0,0,0
C108119,Personal Loan,1,1,0,0,0
C108120,Term Insurance,1,1,0,0,0
C108120,Personal Loan,1,1,1,1,1
C108120,Cashback Credit Card,1,1,1,1,0
C108120,Travel Credit Card,1,1,0,0,0
C108120,Premium Credit Card,1,1,1,1,1
C108122,Cashback Credit Card,1,0,0,0,0
C108122,Investment Plan (Mutual Fund SIP),1,0,0,0,0
C108122,Fuel Credit Card,1,1,0,0,0
C108122,Travel Credit Card,1,1,0,0,0
C108122,Premium Credit Card,1,1,0,0,0
C108123,Premium Credit Card,1,0,0,0,0
C108123,Premium Banking Account,1,0,0,0,0
C108123,Cashback Credit Card,1,1,1,1,0
C108123,Fixed Deposit,1,0,0,0,0
C108124,Premium Credit Card,1,1,0,0,0
C108124,Cashback Credit Card,1,1,0,0,0
C108126,Recurring Deposit,1,0,0,0,0
C108126,Term Insurance,1,0,0,0,0
C108127,Investment Plan (Mutual Fund SIP),1,1,0,0,0
C108127,Premium Credit Card,1,0,0,0,0
C108127,Fuel Credit Card,1,1,0,0,0
C108128,Fuel Credit Card,1,1,1,1,1
C108128,Premium Credit Card,1,1,0,0,0
C108128,Premium Banking Account,1,0,0,0,0
C108128,Cashback Credit Card,1,0,0,0,0
C108128,Home Loan,1,0,0,0,0
C108129,Travel Credit Card,1,0,0,0,0
C108129,Term Insurance,1,0,0,0,0
C108129,Premium Banking Account,1,0,0,0,0
C108129,Investment Plan (Mutual Fund SIP),1,1,0,0,0
C108130,Recurring Deposit,1,1,1,1,1
C108130,Fuel Credit Card,1,1,0,0,0
C108131,Fixed Deposit,1,1,0,0,0
C108131,Cashback Credit Card,1,1,1,1,1
C108131,Term Insurance,1,1,1,0,0
C108132,Travel Credit Card,1,1,0,0,0
C108132,Recurring Deposit,1,1,0,0,0
C108132,Cashback Credit Card,1,1,0,0,0
C108135,Personal Loan,1,1,1,1,1
C108136,Investment Plan (Mutual Fund SIP),1,1,1,0,0
C108136,Premium Banking Account,1,1,1,0,0
C108136,Term Insurance,1,0,0,0,0
C108137,Recurring Deposit,1,1,0,0,0
C108137,Cashback Credit Card,1,1,0,0,0
C108137,Home Loan,1,0,0,0,0
C108137,Fixed Deposit,1,1,0,0,0
C108137,Premium Credit Card,1,1,0,0,0
C108138,Premium Banking Account,1,0,0,0,0
C108138,Investment Plan (Mutual Fund SIP),1,1,0,0,0
C108138,Fixed Deposit,1,0,0,0,0
C108138,Premium Credit Card,1,0,0,0,0
C108139,Term Insurance,1,1,0,0,0
C108139,Fixed Deposit,1,0,0,0,0
C108140,Cashback Credit Card,1,1,0,0,0
C108140,Investment Plan (Mutual Fund SIP),1,0,0,0,0
C108140,Travel Credit Card,1,0,0,0,0
C108140,Home Loan,1,1,0,0,0
C108141,Home Loan,1,0,0,0,0
C108141,Fixed Deposit,1,1,1,0,0
C108141,Travel Credit Card,1,1,0,0,0
C108143,Travel Credit Card,1,1,0,0,0
C108144,Term Insurance,1,1,1,0,0
C108144,Travel Credit Card,1,1,0,0,0
C108145,Personal Loan,1,1,1,0,0
C108145,Travel Credit Card,1,0,0,0,0
C108145,Cashback Credit Card,1,0,0,0,0
C108146,Cashback Credit Card,1,1,0,0,0
C108146,Travel Credit Card,1,0,0,0,0
C108146,Fuel Credit Card,1,0,0,0,0
C108146,Investment Plan (Mutual Fund SIP),1,1,1,1,1
C108146,Premium Banking Account,1,0,0,0,0
C108147,Investment Plan (Mutual Fund SIP),1,1,1,0,0
C108147,Term Insurance,1,0,0,0,0
C108147,Recurring Deposit,1,0,0,0,0
C108147,Travel Credit Card,1,1,1,0,0
C108148,Term Insurance,1,1,1,1,1
C108148,Personal Loan,1,1,1,0,0
C108148,Investment Plan (Mutual Fund SIP),1,0,0,0,0
C108148,Fixed Deposit,1,0,0,0,0
C108148,Premium Credit Card,1,1,1,1,1
C108149,Travel Credit Card,1,0,0,0,0
C108149,Premium Credit Card,1,0,0,0,0
C108149,Term Insurance,1,0,0,0,0
C108150,Premium Banking Account,1,0,0,0,0
C108151,Recurring Deposit,1,0,0,0,0
C108151,Term Insurance,1,0,0,0,0
C108152,Travel Credit Card,1,1,0,0,0
C108152,Premium Credit Card,1,1,0,0,0
C108152,Home Loan,1,1,1,1,1
C108154,Term Insurance,1,0,0,0,0
C108154,Fuel Credit Card,1,0,0,0,0
C108154,Travel Credit Card,1,1,0,0,0
C108154,Fixed Deposit,1,0,0,0,0
C108154,Recurring Deposit,1,1,0,0,0
C108156,Home Loan,1,0,0,0,0
C108156,Recurring Deposit,1,0,0,0,0
C108157,Recurring Deposit,1,1,0,0,0
C108157,Investment Plan (Mutual Fund SIP),1,0,0,0,0
C108157,Home Loan,1,0,0,0,0
C108157,Personal Loan,1,1,1,0,0
C108157,Cashback Credit Card,1,0,0,0,0
C108158,Term Insurance,1,1,0,0,0
C108158,Recurring Deposit,1,0,0,0,0
C108158,Premium Credit Card,1,0,0,0,0
C108159,Fuel Credit Card,1,1,1,0,0
C108159,Personal Loan,1,1,0,0,0
C108159,Term Insurance,1,0,0,0,0
C108159,Recurring Deposit,1,0,0,0,0
C108160,Fuel Credit Card,1,1,0,0,0
C108161,Travel Credit Card,1,0,0,0,0
C108161,Premium Banking Account,1,0,0,0,0
C108161,Premium Credit Card,1,0,0,0,0
C108163,Fixed Deposit,1,0,0,0,0
C108163,Recurring Deposit,1,0,0,0,0
C108164,Premium Credit Card,1,0,0,0,0
C108164,Fixed Deposit,1,0,0,0,0
C108165,Premium Banking Account,1,0,0,0,0
C108166,Premium Banking Account,1,1,1,1,0
C108167,Cashback Credit Card,1,1,1,1,1
C108167,Premium Credit Card,1,1,1,0,0
C108167,Fixed Deposit,1,1,0,0,0
C108167,Recurring Deposit,1,1,0,0,0
C108168,Fuel Credit Card,1,0,0,0,0
C108168,Recurring Deposit,1,1,0,0,0
C108168,Cashback Credit Card,1,1,0,0,0
C108169,Fixed Deposit,1,1,0,0,0
C108169,Travel Credit Card,1,1,0,0,0
C108169,Personal Loan,1,1,0,0,0
C108169,Home Loan,1,1,0,0,0
C108169,Fuel Credit Card,1,1,1,1,1
C108171,Personal Loan,1,0,0,0,0
C108171,Recurring Deposit,1,0,0,0,0
C108171,Premium Banking Account,1,1,1,1,1
C108171,Investment Plan (Mutual Fund SIP),1,1,0,0,0
C108171,Travel Credit Card,1,0,0,0,0
C108172,Fuel Credit Card,1,0,0,0,0
C108173,Premium Credit Card,1,0,0,0,0
C108173,Home Loan,1,1,0,0,0
C108173,Premium Banking Account,1,0,0,0,0
C108173,Term Insurance,1,1,1,1,1
C108174,Premium Banking Account,1,0,0,0,0
C108174,Travel Credit Card,1,1,0,0,0
C108174,Investment Plan (Mutual Fund SIP),1,0,0,0,0
C108174,Term Insurance,1,1,0,0,0
C108174,Fixed Deposit,1,1,1,0,0
C108176,Travel Credit Card,1,0,0,0,0
C108176,Fuel Credit Card,1,0,0,0,0
C108178,Premium Banking Account,1,1,1,1,1
C108178,Home Loan,1,0,0,0,0
C108179,Travel Credit Card,1,1,0,0,0
C108180,Home Loan,1,1,1,1,1
C108181,Term Insurance,1,0,0,0,0
C108181,Fixed Deposit,1,0,0,0,0
C108181,Investment Plan (Mutual Fund SIP),1,1,0,0,0
C108182,Term Insurance,1,0,0,0,0
C108183,Premium Banking Account,1,1,0,0,0
C108183,Cashback Credit Card,1,1,1,0,0
C108183,Personal Loan,1,1,1,1,1
C108184,Cashback Credit Card,1,1,1,0,0
C108184,Personal Loan,1,0,0,0,0
C108184,Recurring Deposit,1,0,0,0,0
C108184,Home Loan,1,0,0,0,0
C108184,Travel Credit Card,1,1,1,1,0
C108186,Cashback Credit Card,1,1,0,0,0
C108186,Travel Credit Card,1,1,0,0,0
C108186,Premium Credit Card,1,1,0,0,0
C108187,Investment Plan (Mutual Fund SIP),1,1,0,0,0
C108188,Fuel Credit Card,1,1,0,0,0
C108190,Investment Plan (Mutual Fund SIP),1,0,0,0,0
C108190,Fixed Deposit,1,1,0,0,0
C108190,Premium Banking Account,1,1,1,1,0
C108190,Fuel Credit Card,1,0,0,0,0
C108191,Home Loan,1,1,1,0,0
C108191,Personal Loan,1,1,0,0,0
C108191,Fuel Credit Card,1,0,0,0,0
C108192,Fixed Deposit,1,0,0,0,0
C108193,Term Insurance,1,1,0,0,0
C108193,Home Loan,1,1,0,0,0
C108193,Recurring Deposit,1,1,1,1,1
C108193,Fixed Deposit,1,0,0,0,0
C108194,Travel Credit Card,1,0,0,0,0
C108194,Recurring Deposit,1,1,0,0,0
C108195,Investment Plan (Mutual Fund SIP),1,1,0,0,0
C108195,Home Loan,1,1,0,0,0
C108195,Personal Loan,1,1,1,1,0
C108195,Travel Credit Card,1,0,0,0,0
C108195,Fixed Deposit,1,0,0,0,0
C108196,Fuel Credit Card,1,0,0,0,0
C108196,Home Loan,1,0,0,0,0
C108196,Fixed Deposit,1,1,0,0,0
C108198,Premium Banking Account,1,1,0,0,0
C108198,Investment Plan (Mutual Fund SIP),1,1,0,0,0
C108198,Travel Credit Card,1,0,0,0,0
C108198,Premium Credit Card,1,0,0,0,0
C108199,Fuel Credit Card,1,0,0,0,0
C108199,Premium Banking Account,1,1,1,1,1
C108199,Cashback Credit Card,1,0,0,0,0
C108200,Term Insurance,1,0,0,0,0
C108200,Cashback Credit Card,1,1,0,0,0
C108201,Home Loan,1,1,0,0,0
C108201,Term Insurance,1,1,1,1,0
C108201,Recurring Deposit,1,0,0,0,0
C108201,Premium Credit Card,1,0,0,0,0
C108202,Premium Banking Account,1,1,1,1,1
C108202,Recurring Deposit,1,0,0,0,0
C108202,Home Loan,1,0,0,0,0
C108202,Fuel Credit Card,1,0,0,0,0
C108203,Premium Banking Account,1,1,0,0,0
C108203,Premium Credit Card,1,0,0,0,0
C108203,Personal Loan,1,1,0,0,0
C108204,Home Loan,1,1,0,0,0
C108204,Premium Credit Card,1,1,0,0,0
C108204,Personal Loan,1,1,0,0,0
C108205,Fuel Credit Card,1,1,0,0,0
C108205,Travel Credit Card,1,0,0,0,0
C108205,Fixed Deposit,1,1,0,0,0
C108205,Personal Loan,1,0,0,0,0
C108205,Home Loan,1,1,1,1,1
C108207,Investment Plan (Mutual Fund SIP),1,1,0,0,0
C108207,Term Insurance,1,1,0,0,0
C108208,Term Insurance,1,0,0,0,0
C108208,Travel Credit Card,1,0,0,0,0
C108208,Fuel Credit Card,1,1,1,1,1
C108209,Personal Loan,1,1,1,0,0
C108209,Premium Banking Account,1,1,0,0,0
C108211,Personal Loan,1,0,0,0,0
C108211,Premium Banking Account,1,1,0,0,0
C108212,Investment Plan (Mutual Fund SIP),1,1,0,0,0
C108212,Cashback Credit Card,1,0,0,0,0
C108213,Cashback Credit Card,1,1,0,0,0
C108213,Home Loan,1,1,0,0,0
C108213,Premium Banking Account,1,1,0,0,0
C108215,Investment Plan (Mutual Fund SIP),1,0,0,0,0
C108216,Fixed Deposit,1,1,1,1,0
C108216,Term Insurance,1,1,0,0,0
C108216,Investment Plan (Mutual Fund SIP),1,0,0,0,0
C108216,Travel Credit Card,1,1,0,0,0
C108216,Cashback Credit Card,1,1,0,0,0
C108218,Cashback Credit Card,1,0,0,0,0
C108218,Fixed Deposit,1,0,0,0,0
C108218,Fuel Credit Card,1,0,0,0,0
C108218,Premium Credit Card,1,0,0,0,0
C108219,Fixed Deposit,1,1,0,0,0
C108219,Personal Loan,1,0,0,0,0
C108219,Recurring Deposit,1,0,0,0,0
C108220,Fixed Deposit,1,1,0,0,0
C108220,Term Insurance,1,0,0,0,0
C108220,Cashback Credit Card,1,0,0,0,0
C108220,Fuel Credit Card,1,1,0,0,0
C108220,Investment Plan (Mutual Fund SIP),1,1,0,0,0
C108221,Fuel Credit Card,1,1,0,0,0
C108221,Premium Banking Account,1,0,0,0,0
C108221,Investment Plan (Mutual Fund SIP),1,1,0,0,0
C108222,Personal Loan,1,1,0,0,0
C108222,Premium Credit Card,1,0,0,0,0
C108222,Term Insurance,1,0,0,0,0
C108222,Cashback Credit Card,1,1,0,0,0
C108222,Investment Plan (Mutual Fund SIP),1,1,1,1,1
C108223,Premium Banking Account,1,1,0,0,0
C108223,Fixed Deposit,1,1,1,1,1
C108223,Recurring Deposit,1,0,0,0,0
C108224,Investment Plan (Mutual Fund SIP),1,0,0,0,0
C108226,Cashback Credit Card,1,1,0,0,0
C108226,Home Loan,1,1,0,0,0
C108227,Premium Credit Card,1,1,0,0,0
C108227,Travel Credit Card,1,1,0,0,0
C108227,Cashback Credit Card,1,1,0,0,0
C108227,Premium Banking Account,1,1,0,0,0
C108227,Personal Loan,1,0,0,0,0
C108228,Recurring Deposit,1,1,0,0,0
C108228,Investment Plan (Mutual Fund SIP),1,0,0,0,0
C108228,Premium Credit Card,1,0,0,0,0
C108228,Personal Loan,1,1,0,0,0
C108229,Personal Loan,1,1,0,0,0
C108230,Term Insurance,1,0,0,0,0
C108230,Premium Banking Account,1,0,0,0,0
C108230,Personal Loan,1,1,0,0,0
C108231,Cashback Credit Card,1,1,0,0,0
C108231,Personal Loan,1,1,1,1,1
C108231,Home Loan,1,0,0,0,0
C108231,Investment Plan (Mutual Fund SIP),1,0,0,0,0
C108232,Cashback Credit Card,1,1,1,1,1
C108232,Fixed Deposit,1,0,0,0,0
C108232,Home Loan,1,0,0,0,0
C108232,Premium Banking Account,1,0,0,0,0
C108233,Home Loan,1,1,0,0,0
C108233,Investment Plan (Mutual Fund SIP),1,1,1,1,1
C108233,Premium Banking Account,1,0,0,0,0
C108233,Term Insurance,1,0,0,0,0
C108233,Premium Credit Card,1,1,0,0,0
C108236,Recurring Deposit,1,0,0,0,0
C108236,Fuel Credit Card,1,1,1,1,1
C108236,Premium Credit Card,1,1,0,0,0
C108236,Fixed Deposit,1,1,1,0,0
C108237,Home Loan,1,0,0,0,0
C108240,Fixed Deposit,1,1,1,1,1
C108240,Personal Loan,1,0,0,0,0
C108241,Fixed Deposit,1,0,0,0,0
C108241,Personal Loan,1,0,0,0,0
C108241,Term Insurance,1,0,0,0,0
C108241,Cashback Credit Card,1,0,0,0,0
C108242,Term Insurance,1,1,0,0,0
C108242,Home Loan,1,0,0,0,0
C108243,Fuel Credit Card,1,1,1,0,0
C108243,Home Loan,1,1,1,1,1
C108243,Recurring Deposit,1,1,0,0,0
C108243,Fixed Deposit,1,1,0,0,0
C108243,Personal Loan,1,1,1,1,1
C108244,Recurring Deposit,1,0,0,0,0
C108244,Travel Credit Card,1,1,0,0,0
C108244,Fuel Credit Card,1,1,1,1,0
C108244,Fixed Deposit,1,1,0,0,0
C108245,Premium Banking Account,1,1,0,0,0
C108245,Cashback Credit Card,1,1,0,0,0
C108245,Term Insurance,1,1,0,0,0
C108245,Travel Credit Card,1,0,0,0,0
C108245,Home Loan,1,1,0,0,0
C108246,Fixed Deposit,1,1,0,0,0
C108247,Premium Banking Account,1,0,0,0,0
C108247,Cashback Credit Card,1,0,0,0,0
C108247,Term Insurance,1,0,0,0,0
C108247,Fixed Deposit,1,1,0,0,0
C108247,Travel Credit Card,1,1,0,0,0
C108248,Premium Banking Account,1,1,0,0,0
C108248,Recurring Deposit,1,0,0,0,0
C108249,Home Loan,1,0,0,0,0
C108251,Recurring Deposit,1,1,1,1,1
C108252,Investment Plan (Mutual Fund SIP),1,1,0,0,0
C108252,Fuel Credit Card,1,1,0,0,0
C108252,Travel Credit Card,1,1,0,0,0
C108253,Investment Plan (Mutual Fund SIP),1,1,0,0,0
C108253,Travel Credit Card,1,0,0,0,0
C108253,Home Loan,1,1,1,1,0
C108253,Cashback Credit Card,1,0,0,0,0
C108254,Recurring Deposit,1,1,0,0,0
C108254,Premium Banking Account,1,1,1,0,0
C108254,Term Insurance,1,0,0,0,0
C108254,Travel Credit Card,1,0,0,0,0
C108254,Fuel Credit Card,1,0,0,0,0
C108255,Investment Plan (Mutual Fund SIP),1,1,0,0,0
C108255,Cashback Credit Card,1,1,1,1,1
C108255,Fuel Credit Card,1,1,0,0,0
C108255,Recurring Deposit,1,1,0,0,0
C108256,Home Loan,1,0,0,0,0
C108256,Premium Credit Card,1,0,0,0,0
C108256,Fuel Credit Card,1,0,0,0,0
C108256,Personal Loan,1,1,1,1,1
C108256,Travel Credit Card,1,1,1,1,1
C108257,Travel Credit Card,1,1,1,1,1
C108257,Fuel Credit Card,1,1,0,0,0
C108257,Premium Banking Account,1,0,0,0,0
C108258,Home Loan,1,0,0,0,0
C108258,Fixed Deposit,1,1,1,1,1
C108258,Premium Credit Card,1,1,0,0,0
C108258,Travel Credit Card,1,1,1,1,1
C108258,Term Insurance,1,0,0,0,0
C108259,Term Insurance,1,1,0,0,0
C108259,Investment Plan (Mutual Fund SIP),1,1,0,0,0
C108259,Premium Credit Card,1,1,1,1,1
C108259,Cashback Credit Card,1,1,1,1,1
C108259,Personal Loan,1,1,1,0,0
C108260,Cashback Credit Card,1,1,1,1,1
C108261,Fuel Credit Card,1,0,0,0,0
C108261,Personal Loan,1,1,1,1,1
C108261,Premium Credit Card,1,1,0,0,0
C108261,Recurring Deposit,1,1,1,0,0
C108262,Premium Banking Account,1,0,0,0,0
C108262,Premium Credit Card,1,1,0,0,0
C108262,Fixed Deposit,1,1,0,0,0
C108262,Fuel Credit Card,1,0,0,0,0
C108262,Travel Credit Card,1,1,0,0,0
C108263,Term Insurance,1,0,0,0,0
C108263,Travel Credit Card,1,1,0,0,0
C108263,Fixed Deposit,1,1,0,0,0
C108263,Fuel Credit Card,1,0,0,0,0
C108264,Term Insurance,1,0,0,0,0
C108264,Premium Credit Card,1,0,0,0,0
C108264,Investment Plan (Mutual Fund SIP),1,1,0,0,0
C108264,Personal Loan,1,0,0,0,0
C108264,Fuel Credit Card,1,1,0,0,0
C108265,Home Loan,1,0,0,0,0
C108266,Premium Credit Card,1,1,0,0,0
C108266,Personal Loan,1,0,0,0,0
C108267,Fixed Deposit,1,0,0,0,0
C108267,Term Insurance,1,1,1,1,1
C108267,Fuel Credit Card,1,1,1,0,0
C108267,Cashback Credit Card,1,0,0,0,0
C108268,Cashback Credit Card,1,0,0,0,0
C108269,Home Loan,1,1,0,0,0
C108269,Term Insurance,1,0,0,0,0
C108270,Personal Loan,1,1,0,0,0
C108270,Recurring Deposit,1,0,0,0,0
C108270,Fixed Deposit,1,1,0,0,0
C108270,Travel Credit Card,1,0,0,0,0
C108270,Home Loan,1,0,0,0,0
C108271,Recurring Deposit,1,0,0,0,0
C108271,Travel Credit Card,1,0,0,0,0
C108273,Travel Credit Card,1,0,0,0,0
C108273,Fuel Credit Card,1,0,0,0,0
C108273,Premium Banking Account,1,1,0,0,0
C108273,Personal Loan,1,1,0,0,0
C108273,Term Insurance,1,0,0,0,0
C108275,Recurring Deposit,1,1,0,0,0
C108276,Premium Banking Account,1,0,0,0,0
C108276,Fuel Credit Card,1,0,0,0,0
C108276,Travel Credit Card,1,1,0,0,0
C108276,Investment Plan (Mutual Fund SIP),1,0,0,0,0
C108277,Fixed Deposit,1,0,0,0,0
C108277,Cashback Credit Card,1,1,0,0,0
C108277,Fuel Credit Card,1,0,0,0,0
C108278,Term Insurance,1,1,0,0,0
C108279,Premium Credit Card,1,0,0,0,0
C108279,Personal Loan,1,1,0,0,0
C108279,Fixed Deposit,1,1,1,1,1
C108279,Premium Banking Account,1,1,0,0,0
C108280,Term Insurance,1,1,0,0,0
C108281,Investment Plan (Mutual Fund SIP),1,1,0,0,0
C108281,Cashback Credit Card,1,0,0,0,0
C108281,Premium Credit Card,1,1,0,0,0
C108281,Fixed Deposit,1,1,0,0,0
C108282,Home Loan,1,1,0,0,0
C108282,Cashback Credit Card,1,0,0,0,0
C108282,Premium Credit Card,1,0,0,0,0
C108282,Recurring Deposit,1,1,0,0,0
C108282,Investment Plan (Mutual Fund SIP),1,1,0,0,0
C108283,Personal Loan,1,0,0,0,0
C108283,Fixed Deposit,1,0,0,0,0
C108283,Home Loan,1,1,0,0,0
C108283,Investment Plan (Mutual Fund SIP),1,1,1,1,1
C108284,Recurring Deposit,1,0,0,0,0
C108284,Premium Credit Card,1,0,0,0,0
C108284,Fuel Credit Card,1,1,0,0,0
C108284,Term Insurance,1,0,0,0,0
C108284,Premium Banking Account,1,1,0,0,0
C108285,Fixed Deposit,1,0,0,0,0
C108285,Home Loan,1,1,0,0,0
C108285,Travel Credit Card,1,1,1,0,0
C108285,Recurring Deposit,1,1,0,0,0
C108286,Travel Credit Card,1,1,0,0,0
C108286,Fuel Credit Card,1,1,0,0,0
C108286,Term Insurance,1,0,0,0,0
C108287,Premium Credit Card,1,0,0,0,0
C108287,Home Loan,1,1,0,0,0
C108287,Fuel Credit Card,1,1,1,1,1
C108287,Travel Credit Card,1,1,0,0,0
C108288,Travel Credit Card,1,0,0,0,0
C108290,Investment Plan (Mutual Fund SIP),1,1,0,0,0
C108290,Premium Banking Account,1,0,0,0,0
C108290,Premium Credit Card,1,1,0,0,0
C108291,Fixed Deposit,1,1,0,0,0
C108291,Recurring Deposit,1,1,1,1,0
C108291,Travel Credit Card,1,0,0,0,0
C108291,Fuel Credit Card,1,1,0,0,0
C108292,Personal Loan,1,1,0,0,0
C108292,Recurring Deposit,1,0,0,0,0
C108293,Home Loan,1,0,0,0,0
C108293,Premium Credit Card,1,0,0,0,0
C108293,Travel Credit Card,1,1,0,0,0
C108293,Term Insurance,1,0,0,0,0
C108294,Recurring Deposit,1,1,0,0,0
C108295,Term Insurance,1,1,0,0,0
C108295,Investment Plan (Mutual Fund SIP),1,1,0,0,0
C108295,Personal Loan,1,0,0,0,0
C108296,Term Insurance,1,1,1,0,0
C108296,Fixed Deposit,1,1,0,0,0
C108296,Personal Loan,1,0,0,0,0
C108296,Fuel Credit Card,1,1,0,0,0
C108297,Premium Credit Card,1,1,0,0,0
C108299,Premium Banking Account,1,0,0,0,0
C108299,Term Insurance,1,0,0,0,0
C108299,Recurring Deposit,1,0,0,0,0
C108300,Term Insurance,1,1,0,0,0
C108300,Premium Credit Card,1,1,0,0,0
C108300,Travel Credit Card,1,1,0,0,0
C108300,Personal Loan,1,1,0,0,0
C108301,Home Loan,1,0,0,0,0
C108301,Premium Banking Account,1,0,0,0,0
C108301,Personal Loan,1,0,0,0,0
C108301,Term Insurance,1,1,0,0,0
C108303,Recurring Deposit,1,1,0,0,0
C108303,Cashback Credit Card,1,0,0,0,0
C108303,Premium Banking Account,1,1,1,1,1
C108304,Investment Plan (Mutual Fund SIP),1,0,0,0,0
C108304,Term Insurance,1,1,0,0,0
C108304,Cashback Credit Card,1,1,0,0,0
C108304,Fixed Deposit,1,0,0,0,0
C108304,Premium Credit Card,1,1,0,0,0
C108305,Personal Loan,1,0,0,0,0
C108305,Fixed Deposit,1,0,0,0,0
C108305,Investment Plan (Mutual Fund SIP),1,1,0,0,0
C108305,Premium Banking Account,1,0,0,0,0
C108307,Home Loan,1,1,0,0,0
C108307,Fuel Credit Card,1,1,1,1,1
C108307,Premium Credit Card,1,0,0,0,0
C108307,Travel Credit Card,1,1,0,0,0
C108307,Fixed Deposit,1,0,0,0,0
C108308,Recurring Deposit,1,0,0,0,0
C108308,Term Insurance,1,1,1,0,0
C108308,Home Loan,1,1,0,0,0
C108308,Premium Banking Account,1,1,0,0,0
C108309,Cashback Credit Card,1,1,0,0,0
C108310,Fuel Credit Card,1,1,1,1,1
C108310,Investment Plan (Mutual Fund SIP),1,1,0,0,0
C108310,Term Insurance,1,0,0,0,0
C108311,Travel Credit Card,1,1,1,1,1
C108311,Investment Plan (Mutual Fund SIP),1,0,0,0,0
C108311,Cashback Credit Card,1,1,0,0,0
C108311,Home Loan,1,0,0,0,0
C108312,Personal Loan,1,0,0,0,0
C108312,Home Loan,1,1,0,0,0
C108312,Fixed Deposit,1,0,0,0,0
C108312,Term Insurance,1,1,0,0,0
C108313,Fuel Credit Card,1,0,0,0,0
C108314,Fuel Credit Card,1,0,0,0,0
C108314,Investment Plan (Mutual Fund SIP),1,1,0,0,0
C108314,Term Insurance,1,1,1,0,0
C108314,Recurring Deposit,1,0,0,0,0
C108314,Cashback Credit Card,1,0,0,0,0
C108315,Investment Plan (Mutual Fund SIP),1,0,0,0,0
C108316,Fixed Deposit,1,1,0,0,0
C108317,Investment Plan (Mutual Fund SIP),1,1,0,0,0
C108319,Home Loan,1,1,1,0,0
C108319,Investment Plan (Mutual Fund SIP),1,0,0,0,0
C108319,Term Insurance,1,0,0,0,0
C108320,Personal Loan,1,1,0,0,0
C108320,Investment Plan (Mutual Fund SIP),1,1,1,1,1
C108320,Home Loan,1,0,0,0,0
C108320,Travel Credit Card,1,1,1,0,0
C108321,Travel Credit Card,1,1,1,0,0
C108321,Fixed Deposit,1,0,0,0,0
C108321,Fuel Credit Card,1,0,0,0,0
C108322,Investment Plan (Mutual Fund SIP),1,1,0,0,0
C108322,Personal Loan,1,1,1,1,1
C108323,Personal Loan,1,0,0,0,0
C108323,Recurring Deposit,1,0,0,0,0
C108324,Premium Banking Account,1,1,0,0,0
C108324,Fuel Credit Card,1,1,1,0,0
C108324,Fixed Deposit,1,0,0,0,0
C108325,Home Loan,1,0,0,0,0
C108325,Premium Banking Account,1,1,1,1,1
C108325,Fixed Deposit,1,1,0,0,0
C108325,Premium Credit Card,1,1,0,0,0
C108325,Travel Credit Card,1,1,1,1,1
C108326,Premium Credit Card,1,0,0,0,0
C108326,Recurring Deposit,1,0,0,0,0
C108326,Travel Credit Card,1,0,0,0,0
C108326,Cashback Credit Card,1,0,0,0,0
C108327,Cashback Credit Card,1,1,1,1,1
C108327,Home Loan,1,1,1,1,1
C108327,Premium Credit Card,1,1,1,0,0
C108327,Investment Plan (Mutual Fund SIP),1,0,0,0,0
C108328,Term Insurance,1,1,1,1,1
C108328,Cashback Credit Card,1,1,0,0,0
C108328,Fixed Deposit,1,0,0,0,0
C108328,Home Loan,1,0,0,0,0
C108329,Home Loan,1,1,1,1,1
C108329,Fixed Deposit,1,1,1,1,1
C108329,Cashback Credit Card,1,0,0,0,0
C108329,Term Insurance,1,0,0,0,0
C108329,Travel Credit Card,1,0,0,0,0
C108331,Personal Loan,1,1,0,0,0
C108333,Recurring Deposit,1,0,0,0,0
C108333,Home Loan,1,0,0,0,0
C108333,Term Insurance,1,1,0,0,0
C108334,Fuel Credit Card,1,1,0,0,0
C108335,Premium Banking Account,1,0,0,0,0
C108335,Investment Plan (Mutual Fund SIP),1,1,1,1,1
C108335,Cashback Credit Card,1,1,0,0,0
C108335,Premium Credit Card,1,0,0,0,0
C108335,Travel Credit Card,1,1,0,0,0
C108336,Term Insurance,1,1,1,0,0
C108336,Personal Loan,1,1,0,0,0
C108336,Fixed Deposit,1,1,0,0,0
C108336,Recurring Deposit,1,0,0,0,0
C108336,Premium Banking Account,1,1,1,1,1
C108337,Travel Credit Card,1,0,0,0,0
C108337,Premium Banking Account,1,1,1,1,1
C108337,Fuel Credit Card,1,1,0,0,0
C108337,Personal Loan,1,1,1,1,1
C108337,Fixed Deposit,1,1,1,0,0
C108338,Term Insurance,1,0,0,0,0
C108338,Recurring Deposit,1,1,0,0,0
C108338,Travel Credit Card,1,0,0,0,0
C108338,Personal Loan,1,1,0,0,0
C108338,Fuel Credit Card,1,1,0,0,0
C108339,Recurring Deposit,1,1,0,0,0
C108339,Premium Banking Account,1,1,1,1,1
C108339,Cashback Credit Card,1,0,0,0,0
C108341,Fuel Credit Card,1,1,0,0,0
C108341,Premium Banking Account,1,0,0,0,0
C108341,Fixed Deposit,1,0,0,0,0
C108342,Recurring Deposit,1,1,0,0,0
C108342,Term Insurance,1,1,0,0,0
C108342,Travel Credit Card,1,0,0,0,0
C108343,Fixed Deposit,1,0,0,0,0
C108343,Fuel Credit Card,1,1,0,0,0
C108344,Home Loan,1,1,0,0,0
C108344,Premium Credit Card,1,1,0,0,0
C108344,Personal Loan,1,1,1,1,0
C108344,Premium Banking Account,1,0,0,0,0
C108344,Recurring Deposit,1,1,1,1,1
C108345,Home Loan,1,1,0,0,0
C108345,Fixed Deposit,1,1,0,0,0
C108345,Fuel Credit Card,1,1,0,0,0
C108346,Term Insurance,1,1,1,0,0
C108346,Investment Plan (Mutual Fund SIP),1,1,1,1,1
C108346,Cashback Credit Card,1,1,1,0,0
C108348,Travel Credit Card,1,1,1,1,1
C108348,Premium Banking Account,1,1,1,1,1
C108348,Term Insurance,1,0,0,0,0
C108349,Personal Loan,1,0,0,0,0
C108351,Term Insurance,1,1,0,0,0
C108351,Cashback Credit Card,1,0,0,0,0
C108351,Recurring Deposit,1,0,0,0,0
C108351,Home Loan,1,1,0,0,0
C108352,Premium Banking Account,1,0,0,0,0
C108352,Home Loan,1,1,0,0,0
C108352,Fuel Credit Card,1,1,0,0,0
C108352,Fixed Deposit,1,0,0,0,0
C108353,Cashback Credit Card,1,1,0,0,0
C108353,Fuel Credit Card,1,1,0,0,0
C108353,Personal Loan,1,0,0,0,0
C108353,Term Insurance,1,0,0,0,0
C108354,Fixed Deposit,1,0,0,0,0
C108354,Personal Loan,1,0,0,0,0
C108354,Travel Credit Card,1,1,0,0,0
C108354,Term Insurance,1,1,1,0,0
C108355,Travel Credit Card,1,0,0,0,0
C108355,Premium Credit Card,1,1,0,0,0
C108355,Term Insurance,1,1,1,0,0
C108355,Investment Plan (Mutual Fund SIP),1,0,0,0,0
C108356,Home Loan,1,1,1,1,1
C108357,Recurring Deposit,1,1,0,0,0
C108357,Investment Plan (Mutual Fund SIP),1,1,1,1,0
C108357,Personal Loan,1,1,1,0,0
C108357,Premium Banking Account,1,1,0,0,0
C108358,Recurring Deposit,1,1,1,1,1
C108359,Investment Plan (Mutual Fund SIP),1,1,0,0,0
C108359,Travel Credit Card,1,1,0,0,0
C108359,Personal Loan,1,1,1,1,1
C108360,Investment Plan (Mutual Fund SIP),1,0,0,0,0
C108360,Personal Loan,1,1,1,0,0
C108360,Fixed Deposit,1,1,0,0,0
C108361,Home Loan,1,0,0,0,0
C108361,Fixed Deposit,1,1,1,1,1
C108362,Travel Credit Card,1,1,1,1,1
C108362,Fixed Deposit,1,0,0,0,0
C108364,Personal Loan,1,0,0,0,0
C108364,Investment Plan (Mutual Fund SIP),1,0,0,0,0
C108365,Fuel Credit Card,1,0,0,0,0
C108366,Term Insurance,1,1,0,0,0
C108367,Personal Loan,1,1,0,0,0
C108367,Investment Plan (Mutual Fund SIP),1,1,1,1,0
C108368,Investment Plan (Mutual Fund SIP),1,0,0,0,0
C108368,Premium Banking Account,1,0,0,0,0
C108368,Fixed Deposit,1,1,1,1,1
C108368,Recurring Deposit,1,1,0,0,0
C108369,Premium Banking Account,1,0,0,0,0
C108369,Term Insurance,1,0,0,0,0
C108370,Home Loan,1,1,0,0,0
C108370,Fixed Deposit,1,0,0,0,0
C108370,Cashback Credit Card,1,1,0,0,0
C108370,Premium Banking Account,1,1,0,0,0
C108371,Home Loan,1,1,0,0,0
C108371,Investment Plan (Mutual Fund SIP),1,1,1,0,0
C108371,Term Insurance,1,1,0,0,0
C108371,Premium Credit Card,1,1,0,0,0
C108371,Recurring Deposit,1,1,1,1,1
C108372,Premium Credit Card,1,1,0,0,0
C108373,Travel Credit Card,1,1,0,0,0
C108374,Investment Plan (Mutual Fund SIP),1,1,0,0,0
C108375,Recurring Deposit,1,1,1,0,0
C108375,Personal Loan,1,1,0,0,0
C108375,Fixed Deposit,1,0,0,0,0
C108375,Premium Credit Card,1,1,1,0,0
C108375,Cashback Credit Card,1,0,0,0,0
C108376,Home Loan,1,1,1,1,1
C108376,Fuel Credit Card,1,0,0,0,0
C108377,Home Loan,1,0,0,0,0
C108377,Travel Credit Card,1,1,0,0,0
C108377,Cashback Credit Card,1,1,1,0,0
C108377,Personal Loan,1,1,0,0,0
C108378,Premium Credit Card,1,1,0,0,0
C108379,Recurring Deposit,1,0,0,0,0
C108379,Fixed Deposit,1,0,0,0,0
C108380,Term Insurance,1,0,0,0,0
C108380,Fuel Credit Card,1,0,0,0,0
C108380,Premium Credit Card,1,1,1,1,1
C108380,Fixed Deposit,1,0,0,0,0
C108381,Personal Loan,1,1,0,0,0
C108381,Fuel Credit Card,1,0,0,0,0
C108381,Fixed Deposit,1,1,1,1,0
C108382,Premium Credit Card,1,0,0,0,0
C108382,Travel Credit Card,1,1,0,0,0
C108382,Home Loan,1,0,0,0,0
C108382,Fuel Credit Card,1,1,0,0,0
C108382,Fixed Deposit,1,1,0,0,0
C108383,Fixed Deposit,1,0,0,0,0
C108383,Recurring Deposit,1,1,0,0,0
C108383,Cashback Credit Card,1,1,0,0,0
C108383,Personal Loan,1,1,0,0,0
C108384,Fixed Deposit,1,0,0,0,0
C108386,Term Insurance,1,0,0,0,0
C108386,Fixed Deposit,1,0,0,0,0
C108386,Recurring Deposit,1,0,0,0,0
C108388,Recurring Deposit,1,0,0,0,0
C108388,Fuel Credit Card,1,1,0,0,0
C108388,Home Loan,1,0,0,0,0
C108389,Premium Banking Account,1,0,0,0,0
C108389,Term Insurance,1,0,0,0,0
C108390,Personal Loan,1,1,1,0,0
C108390,Premium Credit Card,1,1,1,1,1
C108390,Premium Banking Account,1,0,0,0,0
C108390,Investment Plan (Mutual Fund SIP),1,1,1,1,1
C108391,Fixed Deposit,1,1,0,0,0
C108392,Cashback Credit Card,1,1,0,0,0
C108393,Premium Credit Card,1,1,0,0,0
C108393,Personal Loan,1,1,1,1,1
C108394,Fixed Deposit,1,0,0,0,0
C108394,Term Insurance,1,0,0,0,0
C108394,Recurring Deposit,1,1,0,0,0
C108394,Investment Plan (Mutual Fund SIP),1,0,0,0,0
C108394,Personal Loan,1,1,0,0,0
C108395,Cashback Credit Card,1,1,0,0,0
C108395,Personal Loan,1,0,0,0,0
C108395,Fixed Deposit,1,0,0,0,0
C108396,Premium Credit Card,1,1,0,0,0
C108397,Recurring Deposit,1,0,0,0,0
C108397,Home Loan,1,1,0,0,0
C108397,Travel Credit Card,1,0,0,0,0
C108398,Home Loan,1,1,0,0,0
C108398,Travel Credit Card,1,0,0,0,0
C108399,Fixed Deposit,1,0,0,0,0
C108399,Premium Credit Card,1,0,0,0,0
C108399,Travel Credit Card,1,0,0,0,0
C108400,Recurring Deposit,1,1,1,0,0
C108400,Personal Loan,1,0,0,0,0
C108400,Cashback Credit Card,1,0,0,0,0
C108400,Fuel Credit Card,1,1,1,1,0
C108402,Premium Banking Account,1,1,1,1,1
C108402,Term Insurance,1,0,0,0,0
C108403,Travel Credit Card,1,0,0,0,0
C108403,Term Insurance,1,1,0,0,0
C108404,Personal Loan,1,0,0,0,0
C108404,Recurring Deposit,1,1,1,1,0
C108404,Home Loan,1,1,0,0,0
C108404,Term Insurance,1,0,0,0,0
C108404,Investment Plan (Mutual Fund SIP),1,1,1,1,1
C108405,Travel Credit Card,1,0,0,0,0
C108406,Fuel Credit Card,1,0,0,0,0
C108406,Travel Credit Card,1,1,1,1,1
C108406,Home Loan,1,0,0,0,0
C108406,Premium Banking Account,1,0,0,0,0
C108407,Cashback Credit Card,1,0,0,0,0
C108407,Fixed Deposit,1,1,1,1,1
C108407,Premium Credit Card,1,1,1,1,0
C108407,Personal Loan,1,1,1,1,0
C108408,Fuel Credit Card,1,1,0,0,0
C108408,Fixed Deposit,1,1,0,0,0
C108408,Premium Banking Account,1,1,0,0,0
C108408,Term Insurance,1,1,0,0,0
C108408,Personal Loan,1,1,0,0,0
C108409,Fuel Credit Card,1,1,0,0,0
C108409,Term Insurance,1,1,0,0,0
C108409,Premium Banking Account,1,0,0,0,0
C108409,Cashback Credit Card,1,0,0,0,0
C108409,Premium Credit Card,1,1,0,0,0
C108410,Travel Credit Card,1,1,1,1,1
C108411,Term Insurance,1,1,0,0,0
C108411,Fixed Deposit,1,1,1,0,0
C108411,Cashback Credit Card,1,1,1,1,1
C108412,Premium Credit Card,1,1,0,0,0
C108412,Recurring Deposit,1,1,0,0,0
C108412,Premium Banking Account,1,0,0,0,0
C108413,Home Loan,1,1,1,1,1
C108413,Travel Credit Card,1,1,0,0,0
C108413,Personal Loan,1,1,0,0,0
C108414,Recurring Deposit,1,1,1,0,0
C108414,Travel Credit Card,1,0,0,0,0
C108414,Premium Banking Account,1,0,0,0,0
C108414,Term Insurance,1,0,0,0,0
C108416,Travel Credit Card,1,0,0,0,0
C108416,Cashback Credit Card,1,1,0,0,0
C108417,Fixed Deposit,1,1,1,1,1
C108417,Cashback Credit Card,1,0,0,0,0
C108417,Home Loan,1,1,1,1,0
C108417,Recurring Deposit,1,0,0,0,0
C108418,Personal Loan,1,0,0,0,0
C108419,Travel Credit Card,1,1,0,0,0
C108419,Recurring Deposit,1,1,1,1,1
C108419,Home Loan,1,1,0,0,0
C108420,Home Loan,1,0,0,0,0
C108421,Term Insurance,1,1,0,0,0
C108421,Cashback Credit Card,1,0,0,0,0
C108422,Fuel Credit Card,1,0,0,0,0
C108422,Travel Credit Card,1,1,1,1,1
C108422,Premium Banking Account,1,1,0,0,0
C108422,Premium Credit Card,1,1,0,0,0
C108423,Fixed Deposit,1,0,0,0,0
C108423,Recurring Deposit,1,0,0,0,0
C108423,Premium Banking Account,1,0,0,0,0
C108423,Fuel Credit Card,1,1,0,0,0
C108423,Travel Credit Card,1,1,1,0,0
C108424,Premium Credit Card,1,1,0,0,0
C108425,Cashback Credit Card,1,0,0,0,0
C108425,Fixed Deposit,1,0,0,0,0
C108425,Personal Loan,1,0,0,0,0
C108425,Travel Credit Card,1,0,0,0,0
C108425,Premium Credit Card,1,0,0,0,0
C108427,Home Loan,1,1,0,0,0
C108427,Recurring Deposit,1,0,0,0,0
C108427,Premium Credit Card,1,0,0,0,0
C108427,Fixed Deposit,1,1,0,0,0
C108428,Fuel Credit Card,1,1,0,0,0
C108428,Premium Banking Account,1,1,1,1,1
C108428,Term Insurance,1,0,0,0,0
C108429,Premium Credit Card,1,1,0,0,0
C108429,Cashback Credit Card,1,1,0,0,0
C108430,Fixed Deposit,1,0,0,0,0
C108430,Personal Loan,1,1,0,0,0
C108430,Term Insurance,1,0,0,0,0
C108430,Investment Plan (Mutual Fund SIP),1,1,1,1,1
C108431,Cashback Credit Card,1,0,0,0,0
C108432,Home Loan,1,1,0,0,0
C108432,Fuel Credit Card,1,1,1,1,1
C108432,Fixed Deposit,1,1,1,1,1
C108432,Premium Banking Account,1,1,0,0,0
C108433,Premium Banking Account,1,0,0,0,0
C108433,Home Loan,1,0,0,0,0
C108433,Premium Credit Card,1,1,1,1,0
C108433,Cashback Credit Card,1,1,0,0,0
C108434,Cashback Credit Card,1,1,1,1,0
C108434,Recurring Deposit,1,1,0,0,0
C108435,Cashback Credit Card,1,0,0,0,0
C108435,Recurring Deposit,1,0,0,0,0
C108435,Term Insurance,1,1,0,0,0
C108435,Investment Plan (Mutual Fund SIP),1,0,0,0,0
C108435,Premium Credit Card,1,1,0,0,0
C108436,Home Loan,1,0,0,0,0
C108436,Recurring Deposit,1,1,1,1,1
C108436,Fixed Deposit,1,1,1,1,1
C108437,Premium Credit Card,1,0,0,0,0
C108437,Fixed Deposit,1,1,1,1,1
C108440,Cashback Credit Card,1,1,1,1,1
C108440,Fuel Credit Card,1,1,0,0,0
C108440,Premium Credit Card,1,0,0,0,0
C108441,Investment Plan (Mutual Fund SIP),1,0,0,0,0
C108441,Home Loan,1,1,0,0,0
C108441,Travel Credit Card,1,1,0,0,0
C108441,Premium Credit Card,1,0,0,0,0
C108442,Investment Plan (Mutual Fund SIP),1,1,0,0,0
C108442,Term Insurance,1,0,0,0,0
C108442,Fixed Deposit,1,0,0,0,0
C108444,Term Insurance,1,0,0,0,0
C108444,Home Loan,1,1,0,0,0
C108445,Travel Credit Card,1,1,1,1,0
C108446,Premium Banking Account,1,1,0,0,0
C108446,Travel Credit Card,1,0,0,0,0
C108446,Recurring Deposit,1,0,0,0,0
C108447,Premium Credit Card,1,1,1,0,0
C108448,Home Loan,1,1,1,0,0
C108448,Investment Plan (Mutual Fund SIP),1,0,0,0,0
C108448,Cashback Credit Card,1,1,0,0,0
C108448,Travel Credit Card,1,1,0,0,0
C108448,Term Insurance,1,1,0,0,0
C108449,Home Loan,1,1,1,1,1
C108449,Premium Credit Card,1,0,0,0,0
C108449,Premium Banking Account,1,1,1,1,1
C108450,Home Loan,1,1,1,0,0
C108450,Cashback Credit Card,1,0,0,0,0
C108451,Investment Plan (Mutual Fund SIP),1,0,0,0,0
C108451,Fuel Credit Card,1,1,0,0,0
C108451,Recurring Deposit,1,1,1,1,1
C108451,Premium Credit Card,1,0,0,0,0
C108451,Travel Credit Card,1,1,0,0,0
C108452,Premium Credit Card,1,1,0,0,0
C108453,Premium Banking Account,1,1,0,0,0
C108454,Premium Credit Card,1,0,0,0,0
C108454,Travel Credit Card,1,0,0,0,0
C108454,Fixed Deposit,1,1,0,0,0
C108455,Home Loan,1,1,1,1,1
C108455,Investment Plan (Mutual Fund SIP),1,0,0,0,0
C108455,Travel Credit Card,1,1,0,0,0
C108455,Fuel Credit Card,1,1,1,1,1
C108456,Recurring Deposit,1,0,0,0,0
C108456,Investment Plan (Mutual Fund SIP),1,1,0,0,0
C108457,Fixed Deposit,1,1,0,0,0
C108458,Term Insurance,1,1,1,1,1
C108458,Recurring Deposit,1,0,0,0,0
C108458,Investment Plan (Mutual Fund SIP),1,1,0,0,0
C108458,Fuel Credit Card,1,0,0,0,0
C108458,Cashback Credit Card,1,0,0,0,0
C108459,Fixed Deposit,1,1,0,0,0
C108460,Fixed Deposit,1,0,0,0,0
C108460,Cashback Credit Card,1,1,1,1,0
C108460,Home Loan,1,1,1,1,0
C108461,Fuel Credit Card,1,1,0,0,0
C108461,Recurring Deposit,1,0,0,0,0
C108461,Fixed Deposit,1,0,0,0,0
C108462,Recurring Deposit,1,1,0,0,0
C108463,Home Loan,1,1,0,0,0
C108463,Cashback Credit Card,1,0,0,0,0
C108463,Term Insurance,1,1,0,0,0
C108463,Recurring Deposit,1,0,0,0,0
C108465,Home Loan,1,1,1,0,0
C108465,Investment Plan (Mutual Fund SIP),1,0,0,0,0
C108465,Premium Banking Account,1,1,1,1,1
C108465,Recurring Deposit,1,0,0,0,0
C108465,Term Insurance,1,0,0,0,0
C108466,Fixed Deposit,1,1,0,0,0
C108466,Cashback Credit Card,1,0,0,0,0
C108466,Premium Banking Account,1,1,0,0,0
C108467,Premium Banking Account,1,0,0,0,0
C108467,Premium Credit Card,1,1,0,0,0
C108467,Term Insurance,1,1,1,1,1
C108468,Cashback Credit Card,1,1,1,1,1
C108470,Personal Loan,1,0,0,0,0
C108470,Fixed Deposit,1,0,0,0,0
C108470,Recurring Deposit,1,1,0,0,0
C108471,Term Insurance,1,0,0,0,0
C108472,Cashback Credit Card,1,1,0,0,0
C108472,Fuel Credit Card,1,1,0,0,0
C108472,Premium Credit Card,1,0,0,0,0
C108473,Fixed Deposit,1,1,0,0,0
C108473,Personal Loan,1,1,0,0,0
C108475,Term Insurance,1,0,0,0,0
C108476,Premium Banking Account,1,0,0,0,0
C108476,Personal Loan,1,1,1,1,0
C108476,Investment Plan (Mutual Fund SIP),1,0,0,0,0
C108477,Cashback Credit Card,1,0,0,0,0
C108477,Travel Credit Card,1,1,1,0,0
C108477,Home Loan,1,0,0,0,0
C108477,Premium Banking Account,1,0,0,0,0
C108478,Fixed Deposit,1,1,0,0,0
C108478,Personal Loan,1,0,0,0,0
C108478,Term Insurance,1,1,1,1,1
C108478,Recurring Deposit,1,0,0,0,0
C108479,Home Loan,1,0,0,0,0
C108479,Personal Loan,1,1,0,0,0
C108479,Cashback Credit Card,1,0,0,0,0
C108481,Fixed Deposit,1,1,0,0,0
C108482,Personal Loan,1,0,0,0,0
C108482,Term Insurance,1,1,0,0,0
C108483,Recurring Deposit,1,1,1,0,0
C108484,Fuel Credit Card,1,0,0,0,0
C108485,Investment Plan (Mutual Fund SIP),1,0,0,0,0
C108485,Recurring Deposit,1,0,0,0,0
C108485,Travel Credit Card,1,1,0,0,0
C108486,Recurring Deposit,1,0,0,0,0
C108486,Fuel Credit Card,1,0,0,0,0
C108486,Premium Credit Card,1,0,0,0,0
C108487,Fuel Credit Card,1,0,0,0,0
C108487,Recurring Deposit,1,1,0,0,0
C108487,Fixed Deposit,1,1,1,1,1
C108487,Travel Credit Card,1,1,1,1,1
C108487,Premium Banking Account,1,1,0,0,0
C108488,Home Loan,1,1,0,0,0
C108488,Personal Loan,1,0,0,0,0
C108488,Recurring Deposit,1,0,0,0,0
C108488,Cashback Credit Card,1,1,0,0,0
C108488,Fuel Credit Card,1,1,1,1,1
C108489,Premium Credit Card,1,0,0,0,0
C108489,Fixed Deposit,1,0,0,0,0
C108489,Home Loan,1,0,0,0,0
C108490,Home Loan,1,0,0,0,0
C108490,Recurring Deposit,1,1,0,0,0
C108490,Fuel Credit Card,1,0,0,0,0
C108491,Personal Loan,1,1,0,0,0
C108492,Fixed Deposit,1,1,0,0,0
C108492,Fuel Credit Card,1,1,1,1,1
C108492,Personal Loan,1,0,0,0,0
C108494,Travel Credit Card,1,0,0,0,0
C108494,Investment Plan (Mutual Fund SIP),1,1,0,0,0
C108495,Home Loan,1,1,0,0,0
C108495,Recurring Deposit,1,0,0,0,0
C108495,Premium Credit Card,1,0,0,0,0
C108495,Premium Banking Account,1,1,0,0,0
C108496,Premium Credit Card,1,1,0,0,0
C108496,Recurring Deposit,1,1,0,0,0
C108496,Fixed Deposit,1,0,0,0,0
C108497,Premium Credit Card,1,1,0,0,0
C108497,Recurring Deposit,1,0,0,0,0
C108497,Term Insurance,1,0,0,0,0
C108497,Investment Plan (Mutual Fund SIP),1,0,0,0,0
C108498,Premium Banking Account,1,1,0,0,0
C108498,Investment Plan (Mutual Fund SIP),1,1,0,0,0
C108498,Premium Credit Card,1,0,0,0,0
C108498,Personal Loan,1,1,0,0,0
C108500,Cashback Credit Card,1,0,0,0,0
C108501,Home Loan,1,1,1,0,0
C108501,Premium Credit Card,1,1,0,0,0
C108502,Term Insurance,1,0,0,0,0
C108502,Recurring Deposit,1,0,0,0,0
C108502,Home Loan,1,1,0,0,0
C108502,Fixed Deposit,1,1,1,1,1
C108503,Investment Plan (Mutual Fund SIP),1,0,0,0,0
C108503,Term Insurance,1,1,0,0,0
C108503,Travel Credit Card,1,1,0,0,0
C108503,Cashback Credit Card,1,1,1,1,0
C108503,Fixed Deposit,1,1,0,0,0
C108504,Fuel Credit Card,1,0,0,0,0
C108504,Personal Loan,1,0,0,0,0
C108504,Term Insurance,1,0,0,0,0
C108504,Investment Plan (Mutual Fund SIP),1,0,0,0,0
C108505,Cashback Credit Card,1,0,0,0,0
C108506,Personal Loan,1,0,0,0,0
C108506,Travel Credit Card,1,0,0,0,0
C108508,Term Insurance,1,0,0,0,0
C108508,Premium Banking Account,1,0,0,0,0
C108508,Premium Credit Card,1,1,1,1,1
C108509,Cashback Credit Card,1,1,1,1,1
C108510,Home Loan,1,1,0,0,0
C108510,Personal Loan,1,1,0,0,0
C108511,Travel Credit Card,1,1,1,0,0
C108512,Investment Plan (Mutual Fund SIP),1,1,1,1,1
C108512,Premium Credit Card,1,0,0,0,0
C108512,Travel Credit Card,1,1,1,1,1
C108512,Premium Banking Account,1,0,0,0,0
C108512,Home Loan,1,0,0,0,0
C108513,Personal Loan,1,1,0,0,0
C108513,Home Loan,1,1,0,0,0
C108513,Term Insurance,1,1,1,1,1
C108513,Fixed Deposit,1,1,0,0,0
C108513,Recurring Deposit,1,0,0,0,0
C108514,Term Insurance,1,1,1,0,0
C108514,Investment Plan (Mutual Fund SIP),1,1,1,1,1
C108515,Premium Banking Account,1,0,0,0,0
C108515,Fixed Deposit,1,1,0,0,0
C108515,Premium Credit Card,1,1,1,1,1
C108515,Term Insurance,1,0,0,0,0
C108515,Investment Plan (Mutual Fund SIP),1,0,0,0,0
C108517,Premium Banking Account,1,1,0,0,0
C108517,Home Loan,1,0,0,0,0
C108518,Premium Banking Account,1,0,0,0,0
C108518,Cashback Credit Card,1,1,1,1,1
C108519,Premium Credit Card,1,0,0,0,0
C108519,Fixed Deposit,1,0,0,0,0
C108519,Recurring Deposit,1,1,0,0,0
C108519,Fuel Credit Card,1,1,0,0,0
C108520,Fixed Deposit,1,0,0,0,0
C108520,Investment Plan (Mutual Fund SIP),1,0,0,0,0
C108520,Premium Credit Card,1,0,0,0,0
C108520,Home Loan,1,0,0,0,0
C108521,Term Insurance,1,1,0,0,0
C108521,Cashback Credit Card,1,1,0,0,0
C108521,Fixed Deposit,1,0,0,0,0
C108522,Travel Credit Card,1,0,0,0,0
C108522,Cashback Credit Card,1,1,0,0,0
C108522,Premium Credit Card,1,0,0,0,0
C108522,Premium Banking Account,1,1,0,0,0
C108523,Premium Credit Card,1,1,0,0,0
C108523,Fuel Credit Card,1,1,0,0,0
C108523,Recurring Deposit,1,1,0,0,0
C108523,Home Loan,1,0,0,0,0
C108526,Investment Plan (Mutual Fund SIP),1,1,0,0,0
C108526,Premium Banking Account,1,1,0,0,0
C108526,Premium Credit Card,1,0,0,0,0
C108526,Travel Credit Card,1,1,1,1,1
C108526,Term Insurance,1,1,0,0,0
C108527,Premium Banking Account,1,1,0,0,0
C108527,Home Loan,1,0,0,0,0
C108527,Fixed Deposit,1,1,0,0,0
C108527,Travel Credit Card,1,0,0,0,0
C108527,Fuel Credit Card,1,0,0,0,0
C108528,Fixed Deposit,1,0,0,0,0
C108529,Term Insurance,1,1,0,0,0
C108529,Recurring Deposit,1,1,0,0,0
C108529,Investment Plan (Mutual Fund SIP),1,1,1,1,1
C108529,Personal Loan,1,1,0,0,0
C108530,Personal Loan,1,0,0,0,0
C108530,Cashback Credit Card,1,1,0,0,0
C108530,Fixed Deposit,1,1,0,0,0
C108530,Premium Credit Card,1,0,0,0,0
C108531,Term Insurance,1,0,0,0,0
C108531,Premium Banking Account,1,1,1,1,0
C108533,Cashback Credit Card,1,0,0,0,0
C108533,Home Loan,1,0,0,0,0
C108533,Personal Loan,1,1,0,0,0
C108533,Recurring Deposit,1,0,0,0,0
C108533,Premium Banking Account,1,0,0,0,0
C108535,Personal Loan,1,0,0,0,0
C108535,Recurring Deposit,1,0,0,0,0
C108535,Cashback Credit Card,1,1,0,0,0
C108535,Fixed Deposit,1,0,0,0,0
C108535,Home Loan,1,0,0,0,0
C108536,Term Insurance,1,1,1,1,1
C108537,Travel Credit Card,1,0,0,0,0
C108539,Premium Banking Account,1,1,0,0,0
C108540,Home Loan,1,0,0,0,0
C108540,Investment Plan (Mutual Fund SIP),1,0,0,0,0
C108540,Travel Credit Card,1,0,0,0,0
C108540,Premium Banking Account,1,1,1,1,1
C108541,Recurring Deposit,1,0,0,0,0
C108542,Investment Plan (Mutual Fund SIP),1,1,1,1,1
C108542,Travel Credit Card,1,1,1,0,0
C108543,Home Loan,1,0,0,0,0
C108543,Premium Banking Account,1,0,0,0,0
C108544,Personal Loan,1,1,1,1,1
C108544,Investment Plan (Mutual Fund SIP),1,0,0,0,0
C108544,Cashback Credit Card,1,1,0,0,0
C108544,Recurring Deposit,1,0,0,0,0
C108544,Premium Banking Account,1,1,1,1,0
C108545,Term Insurance,1,0,0,0,0
C108545,Recurring Deposit,1,0,0,0,0
C108545,Fixed Deposit,1,1,0,0,0
C108546,Travel Credit Card,1,1,0,0,0
C108546,Investment Plan (Mutual Fund SIP),1,1,0,0,0
C108546,Recurring Deposit,1,0,0,0,0
C108546,Personal Loan,1,1,1,0,0
C108547,Investment Plan (Mutual Fund SIP),1,1,0,0,0
C108547,Term Insurance,1,1,0,0,0
C108547,Recurring Deposit,1,1,0,0,0
C108547,Premium Banking Account,1,1,0,0,0
C108547,Fuel Credit Card,1,0,0,0,0
C108548,Premium Credit Card,1,1,0,0,0
C108548,Personal Loan,1,1,0,0,0
C108549,Home Loan,1,1,1,1,1
C108549,Personal Loan,1,1,0,0,0
C108549,Fixed Deposit,1,0,0,0,0
C108549,Premium Credit Card,1,0,0,0,0
C108549,Recurring Deposit,1,1,0,0,0
C108550,Term Insurance,1,0,0,0,0
C108550,Personal Loan,1,0,0,0,0
C108550,Home Loan,1,1,0,0,0
C108550,Premium Banking Account,1,1,1,1,1
C108550,Investment Plan (Mutual Fund SIP),1,1,0,0,0
C108552,Fuel Credit Card,1,1,1,0,0
C108552,Personal Loan,1,1,1,1,1
C108552,Cashback Credit Card,1,1,1,0,0
C108552,Recurring Deposit,1,0,0,0,0
C108552,Fixed Deposit,1,0,0,0,0
C108553,Personal Loan,1,1,0,0,0
C108553,Fuel Credit Card,1,1,0,0,0
C108553,Premium Credit Card,1,1,0,0,0
C108554,Recurring Deposit,1,0,0,0,0
C108554,Travel Credit Card,1,1,1,0,0
C108554,Home Loan,1,0,0,0,0
C108555,Fixed Deposit,1,0,0,0,0
C108556,Travel Credit Card,1,0,0,0,0
C108556,Home Loan,1,0,0,0,0
C108556,Premium Banking Account,1,0,0,0,0
C108556,Personal Loan,1,0,0,0,0
C108557,Travel Credit Card,1,1,0,0,0
C108557,Fixed Deposit,1,1,1,0,0
C108558,Fuel Credit Card,1,1,0,0,0
C108558,Personal Loan,1,1,0,0,0
C108559,Personal Loan,1,0,0,0,0
C108559,Investment Plan (Mutual Fund SIP),1,0,0,0,0
C108562,Personal Loan,1,1,1,1,1
C108562,Fixed Deposit,1,1,1,0,0
C108562,Cashback Credit Card,1,1,0,0,0
C108562,Premium Banking Account,1,0,0,0,0
C108562,Fuel Credit Card,1,1,0,0,0
C108563,Travel Credit Card,1,0,0,0,0
C108564,Recurring Deposit,1,0,0,0,0
C108564,Premium Banking Account,1,0,0,0,0
C108564,Term Insurance,1,0,0,0,0
C108564,Premium Credit Card,1,1,1,0,0
C108565,Cashback Credit Card,1,1,0,0,0
C108565,Recurring Deposit,1,1,0,0,0
C108565,Premium Credit Card,1,0,0,0,0
C108565,Term Insurance,1,0,0,0,0
C108565,Fixed Deposit,1,1,1,0,0
C108566,Cashback Credit Card,1,1,0,0,0
C108566,Premium Credit Card,1,0,0,0,0
C108566,Investment Plan (Mutual Fund SIP),1,1,0,0,0
C108566,Personal Loan,1,1,1,1,1
C108566,Fuel Credit Card,1,0,0,0,0
C108568,Term Insurance,1,0,0,0,0
C108568,Premium Credit Card,1,0,0,0,0
C108569,Personal Loan,1,1,0,0,0
C108569,Premium Credit Card,1,0,0,0,0
C108569,Fuel Credit Card,1,1,0,0,0
C108569,Cashback Credit Card,1,1,0,0,0
C108570,Home Loan,1,0,0,0,0
C108570,Recurring Deposit,1,0,0,0,0
C108570,Travel Credit Card,1,0,0,0,0
C108570,Fuel Credit Card,1,1,1,1,0
C108571,Fuel Credit Card,1,1,0,0,0
C108573,Term Insurance,1,0,0,0,0
C108573,Recurring Deposit,1,0,0,0,0
C108574,Home Loan,1,1,0,0,0
C108574,Travel Credit Card,1,1,0,0,0
C108574,Fixed Deposit,1,1,1,1,1
C108574,Premium Credit Card,1,0,0,0,0
C108575,Premium Banking Account,1,0,0,0,0
C108575,Fixed Deposit,1,1,1,1,1
C108575,Home Loan,1,0,0,0,0
C108575,Fuel Credit Card,1,0,0,0,0
C108576,Travel Credit Card,1,0,0,0,0
C108576,Home Loan,1,0,0,0,0
C108576,Cashback Credit Card,1,1,0,0,0
C108576,Fixed Deposit,1,1,1,0,0
C108577,Recurring Deposit,1,1,0,0,0
C108577,Cashback Credit Card,1,0,0,0,0
C108577,Fixed Deposit,1,1,0,0,0
C108577,Fuel Credit Card,1,0,0,0,0
C108577,Premium Credit Card,1,1,1,1,1
C108578,Travel Credit Card,1,1,0,0,0
C108578,Premium Banking Account,1,0,0,0,0
C108578,Recurring Deposit,1,1,0,0,0
C108578,Investment Plan (Mutual Fund SIP),1,0,0,0,0
C108580,Fuel Credit Card,1,1,0,0,0
C108581,Term Insurance,1,1,1,1,1
C108581,Cashback Credit Card,1,1,0,0,0
C108581,Fixed Deposit,1,1,0,0,0
C108583,Home Loan,1,0,0,0,0
C108583,Term Insurance,1,1,1,1,0
C108583,Travel Credit Card,1,0,0,0,0
C108585,Recurring Deposit,1,0,0,0,0
C108585,Term Insurance,1,1,1,0,0
C108585,Fixed Deposit,1,1,0,0,0
C108585,Cashback Credit Card,1,1,0,0,0
C108586,Investment Plan (Mutual Fund SIP),1,1,0,0,0
C108586,Premium Credit Card,1,0,0,0,0
C108587,Travel Credit Card,1,0,0,0,0
C108587,Premium Banking Account,1,0,0,0,0
C108587,Recurring Deposit,1,0,0,0,0
C108587,Term Insurance,1,0,0,0,0
C108587,Investment Plan (Mutual Fund SIP),1,1,1,1,0
C108588,Recurring Deposit,1,1,0,0,0
C108588,Investment Plan (Mutual Fund SIP),1,1,1,1,1
C108588,Fuel Credit Card,1,1,1,1,1
C108588,Premium Banking Account,1,0,0,0,0
C108589,Investment Plan (Mutual Fund SIP),1,0,0,0,0
C108591,Investment Plan (Mutual Fund SIP),1,1,1,0,0
C108592,Fuel Credit Card,1,0,0,0,0
C108593,Term Insurance,1,0,0,0,0
C108593,Cashback Credit Card,1,0,0,0,0
C108593,Personal Loan,1,1,1,1,1
C108593,Home Loan,1,1,1,1,1
C108593,Travel Credit Card,1,1,1,1,1
C108594,Fuel Credit Card,1,1,0,0,0
C108594,Investment Plan (Mutual Fund SIP),1,1,1,0,0
C108594,Premium Credit Card,1,1,0,0,0
C108594,Term Insurance,1,1,1,1,1
C108594,Recurring Deposit,1,0,0,0,0
C108595,Recurring Deposit,1,0,0,0,0
C108595,Personal Loan,1,0,0,0,0
C108596,Home Loan,1,1,1,1,1
C108596,Investment Plan (Mutual Fund SIP),1,1,0,0,0
C108596,Term Insurance,1,1,1,1,1
C108596,Fixed Deposit,1,1,0,0,0
C108597,Premium Credit Card,1,1,0,0,0
C108597,Personal Loan,1,0,0,0,0
C108597,Investment Plan (Mutual Fund SIP),1,1,0,0,0
C108597,Fuel Credit Card,1,1,0,0,0
C108598,Investment Plan (Mutual Fund SIP),1,0,0,0,0
C108598,Cashback Credit Card,1,0,0,0,0
C108600,Home Loan,1,1,0,0,0
C108600,Fuel Credit Card,1,1,0,0,0
C108600,Cashback Credit Card,1,1,0,0,0
C108600,Term Insurance,1,1,1,1,1
C108600,Premium Banking Account,1,0,0,0,0
C108602,Term Insurance,1,1,0,0,0
C108602,Personal Loan,1,1,0,0,0
C108603,Personal Loan,1,0,0,0,0
C108603,Premium Banking Account,1,1,0,0,0
C108603,Home Loan,1,0,0,0,0
C108603,Term Insurance,1,0,0,0,0
C108603,Travel Credit Card,1,1,0,0,0
C108605,Premium Credit Card,1,0,0,0,0
C108605,Home Loan,1,0,0,0,0
C108605,Cashback Credit Card,1,1,0,0,0
C108605,Personal Loan,1,0,0,0,0
C108606,Premium Credit Card,1,1,1,1,1
C108606,Travel Credit Card,1,0,0,0,0
C108606,Fuel Credit Card,1,1,1,1,1
C108606,Term Insurance,1,1,1,0,0
C108606,Premium Banking Account,1,1,0,0,0
C108608,Home Loan,1,1,0,0,0
C108608,Travel Credit Card,1,0,0,0,0
C108608,Fixed Deposit,1,1,1,1,1
C108608,Premium Banking Account,1,0,0,0,0
C108609,Travel Credit Card,1,0,0,0,0
C108609,Premium Banking Account,1,1,1,1,1
C108610,Home Loan,1,1,0,0,0
C108610,Investment Plan (Mutual Fund SIP),1,1,1,1,1
C108610,Fixed Deposit,1,0,0,0,0
C108610,Fuel Credit Card,1,0,0,0,0
C108610,Cashback Credit Card,1,0,0,0,0
C108611,Premium Banking Account,1,1,1,0,0
C108611,Cashback Credit Card,1,0,0,0,0
C108612,Premium Credit Card,1,0,0,0,0
C108612,Recurring Deposit,1,1,0,0,0
C108612,Travel Credit Card,1,1,1,0,0
C108612,Home Loan,1,1,1,1,1
C108613,Premium Banking Account,1,0,0,0,0
C108613,Recurring Deposit,1,1,1,0,0
C108614,Travel Credit Card,1,1,0,0,0
C108614,Term Insurance,1,1,0,0,0
C108614,Cashback Credit Card,1,1,0,0,0
C108614,Premium Credit Card,1,1,1,0,0
C108615,Investment Plan (Mutual Fund SIP),1,0,0,0,0
C108615,Fuel Credit Card,1,1,1,1,1
C108615,Premium Banking Account,1,0,0,0,0
C108615,Home Loan,1,0,0,0,0
C108616,Home Loan,1,1,0,0,0
C108616,Travel Credit Card,1,1,0,0,0
C108616,Term Insurance,1,0,0,0,0
C108618,Travel Credit Card,1,1,0,0,0
C108618,Home Loan,1,0,0,0,0
C108618,Premium Banking Account,1,1,0,0,0
C108618,Term Insurance,1,0,0,0,0
C108618,Recurring Deposit,1,0,0,0,0
C108619,Premium Credit Card,1,1,0,0,0
C108619,Fixed Deposit,1,1,0,0,0
C108621,Premium Banking Account,1,1,0,0,0
C108621,Personal Loan,1,0,0,0,0
C108621,Cashback Credit Card,1,0,0,0,0
C108621,Recurring Deposit,1,0,0,0,0
C108621,Home Loan,1,1,1,1,1
C108622,Premium Credit Card,1,1,0,0,0
C108622,Premium Banking Account,1,1,0,0,0
C108622,Personal Loan,1,0,0,0,0
C108622,Fuel Credit Card,1,0,0,0,0
C108622,Recurring Deposit,1,1,1,1,1
C108623,Term Insurance,1,0,0,0,0
C108623,Personal Loan,1,1,0,0,0
C108623,Travel Credit Card,1,0,0,0,0
C108624,Term Insurance,1,0,0,0,0
C108624,Travel Credit Card,1,1,1,1,1
C108624,Recurring Deposit,1,0,0,0,0
C108624,Fixed Deposit,1,1,1,1,1
C108625,Fixed Deposit,1,1,0,0,0
C108625,Personal Loan,1,1,1,1,1
C108625,Home Loan,1,1,0,0,0
C108625,Cashback Credit Card,1,1,0,0,0
C108626,Fuel Credit Card,1,1,1,1,1
C108627,Recurring Deposit,1,0,0,0,0
C108627,Fixed Deposit,1,1,0,0,0
C108627,Cashback Credit Card,1,1,0,0,0
C108628,Premium Credit Card,1,1,0,0,0
C108628,Recurring Deposit,1,1,1,1,0
C108628,Home Loan,1,1,1,1,0
C108628,Term Insurance,1,1,0,0,0
C108628,Investment Plan (Mutual Fund SIP),1,1,0,0,0
C108629,Term Insurance,1,1,0,0,0
C108629,Home Loan,1,1,0,0,0
C108629,Travel Credit Card,1,1,0,0,0
C108629,Fixed Deposit,1,1,0,0,0
C108629,Fuel Credit Card,1,1,0,0,0
C108630,Investment Plan (Mutual Fund SIP),1,1,1,1,1
C108630,Premium Banking Account,1,0,0,0,0
C108630,Term Insurance,1,1,0,0,0
C108631,Investment Plan (Mutual Fund SIP),1,0,0,0,0
C108632,Fuel Credit Card,1,1,1,1,1
C108632,Personal Loan,1,1,1,0,0
C108632,Premium Credit Card,1,1,0,0,0
C108632,Travel Credit Card,1,1,0,0,0
C108634,Cashback Credit Card,1,0,0,0,0
C108634,Investment Plan (Mutual Fund SIP),1,1,0,0,0
C108634,Term Insurance,1,1,0,0,0
C108635,Term Insurance,1,1,1,1,1
C108635,Personal Loan,1,0,0,0,0
C108635,Premium Banking Account,1,0,0,0,0
C108636,Premium Credit Card,1,0,0,0,0
C108637,Investment Plan (Mutual Fund SIP),1,1,0,0,0
C108637,Premium Credit Card,1,1,1,1,0
C108637,Term Insurance,1,1,1,1,1
C108638,Term Insurance,1,1,0,0,0
C108639,Term Insurance,1,1,0,0,0
C108639,Home Loan,1,1,1,0,0
C108639,Travel Credit Card,1,0,0,0,0
C108640,Premium Banking Account,1,1,0,0,0
C108641,Home Loan,1,1,0,0,0
C108641,Recurring Deposit,1,1,0,0,0
C108643,Term Insurance,1,1,0,0,0
C108644,Home Loan,1,1,0,0,0
C108644,Premium Banking Account,1,1,0,0,0
C108644,Recurring Deposit,1,1,0,0,0
C108644,Fuel Credit Card,1,1,0,0,0
C108644,Term Insurance,1,0,0,0,0
C108645,Travel Credit Card,1,1,0,0,0
C108645,Cashback Credit Card,1,1,0,0,0
C108645,Premium Credit Card,1,1,0,0,0
C108646,Term Insurance,1,0,0,0,0
C108646,Fuel Credit Card,1,0,0,0,0
C108646,Cashback Credit Card,1,0,0,0,0
C108647,Fixed Deposit,1,1,0,0,0
C108648,Recurring Deposit,1,1,0,0,0
C108649,Premium Credit Card,1,0,0,0,0
C108649,Personal Loan,1,1,1,1,1
C108649,Investment Plan (Mutual Fund SIP),1,0,0,0,0
C108649,Home Loan,1,1,0,0,0
C108649,Premium Banking Account,1,0,0,0,0
C108650,Premium Banking Account,1,0,0,0,0
C108650,Fixed Deposit,1,0,0,0,0
C108650,Home Loan,1,0,0,0,0
C108651,Term Insurance,1,0,0,0,0
C108651,Fuel Credit Card,1,1,1,1,1
C108651,Fixed Deposit,1,1,1,1,1
C108652,Term Insurance,1,0,0,0,0
C108653,Personal Loan,1,1,0,0,0
C108654,Premium Banking Account,1,0,0,0,0
C108654,Term Insurance,1,1,1,1,1
C108654,Home Loan,1,1,0,0,0
C108654,Fixed Deposit,1,0,0,0,0
C108655,Premium Credit Card,1,0,0,0,0
C108655,Travel Credit Card,1,1,0,0,0
C108655,Investment Plan (Mutual Fund SIP),1,0,0,0,0
C108656,Investment Plan (Mutual Fund SIP),1,1,0,0,0
C108656,Fuel Credit Card,1,0,0,0,0
C108656,Travel Credit Card,1,0,0,0,0
C108657,Fuel Credit Card,1,1,0,0,0
C108657,Personal Loan,1,1,0,0,0
C108658,Personal Loan,1,0,0,0,0
C108658,Term Insurance,1,1,1,1,0
C108658,Premium Banking Account,1,1,1,1,1
C108659,Fixed Deposit,1,1,1,1,1
C108659,Personal Loan,1,0,0,0,0
C108659,Premium Banking Account,1,1,0,0,0
C108659,Premium Credit Card,1,1,1,1,1
C108660,Premium Banking Account,1,0,0,0,0
C108660,Cashback Credit Card,1,1,1,1,1
C108660,Fuel Credit Card,1,1,0,0,0
C108661,Personal Loan,1,0,0,0,0
C108661,Travel Credit Card,1,1,0,0,0
C108661,Premium Banking Account,1,1,0,0,0
C108661,Investment Plan (Mutual Fund SIP),1,1,1,1,0
C108662,Investment Plan (Mutual Fund SIP),1,0,0,0,0
C108662,Travel Credit Card,1,1,0,0,0
C108662,Premium Banking Account,1,1,0,0,0
C108662,Recurring Deposit,1,1,0,0,0
C108662,Term Insurance,1,1,1,1,1
C108663,Fuel Credit Card,1,0,0,0,0
C108663,Fixed Deposit,1,0,0,0,0
C108663,Home Loan,1,1,0,0,0
C108665,Fixed Deposit,1,0,0,0,0
C108665,Premium Banking Account,1,0,0,0,0
C108666,Fuel Credit Card,1,1,0,0,0
C108666,Recurring Deposit,1,1,0,0,0
C108666,Investment Plan (Mutual Fund SIP),1,0,0,0,0
C108666,Premium Banking Account,1,0,0,0,0
C108667,Home Loan,1,1,1,1,1
C108667,Fixed Deposit,1,1,0,0,0
C108667,Personal Loan,1,0,0,0,0
C108667,Premium Banking Account,1,0,0,0,0
C108668,Premium Credit Card,1,0,0,0,0
C108669,Premium Credit Card,1,1,0,0,0
C108669,Fuel Credit Card,1,0,0,0,0
C108670,Cashback Credit Card,1,0,0,0,0
C108670,Fuel Credit Card,1,1,0,0,0
C108671,Recurring Deposit,1,0,0,0,0
C108671,Investment Plan (Mutual Fund SIP),1,1,1,1,0
C108671,Cashback Credit Card,1,1,1,0,0
C108671,Term Insurance,1,0,0,0,0
C108671,Fuel Credit Card,1,1,1,1,0
C108672,Term Insurance,1,1,0,0,0
C108672,Investment Plan (Mutual Fund SIP),1,1,1,1,1
C108672,Premium Credit Card,1,0,0,0,0
C108672,Personal Loan,1,1,0,0,0
C108672,Cashback Credit Card,1,1,0,0,0
C108674,Investment Plan (Mutual Fund SIP),1,1,0,0,0
C108674,Personal Loan,1,1,0,0,0
C108674,Fixed Deposit,1,1,1,0,0
C108675,Personal Loan,1,1,1,0,0
C108676,Personal Loan,1,1,1,1,1
C108676,Premium Credit Card,1,0,0,0,0
C108676,Investment Plan (Mutual Fund SIP),1,1,0,0,0
C108678,Premium Credit Card,1,0,0,0,0
C108678,Personal Loan,1,0,0,0,0
C108678,Term Insurance,1,0,0,0,0
C108678,Investment Plan (Mutual Fund SIP),1,1,1,1,0
C108680,Fuel Credit Card,1,1,1,0,0
C108680,Premium Banking Account,1,0,0,0,0
C108681,Term Insurance,1,1,0,0,0
C108681,Fixed Deposit,1,0,0,0,0
C108681,Premium Credit Card,1,0,0,0,0
C108682,Investment Plan (Mutual Fund SIP),1,1,0,0,0
C108682,Premium Banking Account,1,0,0,0,0
C108684,Term Insurance,1,1,0,0,0
C108684,Fixed Deposit,1,0,0,0,0
C108684,Travel Credit Card,1,0,0,0,0
C108684,Personal Loan,1,0,0,0,0
C108685,Recurring Deposit,1,1,0,0,0
C108685,Home Loan,1,1,1,1,0
C108685,Fuel Credit Card,1,0,0,0,0
C108686,Personal Loan,1,1,0,0,0
C108686,Premium Credit Card,1,1,0,0,0
C108687,Fixed Deposit,1,1,0,0,0
C108687,Cashback Credit Card,1,1,0,0,0
C108687,Term Insurance,1,1,1,1,0
C108688,Premium Banking Account,1,1,0,0,0
C108689,Premium Credit Card,1,1,1,0,0
C108689,Premium Banking Account,1,1,1,1,1
C108689,Home Loan,1,1,0,0,0
C108690,Home Loan,1,0,0,0,0
C108691,Personal Loan,1,1,1,1,0
C108691,Fixed Deposit,1,0,0,0,0
C108691,Recurring Deposit,1,0,0,0,0
C108692,Cashback Credit Card,1,0,0,0,0
C108695,Home Loan,1,0,0,0,0
C108695,Fuel Credit Card,1,0,0,0,0
C108695,Premium Credit Card,1,1,0,0,0
C108696,Term Insurance,1,0,0,0,0
C108696,Investment Plan (Mutual Fund SIP),1,0,0,0,0
C108696,Travel Credit Card,1,0,0,0,0
C108697,Fixed Deposit,1,1,0,0,0
C108697,Fuel Credit Card,1,0,0,0,0
C108697,Investment Plan (Mutual Fund SIP),1,0,0,0,0
C108697,Premium Credit Card,1,0,0,0,0
C108697,Term Insurance,1,0,0,0,0
C108698,Recurring Deposit,1,1,0,0,0
C108698,Personal Loan,1,0,0,0,0
C108699,Premium Banking Account,1,1,1,1,1
C108699,Home Loan,1,0,0,0,0
C108699,Travel Credit Card,1,1,1,0,0
C108700,Recurring Deposit,1,0,0,0,0
C108701,Cashback Credit Card,1,0,0,0,0
C108702,Home Loan,1,0,0,0,0
C108702,Investment Plan (Mutual Fund SIP),1,0,0,0,0
C108702,Premium Credit Card,1,1,0,0,0
C108703,Recurring Deposit,1,0,0,0,0
C108703,Cashback Credit Card,1,1,1,0,0
C108703,Personal Loan,1,1,0,0,0
C108703,Travel Credit Card,1,0,0,0,0
C108703,Fixed Deposit,1,1,0,0,0
C108704,Fixed Deposit,1,1,0,0,0
C108704,Personal Loan,1,1,1,1,0
C108704,Investment Plan (Mutual Fund SIP),1,0,0,0,0
C108704,Premium Credit Card,1,1,0,0,0
C108705,Fixed Deposit,1,1,1,1,1
C108705,Fuel Credit Card,1,0,0,0,0
C108705,Premium Credit Card,1,0,0,0,0
C108705,Investment Plan (Mutual Fund SIP),1,1,0,0,0
C108705,Premium Banking Account,1,1,0,0,0
C108706,Fixed Deposit,1,0,0,0,0
C108706,Personal Loan,1,1,1,1,1
C108706,Investment Plan (Mutual Fund SIP),1,0,0,0,0
C108706,Premium Credit Card,1,1,1,1,1
C108706,Premium Banking Account,1,1,0,0,0
C108707,Term Insurance,1,1,1,1,1
C108707,Recurring Deposit,1,0,0,0,0
C108707,Home Loan,1,1,1,1,1
C108707,Fuel Credit Card,1,1,1,1,1
C108707,Cashback Credit Card,1,1,0,0,0
C108708,Investment Plan (Mutual Fund SIP),1,1,1,1,1
C108708,Term Insurance,1,0,0,0,0
C108708,Fuel Credit Card,1,1,0,0,0
C108708,Recurring Deposit,1,0,0,0,0
C108708,Premium Banking Account,1,0,0,0,0
C108709,Term Insurance,1,1,0,0,0
C108709,Investment Plan (Mutual Fund SIP),1,1,0,0,0
C108710,Term Insurance,1,0,0,0,0
C108710,Personal Loan,1,0,0,0,0
C108710,Premium Banking Account,1,1,0,0,0
C108711,Home Loan,1,0,0,0,0
C108712,Term Insurance,1,1,0,0,0
C108712,Recurring Deposit,1,1,0,0,0
C108712,Investment Plan (Mutual Fund SIP),1,0,0,0,0
C108712,Home Loan,1,0,0,0,0
C108713,Cashback Credit Card,1,1,1,1,1
C108713,Premium Banking Account,1,0,0,0,0
C108713,Investment Plan (Mutual Fund SIP),1,0,0,0,0
C108713,Home Loan,1,0,0,0,0
C108714,Premium Credit Card,1,1,0,0,0
C108714,Premium Banking Account,1,1,1,1,1
C108714,Fixed Deposit,1,0,0,0,0
C108715,Fuel Credit Card,1,0,0,0,0
C108715,Recurring Deposit,1,1,0,0,0
C108715,Premium Credit Card,1,0,0,0,0
C108716,Fixed Deposit,1,0,0,0,0
C108717,Cashback Credit Card,1,0,0,0,0
C108717,Investment Plan (Mutual Fund SIP),1,0,0,0,0
C108717,Premium Banking Account,1,1,0,0,0
C108718,Cashback Credit Card,1,0,0,0,0
C108719,Premium Credit Card,1,1,0,0,0
C108719,Term Insurance,1,1,1,1,1
C108721,Premium Banking Account,1,1,1,1,1
C108721,Fuel Credit Card,1,0,0,0,0
C108721,Personal Loan,1,0,0,0,0
C108722,Recurring Deposit,1,1,0,0,0
C108722,Cashback Credit Card,1,0,0,0,0
C108723,Premium Banking Account,1,0,0,0,0
C108724,Personal Loan,1,0,0,0,0
C108724,Premium Credit Card,1,1,1,0,0
C108724,Fixed Deposit,1,1,0,0,0
C108724,Premium Banking Account,1,0,0,0,0
C108724,Investment Plan (Mutual Fund SIP),1,1,0,0,0
C108725,Investment Plan (Mutual Fund SIP),1,0,0,0,0
C108727,Term Insurance,1,0,0,0,0
C108727,Premium Credit Card,1,1,1,1,1
C108727,Fixed Deposit,1,1,0,0,0
C108727,Fuel Credit Card,1,0,0,0,0
C108728,Cashback Credit Card,1,1,0,0,0
C108729,Home Loan,1,0,0,0,0
C108729,Premium Credit Card,1,1,0,0,0
C108729,Term Insurance,1,0,0,0,0
C108730,Travel Credit Card,1,1,0,0,0
C108730,Recurring Deposit,1,1,1,0,0
C108730,Cashback Credit Card,1,1,0,0,0
C108730,Home Loan,1,1,0,0,0
C108730,Investment Plan (Mutual Fund SIP),1,0,0,0,0
C108731,Premium Credit Card,1,0,0,0,0
C108731,Premium Banking Account,1,1,0,0,0
C108731,Fixed Deposit,1,0,0,0,0
C108732,Term Insurance,1,0,0,0,0
C108732,Fuel Credit Card,1,1,1,1,1
C108732,Investment Plan (Mutual Fund SIP),1,0,0,0,0
C108733,Travel Credit Card,1,1,0,0,0
C108733,Fixed Deposit,1,1,0,0,0
C108733,Premium Credit Card,1,1,0,0,0
C108733,Recurring Deposit,1,0,0,0,0
C108733,Personal Loan,1,1,0,0,0
C108734,Cashback Credit Card,1,0,0,0,0
C108734,Fixed Deposit,1,0,0,0,0
C108736,Premium Credit Card,1,1,1,1,1
C108736,Home Loan,1,0,0,0,0
C108736,Investment Plan (Mutual Fund SIP),1,0,0,0,0
C108736,Recurring Deposit,1,1,0,0,0
C108736,Fixed Deposit,1,1,0,0,0
C108737,Personal Loan,1,1,0,0,0
C108737,Home Loan,1,0,0,0,0
C108737,Fuel Credit Card,1,1,1,1,1
C108737,Term Insurance,1,1,1,1,1
C108737,Cashback Credit Card,1,0,0,0,0
C108739,Premium Credit Card,1,0,0,0,0
C108740,Premium Credit Card,1,1,1,1,1
C108741,Premium Credit Card,1,1,0,0,0
C108742,Home Loan,1,0,0,0,0
C108742,Recurring Deposit,1,0,0,0,0
C108743,Term Insurance,1,1,0,0,0
C108743,Fuel Credit Card,1,0,0,0,0
C108743,Premium Credit Card,1,0,0,0,0
C108743,Personal Loan,1,1,0,0,0
C108744,Home Loan,1,0,0,0,0
C108744,Investment Plan (Mutual Fund SIP),1,1,1,0,0
C108744,Travel Credit Card,1,1,0,0,0
C108744,Personal Loan,1,0,0,0,0
C108745,Cashback Credit Card,1,0,0,0,0
C108745,Term Insurance,1,1,1,0,0
C108745,Recurring Deposit,1,1,0,0,0
C108745,Fixed Deposit,1,0,0,0,0
C108745,Home Loan,1,0,0,0,0
C108746,Recurring Deposit,1,0,0,0,0
C108747,Fixed Deposit,1,0,0,0,0
C108747,Fuel Credit Card,1,0,0,0,0
C108747,Premium Credit Card,1,1,1,1,0
C108748,Home Loan,1,0,0,0,0
C108748,Cashback Credit Card,1,0,0,0,0
C108749,Term Insurance,1,0,0,0,0
C108749,Cashback Credit Card,1,0,0,0,0
C108750,Personal Loan,1,1,0,0,0
C108750,Travel Credit Card,1,1,0,0,0
C108750,Fuel Credit Card,1,0,0,0,0
C108750,Investment Plan (Mutual Fund SIP),1,1,0,0,0
C108750,Fixed Deposit,1,0,0,0,0
C108751,Fixed Deposit,1,1,1,1,0
C108751,Investment Plan (Mutual Fund SIP),1,0,0,0,0
C108751,Term Insurance,1,1,1,0,0
C108751,Fuel Credit Card,1,1,0,0,0
C108751,Personal Loan,1,0,0,0,0
C108752,Premium Credit Card,1,0,0,0,0
C108753,Fixed Deposit,1,0,0,0,0
C108753,Premium Banking Account,1,0,0,0,0
C108753,Investment Plan (Mutual Fund SIP),1,0,0,0,0
C108753,Term Insurance,1,0,0,0,0
C108753,Fuel Credit Card,1,0,0,0,0
C108756,Term Insurance,1,1,0,0,0
C108756,Premium Credit Card,1,0,0,0,0
C108756,Fixed Deposit,1,1,0,0,0
C108756,Travel Credit Card,1,0,0,0,0
C108757,Premium Credit Card,1,0,0,0,0
C108757,Term Insurance,1,0,0,0,0
C108757,Premium Banking Account,1,0,0,0,0
C108757,Investment Plan (Mutual Fund SIP),1,1,0,0,0
C108757,Personal Loan,1,1,1,1,0
C108758,Premium Credit Card,1,0,0,0,0
C108758,Investment Plan (Mutual Fund SIP),1,0,0,0,0
C108758,Home Loan,1,1,0,0,0
C108758,Premium Banking Account,1,0,0,0,0
C108759,Premium Credit Card,1,0,0,0,0
C108759,Term Insurance,1,1,0,0,0
C108759,Fixed Deposit,1,0,0,0,0
C108760,Fixed Deposit,1,0,0,0,0
C108760,Premium Credit Card,1,0,0,0,0
C108761,Investment Plan (Mutual Fund SIP),1,1,0,0,0
C108761,Cashback Credit Card,1,1,0,0,0
C108762,Recurring Deposit,1,1,0,0,0
C108762,Home Loan,1,0,0,0,0
C108762,Term Insurance,1,1,1,1,1
C108762,Premium Banking Account,1,1,1,1,1
C108762,Fixed Deposit,1,0,0,0,0
C108763,Investment Plan (Mutual Fund SIP),1,1,0,0,0
C108764,Recurring Deposit,1,0,0,0,0
C108764,Cashback Credit Card,1,1,0,0,0
C108764,Term Insurance,1,0,0,0,0
C108764,Premium Banking Account,1,1,0,0,0
C108767,Cashback Credit Card,1,1,0,0,0
C108767,Premium Banking Account,1,1,1,0,0
C108767,Recurring Deposit,1,1,1,1,1
C108769,Cashback Credit Card,1,0,0,0,0
C108769,Premium Credit Card,1,1,1,1,1
C108769,Travel Credit Card,1,0,0,0,0
C108769,Recurring Deposit,1,0,0,0,0
C108771,Investment Plan (Mutual Fund SIP),1,1,0,0,0
C108771,Personal Loan,1,0,0,0,0
C108772,Fixed Deposit,1,0,0,0,0
C108772,Investment Plan (Mutual Fund SIP),1,0,0,0,0
C108772,Recurring Deposit,1,0,0,0,0
C108772,Home Loan,1,0,0,0,0
C108772,Fuel Credit Card,1,0,0,0,0
C108773,Investment Plan (Mutual Fund SIP),1,1,0,0,0
C108773,Home Loan,1,0,0,0,0
C108773,Travel Credit Card,1,1,0,0,0
C108773,Fuel Credit Card,1,0,0,0,0
C108775,Home Loan,1,1,0,0,0
C108775,Recurring Deposit,1,0,0,0,0
C108776,Fuel Credit Card,1,0,0,0,0
C108776,Home Loan,1,1,1,0,0
C108777,Premium Banking Account,1,1,1,1,1
C108777,Fuel Credit Card,1,1,1,1,1
C108777,Term Insurance,1,0,0,0,0
C108777,Premium Credit Card,1,1,0,0,0
C108777,Home Loan,1,1,1,1,1
C108778,Fuel Credit Card,1,1,1,0,0
C108779,Personal Loan,1,0,0,0,0
C108780,Cashback Credit Card,1,1,0,0,0
C108783,Fixed Deposit,1,1,0,0,0
C108783,Recurring Deposit,1,1,0,0,0
C108783,Home Loan,1,0,0,0,0
C108784,Personal Loan,1,0,0,0,0
C108784,Fixed Deposit,1,0,0,0,0
C108785,Travel Credit Card,1,0,0,0,0
C108786,Fuel Credit Card,1,0,0,0,0
C108786,Premium Banking Account,1,0,0,0,0
C108786,Cashback Credit Card,1,1,1,1,1
C108786,Recurring Deposit,1,1,0,0,0
C108786,Home Loan,1,1,0,0,0
C108787,Term Insurance,1,0,0,0,0
C108787,Investment Plan (Mutual Fund SIP),1,1,0,0,0
C108787,Cashback Credit Card,1,1,0,0,0
C108787,Travel Credit Card,1,0,0,0,0
C108788,Premium Credit Card,1,0,0,0,0
C108788,Fuel Credit Card,1,1,0,0,0
C108788,Investment Plan (Mutual Fund SIP),1,0,0,0,0
C108788,Cashback Credit Card,1,0,0,0,0
C108788,Recurring Deposit,1,0,0,0,0
C108789,Cashback Credit Card,1,1,1,0,0
C108789,Personal Loan,1,0,0,0,0
C108789,Investment Plan (Mutual Fund SIP),1,1,0,0,0
C108790,Fixed Deposit,1,0,0,0,0
C108791,Fuel Credit Card,1,1,0,0,0
C108791,Cashback Credit Card,1,0,0,0,0
C108791,Premium Credit Card,1,0,0,0,0
C108791,Fixed Deposit,1,1,0,0,0
C108791,Recurring Deposit,1,0,0,0,0
C108792,Fuel Credit Card,1,1,1,1,0
C108792,Home Loan,1,0,0,0,0
C108792,Cashback Credit Card,1,1,0,0,0
C108792,Personal Loan,1,0,0,0,0
C108792,Investment Plan (Mutual Fund SIP),1,0,0,0,0
C108793,Travel Credit Card,1,0,0,0,0
C108793,Premium Banking Account,1,1,0,0,0
C108793,Cashback Credit Card,1,0,0,0,0
C108793,Term Insurance,1,0,0,0,0
C108794,Premium Banking Account,1,0,0,0,0
C108794,Travel Credit Card,1,1,0,0,0
C108794,Investment Plan (Mutual Fund SIP),1,1,1,1,1
C108796,Term Insurance,1,0,0,0,0
C108796,Travel Credit Card,1,0,0,0,0
C108797,Personal Loan,1,1,1,0,0
C108797,Cashback Credit Card,1,0,0,0,0
C108797,Premium Banking Account,1,0,0,0,0
C108797,Recurring Deposit,1,1,0,0,0
C108797,Investment Plan (Mutual Fund SIP),1,1,1,0,0
C108798,Recurring Deposit,1,0,0,0,0
C108798,Investment Plan (Mutual Fund SIP),1,1,0,0,0
C108798,Fuel Credit Card,1,0,0,0,0
C108798,Term Insurance,1,0,0,0,0
C108798,Premium Banking Account,1,1,0,0,0
C108799,Recurring Deposit,1,1,0,0,0
C108799,Premium Banking Account,1,0,0,0,0
C108799,Personal Loan,1,0,0,0,0
C108799,Premium Credit Card,1,1,0,0,0
C108800,Home Loan,1,0,0,0,0
C108800,Fixed Deposit,1,1,1,1,1
C108802,Premium Banking Account,1,1,1,1,1
C108802,Term Insurance,1,0,0,0,0
C108802,Travel Credit Card,1,0,0,0,0
C108802,Recurring Deposit,1,1,0,0,0
C108802,Fuel Credit Card,1,1,0,0,0
C108803,Recurring Deposit,1,0,0,0,0
C108804,Fuel Credit Card,1,1,1,1,1
C108804,Recurring Deposit,1,1,0,0,0
C108805,Cashback Credit Card,1,1,1,0,0
C108808,Premium Credit Card,1,0,0,0,0
C108808,Investment Plan (Mutual Fund SIP),1,1,0,0,0
C108809,Term Insurance,1,1,1,0,0
C108810,Fuel Credit Card,1,1,0,0,0
C108810,Fixed Deposit,1,1,0,0,0
C108810,Investment Plan (Mutual Fund SIP),1,1,1,1,1
C108811,Investment Plan (Mutual Fund SIP),1,1,0,0,0
C108811,Fixed Deposit,1,1,0,0,0
C108811,Fuel Credit Card,1,0,0,0,0
C108811,Travel Credit Card,1,1,0,0,0
C108811,Cashback Credit Card,1,1,0,0,0
C108812,Personal Loan,1,0,0,0,0
C108812,Term Insurance,1,1,1,0,0
C108812,Cashback Credit Card,1,0,0,0,0
C108812,Travel Credit Card,1,1,1,1,1
C108812,Investment Plan (Mutual Fund SIP),1,0,0,0,0
C108813,Home Loan,1,1,0,0,0
C108813,Personal Loan,1,0,0,0,0
C108813,Premium Credit Card,1,0,0,0,0
C108813,Investment Plan (Mutual Fund SIP),1,0,0,0,0
C108813,Fuel Credit Card,1,1,0,0,0
C108814,Cashback Credit Card,1,1,1,0,0
C108814,Home Loan,1,0,0,0,0
C108814,Premium Banking Account,1,1,0,0,0
C108814,Personal Loan,1,1,0,0,0
C108815,Term Insurance,1,1,0,0,0
C108815,Fuel Credit Card,1,0,0,0,0
C108815,Home Loan,1,0,0,0,0
C108815,Personal Loan,1,0,0,0,0
C108816,Cashback Credit Card,1,1,0,0,0
C108816,Fixed Deposit,1,1,1,1,1
C108816,Investment Plan (Mutual Fund SIP),1,1,0,0,0
C108817,Investment Plan (Mutual Fund SIP),1,1,0,0,0
C108817,Travel Credit Card,1,1,0,0,0
C108817,Term Insurance,1,1,0,0,0
C108818,Fuel Credit Card,1,1,0,0,0
C108820,Recurring Deposit,1,1,0,0,0
C108820,Premium Credit Card,1,1,1,1,1
C108822,Investment Plan (Mutual Fund SIP),1,0,0,0,0
C108823,Term Insurance,1,1,0,0,0
C108823,Personal Loan,1,1,0,0,0
C108823,Premium Credit Card,1,0,0,0,0
C108823,Investment Plan (Mutual Fund SIP),1,1,0,0,0
C108824,Recurring Deposit,1,1,1,1,0
C108824,Premium Credit Card,1,0,0,0,0
C108824,Cashback Credit Card,1,1,0,0,0
C108825,Term Insurance,1,1,0,0,0
C108825,Home Loan,1,1,0,0,0
C108825,Investment Plan (Mutual Fund SIP),1,1,1,1,0
C108825,Premium Credit Card,1,1,0,0,0
C108825,Recurring Deposit,1,1,0,0,0
C108826,Term Insurance,1,1,0,0,0
C108826,Personal Loan,1,0,0,0,0
C108827,Term Insurance,1,0,0,0,0
C108827,Home Loan,1,1,1,0,0
C108827,Personal Loan,1,1,0,0,0
C108828,Term Insurance,1,1,0,0,0
C108828,Recurring Deposit,1,1,0,0,0
C108828,Personal Loan,1,0,0,0,0
C108828,Fuel Credit Card,1,1,0,0,0
C108828,Premium Credit Card,1,0,0,0,0
C108829,Fixed Deposit,1,1,0,0,0
C108829,Personal Loan,1,0,0,0,0
C108830,Fixed Deposit,1,0,0,0,0
C108830,Personal Loan,1,0,0,0,0
C108831,Premium Credit Card,1,1,1,1,1
C108831,Cashback Credit Card,1,1,0,0,0
C108831,Home Loan,1,1,0,0,0
C108831,Recurring Deposit,1,1,0,0,0
C108832,Recurring Deposit,1,1,1,1,1
C108832,Investment Plan (Mutual Fund SIP),1,1,0,0,0
C108832,Home Loan,1,1,0,0,0
C108832,Fuel Credit Card,1,1,1,1,1
C108834,Premium Credit Card,1,0,0,0,0
C108835,Premium Credit Card,1,1,0,0,0
C108836,Premium Credit Card,1,0,0,0,0
C108836,Term Insurance,1,1,0,0,0
C108836,Cashback Credit Card,1,1,0,0,0
C108837,Cashback Credit Card,1,1,1,0,0
C108838,Premium Credit Card,1,1,1,1,1
C108839,Fuel Credit Card,1,1,1,1,1
C108839,Premium Banking Account,1,1,1,1,1
C108839,Term Insurance,1,1,0,0,0
C108839,Premium Credit Card,1,1,0,0,0
C108840,Fixed Deposit,1,1,0,0,0
C108840,Personal Loan,1,0,0,0,0
C108840,Premium Banking Account,1,1,1,1,1
C108840,Term Insurance,1,1,0,0,0
C108841,Recurring Deposit,1,0,0,0,0
C108841,Premium Banking Account,1,0,0,0,0
C108841,Investment Plan (Mutual Fund SIP),1,1,1,1,0
C108842,Fuel Credit Card,1,1,1,1,1
C108843,Recurring Deposit,1,0,0,0,0
C108843,Cashback Credit Card,1,0,0,0,0
C108843,Personal Loan,1,1,1,0,0
C108843,Premium Credit Card,1,1,1,0,0
C108843,Travel Credit Card,1,1,1,1,1
C108844,Premium Banking Account,1,0,0,0,0
C108844,Fixed Deposit,1,1,0,0,0
C108845,Term Insurance,1,1,0,0,0
C108847,Investment Plan (Mutual Fund SIP),1,1,0,0,0
C108847,Fixed Deposit,1,1,0,0,0
C108847,Personal Loan,1,1,0,0,0
C108847,Fuel Credit Card,1,1,0,0,0
C108847,Travel Credit Card,1,0,0,0,0
C108849,Personal Loan,1,0,0,0,0
C108849,Premium Credit Card,1,1,1,1,1
C108849,Recurring Deposit,1,0,0,0,0
C108850,Recurring Deposit,1,0,0,0,0
C108850,Travel Credit Card,1,1,0,0,0
C108850,Personal Loan,1,1,1,1,0
C108851,Premium Credit Card,1,0,0,0,0
C108851,Premium Banking Account,1,1,1,1,1
C108852,Home Loan,1,0,0,0,0
C108852,Premium Credit Card,1,0,0,0,0
C108852,Term Insurance,1,1,0,0,0
C108853,Fuel Credit Card,1,1,0,0,0
C108854,Premium Banking Account,1,1,0,0,0
C108854,Personal Loan,1,0,0,0,0
C108854,Premium Credit Card,1,1,0,0,0
C108854,Fixed Deposit,1,0,0,0,0
C108856,Cashback Credit Card,1,1,0,0,0
C108856,Recurring Deposit,1,1,1,1,1
C108856,Fuel Credit Card,1,0,0,0,0
C108858,Recurring Deposit,1,1,0,0,0
C108858,Investment Plan (Mutual Fund SIP),1,1,1,1,0
C108858,Term Insurance,1,0,0,0,0
C108859,Travel Credit Card,1,1,0,0,0
C108859,Cashback Credit Card,1,1,0,0,0
C108859,Premium Credit Card,1,1,1,1,1
C108859,Fixed Deposit,1,1,0,0,0
C108859,Home Loan,1,0,0,0,0
C108860,Recurring Deposit,1,0,0,0,0
C108861,Travel Credit Card,1,1,0,0,0
C108861,Personal Loan,1,1,0,0,0
C108862,Term Insurance,1,1,0,0,0
C108863,Premium Credit Card,1,1,0,0,0
C108863,Premium Banking Account,1,1,1,1,1
C108863,Cashback Credit Card,1,1,1,1,1
C108863,Fuel Credit Card,1,0,0,0,0
C108863,Term Insurance,1,0,0,0,0
C108864,Premium Credit Card,1,0,0,0,0
C108864,Travel Credit Card,1,0,0,0,0
C108864,Term Insurance,1,1,0,0,0
C108865,Recurring Deposit,1,0,0,0,0
C108866,Premium Banking Account,1,0,0,0,0
C108866,Recurring Deposit,1,1,0,0,0
C108868,Investment Plan (Mutual Fund SIP),1,1,1,1,1
C108869,Investment Plan (Mutual Fund SIP),1,1,0,0,0
C108869,Term Insurance,1,0,0,0,0
C108869,Fuel Credit Card,1,1,0,0,0
C108869,Travel Credit Card,1,1,0,0,0
C108869,Premium Banking Account,1,1,1,1,1
C108870,Cashback Credit Card,1,0,0,0,0
C108870,Premium Credit Card,1,1,1,1,0
C108870,Fixed Deposit,1,0,0,0,0
C108872,Travel Credit Card,1,1,0,0,0
C108872,Personal Loan,1,0,0,0,0
C108874,Cashback Credit Card,1,1,1,1,1
C108874,Term Insurance,1,1,0,0,0
C108874,Premium Banking Account,1,1,0,0,0
C108874,Personal Loan,1,1,1,1,1
C108874,Fixed Deposit,1,1,0,0,0
C108875,Recurring Deposit,1,1,0,0,0
C108875,Travel Credit Card,1,0,0,0,0
C108875,Fuel Credit Card,1,0,0,0,0
C108875,Premium Banking Account,1,1,1,1,1
C108876,Premium Credit Card,1,1,0,0,0
C108876,Fixed Deposit,1,0,0,0,0
C108876,Home Loan,1,1,0,0,0
C108876,Cashback Credit Card,1,1,0,0,0
C108877,Home Loan,1,1,0,0,0
C108877,Investment Plan (Mutual Fund SIP),1,0,0,0,0
C108877,Personal Loan,1,1,1,0,0
C108877,Premium Credit Card,1,1,0,0,0
C108879,Recurring Deposit,1,0,0,0,0
C108879,Investment Plan (Mutual Fund SIP),1,1,1,0,0
C108879,Fixed Deposit,1,0,0,0,0
C108879,Travel Credit Card,1,1,0,0,0
C108879,Fuel Credit Card,1,0,0,0,0
C108880,Investment Plan (Mutual Fund SIP),1,0,0,0,0
C108880,Term Insurance,1,1,0,0,0
C108880,Travel Credit Card,1,1,0,0,0
C108882,Fixed Deposit,1,0,0,0,0
C108882,Investment Plan (Mutual Fund SIP),1,1,1,1,1
C108882,Fuel Credit Card,1,1,0,0,0
C108883,Fixed Deposit,1,1,0,0,0
C108883,Home Loan,1,1,1,1,1
C108884,Travel Credit Card,1,1,0,0,0
C108884,Recurring Deposit,1,1,0,0,0
C108884,Term Insurance,1,0,0,0,0
C108884,Home Loan,1,0,0,0,0
C108884,Fuel Credit Card,1,1,0,0,0
C108885,Home Loan,1,0,0,0,0
C108885,Investment Plan (Mutual Fund SIP),1,1,1,1,1
C108886,Home Loan,1,0,0,0,0
C108886,Fuel Credit Card,1,1,0,0,0
C108886,Fixed Deposit,1,1,1,0,0
C108886,Investment Plan (Mutual Fund SIP),1,0,0,0,0
C108887,Investment Plan (Mutual Fund SIP),1,0,0,0,0
C108887,Cashback Credit Card,1,1,0,0,0
C108888,Travel Credit Card,1,1,0,0,0
C108888,Personal Loan,1,1,0,0,0
C108888,Fuel Credit Card,1,1,0,0,0
C108889,Premium Banking Account,1,0,0,0,0
C108889,Investment Plan (Mutual Fund SIP),1,1,0,0,0
C108889,Personal Loan,1,0,0,0,0
C108890,Fuel Credit Card,1,1,0,0,0
C108890,Cashback Credit Card,1,1,0,0,0
C108890,Travel Credit Card,1,1,1,1,0
C108890,Personal Loan,1,1,1,1,1
C108891,Investment Plan (Mutual Fund SIP),1,0,0,0,0
C108891,Travel Credit Card,1,0,0,0,0
C108892,Premium Credit Card,1,1,0,0,0
C108892,Personal Loan,1,0,0,0,0
C108892,Travel Credit Card,1,1,1,1,1
C108893,Premium Banking Account,1,1,0,0,0
C108893,Recurring Deposit,1,1,0,0,0
C108893,Home Loan,1,0,0,0,0
C108895,Premium Credit Card,1,0,0,0,0
C108895,Recurring Deposit,1,0,0,0,0
C108895,Premium Banking Account,1,1,1,0,0
C108895,Fuel Credit Card,1,1,0,0,0
C108895,Personal Loan,1,0,0,0,0
C108896,Premium Banking Account,1,0,0,0,0
C108896,Investment Plan (Mutual Fund SIP),1,1,0,0,0
C108896,Travel Credit Card,1,1,1,0,0
C108896,Premium Credit Card,1,0,0,0,0
C108896,Recurring Deposit,1,1,0,0,0
C108897,Investment Plan (Mutual Fund SIP),1,0,0,0,0
C108897,Fuel Credit Card,1,1,1,1,1
C108897,Recurring Deposit,1,1,1,1,1
C108897,Home Loan,1,0,0,0,0
C108898,Travel Credit Card,1,1,0,0,0
C108898,Fuel Credit Card,1,1,0,0,0
C108898,Recurring Deposit,1,0,0,0,0
C108898,Personal Loan,1,0,0,0,0
C108899,Premium Banking Account,1,1,1,1,0
C108899,Recurring Deposit,1,1,0,0,0
C108899,Personal Loan,1,0,0,0,0
C108899,Cashback Credit Card,1,1,0,0,0
C108900,Travel Credit Card,1,1,0,0,0
C108900,Fuel Credit Card,1,1,0,0,0
C108900,Personal Loan,1,0,0,0,0
C108900,Fixed Deposit,1,1,0,0,0
C108901,Cashback Credit Card,1,1,1,1,1
C108901,Personal Loan,1,0,0,0,0
C108901,Fixed Deposit,1,1,0,0,0
C108901,Premium Credit Card,1,1,1,1,1
C108901,Term Insurance,1,1,1,1,1
C108902,Personal Loan,1,0,0,0,0
C108903,Recurring Deposit,1,0,0,0,0
C108903,Fuel Credit Card,1,1,1,0,0
C108903,Personal Loan,1,0,0,0,0
C108904,Home Loan,1,1,0,0,0
C108904,Term Insurance,1,1,0,0,0
C108904,Travel Credit Card,1,0,0,0,0
C108904,Premium Credit Card,1,1,0,0,0
C108905,Personal Loan,1,1,1,1,1
C108905,Recurring Deposit,1,0,0,0,0
C108905,Investment Plan (Mutual Fund SIP),1,1,0,0,0
C108905,Term Insurance,1,1,0,0,0
C108905,Fixed Deposit,1,0,0,0,0
C108906,Home Loan,1,0,0,0,0
C108906,Recurring Deposit,1,1,1,1,1
C108906,Fixed Deposit,1,1,0,0,0
C108908,Cashback Credit Card,1,0,0,0,0
C108908,Home Loan,1,1,1,0,0
C108909,Fuel Credit Card,1,1,0,0,0
C108909,Term Insurance,1,0,0,0,0
C108909,Investment Plan (Mutual Fund SIP),1,1,1,1,1
C108909,Recurring Deposit,1,1,0,0,0
C108910,Fuel Credit Card,1,1,0,0,0
C108911,Recurring Deposit,1,0,0,0,0
C108911,Investment Plan (Mutual Fund SIP),1,0,0,0,0
C108912,Premium Banking Account,1,1,1,1,1
C108912,Fixed Deposit,1,0,0,0,0
C108912,Premium Credit Card,1,1,0,0,0
C108913,Investment Plan (Mutual Fund SIP),1,0,0,0,0
C108913,Fixed Deposit,1,1,1,1,1
C108913,Premium Credit Card,1,0,0,0,0
C108913,Fuel Credit Card,1,0,0,0,0
C108913,Recurring Deposit,1,1,1,1,1
C108915,Home Loan,1,0,0,0,0
C108915,Cashback Credit Card,1,1,1,0,0
C108916,Home Loan,1,1,0,0,0
C108916,Travel Credit Card,1,1,0,0,0
C108916,Fixed Deposit,1,1,0,0,0
C108917,Recurring Deposit,1,1,1,1,1
C108918,Home Loan,1,0,0,0,0
C108919,Recurring Deposit,1,1,0,0,0
C108919,Personal Loan,1,0,0,0,0
C108920,Fuel Credit Card,1,0,0,0,0
C108920,Premium Credit Card,1,0,0,0,0
C108922,Recurring Deposit,1,1,0,0,0
C108922,Fixed Deposit,1,0,0,0,0
C108922,Premium Credit Card,1,1,0,0,0
C108922,Term Insurance,1,1,0,0,0
C108922,Home Loan,1,1,1,0,0
C108923,Travel Credit Card,1,1,1,1,0
C108923,Home Loan,1,0,0,0,0
C108924,Premium Banking Account,1,0,0,0,0
C108925,Home Loan,1,1,0,0,0
C108925,Premium Banking Account,1,0,0,0,0
C108925,Premium Credit Card,1,1,0,0,0
C108926,Recurring Deposit,1,1,1,1,1
C108926,Premium Banking Account,1,1,0,0,0
C108926,Personal Loan,1,0,0,0,0
C108926,Fuel Credit Card,1,1,1,1,0
C108926,Investment Plan (Mutual Fund SIP),1,0,0,0,0
C108927,Personal Loan,1,0,0,0,0
C108927,Recurring Deposit,1,1,0,0,0
C108927,Cashback Credit Card,1,1,1,0,0
C108927,Home Loan,1,1,1,0,0
C108927,Fixed Deposit,1,0,0,0,0
C108928,Cashback Credit Card,1,1,1,0,0
C108928,Fixed Deposit,1,1,1,1,1
C108928,Personal Loan,1,1,0,0,0
C108929,Investment Plan (Mutual Fund SIP),1,0,0,0,0
C108929,Fixed Deposit,1,1,1,1,1
C108929,Fuel Credit Card,1,1,0,0,0
C108929,Premium Credit Card,1,0,0,0,0
C108929,Recurring Deposit,1,1,0,0,0
C108930,Fuel Credit Card,1,1,0,0,0
C108931,Home Loan,1,1,0,0,0
C108931,Premium Credit Card,1,0,0,0,0
C108931,Travel Credit Card,1,0,0,0,0
C108931,Fuel Credit Card,1,0,0,0,0
C108931,Personal Loan,1,0,0,0,0
C108932,Recurring Deposit,1,1,0,0,0
C108934,Investment Plan (Mutual Fund SIP),1,0,0,0,0
C108936,Premium Credit Card,1,1,0,0,0
C108937,Premium Banking Account,1,0,0,0,0
C108938,Fixed Deposit,1,0,0,0,0
C108938,Personal Loan,1,1,1,0,0
C108938,Term Insurance,1,1,1,1,1
C108938,Recurring Deposit,1,0,0,0,0
C108940,Term Insurance,1,1,1,1,1
C108940,Premium Credit Card,1,0,0,0,0
C108940,Travel Credit Card,1,1,0,0,0
C108941,Investment Plan (Mutual Fund SIP),1,0,0,0,0
C108941,Term Insurance,1,1,1,1,1
C108941,Travel Credit Card,1,1,0,0,0
C108941,Home Loan,1,0,0,0,0
C108942,Premium Banking Account,1,1,0,0,0
C108942,Investment Plan (Mutual Fund SIP),1,0,0,0,0
C108942,Personal Loan,1,1,1,1,1
C108942,Cashback Credit Card,1,0,0,0,0
C108944,Premium Credit Card,1,1,0,0,0
C108944,Personal Loan,1,0,0,0,0
C108945,Home Loan,1,1,1,0,0
C108945,Cashback Credit Card,1,1,0,0,0
C108945,Fixed Deposit,1,1,1,0,0
C108945,Personal Loan,1,0,0,0,0
C108945,Recurring Deposit,1,1,0,0,0
C108946,Personal Loan,1,0,0,0,0
C108947,Premium Banking Account,1,0,0,0,0
C108947,Home Loan,1,1,0,0,0
C108948,Travel Credit Card,1,1,0,0,0
C108948,Recurring Deposit,1,0,0,0,0
C108948,Fuel Credit Card,1,1,1,0,0
C108948,Investment Plan (Mutual Fund SIP),1,1,0,0,0
C108949,Home Loan,1,1,0,0,0
C108950,Premium Banking Account,1,0,0,0,0
C108950,Recurring Deposit,1,0,0,0,0
C108950,Investment Plan (Mutual Fund SIP),1,0,0,0,0
C108950,Personal Loan,1,0,0,0,0
C108951,Home Loan,1,1,0,0,0
C108951,Premium Credit Card,1,0,0,0,0
C108951,Term Insurance,1,1,0,0,0
C108951,Travel Credit Card,1,1,1,1,0
C108951,Premium Banking Account,1,0,0,0,0
C108952,Premium Credit Card,1,0,0,0,0
C108952,Travel Credit Card,1,1,0,0,0
C108952,Fuel Credit Card,1,0,0,0,0
C108953,Premium Credit Card,1,1,0,0,0
C108953,Term Insurance,1,0,0,0,0
C108954,Recurring Deposit,1,1,0,0,0
C108954,Fuel Credit Card,1,1,0,0,0
C108954,Personal Loan,1,0,0,0,0
C108955,Travel Credit Card,1,1,0,0,0
C108955,Premium Credit Card,1,0,0,0,0
C108955,Term Insurance,1,1,0,0,0
C108955,Recurring Deposit,1,1,0,0,0
C108955,Investment Plan (Mutual Fund SIP),1,0,0,0,0
C108956,Home Loan,1,0,0,0,0
C108956,Term Insurance,1,1,1,1,1
C108956,Recurring Deposit,1,0,0,0,0
C108956,Fuel Credit Card,1,1,0,0,0
C108956,Fixed Deposit,1,1,0,0,0
C108957,Term Insurance,1,0,0,0,0
C108957,Fuel Credit Card,1,0,0,0,0
C108957,Cashback Credit Card,1,0,0,0,0
C108957,Home Loan,1,1,0,0,0
C108957,Personal Loan,1,0,0,0,0
C108960,Personal Loan,1,1,1,1,1
C108960,Investment Plan (Mutual Fund SIP),1,1,0,0,0
C108960,Cashback Credit Card,1,0,0,0,0
C108960,Recurring Deposit,1,1,0,0,0
C108960,Term Insurance,1,0,0,0,0
C108963,Home Loan,1,1,0,0,0
C108964,Premium Credit Card,1,0,0,0,0
C108964,Investment Plan (Mutual Fund SIP),1,0,0,0,0
C108965,Premium Banking Account,1,0,0,0,0
C108965,Home Loan,1,0,0,0,0
C108965,Personal Loan,1,1,0,0,0
C108966,Cashback Credit Card,1,1,0,0,0
C108966,Personal Loan,1,0,0,0,0
C108966,Investment Plan (Mutual Fund SIP),1,1,0,0,0
C108966,Fixed Deposit,1,1,0,0,0
C108967,Personal Loan,1,0,0,0,0
C108967,Investment Plan (Mutual Fund SIP),1,1,0,0,0
C108967,Premium Credit Card,1,1,0,0,0
C108967,Fuel Credit Card,1,0,0,0,0
C108967,Cashback Credit Card,1,0,0,0,0
C108968,Fixed Deposit,1,1,0,0,0
C108968,Personal Loan,1,1,0,0,0
C108970,Fuel Credit Card,1,0,0,0,0
C108971,Home Loan,1,0,0,0,0
C108974,Term Insurance,1,0,0,0,0
C108975,Personal Loan,1,1,0,0,0
C108975,Investment Plan (Mutual Fund SIP),1,1,0,0,0
C108975,Premium Banking Account,1,0,0,0,0
C108976,Premium Credit Card,1,0,0,0,0
C108976,Term Insurance,1,1,0,0,0
C108976,Home Loan,1,1,1,1,0
C108976,Fixed Deposit,1,1,1,0,0
C108977,Premium Credit Card,1,1,1,1,1
C108977,Investment Plan (Mutual Fund SIP),1,1,1,1,1
C108978,Recurring Deposit,1,0,0,0,0
C108978,Fuel Credit Card,1,1,1,1,1
C108978,Home Loan,1,1,0,0,0
C108979,Premium Banking Account,1,0,0,0,0
C108979,Investment Plan (Mutual Fund SIP),1,1,1,1,1
C108979,Term Insurance,1,0,0,0,0
C108979,Fixed Deposit,1,1,1,1,1
C108983,Fuel Credit Card,1,0,0,0,0
C108983,Cashback Credit Card,1,0,0,0,0
C108984,Cashback Credit Card,1,0,0,0,0
C108985,Travel Credit Card,1,0,0,0,0
C108985,Personal Loan,1,0,0,0,0
C108985,Premium Banking Account,1,1,0,0,0
C108986,Recurring Deposit,1,0,0,0,0
C108987,Term Insurance,1,1,1,1,1
C108987,Home Loan,1,0,0,0,0
C108987,Cashback Credit Card,1,0,0,0,0
C108988,Recurring Deposit,1,0,0,0,0
C108988,Investment Plan (Mutual Fund SIP),1,0,0,0,0
C108989,Fixed Deposit,1,0,0,0,0
C108989,Premium Credit Card,1,0,0,0,0
C108991,Premium Credit Card,1,1,0,0,0
C108991,Fixed Deposit,1,0,0,0,0
C108991,Home Loan,1,0,0,0,0
C108991,Term Insurance,1,0,0,0,0
C108991,Recurring Deposit,1,0,0,0,0
C108992,Cashback Credit Card,1,0,0,0,0
C108992,Travel Credit Card,1,0,0,0,0
C108993,Investment Plan (Mutual Fund SIP),1,1,0,0,0
C108993,Personal Loan,1,0,0,0,0
C108993,Term Insurance,1,0,0,0,0
C108993,Fuel Credit Card,1,0,0,0,0
C108994,Travel Credit Card,1,1,0,0,0
C108994,Recurring Deposit,1,0,0,0,0
C108994,Personal Loan,1,1,0,0,0
C108994,Cashback Credit Card,1,1,0,0,0
C108994,Premium Credit Card,1,0,0,0,0
C108995,Premium Credit Card,1,0,0,0,0
C108995,Cashback Credit Card,1,0,0,0,0
C108995,Investment Plan (Mutual Fund SIP),1,0,0,0,0
C108995,Fixed Deposit,1,1,0,0,0
C108996,Home Loan,1,1,1,1,1
C108996,Recurring Deposit,1,1,1,1,1
C108997,Term Insurance,1,1,0,0,0
C108997,Fixed Deposit,1,0,0,0,0
C108997,Premium Credit Card,1,1,1,1,1
C108997,Recurring Deposit,1,1,0,0,0
C108998,Premium Credit Card,1,1,1,1,1
C108998,Recurring Deposit,1,1,0,0,0
C108998,Premium Banking Account,1,1,0,0,0
C108998,Fuel Credit Card,1,1,1,0,0
C108998,Cashback Credit Card,1,0,0,0,0
C108999,Fixed Deposit,1,1,0,0,0
C108999,Term Insurance,1,0,0,0,0
C108999,Investment Plan (Mutual Fund SIP),1,1,0,0,0
C108999,Premium Banking Account,1,0,0,0,0
C108999,Recurring Deposit,1,1,0,0,0
C109000,Recurring Deposit,1,0,0,0,0
C109001,Cashback Credit Card,1,1,0,0,0
C109001,Travel Credit Card,1,1,1,1,1
C109001,Fixed Deposit,1,0,0,0,0
C109001,Investment Plan (Mutual Fund SIP),1,1,0,0,0
C109002,Travel Credit Card,1,1,0,0,0
C109002,Cashback Credit Card,1,1,1,0,0
C109002,Personal Loan,1,0,0,0,0
C109002,Fixed Deposit,1,0,0,0,0
C109002,Premium Banking Account,1,0,0,0,0
C109003,Fixed Deposit,1,0,0,0,0
C109003,Term Insurance,1,1,0,0,0
C109003,Home Loan,1,1,0,0,0
C109003,Premium Credit Card,1,1,0,0,0
C109003,Travel Credit Card,1,1,0,0,0
C109004,Cashback Credit Card,1,1,1,0,0
C109004,Investment Plan (Mutual Fund SIP),1,1,0,0,0
C109004,Premium Banking Account,1,1,1,1,1
C109004,Fuel Credit Card,1,1,1,1,1
C109004,Recurring Deposit,1,0,0,0,0
C109005,Personal Loan,1,0,0,0,0
C109005,Travel Credit Card,1,0,0,0,0
C109005,Fixed Deposit,1,1,1,0,0
C109007,Recurring Deposit,1,0,0,0,0
C109007,Fixed Deposit,1,0,0,0,0
C109007,Term Insurance,1,1,0,0,0
C109008,Investment Plan (Mutual Fund SIP),1,1,1,1,1
C109008,Personal Loan,1,0,0,0,0
C109009,Recurring Deposit,1,0,0,0,0
C109010,Term Insurance,1,1,0,0,0
C109010,Cashback Credit Card,1,1,0,0,0
C109010,Recurring Deposit,1,1,1,1,1
C109010,Travel Credit Card,1,0,0,0,0
C109010,Premium Credit Card,1,1,0,0,0
C109011,Fuel Credit Card,1,1,1,1,1
C109011,Home Loan,1,0,0,0,0
C109012,Travel Credit Card,1,1,0,0,0
C109013,Cashback Credit Card,1,1,0,0,0
C109013,Term Insurance,1,1,0,0,0
C109013,Fixed Deposit,1,0,0,0,0
C109013,Premium Banking Account,1,1,0,0,0
C109013,Fuel Credit Card,1,1,0,0,0
C109014,Travel Credit Card,1,0,0,0,0
C109014,Recurring Deposit,1,1,0,0,0
C109014,Investment Plan (Mutual Fund SIP),1,0,0,0,0
C109014,Personal Loan,1,0,0,0,0
C109014,Fixed Deposit,1,1,0,0,0
C109015,Fixed Deposit,1,0,0,0,0
C109015,Premium Banking Account,1,1,1,0,0
C109015,Investment Plan (Mutual Fund SIP),1,0,0,0,0
C109015,Cashback Credit Card,1,1,0,0,0
C109015,Recurring Deposit,1,1,1,1,0
C109016,Fixed Deposit,1,1,1,1,0
C109018,Premium Banking Account,1,1,0,0,0
C109018,Cashback Credit Card,1,1,0,0,0
C109018,Term Insurance,1,1,1,1,0
C109018,Premium Credit Card,1,1,0,0,0
C109019,Premium Banking Account,1,0,0,0,0
C109019,Home Loan,1,0,0,0,0
C109019,Travel Credit Card,1,1,0,0,0
C109019,Term Insurance,1,0,0,0,0
C109020,Personal Loan,1,0,0,0,0
C109020,Cashback Credit Card,1,1,0,0,0
C109020,Fuel Credit Card,1,1,0,0,0
C109020,Premium Banking Account,1,0,0,0,0
C109020,Investment Plan (Mutual Fund SIP),1,1,0,0,0
C109021,Fuel Credit Card,1,0,0,0,0
C109021,Cashback Credit Card,1,1,0,0,0
C109022,Premium Banking Account,1,0,0,0,0
C109023,Fixed Deposit,1,0,0,0,0
C109023,Premium Credit Card,1,1,0,0,0
C109024,Term Insurance,1,1,0,0,0
C109024,Investment Plan (Mutual Fund SIP),1,1,1,1,1
C109024,Premium Credit Card,1,1,0,0,0
C109025,Fixed Deposit,1,1,0,0,0
C109025,Premium Banking Account,1,1,1,0,0
C109026,Fixed Deposit,1,1,0,0,0
C109026,Term Insurance,1,0,0,0,0
C109026,Personal Loan,1,0,0,0,0
C109026,Recurring Deposit,1,0,0,0,0
C109026,Premium Credit Card,1,1,0,0,0
C109027,Cashback Credit Card,1,1,0,0,0
C109027,Premium Banking Account,1,1,0,0,0
C109027,Personal Loan,1,1,0,0,0
C109027,Travel Credit Card,1,0,0,0,0
C109027,Fixed Deposit,1,1,0,0,0
C109029,Premium Credit Card,1,0,0,0,0
C109029,Term Insurance,1,1,1,1,1
C109029,Investment Plan (Mutual Fund SIP),1,0,0,0,0
C109029,Cashback Credit Card,1,1,0,0,0
C109029,Premium Banking Account,1,0,0,0,0
C109030,Travel Credit Card,1,1,1,1,1
C109030,Investment Plan (Mutual Fund SIP),1,0,0,0,0
C109031,Home Loan,1,1,0,0,0
C109032,Premium Credit Card,1,1,1,0,0
C109032,Term Insurance,1,1,0,0,0
C109032,Personal Loan,1,1,1,1,1
C109032,Recurring Deposit,1,1,0,0,0
C109033,Fixed Deposit,1,0,0,0,0
C109033,Recurring Deposit,1,1,1,1,1
C109034,Cashback Credit Card,1,1,0,0,0
C109034,Premium Banking Account,1,1,0,0,0
C109034,Investment Plan (Mutual Fund SIP),1,1,0,0,0
C109036,Term Insurance,1,1,0,0,0
C109036,Premium Credit Card,1,1,1,1,1
C109038,Recurring Deposit,1,1,0,0,0
C109038,Premium Credit Card,1,1,0,0,0
C109038,Premium Banking Account,1,1,1,0,0
C109039,Cashback Credit Card,1,1,0,0,0
C109039,Premium Credit Card,1,1,0,0,0
C109039,Fuel Credit Card,1,1,1,0,0
C109040,Personal Loan,1,1,0,0,0
C109042,Home Loan,1,1,0,0,0
C109042,Premium Credit Card,1,0,0,0,0
C109042,Investment Plan (Mutual Fund SIP),1,1,0,0,0
C109044,Cashback Credit Card,1,0,0,0,0
C109044,Personal Loan,1,1,1,0,0
C109044,Premium Credit Card,1,0,0,0,0
C109044,Investment Plan (Mutual Fund SIP),1,1,0,0,0
C109045,Fixed Deposit,1,1,0,0,0
C109045,Personal Loan,1,0,0,0,0
C109045,Premium Banking Account,1,1,0,0,0
C109045,Home Loan,1,0,0,0,0
C109045,Investment Plan (Mutual Fund SIP),1,0,0,0,0
C109046,Recurring Deposit,1,1,1,0,0
C109046,Cashback Credit Card,1,0,0,0,0
C109046,Term Insurance,1,1,0,0,0
C109046,Personal Loan,1,1,1,1,1
C109046,Fixed Deposit,1,0,0,0,0
C109047,Home Loan,1,1,0,0,0
C109048,Premium Credit Card,1,1,1,0,0
C109049,Fixed Deposit,1,1,0,0,0
C109049,Fuel Credit Card,1,0,0,0,0
C109049,Premium Credit Card,1,1,0,0,0
C109051,Investment Plan (Mutual Fund SIP),1,0,0,0,0
C109051,Premium Banking Account,1,1,0,0,0
C109051,Personal Loan,1,1,0,0,0
C109051,Travel Credit Card,1,1,0,0,0
C109051,Premium Credit Card,1,0,0,0,0
C109052,Premium Banking Account,1,1,0,0,0
C109052,Premium Credit Card,1,1,0,0,0
C109052,Fixed Deposit,1,0,0,0,0
C109052,Fuel Credit Card,1,1,0,0,0
C109053,Premium Banking Account,1,1,1,1,1
C109053,Fixed Deposit,1,0,0,0,0
C109054,Home Loan,1,1,1,0,0
C109054,Premium Credit Card,1,1,0,0,0
C109055,Recurring Deposit,1,0,0,0,0
C109055,Travel Credit Card,1,1,1,0,0
C109056,Fuel Credit Card,1,1,1,1,1
C109056,Investment Plan (Mutual Fund SIP),1,1,1,0,0
C109056,Home Loan,1,0,0,0,0
C109057,Travel Credit Card,1,0,0,0,0
C109057,Recurring Deposit,1,0,0,0,0
C109058,Personal Loan,1,0,0,0,0
C109058,Premium Credit Card,1,0,0,0,0
C109058,Term Insurance,1,1,1,1,0
C109058,Fixed Deposit,1,1,0,0,0
C109059,Premium Credit Card,1,0,0,0,0
C109059,Recurring Deposit,1,1,0,0,0
C109061,Fixed Deposit,1,0,0,0,0
C109062,Cashback Credit Card,1,0,0,0,0
C109062,Investment Plan (Mutual Fund SIP),1,1,0,0,0
C109062,Premium Banking Account,1,1,0,0,0
C109062,Personal Loan,1,1,1,1,1
C109063,Investment Plan (Mutual Fund SIP),1,0,0,0,0
C109064,Investment Plan (Mutual Fund SIP),1,1,0,0,0
C109064,Cashback Credit Card,1,1,0,0,0
C109064,Personal Loan,1,1,1,1,1
C109064,Premium Banking Account,1,0,0,0,0
C109065,Cashback Credit Card,1,0,0,0,0
C109065,Term Insurance,1,1,1,1,1
C109065,Premium Credit Card,1,1,0,0,0
C109065,Premium Banking Account,1,0,0,0,0
C109066,Travel Credit Card,1,0,0,0,0
C109066,Premium Credit Card,1,1,1,1,0
C109070,Fuel Credit Card,1,0,0,0,0
C109070,Premium Credit Card,1,1,1,1,1
C109070,Term Insurance,1,1,0,0,0
C109070,Personal Loan,1,1,0,0,0
C109071,Investment Plan (Mutual Fund SIP),1,1,0,0,0
C109071,Term Insurance,1,1,1,0,0
C109071,Personal Loan,1,1,0,0,0
C109071,Cashback Credit Card,1,1,1,1,0
C109071,Recurring Deposit,1,1,0,0,0
C109072,Travel Credit Card,1,1,0,0,0
C109072,Personal Loan,1,1,0,0,0
C109072,Fixed Deposit,1,1,1,1,0
C109074,Cashback Credit Card,1,1,0,0,0
C109075,Fixed Deposit,1,1,0,0,0
C109075,Travel Credit Card,1,0,0,0,0
C109075,Cashback Credit Card,1,1,1,1,1
C109075,Recurring Deposit,1,0,0,0,0
C109076,Cashback Credit Card,1,0,0,0,0
C109076,Premium Banking Account,1,1,0,0,0
C109077,Personal Loan,1,1,1,1,1
C109077,Travel Credit Card,1,0,0,0,0
C109078,Fuel Credit Card,1,0,0,0,0
C109078,Fixed Deposit,1,1,0,0,0
C109079,Travel Credit Card,1,1,0,0,0
C109081,Personal Loan,1,1,1,1,1
C109082,Cashback Credit Card,1,1,0,0,0
C109082,Fixed Deposit,1,0,0,0,0
C109083,Premium Credit Card,1,0,0,0,0
C109086,Fixed Deposit,1,1,0,0,0
C109086,Personal Loan,1,0,0,0,0
C109087,Fixed Deposit,1,1,1,1,1
C109087,Home Loan,1,0,0,0,0
C109087,Investment Plan (Mutual Fund SIP),1,1,0,0,0
C109087,Term Insurance,1,0,0,0,0
C109087,Premium Banking Account,1,1,0,0,0
C109089,Home Loan,1,1,1,1,0
C109089,Personal Loan,1,1,0,0,0
C109089,Cashback Credit Card,1,0,0,0,0
C109089,Fuel Credit Card,1,1,1,1,1
C109089,Investment Plan (Mutual Fund SIP),1,1,1,1,1
C109092,Fixed Deposit,1,1,0,0,0
C109092,Premium Banking Account,1,0,0,0,0
C109092,Fuel Credit Card,1,0,0,0,0
C109093,Recurring Deposit,1,1,1,1,1
C109093,Personal Loan,1,1,1,1,1
C109094,Premium Banking Account,1,0,0,0,0
C109094,Term Insurance,1,1,0,0,0
C109094,Fixed Deposit,1,1,1,1,1
C109094,Fuel Credit Card,1,1,0,0,0
C109094,Cashback Credit Card,1,0,0,0,0
C109095,Travel Credit Card,1,1,0,0,0
C109095,Recurring Deposit,1,0,0,0,0
C109095,Cashback Credit Card,1,1,0,0,0
C109095,Investment Plan (Mutual Fund SIP),1,1,0,0,0
C109096,Premium Credit Card,1,1,1,0,0
C109097,Cashback Credit Card,1,0,0,0,0
C109097,Home Loan,1,1,0,0,0
C109099,Home Loan,1,0,0,0,0
C109099,Recurring Deposit,1,0,0,0,0
C109100,Premium Credit Card,1,1,0,0,0
C109100,Fuel Credit Card,1,1,1,1,1
C109100,Term Insurance,1,0,0,0,0
C109100,Premium Banking Account,1,1,0,0,0
C109102,Investment Plan (Mutual Fund SIP),1,1,0,0,0
C109102,Term Insurance,1,1,0,0,0
C109102,Personal Loan,1,0,0,0,0
C109102,Home Loan,1,1,1,1,1
C109102,Recurring Deposit,1,1,1,1,1
C109103,Home Loan,1,0,0,0,0
C109103,Premium Banking Account,1,1,0,0,0
C109103,Travel Credit Card,1,0,0,0,0
C109104,Premium Banking Account,1,1,1,1,1
C109104,Home Loan,1,0,0,0,0
C109105,Premium Credit Card,1,0,0,0,0
C109105,Fuel Credit Card,1,0,0,0,0
C109105,Cashback Credit Card,1,1,1,1,1
C109105,Premium Banking Account,1,0,0,0,0
C109106,Home Loan,1,0,0,0,0
C109106,Travel Credit Card,1,1,0,0,0
C109107,Premium Banking Account,1,1,0,0,0
C109107,Home Loan,1,0,0,0,0
C109108,Premium Credit Card,1,0,0,0,0
C109108,Fuel Credit Card,1,1,1,1,1
C109108,Cashback Credit Card,1,0,0,0,0
C109108,Travel Credit Card,1,0,0,0,0
C109110,Home Loan,1,1,0,0,0
C109110,Fixed Deposit,1,0,0,0,0
C109110,Cashback Credit Card,1,0,0,0,0
C109110,Premium Banking Account,1,0,0,0,0
C109111,Premium Banking Account,1,0,0,0,0
C109111,Home Loan,1,1,0,0,0
C109111,Fuel Credit Card,1,0,0,0,0
C109112,Personal Loan,1,1,0,0,0
C109113,Fuel Credit Card,1,1,0,0,0
C109113,Premium Banking Account,1,1,1,0,0
C109113,Recurring Deposit,1,1,0,0,0
C109113,Travel Credit Card,1,1,1,0,0
C109114,Travel Credit Card,1,0,0,0,0
C109114,Cashback Credit Card,1,0,0,0,0
C109114,Investment Plan (Mutual Fund SIP),1,0,0,0,0
C109114,Fuel Credit Card,1,1,0,0,0
C109114,Fixed Deposit,1,1,0,0,0
C109115,Travel Credit Card,1,1,1,0,0
C109116,Premium Banking Account,1,1,0,0,0
C109116,Cashback Credit Card,1,1,0,0,0
C109117,Travel Credit Card,1,0,0,0,0
C109117,Fuel Credit Card,1,1,0,0,0
C109117,Investment Plan (Mutual Fund SIP),1,0,0,0,0
C109117,Personal Loan,1,0,0,0,0
C109117,Premium Credit Card,1,1,1,0,0
C109118,Fixed Deposit,1,0,0,0,0
C109118,Term Insurance,1,1,1,1,1
C109119,Cashback Credit Card,1,1,0,0,0
C109119,Investment Plan (Mutual Fund SIP),1,0,0,0,0
C109119,Premium Credit Card,1,1,0,0,0
C109120,Recurring Deposit,1,0,0,0,0
C109120,Fuel Credit Card,1,1,1,1,1
C109121,Investment Plan (Mutual Fund SIP),1,0,0,0,0
C109122,Recurring Deposit,1,0,0,0,0
C109122,Cashback Credit Card,1,0,0,0,0
C109123,Home Loan,1,1,0,0,0
C109124,Term Insurance,1,0,0,0,0
C109125,Investment Plan (Mutual Fund SIP),1,0,0,0,0
C109126,Travel Credit Card,1,1,1,1,0
C109126,Investment Plan (Mutual Fund SIP),1,1,1,1,1
C109127,Personal Loan,1,1,1,1,1
C109127,Term Insurance,1,1,1,1,1
C109127,Cashback Credit Card,1,1,1,0,0
C109127,Investment Plan (Mutual Fund SIP),1,0,0,0,0
C109128,Home Loan,1,0,0,0,0
C109128,Personal Loan,1,0,0,0,0
C109128,Term Insurance,1,0,0,0,0
C109129,Travel Credit Card,1,1,1,1,1
C109130,Investment Plan (Mutual Fund SIP),1,1,0,0,0
C109130,Fuel Credit Card,1,1,0,0,0
C109131,Premium Banking Account,1,1,0,0,0
C109132,Premium Banking Account,1,0,0,0,0
C109133,Cashback Credit Card,1,1,1,0,0
C109133,Fixed Deposit,1,1,0,0,0
C109134,Home Loan,1,1,0,0,0
C109134,Cashback Credit Card,1,1,0,0,0
C109135,Investment Plan (Mutual Fund SIP),1,0,0,0,0
C109135,Personal Loan,1,1,0,0,0
C109135,Term Insurance,1,1,0,0,0
C109135,Fixed Deposit,1,1,1,1,1
C109135,Travel Credit Card,1,0,0,0,0
C109137,Fuel Credit Card,1,1,1,1,1
C109137,Premium Credit Card,1,0,0,0,0
C109137,Cashback Credit Card,1,1,1,1,1
C109137,Home Loan,1,0,0,0,0
C109138,Fuel Credit Card,1,1,1,1,1
C109139,Fixed Deposit,1,1,0,0,0
C109139,Premium Banking Account,1,0,0,0,0
C109140,Fuel Credit Card,1,0,0,0,0
C109140,Investment Plan (Mutual Fund SIP),1,0,0,0,0
C109140,Term Insurance,1,1,0,0,0
C109140,Travel Credit Card,1,0,0,0,0
C109142,Travel Credit Card,1,0,0,0,0
C109144,Premium Banking Account,1,1,0,0,0
C109144,Investment Plan (Mutual Fund SIP),1,1,0,0,0
C109145,Home Loan,1,1,1,1,0
C109145,Term Insurance,1,0,0,0,0
C109145,Fixed Deposit,1,1,0,0,0
C109146,Investment Plan (Mutual Fund SIP),1,0,0,0,0
C109147,Term Insurance,1,0,0,0,0
C109147,Home Loan,1,1,1,1,1
C109147,Fuel Credit Card,1,0,0,0,0
C109147,Recurring Deposit,1,0,0,0,0
C109148,Personal Loan,1,1,0,0,0
C109150,Premium Banking Account,1,0,0,0,0
C109150,Fuel Credit Card,1,1,1,1,1
C109150,Cashback Credit Card,1,0,0,0,0
C109150,Home Loan,1,1,0,0,0
C109150,Investment Plan (Mutual Fund SIP),1,0,0,0,0
C109151,Premium Credit Card,1,1,1,1,1
C109151,Personal Loan,1,0,0,0,0
C109151,Fuel Credit Card,1,0,0,0,0
C109151,Premium Banking Account,1,0,0,0,0
C109151,Cashback Credit Card,1,1,0,0,0
C109153,Fuel Credit Card,1,1,0,0,0
C109154,Premium Credit Card,1,1,1,0,0
C109154,Fixed Deposit,1,0,0,0,0
C109154,Fuel Credit Card,1,0,0,0,0
C109154,Investment Plan (Mutual Fund SIP),1,1,0,0,0
C109154,Premium Banking Account,1,1,0,0,0
C109155,Recurring Deposit,1,0,0,0,0
C109155,Premium Credit Card,1,0,0,0,0
C109155,Personal Loan,1,1,0,0,0
C109155,Premium Banking Account,1,0,0,0,0
C109156,Recurring Deposit,1,1,0,0,0
C109156,Investment Plan (Mutual Fund SIP),1,1,0,0,0
C109156,Term Insurance,1,0,0,0,0
C109157,Fuel Credit Card,1,0,0,0,0
C109157,Home Loan,1,1,0,0,0
C109157,Personal Loan,1,1,0,0,0
C109157,Premium Credit Card,1,1,1,1,1
C109158,Travel Credit Card,1,1,0,0,0
C109158,Premium Banking Account,1,0,0,0,0
C109159,Investment Plan (Mutual Fund SIP),1,1,0,0,0
C109159,Home Loan,1,0,0,0,0
C109160,Fixed Deposit,1,1,0,0,0
C109160,Term Insurance,1,1,0,0,0
C109160,Premium Credit Card,1,1,0,0,0
C109161,Term Insurance,1,1,0,0,0
C109161,Premium Banking Account,1,1,0,0,0
C109161,Fixed Deposit,1,1,1,1,1
C109161,Premium Credit Card,1,1,0,0,0
C109162,Fuel Credit Card,1,1,1,1,0
C109164,Recurring Deposit,1,0,0,0,0
C109165,Fixed Deposit,1,0,0,0,0
C109165,Travel Credit Card,1,0,0,0,0
C109165,Fuel Credit Card,1,0,0,0,0
C109166,Term Insurance,1,1,1,1,1
C109166,Cashback Credit Card,1,0,0,0,0
C109167,Cashback Credit Card,1,1,0,0,0
C109168,Home Loan,1,0,0,0,0
C109168,Personal Loan,1,1,0,0,0
C109168,Premium Credit Card,1,1,0,0,0
C109168,Recurring Deposit,1,0,0,0,0
C109168,Cashback Credit Card,1,1,1,0,0
C109169,Premium Banking Account,1,0,0,0,0
C109169,Term Insurance,1,1,1,1,1
C109170,Home Loan,1,0,0,0,0
C109170,Fixed Deposit,1,1,1,0,0
C109170,Personal Loan,1,1,0,0,0
C109171,Cashback Credit Card,1,1,1,1,1
C109171,Travel Credit Card,1,0,0,0,0
C109171,Personal Loan,1,0,0,0,0
C109172,Fuel Credit Card,1,0,0,0,0
C109172,Term Insurance,1,1,0,0,0
C109173,Premium Credit Card,1,0,0,0,0
C109173,Recurring Deposit,1,0,0,0,0
C109174,Cashback Credit Card,1,1,1,0,0
C109174,Personal Loan,1,0,0,0,0
C109174,Fuel Credit Card,1,1,1,1,0
C109174,Premium Credit Card,1,1,1,0,0
C109174,Term Insurance,1,0,0,0,0
C109175,Home Loan,1,1,1,1,0
C109175,Fuel Credit Card,1,1,0,0,0
C109175,Term Insurance,1,0,0,0,0
C109175,Premium Banking Account,1,0,0,0,0
C109178,Cashback Credit Card,1,0,0,0,0
C109179,Premium Credit Card,1,1,0,0,0
C109179,Travel Credit Card,1,0,0,0,0
C109179,Fixed Deposit,1,0,0,0,0
C109179,Home Loan,1,1,0,0,0
C109179,Personal Loan,1,0,0,0,0
C109181,Investment Plan (Mutual Fund SIP),1,0,0,0,0
C109181,Personal Loan,1,0,0,0,0
C109181,Fixed Deposit,1,0,0,0,0
C109182,Investment Plan (Mutual Fund SIP),1,0,0,0,0
C109182,Premium Credit Card,1,0,0,0,0
C109182,Recurring Deposit,1,1,0,0,0
C109182,Fuel Credit Card,1,1,0,0,0
C109182,Home Loan,1,1,0,0,0
C109183,Cashback Credit Card,1,0,0,0,0
C109183,Premium Credit Card,1,0,0,0,0
C109183,Premium Banking Account,1,1,0,0,0
C109184,Personal Loan,1,1,0,0,0
C109184,Term Insurance,1,1,0,0,0
C109184,Travel Credit Card,1,1,0,0,0
C109184,Investment Plan (Mutual Fund SIP),1,1,1,1,1
C109184,Home Loan,1,1,1,1,1
C109186,Investment Plan (Mutual Fund SIP),1,1,0,0,0
C109186,Fuel Credit Card,1,0,0,0,0
C109186,Cashback Credit Card,1,0,0,0,0
C109187,Premium Credit Card,1,1,0,0,0
C109187,Fixed Deposit,1,1,1,1,1
C109187,Home Loan,1,1,0,0,0
C109188,Fuel Credit Card,1,1,1,1,1
C109189,Fixed Deposit,1,1,0,0,0
C109190,Investment Plan (Mutual Fund SIP),1,0,0,0,0
C109190,Home Loan,1,1,0,0,0
C109190,Fuel Credit Card,1,1,0,0,0
C109191,Recurring Deposit,1,0,0,0,0
C109191,Fixed Deposit,1,0,0,0,0
C109192,Term Insurance,1,1,1,1,1
C109192,Travel Credit Card,1,0,0,0,0
C109192,Investment Plan (Mutual Fund SIP),1,0,0,0,0
C109192,Home Loan,1,0,0,0,0
C109192,Cashback Credit Card,1,1,0,0,0
C109193,Term Insurance,1,0,0,0,0
C109193,Cashback Credit Card,1,0,0,0,0
C109193,Premium Credit Card,1,0,0,0,0
C109193,Travel Credit Card,1,1,0,0,0
C109194,Fuel Credit Card,1,1,0,0,0
C109194,Fixed Deposit,1,1,0,0,0
C109194,Travel Credit Card,1,0,0,0,0
C109194,Term Insurance,1,1,0,0,0
C109195,Travel Credit Card,1,1,1,1,1
C109195,Personal Loan,1,0,0,0,0
C109195,Recurring Deposit,1,1,0,0,0
C109196,Term Insurance,1,1,0,0,0
C109196,Home Loan,1,1,0,0,0
C109196,Premium Credit Card,1,0,0,0,0
C109197,Personal Loan,1,0,0,0,0
C109197,Investment Plan (Mutual Fund SIP),1,1,1,1,1
C109198,Investment Plan (Mutual Fund SIP),1,0,0,0,0
C109198,Home Loan,1,0,0,0,0
C109198,Cashback Credit Card,1,1,0,0,0
C109198,Personal Loan,1,1,1,0,0
C109199,Premium Banking Account,1,1,1,1,0
C109199,Fixed Deposit,1,1,1,1,1
C109200,Fixed Deposit,1,0,0,0,0
C109201,Recurring Deposit,1,1,1,0,0
C109202,Premium Banking Account,1,1,0,0,0
C109203,Fixed Deposit,1,0,0,0,0
C109203,Fuel Credit Card,1,0,0,0,0
C109203,Term Insurance,1,1,0,0,0
C109204,Premium Banking Account,1,1,0,0,0
C109204,Home Loan,1,1,0,0,0
C109205,Cashback Credit Card,1,1,0,0,0
C109205,Premium Credit Card,1,0,0,0,0
C109205,Term Insurance,1,0,0,0,0
C109205,Fuel Credit Card,1,0,0,0,0
C109206,Premium Credit Card,1,1,1,1,1
C109207,Fuel Credit Card,1,0,0,0,0
C109207,Fixed Deposit,1,1,0,0,0
C109208,Cashback Credit Card,1,0,0,0,0
C109208,Fuel Credit Card,1,1,1,0,0
C109208,Recurring Deposit,1,1,1,0,0
C109208,Fixed Deposit,1,1,0,0,0
C109208,Premium Banking Account,1,0,0,0,0
C109209,Personal Loan,1,1,1,1,1
C109209,Premium Credit Card,1,1,1,1,1
C109209,Term Insurance,1,1,0,0,0
C109210,Cashback Credit Card,1,0,0,0,0
C109210,Fixed Deposit,1,1,0,0,0
C109210,Recurring Deposit,1,1,0,0,0
C109211,Fixed Deposit,1,1,0,0,0
C109211,Term Insurance,1,0,0,0,0
C109211,Personal Loan,1,1,1,1,1
C109211,Recurring Deposit,1,0,0,0,0
C109212,Fuel Credit Card,1,0,0,0,0
C109212,Recurring Deposit,1,0,0,0,0
C109212,Premium Credit Card,1,1,1,1,1
C109212,Personal Loan,1,1,0,0,0
C109212,Premium Banking Account,1,1,1,0,0
C109213,Cashback Credit Card,1,1,1,0,0
C109213,Term Insurance,1,1,0,0,0
C109213,Fuel Credit Card,1,1,0,0,0
C109213,Premium Credit Card,1,0,0,0,0
C109216,Travel Credit Card,1,1,0,0,0
C109216,Premium Credit Card,1,1,0,0,0
C109216,Recurring Deposit,1,1,0,0,0
C109217,Home Loan,1,1,0,0,0
C109217,Recurring Deposit,1,1,0,0,0
C109217,Term Insurance,1,0,0,0,0
C109217,Premium Credit Card,1,1,0,0,0
C109217,Travel Credit Card,1,0,0,0,0
C109218,Travel Credit Card,1,1,0,0,0
C109218,Premium Credit Card,1,1,0,0,0
C109219,Premium Banking Account,1,0,0,0,0
C109219,Investment Plan (Mutual Fund SIP),1,1,0,0,0
C109220,Personal Loan,1,0,0,0,0
C109220,Investment Plan (Mutual Fund SIP),1,0,0,0,0
C109220,Fuel Credit Card,1,1,0,0,0
C109220,Fixed Deposit,1,0,0,0,0
C109220,Term Insurance,1,0,0,0,0
C109221,Recurring Deposit,1,1,0,0,0
C109221,Investment Plan (Mutual Fund SIP),1,1,0,0,0
C109222,Personal Loan,1,0,0,0,0
C109222,Premium Banking Account,1,0,0,0,0
C109222,Home Loan,1,1,1,1,1
C109223,Travel Credit Card,1,0,0,0,0
C109223,Fuel Credit Card,1,1,0,0,0
C109223,Term Insurance,1,1,0,0,0
C109223,Investment Plan (Mutual Fund SIP),1,1,1,1,1
C109223,Premium Credit Card,1,0,0,0,0
C109224,Premium Credit Card,1,0,0,0,0
C109224,Fixed Deposit,1,0,0,0,0
C109224,Fuel Credit Card,1,0,0,0,0
C109225,Travel Credit Card,1,0,0,0,0
C109225,Fuel Credit Card,1,0,0,0,0
C109225,Cashback Credit Card,1,0,0,0,0
C109225,Home Loan,1,1,0,0,0
C109227,Premium Banking Account,1,0,0,0,0
C109227,Investment Plan (Mutual Fund SIP),1,0,0,0,0
C109227,Personal Loan,1,1,0,0,0
C109227,Fixed Deposit,1,0,0,0,0
C109227,Premium Credit Card,1,0,0,0,0
C109228,Cashback Credit Card,1,0,0,0,0
C109228,Personal Loan,1,1,1,1,0
C109228,Fuel Credit Card,1,1,0,0,0
C109229,Cashback Credit Card,1,0,0,0,0
C109229,Premium Credit Card,1,1,1,1,1
C109229,Term Insurance,1,1,1,1,1
C109229,Travel Credit Card,1,0,0,0,0
C109229,Investment Plan (Mutual Fund SIP),1,0,0,0,0
C109230,Premium Credit Card,1,0,0,0,0
C109230,Personal Loan,1,0,0,0,0
C109232,Term Insurance,1,0,0,0,0
C109234,Fuel Credit Card,1,1,1,1,0
C109234,Cashback Credit Card,1,1,0,0,0
C109234,Premium Credit Card,1,1,0,0,0
C109234,Personal Loan,1,1,0,0,0
C109235,Premium Credit Card,1,1,1,1,1
C109236,Personal Loan,1,1,0,0,0
C109236,Home Loan,1,1,1,1,1
C109237,Premium Credit Card,1,0,0,0,0
C109240,Investment Plan (Mutual Fund SIP),1,1,1,1,0
C109240,Personal Loan,1,1,1,1,1
C109240,Home Loan,1,0,0,0,0
C109240,Premium Credit Card,1,1,0,0,0
C109241,Travel Credit Card,1,1,0,0,0
C109241,Premium Credit Card,1,0,0,0,0
C109241,Cashback Credit Card,1,1,0,0,0
C109241,Home Loan,1,1,1,0,0
C109241,Personal Loan,1,0,0,0,0
C109242,Personal Loan,1,0,0,0,0
C109242,Premium Credit Card,1,0,0,0,0
C109242,Premium Banking Account,1,0,0,0,0
C109243,Travel Credit Card,1,0,0,0,0
C109243,Personal Loan,1,0,0,0,0
C109243,Premium Credit Card,1,0,0,0,0
C109243,Term Insurance,1,1,0,0,0
C109243,Fuel Credit Card,1,1,1,0,0
C109244,Fixed Deposit,1,1,0,0,0
C109244,Term Insurance,1,0,0,0,0
C109246,Fuel Credit Card,1,1,0,0,0
C109246,Cashback Credit Card,1,1,0,0,0
C109247,Travel Credit Card,1,1,0,0,0
C109247,Cashback Credit Card,1,1,0,0,0
C109247,Personal Loan,1,0,0,0,0
C109248,Fixed Deposit,1,0,0,0,0
C109248,Personal Loan,1,1,0,0,0
C109250,Term Insurance,1,0,0,0,0
C109250,Fuel Credit Card,1,0,0,0,0
C109250,Personal Loan,1,1,1,0,0
C109250,Travel Credit Card,1,1,0,0,0
C109251,Premium Banking Account,1,0,0,0,0
C109251,Travel Credit Card,1,1,1,1,1
C109252,Premium Banking Account,1,0,0,0,0
C109252,Recurring Deposit,1,0,0,0,0
C109252,Personal Loan,1,1,1,1,0
C109252,Term Insurance,1,0,0,0,0
C109252,Travel Credit Card,1,0,0,0,0
C109253,Fixed Deposit,1,1,0,0,0
C109255,Personal Loan,1,1,0,0,0
C109255,Travel Credit Card,1,0,0,0,0
C109255,Cashback Credit Card,1,0,0,0,0
C109255,Premium Banking Account,1,0,0,0,0
C109256,Travel Credit Card,1,1,0,0,0
C109256,Premium Banking Account,1,0,0,0,0
C109256,Fixed Deposit,1,1,0,0,0
C109256,Term Insurance,1,0,0,0,0
C109257,Personal Loan,1,1,1,1,1
C109257,Term Insurance,1,1,0,0,0
C109257,Premium Banking Account,1,0,0,0,0
C109258,Investment Plan (Mutual Fund SIP),1,0,0,0,0
C109259,Fuel Credit Card,1,1,0,0,0
C109259,Term Insurance,1,1,1,0,0
C109259,Premium Banking Account,1,1,1,1,1
C109259,Recurring Deposit,1,0,0,0,0
C109260,Home Loan,1,0,0,0,0
C109260,Travel Credit Card,1,1,0,0,0
C109260,Premium Credit Card,1,1,0,0,0
C109261,Term Insurance,1,1,1,1,0
C109261,Investment Plan (Mutual Fund SIP),1,1,1,0,0
C109261,Recurring Deposit,1,1,1,1,1
C109262,Home Loan,1,0,0,0,0
C109262,Premium Banking Account,1,0,0,0,0
C109263,Investment Plan (Mutual Fund SIP),1,0,0,0,0
C109263,Fuel Credit Card,1,0,0,0,0
C109263,Home Loan,1,0,0,0,0
C109264,Fixed Deposit,1,0,0,0,0
C109264,Home Loan,1,0,0,0,0
C109267,Personal Loan,1,0,0,0,0
C109267,Investment Plan (Mutual Fund SIP),1,0,0,0,0
C109268,Term Insurance,1,0,0,0,0
C109270,Premium Banking Account,1,1,1,1,1
C109270,Term Insurance,1,1,0,0,0
C109270,Home Loan,1,1,0,0,0
C109271,Premium Banking Account,1,1,1,1,1
C109271,Fuel Credit Card,1,1,0,0,0
C109271,Term Insurance,1,1,0,0,0
C109272,Travel Credit Card,1,0,0,0,0
C109272,Investment Plan (Mutual Fund SIP),1,0,0,0,0
C109272,Premium Credit Card,1,1,0,0,0
C109272,Fixed Deposit,1,0,0,0,0
C109272,Recurring Deposit,1,0,0,0,0
C109275,Fixed Deposit,1,0,0,0,0
C109275,Personal Loan,1,0,0,0,0
C109275,Recurring Deposit,1,1,1,0,0
C109275,Investment Plan (Mutual Fund SIP),1,0,0,0,0
C109276,Recurring Deposit,1,0,0,0,0
C109276,Fuel Credit Card,1,1,0,0,0
C109277,Cashback Credit Card,1,0,0,0,0
C109280,Premium Banking Account,1,1,0,0,0
C109280,Recurring Deposit,1,0,0,0,0
C109280,Cashback Credit Card,1,1,1,1,1
C109280,Premium Credit Card,1,1,0,0,0
C109280,Term Insurance,1,1,0,0,0
C109281,Fuel Credit Card,1,0,0,0,0
C109281,Cashback Credit Card,1,0,0,0,0
C109281,Fixed Deposit,1,1,0,0,0
C109281,Home Loan,1,1,1,1,0
C109283,Fuel Credit Card,1,1,0,0,0
C109283,Premium Credit Card,1,1,0,0,0
C109284,Personal Loan,1,0,0,0,0
C109284,Recurring Deposit,1,0,0,0,0
C109284,Fuel Credit Card,1,1,1,1,1
C109285,Term Insurance,1,1,1,1,1
C109285,Recurring Deposit,1,0,0,0,0
C109285,Fixed Deposit,1,1,0,0,0
C109285,Investment Plan (Mutual Fund SIP),1,0,0,0,0
C109285,Premium Banking Account,1,1,1,0,0
C109286,Travel Credit Card,1,0,0,0,0
C109287,Recurring Deposit,1,1,0,0,0
C109287,Premium Credit Card,1,1,0,0,0
C109287,Term Insurance,1,0,0,0,0
C109288,Cashback Credit Card,1,1,1,1,1
C109288,Premium Banking Account,1,0,0,0,0
C109289,Fuel Credit Card,1,1,1,1,1
C109289,Travel Credit Card,1,0,0,0,0
C109289,Personal Loan,1,0,0,0,0
C109290,Fixed Deposit,1,1,0,0,0
C109291,Investment Plan (Mutual Fund SIP),1,1,0,0,0
C109292,Premium Credit Card,1,0,0,0,0
C109293,Fixed Deposit,1,0,0,0,0
C109294,Fixed Deposit,1,0,0,0,0
C109294,Fuel Credit Card,1,0,0,0,0
C109294,Personal Loan,1,1,0,0,0
C109294,Investment Plan (Mutual Fund SIP),1,1,1,1,1
C109294,Travel Credit Card,1,1,0,0,0
C109296,Fuel Credit Card,1,0,0,0,0
C109296,Cashback Credit Card,1,1,0,0,0
C109296,Personal Loan,1,0,0,0,0
C109297,Investment Plan (Mutual Fund SIP),1,0,0,0,0
C109297,Term Insurance,1,0,0,0,0
C109297,Premium Credit Card,1,0,0,0,0
C109297,Travel Credit Card,1,0,0,0,0
C109297,Premium Banking Account,1,0,0,0,0
C109300,Investment Plan (Mutual Fund SIP),1,1,0,0,0
C109300,Home Loan,1,1,0,0,0
C109300,Personal Loan,1,1,1,1,0
C109300,Premium Banking Account,1,0,0,0,0
C109301,Recurring Deposit,1,1,0,0,0
C109301,Premium Credit Card,1,0,0,0,0
C109301,Home Loan,1,1,1,0,0
C109301,Personal Loan,1,1,1,1,0
C109302,Fixed Deposit,1,0,0,0,0
C109302,Premium Credit Card,1,1,1,1,1
C109303,Premium Credit Card,1,0,0,0,0
C109303,Home Loan,1,1,1,1,1
C109303,Term Insurance,1,1,1,1,1
C109303,Premium Banking Account,1,1,0,0,0
C109303,Investment Plan (Mutual Fund SIP),1,1,1,1,1
C109304,Premium Banking Account,1,1,0,0,0
C109304,Travel Credit Card,1,1,0,0,0
C109304,Personal Loan,1,0,0,0,0
C109304,Home Loan,1,0,0,0,0
C109304,Investment Plan (Mutual Fund SIP),1,1,0,0,0
C109306,Premium Banking Account,1,1,0,0,0
C109306,Fuel Credit Card,1,1,0,0,0
C109306,Travel Credit Card,1,1,0,0,0
C109306,Home Loan,1,0,0,0,0
C109306,Recurring Deposit,1,1,1,1,1
C109307,Premium Banking Account,1,1,0,0,0
C109307,Fixed Deposit,1,1,1,1,0
C109307,Investment Plan (Mutual Fund SIP),1,0,0,0,0
C109307,Recurring Deposit,1,0,0,0,0
C109307,Personal Loan,1,1,1,0,0
C109308,Premium Credit Card,1,0,0,0,0
C109308,Term Insurance,1,0,0,0,0
C109309,Home Loan,1,1,0,0,0
C109312,Travel Credit Card,1,0,0,0,0
C109312,Fuel Credit Card,1,1,0,0,0
C109313,Recurring Deposit,1,1,0,0,0
C109313,Personal Loan,1,0,0,0,0
C109313,Travel Credit Card,1,1,0,0,0
C109313,Home Loan,1,0,0,0,0
C109314,Premium Credit Card,1,1,1,0,0
C109314,Fuel Credit Card,1,1,1,1,1
C109314,Personal Loan,1,0,0,0,0
C109316,Cashback Credit Card,1,1,1,1,1
C109316,Term Insurance,1,0,0,0,0
C109316,Premium Credit Card,1,1,1,1,0
C109316,Personal Loan,1,0,0,0,0
C109316,Fixed Deposit,1,0,0,0,0
C109317,Fuel Credit Card,1,1,0,0,0
C109318,Home Loan,1,0,0,0,0
C109319,Fixed Deposit,1,1,0,0,0
C109319,Cashback Credit Card,1,1,1,1,1
C109319,Personal Loan,1,0,0,0,0
C109319,Travel Credit Card,1,1,0,0,0
C109319,Fuel Credit Card,1,1,0,0,0
C109320,Personal Loan,1,0,0,0,0
C109320,Cashback Credit Card,1,0,0,0,0
C109321,Term Insurance,1,1,1,1,0
C109321,Premium Credit Card,1,0,0,0,0
C109321,Home Loan,1,0,0,0,0
C109321,Fuel Credit Card,1,0,0,0,0
C109322,Fixed Deposit,1,0,0,0,0
C109322,Travel Credit Card,1,1,0,0,0
C109322,Cashback Credit Card,1,1,1,1,1
C109324,Recurring Deposit,1,1,1,1,1
C109324,Premium Banking Account,1,0,0,0,0
C109324,Investment Plan (Mutual Fund SIP),1,1,1,0,0
C109324,Term Insurance,1,1,0,0,0
C109325,Premium Credit Card,1,1,0,0,0
C109325,Travel Credit Card,1,1,1,1,1
C109326,Fixed Deposit,1,0,0,0,0
C109326,Recurring Deposit,1,1,0,0,0
C109326,Investment Plan (Mutual Fund SIP),1,0,0,0,0
C109326,Travel Credit Card,1,1,0,0,0
C109326,Fuel Credit Card,1,1,1,1,0
C109327,Home Loan,1,1,0,0,0
C109327,Fixed Deposit,1,0,0,0,0
C109327,Investment Plan (Mutual Fund SIP),1,1,0,0,0
C109327,Travel Credit Card,1,1,1,0,0
C109328,Recurring Deposit,1,0,0,0,0
C109328,Term Insurance,1,1,0,0,0
C109328,Premium Credit Card,1,0,0,0,0
C109328,Fuel Credit Card,1,1,0,0,0
C109329,Home Loan,1,1,0,0,0
C109329,Recurring Deposit,1,1,1,1,1
C109329,Personal Loan,1,0,0,0,0
C109329,Term Insurance,1,1,1,1,1
C109330,Cashback Credit Card,1,0,0,0,0
C109331,Recurring Deposit,1,1,0,0,0
C109331,Investment Plan (Mutual Fund SIP),1,1,0,0,0
C109331,Cashback Credit Card,1,1,0,0,0
C109331,Personal Loan,1,1,0,0,0
C109331,Home Loan,1,1,0,0,0
C109332,Fuel Credit Card,1,0,0,0,0
C109332,Term Insurance,1,0,0,0,0
C109332,Home Loan,1,0,0,0,0
C109332,Travel Credit Card,1,0,0,0,0
C109333,Term Insurance,1,1,0,0,0
C109333,Recurring Deposit,1,0,0,0,0
C109333,Fixed Deposit,1,1,0,0,0
C109333,Premium Banking Account,1,0,0,0,0
C109333,Travel Credit Card,1,0,0,0,0
C109335,Recurring Deposit,1,1,1,1,1
C109335,Travel Credit Card,1,0,0,0,0
C109335,Fixed Deposit,1,0,0,0,0
C109336,Fuel Credit Card,1,0,0,0,0
C109336,Investment Plan (Mutual Fund SIP),1,0,0,0,0
C109337,Fuel Credit Card,1,0,0,0,0
C109337,Recurring Deposit,1,0,0,0,0
C109337,Home Loan,1,1,0,0,0
C109337,Premium Credit Card,1,0,0,0,0
C109338,Term Insurance,1,1,0,0,0
C109338,Personal Loan,1,0,0,0,0
C109340,Home Loan,1,1,0,0,0
C109340,Investment Plan (Mutual Fund SIP),1,1,0,0,0
C109340,Term Insurance,1,1,0,0,0
C109340,Fuel Credit Card,1,1,0,0,0
C109340,Cashback Credit Card,1,1,1,1,1
C109341,Cashback Credit Card,1,1,0,0,0
C109342,Fixed Deposit,1,0,0,0,0
C109342,Premium Banking Account,1,0,0,0,0
C109342,Cashback Credit Card,1,1,1,1,1
C109342,Term Insurance,1,1,0,0,0
C109342,Premium Credit Card,1,0,0,0,0
C109343,Recurring Deposit,1,0,0,0,0
C109343,Fuel Credit Card,1,0,0,0,0
C109344,Premium Banking Account,1,1,0,0,0
C109344,Investment Plan (Mutual Fund SIP),1,0,0,0,0
C109345,Cashback Credit Card,1,1,1,1,1
C109345,Personal Loan,1,1,1,1,1
C109346,Investment Plan (Mutual Fund SIP),1,0,0,0,0
C109346,Travel Credit Card,1,1,0,0,0
C109347,Fixed Deposit,1,0,0,0,0
C109348,Fuel Credit Card,1,0,0,0,0
C109348,Home Loan,1,1,1,1,1
C109348,Travel Credit Card,1,0,0,0,0
C109348,Term Insurance,1,0,0,0,0
C109348,Premium Banking Account,1,1,0,0,0
C109349,Investment Plan (Mutual Fund SIP),1,0,0,0,0
C109349,Cashback Credit Card,1,1,0,0,0
C109349,Personal Loan,1,0,0,0,0
C109350,Investment Plan (Mutual Fund SIP),1,0,0,0,0
C109350,Fixed Deposit,1,0,0,0,0
C109350,Term Insurance,1,1,0,0,0
C109351,Term Insurance,1,1,0,0,0
C109351,Fixed Deposit,1,1,1,1,1
C109351,Travel Credit Card,1,0,0,0,0
C109351,Recurring Deposit,1,1,0,0,0
C109351,Investment Plan (Mutual Fund SIP),1,0,0,0,0
C109352,Recurring Deposit,1,0,0,0,0
C109352,Cashback Credit Card,1,0,0,0,0
C109352,Fixed Deposit,1,0,0,0,0
C109352,Term Insurance,1,1,0,0,0
C109353,Fixed Deposit,1,1,0,0,0
C109353,Premium Banking Account,1,1,0,0,0
C109353,Investment Plan (Mutual Fund SIP),1,0,0,0,0
C109353,Home Loan,1,1,1,1,0
C109353,Recurring Deposit,1,1,0,0,0
C109354,Travel Credit Card,1,0,0,0,0
C109355,Premium Banking Account,1,0,0,0,0
C109355,Investment Plan (Mutual Fund SIP),1,1,0,0,0
C109356,Premium Credit Card,1,0,0,0,0
C109357,Investment Plan (Mutual Fund SIP),1,1,0,0,0
C109357,Fuel Credit Card,1,0,0,0,0
C109357,Travel Credit Card,1,0,0,0,0
C109357,Premium Credit Card,1,0,0,0,0
C109358,Recurring Deposit,1,0,0,0,0
C109358,Premium Credit Card,1,1,0,0,0
C109358,Personal Loan,1,1,1,0,0
C109358,Home Loan,1,0,0,0,0
C109358,Cashback Credit Card,1,1,1,1,1
C109359,Fixed Deposit,1,1,1,1,0
C109359,Premium Credit Card,1,0,0,0,0
C109359,Recurring Deposit,1,1,1,0,0
C109360,Travel Credit Card,1,1,1,1,1
C109360,Fixed Deposit,1,0,0,0,0
C109360,Personal Loan,1,1,1,1,1
C109360,Premium Credit Card,1,1,0,0,0
C109361,Fixed Deposit,1,1,0,0,0
C109361,Term Insurance,1,0,0,0,0
C109361,Home Loan,1,1,1,0,0
C109363,Home Loan,1,1,0,0,0
C109363,Cashback Credit Card,1,0,0,0,0
C109363,Recurring Deposit,1,1,0,0,0
C109363,Fuel Credit Card,1,0,0,0,0
C109363,Travel Credit Card,1,1,0,0,0
C109365,Recurring Deposit,1,0,0,0,0
C109365,Premium Banking Account,1,0,0,0,0
C109365,Investment Plan (Mutual Fund SIP),1,1,0,0,0
C109367,Home Loan,1,0,0,0,0
C109367,Personal Loan,1,0,0,0,0
C109367,Recurring Deposit,1,0,0,0,0
C109368,Home Loan,1,1,0,0,0
C109368,Fixed Deposit,1,1,0,0,0
C109368,Cashback Credit Card,1,0,0,0,0
C109368,Term Insurance,1,1,0,0,0
C109368,Premium Credit Card,1,0,0,0,0
C109369,Term Insurance,1,0,0,0,0
C109369,Travel Credit Card,1,0,0,0,0
C109369,Home Loan,1,0,0,0,0
C109370,Investment Plan (Mutual Fund SIP),1,0,0,0,0
C109370,Premium Credit Card,1,0,0,0,0
C109370,Home Loan,1,1,1,1,0
C109370,Cashback Credit Card,1,0,0,0,0
C109372,Recurring Deposit,1,0,0,0,0
C109372,Term Insurance,1,0,0,0,0
C109372,Premium Credit Card,1,1,1,0,0
C109373,Term Insurance,1,1,1,1,1
C109373,Personal Loan,1,1,0,0,0
C109373,Investment Plan (Mutual Fund SIP),1,0,0,0,0
C109373,Recurring Deposit,1,0,0,0,0
C109373,Fuel Credit Card,1,0,0,0,0
C109376,Fixed Deposit,1,0,0,0,0
C109377,Personal Loan,1,0,0,0,0
C109377,Fixed Deposit,1,1,0,0,0
C109377,Fuel Credit Card,1,1,0,0,0
C109377,Home Loan,1,0,0,0,0
C109377,Premium Credit Card,1,1,0,0,0
C109378,Investment Plan (Mutual Fund SIP),1,1,0,0,0
C109378,Term Insurance,1,1,0,0,0
C109378,Home Loan,1,0,0,0,0
C109378,Fixed Deposit,1,1,1,1,1
C109378,Travel Credit Card,1,0,0,0,0
C109380,Term Insurance,1,0,0,0,0
C109380,Travel Credit Card,1,0,0,0,0
C109380,Fixed Deposit,1,1,0,0,0
C109380,Cashback Credit Card,1,1,0,0,0
C109381,Home Loan,1,1,1,1,1
C109381,Term Insurance,1,1,0,0,0
C109381,Cashback Credit Card,1,0,0,0,0
C109381,Fixed Deposit,1,1,0,0,0
C109382,Personal Loan,1,1,0,0,0
C109384,Cashback Credit Card,1,0,0,0,0
C109384,Personal Loan,1,0,0,0,0
C109386,Fuel Credit Card,1,1,1,0,0
C109386,Premium Banking Account,1,1,1,1,1
C109386,Travel Credit Card,1,1,1,1,1
C109386,Cashback Credit Card,1,0,0,0,0
C109387,Cashback Credit Card,1,1,0,0,0
C109387,Fuel Credit Card,1,1,0,0,0
C109387,Recurring Deposit,1,1,0,0,0
C109387,Premium Credit Card,1,1,1,1,1
C109387,Investment Plan (Mutual Fund SIP),1,1,0,0,0
C109388,Investment Plan (Mutual Fund SIP),1,0,0,0,0
C109388,Personal Loan,1,1,0,0,0
C109388,Fuel Credit Card,1,1,0,0,0
C109390,Term Insurance,1,0,0,0,0
C109390,Premium Banking Account,1,1,0,0,0
C109390,Personal Loan,1,0,0,0,0
C109390,Home Loan,1,1,1,0,0
C109391,Investment Plan (Mutual Fund SIP),1,1,0,0,0
C109391,Term Insurance,1,0,0,0,0
C109391,Home Loan,1,1,0,0,0
C109391,Fixed Deposit,1,0,0,0,0
C109393,Fuel Credit Card,1,0,0,0,0
C109393,Personal Loan,1,1,0,0,0
C109394,Investment Plan (Mutual Fund SIP),1,1,1,1,0
C109395,Travel Credit Card,1,0,0,0,0
C109395,Cashback Credit Card,1,1,0,0,0
C109396,Personal Loan,1,1,0,0,0
C109396,Travel Credit Card,1,1,1,1,1
C109396,Cashback Credit Card,1,1,0,0,0
C109397,Home Loan,1,1,0,0,0
C109397,Recurring Deposit,1,0,0,0,0
C109397,Premium Banking Account,1,1,0,0,0
C109397,Term Insurance,1,1,1,0,0
C109399,Premium Credit Card,1,0,0,0,0
C109399,Fuel Credit Card,1,0,0,0,0
C109400,Premium Credit Card,1,0,0,0,0
C109400,Fixed Deposit,1,0,0,0,0
C109400,Premium Banking Account,1,0,0,0,0
C109401,Premium Banking Account,1,1,0,0,0
C109401,Personal Loan,1,1,0,0,0
C109401,Cashback Credit Card,1,0,0,0,0
C109401,Fixed Deposit,1,1,0,0,0
C109402,Travel Credit Card,1,0,0,0,0
C109403,Fuel Credit Card,1,0,0,0,0
C109403,Personal Loan,1,1,1,1,0
C109404,Premium Banking Account,1,0,0,0,0
C109404,Term Insurance,1,0,0,0,0
C109404,Cashback Credit Card,1,1,1,0,0
C109404,Investment Plan (Mutual Fund SIP),1,0,0,0,0
C109404,Home Loan,1,0,0,0,0
C109405,Premium Banking Account,1,0,0,0,0
C109405,Premium Credit Card,1,0,0,0,0
C109405,Fuel Credit Card,1,0,0,0,0
C109405,Personal Loan,1,0,0,0,0
C109407,Investment Plan (Mutual Fund SIP),1,1,1,0,0
C109408,Cashback Credit Card,1,1,0,0,0
C109408,Fixed Deposit,1,1,0,0,0
C109409,Fixed Deposit,1,0,0,0,0
C109409,Premium Credit Card,1,1,1,1,0
C109409,Travel Credit Card,1,0,0,0,0
C109409,Investment Plan (Mutual Fund SIP),1,0,0,0,0
C109409,Cashback Credit Card,1,1,1,1,1
C109411,Premium Banking Account,1,0,0,0,0
C109411,Home Loan,1,0,0,0,0
C109411,Fuel Credit Card,1,0,0,0,0
C109412,Investment Plan (Mutual Fund SIP),1,0,0,0,0
C109412,Personal Loan,1,1,1,0,0
C109412,Premium Banking Account,1,1,1,0,0
C109412,Cashback Credit Card,1,0,0,0,0
C109414,Recurring Deposit,1,1,0,0,0
C109414,Term Insurance,1,1,1,1,0
C109415,Home Loan,1,1,0,0,0
C109415,Premium Credit Card,1,1,0,0,0
C109415,Premium Banking Account,1,1,1,1,1
C109415,Recurring Deposit,1,0,0,0,0
C109416,Term Insurance,1,1,1,1,1
C109416,Fixed Deposit,1,1,0,0,0
C109416,Investment Plan (Mutual Fund SIP),1,1,0,0,0
C109416,Cashback Credit Card,1,0,0,0,0
C109416,Premium Credit Card,1,1,0,0,0
C109417,Travel Credit Card,1,0,0,0,0
C109417,Cashback Credit Card,1,1,0,0,0
C109417,Premium Credit Card,1,1,1,0,0
C109419,Premium Credit Card,1,1,0,0,0
C109419,Home Loan,1,1,0,0,0
C109419,Fixed Deposit,1,1,0,0,0
C109419,Travel Credit Card,1,1,0,0,0
C109420,Personal Loan,1,1,0,0,0
C109420,Term Insurance,1,0,0,0,0
C109420,Premium Banking Account,1,0,0,0,0
C109420,Travel Credit Card,1,0,0,0,0
C109420,Investment Plan (Mutual Fund SIP),1,0,0,0,0
C109421,Travel Credit Card,1,1,1,1,1
C109421,Personal Loan,1,1,0,0,0
C109422,Premium Banking Account,1,1,1,1,1
C109422,Personal Loan,1,0,0,0,0
C109422,Travel Credit Card,1,0,0,0,0
C109423,Term Insurance,1,0,0,0,0
C109423,Travel Credit Card,1,0,0,0,0
C109423,Premium Credit Card,1,1,0,0,0
C109423,Fuel Credit Card,1,1,0,0,0
C109423,Home Loan,1,0,0,0,0
C109424,Term Insurance,1,0,0,0,0
C109425,Fuel Credit Card,1,0,0,0,0
C109425,Home Loan,1,1,0,0,0
C109425,Personal Loan,1,1,0,0,0
C109425,Recurring Deposit,1,0,0,0,0
C109425,Travel Credit Card,1,1,0,0,0
C109426,Fuel Credit Card,1,1,1,0,0
C109426,Personal Loan,1,1,0,0,0
C109426,Investment Plan (Mutual Fund SIP),1,1,0,0,0
C109426,Term Insurance,1,1,0,0,0
C109426,Travel Credit Card,1,1,0,0,0
C109427,Premium Credit Card,1,1,1,1,1
C109427,Premium Banking Account,1,1,1,1,1
C109427,Fixed Deposit,1,1,0,0,0
C109428,Cashback Credit Card,1,0,0,0,0
C109428,Travel Credit Card,1,1,0,0,0
C109428,Fuel Credit Card,1,0,0,0,0
C109428,Premium Banking Account,1,0,0,0,0
C109428,Personal Loan,1,0,0,0,0
C109429,Premium Credit Card,1,0,0,0,0
C109430,Premium Banking Account,1,0,0,0,0
C109430,Recurring Deposit,1,1,1,0,0
C109430,Fixed Deposit,1,1,0,0,0
C109430,Premium Credit Card,1,0,0,0,0
C109430,Fuel Credit Card,1,0,0,0,0
C109431,Fixed Deposit,1,1,0,0,0
C109432,Travel Credit Card,1,0,0,0,0
C109432,Personal Loan,1,0,0,0,0
C109432,Cashback Credit Card,1,0,0,0,0
C109433,Premium Credit Card,1,1,0,0,0
C109434,Investment Plan (Mutual Fund SIP),1,1,0,0,0
C109434,Cashback Credit Card,1,1,0,0,0
C109434,Home Loan,1,0,0,0,0
C109434,Term Insurance,1,1,0,0,0
C109434,Premium Credit Card,1,1,1,1,0
C109435,Cashback Credit Card,1,1,1,1,1
C109435,Term Insurance,1,1,0,0,0
C109435,Recurring Deposit,1,0,0,0,0
C109436,Home Loan,1,0,0,0,0
C109438,Fuel Credit Card,1,0,0,0,0
C109438,Premium Banking Account,1,1,0,0,0
C109439,Personal Loan,1,0,0,0,0
C109439,Term Insurance,1,1,1,0,0
C109441,Home Loan,1,0,0,0,0
C109441,Premium Banking Account,1,1,0,0,0
C109441,Cashback Credit Card,1,0,0,0,0
C109441,Fuel Credit Card,1,0,0,0,0
C109443,Premium Credit Card,1,1,1,1,1
C109444,Investment Plan (Mutual Fund SIP),1,0,0,0,0
C109444,Travel Credit Card,1,1,0,0,0
C109444,Fuel Credit Card,1,1,1,1,1
C109444,Premium Banking Account,1,0,0,0,0
C109445,Recurring Deposit,1,0,0,0,0
C109445,Premium Credit Card,1,1,0,0,0
C109446,Home Loan,1,1,0,0,0
C109446,Fixed Deposit,1,1,0,0,0
C109446,Fuel Credit Card,1,1,0,0,0
C109446,Recurring Deposit,1,0,0,0,0
C109446,Term Insurance,1,1,1,1,1
C109447,Personal Loan,1,1,0,0,0
C109448,Fixed Deposit,1,1,1,1,1
C109448,Recurring Deposit,1,1,0,0,0
C109451,Recurring Deposit,1,0,0,0,0
C109451,Term Insurance,1,1,1,1,1
C109451,Travel Credit Card,1,0,0,0,0
C109451,Cashback Credit Card,1,0,0,0,0
C109451,Fuel Credit Card,1,1,0,0,0
C109452,Premium Banking Account,1,1,1,1,1
C109452,Home Loan,1,1,0,0,0
C109452,Investment Plan (Mutual Fund SIP),1,0,0,0,0
C109452,Fixed Deposit,1,0,0,0,0
C109452,Fuel Credit Card,1,0,0,0,0
C109453,Investment Plan (Mutual Fund SIP),1,0,0,0,0
C109453,Fuel Credit Card,1,0,0,0,0
C109454,Fixed Deposit,1,1,1,1,0
C109454,Travel Credit Card,1,1,1,0,0
C109454,Investment Plan (Mutual Fund SIP),1,1,0,0,0
C109454,Home Loan,1,0,0,0,0
C109454,Term Insurance,1,1,1,1,0
C109455,Cashback Credit Card,1,1,0,0,0
C109455,Recurring Deposit,1,1,1,1,1
C109456,Home Loan,1,1,0,0,0
C109456,Fuel Credit Card,1,0,0,0,0
C109456,Fixed Deposit,1,1,0,0,0
C109457,Investment Plan (Mutual Fund SIP),1,0,0,0,0
C109457,Recurring Deposit,1,1,1,1,1
C109457,Travel Credit Card,1,1,0,0,0
C109457,Premium Banking Account,1,0,0,0,0
C109459,Recurring Deposit,1,0,0,0,0
C109459,Cashback Credit Card,1,0,0,0,0
C109460,Recurring Deposit,1,1,0,0,0
C109460,Travel Credit Card,1,1,0,0,0
C109460,Cashback Credit Card,1,1,1,1,1
C109460,Term Insurance,1,1,0,0,0
C109460,Personal Loan,1,0,0,0,0
C109461,Fuel Credit Card,1,0,0,0,0
C109461,Investment Plan (Mutual Fund SIP),1,1,0,0,0
C109461,Fixed Deposit,1,1,0,0,0
C109462,Personal Loan,1,1,1,1,1
C109463,Term Insurance,1,1,0,0,0
C109464,Cashback Credit Card,1,1,0,0,0
C109464,Fuel Credit Card,1,0,0,0,0
C109466,Term Insurance,1,0,0,0,0
C109467,Fixed Deposit,1,0,0,0,0
C109467,Travel Credit Card,1,0,0,0,0
C109468,Term Insurance,1,0,0,0,0
C109468,Fixed Deposit,1,1,0,0,0
C109468,Personal Loan,1,1,0,0,0
C109468,Premium Banking Account,1,1,0,0,0
C109468,Home Loan,1,0,0,0,0
C109469,Premium Banking Account,1,0,0,0,0
C109469,Fuel Credit Card,1,1,1,1,1
C109470,Investment Plan (Mutual Fund SIP),1,1,0,0,0
C109470,Travel Credit Card,1,0,0,0,0
C109470,Recurring Deposit,1,0,0,0,0
C109470,Cashback Credit Card,1,1,0,0,0
C109470,Premium Credit Card,1,1,1,1,1
C109471,Fuel Credit Card,1,0,0,0,0
C109472,Recurring Deposit,1,1,0,0,0
C109472,Investment Plan (Mutual Fund SIP),1,1,0,0,0
C109472,Premium Credit Card,1,0,0,0,0
C109473,Premium Credit Card,1,0,0,0,0
C109473,Fuel Credit Card,1,1,0,0,0
C109473,Home Loan,1,1,1,1,1
C109473,Premium Banking Account,1,1,0,0,0
C109474,Home Loan,1,0,0,0,0
C109474,Premium Banking Account,1,1,0,0,0
C109475,Cashback Credit Card,1,0,0,0,0
C109475,Personal Loan,1,1,1,1,1
C109475,Recurring Deposit,1,0,0,0,0
C109476,Recurring Deposit,1,0,0,0,0
C109477,Cashback Credit Card,1,0,0,0,0
C109477,Recurring Deposit,1,0,0,0,0
C109477,Fuel Credit Card,1,1,1,1,1
C109478,Term Insurance,1,0,0,0,0
C109479,Personal Loan,1,1,0,0,0
C109481,Fixed Deposit,1,1,1,1,1
C109481,Premium Credit Card,1,1,0,0,0
C109481,Cashback Credit Card,1,1,0,0,0
C109481,Investment Plan (Mutual Fund SIP),1,0,0,0,0
C109481,Travel Credit Card,1,1,1,1,1
C109482,Travel Credit Card,1,0,0,0,0
C109482,Term Insurance,1,1,1,1,1
C109482,Premium Credit Card,1,0,0,0,0
C109482,Cashback Credit Card,1,0,0,0,0
C109482,Home Loan,1,0,0,0,0
C109483,Personal Loan,1,1,0,0,0
C109483,Cashback Credit Card,1,0,0,0,0
C109484,Travel Credit Card,1,1,0,0,0
C109484,Premium Banking Account,1,0,0,0,0
C109486,Recurring Deposit,1,0,0,0,0
C109486,Personal Loan,1,1,0,0,0
C109486,Fixed Deposit,1,1,1,1,0
C109486,Premium Credit Card,1,0,0,0,0
C109486,Home Loan,1,0,0,0,0
C109487,Premium Banking Account,1,1,0,0,0
C109487,Travel Credit Card,1,0,0,0,0
C109487,Home Loan,1,0,0,0,0
C109487,Personal Loan,1,1,1,1,1
C109489,Home Loan,1,1,0,0,0
C109489,Term Insurance,1,0,0,0,0
C109489,Cashback Credit Card,1,1,1,1,1
C109490,Premium Credit Card,1,1,0,0,0
C109490,Term Insurance,1,0,0,0,0
C109490,Travel Credit Card,1,1,0,0,0
C109491,Investment Plan (Mutual Fund SIP),1,0,0,0,0
C109491,Premium Banking Account,1,0,0,0,0
C109491,Term Insurance,1,1,0,0,0
C109491,Fixed Deposit,1,0,0,0,0
C109492,Travel Credit Card,1,1,1,1,1
C109493,Investment Plan (Mutual Fund SIP),1,0,0,0,0
C109494,Personal Loan,1,1,0,0,0
C109494,Investment Plan (Mutual Fund SIP),1,1,0,0,0
C109496,Term Insurance,1,1,0,0,0
C109497,Travel Credit Card,1,1,0,0,0
C109497,Term Insurance,1,1,1,1,1
C109497,Fixed Deposit,1,1,0,0,0
C109497,Premium Credit Card,1,1,0,0,0
C109498,Personal Loan,1,1,0,0,0
C109499,Cashback Credit Card,1,0,0,0,0
C109499,Investment Plan (Mutual Fund SIP),1,1,0,0,0
C109499,Premium Credit Card,1,1,1,0,0
C109499,Personal Loan,1,1,0,0,0
C109500,Term Insurance,1,0,0,0,0
C109500,Recurring Deposit,1,0,0,0,0
C109500,Travel Credit Card,1,0,0,0,0
C109500,Fixed Deposit,1,1,0,0,0
C109501,Travel Credit Card,1,0,0,0,0
C109502,Premium Banking Account,1,0,0,0,0
C109504,Home Loan,1,1,0,0,0
C109504,Cashback Credit Card,1,1,0,0,0
C109504,Travel Credit Card,1,0,0,0,0
C109505,Term Insurance,1,0,0,0,0
C109506,Personal Loan,1,0,0,0,0
C109506,Travel Credit Card,1,0,0,0,0
C109507,Premium Banking Account,1,1,1,1,0
C109507,Term Insurance,1,0,0,0,0
C109507,Travel Credit Card,1,0,0,0,0
C109509,Fixed Deposit,1,0,0,0,0
C109509,Premium Credit Card,1,1,0,0,0
C109509,Travel Credit Card,1,0,0,0,0
C109509,Personal Loan,1,1,0,0,0
C109510,Premium Banking Account,1,0,0,0,0
C109510,Fixed Deposit,1,1,1,1,1
C109510,Term Insurance,1,0,0,0,0
C109510,Fuel Credit Card,1,1,0,0,0
C109510,Investment Plan (Mutual Fund SIP),1,1,1,1,1
C109511,Investment Plan (Mutual Fund SIP),1,1,0,0,0
C109511,Term Insurance,1,1,1,1,1
C109512,Investment Plan (Mutual Fund SIP),1,0,0,0,0
C109513,Premium Credit Card,1,0,0,0,0
C109513,Fixed Deposit,1,1,0,0,0
C109513,Home Loan,1,1,1,1,1
C109513,Fuel Credit Card,1,0,0,0,0
C109515,Term Insurance,1,1,0,0,0
C109515,Fuel Credit Card,1,0,0,0,0
C109515,Personal Loan,1,0,0,0,0
C109515,Fixed Deposit,1,1,0,0,0
C109516,Premium Banking Account,1,0,0,0,0
C109516,Fuel Credit Card,1,0,0,0,0
C109516,Home Loan,1,0,0,0,0
C109516,Travel Credit Card,1,1,1,1,1
C109517,Investment Plan (Mutual Fund SIP),1,1,1,0,0
C109517,Term Insurance,1,0,0,0,0
C109517,Premium Banking Account,1,1,0,0,0
C109518,Personal Loan,1,0,0,0,0
C109518,Home Loan,1,1,0,0,0
C109518,Travel Credit Card,1,1,0,0,0
C109518,Investment Plan (Mutual Fund SIP),1,1,0,0,0
C109519,Travel Credit Card,1,1,0,0,0
C109519,Fixed Deposit,1,1,0,0,0
C109519,Investment Plan (Mutual Fund SIP),1,0,0,0,0
C109519,Recurring Deposit,1,1,1,0,0
C109519,Cashback Credit Card,1,0,0,0,0
C109520,Recurring Deposit,1,0,0,0,0
C109520,Term Insurance,1,1,0,0,0
C109520,Premium Credit Card,1,0,0,0,0
C109521,Premium Credit Card,1,1,0,0,0
C109521,Fixed Deposit,1,0,0,0,0
C109522,Investment Plan (Mutual Fund SIP),1,1,0,0,0
C109523,Investment Plan (Mutual Fund SIP),1,0,0,0,0
C109523,Recurring Deposit,1,1,1,1,1
C109523,Fixed Deposit,1,1,0,0,0
C109524,Cashback Credit Card,1,1,1,0,0
C109524,Travel Credit Card,1,1,1,1,1
C109527,Investment Plan (Mutual Fund SIP),1,1,0,0,0
C109528,Fuel Credit Card,1,1,0,0,0
C109529,Investment Plan (Mutual Fund SIP),1,1,0,0,0
C109529,Recurring Deposit,1,1,0,0,0
C109529,Premium Banking Account,1,1,0,0,0
C109530,Personal Loan,1,0,0,0,0
C109530,Cashback Credit Card,1,1,0,0,0
C109530,Home Loan,1,1,0,0,0
C109530,Recurring Deposit,1,0,0,0,0
C109530,Travel Credit Card,1,1,0,0,0
C109531,Fixed Deposit,1,1,0,0,0
C109533,Travel Credit Card,1,0,0,0,0
C109533,Recurring Deposit,1,1,0,0,0
C109533,Home Loan,1,1,0,0,0
C109533,Personal Loan,1,0,0,0,0
C109534,Premium Banking Account,1,1,1,1,1
C109534,Home Loan,1,1,1,0,0
C109534,Personal Loan,1,0,0,0,0
C109535,Home Loan,1,1,1,1,1
C109535,Fixed Deposit,1,1,1,0,0
C109536,Term Insurance,1,0,0,0,0
C109536,Cashback Credit Card,1,1,1,0,0
C109536,Fuel Credit Card,1,0,0,0,0
C109537,Travel Credit Card,1,1,1,0,0
C109539,Cashback Credit Card,1,1,1,1,1
C109539,Home Loan,1,0,0,0,0
C109539,Travel Credit Card,1,1,0,0,0
C109539,Fixed Deposit,1,1,0,0,0
C109539,Premium Credit Card,1,1,0,0,0
C109540,Investment Plan (Mutual Fund SIP),1,0,0,0,0
C109540,Home Loan,1,1,1,0,0
C109541,Premium Credit Card,1,1,0,0,0
C109542,Home Loan,1,0,0,0,0
C109542,Recurring Deposit,1,0,0,0,0
C109543,Investment Plan (Mutual Fund SIP),1,0,0,0,0
C109543,Premium Banking Account,1,0,0,0,0
C109543,Travel Credit Card,1,1,0,0,0
C109543,Personal Loan,1,1,0,0,0
C109543,Home Loan,1,1,0,0,0
C109544,Personal Loan,1,0,0,0,0
C109544,Travel Credit Card,1,0,0,0,0
C109544,Premium Banking Account,1,1,0,0,0
C109544,Cashback Credit Card,1,1,0,0,0
C109545,Recurring Deposit,1,1,0,0,0
C109545,Home Loan,1,0,0,0,0
C109546,Personal Loan,1,0,0,0,0
C109546,Home Loan,1,0,0,0,0
C109547,Investment Plan (Mutual Fund SIP),1,0,0,0,0
C109547,Premium Credit Card,1,0,0,0,0
C109547,Fuel Credit Card,1,0,0,0,0
C109549,Recurring Deposit,1,1,1,1,1
C109549,Term Insurance,1,1,0,0,0
C109550,Cashback Credit Card,1,0,0,0,0
C109550,Fixed Deposit,1,0,0,0,0
C109551,Premium Credit Card,1,1,0,0,0
C109551,Recurring Deposit,1,1,0,0,0
C109551,Cashback Credit Card,1,1,0,0,0
C109551,Term Insurance,1,0,0,0,0
C109552,Cashback Credit Card,1,0,0,0,0
C109552,Premium Banking Account,1,1,0,0,0
C109552,Personal Loan,1,1,0,0,0
C109553,Fixed Deposit,1,0,0,0,0
C109553,Personal Loan,1,0,0,0,0
C109553,Recurring Deposit,1,1,1,1,0
C109554,Travel Credit Card,1,0,0,0,0
C109554,Term Insurance,1,0,0,0,0
C109554,Fixed Deposit,1,0,0,0,0
C109555,Investment Plan (Mutual Fund SIP),1,1,1,1,1
C109555,Personal Loan,1,0,0,0,0
C109555,Fixed Deposit,1,1,1,0,0
C109555,Recurring Deposit,1,1,1,1,1
C109555,Travel Credit Card,1,0,0,0,0
C109556,Fuel Credit Card,1,0,0,0,0
C109556,Fixed Deposit,1,1,0,0,0
C109556,Premium Banking Account,1,1,0,0,0
C109556,Investment Plan (Mutual Fund SIP),1,1,0,0,0
C109557,Fixed Deposit,1,0,0,0,0
C109559,Premium Banking Account,1,1,0,0,0
C109560,Investment Plan (Mutual Fund SIP),1,0,0,0,0
C109560,Fixed Deposit,1,1,1,1,1
C109560,Travel Credit Card,1,1,1,0,0
C109560,Premium Banking Account,1,0,0,0,0
C109561,Travel Credit Card,1,0,0,0,0
C109563,Home Loan,1,0,0,0,0
C109563,Premium Banking Account,1,0,0,0,0
C109563,Fuel Credit Card,1,0,0,0,0
C109563,Travel Credit Card,1,1,1,1,0
C109563,Investment Plan (Mutual Fund SIP),1,1,1,1,1
C109564,Term Insurance,1,0,0,0,0
C109564,Premium Credit Card,1,0,0,0,0
C109564,Home Loan,1,0,0,0,0
C109564,Travel Credit Card,1,1,1,0,0
C109565,Premium Credit Card,1,1,1,1,1
C109565,Cashback Credit Card,1,0,0,0,0
C109567,Investment Plan (Mutual Fund SIP),1,0,0,0,0
C109567,Premium Credit Card,1,1,1,1,1
C109567,Personal Loan,1,1,1,0,0
C109567,Fuel Credit Card,1,1,0,0,0
C109567,Cashback Credit Card,1,1,1,0,0
C109569,Cashback Credit Card,1,0,0,0,0
C109569,Recurring Deposit,1,1,1,1,1
C109569,Home Loan,1,1,0,0,0
C109569,Personal Loan,1,0,0,0,0
C109569,Premium Credit Card,1,0,0,0,0
C109570,Recurring Deposit,1,0,0,0,0
C109571,Term Insurance,1,0,0,0,0
C109573,Premium Banking Account,1,1,0,0,0
C109573,Fuel Credit Card,1,0,0,0,0
C109573,Term Insurance,1,1,0,0,0
C109573,Premium Credit Card,1,1,0,0,0
C109574,Cashback Credit Card,1,1,1,1,1
C109574,Term Insurance,1,1,0,0,0
C109574,Premium Banking Account,1,1,0,0,0
C109574,Investment Plan (Mutual Fund SIP),1,1,0,0,0
C109576,Premium Credit Card,1,0,0,0,0
C109577,Recurring Deposit,1,1,0,0,0
C109577,Investment Plan (Mutual Fund SIP),1,1,1,1,1
C109577,Premium Credit Card,1,0,0,0,0
C109578,Term Insurance,1,1,0,0,0
C109578,Home Loan,1,1,0,0,0
C109578,Personal Loan,1,0,0,0,0
C109578,Premium Credit Card,1,0,0,0,0
C109580,Investment Plan (Mutual Fund SIP),1,0,0,0,0
C109582,Investment Plan (Mutual Fund SIP),1,1,1,1,1
C109582,Fuel Credit Card,1,1,0,0,0
C109582,Premium Credit Card,1,1,0,0,0
C109582,Term Insurance,1,1,0,0,0
C109583,Recurring Deposit,1,1,1,1,1
C109583,Fuel Credit Card,1,1,0,0,0
C109583,Term Insurance,1,1,0,0,0
C109584,Cashback Credit Card,1,1,1,1,1
C109584,Term Insurance,1,1,1,1,1
C109584,Fixed Deposit,1,0,0,0,0
C109585,Investment Plan (Mutual Fund SIP),1,1,0,0,0
C109585,Cashback Credit Card,1,0,0,0,0
C109586,Fuel Credit Card,1,1,1,1,1
C109586,Premium Credit Card,1,1,0,0,0
C109586,Travel Credit Card,1,1,0,0,0
C109586,Fixed Deposit,1,0,0,0,0
C109586,Recurring Deposit,1,1,0,0,0
C109587,Premium Credit Card,1,1,0,0,0
C109587,Fuel Credit Card,1,1,1,1,1
C109587,Investment Plan (Mutual Fund SIP),1,0,0,0,0
C109587,Cashback Credit Card,1,0,0,0,0
C109587,Personal Loan,1,0,0,0,0
C109588,Cashback Credit Card,1,1,0,0,0
C109588,Recurring Deposit,1,0,0,0,0
C109590,Fixed Deposit,1,1,1,1,1
C109590,Premium Credit Card,1,1,1,1,1
C109590,Investment Plan (Mutual Fund SIP),1,0,0,0,0
C109591,Investment Plan (Mutual Fund SIP),1,0,0,0,0
C109591,Home Loan,1,1,0,0,0
C109591,Fixed Deposit,1,1,0,0,0
C109592,Premium Banking Account,1,1,0,0,0
C109592,Term Insurance,1,1,1,0,0
C109592,Cashback Credit Card,1,1,0,0,0
C109593,Cashback Credit Card,1,1,0,0,0
C109593,Fixed Deposit,1,0,0,0,0
C109594,Recurring Deposit,1,1,0,0,0
C109595,Home Loan,1,0,0,0,0
C109595,Fixed Deposit,1,1,0,0,0
C109595,Investment Plan (Mutual Fund SIP),1,1,1,1,1
C109596,Investment Plan (Mutual Fund SIP),1,0,0,0,0
C109596,Home Loan,1,0,0,0,0
C109596,Fixed Deposit,1,0,0,0,0
C109597,Investment Plan (Mutual Fund SIP),1,1,0,0,0
C109597,Fuel Credit Card,1,0,0,0,0
C109598,Fixed Deposit,1,0,0,0,0
C109598,Personal Loan,1,0,0,0,0
C109598,Premium Banking Account,1,1,1,0,0
C109600,Fixed Deposit,1,0,0,0,0
C109600,Cashback Credit Card,1,1,0,0,0
C109600,Investment Plan (Mutual Fund SIP),1,0,0,0,0
C109600,Premium Banking Account,1,1,0,0,0
C109601,Term Insurance,1,1,0,0,0
C109601,Investment Plan (Mutual Fund SIP),1,0,0,0,0
C109601,Premium Credit Card,1,0,0,0,0
C109602,Fixed Deposit,1,1,1,1,1
C109602,Recurring Deposit,1,0,0,0,0
C109602,Investment Plan (Mutual Fund SIP),1,1,0,0,0
C109605,Personal Loan,1,1,1,1,1
C109605,Fuel Credit Card,1,1,0,0,0
C109605,Investment Plan (Mutual Fund SIP),1,0,0,0,0
C109606,Home Loan,1,1,1,1,1
C109606,Fixed Deposit,1,0,0,0,0
C109608,Term Insurance,1,0,0,0,0
C109608,Premium Banking Account,1,0,0,0,0
C109609,Cashback Credit Card,1,1,1,1,1
C109609,Investment Plan (Mutual Fund SIP),1,1,1,1,1
C109609,Personal Loan,1,0,0,0,0
C109610,Fuel Credit Card,1,1,1,0,0
C109610,Investment Plan (Mutual Fund SIP),1,0,0,0,0
C109610,Term Insurance,1,1,1,1,1
C109610,Travel Credit Card,1,1,1,1,1
C109611,Fuel Credit Card,1,0,0,0,0
C109611,Home Loan,1,1,0,0,0
C109611,Premium Credit Card,1,1,0,0,0
C109612,Recurring Deposit,1,1,1,1,1
C109612,Investment Plan (Mutual Fund SIP),1,1,0,0,0
C109612,Travel Credit Card,1,0,0,0,0
C109612,Premium Banking Account,1,1,1,1,1
C109613,Recurring Deposit,1,0,0,0,0
C109613,Term Insurance,1,1,0,0,0
C109613,Premium Banking Account,1,0,0,0,0
C109614,Fuel Credit Card,1,0,0,0,0
C109614,Fixed Deposit,1,1,0,0,0
C109614,Investment Plan (Mutual Fund SIP),1,0,0,0,0
C109614,Home Loan,1,1,0,0,0
C109614,Personal Loan,1,1,1,0,0
C109615,Premium Banking Account,1,0,0,0,0
C109615,Travel Credit Card,1,0,0,0,0
C109615,Fixed Deposit,1,0,0,0,0
C109615,Premium Credit Card,1,0,0,0,0
C109615,Recurring Deposit,1,0,0,0,0
C109617,Cashback Credit Card,1,1,0,0,0
C109618,Home Loan,1,1,0,0,0
C109618,Fixed Deposit,1,1,0,0,0
C109619,Premium Credit Card,1,0,0,0,0
C109620,Personal Loan,1,1,0,0,0
C109620,Fixed Deposit,1,0,0,0,0
C109620,Premium Credit Card,1,1,0,0,0
C109620,Investment Plan (Mutual Fund SIP),1,1,1,1,1
C109621,Travel Credit Card,1,1,1,1,0
C109621,Premium Banking Account,1,0,0,0,0
C109623,Recurring Deposit,1,0,0,0,0
C109623,Term Insurance,1,1,0,0,0
C109623,Personal Loan,1,0,0,0,0
C109623,Travel Credit Card,1,1,0,0,0
C109624,Term Insurance,1,0,0,0,0
C109624,Travel Credit Card,1,0,0,0,0
C109626,Cashback Credit Card,1,1,0,0,0
C109627,Premium Banking Account,1,0,0,0,0
C109628,Investment Plan (Mutual Fund SIP),1,0,0,0,0
C109628,Cashback Credit Card,1,1,1,1,0
C109629,Travel Credit Card,1,1,0,0,0
C109629,Home Loan,1,0,0,0,0
C109629,Personal Loan,1,1,1,0,0
C109629,Investment Plan (Mutual Fund SIP),1,0,0,0,0
C109631,Recurring Deposit,1,1,0,0,0
C109632,Home Loan,1,0,0,0,0
C109632,Cashback Credit Card,1,1,1,1,0
C109632,Fixed Deposit,1,0,0,0,0
C109632,Premium Credit Card,1,0,0,0,0
C109633,Travel Credit Card,1,1,1,1,1
C109634,Cashback Credit Card,1,0,0,0,0
C109634,Premium Credit Card,1,0,0,0,0
C109634,Recurring Deposit,1,0,0,0,0
C109635,Term Insurance,1,0,0,0,0
C109635,Recurring Deposit,1,1,0,0,0
C109635,Fixed Deposit,1,1,1,0,0
C109635,Fuel Credit Card,1,0,0,0,0
C109640,Fixed Deposit,1,1,1,1,1
C109640,Term Insurance,1,1,0,0,0
C109640,Personal Loan,1,0,0,0,0
C109640,Premium Banking Account,1,0,0,0,0
C109640,Premium Credit Card,1,1,0,0,0
C109641,Cashback Credit Card,1,1,1,1,1
C109642,Recurring Deposit,1,0,0,0,0
C109642,Premium Credit Card,1,1,0,0,0
C109642,Home Loan,1,0,0,0,0
C109642,Travel Credit Card,1,0,0,0,0
C109644,Fixed Deposit,1,0,0,0,0
C109644,Term Insurance,1,0,0,0,0
C109644,Investment Plan (Mutual Fund SIP),1,1,0,0,0
C109644,Personal Loan,1,0,0,0,0
C109644,Recurring Deposit,1,1,0,0,0
C109646,Investment Plan (Mutual Fund SIP),1,1,0,0,0
C109646,Premium Banking Account,1,1,0,0,0
C109646,Travel Credit Card,1,1,1,1,1
C109647,Premium Credit Card,1,1,0,0,0
C109647,Fuel Credit Card,1,0,0,0,0
C109647,Premium Banking Account,1,0,0,0,0
C109647,Personal Loan,1,1,0,0,0
C109647,Investment Plan (Mutual Fund SIP),1,1,0,0,0
C109648,Personal Loan,1,0,0,0,0
C109648,Cashback Credit Card,1,0,0,0,0
C109648,Term Insurance,1,1,1,1,0
C109648,Investment Plan (Mutual Fund SIP),1,1,0,0,0
C109648,Home Loan,1,1,1,0,0
C109650,Premium Credit Card,1,0,0,0,0
C109650,Recurring Deposit,1,1,1,0,0
C109650,Home Loan,1,1,1,0,0
C109650,Cashback Credit Card,1,1,1,1,0
C109650,Travel Credit Card,1,0,0,0,0
C109652,Fuel Credit Card,1,0,0,0,0
C109652,Recurring Deposit,1,1,1,1,0
C109652,Personal Loan,1,1,1,1,1
C109652,Premium Credit Card,1,0,0,0,0
C109652,Fixed Deposit,1,0,0,0,0
C109653,Fuel Credit Card,1,0,0,0,0
C109654,Personal Loan,1,0,0,0,0
C109654,Premium Banking Account,1,0,0,0,0
C109654,Investment Plan (Mutual Fund SIP),1,0,0,0,0
C109654,Fuel Credit Card,1,1,1,0,0
C109654,Term Insurance,1,0,0,0,0
C109655,Personal Loan,1,0,0,0,0
C109655,Cashback Credit Card,1,1,0,0,0
C109655,Term Insurance,1,1,0,0,0
C109655,Fixed Deposit,1,1,1,1,1
C109656,Fuel Credit Card,1,1,0,0,0
C109656,Premium Banking Account,1,1,1,1,1
C109657,Personal Loan,1,1,0,0,0
C109657,Recurring Deposit,1,0,0,0,0
C109657,Fixed Deposit,1,1,0,0,0
C109658,Fixed Deposit,1,1,0,0,0
C109659,Travel Credit Card,1,0,0,0,0
C109659,Premium Credit Card,1,0,0,0,0
C109659,Personal Loan,1,0,0,0,0
C109659,Term Insurance,1,0,0,0,0
C109660,Premium Credit Card,1,0,0,0,0
C109660,Fixed Deposit,1,1,1,1,0
C109660,Recurring Deposit,1,0,0,0,0
C109660,Home Loan,1,1,0,0,0
C109660,Term Insurance,1,1,0,0,0
C109661,Personal Loan,1,0,0,0,0
C109661,Term Insurance,1,0,0,0,0
C109661,Fuel Credit Card,1,1,0,0,0
C109661,Cashback Credit Card,1,0,0,0,0
C109661,Recurring Deposit,1,0,0,0,0
C109662,Cashback Credit Card,1,0,0,0,0
C109662,Home Loan,1,1,0,0,0
C109662,Recurring Deposit,1,0,0,0,0
C109662,Term Insurance,1,0,0,0,0
C109663,Travel Credit Card,1,0,0,0,0
C109663,Fuel Credit Card,1,0,0,0,0
C109663,Premium Banking Account,1,0,0,0,0
C109663,Fixed Deposit,1,0,0,0,0
C109664,Premium Credit Card,1,1,0,0,0
C109664,Fixed Deposit,1,0,0,0,0
C109664,Premium Banking Account,1,0,0,0,0
C109665,Travel Credit Card,1,1,0,0,0
C109665,Home Loan,1,0,0,0,0
C109665,Personal Loan,1,0,0,0,0
C109665,Term Insurance,1,1,0,0,0
C109665,Premium Credit Card,1,0,0,0,0
C109666,Fuel Credit Card,1,1,0,0,0
C109666,Travel Credit Card,1,0,0,0,0
C109666,Home Loan,1,1,1,0,0
C109667,Term Insurance,1,0,0,0,0
C109667,Travel Credit Card,1,0,0,0,0
C109668,Term Insurance,1,0,0,0,0
C109671,Fuel Credit Card,1,1,0,0,0
C109671,Fixed Deposit,1,0,0,0,0
C109672,Travel Credit Card,1,0,0,0,0
C109673,Travel Credit Card,1,0,0,0,0
C109673,Premium Credit Card,1,0,0,0,0
C109673,Premium Banking Account,1,1,1,1,1
C109673,Personal Loan,1,0,0,0,0
C109675,Premium Credit Card,1,0,0,0,0
C109675,Home Loan,1,1,0,0,0
C109677,Fixed Deposit,1,1,0,0,0
C109678,Cashback Credit Card,1,1,1,1,1
C109678,Home Loan,1,1,1,1,1
C109678,Travel Credit Card,1,0,0,0,0
C109679,Premium Banking Account,1,1,0,0,0
C109679,Recurring Deposit,1,1,0,0,0
C109679,Home Loan,1,1,1,1,0
C109679,Investment Plan (Mutual Fund SIP),1,0,0,0,0
C109679,Fixed Deposit,1,1,0,0,0
C109680,Travel Credit Card,1,0,0,0,0
C109680,Fixed Deposit,1,1,0,0,0
C109680,Recurring Deposit,1,0,0,0,0
C109681,Premium Banking Account,1,1,0,0,0
C109681,Fixed Deposit,1,0,0,0,0
C109682,Cashback Credit Card,1,0,0,0,0
C109682,Premium Credit Card,1,1,1,0,0
C109684,Recurring Deposit,1,1,0,0,0
C109684,Home Loan,1,1,0,0,0
C109684,Cashback Credit Card,1,0,0,0,0
C109685,Premium Banking Account,1,0,0,0,0
C109686,Premium Credit Card,1,1,0,0,0
C109686,Premium Banking Account,1,0,0,0,0
C109686,Personal Loan,1,1,0,0,0
C109686,Fixed Deposit,1,0,0,0,0
C109686,Term Insurance,1,1,1,1,1
C109687,Recurring Deposit,1,0,0,0,0
C109687,Term Insurance,1,0,0,0,0
C109687,Premium Credit Card,1,1,0,0,0
C109688,Premium Credit Card,1,0,0,0,0
C109688,Recurring Deposit,1,1,1,1,1
C109688,Term Insurance,1,0,0,0,0
C109688,Home Loan,1,1,0,0,0
C109688,Fuel Credit Card,1,1,0,0,0
C109689,Recurring Deposit,1,0,0,0,0
C109689,Home Loan,1,0,0,0,0
C109689,Cashback Credit Card,1,1,1,1,1
C109689,Fixed Deposit,1,0,0,0,0
C109690,Personal Loan,1,0,0,0,0
C109690,Term Insurance,1,1,1,1,1
C109691,Fixed Deposit,1,0,0,0,0
C109691,Cashback Credit Card,1,0,0,0,0
C109692,Travel Credit Card,1,1,1,1,1
C109692,Fuel Credit Card,1,0,0,0,0
C109692,Personal Loan,1,1,0,0,0
C109692,Premium Banking Account,1,0,0,0,0
C109692,Recurring Deposit,1,1,1,1,0
C109693,Term Insurance,1,1,1,1,1
C109693,Recurring Deposit,1,0,0,0,0
C109693,Investment Plan (Mutual Fund SIP),1,1,0,0,0
C109694,Premium Credit Card,1,1,0,0,0
C109694,Home Loan,1,0,0,0,0
C109694,Cashback Credit Card,1,0,0,0,0
C109694,Fixed Deposit,1,0,0,0,0
C109694,Personal Loan,1,1,0,0,0
C109695,Cashback Credit Card,1,0,0,0,0
C109695,Personal Loan,1,1,1,0,0
C109697,Recurring Deposit,1,0,0,0,0
C109697,Investment Plan (Mutual Fund SIP),1,1,1,1,1
C109697,Travel Credit Card,1,0,0,0,0
C109697,Premium Credit Card,1,1,1,1,1
C109697,Home Loan,1,1,0,0,0
C109698,Fixed Deposit,1,1,0,0,0
C109698,Travel Credit Card,1,1,1,1,1
C109699,Fixed Deposit,1,0,0,0,0
C109699,Travel Credit Card,1,0,0,0,0
C109701,Fuel Credit Card,1,1,0,0,0
C109701,Cashback Credit Card,1,1,0,0,0
C109703,Cashback Credit Card,1,1,0,0,0
C109703,Fixed Deposit,1,0,0,0,0
C109704,Premium Banking Account,1,1,1,1,1
C109704,Fuel Credit Card,1,1,1,1,1
C109705,Fuel Credit Card,1,1,0,0,0
C109705,Premium Credit Card,1,1,1,0,0
C109705,Cashback Credit Card,1,1,0,0,0
C109705,Investment Plan (Mutual Fund SIP),1,1,0,0,0
C109705,Premium Banking Account,1,1,0,0,0
C109706,Recurring Deposit,1,0,0,0,0
C109706,Fixed Deposit,1,0,0,0,0
C109707,Cashback Credit Card,1,0,0,0,0
C109707,Recurring Deposit,1,0,0,0,0
C109707,Investment Plan (Mutual Fund SIP),1,1,0,0,0
C109707,Term Insurance,1,0,0,0,0
C109707,Premium Credit Card,1,1,0,0,0
C109708,Fixed Deposit,1,0,0,0,0
C109708,Home Loan,1,1,0,0,0
C109708,Premium Credit Card,1,1,0,0,0
C109708,Investment Plan (Mutual Fund SIP),1,1,1,1,1
C109709,Term Insurance,1,1,0,0,0
C109709,Personal Loan,1,0,0,0,0
C109709,Investment Plan (Mutual Fund SIP),1,1,0,0,0
C109710,Term Insurance,1,1,0,0,0
C109711,Fuel Credit Card,1,1,0,0,0
C109711,Premium Banking Account,1,1,0,0,0
C109711,Recurring Deposit,1,1,0,0,0
C109711,Fixed Deposit,1,1,0,0,0
C109711,Premium Credit Card,1,1,0,0,0
C109712,Personal Loan,1,0,0,0,0
C109712,Fixed Deposit,1,1,0,0,0
C109712,Premium Banking Account,1,0,0,0,0
C109712,Recurring Deposit,1,1,0,0,0
C109714,Recurring Deposit,1,0,0,0,0
C109714,Term Insurance,1,0,0,0,0
C109714,Personal Loan,1,1,0,0,0
C109715,Cashback Credit Card,1,0,0,0,0
C109715,Fuel Credit Card,1,0,0,0,0
C109716,Term Insurance,1,0,0,0,0
C109718,Premium Credit Card,1,1,1,1,1
C109718,Home Loan,1,1,0,0,0
C109719,Investment Plan (Mutual Fund SIP),1,0,0,0,0
C109719,Fixed Deposit,1,1,0,0,0
C109719,Cashback Credit Card,1,1,1,0,0
C109719,Term Insurance,1,0,0,0,0
C109719,Premium Credit Card,1,1,0,0,0
C109721,Recurring Deposit,1,0,0,0,0
C109721,Personal Loan,1,0,0,0,0
C109722,Investment Plan (Mutual Fund SIP),1,1,0,0,0
C109722,Home Loan,1,0,0,0,0
C109722,Fixed Deposit,1,1,1,1,1
C109722,Travel Credit Card,1,0,0,0,0
C109723,Premium Credit Card,1,1,0,0,0
C109724,Premium Credit Card,1,0,0,0,0
C109724,Investment Plan (Mutual Fund SIP),1,1,0,0,0
C109725,Travel Credit Card,1,1,1,1,0
C109725,Premium Credit Card,1,0,0,0,0
C109725,Home Loan,1,0,0,0,0
C109725,Fuel Credit Card,1,1,1,1,1
C109726,Term Insurance,1,0,0,0,0
C109726,Personal Loan,1,1,0,0,0
C109726,Cashback Credit Card,1,0,0,0,0
C109727,Fixed Deposit,1,0,0,0,0
C109727,Term Insurance,1,0,0,0,0
C109727,Fuel Credit Card,1,1,1,1,1
C109727,Premium Credit Card,1,0,0,0,0
C109727,Home Loan,1,0,0,0,0
C109728,Travel Credit Card,1,1,1,1,1
C109728,Cashback Credit Card,1,0,0,0,0
C109728,Term Insurance,1,1,1,0,0
C109729,Home Loan,1,0,0,0,0
C109729,Premium Banking Account,1,1,0,0,0
C109730,Home Loan,1,0,0,0,0
C109730,Personal Loan,1,0,0,0,0
C109730,Premium Banking Account,1,1,0,0,0
C109730,Cashback Credit Card,1,1,0,0,0
C109731,Premium Banking Account,1,0,0,0,0
C109731,Recurring Deposit,1,1,0,0,0
C109732,Recurring Deposit,1,0,0,0,0
C109732,Cashback Credit Card,1,1,1,1,1
C109732,Premium Credit Card,1,0,0,0,0
C109732,Premium Banking Account,1,0,0,0,0
C109732,Personal Loan,1,1,0,0,0
C109733,Term Insurance,1,0,0,0,0
C109733,Premium Banking Account,1,0,0,0,0
C109734,Fuel Credit Card,1,0,0,0,0
C109734,Investment Plan (Mutual Fund SIP),1,0,0,0,0
C109735,Term Insurance,1,1,1,1,1
C109735,Home Loan,1,1,0,0,0
C109736,Recurring Deposit,1,1,0,0,0
C109736,Home Loan,1,1,0,0,0
C109736,Travel Credit Card,1,0,0,0,0
C109736,Personal Loan,1,0,0,0,0
C109736,Cashback Credit Card,1,1,0,0,0
C109737,Fuel Credit Card,1,0,0,0,0
C109737,Recurring Deposit,1,0,0,0,0
C109737,Fixed Deposit,1,1,1,1,1
C109737,Term Insurance,1,1,0,0,0
C109738,Premium Credit Card,1,1,1,0,0
C109738,Investment Plan (Mutual Fund SIP),1,1,0,0,0
C109738,Fuel Credit Card,1,0,0,0,0
C109738,Term Insurance,1,1,0,0,0
C109738,Recurring Deposit,1,1,0,0,0
C109739,Fuel Credit Card,1,1,0,0,0
C109739,Home Loan,1,1,0,0,0
C109739,Investment Plan (Mutual Fund SIP),1,0,0,0,0
C109739,Premium Credit Card,1,0,0,0,0
C109739,Travel Credit Card,1,0,0,0,0
C109740,Travel Credit Card,1,0,0,0,0
C109740,Term Insurance,1,1,0,0,0
C109740,Investment Plan (Mutual Fund SIP),1,1,0,0,0
C109740,Fixed Deposit,1,0,0,0,0
C109741,Fixed Deposit,1,1,0,0,0
C109741,Cashback Credit Card,1,0,0,0,0
C109741,Home Loan,1,0,0,0,0
C109743,Fuel Credit Card,1,1,0,0,0
C109743,Personal Loan,1,0,0,0,0
C109744,Fuel Credit Card,1,1,0,0,0
C109744,Term Insurance,1,0,0,0,0
C109744,Premium Banking Account,1,0,0,0,0
C109746,Recurring Deposit,1,0,0,0,0
C109746,Travel Credit Card,1,1,1,1,0
C109746,Cashback Credit Card,1,0,0,0,0
C109748,Premium Banking Account,1,1,0,0,0
C109748,Recurring Deposit,1,1,1,1,1
C109748,Personal Loan,1,1,0,0,0
C109748,Investment Plan (Mutual Fund SIP),1,0,0,0,0
C109748,Term Insurance,1,0,0,0,0
C109749,Recurring Deposit,1,1,0,0,0
C109749,Personal Loan,1,0,0,0,0
C109749,Term Insurance,1,1,0,0,0
C109749,Fuel Credit Card,1,1,0,0,0
C109750,Investment Plan (Mutual Fund SIP),1,1,0,0,0
C109751,Travel Credit Card,1,1,0,0,0
C109751,Investment Plan (Mutual Fund SIP),1,1,0,0,0
C109751,Term Insurance,1,1,1,1,1
C109751,Premium Credit Card,1,1,0,0,0
C109751,Recurring Deposit,1,0,0,0,0
C109752,Premium Credit Card,1,1,1,0,0
C109752,Investment Plan (Mutual Fund SIP),1,1,1,0,0
C109752,Fuel Credit Card,1,1,1,1,1
C109753,Term Insurance,1,1,1,0,0
C109753,Fuel Credit Card,1,0,0,0,0
C109753,Premium Credit Card,1,1,1,1,1
C109753,Investment Plan (Mutual Fund SIP),1,0,0,0,0
C109754,Premium Credit Card,1,0,0,0,0
C109755,Recurring Deposit,1,1,0,0,0
C109755,Personal Loan,1,0,0,0,0
C109755,Term Insurance,1,1,0,0,0
C109756,Premium Banking Account,1,0,0,0,0
C109756,Fixed Deposit,1,1,1,1,1
C109757,Cashback Credit Card,1,0,0,0,0
C109757,Fuel Credit Card,1,0,0,0,0
C109757,Personal Loan,1,1,0,0,0
C109757,Premium Banking Account,1,1,0,0,0
C109757,Travel Credit Card,1,1,0,0,0
C109758,Fixed Deposit,1,1,1,1,1
C109759,Fuel Credit Card,1,1,1,0,0
C109759,Premium Credit Card,1,1,0,0,0
C109760,Premium Credit Card,1,1,1,1,1
C109760,Premium Banking Account,1,0,0,0,0
C109760,Fixed Deposit,1,0,0,0,0
C109760,Travel Credit Card,1,1,0,0,0
C109760,Fuel Credit Card,1,1,0,0,0
C109761,Travel Credit Card,1,1,1,0,0
C109761,Fuel Credit Card,1,0,0,0,0
C109761,Premium Credit Card,1,0,0,0,0
C109761,Home Loan,1,1,0,0,0
C109761,Term Insurance,1,0,0,0,0
C109763,Investment Plan (Mutual Fund SIP),1,1,0,0,0
C109763,Personal Loan,1,0,0,0,0
C109763,Premium Credit Card,1,1,0,0,0
C109763,Travel Credit Card,1,1,0,0,0
C109764,Fuel Credit Card,1,0,0,0,0
C109764,Investment Plan (Mutual Fund SIP),1,1,0,0,0
C109764,Travel Credit Card,1,1,1,1,1
C109766,Term Insurance,1,1,1,1,1
C109766,Investment Plan (Mutual Fund SIP),1,0,0,0,0
C109766,Travel Credit Card,1,1,1,0,0
C109766,Personal Loan,1,0,0,0,0
C109766,Premium Banking Account,1,1,0,0,0
C109767,Travel Credit Card,1,0,0,0,0
C109767,Term Insurance,1,0,0,0,0
C109767,Cashback Credit Card,1,0,0,0,0
C109768,Investment Plan (Mutual Fund SIP),1,0,0,0,0
C109768,Personal Loan,1,0,0,0,0
C109768,Recurring Deposit,1,1,0,0,0
C109768,Cashback Credit Card,1,1,0,0,0
C109768,Fuel Credit Card,1,1,1,1,1
C109770,Personal Loan,1,1,1,1,1
C109770,Investment Plan (Mutual Fund SIP),1,1,1,1,1
C109770,Home Loan,1,0,0,0,0
C109772,Investment Plan (Mutual Fund SIP),1,1,0,0,0
C109772,Cashback Credit Card,1,0,0,0,0
C109774,Home Loan,1,0,0,0,0
C109774,Investment Plan (Mutual Fund SIP),1,0,0,0,0
C109776,Home Loan,1,1,0,0,0
C109776,Recurring Deposit,1,0,0,0,0
C109776,Investment Plan (Mutual Fund SIP),1,0,0,0,0
C109776,Fixed Deposit,1,0,0,0,0
C109776,Term Insurance,1,1,1,1,1
C109777,Fuel Credit Card,1,0,0,0,0
C109777,Recurring Deposit,1,1,0,0,0
C109777,Travel Credit Card,1,1,1,0,0
C109777,Fixed Deposit,1,1,1,0,0
C109778,Premium Credit Card,1,0,0,0,0
C109778,Cashback Credit Card,1,1,0,0,0
C109778,Investment Plan (Mutual Fund SIP),1,0,0,0,0
C109778,Fuel Credit Card,1,1,0,0,0
C109779,Travel Credit Card,1,1,0,0,0
C109780,Fixed Deposit,1,0,0,0,0
C109780,Travel Credit Card,1,0,0,0,0
C109781,Term Insurance,1,1,0,0,0
C109781,Investment Plan (Mutual Fund SIP),1,1,0,0,0
C109784,Premium Banking Account,1,0,0,0,0
C109784,Travel Credit Card,1,0,0,0,0
C109784,Cashback Credit Card,1,0,0,0,0
C109784,Fixed Deposit,1,1,0,0,0
C109784,Premium Credit Card,1,0,0,0,0
C109785,Recurring Deposit,1,0,0,0,0
C109786,Term Insurance,1,1,1,1,1
C109786,Fuel Credit Card,1,1,1,0,0
C109787,Cashback Credit Card,1,1,1,1,1
C109787,Fuel Credit Card,1,1,0,0,0
C109787,Premium Credit Card,1,0,0,0,0
C109787,Recurring Deposit,1,1,0,0,0
C109787,Personal Loan,1,0,0,0,0
C109789,Cashback Credit Card,1,0,0,0,0
C109789,Home Loan,1,1,1,0,0
C109789,Premium Banking Account,1,0,0,0,0
C109789,Recurring Deposit,1,0,0,0,0
C109790,Home Loan,1,1,1,1,1
C109790,Term Insurance,1,1,0,0,0
C109790,Travel Credit Card,1,0,0,0,0
C109790,Recurring Deposit,1,1,1,0,0
C109791,Recurring Deposit,1,1,0,0,0
C109791,Premium Credit Card,1,1,0,0,0
C109791,Travel Credit Card,1,1,0,0,0
C109791,Fuel Credit Card,1,0,0,0,0
C109792,Premium Credit Card,1,1,1,1,1
C109793,Recurring Deposit,1,1,0,0,0
C109794,Investment Plan (Mutual Fund SIP),1,1,1,0,0
C109794,Personal Loan,1,1,1,1,1
C109795,Fixed Deposit,1,0,0,0,0
C109795,Premium Banking Account,1,0,0,0,0
C109795,Home Loan,1,0,0,0,0
C109795,Fuel Credit Card,1,1,1,0,0
C109796,Recurring Deposit,1,0,0,0,0
C109796,Travel Credit Card,1,1,0,0,0
C109796,Term Insurance,1,1,1,1,1
C109797,Premium Banking Account,1,1,0,0,0
C109797,Travel Credit Card,1,0,0,0,0
C109797,Cashback Credit Card,1,1,0,0,0
C109797,Personal Loan,1,1,1,1,1
C109798,Fixed Deposit,1,0,0,0,0
C109798,Personal Loan,1,1,0,0,0
C109798,Term Insurance,1,0,0,0,0
C109799,Fuel Credit Card,1,0,0,0,0
C109799,Premium Banking Account,1,0,0,0,0
C109799,Recurring Deposit,1,0,0,0,0
C109799,Home Loan,1,1,0,0,0
C109799,Cashback Credit Card,1,0,0,0,0
C109800,Cashback Credit Card,1,0,0,0,0
C109801,Term Insurance,1,1,0,0,0
C109801,Fixed Deposit,1,1,1,1,1
C109802,Cashback Credit Card,1,1,0,0,0
C109803,Term Insurance,1,1,0,0,0
C109803,Personal Loan,1,0,0,0,0
C109804,Term Insurance,1,0,0,0,0
C109804,Premium Banking Account,1,0,0,0,0
C109805,Home Loan,1,1,0,0,0
C109805,Premium Credit Card,1,0,0,0,0
C109805,Personal Loan,1,1,1,1,1
C109805,Fuel Credit Card,1,0,0,0,0
C109805,Recurring Deposit,1,0,0,0,0
C109806,Recurring Deposit,1,1,0,0,0
C109806,Premium Credit Card,1,1,0,0,0
C109806,Fixed Deposit,1,0,0,0,0
C109806,Investment Plan (Mutual Fund SIP),1,1,0,0,0
C109806,Personal Loan,1,0,0,0,0
C109808,Fixed Deposit,1,1,1,1,0
C109809,Fuel Credit Card,1,1,1,1,1
C109809,Recurring Deposit,1,0,0,0,0
C109809,Home Loan,1,1,0,0,0
C109809,Premium Credit Card,1,1,1,0,0
C109809,Investment Plan (Mutual Fund SIP),1,0,0,0,0
C109811,Premium Banking Account,1,0,0,0,0
C109811,Recurring Deposit,1,0,0,0,0
C109811,Premium Credit Card,1,1,0,0,0
C109812,Fixed Deposit,1,0,0,0,0
C109812,Term Insurance,1,0,0,0,0
C109812,Cashback Credit Card,1,0,0,0,0
C109813,Home Loan,1,1,0,0,0
C109813,Premium Banking Account,1,1,1,1,0
C109814,Recurring Deposit,1,1,0,0,0
C109814,Travel Credit Card,1,0,0,0,0
C109817,Cashback Credit Card,1,1,1,0,0
C109817,Premium Banking Account,1,1,0,0,0
C109817,Term Insurance,1,0,0,0,0
C109817,Investment Plan (Mutual Fund SIP),1,0,0,0,0
C109818,Fixed Deposit,1,0,0,0,0
C109818,Investment Plan (Mutual Fund SIP),1,1,0,0,0
C109818,Term Insurance,1,1,0,0,0
C109818,Recurring Deposit,1,0,0,0,0
C109818,Premium Credit Card,1,0,0,0,0
C109819,Investment Plan (Mutual Fund SIP),1,1,0,0,0
C109819,Travel Credit Card,1,0,0,0,0
C109819,Home Loan,1,0,0,0,0
C109819,Term Insurance,1,1,0,0,0
C109820,Home Loan,1,0,0,0,0
C109820,Fuel Credit Card,1,0,0,0,0
C109820,Investment Plan (Mutual Fund SIP),1,0,0,0,0
C109821,Premium Credit Card,1,0,0,0,0
C109821,Term Insurance,1,1,0,0,0
C109821,Home Loan,1,0,0,0,0
C109822,Home Loan,1,0,0,0,0
C109822,Travel Credit Card,1,0,0,0,0
C109822,Fixed Deposit,1,1,1,0,0
C109822,Term Insurance,1,1,1,1,1
C109822,Premium Banking Account,1,1,1,0,0
C109823,Investment Plan (Mutual Fund SIP),1,0,0,0,0
C109823,Premium Credit Card,1,1,0,0,0
C109823,Fuel Credit Card,1,1,0,0,0
C109823,Home Loan,1,1,0,0,0
C109824,Recurring Deposit,1,1,0,0,0
C109825,Home Loan,1,0,0,0,0
C109825,Premium Banking Account,1,1,1,1,1
C109825,Investment Plan (Mutual Fund SIP),1,0,0,0,0
C109826,Travel Credit Card,1,1,0,0,0
C109826,Fixed Deposit,1,0,0,0,0
C109826,Recurring Deposit,1,0,0,0,0
C109826,Home Loan,1,1,0,0,0
C109826,Cashback Credit Card,1,0,0,0,0
C109827,Premium Banking Account,1,1,1,1,1
C109827,Recurring Deposit,1,0,0,0,0
C109827,Term Insurance,1,0,0,0,0
C109827,Premium Credit Card,1,1,1,1,1
C109827,Fuel Credit Card,1,0,0,0,0
C109828,Premium Banking Account,1,0,0,0,0
C109828,Fuel Credit Card,1,0,0,0,0
C109828,Home Loan,1,1,0,0,0
C109828,Travel Credit Card,1,1,0,0,0
C109829,Term Insurance,1,0,0,0,0
C109829,Cashback Credit Card,1,0,0,0,0
C109829,Premium Banking Account,1,0,0,0,0
C109829,Fuel Credit Card,1,0,0,0,0
C109829,Travel Credit Card,1,0,0,0,0
C109830,Personal Loan,1,1,1,0,0
C109830,Travel Credit Card,1,1,0,0,0
C109830,Premium Credit Card,1,0,0,0,0
C109833,Cashback Credit Card,1,1,0,0,0
C109833,Home Loan,1,1,0,0,0
C109834,Recurring Deposit,1,0,0,0,0
C109835,Fuel Credit Card,1,1,0,0,0
C109835,Recurring Deposit,1,1,1,0,0
C109835,Personal Loan,1,1,0,0,0
C109835,Term Insurance,1,1,1,1,1
C109836,Term Insurance,1,0,0,0,0
C109836,Personal Loan,1,1,0,0,0
C109837,Fixed Deposit,1,1,0,0,0
C109837,Travel Credit Card,1,1,0,0,0
C109838,Premium Banking Account,1,1,0,0,0
C109838,Premium Credit Card,1,1,1,1,0
C109838,Fuel Credit Card,1,0,0,0,0
C109839,Premium Credit Card,1,0,0,0,0
C109839,Term Insurance,1,0,0,0,0
C109839,Cashback Credit Card,1,1,0,0,0
C109839,Personal Loan,1,1,0,0,0
C109840,Fuel Credit Card,1,1,0,0,0
C109840,Term Insurance,1,1,1,1,1
C109840,Investment Plan (Mutual Fund SIP),1,0,0,0,0
C109841,Home Loan,1,0,0,0,0
C109841,Fuel Credit Card,1,0,0,0,0
C109841,Investment Plan (Mutual Fund SIP),1,1,0,0,0
C109841,Premium Banking Account,1,1,0,0,0
C109841,Personal Loan,1,0,0,0,0
C109842,Premium Banking Account,1,0,0,0,0
C109842,Investment Plan (Mutual Fund SIP),1,0,0,0,0
C109843,Cashback Credit Card,1,0,0,0,0
C109843,Term Insurance,1,0,0,0,0
C109843,Personal Loan,1,0,0,0,0
C109843,Premium Credit Card,1,0,0,0,0
C109843,Fixed Deposit,1,1,0,0,0
C109844,Premium Banking Account,1,1,0,0,0
C109844,Home Loan,1,0,0,0,0
C109844,Fuel Credit Card,1,0,0,0,0
C109844,Recurring Deposit,1,0,0,0,0
C109846,Recurring Deposit,1,1,1,1,1
C109847,Cashback Credit Card,1,1,1,0,0
C109847,Recurring Deposit,1,1,1,1,0
C109847,Fixed Deposit,1,0,0,0,0
C109847,Home Loan,1,0,0,0,0
C109847,Premium Credit Card,1,0,0,0,0
C109849,Term Insurance,1,0,0,0,0
C109849,Cashback Credit Card,1,0,0,0,0
C109849,Premium Banking Account,1,1,1,0,0
C109849,Investment Plan (Mutual Fund SIP),1,0,0,0,0
C109849,Fixed Deposit,1,0,0,0,0
C109850,Home Loan,1,0,0,0,0
C109850,Investment Plan (Mutual Fund SIP),1,0,0,0,0
C109851,Cashback Credit Card,1,0,0,0,0
C109851,Recurring Deposit,1,1,0,0,0
C109851,Travel Credit Card,1,0,0,0,0
C109851,Fixed Deposit,1,1,1,1,1
C109852,Personal Loan,1,1,0,0,0
C109853,Personal Loan,1,0,0,0,0
C109853,Home Loan,1,0,0,0,0
C109853,Premium Credit Card,1,1,0,0,0
C109854,Premium Banking Account,1,1,0,0,0
C109854,Fixed Deposit,1,0,0,0,0
C109854,Premium Credit Card,1,0,0,0,0
C109854,Fuel Credit Card,1,1,1,1,1
C109854,Home Loan,1,1,0,0,0
C109857,Investment Plan (Mutual Fund SIP),1,1,0,0,0
C109857,Travel Credit Card,1,0,0,0,0
C109857,Fuel Credit Card,1,1,1,1,0
C109857,Cashback Credit Card,1,0,0,0,0
C109859,Travel Credit Card,1,1,0,0,0
C109859,Home Loan,1,0,0,0,0
C109859,Cashback Credit Card,1,1,0,0,0
C109861,Travel Credit Card,1,1,0,0,0
C109862,Investment Plan (Mutual Fund SIP),1,1,0,0,0
C109862,Term Insurance,1,0,0,0,0
C109862,Recurring Deposit,1,1,1,1,1
C109863,Premium Banking Account,1,0,0,0,0
C109863,Premium Credit Card,1,1,0,0,0
C109863,Fixed Deposit,1,0,0,0,0
C109864,Travel Credit Card,1,1,1,0,0
C109864,Recurring Deposit,1,0,0,0,0
C109864,Term Insurance,1,1,1,0,0
C109865,Cashback Credit Card,1,0,0,0,0
C109865,Investment Plan (Mutual Fund SIP),1,0,0,0,0
C109865,Personal Loan,1,1,1,0,0
C109866,Recurring Deposit,1,0,0,0,0
C109867,Personal Loan,1,0,0,0,0
C109867,Home Loan,1,0,0,0,0
C109867,Cashback Credit Card,1,1,0,0,0
C109868,Personal Loan,1,0,0,0,0
C109868,Investment Plan (Mutual Fund SIP),1,1,1,1,1
C109868,Home Loan,1,1,1,1,1
C109868,Cashback Credit Card,1,0,0,0,0
C109868,Premium Banking Account,1,1,0,0,0
C109870,Investment Plan (Mutual Fund SIP),1,1,0,0,0
C109870,Fixed Deposit,1,0,0,0,0
C109871,Cashback Credit Card,1,1,0,0,0
C109871,Travel Credit Card,1,0,0,0,0
C109871,Recurring Deposit,1,1,0,0,0
C109871,Term Insurance,1,1,1,1,1
C109872,Premium Credit Card,1,0,0,0,0
C109872,Personal Loan,1,0,0,0,0
C109872,Recurring Deposit,1,0,0,0,0
C109872,Fixed Deposit,1,0,0,0,0
C109872,Travel Credit Card,1,1,0,0,0
C109873,Premium Credit Card,1,0,0,0,0
C109873,Fixed Deposit,1,0,0,0,0
C109873,Recurring Deposit,1,1,0,0,0
C109873,Personal Loan,1,1,0,0,0
C109873,Fuel Credit Card,1,1,1,0,0
C109874,Fixed Deposit,1,1,1,1,1
C109874,Recurring Deposit,1,1,0,0,0
C109874,Term Insurance,1,0,0,0,0
C109874,Personal Loan,1,0,0,0,0
C109874,Premium Banking Account,1,1,1,1,1
C109875,Personal Loan,1,0,0,0,0
C109875,Investment Plan (Mutual Fund SIP),1,0,0,0,0
C109875,Premium Banking Account,1,1,0,0,0
C109875,Term Insurance,1,1,0,0,0
C109875,Fuel Credit Card,1,1,0,0,0
C109876,Premium Credit Card,1,1,0,0,0
C109877,Recurring Deposit,1,0,0,0,0
C109877,Premium Banking Account,1,0,0,0,0
C109877,Premium Credit Card,1,1,0,0,0
C109878,Fuel Credit Card,1,1,0,0,0
C109878,Premium Credit Card,1,0,0,0,0
C109878,Personal Loan,1,0,0,0,0
C109879,Recurring Deposit,1,1,1,1,0
C109879,Premium Banking Account,1,1,0,0,0
C109879,Term Insurance,1,0,0,0,0
C109880,Investment Plan (Mutual Fund SIP),1,0,0,0,0
C109880,Term Insurance,1,1,0,0,0
C109880,Fixed Deposit,1,1,0,0,0
C109880,Cashback Credit Card,1,1,1,0,0
C109881,Investment Plan (Mutual Fund SIP),1,1,0,0,0
C109881,Fuel Credit Card,1,0,0,0,0
C109881,Personal Loan,1,1,1,1,1
C109881,Term Insurance,1,0,0,0,0
C109881,Travel Credit Card,1,0,0,0,0
C109882,Premium Credit Card,1,1,0,0,0
C109882,Cashback Credit Card,1,0,0,0,0
C109882,Personal Loan,1,1,1,1,0
C109882,Premium Banking Account,1,0,0,0,0
C109882,Fuel Credit Card,1,1,0,0,0
C109883,Fixed Deposit,1,0,0,0,0
C109883,Investment Plan (Mutual Fund SIP),1,1,0,0,0
C109884,Fuel Credit Card,1,0,0,0,0
C109884,Term Insurance,1,1,0,0,0
C109884,Premium Banking Account,1,0,0,0,0
C109884,Recurring Deposit,1,1,0,0,0
C109884,Cashback Credit Card,1,0,0,0,0
C109887,Fuel Credit Card,1,0,0,0,0
C109887,Travel Credit Card,1,1,1,1,0
C109889,Premium Credit Card,1,0,0,0,0
C109889,Premium Banking Account,1,0,0,0,0
C109889,Recurring Deposit,1,1,1,0,0
C109889,Fuel Credit Card,1,1,0,0,0
C109890,Premium Banking Account,1,0,0,0,0
C109890,Recurring Deposit,1,1,0,0,0
C109890,Home Loan,1,1,0,0,0
C109891,Personal Loan,1,1,0,0,0
C109891,Cashback Credit Card,1,1,0,0,0
C109892,Home Loan,1,0,0,0,0
C109893,Fixed Deposit,1,0,0,0,0
C109893,Personal Loan,1,0,0,0,0
C109893,Cashback Credit Card,1,1,0,0,0
C109893,Recurring Deposit,1,0,0,0,0
C109894,Premium Credit Card,1,1,0,0,0
C109894,Travel Credit Card,1,1,0,0,0
C109894,Investment Plan (Mutual Fund SIP),1,1,1,0,0
C109894,Premium Banking Account,1,0,0,0,0
C109895,Home Loan,1,0,0,0,0
C109895,Premium Banking Account,1,0,0,0,0
C109895,Fixed Deposit,1,0,0,0,0
C109896,Term Insurance,1,0,0,0,0
C109896,Fixed Deposit,1,0,0,0,0
C109896,Investment Plan (Mutual Fund SIP),1,0,0,0,0
C109896,Premium Banking Account,1,0,0,0,0
C109896,Travel Credit Card,1,0,0,0,0
C109898,Premium Credit Card,1,0,0,0,0
C109898,Investment Plan (Mutual Fund SIP),1,1,0,0,0
C109899,Premium Banking Account,1,0,0,0,0
C109899,Personal Loan,1,0,0,0,0
C109899,Recurring Deposit,1,0,0,0,0
C109899,Travel Credit Card,1,1,0,0,0
C109899,Fixed Deposit,1,1,1,1,1
C109900,Personal Loan,1,1,0,0,0
C109900,Cashback Credit Card,1,0,0,0,0
C109900,Fuel Credit Card,1,0,0,0,0
C109901,Travel Credit Card,1,0,0,0,0
C109901,Fixed Deposit,1,0,0,0,0
C109902,Personal Loan,1,1,1,1,1
C109902,Home Loan,1,1,1,1,1
C109902,Fuel Credit Card,1,0,0,0,0
C109902,Premium Credit Card,1,0,0,0,0
C109902,Recurring Deposit,1,1,1,1,1
C109903,Fixed Deposit,1,1,1,1,1
C109903,Premium Banking Account,1,1,0,0,0
C109904,Term Insurance,1,1,0,0,0
C109904,Fuel Credit Card,1,0,0,0,0
C109904,Home Loan,1,0,0,0,0
C109905,Cashback Credit Card,1,1,1,1,1
C109905,Premium Banking Account,1,0,0,0,0
C109905,Premium Credit Card,1,1,0,0,0
C109905,Investment Plan (Mutual Fund SIP),1,0,0,0,0
C109905,Personal Loan,1,0,0,0,0
C109906,Fixed Deposit,1,1,0,0,0
C109906,Travel Credit Card,1,1,0,0,0
C109906,Home Loan,1,0,0,0,0
C109907,Premium Banking Account,1,0,0,0,0
C109907,Fixed Deposit,1,1,0,0,0
C109907,Term Insurance,1,1,1,1,1
C109907,Travel Credit Card,1,1,0,0,0
C109907,Investment Plan (Mutual Fund SIP),1,0,0,0,0
C109908,Recurring Deposit,1,0,0,0,0
C109908,Cashback Credit Card,1,1,1,0,0
C109908,Travel Credit Card,1,1,0,0,0
C109908,Premium Credit Card,1,1,0,0,0
C109908,Fixed Deposit,1,0,0,0,0
C109909,Personal Loan,1,1,0,0,0
C109909,Home Loan,1,1,1,1,1
C109910,Premium Credit Card,1,1,0,0,0
C109911,Fixed Deposit,1,0,0,0,0
C109912,Fuel Credit Card,1,0,0,0,0
C109912,Recurring Deposit,1,1,0,0,0
C109912,Investment Plan (Mutual Fund SIP),1,0,0,0,0
C109913,Personal Loan,1,1,0,0,0
C109913,Term Insurance,1,0,0,0,0
C109913,Premium Banking Account,1,0,0,0,0
C109913,Investment Plan (Mutual Fund SIP),1,1,1,1,1
C109913,Recurring Deposit,1,1,0,0,0
C109914,Personal Loan,1,1,1,1,1
C109914,Travel Credit Card,1,0,0,0,0
C109914,Term Insurance,1,1,0,0,0
C109915,Personal Loan,1,0,0,0,0
C109916,Premium Credit Card,1,1,1,0,0
C109916,Travel Credit Card,1,1,0,0,0
C109917,Personal Loan,1,1,0,0,0
C109917,Travel Credit Card,1,0,0,0,0
C109918,Home Loan,1,0,0,0,0
C109918,Cashback Credit Card,1,0,0,0,0
C109918,Term Insurance,1,1,0,0,0
C109919,Term Insurance,1,1,0,0,0
C109919,Cashback Credit Card,1,0,0,0,0
C109919,Home Loan,1,0,0,0,0
C109919,Premium Credit Card,1,0,0,0,0
C109919,Recurring Deposit,1,1,1,1,0
C109920,Cashback Credit Card,1,0,0,0,0
C109920,Recurring Deposit,1,0,0,0,0
C109920,Investment Plan (Mutual Fund SIP),1,1,0,0,0
C109920,Premium Credit Card,1,0,0,0,0
C109920,Fixed Deposit,1,0,0,0,0
C109921,Cashback Credit Card,1,0,0,0,0
C109921,Investment Plan (Mutual Fund SIP),1,1,1,1,1
C109921,Fuel Credit Card,1,1,0,0,0
C109921,Fixed Deposit,1,1,0,0,0
C109922,Investment Plan (Mutual Fund SIP),1,0,0,0,0
C109922,Travel Credit Card,1,0,0,0,0
C109922,Home Loan,1,0,0,0,0
C109923,Travel Credit Card,1,1,1,1,1
C109923,Recurring Deposit,1,0,0,0,0
C109923,Premium Credit Card,1,1,0,0,0
C109923,Cashback Credit Card,1,1,0,0,0
C109923,Term Insurance,1,1,0,0,0
C109924,Investment Plan (Mutual Fund SIP),1,1,0,0,0
C109924,Premium Banking Account,1,0,0,0,0
C109924,Fixed Deposit,1,1,0,0,0
C109925,Premium Credit Card,1,1,1,0,0
C109925,Personal Loan,1,1,0,0,0
C109926,Premium Banking Account,1,0,0,0,0
C109926,Fuel Credit Card,1,1,0,0,0
C109926,Personal Loan,1,1,1,1,1
C109926,Cashback Credit Card,1,1,0,0,0
C109927,Home Loan,1,1,0,0,0
C109927,Recurring Deposit,1,1,0,0,0
C109927,Fuel Credit Card,1,0,0,0,0
C109927,Premium Credit Card,1,1,0,0,0
C109928,Recurring Deposit,1,0,0,0,0
C109929,Travel Credit Card,1,0,0,0,0
C109929,Investment Plan (Mutual Fund SIP),1,0,0,0,0
C109929,Term Insurance,1,1,0,0,0
C109929,Personal Loan,1,1,0,0,0
C109929,Fuel Credit Card,1,0,0,0,0
C109930,Recurring Deposit,1,0,0,0,0
C109930,Home Loan,1,0,0,0,0
C109931,Personal Loan,1,1,0,0,0
C109931,Term Insurance,1,1,0,0,0
C109931,Fuel Credit Card,1,0,0,0,0
C109931,Premium Banking Account,1,1,0,0,0
C109931,Fixed Deposit,1,0,0,0,0
C109933,Investment Plan (Mutual Fund SIP),1,1,1,1,1
C109933,Travel Credit Card,1,0,0,0,0
C109933,Personal Loan,1,0,0,0,0
C109933,Term Insurance,1,0,0,0,0
C109933,Premium Banking Account,1,1,0,0,0
C109934,Investment Plan (Mutual Fund SIP),1,0,0,0,0
C109934,Fuel Credit Card,1,1,0,0,0
C109934,Term Insurance,1,1,1,0,0
C109934,Cashback Credit Card,1,1,1,0,0
C109934,Premium Banking Account,1,0,0,0,0
C109935,Premium Credit Card,1,0,0,0,0
C109935,Investment Plan (Mutual Fund SIP),1,0,0,0,0
C109935,Home Loan,1,1,0,0,0
C109936,Cashback Credit Card,1,0,0,0,0
C109936,Personal Loan,1,1,0,0,0
C109936,Recurring Deposit,1,0,0,0,0
C109936,Home Loan,1,1,1,0,0
C109936,Fuel Credit Card,1,1,0,0,0
C109937,Fixed Deposit,1,1,0,0,0
C109937,Recurring Deposit,1,1,1,1,0
C109938,Home Loan,1,1,1,0,0
C109938,Term Insurance,1,0,0,0,0
C109940,Investment Plan (Mutual Fund SIP),1,0,0,0,0
C109940,Home Loan,1,1,0,0,0
C109940,Cashback Credit Card,1,1,1,1,1
C109941,Premium Banking Account,1,0,0,0,0
C109941,Home Loan,1,0,0,0,0
C109942,Personal Loan,1,0,0,0,0
C109942,Cashback Credit Card,1,0,0,0,0
C109943,Premium Credit Card,1,0,0,0,0
C109943,Investment Plan (Mutual Fund SIP),1,0,0,0,0
C109943,Fixed Deposit,1,0,0,0,0
C109944,Cashback Credit Card,1,1,0,0,0
C109944,Premium Banking Account,1,1,1,0,0
C109944,Home Loan,1,1,0,0,0
C109945,Recurring Deposit,1,1,0,0,0
C109945,Premium Banking Account,1,0,0,0,0
C109945,Fuel Credit Card,1,1,0,0,0
C109949,Personal Loan,1,0,0,0,0
C109949,Cashback Credit Card,1,1,0,0,0
C109950,Recurring Deposit,1,1,0,0,0
C109950,Fuel Credit Card,1,1,0,0,0
C109950,Term Insurance,1,0,0,0,0
C109951,Investment Plan (Mutual Fund SIP),1,0,0,0,0
C109951,Fuel Credit Card,1,1,1,1,1
C109951,Personal Loan,1,1,0,0,0
C109952,Fixed Deposit,1,1,0,0,0
C109952,Recurring Deposit,1,1,1,1,0
C109953,Premium Banking Account,1,0,0,0,0
C109953,Fixed Deposit,1,0,0,0,0
C109953,Premium Credit Card,1,1,0,0,0
C109953,Recurring Deposit,1,0,0,0,0
C109953,Cashback Credit Card,1,0,0,0,0
C109954,Home Loan,1,1,0,0,0
C109954,Premium Banking Account,1,0,0,0,0
C109955,Investment Plan (Mutual Fund SIP),1,1,0,0,0
C109956,Premium Credit Card,1,1,0,0,0
C109956,Personal Loan,1,1,1,0,0
C109956,Recurring Deposit,1,0,0,0,0
C109957,Fixed Deposit,1,0,0,0,0
C109957,Personal Loan,1,0,0,0,0
C109958,Premium Credit Card,1,0,0,0,0
C109958,Recurring Deposit,1,1,0,0,0
C109958,Term Insurance,1,0,0,0,0
C109959,Fuel Credit Card,1,1,1,1,1
C109959,Premium Credit Card,1,0,0,0,0
C109961,Fixed Deposit,1,1,0,0,0
C109961,Term Insurance,1,0,0,0,0
C109962,Fixed Deposit,1,1,0,0,0
C109963,Recurring Deposit,1,0,0,0,0
C109964,Investment Plan (Mutual Fund SIP),1,0,0,0,0
C109965,Fixed Deposit,1,1,1,1,1
C109965,Cashback Credit Card,1,1,0,0,0
C109965,Premium Credit Card,1,1,0,0,0
C109965,Fuel Credit Card,1,0,0,0,0
C109966,Personal Loan,1,1,1,1,1
C109968,Recurring Deposit,1,1,1,1,1
C109968,Investment Plan (Mutual Fund SIP),1,1,0,0,0
C109968,Premium Banking Account,1,1,1,1,1
C109969,Premium Credit Card,1,1,0,0,0
C109969,Recurring Deposit,1,1,0,0,0
C109969,Cashback Credit Card,1,1,0,0,0
C109969,Home Loan,1,1,0,0,0
C109969,Premium Banking Account,1,1,1,1,0
C109970,Premium Credit Card,1,1,0,0,0
C109970,Investment Plan (Mutual Fund SIP),1,1,1,0,0
C109971,Travel Credit Card,1,1,0,0,0
C109971,Recurring Deposit,1,1,0,0,0
C109972,Term Insurance,1,1,1,1,1
C109972,Premium Credit Card,1,1,1,1,1
C109972,Premium Banking Account,1,1,0,0,0
C109972,Recurring Deposit,1,0,0,0,0
C109972,Personal Loan,1,1,1,0,0
C109974,Recurring Deposit,1,1,0,0,0
C109974,Fuel Credit Card,1,0,0,0,0
C109974,Personal Loan,1,1,0,0,0
C109977,Fuel Credit Card,1,1,1,0,0
C109977,Personal Loan,1,0,0,0,0
C109977,Cashback Credit Card,1,0,0,0,0
C109978,Premium Banking Account,1,1,0,0,0
C109978,Travel Credit Card,1,1,0,0,0
C109978,Term Insurance,1,1,0,0,0
C109978,Home Loan,1,0,0,0,0
C109979,Cashback Credit Card,1,1,0,0,0
C109979,Fuel Credit Card,1,1,0,0,0
C109979,Premium Credit Card,1,0,0,0,0
C109979,Premium Banking Account,1,0,0,0,0
C109979,Recurring Deposit,1,1,0,0,0
C109980,Personal Loan,1,1,0,0,0
C109980,Home Loan,1,1,0,0,0
C109980,Recurring Deposit,1,1,1,1,1
C109980,Premium Credit Card,1,1,0,0,0
C109982,Fuel Credit Card,1,1,0,0,0
C109982,Home Loan,1,0,0,0,0
C109983,Personal Loan,1,1,1,0,0
C109983,Term Insurance,1,1,0,0,0
C109983,Fixed Deposit,1,1,0,0,0
C109984,Fuel Credit Card,1,1,1,0,0
C109984,Home Loan,1,1,0,0,0
C109986,Premium Credit Card,1,0,0,0,0
C109986,Personal Loan,1,1,0,0,0
C109986,Fixed Deposit,1,1,1,1,0
C109986,Cashback Credit Card,1,1,1,1,0
C109987,Investment Plan (Mutual Fund SIP),1,0,0,0,0
C109987,Travel Credit Card,1,1,1,1,1
C109987,Cashback Credit Card,1,1,1,0,0
C109988,Recurring Deposit,1,1,1,0,0
C109988,Investment Plan (Mutual Fund SIP),1,0,0,0,0
C109989,Investment Plan (Mutual Fund SIP),1,1,0,0,0
C109989,Travel Credit Card,1,1,0,0,0
C109990,Premium Banking Account,1,1,1,0,0
C109990,Investment Plan (Mutual Fund SIP),1,0,0,0,0
C109990,Premium Credit Card,1,0,0,0,0
C109990,Home Loan,1,0,0,0,0
C109991,Premium Banking Account,1,0,0,0,0
C109991,Fuel Credit Card,1,0,0,0,0
C109991,Cashback Credit Card,1,0,0,0,0
C109991,Home Loan,1,0,0,0,0
C109991,Recurring Deposit,1,1,1,1,1
C109992,Premium Banking Account,1,0,0,0,0
C109992,Travel Credit Card,1,0,0,0,0
C109992,Home Loan,1,1,1,1,0
C109992,Investment Plan (Mutual Fund SIP),1,1,1,1,1
C109993,Fuel Credit Card,1,0,0,0,0
C109993,Travel Credit Card,1,1,0,0,0
C109993,Premium Credit Card,1,0,0,0,0
C109993,Recurring Deposit,1,0,0,0,0
C109995,Investment Plan (Mutual Fund SIP),1,1,0,0,0
C109995,Fuel Credit Card,1,0,0,0,0
C109995,Recurring Deposit,1,1,1,1,1
C109995,Home Loan,1,0,0,0,0
C109995,Premium Banking Account,1,0,0,0,0
C109996,Fuel Credit Card,1,0,0,0,0
C109996,Travel Credit Card,1,1,0,0,0
C109996,Home Loan,1,0,0,0,0
C109996,Cashback Credit Card,1,0,0,0,0
C109996,Investment Plan (Mutual Fund SIP),1,1,0,0,0
C109997,Home Loan,1,0,0,0,0
C109997,Term Insurance,1,1,1,1,0
C109998,Premium Credit Card,1,1,0,0,0
C109999,Fuel Credit Card,1,1,0,0,0
