transaction_id,customer_id,account_id,date,amount,transaction_type,category,merchant,payment_method,location
T00000001,C100000,A200001,2026-07-14,3217.51,Debit,Shopping,Myntra,Net Banking,Delhi
T00000002,C100000,A200001,2026-03-21,258.97,Debit,Education,Udemy,NEFT,Delhi
T00000003,C100000,A200001,2026-07-27,1297.06,Debit,Food,Zomato,Cash,Delhi
T00000004,C100000,A200001,2026-07-27,398.42,Debit,Investment,Groww,NEFT,Delhi
T00000005,C100000,A200001,2026-06-16,877.95,Debit,Entertainment,PVR,Credit Card,Delhi
T00000006,C100000,A200001,2026-06-22,620.44,Debit,Shopping,Local Store,Debit Card,Delhi
T00000007,C100000,A200001,2026-03-30,349.4,Debit,Education,Coursera,NEFT,Delhi
T00000008,C100000,A200001,2026-04-14,1275.07,Debit,Food,Swiggy,UPI,Delhi
T00000009,C100000,A200001,2026-04-27,33.99,Debit,Fuel,HP Petrol Pump,Net Banking,Delhi
T00000010,C100000,A200001,2026-02-27,243.98,Debit,Shopping,Flipkart,Net Banking,Delhi
T00000011,C100000,A200001,2026-04-22,91.19,Debit,Food,Local Restaurant,NEFT,Delhi
T00000012,C100000,A200001,2026-04-29,732.05,Debit,ATM,ATM Withdrawal,NEFT,Delhi
T00000013,C100000,A200001,2026-02-14,705.94,Debit,Education,Udemy,Debit Card,Delhi
T00000014,C100000,A200001,2026-07-16,116.74,Debit,Transfer,P2P Transfer,UPI,Delhi
T00000015,C100000,A200001,2026-02-07,306.52,Debit,Shopping,Local Store,UPI,Delhi
T00000016,C100000,A200001,2026-05-19,5439.62,Debit,Shopping,Local Store,Cash,Delhi
T00000017,C100000,A200001,2026-04-30,38.07,Debit,ATM,ATM Withdrawal,Credit Card,Delhi
T00000018,C100000,A200001,2026-03-03,2977.42,Debit,Education,College Fee,Debit Card,Delhi
T00000019,C100000,A200001,2026-07-05,1432.23,Debit,Other,Misc Merchant,Cash,Delhi
T00000020,C100000,A200001,2026-02-20,28.2,Debit,Education,Udemy,UPI,Delhi
T00000021,C100000,A200001,2026-02-05,48.78,Debit,Entertainment,Spotify,NEFT,Delhi
T00000022,C100000,A200001,2026-04-20,804.79,Debit,Education,Udemy,NEFT,Delhi
T00000023,C100000,A200001,2026-05-10,3805.51,Debit,ATM,ATM Withdrawal,Cash,Delhi
T00000024,C100000,A200001,2026-05-03,20.0,Debit,Shopping,Myntra,UPI,Delhi
T00000025,C100000,A200001,2026-05-22,90.97,Debit,Fuel,Indian Oil,Net Banking,Delhi
T00000026,C100000,A200001,2026-02-15,35.09,Debit,Education,College Fee,Net Banking,Delhi
T00000027,C100000,A200001,2026-03-07,565.6,Debit,Fuel,HP Petrol Pump,Credit Card,Delhi
T00000028,C100000,A200001,2026-04-03,291.03,Debit,ATM,ATM Withdrawal,Net Banking,Delhi
T00000029,C100000,A200001,2026-05-31,71.36,Debit,Food,Zomato,Net Banking,Delhi
T00000030,C100000,A200001,2026-04-05,1477.15,Debit,Shopping,Local Store,Credit Card,Delhi
T00000031,C100000,A200001,2026-06-21,243.59,Debit,Shopping,Local Store,Credit Card,Delhi
T00000032,C100000,A200001,2026-06-22,221.17,Debit,Transfer,P2P Transfer,NEFT,Delhi
T00000033,C100000,A200001,2026-05-10,2603.21,Debit,Transfer,P2P Transfer,Net Banking,Delhi
T00000034,C100000,A200001,2026-04-23,603.28,Debit,ATM,ATM Withdrawal,NEFT,Delhi
T00000035,C100000,A200001,2026-04-26,401.45,Debit,Education,College Fee,Credit Card,Delhi
T00000036,C100000,A200001,2026-04-22,1248.23,Debit,Shopping,Local Store,Cash,Delhi
T00000037,C100000,A200001,2026-06-29,240.81,Debit,Fuel,Indian Oil,Net Banking,Delhi
T00000038,C100000,A200001,2026-07-23,1539.68,Debit,ATM,ATM Withdrawal,Debit Card,Delhi
T00000039,C100000,A200001,2026-04-07,693.51,Debit,Investment,SIP Auto-debit,UPI,Delhi
T00000040,C100000,A200001,2026-05-31,743.6,Debit,Shopping,Flipkart,NEFT,Delhi
T00000041,C100000,A200001,2026-03-03,719.73,Debit,ATM,ATM Withdrawal,Net Banking,Delhi
T00000042,C100000,A200001,2026-03-07,564.2,Debit,Fuel,Indian Oil,NEFT,Delhi
T00000043,C100000,A200001,2026-05-23,819.45,Debit,Shopping,Local Store,Net Banking,Delhi
T00000044,C100000,A200001,2026-07-27,95.59,Debit,Shopping,Amazon,Credit Card,Delhi
T00000045,C100000,A200001,2026-04-28,20.0,Debit,Shopping,Local Store,Net Banking,Delhi
T00000046,C100000,A200001,2026-05-17,24.2,Debit,Fuel,Indian Oil,Credit Card,Delhi
T00000047,C100000,A200001,2026-02-11,710.51,Debit,Investment,Groww,NEFT,Delhi
T00000048,C100000,A200001,2026-07-31,1436.46,Debit,Other,Misc Merchant,Cash,Delhi
T00000049,C100000,A200001,2026-06-04,20.0,Debit,Shopping,Flipkart,Debit Card,Delhi
T00000050,C100000,A200001,2026-03-07,755.8,Debit,Shopping,Myntra,NEFT,Delhi
T00000051,C100000,A200001,2026-04-03,975.78,Debit,ATM,ATM Withdrawal,Debit Card,Delhi
T00000052,C100000,A200001,2026-02-22,1475.21,Debit,Fuel,HP Petrol Pump,UPI,Delhi
T00000053,C100000,A200001,2026-06-16,90.76,Debit,ATM,ATM Withdrawal,Credit Card,Delhi
T00000054,C100000,A200001,2026-02-08,145.19,Debit,Shopping,Myntra,NEFT,Delhi
T00000055,C100000,A200001,2026-05-17,106.53,Debit,Shopping,Flipkart,Credit Card,Delhi
T00000056,C100000,A200001,2026-02-17,640.01,Debit,Food,Cafe Coffee Day,Cash,Delhi
T00000057,C100000,A200001,2026-02-25,1063.75,Debit,Shopping,Myntra,Credit Card,Delhi
T00000058,C100000,A200001,2026-06-05,264.47,Debit,Transfer,P2P Transfer,Credit Card,Delhi
T00000059,C100000,A200001,2026-06-07,453.27,Debit,Rent,Landlord Transfer,Cash,Delhi
T00000060,C100000,A200001,2026-06-18,201.13,Debit,ATM,ATM Withdrawal,UPI,Delhi
T00000061,C100000,A200001,2026-05-10,663.36,Debit,Food,Swiggy,Net Banking,Delhi
T00000062,C100000,A200001,2026-07-11,4055.67,Debit,Transfer,P2P Transfer,Net Banking,Delhi
T00000063,C100000,A200001,2026-04-15,1520.04,Debit,Investment,SIP Auto-debit,Cash,Delhi
T00000064,C100000,A200001,2026-03-21,1031.76,Debit,ATM,ATM Withdrawal,Credit Card,Delhi
T00000065,C100000,A200001,2026-07-26,71.54,Debit,Shopping,Amazon,NEFT,Delhi
T00000066,C100000,A200001,2026-04-16,384.91,Debit,Bills,Water Dept,Credit Card,Delhi
T00000067,C100000,A200001,2026-06-13,86.02,Debit,Fuel,Indian Oil,Net Banking,Delhi
T00000068,C100000,A200001,2026-05-15,751.16,Debit,ATM,ATM Withdrawal,Cash,Delhi
T00000069,C100000,A200001,2026-04-02,1030.25,Debit,ATM,ATM Withdrawal,UPI,Delhi
T00000070,C100000,A200001,2026-05-17,31.48,Debit,Bills,Jio,NEFT,Delhi
T00000071,C100000,A200001,2026-02-08,106.07,Debit,Healthcare,1mg,NEFT,Delhi
T00000072,C100000,A200001,2026-07-06,331.41,Debit,Investment,SIP Auto-debit,NEFT,Delhi
T00000073,C100000,A200001,2026-07-18,1430.34,Debit,Shopping,Flipkart,UPI,Delhi
T00000074,C100000,A200001,2026-04-16,550.88,Debit,Bills,Electricity Board,Debit Card,Delhi
T00000075,C100000,A200001,2026-07-20,333.76,Debit,Entertainment,Netflix,UPI,Delhi
T00000076,C100000,A200001,2026-05-27,68.61,Debit,Shopping,Flipkart,Net Banking,Delhi
T00000077,C100000,A200001,2026-06-25,421.92,Debit,Investment,Groww,Cash,Delhi
T00000078,C100000,A200001,2026-07-04,811.55,Debit,Entertainment,Netflix,UPI,Delhi
T00000079,C100000,A200001,2026-03-07,229.25,Debit,Shopping,Amazon,NEFT,Delhi
T00000080,C100000,A200001,2026-05-19,406.31,Debit,Travel,MakeMyTrip,Cash,Delhi
T00000081,C100000,A200001,2026-03-07,181.68,Debit,Transfer,P2P Transfer,Cash,Delhi
T00000082,C100000,A200001,2026-07-19,570.06,Debit,ATM,ATM Withdrawal,Debit Card,Delhi
T00000083,C100000,A200001,2026-04-22,1502.56,Debit,Shopping,Myntra,Credit Card,Delhi
T00000084,C100000,A200001,2026-07-14,28.54,Debit,ATM,ATM Withdrawal,Debit Card,Delhi
T00000085,C100000,A200001,2026-03-01,2472.75,Debit,Food,Swiggy,UPI,Delhi
T00000086,C100000,A200001,2026-07-21,416.8,Debit,Shopping,Myntra,Net Banking,Delhi
T00000087,C100000,A200001,2026-03-13,212.9,Debit,ATM,ATM Withdrawal,Credit Card,Delhi
T00000088,C100000,A200001,2026-04-17,156.01,Debit,ATM,ATM Withdrawal,NEFT,Delhi
T00000089,C100000,A200001,2026-05-12,890.7,Debit,Investment,Groww,Credit Card,Delhi
T00000090,C100000,A200001,2026-07-18,1229.21,Debit,Healthcare,Apollo Pharmacy,Debit Card,Delhi
T00000091,C100000,A200001,2026-03-10,182.28,Debit,Investment,SIP Auto-debit,Cash,Delhi
T00000092,C100000,A200001,2026-05-10,1074.45,Debit,Investment,Groww,Credit Card,Delhi
T00000093,C100000,A200001,2026-03-04,120.82,Debit,Food,Cafe Coffee Day,Cash,Delhi
T00000094,C100000,A200001,2026-06-05,410.94,Debit,Investment,SIP Auto-debit,Credit Card,Delhi
T00000095,C100000,A200001,2026-02-22,391.16,Debit,Investment,SIP Auto-debit,UPI,Delhi
T00000096,C100000,A200001,2026-02-18,613.42,Debit,Fuel,Indian Oil,UPI,Delhi
T00000097,C100000,A200001,2026-07-28,1151.98,Debit,Investment,Groww,UPI,Delhi
T00000098,C100000,A200001,2026-03-10,491.35,Debit,Investment,Groww,Credit Card,Delhi
T00000099,C100000,A200001,2026-03-23,770.12,Debit,Education,Coursera,Net Banking,Delhi
T00000100,C100000,A200001,2026-07-31,980.47,Debit,Bills,Airtel,Net Banking,Delhi
T00000101,C100000,A200001,2026-04-03,240.46,Debit,Fuel,HP Petrol Pump,Net Banking,Delhi
T00000102,C100000,A200001,2026-05-11,155.76,Debit,Entertainment,Netflix,Debit Card,Delhi
T00000103,C100000,A200001,2026-06-17,885.1,Debit,Food,Cafe Coffee Day,Cash,Delhi
T00000104,C100000,A200001,2026-07-23,356.51,Debit,Entertainment,Netflix,NEFT,Delhi
T00000105,C100000,A200001,2026-06-16,1753.8,Debit,Fuel,Indian Oil,Debit Card,Delhi
T00000106,C100000,A200001,2026-07-04,549.14,Debit,Transfer,P2P Transfer,NEFT,Delhi
T00000107,C100000,A200001,2026-02-26,88.31,Debit,ATM,ATM Withdrawal,Cash,Delhi
T00000108,C100000,A200001,2026-04-01,819.65,Debit,Transfer,P2P Transfer,Cash,Delhi
T00000109,C100000,A200001,2026-02-18,247.09,Debit,Rent,Landlord Transfer,Net Banking,Delhi
T00000110,C100000,A200001,2026-02-14,769.56,Debit,Fuel,Indian Oil,Net Banking,Delhi
T00000111,C100000,A200001,2026-04-18,506.98,Debit,Investment,Zerodha,Debit Card,Delhi
T00000112,C100000,A200001,2026-04-10,1615.33,Debit,ATM,ATM Withdrawal,Debit Card,Delhi
T00000113,C100000,A200001,2026-06-03,2003.24,Debit,ATM,ATM Withdrawal,Cash,Delhi
T00000114,C100000,A200001,2026-04-23,118.26,Debit,Shopping,Myntra,UPI,Delhi
T00000115,C100000,A200001,2026-04-14,469.06,Debit,Transfer,P2P Transfer,UPI,Delhi
T00000116,C100000,A200001,2026-05-22,204.28,Debit,Transfer,P2P Transfer,NEFT,Delhi
T00000117,C100000,A200001,2026-06-16,166.35,Debit,Shopping,Local Store,Net Banking,Delhi
T00000118,C100000,A200001,2026-07-16,509.52,Debit,Entertainment,Netflix,Cash,Delhi
T00000119,C100000,A200001,2026-07-01,405.85,Debit,Education,College Fee,Credit Card,Delhi
T00000120,C100000,A200001,2026-02-20,54.0,Debit,Education,College Fee,Net Banking,Delhi
T00000121,C100000,A200001,2026-03-30,168.01,Debit,Transfer,P2P Transfer,Debit Card,Delhi
T00000122,C100000,A200001,2026-07-30,203.79,Debit,Shopping,Amazon,Cash,Delhi
T00000123,C100000,A200001,2026-07-04,145.92,Debit,Fuel,Indian Oil,NEFT,Delhi
T00000124,C100000,A200001,2026-03-04,350.17,Debit,Fuel,HP Petrol Pump,Credit Card,Delhi
T00000125,C100000,A200001,2026-06-08,758.6,Debit,Entertainment,Spotify,Net Banking,Delhi
T00000126,C100000,A200001,2026-06-16,165.39,Debit,Shopping,Local Store,Net Banking,Delhi
T00000127,C100000,A200001,2026-07-15,1605.15,Debit,Shopping,Local Store,Cash,Delhi
T00000128,C100000,A200001,2026-03-25,341.4,Debit,Shopping,Myntra,UPI,Delhi
T00000129,C100000,A200001,2026-05-18,1314.25,Debit,Fuel,Indian Oil,NEFT,Delhi
T00000130,C100000,A200001,2026-02-06,293.36,Debit,ATM,ATM Withdrawal,NEFT,Delhi
T00000131,C100000,A200001,2026-03-04,836.98,Debit,Shopping,Myntra,Cash,Delhi
T00000132,C100000,A200001,2026-06-15,204.39,Debit,Shopping,Myntra,NEFT,Delhi
T00000133,C100000,A200001,2026-07-29,1355.26,Debit,Shopping,Flipkart,Net Banking,Delhi
T00000134,C100000,A200001,2026-02-15,429.04,Debit,Entertainment,Netflix,Debit Card,Delhi
T00000135,C100000,A200001,2026-02-08,61.33,Debit,Transfer,P2P Transfer,Net Banking,Delhi
T00000136,C100000,A200001,2026-06-25,871.96,Debit,Investment,SIP Auto-debit,Debit Card,Delhi
T00000137,C100000,A200001,2026-03-13,413.85,Debit,Investment,Groww,Net Banking,Delhi
T00000138,C100000,A200001,2026-04-18,1692.84,Debit,ATM,ATM Withdrawal,Net Banking,Delhi
T00000139,C100000,A200001,2026-05-23,367.97,Debit,Fuel,HP Petrol Pump,Cash,Delhi
T00000140,C100000,A200001,2026-04-16,114.47,Debit,ATM,ATM Withdrawal,Cash,Delhi
T00000141,C100000,A200001,2026-05-27,3859.13,Debit,Investment,Zerodha,Cash,Delhi
T00000142,C100000,A200001,2026-07-24,633.0,Debit,Investment,SIP Auto-debit,NEFT,Delhi
T00000143,C100000,A200001,2026-04-21,2451.74,Debit,Travel,Ola,NEFT,Delhi
T00000144,C100000,A200001,2026-07-28,445.4,Debit,Investment,SIP Auto-debit,Credit Card,Delhi
T00000145,C100000,A200001,2026-05-28,201.11,Debit,Shopping,Amazon,Net Banking,Delhi
T00000146,C100000,A200001,2026-03-20,338.4,Debit,ATM,ATM Withdrawal,NEFT,Delhi
T00000147,C100000,A200001,2026-02-24,811.37,Debit,Entertainment,BookMyShow,Credit Card,Delhi
T00000148,C100000,A200001,2026-07-12,682.04,Debit,Bills,Electricity Board,Net Banking,Delhi
T00000149,C100000,A200001,2026-04-22,45.4,Debit,ATM,ATM Withdrawal,UPI,Delhi
T00000150,C100000,A200001,2026-05-12,575.41,Debit,Investment,SIP Auto-debit,Debit Card,Delhi
T00000151,C100000,A200001,2026-07-03,73.2,Debit,ATM,ATM Withdrawal,NEFT,Delhi
T00000152,C100000,A200001,2026-05-25,92.61,Debit,Entertainment,PVR,Credit Card,Delhi
T00000153,C100000,A200001,2026-02-14,3878.32,Debit,Education,Coursera,UPI,Delhi
T00000154,C100000,A200001,2026-05-09,200.27,Debit,Transfer,P2P Transfer,Credit Card,Delhi
T00000155,C100000,A200001,2026-03-30,310.31,Debit,ATM,ATM Withdrawal,Debit Card,Delhi
T00000156,C100000,A200001,2026-04-15,772.24,Debit,Transfer,P2P Transfer,Credit Card,Delhi
T00000157,C100000,A200001,2026-02-25,204.74,Debit,Shopping,Local Store,Debit Card,Delhi
T00000158,C100000,A200001,2026-02-07,317.32,Debit,Investment,SIP Auto-debit,UPI,Delhi
T00000159,C100000,A200001,2026-07-01,234.68,Debit,Fuel,HP Petrol Pump,Net Banking,Delhi
T00000160,C100000,A200001,2026-07-04,84.89,Debit,Entertainment,BookMyShow,Cash,Delhi
T00000161,C100000,A200001,2026-02-27,1542.59,Debit,Fuel,HP Petrol Pump,Cash,Delhi
T00000162,C100000,A200001,2026-07-29,42.11,Debit,Shopping,Flipkart,Debit Card,Delhi
T00000163,C100000,A200001,2026-05-27,1513.67,Debit,ATM,ATM Withdrawal,Net Banking,Delhi
T00000164,C100000,A200001,2026-02-20,4414.11,Debit,Investment,Zerodha,Debit Card,Delhi
T00000165,C100000,A200001,2026-04-18,1623.05,Debit,Entertainment,Spotify,NEFT,Delhi
T00000166,C100000,A200001,2026-04-04,158.53,Debit,Entertainment,Spotify,Cash,Delhi
T00000167,C100000,A200001,2026-06-30,2415.86,Debit,Other,Misc Merchant,Cash,Delhi
T00000168,C100000,A200001,2026-04-06,495.95,Debit,Bills,Water Dept,UPI,Delhi
T00000169,C100000,A200001,2026-02-13,26.15,Debit,Fuel,Indian Oil,Net Banking,Delhi
T00000170,C100000,A200001,2026-05-14,443.63,Debit,Food,Swiggy,Credit Card,Delhi
T00000171,C100000,A200001,2026-07-18,523.12,Debit,Rent,Landlord Transfer,Debit Card,Delhi
T00000172,C100000,A200001,2026-05-04,2023.29,Debit,Rent,Landlord Transfer,Credit Card,Delhi
T00000173,C100000,A200001,2026-07-14,271.05,Debit,Fuel,HP Petrol Pump,Debit Card,Delhi
T00000174,C100000,A200001,2026-04-09,779.05,Debit,ATM,ATM Withdrawal,UPI,Delhi
T00000175,C100000,A200001,2026-03-21,1436.49,Debit,Fuel,Indian Oil,NEFT,Delhi
T00000176,C100000,A200001,2026-03-03,657.93,Debit,Investment,SIP Auto-debit,Credit Card,Delhi
T00000177,C100000,A200001,2026-02-13,637.53,Debit,Shopping,Flipkart,UPI,Delhi
T00000178,C100000,A200001,2026-04-04,1607.83,Debit,Shopping,Local Store,UPI,Delhi
T00000179,C100000,A200001,2026-03-04,1177.27,Debit,ATM,ATM Withdrawal,Net Banking,Delhi
T00000180,C100000,A200001,2026-07-05,305.75,Debit,Bills,Electricity Board,Credit Card,Delhi
T00000181,C100000,A200001,2026-06-11,1671.89,Debit,Transfer,P2P Transfer,Credit Card,Delhi
T00000182,C100000,A200001,2026-02-07,657.76,Debit,Bills,Water Dept,UPI,Delhi
T00000183,C100000,A200001,2026-05-31,241.47,Debit,Education,Coursera,Cash,Delhi
T00000184,C100000,A200001,2026-02-18,96.91,Debit,Shopping,Flipkart,Net Banking,Delhi
T00000185,C100000,A200001,2026-05-19,1202.02,Debit,Shopping,Amazon,Cash,Delhi
T00000186,C100000,A200001,2026-07-05,166.14,Debit,Education,Coursera,NEFT,Delhi
T00000187,C100000,A200001,2026-04-15,218.95,Debit,ATM,ATM Withdrawal,Debit Card,Delhi
T00000188,C100000,A200001,2026-07-02,1192.08,Debit,Food,Local Restaurant,NEFT,Delhi
T00000189,C100000,A200001,2026-06-26,564.74,Debit,Shopping,Local Store,Cash,Delhi
T00000190,C100000,A200001,2026-07-02,922.37,Debit,Investment,Zerodha,Debit Card,Delhi
T00000191,C100000,A200001,2026-05-06,442.28,Debit,Education,College Fee,NEFT,Delhi
T00000192,C100000,A200001,2026-04-05,1022.33,Debit,Education,Coursera,Credit Card,Delhi
T00000193,C100000,A200001,2026-05-06,20.0,Debit,Shopping,Amazon,Cash,Delhi
T00000194,C100000,A200001,2026-04-08,406.76,Debit,Entertainment,Netflix,NEFT,Delhi
T00000195,C100000,A200001,2026-07-04,255.19,Debit,Food,Cafe Coffee Day,Credit Card,Delhi
T00000196,C100000,A200001,2026-03-04,33.28,Debit,Shopping,Local Store,NEFT,Delhi
T00000197,C100000,A200001,2026-05-21,736.88,Debit,Investment,Groww,UPI,Delhi
T00000198,C100000,A200001,2026-03-17,21.93,Debit,Transfer,P2P Transfer,NEFT,Delhi
T00000199,C100000,A200001,2026-02-28,587.74,Debit,ATM,ATM Withdrawal,UPI,Delhi
T00000200,C100000,A200001,2026-07-25,732.01,Debit,Education,Udemy,Cash,Delhi
T00000201,C100000,A200001,2026-06-28,260.16,Debit,Entertainment,PVR,Cash,Delhi
T00000202,C100000,A200001,2026-06-30,976.82,Debit,Bills,Jio,Net Banking,Delhi
T00000203,C100000,A200001,2026-04-06,331.52,Debit,Shopping,Flipkart,Cash,Delhi
T00000204,C100000,A200001,2026-06-29,20.0,Debit,ATM,ATM Withdrawal,Credit Card,Delhi
T00000205,C100000,A200001,2026-05-19,156.55,Debit,Healthcare,1mg,Cash,Delhi
T00000206,C100000,A200001,2026-06-02,1602.03,Debit,Shopping,Myntra,Net Banking,Delhi
T00000207,C100000,A200001,2026-05-04,818.07,Debit,Transfer,P2P Transfer,Debit Card,Delhi
T00000208,C100000,A200001,2026-06-13,1087.83,Debit,Shopping,Flipkart,UPI,Delhi
T00000209,C100000,A200001,2026-06-29,762.04,Debit,ATM,ATM Withdrawal,NEFT,Delhi
T00000210,C100000,A200001,2026-03-17,196.69,Debit,Other,Misc Merchant,UPI,Delhi
T00000211,C100000,A200001,2026-08-01,19204.31,Credit,Salary,Employer,NEFT,Delhi
T00000212,C100000,A200001,2026-07-01,20019.4,Credit,Salary,Employer,NEFT,Delhi
T00000213,C100000,A200001,2026-06-01,19745.41,Credit,Salary,Employer,NEFT,Delhi
T00000214,C100000,A200001,2026-05-03,19245.28,Credit,Salary,Employer,NEFT,Delhi
T00000215,C100000,A200001,2026-04-02,19415.61,Credit,Salary,Employer,NEFT,Delhi
T00000216,C100000,A200001,2026-03-02,19479.26,Credit,Salary,Employer,NEFT,Delhi
T00000217,C100001,A200002,2026-05-04,2538.28,Debit,Bills,Electricity Board,Credit Card,Chennai
T00000218,C100001,A200002,2026-06-09,1992.72,Debit,Bills,Airtel,Net Banking,Chennai
T00000219,C100001,A200002,2026-02-19,697.64,Debit,Transfer,P2P Transfer,Cash,Chennai
T00000220,C100001,A200002,2026-03-05,78.75,Debit,Rent,Landlord Transfer,UPI,Chennai
T00000221,C100001,A200002,2026-03-25,768.44,Debit,Bills,Jio,UPI,Chennai
T00000222,C100001,A200002,2026-02-20,2811.72,Debit,Education,College Fee,Debit Card,Chennai
T00000223,C100001,A200002,2026-02-20,392.13,Debit,Bills,Water Dept,Debit Card,Chennai
T00000224,C100001,A200002,2026-07-05,2325.29,Debit,Bills,Jio,Debit Card,Chennai
T00000225,C100001,A200002,2026-04-01,267.6,Debit,Healthcare,1mg,NEFT,Chennai
T00000226,C100001,A200002,2026-04-14,1301.24,Debit,Bills,Airtel,NEFT,Chennai
T00000227,C100001,A200002,2026-05-01,928.69,Debit,Bills,Airtel,Net Banking,Chennai
T00000228,C100001,A200002,2026-05-24,1929.13,Debit,Food,Local Restaurant,Net Banking,Chennai
T00000229,C100001,A200002,2026-02-07,234.21,Debit,Education,College Fee,Cash,Chennai
T00000230,C100001,A200002,2026-07-10,225.94,Debit,Investment,Groww,NEFT,Chennai
T00000231,C100001,A200002,2026-08-01,2035.48,Debit,Transfer,P2P Transfer,NEFT,Chennai
T00000232,C100001,A200002,2026-05-29,133.89,Debit,Transfer,P2P Transfer,Net Banking,Chennai
T00000233,C100001,A200002,2026-06-04,661.01,Debit,Transfer,P2P Transfer,Cash,Chennai
T00000234,C100001,A200002,2026-02-11,4958.86,Debit,Fuel,HP Petrol Pump,Debit Card,Chennai
T00000235,C100001,A200002,2026-07-30,882.56,Debit,Bills,Water Dept,NEFT,Chennai
T00000236,C100001,A200002,2026-06-06,873.45,Debit,Bills,Airtel,NEFT,Chennai
T00000237,C100001,A200002,2026-02-24,479.22,Debit,Bills,Electricity Board,Net Banking,Chennai
T00000238,C100001,A200002,2026-07-17,20.0,Debit,Bills,Water Dept,Net Banking,Chennai
T00000239,C100001,A200002,2026-04-02,2161.96,Debit,Bills,Electricity Board,UPI,Chennai
T00000240,C100001,A200002,2026-06-18,1980.24,Debit,Bills,Electricity Board,Cash,Chennai
T00000241,C100001,A200002,2026-06-05,1457.55,Debit,Education,College Fee,Debit Card,Chennai
T00000242,C100001,A200002,2026-02-26,5223.99,Debit,Transfer,P2P Transfer,Debit Card,Chennai
T00000243,C100001,A200002,2026-04-24,1719.39,Debit,Investment,SIP Auto-debit,NEFT,Chennai
T00000244,C100001,A200002,2026-02-20,477.39,Debit,Other,Misc Merchant,Net Banking,Chennai
T00000245,C100001,A200002,2026-03-13,20.0,Debit,Fuel,Indian Oil,Net Banking,Chennai
T00000246,C100001,A200002,2026-06-18,60.66,Debit,Other,Misc Merchant,NEFT,Chennai
T00000247,C100001,A200002,2026-04-17,492.41,Debit,Other,Misc Merchant,UPI,Chennai
T00000248,C100001,A200002,2026-04-14,1550.65,Debit,Food,Zomato,NEFT,Chennai
T00000249,C100001,A200002,2026-02-27,2025.36,Debit,Bills,Water Dept,Credit Card,Chennai
T00000250,C100001,A200002,2026-02-08,2962.47,Debit,Shopping,Local Store,Credit Card,Chennai
T00000251,C100001,A200002,2026-06-22,894.12,Debit,Transfer,P2P Transfer,Cash,Chennai
T00000252,C100001,A200002,2026-06-10,147.79,Debit,Rent,Landlord Transfer,Debit Card,Chennai
T00000253,C100001,A200002,2026-07-21,151.04,Debit,Education,Coursera,Cash,Chennai
T00000254,C100001,A200002,2026-06-27,874.11,Debit,Other,Misc Merchant,NEFT,Chennai
T00000255,C100001,A200002,2026-03-24,613.06,Debit,Rent,Landlord Transfer,NEFT,Chennai
T00000256,C100001,A200002,2026-05-19,724.05,Debit,Other,Misc Merchant,Credit Card,Chennai
T00000257,C100001,A200002,2026-03-26,1904.35,Debit,Other,Misc Merchant,UPI,Chennai
T00000258,C100001,A200002,2026-04-25,718.61,Debit,Bills,Jio,Net Banking,Chennai
T00000259,C100001,A200002,2026-04-07,269.1,Debit,Other,Misc Merchant,Net Banking,Chennai
T00000260,C100001,A200002,2026-05-30,108.63,Debit,Transfer,P2P Transfer,Debit Card,Chennai
T00000261,C100001,A200002,2026-04-18,3480.86,Debit,Bills,Electricity Board,UPI,Chennai
T00000262,C100001,A200002,2026-02-22,2161.06,Debit,Investment,Groww,UPI,Chennai
T00000263,C100001,A200002,2026-05-16,2204.98,Debit,Other,Misc Merchant,NEFT,Chennai
T00000264,C100001,A200002,2026-02-06,8014.94,Debit,Bills,Jio,NEFT,Chennai
T00000265,C100001,A200002,2026-03-25,1096.41,Debit,Other,Misc Merchant,Net Banking,Chennai
T00000266,C100001,A200002,2026-06-08,320.39,Debit,Other,Misc Merchant,Debit Card,Chennai
T00000267,C100001,A200002,2026-03-28,475.1,Debit,Transfer,P2P Transfer,Credit Card,Chennai
T00000268,C100001,A200002,2026-06-17,78.61,Debit,Bills,Jio,Debit Card,Chennai
T00000269,C100001,A200002,2026-04-11,1144.21,Debit,Bills,Electricity Board,NEFT,Chennai
T00000270,C100001,A200002,2026-03-06,1468.54,Debit,Food,Local Restaurant,UPI,Chennai
T00000271,C100001,A200002,2026-06-24,1844.02,Debit,Entertainment,Netflix,Net Banking,Chennai
T00000272,C100001,A200002,2026-03-03,1573.1,Debit,Food,Swiggy,NEFT,Chennai
T00000273,C100001,A200002,2026-07-01,3828.68,Debit,Other,Misc Merchant,Net Banking,Chennai
T00000274,C100001,A200002,2026-07-29,3786.65,Debit,Fuel,HP Petrol Pump,UPI,Chennai
T00000275,C100001,A200002,2026-06-05,20.0,Debit,Education,Coursera,Net Banking,Chennai
T00000276,C100001,A200002,2026-04-27,362.43,Debit,Fuel,Indian Oil,Cash,Chennai
T00000277,C100001,A200002,2026-04-12,2053.76,Debit,Education,College Fee,Credit Card,Chennai
T00000278,C100001,A200002,2026-02-16,270.97,Debit,Other,Misc Merchant,Cash,Chennai
T00000279,C100001,A200002,2026-02-06,172.29,Debit,Investment,Groww,Credit Card,Chennai
T00000280,C100001,A200002,2026-02-07,2154.72,Debit,Bills,Water Dept,NEFT,Chennai
T00000281,C100001,A200002,2026-04-22,1375.11,Debit,Rent,Landlord Transfer,NEFT,Chennai
T00000282,C100001,A200002,2026-07-03,3555.88,Debit,Bills,Water Dept,Debit Card,Chennai
T00000283,C100001,A200002,2026-07-04,214.26,Debit,Rent,Landlord Transfer,Cash,Chennai
T00000284,C100001,A200002,2026-02-08,315.09,Debit,Entertainment,BookMyShow,Cash,Chennai
T00000285,C100001,A200002,2026-05-04,1024.06,Debit,Bills,Water Dept,NEFT,Chennai
T00000286,C100001,A200002,2026-02-04,909.5,Debit,Bills,Jio,Net Banking,Chennai
T00000287,C100001,A200002,2026-05-10,1609.43,Debit,Transfer,P2P Transfer,Cash,Chennai
T00000288,C100001,A200002,2026-04-14,562.88,Debit,Entertainment,PVR,Cash,Chennai
T00000289,C100001,A200002,2026-02-05,521.21,Debit,Bills,Jio,Credit Card,Chennai
T00000290,C100001,A200002,2026-07-02,613.7,Debit,Investment,Groww,Net Banking,Chennai
T00000291,C100001,A200002,2026-07-02,3140.29,Debit,Rent,Landlord Transfer,Credit Card,Chennai
T00000292,C100001,A200002,2026-02-21,896.15,Debit,Bills,Electricity Board,Credit Card,Chennai
T00000293,C100001,A200002,2026-06-11,101.29,Debit,Transfer,P2P Transfer,Debit Card,Chennai
T00000294,C100001,A200002,2026-04-13,980.28,Debit,Food,Cafe Coffee Day,Credit Card,Chennai
T00000295,C100001,A200002,2026-03-07,1387.46,Debit,Bills,Airtel,Debit Card,Chennai
T00000296,C100001,A200002,2026-05-31,640.85,Debit,Bills,Electricity Board,NEFT,Chennai
T00000297,C100001,A200002,2026-03-22,157.41,Debit,Bills,Electricity Board,NEFT,Chennai
T00000298,C100001,A200002,2026-03-09,170.23,Debit,Bills,Airtel,Net Banking,Chennai
T00000299,C100001,A200002,2026-07-22,667.32,Debit,Rent,Landlord Transfer,UPI,Chennai
T00000300,C100001,A200002,2026-04-16,1152.55,Debit,Bills,Electricity Board,Net Banking,Chennai
T00000301,C100001,A200002,2026-05-09,2041.63,Debit,Food,Cafe Coffee Day,Cash,Chennai
T00000302,C100001,A200002,2026-07-21,862.27,Debit,Bills,Water Dept,UPI,Chennai
T00000303,C100001,A200002,2026-04-19,650.92,Debit,Bills,Electricity Board,NEFT,Chennai
T00000304,C100001,A200002,2026-07-22,2649.45,Debit,Other,Misc Merchant,Cash,Chennai
T00000305,C100001,A200002,2026-06-28,1653.35,Debit,Transfer,P2P Transfer,NEFT,Chennai
T00000306,C100001,A200002,2026-03-18,2821.03,Debit,Transfer,P2P Transfer,Cash,Chennai
T00000307,C100001,A200002,2026-08-01,911.59,Debit,Bills,Airtel,Net Banking,Chennai
T00000308,C100001,A200002,2026-03-15,1993.15,Debit,Transfer,P2P Transfer,Net Banking,Chennai
T00000309,C100001,A200002,2026-04-24,296.95,Debit,Bills,Water Dept,NEFT,Chennai
T00000310,C100001,A200002,2026-07-24,7562.68,Debit,Fuel,HP Petrol Pump,NEFT,Chennai
T00000311,C100001,A200002,2026-06-15,2448.3,Debit,Bills,Electricity Board,Cash,Chennai
T00000312,C100001,A200002,2026-05-12,391.48,Debit,Bills,Airtel,UPI,Chennai
T00000313,C100001,A200002,2026-05-03,5097.33,Debit,Food,Swiggy,Net Banking,Chennai
T00000314,C100001,A200002,2026-04-25,619.95,Debit,Other,Misc Merchant,UPI,Chennai
T00000315,C100001,A200002,2026-05-24,1344.86,Debit,Rent,Landlord Transfer,UPI,Chennai
T00000316,C100001,A200002,2026-07-19,1602.17,Debit,Bills,Electricity Board,Credit Card,Chennai
T00000317,C100001,A200002,2026-03-28,1178.78,Debit,Bills,Airtel,Debit Card,Chennai
T00000318,C100001,A200002,2026-03-22,926.42,Debit,Rent,Landlord Transfer,Cash,Chennai
T00000319,C100001,A200002,2026-03-02,597.52,Debit,Other,Misc Merchant,Net Banking,Chennai
T00000320,C100001,A200002,2026-05-28,779.57,Debit,Education,College Fee,NEFT,Chennai
T00000321,C100001,A200002,2026-04-05,352.6,Debit,Bills,Electricity Board,Debit Card,Chennai
T00000322,C100001,A200002,2026-04-22,1334.95,Debit,Transfer,P2P Transfer,Cash,Chennai
T00000323,C100001,A200002,2026-02-17,155.87,Debit,Rent,Landlord Transfer,NEFT,Chennai
T00000324,C100001,A200002,2026-05-15,2544.07,Debit,Other,Misc Merchant,Net Banking,Chennai
T00000325,C100001,A200002,2026-07-24,1517.09,Debit,Bills,Water Dept,Net Banking,Chennai
T00000326,C100001,A200002,2026-04-14,5660.5,Debit,Other,Misc Merchant,NEFT,Chennai
T00000327,C100001,A200002,2026-02-25,768.7,Debit,Education,Udemy,Debit Card,Chennai
T00000328,C100001,A200002,2026-04-19,61.9,Debit,Investment,Zerodha,NEFT,Chennai
T00000329,C100001,A200002,2026-06-20,97.94,Debit,Bills,Jio,UPI,Chennai
T00000330,C100001,A200002,2026-05-06,3110.83,Debit,Education,College Fee,UPI,Chennai
T00000331,C100001,A200002,2026-04-09,2116.73,Debit,Food,Cafe Coffee Day,Net Banking,Chennai
T00000332,C100001,A200002,2026-02-15,1888.65,Debit,Investment,Groww,Credit Card,Chennai
T00000333,C100001,A200002,2026-06-18,2537.62,Debit,Education,College Fee,Debit Card,Chennai
T00000334,C100001,A200002,2026-02-11,513.74,Debit,Bills,Airtel,Net Banking,Chennai
T00000335,C100001,A200002,2026-07-15,1595.83,Debit,Bills,Jio,Net Banking,Chennai
T00000336,C100001,A200002,2026-06-16,1347.6,Debit,ATM,ATM Withdrawal,Credit Card,Chennai
T00000337,C100001,A200002,2026-04-02,98.72,Debit,Bills,Water Dept,Credit Card,Chennai
T00000338,C100001,A200002,2026-03-24,68.77,Debit,Entertainment,Netflix,NEFT,Chennai
T00000339,C100001,A200002,2026-05-21,428.09,Debit,Rent,Landlord Transfer,UPI,Chennai
T00000340,C100001,A200002,2026-07-26,1086.72,Debit,Education,Coursera,Cash,Chennai
T00000341,C100001,A200002,2026-05-23,2171.97,Debit,Rent,Landlord Transfer,UPI,Chennai
T00000342,C100001,A200002,2026-04-06,20.84,Debit,Other,Misc Merchant,Cash,Chennai
T00000343,C100001,A200002,2026-05-11,2885.75,Debit,Bills,Water Dept,Debit Card,Chennai
T00000344,C100001,A200002,2026-04-02,269.97,Debit,Bills,Electricity Board,Credit Card,Chennai
T00000345,C100001,A200002,2026-03-15,191.89,Debit,Transfer,P2P Transfer,Credit Card,Chennai
T00000346,C100001,A200002,2026-05-22,1930.04,Debit,Bills,Water Dept,NEFT,Chennai
T00000347,C100001,A200002,2026-04-13,1032.8,Debit,Investment,SIP Auto-debit,UPI,Chennai
T00000348,C100001,A200002,2026-02-18,5817.23,Debit,Bills,Water Dept,Net Banking,Chennai
T00000349,C100001,A200002,2026-04-14,2124.47,Debit,Bills,Electricity Board,UPI,Chennai
T00000350,C100001,A200002,2026-05-01,2901.48,Debit,Fuel,Indian Oil,NEFT,Chennai
T00000351,C100001,A200002,2026-02-18,907.64,Debit,Bills,Electricity Board,NEFT,Chennai
T00000352,C100001,A200002,2026-05-28,946.59,Debit,Bills,Jio,Debit Card,Chennai
T00000353,C100001,A200002,2026-05-11,1581.41,Debit,Other,Misc Merchant,UPI,Chennai
T00000354,C100001,A200002,2026-04-02,3659.46,Debit,Bills,Electricity Board,Credit Card,Chennai
T00000355,C100001,A200002,2026-04-05,843.48,Debit,Transfer,P2P Transfer,Debit Card,Chennai
T00000356,C100001,A200002,2026-02-14,20.0,Debit,Bills,Water Dept,Cash,Chennai
T00000357,C100001,A200002,2026-03-07,190.54,Debit,Rent,Landlord Transfer,Cash,Chennai
T00000358,C100001,A200002,2026-07-24,77.38,Debit,Education,Udemy,Debit Card,Chennai
T00000359,C100001,A200002,2026-06-26,1332.47,Debit,Transfer,P2P Transfer,Debit Card,Chennai
T00000360,C100001,A200002,2026-05-22,2117.55,Debit,Fuel,HP Petrol Pump,Debit Card,Chennai
T00000361,C100001,A200002,2026-04-26,7416.55,Debit,Other,Misc Merchant,NEFT,Chennai
T00000362,C100001,A200002,2026-06-19,1933.92,Debit,Rent,Landlord Transfer,Debit Card,Chennai
T00000363,C100001,A200002,2026-06-11,693.54,Debit,Entertainment,Spotify,UPI,Chennai
T00000364,C100001,A200002,2026-06-09,957.51,Debit,Bills,Electricity Board,Net Banking,Chennai
T00000365,C100001,A200002,2026-03-08,3149.49,Debit,Bills,Jio,Cash,Chennai
T00000366,C100001,A200002,2026-03-24,4896.04,Debit,Food,Zomato,Net Banking,Chennai
T00000367,C100001,A200002,2026-07-31,116088.06,Credit,Salary,Employer,NEFT,Chennai
T00000368,C100001,A200002,2026-07-01,115974.94,Credit,Salary,Employer,NEFT,Chennai
T00000369,C100001,A200002,2026-05-31,112090.78,Credit,Salary,Employer,NEFT,Chennai
T00000370,C100001,A200002,2026-05-02,112991.32,Credit,Salary,Employer,NEFT,Chennai
T00000371,C100001,A200002,2026-04-02,111216.29,Credit,Salary,Employer,NEFT,Chennai
T00000372,C100001,A200002,2026-03-02,111395.46,Credit,Salary,Employer,NEFT,Chennai
T00000373,C100002,A200003,2026-04-04,3244.4,Debit,Fuel,Indian Oil,Net Banking,Mumbai
T00000374,C100002,A200003,2026-05-07,1132.67,Debit,Travel,Uber,NEFT,Mumbai
T00000375,C100002,A200003,2026-06-29,3103.53,Debit,Entertainment,PVR,Net Banking,Mumbai
T00000376,C100002,A200003,2026-02-19,702.98,Debit,Bills,Jio,NEFT,Mumbai
T00000377,C100002,A200003,2026-06-11,3346.88,Debit,Travel,IndiGo,UPI,Mumbai
T00000378,C100002,A200003,2026-06-22,2938.4,Debit,Fuel,Indian Oil,Credit Card,Mumbai
T00000379,C100002,A200003,2026-05-25,2960.16,Debit,Transfer,P2P Transfer,Net Banking,Mumbai
T00000380,C100002,A200003,2026-03-20,34.04,Debit,Fuel,HP Petrol Pump,Cash,Mumbai
T00000381,C100002,A200003,2026-02-10,5326.3,Debit,Rent,Landlord Transfer,Credit Card,Mumbai
T00000382,C100002,A200003,2026-03-18,1816.5,Debit,Fuel,HP Petrol Pump,NEFT,Mumbai
T00000383,C100002,A200003,2026-07-17,5281.97,Debit,Fuel,HP Petrol Pump,Net Banking,Mumbai
T00000384,C100002,A200003,2026-06-01,1592.01,Debit,Transfer,P2P Transfer,Debit Card,Mumbai
T00000385,C100002,A200003,2026-05-24,1580.86,Debit,ATM,ATM Withdrawal,NEFT,Mumbai
T00000386,C100002,A200003,2026-02-13,1458.98,Debit,Education,College Fee,Credit Card,Mumbai
T00000387,C100002,A200003,2026-07-28,3131.66,Debit,Other,Misc Merchant,Net Banking,Mumbai
T00000388,C100002,A200003,2026-05-06,2107.5,Debit,Healthcare,Apollo Pharmacy,Net Banking,Mumbai
T00000389,C100002,A200003,2026-04-24,808.1,Debit,Education,Udemy,Net Banking,Mumbai
T00000390,C100002,A200003,2026-06-21,10957.79,Debit,Transfer,P2P Transfer,Net Banking,Mumbai
T00000391,C100002,A200003,2026-05-19,10298.05,Debit,Other,Misc Merchant,UPI,Mumbai
T00000392,C100002,A200003,2026-04-20,5119.68,Debit,Shopping,Myntra,NEFT,Mumbai
T00000393,C100002,A200003,2026-04-01,2906.57,Debit,Transfer,P2P Transfer,Cash,Mumbai
T00000394,C100002,A200003,2026-05-24,2617.88,Debit,Shopping,Flipkart,Debit Card,Mumbai
T00000395,C100002,A200003,2026-05-01,1269.75,Debit,Education,Udemy,UPI,Mumbai
T00000396,C100002,A200003,2026-04-02,1611.08,Debit,Education,College Fee,Debit Card,Mumbai
T00000397,C100002,A200003,2026-04-23,1696.83,Debit,Shopping,Flipkart,UPI,Mumbai
T00000398,C100002,A200003,2026-06-29,690.08,Debit,Other,Misc Merchant,Cash,Mumbai
T00000399,C100002,A200003,2026-06-26,20.0,Debit,Bills,Airtel,Credit Card,Mumbai
T00000400,C100002,A200003,2026-05-24,3258.58,Debit,Education,Coursera,Debit Card,Mumbai
T00000401,C100002,A200003,2026-02-04,694.05,Debit,Fuel,HP Petrol Pump,Debit Card,Mumbai
T00000402,C100002,A200003,2026-02-17,6870.17,Debit,Other,Misc Merchant,Cash,Mumbai
T00000403,C100002,A200003,2026-03-08,350.46,Debit,Entertainment,BookMyShow,NEFT,Mumbai
T00000404,C100002,A200003,2026-03-13,1085.63,Debit,Shopping,Amazon,Net Banking,Mumbai
T00000405,C100002,A200003,2026-04-11,12003.49,Debit,Other,Misc Merchant,Debit Card,Mumbai
T00000406,C100002,A200003,2026-06-03,478.17,Debit,Education,Coursera,Debit Card,Mumbai
T00000407,C100002,A200003,2026-06-02,86.06,Debit,Fuel,Indian Oil,Cash,Mumbai
T00000408,C100002,A200003,2026-03-06,1692.16,Debit,Transfer,P2P Transfer,UPI,Mumbai
T00000409,C100002,A200003,2026-03-10,526.37,Debit,Fuel,HP Petrol Pump,NEFT,Mumbai
T00000410,C100002,A200003,2026-03-09,5159.56,Debit,Education,College Fee,Net Banking,Mumbai
T00000411,C100002,A200003,2026-02-22,461.49,Debit,Education,Udemy,Credit Card,Mumbai
T00000412,C100002,A200003,2026-02-04,1765.77,Debit,Bills,Water Dept,Cash,Mumbai
T00000413,C100002,A200003,2026-03-28,11912.16,Debit,Fuel,HP Petrol Pump,Credit Card,Mumbai
T00000414,C100002,A200003,2026-02-04,1657.37,Debit,Fuel,HP Petrol Pump,UPI,Mumbai
T00000415,C100002,A200003,2026-03-05,2499.69,Debit,Fuel,HP Petrol Pump,Credit Card,Mumbai
T00000416,C100002,A200003,2026-04-26,58.32,Debit,Other,Misc Merchant,Debit Card,Mumbai
T00000417,C100002,A200003,2026-05-22,512.89,Debit,Transfer,P2P Transfer,Debit Card,Mumbai
T00000418,C100002,A200003,2026-07-12,2395.46,Debit,Rent,Landlord Transfer,Net Banking,Mumbai
T00000419,C100002,A200003,2026-03-14,8366.26,Debit,Education,Coursera,Credit Card,Mumbai
T00000420,C100002,A200003,2026-04-30,2887.62,Debit,Entertainment,PVR,Debit Card,Mumbai
T00000421,C100002,A200003,2026-04-26,6682.79,Debit,Travel,IRCTC,Cash,Mumbai
T00000422,C100002,A200003,2026-07-26,1275.71,Debit,Entertainment,Spotify,NEFT,Mumbai
T00000423,C100002,A200003,2026-03-28,443.08,Debit,Rent,Landlord Transfer,Debit Card,Mumbai
T00000424,C100002,A200003,2026-07-25,2555.72,Debit,Transfer,P2P Transfer,Credit Card,Mumbai
T00000425,C100002,A200003,2026-03-07,3621.06,Debit,Entertainment,Spotify,Cash,Mumbai
T00000426,C100002,A200003,2026-03-01,5292.08,Debit,Transfer,P2P Transfer,Net Banking,Mumbai
T00000427,C100002,A200003,2026-06-15,1306.37,Debit,Transfer,P2P Transfer,Debit Card,Mumbai
T00000428,C100002,A200003,2026-04-22,6492.5,Debit,Travel,IndiGo,NEFT,Mumbai
T00000429,C100002,A200003,2026-05-19,4933.13,Debit,Education,Coursera,NEFT,Mumbai
T00000430,C100002,A200003,2026-05-11,3734.24,Debit,Travel,Ola,UPI,Mumbai
T00000431,C100002,A200003,2026-02-24,5393.84,Debit,Travel,Ola,UPI,Mumbai
T00000432,C100002,A200003,2026-04-23,3882.15,Debit,Education,Udemy,UPI,Mumbai
T00000433,C100002,A200003,2026-03-06,573.92,Debit,Other,Misc Merchant,UPI,Mumbai
T00000434,C100002,A200003,2026-05-24,5618.15,Debit,Fuel,HP Petrol Pump,Debit Card,Mumbai
T00000435,C100002,A200003,2026-03-11,5027.24,Debit,Transfer,P2P Transfer,Debit Card,Mumbai
T00000436,C100002,A200003,2026-05-24,1257.41,Debit,Other,Misc Merchant,UPI,Mumbai
T00000437,C100002,A200003,2026-02-14,8977.04,Debit,Shopping,Local Store,Credit Card,Mumbai
T00000438,C100002,A200003,2026-04-13,2097.82,Debit,Other,Misc Merchant,NEFT,Mumbai
T00000439,C100002,A200003,2026-03-10,6415.2,Debit,Education,Udemy,NEFT,Mumbai
T00000440,C100002,A200003,2026-03-26,5000.32,Debit,Fuel,HP Petrol Pump,Cash,Mumbai
T00000441,C100002,A200003,2026-03-28,3822.92,Debit,Other,Misc Merchant,Net Banking,Mumbai
T00000442,C100002,A200003,2026-02-04,2406.27,Debit,Entertainment,BookMyShow,Credit Card,Mumbai
T00000443,C100002,A200003,2026-02-25,2183.25,Debit,Other,Misc Merchant,UPI,Mumbai
T00000444,C100002,A200003,2026-06-20,1056.13,Debit,Rent,Landlord Transfer,NEFT,Mumbai
T00000445,C100002,A200003,2026-04-21,395.84,Debit,Transfer,P2P Transfer,Cash,Mumbai
T00000446,C100002,A200003,2026-07-21,3378.65,Debit,Entertainment,Spotify,Net Banking,Mumbai
T00000447,C100002,A200003,2026-05-13,9582.22,Debit,Education,College Fee,Credit Card,Mumbai
T00000448,C100002,A200003,2026-04-12,155.32,Debit,Entertainment,PVR,Cash,Mumbai
T00000449,C100002,A200003,2026-04-27,6630.0,Debit,Education,Udemy,Net Banking,Mumbai
T00000450,C100002,A200003,2026-07-15,3642.25,Debit,Fuel,HP Petrol Pump,NEFT,Mumbai
T00000451,C100002,A200003,2026-07-29,4417.92,Debit,Rent,Landlord Transfer,Debit Card,Mumbai
T00000452,C100002,A200003,2026-06-18,9005.98,Debit,Travel,Uber,Net Banking,Mumbai
T00000453,C100002,A200003,2026-03-29,1944.06,Debit,Entertainment,Spotify,Debit Card,Mumbai
T00000454,C100002,A200003,2026-03-17,1565.86,Debit,Fuel,Indian Oil,Cash,Mumbai
T00000455,C100002,A200003,2026-02-14,7416.94,Debit,Transfer,P2P Transfer,Credit Card,Mumbai
T00000456,C100002,A200003,2026-03-20,2108.66,Debit,Entertainment,BookMyShow,Credit Card,Mumbai
T00000457,C100002,A200003,2026-02-05,715.5,Debit,Education,Udemy,UPI,Mumbai
T00000458,C100002,A200003,2026-04-02,2732.56,Debit,Investment,SIP Auto-debit,UPI,Mumbai
T00000459,C100002,A200003,2026-02-16,2279.29,Debit,Rent,Landlord Transfer,Net Banking,Mumbai
T00000460,C100002,A200003,2026-02-06,315.46,Debit,ATM,ATM Withdrawal,UPI,Mumbai
T00000461,C100002,A200003,2026-06-05,4913.02,Debit,Transfer,P2P Transfer,Net Banking,Mumbai
T00000462,C100002,A200003,2026-07-16,5930.77,Debit,Travel,Uber,NEFT,Mumbai
T00000463,C100002,A200003,2026-02-06,483.74,Debit,Education,Coursera,UPI,Mumbai
T00000464,C100002,A200003,2026-04-15,535.47,Debit,Shopping,Amazon,Cash,Mumbai
T00000465,C100002,A200003,2026-02-15,8480.22,Debit,Fuel,Indian Oil,NEFT,Mumbai
T00000466,C100002,A200003,2026-04-23,1403.64,Debit,Education,College Fee,Debit Card,Mumbai
T00000467,C100002,A200003,2026-02-03,598.79,Debit,ATM,ATM Withdrawal,Credit Card,Mumbai
T00000468,C100002,A200003,2026-04-26,522.33,Debit,Education,Udemy,Net Banking,Mumbai
T00000469,C100002,A200003,2026-04-01,196.8,Debit,Shopping,Local Store,Credit Card,Mumbai
T00000470,C100002,A200003,2026-07-25,1637.83,Debit,Education,Udemy,UPI,Mumbai
T00000471,C100002,A200003,2026-07-20,1879.28,Debit,Rent,Landlord Transfer,NEFT,Mumbai
T00000472,C100002,A200003,2026-03-10,1656.33,Debit,Travel,Ola,NEFT,Mumbai
T00000473,C100002,A200003,2026-06-15,231.2,Debit,Education,Udemy,Credit Card,Mumbai
T00000474,C100002,A200003,2026-02-17,736.6,Debit,Healthcare,Apollo Pharmacy,NEFT,Mumbai
T00000475,C100002,A200003,2026-06-20,1676.91,Debit,Entertainment,BookMyShow,Credit Card,Mumbai
T00000476,C100002,A200003,2026-06-29,2657.98,Debit,Education,Udemy,Cash,Mumbai
T00000477,C100002,A200003,2026-04-09,190.63,Debit,Travel,Ola,Debit Card,Mumbai
T00000478,C100002,A200003,2026-06-17,1662.38,Debit,Other,Misc Merchant,Cash,Mumbai
T00000479,C100002,A200003,2026-07-17,3496.2,Debit,Entertainment,Netflix,UPI,Mumbai
T00000480,C100002,A200003,2026-03-08,2170.35,Debit,Fuel,HP Petrol Pump,UPI,Mumbai
T00000481,C100002,A200003,2026-04-05,3377.05,Debit,Entertainment,Spotify,Cash,Mumbai
T00000482,C100002,A200003,2026-05-06,2292.15,Debit,Transfer,P2P Transfer,NEFT,Mumbai
T00000483,C100002,A200003,2026-06-01,8682.48,Debit,Fuel,HP Petrol Pump,Net Banking,Mumbai
T00000484,C100002,A200003,2026-05-14,1311.5,Debit,Bills,Jio,UPI,Mumbai
T00000485,C100002,A200003,2026-02-20,3891.23,Debit,Shopping,Flipkart,UPI,Mumbai
T00000486,C100002,A200003,2026-02-11,99.65,Debit,Healthcare,1mg,Debit Card,Mumbai
T00000487,C100002,A200003,2026-02-18,2502.5,Debit,Travel,MakeMyTrip,Net Banking,Mumbai
T00000488,C100002,A200003,2026-06-28,9071.12,Debit,Education,Udemy,Cash,Mumbai
T00000489,C100002,A200003,2026-04-08,6018.66,Debit,Entertainment,BookMyShow,NEFT,Mumbai
T00000490,C100002,A200003,2026-03-24,1818.57,Debit,Education,College Fee,UPI,Mumbai
T00000491,C100002,A200003,2026-07-27,2965.94,Debit,Transfer,P2P Transfer,Credit Card,Mumbai
T00000492,C100002,A200003,2026-07-04,519.76,Debit,Fuel,Indian Oil,Net Banking,Mumbai
T00000493,C100002,A200003,2026-03-25,710.42,Debit,Bills,Jio,Credit Card,Mumbai
T00000494,C100002,A200003,2026-07-22,1165.32,Debit,Transfer,P2P Transfer,NEFT,Mumbai
T00000495,C100002,A200003,2026-02-03,3873.41,Debit,Education,College Fee,UPI,Mumbai
T00000496,C100002,A200003,2026-07-20,6679.77,Debit,Shopping,Local Store,NEFT,Mumbai
T00000497,C100002,A200003,2026-03-28,1409.37,Debit,Education,College Fee,Debit Card,Mumbai
T00000498,C100002,A200003,2026-04-08,4653.38,Debit,Transfer,P2P Transfer,Credit Card,Mumbai
T00000499,C100002,A200003,2026-07-30,85407.87,Credit,Salary,Employer,NEFT,Mumbai
T00000500,C100002,A200003,2026-07-02,86364.38,Credit,Salary,Employer,NEFT,Mumbai
T00000501,C100002,A200003,2026-05-31,82746.39,Credit,Salary,Employer,NEFT,Mumbai
T00000502,C100002,A200003,2026-05-03,83414.68,Credit,Salary,Employer,NEFT,Mumbai
T00000503,C100002,A200003,2026-04-02,85050.12,Credit,Salary,Employer,NEFT,Mumbai
T00000504,C100002,A200003,2026-03-02,86159.73,Credit,Salary,Employer,NEFT,Mumbai
T00000505,C100003,A200004,2026-04-30,1568.4,Debit,Other,Misc Merchant,UPI,Bengaluru
T00000506,C100003,A200005,2026-03-15,764.33,Debit,Bills,Airtel,NEFT,Bengaluru
T00000507,C100003,A200005,2026-06-29,7145.54,Debit,Bills,Electricity Board,Net Banking,Bengaluru
T00000508,C100003,A200004,2026-05-26,2112.52,Debit,Other,Misc Merchant,Debit Card,Bengaluru
T00000509,C100003,A200005,2026-06-05,1068.84,Debit,Food,Zomato,Debit Card,Bengaluru
T00000510,C100003,A200005,2026-05-06,1888.43,Debit,Other,Misc Merchant,Cash,Bengaluru
T00000511,C100003,A200005,2026-06-16,297.45,Debit,Fuel,HP Petrol Pump,NEFT,Bengaluru
T00000512,C100003,A200005,2026-06-10,1173.83,Debit,Other,Misc Merchant,Credit Card,Bengaluru
T00000513,C100003,A200004,2026-03-21,1329.27,Debit,Entertainment,BookMyShow,Credit Card,Bengaluru
T00000514,C100003,A200004,2026-05-03,1819.09,Debit,Bills,Electricity Board,Credit Card,Bengaluru
T00000515,C100003,A200005,2026-03-15,2144.98,Debit,Fuel,HP Petrol Pump,Cash,Bengaluru
T00000516,C100003,A200004,2026-05-14,2345.06,Debit,Other,Misc Merchant,Credit Card,Bengaluru
T00000517,C100003,A200004,2026-06-22,6330.51,Debit,Bills,Water Dept,Debit Card,Bengaluru
T00000518,C100003,A200005,2026-06-26,424.32,Debit,Other,Misc Merchant,Cash,Bengaluru
T00000519,C100003,A200004,2026-06-08,528.6,Debit,Other,Misc Merchant,NEFT,Bengaluru
T00000520,C100003,A200005,2026-03-08,564.65,Debit,Fuel,Indian Oil,NEFT,Bengaluru
T00000521,C100003,A200004,2026-05-29,734.93,Debit,Food,Cafe Coffee Day,Net Banking,Bengaluru
T00000522,C100003,A200004,2026-05-14,1678.73,Debit,Other,Misc Merchant,Debit Card,Bengaluru
T00000523,C100003,A200004,2026-03-08,1099.29,Debit,Investment,Groww,Debit Card,Bengaluru
T00000524,C100003,A200004,2026-05-20,1181.5,Debit,Other,Misc Merchant,UPI,Bengaluru
T00000525,C100003,A200004,2026-03-13,1681.72,Debit,Other,Misc Merchant,Cash,Bengaluru
T00000526,C100003,A200005,2026-06-20,383.54,Debit,Food,Swiggy,Cash,Bengaluru
T00000527,C100003,A200004,2026-04-12,1474.76,Debit,Other,Misc Merchant,NEFT,Bengaluru
T00000528,C100003,A200005,2026-02-20,1277.93,Debit,Other,Misc Merchant,NEFT,Bengaluru
T00000529,C100003,A200004,2026-07-18,507.42,Debit,Other,Misc Merchant,Cash,Bengaluru
T00000530,C100003,A200004,2026-04-24,28.37,Debit,Education,Udemy,Cash,Bengaluru
T00000531,C100003,A200004,2026-05-04,1020.76,Debit,Food,Swiggy,UPI,Bengaluru
T00000532,C100003,A200005,2026-03-09,1065.69,Debit,Bills,Airtel,Net Banking,Bengaluru
T00000533,C100003,A200005,2026-03-26,20.0,Debit,Food,Zomato,UPI,Bengaluru
T00000534,C100003,A200004,2026-04-04,2425.74,Debit,Food,Swiggy,UPI,Bengaluru
T00000535,C100003,A200005,2026-06-04,220.52,Debit,Fuel,Indian Oil,Net Banking,Bengaluru
T00000536,C100003,A200004,2026-07-25,548.06,Debit,Entertainment,Netflix,Net Banking,Bengaluru
T00000537,C100003,A200004,2026-05-02,819.2,Debit,Rent,Landlord Transfer,Debit Card,Bengaluru
T00000538,C100003,A200005,2026-04-18,4991.03,Debit,Rent,Landlord Transfer,Net Banking,Bengaluru
T00000539,C100003,A200005,2026-07-12,929.44,Debit,Food,Zomato,UPI,Bengaluru
T00000540,C100003,A200004,2026-03-03,1159.92,Debit,Fuel,HP Petrol Pump,Cash,Bengaluru
T00000541,C100003,A200004,2026-08-01,846.4,Debit,Food,Local Restaurant,Net Banking,Bengaluru
T00000542,C100003,A200005,2026-03-14,4091.94,Debit,Fuel,HP Petrol Pump,Credit Card,Bengaluru
T00000543,C100003,A200004,2026-06-26,1139.85,Debit,Fuel,HP Petrol Pump,Credit Card,Bengaluru
T00000544,C100003,A200005,2026-03-12,550.23,Debit,Fuel,Indian Oil,Cash,Bengaluru
T00000545,C100003,A200005,2026-07-21,114.76,Debit,Fuel,HP Petrol Pump,UPI,Bengaluru
T00000546,C100003,A200005,2026-05-29,164.93,Debit,Other,Misc Merchant,Net Banking,Bengaluru
T00000547,C100003,A200004,2026-07-04,1706.77,Debit,Entertainment,Netflix,Debit Card,Bengaluru
T00000548,C100003,A200004,2026-05-27,1446.56,Debit,Other,Misc Merchant,Net Banking,Bengaluru
T00000549,C100003,A200004,2026-05-06,1748.5,Debit,Education,College Fee,Debit Card,Bengaluru
T00000550,C100003,A200005,2026-02-13,1228.83,Debit,Bills,Electricity Board,NEFT,Bengaluru
T00000551,C100003,A200005,2026-05-05,1364.81,Debit,Bills,Water Dept,Debit Card,Bengaluru
T00000552,C100003,A200005,2026-06-12,560.3,Debit,Fuel,Indian Oil,Debit Card,Bengaluru
T00000553,C100003,A200004,2026-03-01,858.05,Debit,Education,College Fee,NEFT,Bengaluru
T00000554,C100003,A200005,2026-03-31,278.28,Debit,Other,Misc Merchant,Debit Card,Bengaluru
T00000555,C100003,A200005,2026-05-06,2680.35,Debit,Rent,Landlord Transfer,Debit Card,Bengaluru
T00000556,C100003,A200004,2026-06-15,784.96,Debit,Other,Misc Merchant,Debit Card,Bengaluru
T00000557,C100003,A200005,2026-05-05,823.26,Debit,Entertainment,BookMyShow,Debit Card,Bengaluru
T00000558,C100003,A200005,2026-03-08,323.25,Debit,Other,Misc Merchant,Net Banking,Bengaluru
T00000559,C100003,A200004,2026-05-20,72.98,Debit,Other,Misc Merchant,Debit Card,Bengaluru
T00000560,C100003,A200004,2026-07-20,829.97,Debit,Fuel,HP Petrol Pump,Net Banking,Bengaluru
T00000561,C100003,A200005,2026-03-04,1401.13,Debit,Food,Swiggy,UPI,Bengaluru
T00000562,C100003,A200004,2026-02-06,847.19,Debit,Entertainment,Netflix,NEFT,Bengaluru
T00000563,C100003,A200004,2026-04-24,185.13,Debit,Fuel,HP Petrol Pump,Net Banking,Bengaluru
T00000564,C100003,A200005,2026-05-08,841.1,Debit,Food,Local Restaurant,Cash,Bengaluru
T00000565,C100003,A200005,2026-07-09,1229.31,Debit,Entertainment,Spotify,Net Banking,Bengaluru
T00000566,C100003,A200004,2026-05-16,7001.13,Debit,Fuel,HP Petrol Pump,UPI,Bengaluru
T00000567,C100003,A200004,2026-07-24,1037.27,Debit,Bills,Jio,Debit Card,Bengaluru
T00000568,C100003,A200005,2026-03-29,1023.06,Debit,Rent,Landlord Transfer,Net Banking,Bengaluru
T00000569,C100003,A200004,2026-07-02,263.32,Debit,Entertainment,BookMyShow,UPI,Bengaluru
T00000570,C100003,A200004,2026-03-23,502.68,Debit,Education,Udemy,Cash,Bengaluru
T00000571,C100003,A200005,2026-04-26,1946.08,Debit,Rent,Landlord Transfer,NEFT,Bengaluru
T00000572,C100003,A200004,2026-05-02,396.43,Debit,Bills,Jio,UPI,Bengaluru
T00000573,C100003,A200004,2026-05-18,2352.79,Debit,Other,Misc Merchant,Cash,Bengaluru
T00000574,C100003,A200005,2026-05-17,6965.26,Debit,Other,Misc Merchant,Cash,Bengaluru
T00000575,C100003,A200004,2026-04-27,1909.54,Debit,Other,Misc Merchant,Debit Card,Bengaluru
T00000576,C100003,A200004,2026-03-21,737.36,Debit,Fuel,Indian Oil,NEFT,Bengaluru
T00000577,C100003,A200005,2026-03-13,278.06,Debit,Fuel,HP Petrol Pump,UPI,Bengaluru
T00000578,C100003,A200005,2026-06-05,1247.39,Debit,Fuel,HP Petrol Pump,NEFT,Bengaluru
T00000579,C100003,A200004,2026-07-31,717.98,Debit,Fuel,HP Petrol Pump,Debit Card,Bengaluru
T00000580,C100003,A200005,2026-03-01,2481.85,Debit,Transfer,P2P Transfer,NEFT,Bengaluru
T00000581,C100003,A200004,2026-07-30,206.02,Debit,Entertainment,Netflix,Credit Card,Bengaluru
T00000582,C100003,A200005,2026-07-16,982.66,Debit,Other,Misc Merchant,Debit Card,Bengaluru
T00000583,C100003,A200005,2026-05-04,898.44,Debit,Other,Misc Merchant,Cash,Bengaluru
T00000584,C100003,A200005,2026-06-19,1997.63,Debit,Fuel,HP Petrol Pump,UPI,Bengaluru
T00000585,C100003,A200005,2026-02-19,180.04,Debit,Fuel,Indian Oil,Credit Card,Bengaluru
T00000586,C100003,A200005,2026-05-28,858.31,Debit,Entertainment,PVR,Credit Card,Bengaluru
T00000587,C100003,A200005,2026-03-06,6366.43,Debit,Other,Misc Merchant,Debit Card,Bengaluru
T00000588,C100003,A200005,2026-03-01,1589.76,Debit,Fuel,HP Petrol Pump,Credit Card,Bengaluru
T00000589,C100003,A200005,2026-06-18,1614.8,Debit,Fuel,Indian Oil,UPI,Bengaluru
T00000590,C100003,A200004,2026-04-12,5448.21,Debit,Bills,Airtel,UPI,Bengaluru
T00000591,C100003,A200005,2026-07-13,1115.31,Debit,Fuel,Indian Oil,UPI,Bengaluru
T00000592,C100003,A200005,2026-06-13,536.32,Debit,Other,Misc Merchant,Debit Card,Bengaluru
T00000593,C100003,A200005,2026-07-30,356.43,Debit,Fuel,HP Petrol Pump,UPI,Bengaluru
T00000594,C100003,A200004,2026-05-13,130.18,Debit,Fuel,HP Petrol Pump,UPI,Bengaluru
T00000595,C100003,A200005,2026-07-21,1681.09,Debit,Fuel,Indian Oil,Net Banking,Bengaluru
T00000596,C100003,A200005,2026-05-03,958.37,Debit,Fuel,HP Petrol Pump,Credit Card,Bengaluru
T00000597,C100003,A200004,2026-07-11,397.67,Debit,Travel,IndiGo,UPI,Bengaluru
T00000598,C100003,A200004,2026-07-28,7442.63,Debit,Other,Misc Merchant,Debit Card,Bengaluru
T00000599,C100003,A200004,2026-07-22,84.49,Debit,Fuel,HP Petrol Pump,Credit Card,Bengaluru
T00000600,C100003,A200004,2026-02-27,1271.81,Debit,Shopping,Amazon,Net Banking,Bengaluru
T00000601,C100003,A200004,2026-06-09,1748.09,Debit,Fuel,Indian Oil,Cash,Bengaluru
T00000602,C100003,A200005,2026-05-27,2705.31,Debit,Fuel,Indian Oil,Net Banking,Bengaluru
T00000603,C100003,A200004,2026-06-13,1949.87,Debit,Other,Misc Merchant,Credit Card,Bengaluru
T00000604,C100003,A200005,2026-07-01,1735.39,Debit,Other,Misc Merchant,Cash,Bengaluru
T00000605,C100003,A200005,2026-06-30,792.06,Debit,Fuel,HP Petrol Pump,Credit Card,Bengaluru
T00000606,C100003,A200004,2026-04-07,872.73,Debit,Fuel,HP Petrol Pump,NEFT,Bengaluru
T00000607,C100003,A200004,2026-05-09,335.06,Debit,Fuel,HP Petrol Pump,Net Banking,Bengaluru
T00000608,C100003,A200005,2026-02-28,229.5,Debit,Entertainment,BookMyShow,Net Banking,Bengaluru
T00000609,C100003,A200005,2026-07-23,811.78,Debit,Other,Misc Merchant,UPI,Bengaluru
T00000610,C100003,A200004,2026-05-18,395.46,Debit,Healthcare,Local Clinic,Debit Card,Bengaluru
T00000611,C100003,A200005,2026-02-17,3371.22,Debit,Fuel,Indian Oil,Cash,Bengaluru
T00000612,C100003,A200005,2026-04-08,207.69,Debit,Bills,Airtel,NEFT,Bengaluru
T00000613,C100003,A200005,2026-02-18,1013.35,Debit,Other,Misc Merchant,UPI,Bengaluru
T00000614,C100003,A200004,2026-07-25,2062.55,Debit,Fuel,Indian Oil,Debit Card,Bengaluru
T00000615,C100003,A200004,2026-07-07,1722.18,Debit,Other,Misc Merchant,Cash,Bengaluru
T00000616,C100003,A200005,2026-06-16,3425.24,Debit,Other,Misc Merchant,UPI,Bengaluru
T00000617,C100003,A200004,2026-02-27,37.16,Debit,Bills,Jio,Debit Card,Bengaluru
T00000618,C100003,A200004,2026-07-25,3656.28,Debit,Fuel,Indian Oil,Cash,Bengaluru
T00000619,C100003,A200005,2026-07-18,5148.89,Debit,Other,Misc Merchant,Debit Card,Bengaluru
T00000620,C100003,A200004,2026-04-26,669.72,Debit,Entertainment,Netflix,NEFT,Bengaluru
T00000621,C100003,A200005,2026-07-25,557.21,Debit,Entertainment,BookMyShow,Cash,Bengaluru
T00000622,C100003,A200004,2026-07-06,4066.16,Debit,Fuel,Indian Oil,NEFT,Bengaluru
T00000623,C100003,A200004,2026-08-01,1430.01,Debit,Other,Misc Merchant,Cash,Bengaluru
T00000624,C100003,A200005,2026-03-09,927.67,Debit,Entertainment,PVR,Net Banking,Bengaluru
T00000625,C100003,A200005,2026-05-12,1001.07,Debit,Fuel,HP Petrol Pump,Net Banking,Bengaluru
T00000626,C100003,A200005,2026-07-22,2284.57,Debit,Travel,Ola,Net Banking,Bengaluru
T00000627,C100003,A200004,2026-03-30,1059.19,Debit,Rent,Landlord Transfer,Debit Card,Bengaluru
T00000628,C100003,A200004,2026-03-22,20.0,Debit,Fuel,HP Petrol Pump,NEFT,Bengaluru
T00000629,C100003,A200005,2026-04-17,3000.94,Debit,Fuel,Indian Oil,NEFT,Bengaluru
T00000630,C100003,A200004,2026-04-21,1592.41,Debit,Entertainment,PVR,Net Banking,Bengaluru
T00000631,C100003,A200005,2026-03-15,926.81,Debit,Fuel,HP Petrol Pump,Credit Card,Bengaluru
T00000632,C100003,A200004,2026-07-30,2171.96,Debit,Entertainment,PVR,NEFT,Bengaluru
T00000633,C100003,A200004,2026-05-14,357.71,Debit,Fuel,HP Petrol Pump,UPI,Bengaluru
T00000634,C100003,A200004,2026-05-24,216.87,Debit,Healthcare,Apollo Pharmacy,Net Banking,Bengaluru
T00000635,C100003,A200004,2026-03-12,20.0,Debit,Fuel,Indian Oil,NEFT,Bengaluru
T00000636,C100003,A200004,2026-05-12,2092.6,Debit,Other,Misc Merchant,Debit Card,Bengaluru
T00000637,C100003,A200004,2026-02-06,957.7,Debit,Fuel,HP Petrol Pump,Net Banking,Bengaluru
T00000638,C100003,A200004,2026-07-28,337.2,Debit,Other,Misc Merchant,Debit Card,Bengaluru
T00000639,C100003,A200005,2026-04-10,4078.24,Debit,Investment,Zerodha,NEFT,Bengaluru
T00000640,C100003,A200005,2026-05-12,714.95,Debit,Fuel,HP Petrol Pump,Credit Card,Bengaluru
T00000641,C100003,A200004,2026-02-20,3137.81,Debit,Fuel,HP Petrol Pump,NEFT,Bengaluru
T00000642,C100003,A200004,2026-02-27,4585.42,Debit,Fuel,HP Petrol Pump,UPI,Bengaluru
T00000643,C100003,A200005,2026-02-04,1277.85,Debit,Food,Swiggy,UPI,Bengaluru
T00000644,C100003,A200004,2026-04-12,633.35,Debit,Other,Misc Merchant,Cash,Bengaluru
T00000645,C100003,A200004,2026-02-12,1449.93,Debit,Other,Misc Merchant,Cash,Bengaluru
T00000646,C100003,A200005,2026-07-30,1659.38,Debit,Other,Misc Merchant,Credit Card,Bengaluru
T00000647,C100003,A200004,2026-03-19,2868.41,Debit,Other,Misc Merchant,NEFT,Bengaluru
T00000648,C100003,A200005,2026-04-24,471.4,Debit,Bills,Electricity Board,Debit Card,Bengaluru
T00000649,C100003,A200005,2026-07-02,6073.69,Debit,Food,Zomato,Cash,Bengaluru
T00000650,C100003,A200004,2026-05-07,1841.96,Debit,Fuel,HP Petrol Pump,Net Banking,Bengaluru
T00000651,C100003,A200005,2026-03-21,701.5,Debit,Fuel,Indian Oil,Cash,Bengaluru
T00000652,C100003,A200005,2026-02-28,138.41,Debit,Investment,Zerodha,UPI,Bengaluru
T00000653,C100003,A200005,2026-05-09,320.61,Debit,Bills,Airtel,NEFT,Bengaluru
T00000654,C100003,A200004,2026-07-16,3774.39,Debit,Other,Misc Merchant,Credit Card,Bengaluru
T00000655,C100003,A200005,2026-07-19,2893.0,Debit,Fuel,HP Petrol Pump,Net Banking,Bengaluru
T00000656,C100003,A200005,2026-02-07,537.06,Debit,Entertainment,Netflix,Credit Card,Bengaluru
T00000657,C100003,A200005,2026-03-23,184.15,Debit,Healthcare,Local Clinic,NEFT,Bengaluru
T00000658,C100003,A200004,2026-05-01,386.99,Debit,Bills,Jio,NEFT,Bengaluru
T00000659,C100003,A200004,2026-05-05,5316.86,Debit,Fuel,HP Petrol Pump,Net Banking,Bengaluru
T00000660,C100003,A200005,2026-07-17,164.04,Debit,Fuel,Indian Oil,Debit Card,Bengaluru
T00000661,C100003,A200004,2026-04-20,478.94,Debit,Fuel,HP Petrol Pump,Credit Card,Bengaluru
T00000662,C100003,A200005,2026-03-24,2298.6,Debit,Fuel,HP Petrol Pump,NEFT,Bengaluru
T00000663,C100003,A200004,2026-07-06,1119.12,Debit,Food,Local Restaurant,Net Banking,Bengaluru
T00000664,C100003,A200004,2026-02-12,62.9,Debit,Fuel,HP Petrol Pump,UPI,Bengaluru
T00000665,C100003,A200005,2026-08-01,3329.2,Debit,Food,Local Restaurant,NEFT,Bengaluru
T00000666,C100003,A200004,2026-03-04,1506.41,Debit,Education,Coursera,Cash,Bengaluru
T00000667,C100003,A200005,2026-05-09,1241.06,Debit,Food,Cafe Coffee Day,NEFT,Bengaluru
T00000668,C100003,A200004,2026-02-03,4396.97,Debit,Bills,Jio,Credit Card,Bengaluru
T00000669,C100003,A200005,2026-05-18,1697.34,Debit,Food,Zomato,Credit Card,Bengaluru
T00000670,C100003,A200004,2026-03-21,3777.88,Debit,Bills,Airtel,Cash,Bengaluru
T00000671,C100003,A200004,2026-06-02,101.94,Debit,Other,Misc Merchant,Cash,Bengaluru
T00000672,C100003,A200004,2026-07-09,1426.37,Debit,Bills,Jio,Net Banking,Bengaluru
T00000673,C100003,A200004,2026-04-22,658.19,Debit,Entertainment,Netflix,Debit Card,Bengaluru
T00000674,C100003,A200005,2026-04-10,2272.93,Debit,Shopping,Myntra,Credit Card,Bengaluru
T00000675,C100003,A200004,2026-06-26,584.25,Debit,Other,Misc Merchant,Credit Card,Bengaluru
T00000676,C100003,A200005,2026-02-18,980.43,Debit,Investment,SIP Auto-debit,UPI,Bengaluru
T00000677,C100003,A200005,2026-07-11,2069.16,Debit,Bills,Electricity Board,NEFT,Bengaluru
T00000678,C100003,A200005,2026-02-28,1157.45,Debit,Entertainment,Netflix,Debit Card,Bengaluru
T00000679,C100003,A200005,2026-03-09,1490.42,Debit,Food,Cafe Coffee Day,Credit Card,Bengaluru
T00000680,C100003,A200004,2026-06-11,277.41,Debit,Entertainment,Spotify,Debit Card,Bengaluru
T00000681,C100003,A200005,2026-06-28,1843.04,Debit,Other,Misc Merchant,UPI,Bengaluru
T00000682,C100003,A200005,2026-03-14,366.43,Debit,Other,Misc Merchant,Cash,Bengaluru
T00000683,C100003,A200004,2026-02-25,2658.35,Debit,Other,Misc Merchant,Debit Card,Bengaluru
T00000684,C100003,A200005,2026-05-05,100.65,Debit,Other,Misc Merchant,Cash,Bengaluru
T00000685,C100003,A200005,2026-06-22,2283.57,Debit,Fuel,Indian Oil,Net Banking,Bengaluru
T00000686,C100003,A200004,2026-03-09,423.87,Debit,Fuel,Indian Oil,Debit Card,Bengaluru
T00000687,C100003,A200004,2026-06-10,1747.45,Debit,Bills,Airtel,Cash,Bengaluru
T00000688,C100003,A200004,2026-04-16,127.1,Debit,Investment,Groww,UPI,Bengaluru
T00000689,C100003,A200005,2026-05-28,1427.08,Debit,Other,Misc Merchant,NEFT,Bengaluru
T00000690,C100003,A200004,2026-04-05,652.58,Debit,Healthcare,1mg,Credit Card,Bengaluru
T00000691,C100003,A200005,2026-06-20,641.04,Debit,Food,Local Restaurant,Net Banking,Bengaluru
T00000692,C100003,A200004,2026-07-19,5305.21,Debit,Rent,Landlord Transfer,Debit Card,Bengaluru
T00000693,C100003,A200004,2026-02-17,326.31,Debit,Food,Swiggy,Cash,Bengaluru
T00000694,C100003,A200004,2026-04-06,2472.77,Debit,Fuel,Indian Oil,UPI,Bengaluru
T00000695,C100003,A200004,2026-05-16,899.55,Debit,Bills,Water Dept,NEFT,Bengaluru
T00000696,C100003,A200005,2026-06-25,507.06,Debit,Other,Misc Merchant,NEFT,Bengaluru
T00000697,C100003,A200004,2026-05-14,447.35,Debit,Bills,Water Dept,UPI,Bengaluru
T00000698,C100003,A200004,2026-04-06,1126.24,Debit,Fuel,HP Petrol Pump,UPI,Bengaluru
T00000699,C100003,A200004,2026-05-31,170.14,Debit,Other,Misc Merchant,Debit Card,Bengaluru
T00000700,C100003,A200004,2026-05-13,1269.31,Debit,Other,Misc Merchant,NEFT,Bengaluru
T00000701,C100003,A200004,2026-02-09,105.83,Debit,Other,Misc Merchant,Debit Card,Bengaluru
T00000702,C100003,A200005,2026-04-08,60.42,Debit,Food,Local Restaurant,Cash,Bengaluru
T00000703,C100003,A200004,2026-07-31,102334.48,Credit,Salary,Employer,NEFT,Bengaluru
T00000704,C100003,A200004,2026-06-30,104212.67,Credit,Salary,Employer,NEFT,Bengaluru
T00000705,C100003,A200004,2026-06-01,106659.66,Credit,Salary,Employer,NEFT,Bengaluru
T00000706,C100003,A200004,2026-05-01,106672.44,Credit,Salary,Employer,NEFT,Bengaluru
T00000707,C100003,A200004,2026-04-01,106034.47,Credit,Salary,Employer,NEFT,Bengaluru
T00000708,C100003,A200004,2026-03-02,101596.72,Credit,Salary,Employer,NEFT,Bengaluru
T00000709,C100004,A200006,2026-03-10,1394.75,Debit,Food,Swiggy,UPI,Hyderabad
T00000710,C100004,A200006,2026-05-09,656.18,Debit,ATM,ATM Withdrawal,Cash,Hyderabad
T00000711,C100004,A200006,2026-05-10,578.59,Debit,Healthcare,Local Clinic,Credit Card,Hyderabad
T00000712,C100004,A200006,2026-03-14,287.9,Debit,Other,Misc Merchant,Debit Card,Hyderabad
T00000713,C100004,A200006,2026-06-25,1915.51,Debit,Investment,Groww,Debit Card,Hyderabad
T00000714,C100004,A200006,2026-05-22,7139.48,Debit,Food,Local Restaurant,Cash,Hyderabad
T00000715,C100004,A200006,2026-03-06,53.86,Debit,Bills,Electricity Board,Credit Card,Hyderabad
T00000716,C100004,A200006,2026-03-01,12948.38,Debit,Rent,Landlord Transfer,UPI,Hyderabad
T00000717,C100004,A200006,2026-05-14,2210.18,Debit,Other,Misc Merchant,Cash,Hyderabad
T00000718,C100004,A200006,2026-03-10,269.01,Debit,Investment,SIP Auto-debit,Debit Card,Hyderabad
T00000719,C100004,A200006,2026-03-06,961.95,Debit,Investment,Groww,Cash,Hyderabad
T00000720,C100004,A200006,2026-03-16,1544.06,Debit,Bills,Water Dept,Credit Card,Hyderabad
T00000721,C100004,A200006,2026-06-27,1251.33,Debit,Bills,Water Dept,Debit Card,Hyderabad
T00000722,C100004,A200006,2026-07-29,4755.45,Debit,Other,Misc Merchant,Credit Card,Hyderabad
T00000723,C100004,A200006,2026-03-22,4902.58,Debit,Other,Misc Merchant,Credit Card,Hyderabad
T00000724,C100004,A200006,2026-05-18,6882.9,Debit,Food,Swiggy,UPI,Hyderabad
T00000725,C100004,A200006,2026-04-20,955.11,Debit,Travel,Ola,Credit Card,Hyderabad
T00000726,C100004,A200006,2026-07-26,1746.17,Debit,Bills,Jio,UPI,Hyderabad
T00000727,C100004,A200006,2026-05-17,274.76,Debit,Travel,MakeMyTrip,UPI,Hyderabad
T00000728,C100004,A200006,2026-05-01,370.86,Debit,Travel,Uber,Debit Card,Hyderabad
T00000729,C100004,A200006,2026-03-19,511.46,Debit,Rent,Landlord Transfer,Cash,Hyderabad
T00000730,C100004,A200006,2026-07-09,1188.37,Debit,Transfer,P2P Transfer,Cash,Hyderabad
T00000731,C100004,A200006,2026-05-01,681.9,Debit,Education,Udemy,NEFT,Hyderabad
T00000732,C100004,A200006,2026-06-17,2977.99,Debit,Travel,Ola,Net Banking,Hyderabad
T00000733,C100004,A200006,2026-02-28,237.36,Debit,Travel,Ola,Debit Card,Hyderabad
T00000734,C100004,A200006,2026-07-29,101.8,Debit,Transfer,P2P Transfer,Debit Card,Hyderabad
T00000735,C100004,A200006,2026-07-17,2595.36,Debit,Transfer,P2P Transfer,UPI,Hyderabad
T00000736,C100004,A200006,2026-04-06,2866.92,Debit,Travel,Ola,Debit Card,Hyderabad
T00000737,C100004,A200006,2026-04-08,3127.14,Debit,Education,College Fee,Net Banking,Hyderabad
T00000738,C100004,A200006,2026-05-16,728.9,Debit,Travel,Uber,Cash,Hyderabad
T00000739,C100004,A200006,2026-02-14,6372.49,Debit,Food,Zomato,UPI,Hyderabad
T00000740,C100004,A200006,2026-06-07,2102.27,Debit,Education,Udemy,Cash,Hyderabad
T00000741,C100004,A200006,2026-07-09,84.57,Debit,Bills,Jio,NEFT,Hyderabad
T00000742,C100004,A200006,2026-02-08,1518.83,Debit,Travel,MakeMyTrip,UPI,Hyderabad
T00000743,C100004,A200006,2026-07-10,907.56,Debit,Rent,Landlord Transfer,Credit Card,Hyderabad
T00000744,C100004,A200006,2026-02-06,6228.06,Debit,Rent,Landlord Transfer,Credit Card,Hyderabad
T00000745,C100004,A200006,2026-04-17,1533.27,Debit,Transfer,P2P Transfer,Credit Card,Hyderabad
T00000746,C100004,A200006,2026-04-02,273.1,Debit,Bills,Jio,NEFT,Hyderabad
T00000747,C100004,A200006,2026-03-31,1299.27,Debit,Travel,IRCTC,Credit Card,Hyderabad
T00000748,C100004,A200006,2026-04-07,1634.83,Debit,Education,Udemy,Credit Card,Hyderabad
T00000749,C100004,A200006,2026-02-07,4290.32,Debit,Fuel,Indian Oil,Net Banking,Hyderabad
T00000750,C100004,A200006,2026-04-10,803.92,Debit,Transfer,P2P Transfer,Credit Card,Hyderabad
T00000751,C100004,A200006,2026-04-01,3979.45,Debit,Transfer,P2P Transfer,UPI,Hyderabad
T00000752,C100004,A200006,2026-07-14,600.91,Debit,Education,Udemy,Debit Card,Hyderabad
T00000753,C100004,A200006,2026-02-19,991.49,Debit,Other,Misc Merchant,Cash,Hyderabad
T00000754,C100004,A200006,2026-05-16,8955.76,Debit,Other,Misc Merchant,Net Banking,Hyderabad
T00000755,C100004,A200006,2026-07-29,117.83,Debit,Education,Udemy,Debit Card,Hyderabad
T00000756,C100004,A200006,2026-04-25,2184.48,Debit,Other,Misc Merchant,NEFT,Hyderabad
T00000757,C100004,A200006,2026-07-03,1135.16,Debit,Food,Cafe Coffee Day,NEFT,Hyderabad
T00000758,C100004,A200006,2026-07-21,2892.13,Debit,Transfer,P2P Transfer,Net Banking,Hyderabad
T00000759,C100004,A200006,2026-06-19,2958.67,Debit,Food,Zomato,Net Banking,Hyderabad
T00000760,C100004,A200006,2026-04-01,1694.89,Debit,Food,Swiggy,Credit Card,Hyderabad
T00000761,C100004,A200006,2026-07-08,564.97,Debit,Other,Misc Merchant,Net Banking,Hyderabad
T00000762,C100004,A200006,2026-07-13,201.83,Debit,Education,College Fee,Net Banking,Hyderabad
T00000763,C100004,A200006,2026-02-22,932.28,Debit,Rent,Landlord Transfer,Net Banking,Hyderabad
T00000764,C100004,A200006,2026-05-02,3542.07,Debit,Transfer,P2P Transfer,UPI,Hyderabad
T00000765,C100004,A200006,2026-06-30,781.46,Debit,Other,Misc Merchant,UPI,Hyderabad
T00000766,C100004,A200006,2026-06-18,912.62,Debit,Transfer,P2P Transfer,Credit Card,Hyderabad
T00000767,C100004,A200006,2026-02-27,5400.33,Debit,Transfer,P2P Transfer,Debit Card,Hyderabad
T00000768,C100004,A200006,2026-04-11,956.02,Debit,Entertainment,Netflix,UPI,Hyderabad
T00000769,C100004,A200006,2026-03-12,2443.04,Debit,ATM,ATM Withdrawal,Cash,Hyderabad
T00000770,C100004,A200006,2026-07-03,4258.44,Debit,ATM,ATM Withdrawal,NEFT,Hyderabad
T00000771,C100004,A200006,2026-06-14,20.0,Debit,Rent,Landlord Transfer,Cash,Hyderabad
T00000772,C100004,A200006,2026-06-23,3068.64,Debit,Fuel,Indian Oil,Net Banking,Hyderabad
T00000773,C100004,A200006,2026-03-06,882.94,Debit,Transfer,P2P Transfer,UPI,Hyderabad
T00000774,C100004,A200006,2026-04-22,505.41,Debit,Transfer,P2P Transfer,Credit Card,Hyderabad
T00000775,C100004,A200006,2026-03-05,10285.64,Debit,Transfer,P2P Transfer,Cash,Hyderabad
T00000776,C100004,A200006,2026-02-05,171.57,Debit,Transfer,P2P Transfer,NEFT,Hyderabad
T00000777,C100004,A200006,2026-06-22,2040.7,Debit,Food,Cafe Coffee Day,Debit Card,Hyderabad
T00000778,C100004,A200006,2026-07-21,84.48,Debit,ATM,ATM Withdrawal,NEFT,Hyderabad
T00000779,C100004,A200006,2026-07-08,4274.58,Debit,Education,College Fee,Credit Card,Hyderabad
T00000780,C100004,A200006,2026-04-06,8601.73,Debit,Other,Misc Merchant,UPI,Hyderabad
T00000781,C100004,A200006,2026-03-08,4918.27,Debit,Fuel,Indian Oil,Debit Card,Hyderabad
T00000782,C100004,A200006,2026-04-16,2410.12,Debit,Travel,MakeMyTrip,Net Banking,Hyderabad
T00000783,C100004,A200006,2026-03-02,1968.05,Debit,ATM,ATM Withdrawal,UPI,Hyderabad
T00000784,C100004,A200006,2026-07-31,1267.62,Debit,Other,Misc Merchant,Cash,Hyderabad
T00000785,C100004,A200006,2026-05-28,955.27,Debit,Education,College Fee,Cash,Hyderabad
T00000786,C100004,A200006,2026-05-23,471.12,Debit,Transfer,P2P Transfer,Cash,Hyderabad
T00000787,C100004,A200006,2026-07-16,4284.38,Debit,Other,Misc Merchant,Net Banking,Hyderabad
T00000788,C100004,A200006,2026-02-12,6783.73,Debit,Travel,MakeMyTrip,NEFT,Hyderabad
T00000789,C100004,A200006,2026-05-08,1270.87,Debit,Transfer,P2P Transfer,NEFT,Hyderabad
T00000790,C100004,A200006,2026-03-15,3874.31,Debit,Investment,Zerodha,Debit Card,Hyderabad
T00000791,C100004,A200006,2026-06-13,3815.38,Debit,Entertainment,PVR,Debit Card,Hyderabad
T00000792,C100004,A200006,2026-04-08,1756.61,Debit,Rent,Landlord Transfer,Credit Card,Hyderabad
T00000793,C100004,A200006,2026-03-21,1264.71,Debit,Transfer,P2P Transfer,Credit Card,Hyderabad
T00000794,C100004,A200006,2026-04-10,3926.12,Debit,Food,Local Restaurant,Debit Card,Hyderabad
T00000795,C100004,A200006,2026-04-09,1034.1,Debit,ATM,ATM Withdrawal,UPI,Hyderabad
T00000796,C100004,A200006,2026-05-31,4611.92,Debit,Bills,Water Dept,Net Banking,Hyderabad
T00000797,C100004,A200006,2026-02-14,8413.31,Debit,Investment,Zerodha,Debit Card,Hyderabad
T00000798,C100004,A200006,2026-06-29,555.84,Debit,Food,Cafe Coffee Day,Cash,Hyderabad
T00000799,C100004,A200006,2026-02-19,3181.22,Debit,Travel,IndiGo,UPI,Hyderabad
T00000800,C100004,A200006,2026-05-21,2204.19,Debit,Food,Swiggy,Cash,Hyderabad
T00000801,C100004,A200006,2026-05-24,1309.98,Debit,Transfer,P2P Transfer,Credit Card,Hyderabad
T00000802,C100004,A200006,2026-03-15,1998.23,Debit,Investment,Groww,Net Banking,Hyderabad
T00000803,C100004,A200006,2026-02-19,98.38,Debit,Food,Cafe Coffee Day,Net Banking,Hyderabad
T00000804,C100004,A200006,2026-03-02,1345.19,Debit,Other,Misc Merchant,Cash,Hyderabad
T00000805,C100004,A200006,2026-07-31,65565.61,Credit,Salary,Employer,NEFT,Hyderabad
T00000806,C100004,A200006,2026-07-01,65515.97,Credit,Salary,Employer,NEFT,Hyderabad
T00000807,C100004,A200006,2026-06-02,62767.41,Credit,Salary,Employer,NEFT,Hyderabad
T00000808,C100004,A200006,2026-05-02,65497.87,Credit,Salary,Employer,NEFT,Hyderabad
T00000809,C100004,A200006,2026-04-02,63650.47,Credit,Salary,Employer,NEFT,Hyderabad
T00000810,C100004,A200006,2026-03-02,65374.15,Credit,Salary,Employer,NEFT,Hyderabad
T00000811,C100005,A200007,2026-05-31,62.8,Debit,Transfer,P2P Transfer,Credit Card,Hyderabad
T00000812,C100005,A200007,2026-03-20,177.4,Debit,Rent,Landlord Transfer,Debit Card,Hyderabad
T00000813,C100005,A200007,2026-05-26,102.4,Debit,Rent,Landlord Transfer,Credit Card,Hyderabad
T00000814,C100005,A200007,2026-04-27,2113.03,Debit,ATM,ATM Withdrawal,Credit Card,Hyderabad
T00000815,C100005,A200007,2026-03-15,108.7,Debit,ATM,ATM Withdrawal,UPI,Hyderabad
T00000816,C100005,A200007,2026-03-21,582.69,Debit,Healthcare,Apollo Pharmacy,Cash,Hyderabad
T00000817,C100005,A200007,2026-05-23,8078.75,Debit,Food,Zomato,UPI,Hyderabad
T00000818,C100005,A200007,2026-05-19,59.03,Debit,Shopping,Myntra,Credit Card,Hyderabad
T00000819,C100005,A200007,2026-02-10,4743.98,Debit,Healthcare,Apollo Pharmacy,UPI,Hyderabad
T00000820,C100005,A200007,2026-06-10,198.43,Debit,Shopping,Amazon,UPI,Hyderabad
T00000821,C100005,A200007,2026-07-10,388.79,Debit,Rent,Landlord Transfer,Cash,Hyderabad
T00000822,C100005,A200007,2026-07-21,1477.74,Debit,Shopping,Myntra,Debit Card,Hyderabad
T00000823,C100005,A200007,2026-06-23,1335.2,Debit,Food,Local Restaurant,Cash,Hyderabad
T00000824,C100005,A200007,2026-03-01,472.26,Debit,Rent,Landlord Transfer,Cash,Hyderabad
T00000825,C100005,A200007,2026-06-26,672.23,Debit,Healthcare,Apollo Pharmacy,NEFT,Hyderabad
T00000826,C100005,A200007,2026-05-27,2471.15,Debit,Travel,Uber,UPI,Hyderabad
T00000827,C100005,A200007,2026-03-09,104.15,Debit,Investment,Zerodha,UPI,Hyderabad
T00000828,C100005,A200007,2026-07-26,340.33,Debit,Education,Udemy,NEFT,Hyderabad
T00000829,C100005,A200007,2026-04-28,437.4,Debit,Rent,Landlord Transfer,Credit Card,Hyderabad
T00000830,C100005,A200007,2026-02-19,43.08,Debit,Healthcare,1mg,Net Banking,Hyderabad
T00000831,C100005,A200007,2026-04-30,347.48,Debit,Investment,Groww,UPI,Hyderabad
T00000832,C100005,A200007,2026-06-29,180.59,Debit,Rent,Landlord Transfer,Debit Card,Hyderabad
T00000833,C100005,A200007,2026-02-22,1899.91,Debit,Rent,Landlord Transfer,Debit Card,Hyderabad
T00000834,C100005,A200007,2026-07-04,315.78,Debit,Entertainment,Netflix,NEFT,Hyderabad
T00000835,C100005,A200007,2026-02-19,5061.78,Debit,Travel,IndiGo,Debit Card,Hyderabad
T00000836,C100005,A200007,2026-03-30,548.95,Debit,Rent,Landlord Transfer,UPI,Hyderabad
T00000837,C100005,A200007,2026-06-14,255.8,Debit,Rent,Landlord Transfer,Debit Card,Hyderabad
T00000838,C100005,A200007,2026-04-24,57.16,Debit,ATM,ATM Withdrawal,Net Banking,Hyderabad
T00000839,C100005,A200007,2026-03-22,3066.16,Debit,Travel,Uber,UPI,Hyderabad
T00000840,C100005,A200007,2026-03-14,2929.79,Debit,Healthcare,1mg,Cash,Hyderabad
T00000841,C100005,A200007,2026-03-05,3984.96,Debit,Rent,Landlord Transfer,Cash,Hyderabad
T00000842,C100005,A200007,2026-03-19,4948.62,Debit,Investment,Zerodha,Debit Card,Hyderabad
T00000843,C100005,A200007,2026-04-25,3433.33,Debit,Healthcare,1mg,Net Banking,Hyderabad
T00000844,C100005,A200007,2026-07-17,2207.07,Debit,Rent,Landlord Transfer,NEFT,Hyderabad
T00000845,C100005,A200007,2026-06-12,1838.86,Debit,Travel,Ola,NEFT,Hyderabad
T00000846,C100005,A200007,2026-06-23,914.39,Debit,Rent,Landlord Transfer,UPI,Hyderabad
T00000847,C100005,A200007,2026-05-26,3508.73,Debit,Rent,Landlord Transfer,Net Banking,Hyderabad
T00000848,C100005,A200007,2026-03-08,825.82,Debit,Rent,Landlord Transfer,Net Banking,Hyderabad
T00000849,C100005,A200007,2026-05-15,468.07,Debit,Fuel,Indian Oil,Cash,Hyderabad
T00000850,C100005,A200007,2026-02-21,453.37,Debit,Education,College Fee,Credit Card,Hyderabad
T00000851,C100005,A200007,2026-04-29,3518.98,Debit,Other,Misc Merchant,NEFT,Hyderabad
T00000852,C100005,A200007,2026-07-20,6123.26,Debit,Bills,Electricity Board,Debit Card,Hyderabad
T00000853,C100005,A200007,2026-03-26,1260.9,Debit,Travel,Uber,Net Banking,Hyderabad
T00000854,C100005,A200007,2026-05-19,1023.48,Debit,Entertainment,PVR,Credit Card,Hyderabad
T00000855,C100005,A200007,2026-02-25,1807.8,Debit,Travel,IRCTC,Debit Card,Hyderabad
T00000856,C100005,A200007,2026-02-13,3358.45,Debit,Rent,Landlord Transfer,Cash,Hyderabad
T00000857,C100005,A200007,2026-04-02,111.78,Debit,Rent,Landlord Transfer,Credit Card,Hyderabad
T00000858,C100005,A200007,2026-05-09,1702.69,Debit,Shopping,Myntra,Net Banking,Hyderabad
T00000859,C100005,A200007,2026-04-02,536.0,Debit,Entertainment,PVR,Cash,Hyderabad
T00000860,C100005,A200007,2026-06-15,556.53,Debit,Rent,Landlord Transfer,Net Banking,Hyderabad
T00000861,C100005,A200007,2026-03-13,2305.15,Debit,Rent,Landlord Transfer,Cash,Hyderabad
T00000862,C100005,A200007,2026-05-25,309.54,Debit,Healthcare,Local Clinic,UPI,Hyderabad
T00000863,C100005,A200007,2026-02-11,443.49,Debit,Rent,Landlord Transfer,Cash,Hyderabad
T00000864,C100005,A200007,2026-06-07,3796.16,Debit,ATM,ATM Withdrawal,Net Banking,Hyderabad
T00000865,C100005,A200007,2026-05-20,1442.45,Debit,Rent,Landlord Transfer,Cash,Hyderabad
T00000866,C100005,A200007,2026-05-10,981.63,Debit,Rent,Landlord Transfer,NEFT,Hyderabad
T00000867,C100005,A200007,2026-06-01,366.67,Debit,Investment,Groww,NEFT,Hyderabad
T00000868,C100005,A200007,2026-05-09,220.41,Debit,Rent,Landlord Transfer,Net Banking,Hyderabad
T00000869,C100005,A200007,2026-03-29,829.08,Debit,Rent,Landlord Transfer,UPI,Hyderabad
T00000870,C100005,A200007,2026-04-06,956.42,Debit,Rent,Landlord Transfer,Debit Card,Hyderabad
T00000871,C100005,A200007,2026-03-09,2326.31,Debit,Travel,Ola,Debit Card,Hyderabad
T00000872,C100005,A200007,2026-05-26,4009.37,Debit,Entertainment,BookMyShow,Net Banking,Hyderabad
T00000873,C100005,A200007,2026-03-06,1328.11,Debit,Entertainment,Spotify,NEFT,Hyderabad
T00000874,C100005,A200007,2026-07-19,155.24,Debit,Rent,Landlord Transfer,NEFT,Hyderabad
T00000875,C100005,A200007,2026-05-20,5575.3,Debit,Healthcare,1mg,Credit Card,Hyderabad
T00000876,C100005,A200007,2026-02-12,1675.1,Debit,Travel,MakeMyTrip,Cash,Hyderabad
T00000877,C100005,A200007,2026-04-24,2571.26,Debit,Transfer,P2P Transfer,Cash,Hyderabad
T00000878,C100005,A200007,2026-02-07,2035.57,Debit,Rent,Landlord Transfer,Credit Card,Hyderabad
T00000879,C100005,A200007,2026-03-21,1533.37,Debit,Entertainment,BookMyShow,Net Banking,Hyderabad
T00000880,C100005,A200007,2026-06-20,6625.47,Debit,Rent,Landlord Transfer,NEFT,Hyderabad
T00000881,C100005,A200007,2026-02-12,135.76,Debit,Travel,IRCTC,UPI,Hyderabad
T00000882,C100005,A200007,2026-03-21,726.85,Debit,Transfer,P2P Transfer,NEFT,Hyderabad
T00000883,C100005,A200007,2026-07-28,2962.02,Debit,Entertainment,Spotify,Net Banking,Hyderabad
T00000884,C100005,A200007,2026-07-19,1581.92,Debit,Rent,Landlord Transfer,Debit Card,Hyderabad
T00000885,C100005,A200007,2026-05-10,3284.01,Debit,Entertainment,PVR,UPI,Hyderabad
T00000886,C100005,A200007,2026-08-01,4096.21,Debit,Fuel,HP Petrol Pump,Cash,Hyderabad
T00000887,C100005,A200007,2026-02-24,28.82,Debit,Rent,Landlord Transfer,Credit Card,Hyderabad
T00000888,C100005,A200007,2026-05-10,1152.01,Debit,ATM,ATM Withdrawal,NEFT,Hyderabad
T00000889,C100005,A200007,2026-07-12,5881.8,Debit,Transfer,P2P Transfer,UPI,Hyderabad
T00000890,C100005,A200007,2026-04-14,724.92,Debit,Entertainment,PVR,UPI,Hyderabad
T00000891,C100005,A200007,2026-07-28,928.7,Debit,Investment,Groww,Debit Card,Hyderabad
T00000892,C100005,A200007,2026-03-25,251.89,Debit,Rent,Landlord Transfer,Credit Card,Hyderabad
T00000893,C100005,A200007,2026-03-26,1793.24,Debit,Rent,Landlord Transfer,Debit Card,Hyderabad
T00000894,C100005,A200007,2026-04-18,833.05,Debit,Travel,Ola,Credit Card,Hyderabad
T00000895,C100005,A200007,2026-05-28,261.46,Debit,Education,Udemy,Net Banking,Hyderabad
T00000896,C100005,A200007,2026-03-18,659.93,Debit,Travel,IRCTC,UPI,Hyderabad
T00000897,C100005,A200007,2026-05-17,1605.62,Debit,Travel,IndiGo,Cash,Hyderabad
T00000898,C100005,A200007,2026-06-03,214.64,Debit,Healthcare,1mg,UPI,Hyderabad
T00000899,C100005,A200007,2026-02-13,277.75,Debit,ATM,ATM Withdrawal,Net Banking,Hyderabad
T00000900,C100005,A200007,2026-04-25,20.0,Debit,Food,Cafe Coffee Day,NEFT,Hyderabad
T00000901,C100005,A200007,2026-03-23,94.67,Debit,Travel,IRCTC,NEFT,Hyderabad
T00000902,C100005,A200007,2026-02-11,886.63,Debit,Rent,Landlord Transfer,NEFT,Hyderabad
T00000903,C100005,A200007,2026-02-14,4833.98,Debit,Entertainment,Netflix,UPI,Hyderabad
T00000904,C100005,A200007,2026-02-17,218.32,Debit,Investment,Groww,Cash,Hyderabad
T00000905,C100005,A200007,2026-04-05,928.72,Debit,Rent,Landlord Transfer,Cash,Hyderabad
T00000906,C100005,A200007,2026-05-28,33.7,Debit,Travel,IndiGo,Net Banking,Hyderabad
T00000907,C100005,A200007,2026-07-14,1267.52,Debit,Rent,Landlord Transfer,Debit Card,Hyderabad
T00000908,C100005,A200007,2026-07-05,375.83,Debit,Fuel,HP Petrol Pump,Net Banking,Hyderabad
T00000909,C100005,A200007,2026-03-14,4210.58,Debit,Travel,Uber,Debit Card,Hyderabad
T00000910,C100005,A200007,2026-03-25,458.42,Debit,ATM,ATM Withdrawal,Debit Card,Hyderabad
T00000911,C100005,A200007,2026-05-30,2511.81,Debit,Rent,Landlord Transfer,UPI,Hyderabad
T00000912,C100005,A200007,2026-02-19,898.66,Debit,Transfer,P2P Transfer,Net Banking,Hyderabad
T00000913,C100005,A200007,2026-05-14,1118.84,Debit,Investment,Zerodha,Credit Card,Hyderabad
T00000914,C100005,A200007,2026-06-20,451.45,Debit,Rent,Landlord Transfer,Cash,Hyderabad
T00000915,C100005,A200007,2026-04-04,455.35,Debit,Travel,IndiGo,Credit Card,Hyderabad
T00000916,C100005,A200007,2026-07-03,114.58,Debit,Travel,Uber,Net Banking,Hyderabad
T00000917,C100005,A200007,2026-05-26,1919.32,Debit,Rent,Landlord Transfer,Credit Card,Hyderabad
T00000918,C100005,A200007,2026-04-03,1802.64,Debit,Travel,MakeMyTrip,UPI,Hyderabad
T00000919,C100005,A200007,2026-03-09,1291.98,Debit,Shopping,Amazon,Net Banking,Hyderabad
T00000920,C100005,A200007,2026-04-28,3162.0,Debit,Rent,Landlord Transfer,Cash,Hyderabad
T00000921,C100005,A200007,2026-05-30,3681.96,Debit,Entertainment,Spotify,NEFT,Hyderabad
T00000922,C100005,A200007,2026-07-25,1108.18,Debit,Rent,Landlord Transfer,NEFT,Hyderabad
T00000923,C100005,A200007,2026-03-31,149.23,Debit,Travel,Uber,Cash,Hyderabad
T00000924,C100005,A200007,2026-04-03,3897.77,Debit,ATM,ATM Withdrawal,Net Banking,Hyderabad
T00000925,C100005,A200007,2026-03-30,202.81,Debit,Entertainment,Spotify,Credit Card,Hyderabad
T00000926,C100005,A200007,2026-03-30,1150.54,Debit,Entertainment,PVR,Debit Card,Hyderabad
T00000927,C100005,A200007,2026-05-06,974.9,Debit,Rent,Landlord Transfer,UPI,Hyderabad
T00000928,C100005,A200007,2026-04-20,20.0,Debit,Transfer,P2P Transfer,NEFT,Hyderabad
T00000929,C100005,A200007,2026-05-18,611.61,Debit,Rent,Landlord Transfer,Cash,Hyderabad
T00000930,C100005,A200007,2026-07-07,2191.53,Debit,Rent,Landlord Transfer,Net Banking,Hyderabad
T00000931,C100005,A200007,2026-02-04,2224.53,Debit,Travel,IndiGo,Credit Card,Hyderabad
T00000932,C100005,A200007,2026-06-23,991.67,Debit,Healthcare,1mg,Credit Card,Hyderabad
T00000933,C100005,A200007,2026-04-30,1227.11,Debit,ATM,ATM Withdrawal,Cash,Hyderabad
T00000934,C100005,A200007,2026-04-24,1371.9,Debit,Food,Cafe Coffee Day,NEFT,Hyderabad
T00000935,C100005,A200007,2026-04-23,353.85,Debit,Travel,MakeMyTrip,Cash,Hyderabad
T00000936,C100005,A200007,2026-05-30,4150.28,Debit,Rent,Landlord Transfer,UPI,Hyderabad
T00000937,C100005,A200007,2026-05-02,509.53,Debit,Investment,Groww,Debit Card,Hyderabad
T00000938,C100005,A200007,2026-07-05,25.57,Debit,Transfer,P2P Transfer,Net Banking,Hyderabad
T00000939,C100005,A200007,2026-04-24,665.49,Debit,Shopping,Local Store,NEFT,Hyderabad
T00000940,C100005,A200007,2026-02-09,22.26,Debit,Fuel,HP Petrol Pump,NEFT,Hyderabad
T00000941,C100005,A200007,2026-03-08,858.52,Debit,Rent,Landlord Transfer,Net Banking,Hyderabad
T00000942,C100005,A200007,2026-05-02,7568.53,Debit,Transfer,P2P Transfer,NEFT,Hyderabad
T00000943,C100005,A200007,2026-05-18,2677.7,Debit,Rent,Landlord Transfer,UPI,Hyderabad
T00000944,C100005,A200007,2026-07-06,537.76,Debit,Entertainment,Netflix,Credit Card,Hyderabad
T00000945,C100005,A200007,2026-06-15,2904.77,Debit,Healthcare,1mg,Credit Card,Hyderabad
T00000946,C100005,A200007,2026-06-10,2925.66,Debit,Rent,Landlord Transfer,Cash,Hyderabad
T00000947,C100005,A200007,2026-03-20,179.74,Debit,Rent,Landlord Transfer,Cash,Hyderabad
T00000948,C100005,A200007,2026-06-08,2951.91,Debit,Rent,Landlord Transfer,Debit Card,Hyderabad
T00000949,C100005,A200007,2026-06-14,1965.2,Debit,Rent,Landlord Transfer,Debit Card,Hyderabad
T00000950,C100005,A200007,2026-05-16,1706.4,Debit,Entertainment,PVR,Credit Card,Hyderabad
T00000951,C100005,A200007,2026-05-31,1426.51,Debit,Rent,Landlord Transfer,NEFT,Hyderabad
T00000952,C100005,A200007,2026-03-06,1081.4,Debit,ATM,ATM Withdrawal,UPI,Hyderabad
T00000953,C100005,A200007,2026-06-23,1690.19,Debit,Rent,Landlord Transfer,Cash,Hyderabad
T00000954,C100005,A200007,2026-06-10,570.54,Debit,Fuel,HP Petrol Pump,NEFT,Hyderabad
T00000955,C100005,A200007,2026-07-23,234.86,Debit,Entertainment,Netflix,Cash,Hyderabad
T00000956,C100005,A200007,2026-03-06,384.54,Debit,Rent,Landlord Transfer,Debit Card,Hyderabad
T00000957,C100005,A200007,2026-04-25,731.23,Debit,Rent,Landlord Transfer,Net Banking,Hyderabad
T00000958,C100005,A200007,2026-05-24,2714.56,Debit,Investment,Zerodha,NEFT,Hyderabad
T00000959,C100005,A200007,2026-05-28,482.95,Debit,Other,Misc Merchant,Net Banking,Hyderabad
T00000960,C100005,A200007,2026-05-02,1191.28,Debit,Rent,Landlord Transfer,NEFT,Hyderabad
T00000961,C100005,A200007,2026-05-15,545.49,Debit,Rent,Landlord Transfer,Credit Card,Hyderabad
T00000962,C100005,A200007,2026-05-23,785.93,Debit,Entertainment,PVR,Debit Card,Hyderabad
T00000963,C100005,A200007,2026-05-22,854.84,Debit,Rent,Landlord Transfer,Credit Card,Hyderabad
T00000964,C100005,A200007,2026-03-06,788.44,Debit,Entertainment,PVR,UPI,Hyderabad
T00000965,C100005,A200007,2026-03-14,1652.57,Debit,Travel,IndiGo,UPI,Hyderabad
T00000966,C100005,A200007,2026-07-16,690.35,Debit,Education,Coursera,NEFT,Hyderabad
T00000967,C100005,A200007,2026-03-15,4682.02,Debit,Entertainment,Netflix,Credit Card,Hyderabad
T00000968,C100005,A200007,2026-07-03,1803.76,Debit,ATM,ATM Withdrawal,Debit Card,Hyderabad
T00000969,C100005,A200007,2026-06-13,1243.11,Debit,Food,Zomato,Cash,Hyderabad
T00000970,C100005,A200007,2026-06-30,672.65,Debit,Rent,Landlord Transfer,Credit Card,Hyderabad
T00000971,C100005,A200007,2026-04-21,1147.23,Debit,Transfer,P2P Transfer,Debit Card,Hyderabad
T00000972,C100005,A200007,2026-05-25,770.89,Debit,Rent,Landlord Transfer,UPI,Hyderabad
T00000973,C100005,A200007,2026-05-21,1137.76,Debit,Rent,Landlord Transfer,NEFT,Hyderabad
T00000974,C100005,A200007,2026-07-21,1073.51,Debit,Healthcare,Local Clinic,NEFT,Hyderabad
T00000975,C100005,A200007,2026-05-19,232.74,Debit,Transfer,P2P Transfer,Debit Card,Hyderabad
T00000976,C100005,A200007,2026-03-01,1454.85,Debit,Rent,Landlord Transfer,Cash,Hyderabad
T00000977,C100005,A200007,2026-03-29,2758.96,Debit,Entertainment,BookMyShow,NEFT,Hyderabad
T00000978,C100005,A200007,2026-07-21,3867.35,Debit,Rent,Landlord Transfer,Credit Card,Hyderabad
T00000979,C100005,A200007,2026-06-10,2163.16,Debit,Transfer,P2P Transfer,Debit Card,Hyderabad
T00000980,C100005,A200007,2026-05-27,551.39,Debit,Entertainment,BookMyShow,Debit Card,Hyderabad
T00000981,C100005,A200007,2026-03-23,172.32,Debit,Shopping,Amazon,Debit Card,Hyderabad
T00000982,C100005,A200007,2026-07-29,264.83,Debit,Entertainment,BookMyShow,UPI,Hyderabad
T00000983,C100005,A200007,2026-04-28,1660.93,Debit,Travel,Ola,Debit Card,Hyderabad
T00000984,C100005,A200007,2026-04-17,125.2,Debit,Healthcare,Apollo Pharmacy,NEFT,Hyderabad
T00000985,C100005,A200007,2026-05-16,780.07,Debit,Travel,IndiGo,Net Banking,Hyderabad
T00000986,C100005,A200007,2026-02-19,436.84,Debit,Rent,Landlord Transfer,Credit Card,Hyderabad
T00000987,C100005,A200007,2026-02-06,1701.65,Debit,Rent,Landlord Transfer,UPI,Hyderabad
T00000988,C100005,A200007,2026-06-10,20.0,Debit,Travel,IRCTC,Cash,Hyderabad
T00000989,C100005,A200007,2026-04-11,20.0,Debit,Healthcare,Apollo Pharmacy,Net Banking,Hyderabad
T00000990,C100005,A200007,2026-05-05,2623.67,Debit,Travel,Uber,Net Banking,Hyderabad
T00000991,C100005,A200007,2026-06-23,2289.72,Debit,Rent,Landlord Transfer,Debit Card,Hyderabad
T00000992,C100005,A200007,2026-04-14,1025.38,Debit,Healthcare,Local Clinic,Cash,Hyderabad
T00000993,C100005,A200007,2026-07-21,3518.02,Debit,Rent,Landlord Transfer,Cash,Hyderabad
T00000994,C100005,A200007,2026-05-02,83.34,Debit,Healthcare,1mg,Debit Card,Hyderabad
T00000995,C100005,A200007,2026-03-24,226.83,Debit,Transfer,P2P Transfer,Net Banking,Hyderabad
T00000996,C100005,A200007,2026-02-24,3235.32,Debit,Entertainment,PVR,Credit Card,Hyderabad
T00000997,C100005,A200007,2026-07-06,1093.91,Debit,Rent,Landlord Transfer,Debit Card,Hyderabad
T00000998,C100005,A200007,2026-06-19,1870.81,Debit,Food,Swiggy,Credit Card,Hyderabad
T00000999,C100005,A200007,2026-02-10,172.46,Debit,Food,Swiggy,Cash,Hyderabad
T00001000,C100005,A200007,2026-06-11,861.35,Debit,Rent,Landlord Transfer,NEFT,Hyderabad
T00001001,C100005,A200007,2026-06-07,2752.07,Debit,Healthcare,Apollo Pharmacy,NEFT,Hyderabad
T00001002,C100005,A200007,2026-05-22,112.91,Debit,Bills,Jio,NEFT,Hyderabad
T00001003,C100005,A200007,2026-02-11,135.15,Debit,Education,Coursera,Credit Card,Hyderabad
T00001004,C100005,A200007,2026-06-13,4381.72,Debit,Rent,Landlord Transfer,UPI,Hyderabad
T00001005,C100005,A200007,2026-04-10,87.68,Debit,Healthcare,Apollo Pharmacy,Cash,Hyderabad
T00001006,C100005,A200007,2026-07-09,936.83,Debit,Rent,Landlord Transfer,Credit Card,Hyderabad
T00001007,C100005,A200007,2026-03-03,3247.65,Debit,Healthcare,1mg,Debit Card,Hyderabad
T00001008,C100005,A200007,2026-04-18,2915.26,Debit,Travel,MakeMyTrip,Debit Card,Hyderabad
T00001009,C100005,A200007,2026-06-25,2767.45,Debit,ATM,ATM Withdrawal,Credit Card,Hyderabad
T00001010,C100005,A200007,2026-05-06,399.88,Debit,Entertainment,PVR,NEFT,Hyderabad
T00001011,C100005,A200007,2026-03-08,679.52,Debit,Transfer,P2P Transfer,Cash,Hyderabad
T00001012,C100005,A200007,2026-06-06,4262.0,Debit,Education,College Fee,Credit Card,Hyderabad
T00001013,C100005,A200007,2026-03-02,1273.42,Debit,Healthcare,Apollo Pharmacy,Net Banking,Hyderabad
T00001014,C100005,A200007,2026-03-19,177.68,Debit,Rent,Landlord Transfer,Debit Card,Hyderabad
T00001015,C100005,A200007,2026-07-25,1366.66,Debit,Fuel,Indian Oil,Credit Card,Hyderabad
T00001016,C100005,A200007,2026-04-07,7856.36,Debit,Rent,Landlord Transfer,Debit Card,Hyderabad
T00001017,C100005,A200007,2026-06-25,170.53,Debit,Fuel,Indian Oil,Net Banking,Hyderabad
T00001018,C100005,A200007,2026-05-15,529.96,Debit,Investment,Zerodha,Debit Card,Hyderabad
T00001019,C100005,A200007,2026-07-30,859.02,Debit,Rent,Landlord Transfer,Debit Card,Hyderabad
T00001020,C100005,A200007,2026-03-14,70.87,Debit,Rent,Landlord Transfer,Debit Card,Hyderabad
T00001021,C100005,A200007,2026-04-21,232.19,Debit,Rent,Landlord Transfer,Cash,Hyderabad
T00001022,C100005,A200007,2026-07-29,3273.83,Debit,Travel,IndiGo,Net Banking,Hyderabad
T00001023,C100005,A200007,2026-03-05,1221.81,Debit,Rent,Landlord Transfer,Debit Card,Hyderabad
T00001024,C100005,A200007,2026-02-24,93.23,Debit,Rent,Landlord Transfer,Credit Card,Hyderabad
T00001025,C100005,A200007,2026-03-02,339.61,Debit,Travel,IndiGo,UPI,Hyderabad
T00001026,C100005,A200007,2026-05-06,334.99,Debit,Travel,IRCTC,UPI,Hyderabad
T00001027,C100005,A200007,2026-03-17,3251.77,Debit,Rent,Landlord Transfer,Debit Card,Hyderabad
T00001028,C100005,A200007,2026-06-29,78.12,Debit,Shopping,Amazon,Debit Card,Hyderabad
T00001029,C100005,A200007,2026-02-03,580.47,Debit,Education,College Fee,Credit Card,Hyderabad
T00001030,C100005,A200007,2026-02-05,1461.25,Debit,Rent,Landlord Transfer,Debit Card,Hyderabad
T00001031,C100005,A200007,2026-02-05,824.93,Debit,Travel,Ola,Debit Card,Hyderabad
T00001032,C100005,A200007,2026-07-16,813.25,Debit,Shopping,Flipkart,Net Banking,Hyderabad
T00001033,C100005,A200007,2026-03-11,3587.35,Debit,Rent,Landlord Transfer,NEFT,Hyderabad
T00001034,C100005,A200007,2026-06-05,184.48,Debit,Shopping,Myntra,Credit Card,Hyderabad
T00001035,C100005,A200007,2026-06-04,97.31,Debit,Rent,Landlord Transfer,UPI,Hyderabad
T00001036,C100005,A200007,2026-02-13,2371.54,Debit,Rent,Landlord Transfer,Debit Card,Hyderabad
T00001037,C100005,A200007,2026-04-15,60.83,Debit,Fuel,Indian Oil,NEFT,Hyderabad
T00001038,C100005,A200007,2026-02-25,272.91,Debit,Healthcare,Local Clinic,UPI,Hyderabad
T00001039,C100005,A200007,2026-04-22,645.74,Debit,Rent,Landlord Transfer,Cash,Hyderabad
T00001040,C100005,A200007,2026-02-07,284.32,Debit,Investment,Zerodha,Debit Card,Hyderabad
T00001041,C100005,A200007,2026-06-26,1386.21,Debit,Education,Udemy,Cash,Hyderabad
T00001042,C100005,A200007,2026-07-16,1699.88,Debit,Food,Swiggy,Net Banking,Hyderabad
T00001043,C100005,A200007,2026-06-11,298.93,Debit,Rent,Landlord Transfer,UPI,Hyderabad
T00001044,C100005,A200007,2026-05-16,2294.64,Debit,Rent,Landlord Transfer,Debit Card,Hyderabad
T00001045,C100005,A200007,2026-07-31,77039.34,Credit,Salary,Employer,NEFT,Hyderabad
T00001046,C100005,A200007,2026-07-01,77784.34,Credit,Salary,Employer,NEFT,Hyderabad
T00001047,C100005,A200007,2026-06-01,77984.41,Credit,Salary,Employer,NEFT,Hyderabad
T00001048,C100005,A200007,2026-05-01,79513.48,Credit,Salary,Employer,NEFT,Hyderabad
T00001049,C100005,A200007,2026-04-03,78938.42,Credit,Salary,Employer,NEFT,Hyderabad
T00001050,C100005,A200007,2026-03-02,79307.73,Credit,Salary,Employer,NEFT,Hyderabad
T00001051,C100006,A200009,2026-03-24,1327.36,Debit,Other,Misc Merchant,Cash,Delhi
T00001052,C100006,A200009,2026-05-10,1238.75,Debit,Other,Misc Merchant,Net Banking,Delhi
T00001053,C100006,A200009,2026-03-23,786.15,Debit,Education,College Fee,Net Banking,Delhi
T00001054,C100006,A200009,2026-06-03,1079.58,Debit,Food,Cafe Coffee Day,Cash,Delhi
T00001055,C100006,A200009,2026-05-01,421.87,Debit,Fuel,Indian Oil,UPI,Delhi
T00001056,C100006,A200008,2026-02-06,1214.23,Debit,Healthcare,Apollo Pharmacy,Cash,Delhi
T00001057,C100006,A200008,2026-05-22,2557.69,Debit,Other,Misc Merchant,Net Banking,Delhi
T00001058,C100006,A200008,2026-06-29,20.0,Debit,Transfer,P2P Transfer,Net Banking,Delhi
T00001059,C100006,A200008,2026-03-17,2430.66,Debit,Healthcare,1mg,Net Banking,Delhi
T00001060,C100006,A200008,2026-07-07,93.03,Debit,Education,Coursera,UPI,Delhi
T00001061,C100006,A200009,2026-07-05,632.01,Debit,Travel,IRCTC,UPI,Delhi
T00001062,C100006,A200009,2026-07-23,4319.56,Debit,Healthcare,1mg,Debit Card,Delhi
T00001063,C100006,A200009,2026-07-22,772.54,Debit,Travel,MakeMyTrip,UPI,Delhi
T00001064,C100006,A200009,2026-02-21,1742.51,Debit,Other,Misc Merchant,Cash,Delhi
T00001065,C100006,A200008,2026-03-02,2708.75,Debit,Bills,Water Dept,Net Banking,Delhi
T00001066,C100006,A200008,2026-04-30,1472.98,Debit,Rent,Landlord Transfer,Net Banking,Delhi
T00001067,C100006,A200008,2026-02-24,691.91,Debit,Rent,Landlord Transfer,NEFT,Delhi
T00001068,C100006,A200008,2026-05-03,1982.36,Debit,Travel,Ola,NEFT,Delhi
T00001069,C100006,A200008,2026-04-29,6303.7,Debit,Fuel,Indian Oil,Debit Card,Delhi
T00001070,C100006,A200008,2026-05-22,6833.6,Debit,Bills,Jio,NEFT,Delhi
T00001071,C100006,A200009,2026-03-26,1554.49,Debit,Education,Udemy,Cash,Delhi
T00001072,C100006,A200009,2026-04-10,1231.28,Debit,Healthcare,1mg,Debit Card,Delhi
T00001073,C100006,A200009,2026-07-03,952.53,Debit,Education,Udemy,Credit Card,Delhi
T00001074,C100006,A200009,2026-04-17,4179.08,Debit,Education,College Fee,Credit Card,Delhi
T00001075,C100006,A200008,2026-05-13,2983.88,Debit,Entertainment,BookMyShow,NEFT,Delhi
T00001076,C100006,A200008,2026-04-26,6245.34,Debit,Other,Misc Merchant,Credit Card,Delhi
T00001077,C100006,A200009,2026-06-27,1691.69,Debit,Entertainment,Netflix,Net Banking,Delhi
T00001078,C100006,A200008,2026-02-11,2452.08,Debit,Education,College Fee,NEFT,Delhi
T00001079,C100006,A200009,2026-05-27,1113.84,Debit,Entertainment,PVR,Cash,Delhi
T00001080,C100006,A200008,2026-05-13,1651.96,Debit,Other,Misc Merchant,UPI,Delhi
T00001081,C100006,A200009,2026-04-23,471.79,Debit,Food,Zomato,Debit Card,Delhi
T00001082,C100006,A200009,2026-07-27,2384.89,Debit,Bills,Airtel,NEFT,Delhi
T00001083,C100006,A200008,2026-05-07,2217.99,Debit,Fuel,Indian Oil,NEFT,Delhi
T00001084,C100006,A200008,2026-03-24,146.77,Debit,Education,College Fee,Credit Card,Delhi
T00001085,C100006,A200009,2026-03-07,3196.13,Debit,Education,College Fee,NEFT,Delhi
T00001086,C100006,A200009,2026-04-23,2857.52,Debit,Food,Swiggy,Net Banking,Delhi
T00001087,C100006,A200009,2026-03-03,262.9,Debit,Investment,Zerodha,UPI,Delhi
T00001088,C100006,A200009,2026-06-13,5165.37,Debit,Entertainment,Netflix,UPI,Delhi
T00001089,C100006,A200008,2026-03-07,258.88,Debit,Investment,Groww,Cash,Delhi
T00001090,C100006,A200008,2026-05-04,536.57,Debit,Bills,Electricity Board,Net Banking,Delhi
T00001091,C100006,A200008,2026-03-12,721.09,Debit,Investment,SIP Auto-debit,Net Banking,Delhi
T00001092,C100006,A200008,2026-06-04,1201.07,Debit,Travel,IndiGo,UPI,Delhi
T00001093,C100006,A200008,2026-06-17,599.8,Debit,Education,College Fee,Debit Card,Delhi
T00001094,C100006,A200008,2026-02-06,1655.35,Debit,Rent,Landlord Transfer,Cash,Delhi
T00001095,C100006,A200009,2026-06-01,2890.97,Debit,Rent,Landlord Transfer,NEFT,Delhi
T00001096,C100006,A200009,2026-03-06,261.11,Debit,Other,Misc Merchant,Cash,Delhi
T00001097,C100006,A200008,2026-03-27,687.07,Debit,Bills,Electricity Board,NEFT,Delhi
T00001098,C100006,A200008,2026-08-01,1741.1,Debit,Bills,Water Dept,Net Banking,Delhi
T00001099,C100006,A200008,2026-06-20,1623.86,Debit,Travel,IndiGo,NEFT,Delhi
T00001100,C100006,A200008,2026-06-15,1233.03,Debit,Bills,Electricity Board,Net Banking,Delhi
T00001101,C100006,A200008,2026-02-05,881.84,Debit,Entertainment,PVR,Debit Card,Delhi
T00001102,C100006,A200008,2026-03-19,188.0,Debit,Entertainment,BookMyShow,Cash,Delhi
T00001103,C100006,A200008,2026-02-11,428.3,Debit,Rent,Landlord Transfer,Net Banking,Delhi
T00001104,C100006,A200009,2026-04-30,6857.32,Debit,Fuel,HP Petrol Pump,Cash,Delhi
T00001105,C100006,A200009,2026-02-03,2829.64,Debit,Fuel,Indian Oil,Debit Card,Delhi
T00001106,C100006,A200008,2026-05-20,437.32,Debit,Shopping,Flipkart,UPI,Delhi
T00001107,C100006,A200008,2026-07-20,697.87,Debit,Rent,Landlord Transfer,Credit Card,Delhi
T00001108,C100006,A200008,2026-06-14,2360.3,Debit,Fuel,HP Petrol Pump,Net Banking,Delhi
T00001109,C100006,A200009,2026-04-20,510.15,Debit,Fuel,Indian Oil,Net Banking,Delhi
T00001110,C100006,A200008,2026-03-27,674.39,Debit,Education,Udemy,Net Banking,Delhi
T00001111,C100006,A200008,2026-02-09,3046.2,Debit,Shopping,Amazon,Credit Card,Delhi
T00001112,C100006,A200009,2026-04-16,1752.19,Debit,Healthcare,1mg,Debit Card,Delhi
T00001113,C100006,A200009,2026-07-13,1437.01,Debit,Bills,Water Dept,Cash,Delhi
T00001114,C100006,A200009,2026-02-15,2587.12,Debit,Other,Misc Merchant,Net Banking,Delhi
T00001115,C100006,A200008,2026-05-15,3877.59,Debit,Bills,Electricity Board,Net Banking,Delhi
T00001116,C100006,A200009,2026-03-03,587.75,Debit,Rent,Landlord Transfer,Debit Card,Delhi
T00001117,C100006,A200008,2026-05-01,7798.42,Debit,Investment,Zerodha,Cash,Delhi
T00001118,C100006,A200009,2026-07-29,2797.56,Debit,Education,Coursera,Debit Card,Delhi
T00001119,C100006,A200009,2026-07-27,695.55,Debit,Other,Misc Merchant,Net Banking,Delhi
T00001120,C100006,A200008,2026-04-05,1215.59,Debit,Bills,Electricity Board,NEFT,Delhi
T00001121,C100006,A200009,2026-07-29,2672.71,Debit,Bills,Water Dept,Debit Card,Delhi
T00001122,C100006,A200009,2026-02-24,1342.46,Debit,Entertainment,Netflix,Credit Card,Delhi
T00001123,C100006,A200008,2026-07-05,5131.66,Debit,Shopping,Amazon,NEFT,Delhi
T00001124,C100006,A200009,2026-02-22,1471.06,Debit,Education,College Fee,Cash,Delhi
T00001125,C100006,A200008,2026-03-14,2630.24,Debit,Fuel,Indian Oil,Cash,Delhi
T00001126,C100006,A200009,2026-06-11,2370.41,Debit,Food,Zomato,Net Banking,Delhi
T00001127,C100006,A200009,2026-07-04,6074.71,Debit,Education,Coursera,Credit Card,Delhi
T00001128,C100006,A200009,2026-05-07,267.23,Debit,Other,Misc Merchant,UPI,Delhi
T00001129,C100006,A200008,2026-05-29,29.97,Debit,Healthcare,1mg,NEFT,Delhi
T00001130,C100006,A200008,2026-07-26,2781.12,Debit,Fuel,Indian Oil,Credit Card,Delhi
T00001131,C100006,A200009,2026-05-30,3023.47,Debit,Bills,Electricity Board,Debit Card,Delhi
T00001132,C100006,A200008,2026-07-27,496.64,Debit,Fuel,HP Petrol Pump,UPI,Delhi
T00001133,C100006,A200009,2026-02-24,1032.29,Debit,Transfer,P2P Transfer,Debit Card,Delhi
T00001134,C100006,A200008,2026-04-26,5454.8,Debit,Fuel,Indian Oil,UPI,Delhi
T00001135,C100006,A200008,2026-03-19,3782.5,Debit,Investment,Zerodha,Cash,Delhi
T00001136,C100006,A200009,2026-06-29,6718.29,Debit,Bills,Airtel,NEFT,Delhi
T00001137,C100006,A200008,2026-07-31,2523.27,Debit,Rent,Landlord Transfer,Debit Card,Delhi
T00001138,C100006,A200009,2026-04-29,2890.39,Debit,Fuel,HP Petrol Pump,Credit Card,Delhi
T00001139,C100006,A200008,2026-07-28,4930.89,Debit,Travel,IRCTC,Cash,Delhi
T00001140,C100006,A200009,2026-02-26,592.88,Debit,Other,Misc Merchant,Credit Card,Delhi
T00001141,C100006,A200008,2026-07-24,6604.78,Debit,Other,Misc Merchant,NEFT,Delhi
T00001142,C100006,A200008,2026-02-25,581.76,Debit,Other,Misc Merchant,NEFT,Delhi
T00001143,C100006,A200009,2026-05-20,59.39,Debit,Education,Coursera,NEFT,Delhi
T00001144,C100006,A200009,2026-04-14,2674.61,Debit,Food,Zomato,Credit Card,Delhi
T00001145,C100006,A200009,2026-05-02,630.71,Debit,Investment,SIP Auto-debit,NEFT,Delhi
T00001146,C100006,A200009,2026-05-31,3626.43,Debit,Travel,IRCTC,UPI,Delhi
T00001147,C100006,A200008,2026-04-11,2004.71,Debit,Shopping,Flipkart,Cash,Delhi
T00001148,C100006,A200009,2026-02-07,1971.2,Debit,Entertainment,BookMyShow,Net Banking,Delhi
T00001149,C100006,A200008,2026-05-23,193.61,Debit,Travel,IRCTC,UPI,Delhi
T00001150,C100006,A200008,2026-07-18,963.32,Debit,Travel,Uber,NEFT,Delhi
T00001151,C100006,A200009,2026-02-23,4656.13,Debit,Other,Misc Merchant,Credit Card,Delhi
T00001152,C100006,A200009,2026-03-08,9177.19,Debit,Fuel,HP Petrol Pump,Debit Card,Delhi
T00001153,C100006,A200008,2026-07-30,2552.19,Debit,Transfer,P2P Transfer,Cash,Delhi
T00001154,C100006,A200009,2026-04-05,515.32,Debit,Rent,Landlord Transfer,NEFT,Delhi
T00001155,C100006,A200009,2026-05-31,3397.5,Debit,Rent,Landlord Transfer,Cash,Delhi
T00001156,C100006,A200009,2026-03-10,1218.28,Debit,Other,Misc Merchant,Credit Card,Delhi
T00001157,C100006,A200008,2026-04-10,1960.52,Debit,Bills,Water Dept,Net Banking,Delhi
T00001158,C100006,A200009,2026-03-21,882.33,Debit,Education,Coursera,Debit Card,Delhi
T00001159,C100006,A200008,2026-02-03,7689.48,Debit,Education,Coursera,Net Banking,Delhi
T00001160,C100006,A200008,2026-06-14,2706.97,Debit,Rent,Landlord Transfer,Cash,Delhi
T00001161,C100006,A200008,2026-07-22,1221.69,Debit,Rent,Landlord Transfer,NEFT,Delhi
T00001162,C100006,A200009,2026-07-25,3690.07,Debit,Education,Coursera,Credit Card,Delhi
T00001163,C100006,A200008,2026-07-15,2184.65,Debit,Investment,Zerodha,Cash,Delhi
T00001164,C100006,A200009,2026-03-24,10644.05,Debit,Transfer,P2P Transfer,UPI,Delhi
T00001165,C100006,A200009,2026-03-18,75.67,Debit,Education,College Fee,Net Banking,Delhi
T00001166,C100006,A200009,2026-06-03,9516.45,Debit,Healthcare,Local Clinic,Net Banking,Delhi
T00001167,C100006,A200008,2026-04-14,1906.75,Debit,Travel,Ola,UPI,Delhi
T00001168,C100006,A200009,2026-05-13,2494.08,Debit,Healthcare,1mg,UPI,Delhi
T00001169,C100006,A200009,2026-05-04,343.61,Debit,Rent,Landlord Transfer,UPI,Delhi
T00001170,C100006,A200009,2026-05-12,6370.8,Debit,Education,Udemy,Cash,Delhi
T00001171,C100006,A200009,2026-03-08,2107.51,Debit,Rent,Landlord Transfer,Credit Card,Delhi
T00001172,C100006,A200008,2026-03-29,1654.0,Debit,Education,Udemy,Net Banking,Delhi
T00001173,C100006,A200008,2026-05-22,228.96,Debit,Education,Udemy,Cash,Delhi
T00001174,C100006,A200008,2026-04-12,1909.12,Debit,Education,Udemy,Debit Card,Delhi
T00001175,C100006,A200009,2026-06-05,129.77,Debit,Other,Misc Merchant,Cash,Delhi
T00001176,C100006,A200009,2026-03-18,1250.21,Debit,Investment,Zerodha,Net Banking,Delhi
T00001177,C100006,A200009,2026-05-05,1880.63,Debit,Healthcare,1mg,NEFT,Delhi
T00001178,C100006,A200009,2026-03-11,2627.74,Debit,Other,Misc Merchant,Net Banking,Delhi
T00001179,C100006,A200009,2026-07-11,1058.93,Debit,Fuel,Indian Oil,NEFT,Delhi
T00001180,C100006,A200009,2026-05-31,225.85,Debit,Healthcare,Local Clinic,Net Banking,Delhi
T00001181,C100006,A200009,2026-03-06,8134.52,Debit,Other,Misc Merchant,NEFT,Delhi
T00001182,C100006,A200009,2026-07-09,1366.27,Debit,Other,Misc Merchant,NEFT,Delhi
T00001183,C100006,A200009,2026-03-31,844.79,Debit,Bills,Airtel,NEFT,Delhi
T00001184,C100006,A200009,2026-05-06,2872.35,Debit,Education,College Fee,Cash,Delhi
T00001185,C100006,A200008,2026-04-10,1423.57,Debit,Education,College Fee,NEFT,Delhi
T00001186,C100006,A200008,2026-02-07,14400.02,Debit,Education,Coursera,Debit Card,Delhi
T00001187,C100006,A200009,2026-07-10,1273.16,Debit,Fuel,Indian Oil,NEFT,Delhi
T00001188,C100006,A200009,2026-05-25,2668.98,Debit,Other,Misc Merchant,NEFT,Delhi
T00001189,C100006,A200008,2026-03-25,7955.36,Debit,Travel,IRCTC,UPI,Delhi
T00001190,C100006,A200009,2026-02-22,2095.97,Debit,Other,Misc Merchant,Cash,Delhi
T00001191,C100006,A200008,2026-05-18,1854.63,Debit,Bills,Airtel,UPI,Delhi
T00001192,C100006,A200008,2026-07-20,998.16,Debit,Healthcare,Apollo Pharmacy,Net Banking,Delhi
T00001193,C100006,A200009,2026-06-06,233.17,Debit,Fuel,Indian Oil,Cash,Delhi
T00001194,C100006,A200008,2026-07-12,1391.87,Debit,Other,Misc Merchant,Net Banking,Delhi
T00001195,C100006,A200009,2026-06-03,5092.85,Debit,Education,Udemy,Cash,Delhi
T00001196,C100006,A200009,2026-03-24,30.54,Debit,Other,Misc Merchant,Debit Card,Delhi
T00001197,C100006,A200008,2026-04-19,2867.53,Debit,Other,Misc Merchant,Credit Card,Delhi
T00001198,C100006,A200008,2026-06-20,3003.87,Debit,Entertainment,PVR,Net Banking,Delhi
T00001199,C100006,A200009,2026-04-14,1248.09,Debit,Fuel,HP Petrol Pump,NEFT,Delhi
T00001200,C100006,A200009,2026-06-01,2652.99,Debit,Transfer,P2P Transfer,UPI,Delhi
T00001201,C100006,A200008,2026-07-27,3380.38,Debit,Other,Misc Merchant,NEFT,Delhi
T00001202,C100006,A200009,2026-03-19,1690.29,Debit,Transfer,P2P Transfer,Credit Card,Delhi
T00001203,C100006,A200008,2026-06-07,1989.38,Debit,Fuel,HP Petrol Pump,Cash,Delhi
T00001204,C100006,A200009,2026-04-07,662.58,Debit,Travel,Uber,NEFT,Delhi
T00001205,C100006,A200008,2026-04-07,1305.05,Debit,Entertainment,BookMyShow,Net Banking,Delhi
T00001206,C100006,A200009,2026-03-28,3754.62,Debit,Other,Misc Merchant,Credit Card,Delhi
T00001207,C100006,A200008,2026-06-04,450.48,Debit,Bills,Water Dept,UPI,Delhi
T00001208,C100006,A200009,2026-03-13,2984.22,Debit,Fuel,HP Petrol Pump,Credit Card,Delhi
T00001209,C100006,A200008,2026-04-07,401.76,Debit,Education,Udemy,NEFT,Delhi
T00001210,C100006,A200008,2026-06-27,770.14,Debit,Travel,IRCTC,Cash,Delhi
T00001211,C100006,A200008,2026-03-23,507.91,Debit,Investment,SIP Auto-debit,NEFT,Delhi
T00001212,C100006,A200008,2026-05-29,1426.26,Debit,Shopping,Myntra,NEFT,Delhi
T00001213,C100006,A200008,2026-04-26,3327.95,Debit,Transfer,P2P Transfer,Debit Card,Delhi
T00001214,C100006,A200009,2026-05-27,1783.11,Debit,Bills,Jio,Credit Card,Delhi
T00001215,C100006,A200009,2026-06-11,227.03,Debit,Education,Coursera,NEFT,Delhi
T00001216,C100006,A200009,2026-02-06,1761.32,Debit,Fuel,Indian Oil,Credit Card,Delhi
T00001217,C100006,A200009,2026-04-03,32.69,Debit,Education,Udemy,Credit Card,Delhi
T00001218,C100006,A200008,2026-03-20,1080.09,Debit,Other,Misc Merchant,Cash,Delhi
T00001219,C100006,A200008,2026-06-06,1146.92,Debit,Other,Misc Merchant,Debit Card,Delhi
T00001220,C100006,A200008,2026-07-08,1528.64,Debit,Education,College Fee,Net Banking,Delhi
T00001221,C100006,A200008,2026-04-25,2812.33,Debit,Bills,Water Dept,Credit Card,Delhi
T00001222,C100006,A200009,2026-03-15,15152.14,Debit,Education,Coursera,Credit Card,Delhi
T00001223,C100006,A200008,2026-03-21,2929.11,Debit,Transfer,P2P Transfer,Cash,Delhi
T00001224,C100006,A200009,2026-02-11,1520.85,Debit,Rent,Landlord Transfer,UPI,Delhi
T00001225,C100006,A200009,2026-03-19,6881.08,Debit,Other,Misc Merchant,NEFT,Delhi
T00001226,C100006,A200009,2026-05-02,1324.52,Debit,Shopping,Local Store,Credit Card,Delhi
T00001227,C100006,A200009,2026-02-12,2218.41,Debit,Entertainment,BookMyShow,Net Banking,Delhi
T00001228,C100006,A200008,2026-03-15,8512.92,Debit,Rent,Landlord Transfer,NEFT,Delhi
T00001229,C100006,A200009,2026-07-27,1903.43,Debit,Education,Udemy,NEFT,Delhi
T00001230,C100006,A200009,2026-02-09,310.87,Debit,Travel,Ola,Net Banking,Delhi
T00001231,C100006,A200008,2026-06-30,1281.91,Debit,Shopping,Myntra,UPI,Delhi
T00001232,C100006,A200008,2026-03-12,2994.43,Debit,Education,College Fee,Debit Card,Delhi
T00001233,C100006,A200009,2026-02-03,25.1,Debit,Rent,Landlord Transfer,Net Banking,Delhi
T00001234,C100006,A200008,2026-02-10,104.79,Debit,Healthcare,Local Clinic,Net Banking,Delhi
T00001235,C100006,A200009,2026-04-23,1584.42,Debit,Other,Misc Merchant,Net Banking,Delhi
T00001236,C100006,A200009,2026-07-01,224.47,Debit,Travel,Ola,UPI,Delhi
T00001237,C100006,A200009,2026-05-28,1944.96,Debit,Entertainment,PVR,UPI,Delhi
T00001238,C100006,A200008,2026-03-05,3376.6,Debit,Rent,Landlord Transfer,Net Banking,Delhi
T00001239,C100006,A200008,2026-05-03,5322.89,Debit,Bills,Jio,NEFT,Delhi
T00001240,C100006,A200009,2026-03-14,1212.49,Debit,Bills,Electricity Board,Cash,Delhi
T00001241,C100006,A200009,2026-06-13,2025.79,Debit,Bills,Water Dept,Debit Card,Delhi
T00001242,C100006,A200008,2026-02-09,2080.76,Debit,Education,Coursera,UPI,Delhi
T00001243,C100006,A200008,2026-06-08,5988.07,Debit,Other,Misc Merchant,Credit Card,Delhi
T00001244,C100006,A200009,2026-04-28,1685.16,Debit,Bills,Electricity Board,Cash,Delhi
T00001245,C100006,A200008,2026-07-01,3169.34,Debit,Bills,Jio,Cash,Delhi
T00001246,C100006,A200008,2026-05-21,5546.51,Debit,Bills,Water Dept,Debit Card,Delhi
T00001247,C100006,A200008,2026-03-26,853.05,Debit,Education,Udemy,Debit Card,Delhi
T00001248,C100006,A200009,2026-02-16,889.51,Debit,Other,Misc Merchant,UPI,Delhi
T00001249,C100006,A200009,2026-04-03,1028.63,Debit,Rent,Landlord Transfer,Credit Card,Delhi
T00001250,C100006,A200009,2026-03-10,2409.47,Debit,Investment,Groww,Net Banking,Delhi
T00001251,C100006,A200009,2026-07-30,125.39,Debit,Fuel,Indian Oil,Cash,Delhi
T00001252,C100006,A200009,2026-05-19,481.57,Debit,Entertainment,Spotify,Debit Card,Delhi
T00001253,C100006,A200009,2026-05-22,121.53,Debit,Other,Misc Merchant,NEFT,Delhi
T00001254,C100006,A200008,2026-02-20,2871.91,Debit,Fuel,HP Petrol Pump,Debit Card,Delhi
T00001255,C100006,A200009,2026-07-09,3447.69,Debit,Education,College Fee,Net Banking,Delhi
T00001256,C100006,A200008,2026-03-09,20.0,Debit,Travel,IndiGo,Net Banking,Delhi
T00001257,C100006,A200009,2026-03-18,652.76,Debit,Food,Local Restaurant,Debit Card,Delhi
T00001258,C100006,A200009,2026-05-28,1141.8,Debit,Shopping,Amazon,Net Banking,Delhi
T00001259,C100006,A200009,2026-02-21,5229.71,Debit,Travel,Ola,Net Banking,Delhi
T00001260,C100006,A200008,2026-02-18,2252.16,Debit,Food,Zomato,Cash,Delhi
T00001261,C100006,A200008,2026-07-20,4003.95,Debit,Education,Coursera,NEFT,Delhi
T00001262,C100006,A200008,2026-07-24,937.06,Debit,Education,Udemy,Debit Card,Delhi
T00001263,C100006,A200009,2026-08-01,1443.7,Debit,Healthcare,Local Clinic,Net Banking,Delhi
T00001264,C100006,A200008,2026-07-28,817.85,Debit,Fuel,HP Petrol Pump,Debit Card,Delhi
T00001265,C100006,A200008,2026-06-04,3171.39,Debit,Other,Misc Merchant,UPI,Delhi
T00001266,C100006,A200008,2026-04-05,2891.88,Debit,Transfer,P2P Transfer,UPI,Delhi
T00001267,C100006,A200008,2026-07-02,3397.75,Debit,Healthcare,Apollo Pharmacy,Debit Card,Delhi
T00001268,C100006,A200008,2026-04-28,3295.72,Debit,Education,Coursera,Debit Card,Delhi
T00001269,C100006,A200009,2026-07-26,1082.69,Debit,Fuel,Indian Oil,Credit Card,Delhi
T00001270,C100006,A200008,2026-03-14,1392.48,Debit,Education,College Fee,Net Banking,Delhi
T00001271,C100006,A200009,2026-07-04,1143.26,Debit,Food,Zomato,Credit Card,Delhi
T00001272,C100006,A200009,2026-05-26,2777.04,Debit,Travel,Uber,Credit Card,Delhi
T00001273,C100006,A200009,2026-03-13,530.56,Debit,Healthcare,1mg,NEFT,Delhi
T00001274,C100006,A200009,2026-05-21,828.54,Debit,Bills,Airtel,UPI,Delhi
T00001275,C100006,A200009,2026-03-03,855.62,Debit,Fuel,Indian Oil,NEFT,Delhi
T00001276,C100006,A200009,2026-04-22,416.44,Debit,Travel,Uber,Net Banking,Delhi
T00001277,C100006,A200008,2026-04-16,2796.0,Debit,Transfer,P2P Transfer,NEFT,Delhi
T00001278,C100006,A200009,2026-05-04,1938.28,Debit,Travel,IRCTC,UPI,Delhi
T00001279,C100006,A200009,2026-04-08,1508.76,Debit,Travel,Ola,UPI,Delhi
T00001280,C100006,A200009,2026-07-17,3582.32,Debit,Fuel,HP Petrol Pump,Cash,Delhi
T00001281,C100006,A200008,2026-06-15,697.35,Debit,Fuel,Indian Oil,Debit Card,Delhi
T00001282,C100006,A200009,2026-06-14,2373.16,Debit,Transfer,P2P Transfer,Net Banking,Delhi
T00001283,C100006,A200009,2026-07-04,700.67,Debit,Fuel,Indian Oil,Debit Card,Delhi
T00001284,C100006,A200009,2026-03-10,1377.85,Debit,Education,Coursera,Cash,Delhi
T00001285,C100006,A200008,2026-03-20,2016.84,Debit,Rent,Landlord Transfer,Net Banking,Delhi
T00001286,C100006,A200009,2026-05-27,83.29,Debit,Bills,Jio,Net Banking,Delhi
T00001287,C100006,A200008,2026-06-01,2476.57,Debit,Other,Misc Merchant,Debit Card,Delhi
T00001288,C100006,A200009,2026-04-17,1118.81,Debit,Fuel,HP Petrol Pump,Debit Card,Delhi
T00001289,C100006,A200009,2026-05-28,222.47,Debit,Bills,Jio,Credit Card,Delhi
T00001290,C100006,A200008,2026-02-14,3388.73,Debit,Other,Misc Merchant,Debit Card,Delhi
T00001291,C100006,A200009,2026-06-22,246.4,Debit,Other,Misc Merchant,Debit Card,Delhi
T00001292,C100006,A200009,2026-03-30,3832.06,Debit,Other,Misc Merchant,Net Banking,Delhi
T00001293,C100006,A200009,2026-07-09,796.02,Debit,Other,Misc Merchant,Cash,Delhi
T00001294,C100006,A200008,2026-04-22,4926.2,Debit,Rent,Landlord Transfer,Credit Card,Delhi
T00001295,C100006,A200008,2026-02-18,1357.22,Debit,Rent,Landlord Transfer,Debit Card,Delhi
T00001296,C100006,A200009,2026-03-20,368.3,Debit,Other,Misc Merchant,Net Banking,Delhi
T00001297,C100006,A200008,2026-07-09,276.1,Debit,Shopping,Amazon,UPI,Delhi
T00001298,C100006,A200008,2026-06-13,2151.21,Debit,Fuel,Indian Oil,Debit Card,Delhi
T00001299,C100006,A200009,2026-05-21,555.21,Debit,Other,Misc Merchant,Credit Card,Delhi
T00001300,C100006,A200008,2026-04-09,691.7,Debit,Education,Udemy,UPI,Delhi
T00001301,C100006,A200009,2026-05-14,188.06,Debit,Investment,SIP Auto-debit,Net Banking,Delhi
T00001302,C100006,A200009,2026-03-30,1600.81,Debit,Investment,SIP Auto-debit,Credit Card,Delhi
T00001303,C100006,A200009,2026-02-28,2724.78,Debit,Travel,Ola,Credit Card,Delhi
T00001304,C100006,A200008,2026-07-26,1948.24,Debit,Education,College Fee,Debit Card,Delhi
T00001305,C100006,A200008,2026-07-29,6116.08,Debit,Other,Misc Merchant,Cash,Delhi
T00001306,C100006,A200009,2026-02-05,4556.29,Debit,Rent,Landlord Transfer,Credit Card,Delhi
T00001307,C100006,A200008,2026-06-07,1352.2,Debit,Education,Udemy,NEFT,Delhi
T00001308,C100006,A200009,2026-02-09,1001.68,Debit,ATM,ATM Withdrawal,Debit Card,Delhi
T00001309,C100006,A200009,2026-03-18,114.48,Debit,Bills,Electricity Board,Net Banking,Delhi
T00001310,C100006,A200008,2026-04-01,701.33,Debit,Healthcare,Apollo Pharmacy,Cash,Delhi
T00001311,C100006,A200009,2026-04-27,3641.03,Debit,Other,Misc Merchant,UPI,Delhi
T00001312,C100006,A200009,2026-07-01,1265.33,Debit,Education,Coursera,Debit Card,Delhi
T00001313,C100006,A200008,2026-05-24,1509.39,Debit,Rent,Landlord Transfer,Net Banking,Delhi
T00001314,C100006,A200009,2026-04-03,71.18,Debit,Bills,Electricity Board,NEFT,Delhi
T00001315,C100006,A200009,2026-07-07,897.96,Debit,Other,Misc Merchant,Cash,Delhi
T00001316,C100006,A200009,2026-05-26,1592.94,Debit,Shopping,Amazon,Net Banking,Delhi
T00001317,C100006,A200009,2026-07-22,257.69,Debit,Travel,IRCTC,UPI,Delhi
T00001318,C100006,A200009,2026-05-22,1683.41,Debit,Other,Misc Merchant,NEFT,Delhi
T00001319,C100006,A200008,2026-07-03,954.77,Debit,Fuel,HP Petrol Pump,Cash,Delhi
T00001320,C100006,A200009,2026-08-01,2734.14,Debit,Fuel,Indian Oil,Credit Card,Delhi
T00001321,C100006,A200008,2026-06-12,2546.46,Debit,Investment,Groww,Cash,Delhi
T00001322,C100006,A200008,2026-07-30,8853.36,Debit,Education,Udemy,Credit Card,Delhi
T00001323,C100006,A200008,2026-05-07,998.85,Debit,Travel,Ola,Debit Card,Delhi
T00001324,C100006,A200008,2026-06-13,20.0,Debit,Fuel,HP Petrol Pump,Net Banking,Delhi
T00001325,C100006,A200008,2026-07-01,2388.17,Debit,Investment,Groww,Debit Card,Delhi
T00001326,C100006,A200008,2026-03-03,2406.07,Debit,Bills,Electricity Board,NEFT,Delhi
T00001327,C100006,A200009,2026-02-12,1709.45,Debit,Education,Udemy,Cash,Delhi
T00001328,C100006,A200009,2026-06-05,11133.53,Debit,Rent,Landlord Transfer,UPI,Delhi
T00001329,C100006,A200009,2026-07-07,4352.93,Debit,Other,Misc Merchant,UPI,Delhi
T00001330,C100006,A200009,2026-07-21,547.58,Debit,Shopping,Local Store,UPI,Delhi
T00001331,C100006,A200009,2026-02-17,1435.25,Debit,Healthcare,Apollo Pharmacy,Net Banking,Delhi
T00001332,C100006,A200008,2026-05-07,1600.14,Debit,Food,Swiggy,Net Banking,Delhi
T00001333,C100006,A200008,2026-07-31,92837.69,Credit,Salary,Employer,NEFT,Delhi
T00001334,C100006,A200008,2026-06-30,91874.95,Credit,Salary,Employer,NEFT,Delhi
T00001335,C100006,A200008,2026-06-01,95625.51,Credit,Salary,Employer,NEFT,Delhi
T00001336,C100006,A200008,2026-05-01,94562.23,Credit,Salary,Employer,NEFT,Delhi
T00001337,C100006,A200008,2026-04-03,94013.25,Credit,Salary,Employer,NEFT,Delhi
T00001338,C100006,A200008,2026-03-02,93889.33,Credit,Salary,Employer,NEFT,Delhi
T00001339,C100007,A200010,2026-03-24,1534.28,Debit,Healthcare,Apollo Pharmacy,Net Banking,Delhi
T00001340,C100007,A200010,2026-04-08,346.94,Debit,Shopping,Myntra,UPI,Delhi
T00001341,C100007,A200010,2026-02-09,219.65,Debit,Entertainment,PVR,UPI,Delhi
T00001342,C100007,A200010,2026-02-08,2475.25,Debit,Transfer,P2P Transfer,UPI,Delhi
T00001343,C100007,A200010,2026-03-09,3921.35,Debit,Healthcare,Local Clinic,Credit Card,Delhi
T00001344,C100007,A200010,2026-05-17,846.43,Debit,Entertainment,BookMyShow,NEFT,Delhi
T00001345,C100007,A200010,2026-07-21,1492.46,Debit,Bills,Electricity Board,NEFT,Delhi
T00001346,C100007,A200010,2026-07-18,136.15,Debit,Shopping,Amazon,NEFT,Delhi
T00001347,C100007,A200010,2026-07-20,20.0,Debit,Healthcare,Local Clinic,Cash,Delhi
T00001348,C100007,A200010,2026-03-18,7038.76,Debit,Rent,Landlord Transfer,Cash,Delhi
T00001349,C100007,A200010,2026-07-06,9004.42,Debit,Other,Misc Merchant,Net Banking,Delhi
T00001350,C100007,A200010,2026-03-10,634.02,Debit,Rent,Landlord Transfer,Cash,Delhi
T00001351,C100007,A200010,2026-04-19,3774.33,Debit,Healthcare,Local Clinic,Net Banking,Delhi
T00001352,C100007,A200010,2026-06-10,721.28,Debit,Healthcare,1mg,Cash,Delhi
T00001353,C100007,A200010,2026-05-27,1510.19,Debit,Rent,Landlord Transfer,NEFT,Delhi
T00001354,C100007,A200010,2026-05-02,5700.61,Debit,Transfer,P2P Transfer,Credit Card,Delhi
T00001355,C100007,A200010,2026-06-28,543.09,Debit,Transfer,P2P Transfer,Net Banking,Delhi
T00001356,C100007,A200010,2026-04-22,32.8,Debit,Rent,Landlord Transfer,Credit Card,Delhi
T00001357,C100007,A200010,2026-04-18,932.46,Debit,Bills,Airtel,UPI,Delhi
T00001358,C100007,A200010,2026-03-30,8490.59,Debit,Transfer,P2P Transfer,NEFT,Delhi
T00001359,C100007,A200010,2026-03-31,2450.3,Debit,Other,Misc Merchant,Net Banking,Delhi
T00001360,C100007,A200010,2026-02-12,464.13,Debit,Healthcare,Local Clinic,Credit Card,Delhi
T00001361,C100007,A200010,2026-04-17,31.52,Debit,Food,Local Restaurant,Credit Card,Delhi
T00001362,C100007,A200010,2026-04-02,402.48,Debit,Shopping,Flipkart,Cash,Delhi
T00001363,C100007,A200010,2026-04-13,2933.96,Debit,ATM,ATM Withdrawal,Cash,Delhi
T00001364,C100007,A200010,2026-03-05,4092.82,Debit,Entertainment,BookMyShow,Net Banking,Delhi
T00001365,C100007,A200010,2026-06-24,822.74,Debit,Shopping,Flipkart,UPI,Delhi
T00001366,C100007,A200010,2026-04-14,472.72,Debit,Entertainment,Netflix,NEFT,Delhi
T00001367,C100007,A200010,2026-02-14,989.6,Debit,Healthcare,Local Clinic,Net Banking,Delhi
T00001368,C100007,A200010,2026-04-27,110.26,Debit,Healthcare,Local Clinic,Debit Card,Delhi
T00001369,C100007,A200010,2026-07-05,716.55,Debit,Rent,Landlord Transfer,Debit Card,Delhi
T00001370,C100007,A200010,2026-04-09,3203.37,Debit,Bills,Jio,Cash,Delhi
T00001371,C100007,A200010,2026-05-19,2458.78,Debit,ATM,ATM Withdrawal,NEFT,Delhi
T00001372,C100007,A200010,2026-07-04,1422.79,Debit,Healthcare,Local Clinic,Cash,Delhi
T00001373,C100007,A200010,2026-05-19,1919.13,Debit,Rent,Landlord Transfer,Debit Card,Delhi
T00001374,C100007,A200010,2026-03-04,1920.13,Debit,Rent,Landlord Transfer,Debit Card,Delhi
T00001375,C100007,A200010,2026-03-02,1690.3,Debit,Shopping,Amazon,Credit Card,Delhi
T00001376,C100007,A200010,2026-06-17,39.98,Debit,Healthcare,1mg,NEFT,Delhi
T00001377,C100007,A200010,2026-07-21,836.96,Debit,Healthcare,1mg,NEFT,Delhi
T00001378,C100007,A200010,2026-07-26,1504.79,Debit,Rent,Landlord Transfer,UPI,Delhi
T00001379,C100007,A200010,2026-06-10,269.49,Debit,ATM,ATM Withdrawal,Cash,Delhi
T00001380,C100007,A200010,2026-04-12,8956.59,Debit,Healthcare,Apollo Pharmacy,Debit Card,Delhi
T00001381,C100007,A200010,2026-03-03,575.58,Debit,Healthcare,1mg,UPI,Delhi
T00001382,C100007,A200010,2026-02-11,949.49,Debit,Food,Swiggy,Net Banking,Delhi
T00001383,C100007,A200010,2026-07-29,1013.76,Debit,Healthcare,Local Clinic,Debit Card,Delhi
T00001384,C100007,A200010,2026-07-17,2664.38,Debit,Transfer,P2P Transfer,NEFT,Delhi
T00001385,C100007,A200010,2026-03-05,1997.75,Debit,Bills,Airtel,Net Banking,Delhi
T00001386,C100007,A200010,2026-04-08,1556.09,Debit,Transfer,P2P Transfer,Net Banking,Delhi
T00001387,C100007,A200010,2026-04-17,967.65,Debit,Healthcare,Local Clinic,NEFT,Delhi
T00001388,C100007,A200010,2026-07-08,1333.15,Debit,Healthcare,1mg,UPI,Delhi
T00001389,C100007,A200010,2026-07-02,1073.37,Debit,Food,Cafe Coffee Day,UPI,Delhi
T00001390,C100007,A200010,2026-03-18,977.68,Debit,Shopping,Local Store,NEFT,Delhi
T00001391,C100007,A200010,2026-03-30,8244.1,Debit,Healthcare,1mg,Net Banking,Delhi
T00001392,C100007,A200010,2026-07-29,1283.2,Debit,Fuel,Indian Oil,Credit Card,Delhi
T00001393,C100007,A200010,2026-04-12,983.29,Debit,Healthcare,Apollo Pharmacy,Debit Card,Delhi
T00001394,C100007,A200010,2026-07-23,36.62,Debit,Entertainment,BookMyShow,NEFT,Delhi
T00001395,C100007,A200010,2026-04-27,138.49,Debit,Transfer,P2P Transfer,Debit Card,Delhi
T00001396,C100007,A200010,2026-02-05,1379.13,Debit,Transfer,P2P Transfer,Cash,Delhi
T00001397,C100007,A200010,2026-06-07,8416.3,Debit,Bills,Water Dept,NEFT,Delhi
T00001398,C100007,A200010,2026-06-23,1204.2,Debit,Healthcare,Apollo Pharmacy,NEFT,Delhi
T00001399,C100007,A200010,2026-06-20,1362.73,Debit,Rent,Landlord Transfer,Debit Card,Delhi
T00001400,C100007,A200010,2026-06-12,425.16,Debit,Travel,IRCTC,Debit Card,Delhi
T00001401,C100007,A200010,2026-03-21,5945.83,Debit,Rent,Landlord Transfer,Credit Card,Delhi
T00001402,C100007,A200010,2026-06-14,4497.89,Debit,Travel,Uber,Net Banking,Delhi
T00001403,C100007,A200010,2026-04-19,676.79,Debit,Travel,Ola,NEFT,Delhi
T00001404,C100007,A200010,2026-06-18,9940.48,Debit,Investment,Zerodha,UPI,Delhi
T00001405,C100007,A200010,2026-02-17,20.0,Debit,ATM,ATM Withdrawal,UPI,Delhi
T00001406,C100007,A200010,2026-06-22,1641.4,Debit,Shopping,Flipkart,Cash,Delhi
T00001407,C100007,A200010,2026-06-22,1877.84,Debit,ATM,ATM Withdrawal,UPI,Delhi
T00001408,C100007,A200010,2026-07-10,3375.73,Debit,Shopping,Flipkart,Credit Card,Delhi
T00001409,C100007,A200010,2026-03-06,579.05,Debit,Transfer,P2P Transfer,Debit Card,Delhi
T00001410,C100007,A200010,2026-06-17,700.71,Debit,Bills,Electricity Board,Cash,Delhi
T00001411,C100007,A200010,2026-03-18,159.28,Debit,Bills,Airtel,Net Banking,Delhi
T00001412,C100007,A200010,2026-03-24,372.26,Debit,Transfer,P2P Transfer,Net Banking,Delhi
T00001413,C100007,A200010,2026-02-23,3576.55,Debit,Rent,Landlord Transfer,Cash,Delhi
T00001414,C100007,A200010,2026-02-15,1342.23,Debit,Healthcare,Local Clinic,Debit Card,Delhi
T00001415,C100007,A200010,2026-05-24,4505.82,Debit,Shopping,Myntra,NEFT,Delhi
T00001416,C100007,A200010,2026-08-01,799.17,Debit,Transfer,P2P Transfer,Debit Card,Delhi
T00001417,C100007,A200010,2026-07-08,4220.41,Debit,Bills,Airtel,Cash,Delhi
T00001418,C100007,A200010,2026-05-30,6455.67,Debit,ATM,ATM Withdrawal,Debit Card,Delhi
T00001419,C100007,A200010,2026-03-06,3425.48,Debit,ATM,ATM Withdrawal,Cash,Delhi
T00001420,C100007,A200010,2026-03-12,2318.14,Debit,ATM,ATM Withdrawal,UPI,Delhi
T00001421,C100007,A200010,2026-07-24,376.79,Debit,Rent,Landlord Transfer,Credit Card,Delhi
T00001422,C100007,A200010,2026-03-22,7265.27,Debit,Rent,Landlord Transfer,Cash,Delhi
T00001423,C100007,A200010,2026-02-20,3692.99,Debit,Investment,Groww,Cash,Delhi
T00001424,C100007,A200010,2026-03-20,164.32,Debit,Rent,Landlord Transfer,Debit Card,Delhi
T00001425,C100007,A200010,2026-04-27,2274.26,Debit,Bills,Electricity Board,Cash,Delhi
T00001426,C100007,A200010,2026-02-17,669.8,Debit,Travel,MakeMyTrip,UPI,Delhi
T00001427,C100007,A200010,2026-03-19,2368.18,Debit,Healthcare,Apollo Pharmacy,Net Banking,Delhi
T00001428,C100007,A200010,2026-05-07,20.0,Debit,ATM,ATM Withdrawal,NEFT,Delhi
T00001429,C100007,A200010,2026-05-28,1239.1,Debit,Rent,Landlord Transfer,NEFT,Delhi
T00001430,C100007,A200010,2026-04-12,809.15,Debit,Shopping,Myntra,UPI,Delhi
T00001431,C100007,A200010,2026-05-07,1363.01,Debit,Travel,Uber,Cash,Delhi
T00001432,C100007,A200010,2026-07-18,3042.95,Debit,ATM,ATM Withdrawal,Net Banking,Delhi
T00001433,C100007,A200010,2026-06-09,20.0,Debit,Healthcare,Local Clinic,NEFT,Delhi
T00001434,C100007,A200010,2026-03-19,2235.34,Debit,ATM,ATM Withdrawal,Net Banking,Delhi
T00001435,C100007,A200010,2026-06-17,6495.34,Debit,Transfer,P2P Transfer,Debit Card,Delhi
T00001436,C100007,A200010,2026-07-16,108.04,Debit,Transfer,P2P Transfer,Net Banking,Delhi
T00001437,C100007,A200010,2026-03-18,260.63,Debit,Bills,Electricity Board,NEFT,Delhi
T00001438,C100007,A200010,2026-07-12,2766.34,Debit,Other,Misc Merchant,Cash,Delhi
T00001439,C100007,A200010,2026-06-27,5660.03,Debit,Shopping,Flipkart,Net Banking,Delhi
T00001440,C100007,A200010,2026-07-09,2324.87,Debit,Transfer,P2P Transfer,Cash,Delhi
T00001441,C100007,A200010,2026-04-02,267.94,Debit,Healthcare,1mg,Net Banking,Delhi
T00001442,C100007,A200010,2026-03-11,2297.49,Debit,ATM,ATM Withdrawal,Net Banking,Delhi
T00001443,C100007,A200010,2026-04-14,5516.07,Debit,Healthcare,Apollo Pharmacy,NEFT,Delhi
T00001444,C100007,A200010,2026-05-22,1436.88,Debit,Bills,Airtel,Credit Card,Delhi
T00001445,C100007,A200010,2026-03-29,4362.39,Debit,Healthcare,Apollo Pharmacy,Debit Card,Delhi
T00001446,C100007,A200010,2026-02-06,4913.22,Debit,Healthcare,Apollo Pharmacy,NEFT,Delhi
T00001447,C100007,A200010,2026-08-01,450.72,Debit,Healthcare,Apollo Pharmacy,NEFT,Delhi
T00001448,C100007,A200010,2026-04-02,1918.51,Debit,Bills,Airtel,Cash,Delhi
T00001449,C100007,A200010,2026-04-15,636.45,Debit,Bills,Airtel,Debit Card,Delhi
T00001450,C100007,A200010,2026-02-06,1637.18,Debit,Investment,Groww,Credit Card,Delhi
T00001451,C100007,A200010,2026-04-20,669.47,Debit,Shopping,Amazon,Credit Card,Delhi
T00001452,C100007,A200010,2026-06-13,2748.13,Debit,Investment,SIP Auto-debit,Credit Card,Delhi
T00001453,C100007,A200010,2026-06-14,4500.65,Debit,Fuel,Indian Oil,UPI,Delhi
T00001454,C100007,A200010,2026-05-12,393.37,Debit,Travel,IndiGo,NEFT,Delhi
T00001455,C100007,A200010,2026-06-11,4602.08,Debit,Rent,Landlord Transfer,Credit Card,Delhi
T00001456,C100007,A200010,2026-03-06,796.47,Debit,Healthcare,Apollo Pharmacy,Net Banking,Delhi
T00001457,C100007,A200010,2026-07-11,1810.98,Debit,Rent,Landlord Transfer,NEFT,Delhi
T00001458,C100007,A200010,2026-07-09,269.44,Debit,Rent,Landlord Transfer,Debit Card,Delhi
T00001459,C100007,A200010,2026-07-18,7111.35,Debit,Rent,Landlord Transfer,NEFT,Delhi
T00001460,C100007,A200010,2026-04-18,1780.37,Debit,Bills,Water Dept,NEFT,Delhi
T00001461,C100007,A200010,2026-07-25,856.89,Debit,Bills,Water Dept,UPI,Delhi
T00001462,C100007,A200010,2026-02-24,53.63,Debit,Food,Swiggy,Net Banking,Delhi
T00001463,C100007,A200010,2026-04-05,3550.67,Debit,Entertainment,Netflix,Net Banking,Delhi
T00001464,C100007,A200010,2026-04-03,3321.34,Debit,Other,Misc Merchant,NEFT,Delhi
T00001465,C100007,A200010,2026-03-27,347.63,Debit,Shopping,Flipkart,NEFT,Delhi
T00001466,C100007,A200010,2026-06-19,1782.03,Debit,Healthcare,Apollo Pharmacy,Debit Card,Delhi
T00001467,C100007,A200010,2026-06-05,1565.15,Debit,Shopping,Local Store,NEFT,Delhi
T00001468,C100007,A200010,2026-03-15,2141.89,Debit,Rent,Landlord Transfer,Credit Card,Delhi
T00001469,C100007,A200010,2026-03-10,2838.64,Debit,Bills,Airtel,NEFT,Delhi
T00001470,C100007,A200010,2026-03-17,4912.91,Debit,Rent,Landlord Transfer,Debit Card,Delhi
T00001471,C100007,A200010,2026-03-01,9778.18,Debit,Food,Local Restaurant,Debit Card,Delhi
T00001472,C100007,A200010,2026-07-31,1463.83,Debit,Bills,Jio,UPI,Delhi
T00001473,C100007,A200010,2026-04-30,1814.53,Debit,Food,Swiggy,Debit Card,Delhi
T00001474,C100007,A200010,2026-07-01,493.6,Debit,Investment,Groww,Net Banking,Delhi
T00001475,C100007,A200010,2026-05-23,3207.82,Debit,Transfer,P2P Transfer,Cash,Delhi
T00001476,C100007,A200010,2026-04-06,205.39,Debit,ATM,ATM Withdrawal,Net Banking,Delhi
T00001477,C100007,A200010,2026-02-27,1195.62,Debit,Transfer,P2P Transfer,Credit Card,Delhi
T00001478,C100007,A200010,2026-05-27,4012.61,Debit,Rent,Landlord Transfer,NEFT,Delhi
T00001479,C100007,A200010,2026-05-02,1478.94,Debit,ATM,ATM Withdrawal,UPI,Delhi
T00001480,C100007,A200010,2026-02-12,377.44,Debit,Bills,Electricity Board,NEFT,Delhi
T00001481,C100007,A200010,2026-06-06,514.93,Debit,ATM,ATM Withdrawal,NEFT,Delhi
T00001482,C100007,A200010,2026-07-02,5223.46,Debit,Healthcare,Local Clinic,UPI,Delhi
T00001483,C100007,A200010,2026-03-22,386.93,Debit,Shopping,Local Store,Debit Card,Delhi
T00001484,C100007,A200010,2026-04-27,542.03,Debit,Rent,Landlord Transfer,UPI,Delhi
T00001485,C100007,A200010,2026-07-16,2430.71,Debit,Investment,Groww,NEFT,Delhi
T00001486,C100007,A200010,2026-02-14,3736.4,Debit,ATM,ATM Withdrawal,NEFT,Delhi
T00001487,C100007,A200010,2026-02-05,3245.19,Debit,Transfer,P2P Transfer,NEFT,Delhi
T00001488,C100007,A200010,2026-06-02,1996.56,Debit,Bills,Airtel,Net Banking,Delhi
T00001489,C100007,A200010,2026-06-23,401.4,Debit,Rent,Landlord Transfer,Credit Card,Delhi
T00001490,C100007,A200010,2026-04-12,3608.29,Debit,Bills,Jio,Net Banking,Delhi
T00001491,C100007,A200010,2026-03-11,4630.96,Debit,Entertainment,BookMyShow,Net Banking,Delhi
T00001492,C100007,A200010,2026-05-24,3746.1,Debit,Investment,Groww,NEFT,Delhi
T00001493,C100007,A200010,2026-05-05,769.77,Debit,Transfer,P2P Transfer,UPI,Delhi
T00001494,C100007,A200010,2026-03-01,601.57,Debit,Rent,Landlord Transfer,Debit Card,Delhi
T00001495,C100007,A200010,2026-05-27,2003.06,Debit,Healthcare,Local Clinic,NEFT,Delhi
T00001496,C100007,A200010,2026-02-18,1413.38,Debit,Bills,Jio,Debit Card,Delhi
T00001497,C100007,A200010,2026-06-01,5792.56,Debit,Healthcare,1mg,UPI,Delhi
T00001498,C100007,A200010,2026-03-29,3524.01,Debit,Healthcare,Apollo Pharmacy,Credit Card,Delhi
T00001499,C100007,A200010,2026-05-13,385.23,Debit,Shopping,Amazon,Credit Card,Delhi
T00001500,C100007,A200010,2026-04-18,2231.09,Debit,Shopping,Local Store,NEFT,Delhi
T00001501,C100007,A200010,2026-02-11,2495.31,Debit,Shopping,Myntra,NEFT,Delhi
T00001502,C100007,A200010,2026-06-06,554.81,Debit,Rent,Landlord Transfer,Debit Card,Delhi
T00001503,C100007,A200010,2026-07-26,841.84,Debit,Bills,Jio,NEFT,Delhi
T00001504,C100007,A200010,2026-06-23,571.69,Debit,Entertainment,PVR,Debit Card,Delhi
T00001505,C100007,A200010,2026-07-13,115.07,Debit,Rent,Landlord Transfer,NEFT,Delhi
T00001506,C100007,A200010,2026-04-16,1852.02,Debit,Investment,Zerodha,Credit Card,Delhi
T00001507,C100007,A200010,2026-07-15,3080.97,Debit,Shopping,Flipkart,Cash,Delhi
T00001508,C100007,A200010,2026-03-25,1950.38,Debit,Shopping,Flipkart,Cash,Delhi
T00001509,C100007,A200010,2026-03-01,3195.56,Debit,Bills,Electricity Board,UPI,Delhi
T00001510,C100007,A200010,2026-07-12,2662.2,Debit,Healthcare,1mg,Cash,Delhi
T00001511,C100007,A200010,2026-03-21,3409.82,Debit,Rent,Landlord Transfer,Credit Card,Delhi
T00001512,C100007,A200010,2026-02-17,2330.12,Debit,Healthcare,1mg,Cash,Delhi
T00001513,C100007,A200010,2026-06-14,219.18,Debit,Healthcare,Local Clinic,Net Banking,Delhi
T00001514,C100007,A200010,2026-02-09,329.21,Debit,Shopping,Amazon,Credit Card,Delhi
T00001515,C100007,A200010,2026-04-26,947.68,Debit,Healthcare,Apollo Pharmacy,UPI,Delhi
T00001516,C100007,A200010,2026-02-16,604.13,Debit,Healthcare,Local Clinic,Net Banking,Delhi
T00001517,C100007,A200010,2026-03-21,1015.64,Debit,Healthcare,Local Clinic,Debit Card,Delhi
T00001518,C100007,A200010,2026-02-21,3390.53,Debit,Entertainment,PVR,Credit Card,Delhi
T00001519,C100007,A200010,2026-06-29,757.26,Debit,Bills,Electricity Board,Debit Card,Delhi
T00001520,C100007,A200010,2026-04-26,837.65,Debit,Travel,IRCTC,Debit Card,Delhi
T00001521,C100007,A200010,2026-02-14,402.89,Debit,Healthcare,Local Clinic,Net Banking,Delhi
T00001522,C100007,A200010,2026-07-15,1182.25,Debit,ATM,ATM Withdrawal,Credit Card,Delhi
T00001523,C100007,A200010,2026-02-03,2633.4,Debit,Healthcare,Apollo Pharmacy,Debit Card,Delhi
T00001524,C100007,A200010,2026-04-06,4071.74,Debit,Healthcare,Apollo Pharmacy,Cash,Delhi
T00001525,C100007,A200010,2026-02-25,3261.06,Debit,Entertainment,Netflix,Cash,Delhi
T00001526,C100007,A200010,2026-03-02,3540.43,Debit,Healthcare,1mg,Debit Card,Delhi
T00001527,C100007,A200010,2026-05-18,2503.23,Debit,Bills,Airtel,NEFT,Delhi
T00001528,C100007,A200010,2026-02-10,85.56,Debit,Bills,Airtel,Credit Card,Delhi
T00001529,C100007,A200010,2026-03-12,6256.92,Debit,Investment,Groww,Cash,Delhi
T00001530,C100007,A200010,2026-03-26,1615.46,Debit,Rent,Landlord Transfer,Credit Card,Delhi
T00001531,C100007,A200010,2026-07-03,3636.99,Debit,Rent,Landlord Transfer,NEFT,Delhi
T00001532,C100007,A200010,2026-05-21,1452.38,Debit,Investment,Zerodha,UPI,Delhi
T00001533,C100007,A200010,2026-07-23,2181.35,Debit,Healthcare,Apollo Pharmacy,Debit Card,Delhi
T00001534,C100007,A200010,2026-06-27,2523.63,Debit,Bills,Water Dept,Cash,Delhi
T00001535,C100007,A200010,2026-06-18,503.87,Debit,Healthcare,Local Clinic,NEFT,Delhi
T00001536,C100007,A200010,2026-05-25,2595.63,Debit,Food,Cafe Coffee Day,Credit Card,Delhi
T00001537,C100007,A200010,2026-03-05,517.13,Debit,Bills,Airtel,Cash,Delhi
T00001538,C100007,A200010,2026-03-09,1050.48,Debit,Healthcare,1mg,Credit Card,Delhi
T00001539,C100007,A200010,2026-04-22,1588.78,Debit,Fuel,Indian Oil,NEFT,Delhi
T00001540,C100007,A200010,2026-04-11,780.67,Debit,ATM,ATM Withdrawal,NEFT,Delhi
T00001541,C100007,A200010,2026-07-31,619.65,Debit,Food,Local Restaurant,UPI,Delhi
T00001542,C100007,A200010,2026-05-14,3012.76,Debit,Investment,SIP Auto-debit,Credit Card,Delhi
T00001543,C100007,A200010,2026-07-24,307.61,Debit,Rent,Landlord Transfer,Debit Card,Delhi
T00001544,C100007,A200010,2026-07-20,158.8,Debit,ATM,ATM Withdrawal,Debit Card,Delhi
T00001545,C100007,A200010,2026-05-07,5297.39,Debit,Rent,Landlord Transfer,Credit Card,Delhi
T00001546,C100007,A200010,2026-07-10,714.67,Debit,Rent,Landlord Transfer,Net Banking,Delhi
T00001547,C100007,A200010,2026-03-21,196.56,Debit,Bills,Jio,UPI,Delhi
T00001548,C100007,A200010,2026-02-17,2079.03,Debit,Investment,Groww,Net Banking,Delhi
T00001549,C100007,A200010,2026-03-12,21.5,Debit,Entertainment,Netflix,Cash,Delhi
T00001550,C100007,A200010,2026-03-17,1004.77,Debit,Entertainment,BookMyShow,Debit Card,Delhi
T00001551,C100007,A200010,2026-07-19,192.18,Debit,Food,Local Restaurant,Debit Card,Delhi
T00001552,C100007,A200010,2026-02-06,2700.54,Debit,Bills,Electricity Board,Net Banking,Delhi
T00001553,C100007,A200010,2026-03-02,322.07,Debit,Food,Cafe Coffee Day,Debit Card,Delhi
T00001554,C100007,A200010,2026-06-24,50.04,Debit,Rent,Landlord Transfer,Cash,Delhi
T00001555,C100007,A200010,2026-07-17,1633.88,Debit,Entertainment,Spotify,Cash,Delhi
T00001556,C100007,A200010,2026-03-12,20.0,Debit,ATM,ATM Withdrawal,UPI,Delhi
T00001557,C100007,A200010,2026-03-09,879.11,Debit,Travel,IRCTC,Cash,Delhi
T00001558,C100007,A200010,2026-07-09,7237.47,Debit,Bills,Jio,Cash,Delhi
T00001559,C100007,A200010,2026-04-26,804.31,Debit,Food,Local Restaurant,NEFT,Delhi
T00001560,C100007,A200010,2026-06-25,1051.76,Debit,Shopping,Amazon,UPI,Delhi
T00001561,C100007,A200010,2026-03-04,81.98,Debit,Investment,Groww,UPI,Delhi
T00001562,C100007,A200010,2026-02-20,959.93,Debit,Investment,SIP Auto-debit,Debit Card,Delhi
T00001563,C100007,A200010,2026-07-03,469.57,Debit,Healthcare,Apollo Pharmacy,Debit Card,Delhi
T00001564,C100007,A200010,2026-03-25,339.58,Debit,Other,Misc Merchant,NEFT,Delhi
T00001565,C100007,A200010,2026-04-21,1660.43,Debit,Shopping,Local Store,Net Banking,Delhi
T00001566,C100007,A200010,2026-05-15,1736.57,Debit,Other,Misc Merchant,Credit Card,Delhi
T00001567,C100007,A200010,2026-08-01,86684.26,Credit,Salary,Employer,NEFT,Delhi
T00001568,C100007,A200010,2026-07-01,88272.87,Credit,Salary,Employer,NEFT,Delhi
T00001569,C100007,A200010,2026-05-31,87711.19,Credit,Salary,Employer,NEFT,Delhi
T00001570,C100007,A200010,2026-05-02,90096.33,Credit,Salary,Employer,NEFT,Delhi
T00001571,C100007,A200010,2026-04-02,89254.6,Credit,Salary,Employer,NEFT,Delhi
T00001572,C100007,A200010,2026-03-02,87159.04,Credit,Salary,Employer,NEFT,Delhi
T00001573,C100008,A200011,2026-04-11,11848.48,Debit,Travel,Ola,UPI,Gandhinagar
T00001574,C100008,A200011,2026-05-08,1738.85,Debit,ATM,ATM Withdrawal,Credit Card,Gandhinagar
T00001575,C100008,A200011,2026-06-07,41.39,Debit,Food,Swiggy,Credit Card,Gandhinagar
T00001576,C100008,A200011,2026-04-09,375.6,Debit,Bills,Jio,NEFT,Gandhinagar
T00001577,C100008,A200011,2026-04-17,3305.29,Debit,Other,Misc Merchant,Credit Card,Gandhinagar
T00001578,C100008,A200011,2026-05-27,2961.3,Debit,Bills,Water Dept,Net Banking,Gandhinagar
T00001579,C100008,A200011,2026-07-26,439.13,Debit,Food,Swiggy,Net Banking,Gandhinagar
T00001580,C100008,A200011,2026-07-20,2716.27,Debit,Travel,Ola,Credit Card,Gandhinagar
T00001581,C100008,A200011,2026-03-31,1654.2,Debit,Food,Swiggy,Cash,Gandhinagar
T00001582,C100008,A200011,2026-06-09,1162.28,Debit,Travel,IRCTC,Cash,Gandhinagar
T00001583,C100008,A200011,2026-07-23,1648.48,Debit,Other,Misc Merchant,Debit Card,Gandhinagar
T00001584,C100008,A200011,2026-03-02,1539.83,Debit,Fuel,Indian Oil,Credit Card,Gandhinagar
T00001585,C100008,A200011,2026-03-19,1275.99,Debit,Fuel,Indian Oil,Debit Card,Gandhinagar
T00001586,C100008,A200011,2026-06-08,435.32,Debit,Food,Local Restaurant,Credit Card,Gandhinagar
T00001587,C100008,A200011,2026-05-29,1630.92,Debit,Other,Misc Merchant,Debit Card,Gandhinagar
T00001588,C100008,A200011,2026-03-28,2417.77,Debit,ATM,ATM Withdrawal,Net Banking,Gandhinagar
T00001589,C100008,A200011,2026-05-16,2632.51,Debit,Investment,Groww,Debit Card,Gandhinagar
T00001590,C100008,A200011,2026-07-25,138.56,Debit,Food,Zomato,Debit Card,Gandhinagar
T00001591,C100008,A200011,2026-07-19,1299.65,Debit,Bills,Jio,UPI,Gandhinagar
T00001592,C100008,A200011,2026-03-05,654.1,Debit,Fuel,Indian Oil,Net Banking,Gandhinagar
T00001593,C100008,A200011,2026-05-14,8393.2,Debit,Entertainment,Netflix,NEFT,Gandhinagar
T00001594,C100008,A200011,2026-06-16,1413.89,Debit,Fuel,Indian Oil,NEFT,Gandhinagar
T00001595,C100008,A200011,2026-03-28,498.62,Debit,Food,Zomato,UPI,Gandhinagar
T00001596,C100008,A200011,2026-03-05,1319.9,Debit,Food,Zomato,Net Banking,Gandhinagar
T00001597,C100008,A200011,2026-06-17,1511.91,Debit,Food,Swiggy,Credit Card,Gandhinagar
T00001598,C100008,A200011,2026-04-25,3282.49,Debit,Bills,Electricity Board,Debit Card,Gandhinagar
T00001599,C100008,A200011,2026-07-05,1602.41,Debit,ATM,ATM Withdrawal,Credit Card,Gandhinagar
T00001600,C100008,A200011,2026-02-15,2606.46,Debit,Other,Misc Merchant,UPI,Gandhinagar
T00001601,C100008,A200011,2026-07-04,487.46,Debit,Bills,Jio,NEFT,Gandhinagar
T00001602,C100008,A200011,2026-05-26,7278.95,Debit,Food,Swiggy,Credit Card,Gandhinagar
T00001603,C100008,A200011,2026-05-10,1165.37,Debit,Fuel,HP Petrol Pump,UPI,Gandhinagar
T00001604,C100008,A200011,2026-06-03,633.13,Debit,Food,Zomato,Debit Card,Gandhinagar
T00001605,C100008,A200011,2026-04-11,1764.08,Debit,Other,Misc Merchant,Debit Card,Gandhinagar
T00001606,C100008,A200011,2026-04-23,2854.38,Debit,ATM,ATM Withdrawal,Credit Card,Gandhinagar
T00001607,C100008,A200011,2026-06-09,939.21,Debit,Bills,Airtel,Credit Card,Gandhinagar
T00001608,C100008,A200011,2026-03-11,824.25,Debit,Fuel,Indian Oil,Credit Card,Gandhinagar
T00001609,C100008,A200011,2026-02-24,30.62,Debit,Fuel,Indian Oil,Net Banking,Gandhinagar
T00001610,C100008,A200011,2026-04-28,1714.46,Debit,Travel,Ola,UPI,Gandhinagar
T00001611,C100008,A200011,2026-03-25,503.44,Debit,Food,Cafe Coffee Day,Credit Card,Gandhinagar
T00001612,C100008,A200011,2026-03-19,761.23,Debit,Entertainment,Netflix,Debit Card,Gandhinagar
T00001613,C100008,A200011,2026-02-27,3068.34,Debit,Food,Swiggy,Net Banking,Gandhinagar
T00001614,C100008,A200011,2026-05-08,1653.86,Debit,Education,Udemy,Cash,Gandhinagar
T00001615,C100008,A200011,2026-06-29,245.73,Debit,Other,Misc Merchant,NEFT,Gandhinagar
T00001616,C100008,A200011,2026-05-04,1152.65,Debit,Travel,IndiGo,UPI,Gandhinagar
T00001617,C100008,A200011,2026-06-30,3898.58,Debit,Fuel,HP Petrol Pump,Debit Card,Gandhinagar
T00001618,C100008,A200011,2026-07-31,389.17,Debit,Food,Local Restaurant,Cash,Gandhinagar
T00001619,C100008,A200011,2026-05-13,790.84,Debit,Entertainment,PVR,Net Banking,Gandhinagar
T00001620,C100008,A200011,2026-05-04,5963.49,Debit,Bills,Airtel,Cash,Gandhinagar
T00001621,C100008,A200011,2026-05-27,479.09,Debit,Other,Misc Merchant,Credit Card,Gandhinagar
T00001622,C100008,A200011,2026-04-23,906.31,Debit,Rent,Landlord Transfer,Credit Card,Gandhinagar
T00001623,C100008,A200011,2026-04-25,1304.03,Debit,Other,Misc Merchant,NEFT,Gandhinagar
T00001624,C100008,A200011,2026-04-11,296.75,Debit,Food,Zomato,Cash,Gandhinagar
T00001625,C100008,A200011,2026-02-18,2010.95,Debit,Food,Cafe Coffee Day,Cash,Gandhinagar
T00001626,C100008,A200011,2026-06-22,479.99,Debit,Other,Misc Merchant,NEFT,Gandhinagar
T00001627,C100008,A200011,2026-02-21,656.5,Debit,Food,Cafe Coffee Day,Debit Card,Gandhinagar
T00001628,C100008,A200011,2026-03-11,47.95,Debit,Food,Cafe Coffee Day,NEFT,Gandhinagar
T00001629,C100008,A200011,2026-06-05,135.79,Debit,Bills,Electricity Board,Cash,Gandhinagar
T00001630,C100008,A200011,2026-07-10,757.96,Debit,Food,Cafe Coffee Day,Debit Card,Gandhinagar
T00001631,C100008,A200011,2026-03-19,804.98,Debit,Fuel,Indian Oil,NEFT,Gandhinagar
T00001632,C100008,A200011,2026-07-25,797.37,Debit,Healthcare,1mg,Credit Card,Gandhinagar
T00001633,C100008,A200011,2026-07-06,2178.66,Debit,Food,Zomato,Credit Card,Gandhinagar
T00001634,C100008,A200011,2026-04-23,1008.75,Debit,Travel,Ola,UPI,Gandhinagar
T00001635,C100008,A200011,2026-06-02,490.79,Debit,Investment,Zerodha,Net Banking,Gandhinagar
T00001636,C100008,A200011,2026-04-14,1481.12,Debit,Bills,Water Dept,NEFT,Gandhinagar
T00001637,C100008,A200011,2026-05-11,2966.89,Debit,Food,Swiggy,Debit Card,Gandhinagar
T00001638,C100008,A200011,2026-05-20,1433.78,Debit,Entertainment,PVR,Debit Card,Gandhinagar
T00001639,C100008,A200011,2026-07-06,2872.13,Debit,Fuel,Indian Oil,UPI,Gandhinagar
T00001640,C100008,A200011,2026-05-14,1390.54,Debit,Food,Swiggy,Credit Card,Gandhinagar
T00001641,C100008,A200011,2026-06-29,20.14,Debit,Food,Local Restaurant,Debit Card,Gandhinagar
T00001642,C100008,A200011,2026-05-06,3240.22,Debit,Fuel,Indian Oil,Credit Card,Gandhinagar
T00001643,C100008,A200011,2026-05-19,928.15,Debit,Fuel,HP Petrol Pump,Credit Card,Gandhinagar
T00001644,C100008,A200011,2026-02-15,77.75,Debit,Fuel,Indian Oil,Cash,Gandhinagar
T00001645,C100008,A200011,2026-04-06,1156.03,Debit,Food,Swiggy,Cash,Gandhinagar
T00001646,C100008,A200011,2026-02-22,10038.71,Debit,Food,Local Restaurant,Debit Card,Gandhinagar
T00001647,C100008,A200011,2026-06-03,2282.44,Debit,Food,Swiggy,NEFT,Gandhinagar
T00001648,C100008,A200011,2026-04-04,5315.07,Debit,Fuel,Indian Oil,Debit Card,Gandhinagar
T00001649,C100008,A200011,2026-05-27,4045.73,Debit,Other,Misc Merchant,Debit Card,Gandhinagar
T00001650,C100008,A200011,2026-07-12,594.39,Debit,Other,Misc Merchant,Net Banking,Gandhinagar
T00001651,C100008,A200011,2026-05-08,923.58,Debit,Other,Misc Merchant,Debit Card,Gandhinagar
T00001652,C100008,A200011,2026-03-26,311.79,Debit,Travel,MakeMyTrip,Net Banking,Gandhinagar
T00001653,C100008,A200011,2026-07-01,4456.2,Debit,Food,Cafe Coffee Day,Net Banking,Gandhinagar
T00001654,C100008,A200011,2026-06-19,428.52,Debit,Investment,Zerodha,Cash,Gandhinagar
T00001655,C100008,A200011,2026-06-20,276.59,Debit,Other,Misc Merchant,Net Banking,Gandhinagar
T00001656,C100008,A200011,2026-02-19,2091.45,Debit,Rent,Landlord Transfer,Debit Card,Gandhinagar
T00001657,C100008,A200011,2026-02-17,148.84,Debit,Education,Udemy,Credit Card,Gandhinagar
T00001658,C100008,A200011,2026-07-29,1184.26,Debit,Other,Misc Merchant,Net Banking,Gandhinagar
T00001659,C100008,A200011,2026-03-01,1789.96,Debit,Food,Swiggy,Debit Card,Gandhinagar
T00001660,C100008,A200011,2026-04-25,3919.93,Debit,Fuel,Indian Oil,Credit Card,Gandhinagar
T00001661,C100008,A200011,2026-06-14,87.63,Debit,Bills,Jio,Debit Card,Gandhinagar
T00001662,C100008,A200011,2026-02-06,14688.88,Debit,ATM,ATM Withdrawal,Debit Card,Gandhinagar
T00001663,C100008,A200011,2026-03-05,108.85,Debit,Fuel,HP Petrol Pump,NEFT,Gandhinagar
T00001664,C100008,A200011,2026-06-05,96.75,Debit,Fuel,Indian Oil,UPI,Gandhinagar
T00001665,C100008,A200011,2026-05-12,1764.66,Debit,Entertainment,Spotify,Net Banking,Gandhinagar
T00001666,C100008,A200011,2026-07-16,3409.04,Debit,Education,Coursera,Net Banking,Gandhinagar
T00001667,C100008,A200011,2026-02-08,2296.43,Debit,Other,Misc Merchant,NEFT,Gandhinagar
T00001668,C100008,A200011,2026-04-20,670.74,Debit,Education,College Fee,NEFT,Gandhinagar
T00001669,C100008,A200011,2026-05-04,742.81,Debit,Food,Zomato,NEFT,Gandhinagar
T00001670,C100008,A200011,2026-04-09,424.48,Debit,Food,Zomato,Net Banking,Gandhinagar
T00001671,C100008,A200011,2026-05-06,1447.23,Debit,Food,Swiggy,NEFT,Gandhinagar
T00001672,C100008,A200011,2026-06-12,5610.67,Debit,Fuel,Indian Oil,Credit Card,Gandhinagar
T00001673,C100008,A200011,2026-07-08,1817.08,Debit,Other,Misc Merchant,Credit Card,Gandhinagar
T00001674,C100008,A200011,2026-06-24,42.7,Debit,Bills,Electricity Board,Credit Card,Gandhinagar
T00001675,C100008,A200011,2026-02-28,2932.99,Debit,Food,Swiggy,NEFT,Gandhinagar
T00001676,C100008,A200011,2026-06-27,8196.3,Debit,Investment,Zerodha,Net Banking,Gandhinagar
T00001677,C100008,A200011,2026-06-04,901.52,Debit,Fuel,Indian Oil,NEFT,Gandhinagar
T00001678,C100008,A200011,2026-06-10,853.95,Debit,Food,Swiggy,Debit Card,Gandhinagar
T00001679,C100008,A200011,2026-03-31,2134.92,Debit,Other,Misc Merchant,Debit Card,Gandhinagar
T00001680,C100008,A200011,2026-05-28,2683.09,Debit,Fuel,Indian Oil,Debit Card,Gandhinagar
T00001681,C100008,A200011,2026-06-28,766.55,Debit,Food,Swiggy,Cash,Gandhinagar
T00001682,C100008,A200011,2026-04-20,263.68,Debit,Investment,Groww,Cash,Gandhinagar
T00001683,C100008,A200011,2026-07-30,581.68,Debit,Travel,IndiGo,NEFT,Gandhinagar
T00001684,C100008,A200011,2026-07-13,2315.1,Debit,Fuel,HP Petrol Pump,Net Banking,Gandhinagar
T00001685,C100008,A200011,2026-05-18,859.85,Debit,Fuel,HP Petrol Pump,Debit Card,Gandhinagar
T00001686,C100008,A200011,2026-04-28,2975.54,Debit,Investment,SIP Auto-debit,Cash,Gandhinagar
T00001687,C100008,A200011,2026-05-10,3290.09,Debit,ATM,ATM Withdrawal,UPI,Gandhinagar
T00001688,C100008,A200011,2026-06-18,504.07,Debit,ATM,ATM Withdrawal,Debit Card,Gandhinagar
T00001689,C100008,A200011,2026-07-21,1617.72,Debit,Food,Cafe Coffee Day,Cash,Gandhinagar
T00001690,C100008,A200011,2026-04-01,1008.53,Debit,Bills,Jio,Cash,Gandhinagar
T00001691,C100008,A200011,2026-05-21,1870.04,Debit,Education,Coursera,Debit Card,Gandhinagar
T00001692,C100008,A200011,2026-03-07,1126.62,Debit,Food,Swiggy,NEFT,Gandhinagar
T00001693,C100008,A200011,2026-07-09,224.33,Debit,Fuel,HP Petrol Pump,Credit Card,Gandhinagar
T00001694,C100008,A200011,2026-03-07,20.0,Debit,Education,College Fee,NEFT,Gandhinagar
T00001695,C100008,A200011,2026-05-29,70.03,Debit,Healthcare,Local Clinic,Net Banking,Gandhinagar
T00001696,C100008,A200011,2026-04-07,1065.03,Debit,Entertainment,Netflix,Net Banking,Gandhinagar
T00001697,C100008,A200011,2026-06-24,1212.98,Debit,Other,Misc Merchant,NEFT,Gandhinagar
T00001698,C100008,A200011,2026-04-28,9288.86,Debit,Investment,Groww,Net Banking,Gandhinagar
T00001699,C100008,A200011,2026-04-23,1207.56,Debit,Entertainment,BookMyShow,Net Banking,Gandhinagar
T00001700,C100008,A200011,2026-03-25,420.31,Debit,Entertainment,PVR,Cash,Gandhinagar
T00001701,C100008,A200011,2026-04-27,20.0,Debit,Fuel,HP Petrol Pump,Debit Card,Gandhinagar
T00001702,C100008,A200011,2026-03-14,1895.3,Debit,Fuel,HP Petrol Pump,Cash,Gandhinagar
T00001703,C100008,A200011,2026-03-28,158.08,Debit,Transfer,P2P Transfer,Credit Card,Gandhinagar
T00001704,C100008,A200011,2026-07-09,740.77,Debit,Rent,Landlord Transfer,Cash,Gandhinagar
T00001705,C100008,A200011,2026-06-06,915.44,Debit,Food,Swiggy,Cash,Gandhinagar
T00001706,C100008,A200011,2026-02-03,2504.74,Debit,Entertainment,BookMyShow,Net Banking,Gandhinagar
T00001707,C100008,A200011,2026-04-28,4480.71,Debit,Education,Coursera,Debit Card,Gandhinagar
T00001708,C100008,A200011,2026-06-27,1208.34,Debit,Fuel,HP Petrol Pump,Net Banking,Gandhinagar
T00001709,C100008,A200011,2026-07-18,1323.46,Debit,Food,Local Restaurant,NEFT,Gandhinagar
T00001710,C100008,A200011,2026-05-10,1511.78,Debit,Education,Coursera,Cash,Gandhinagar
T00001711,C100008,A200011,2026-06-08,2856.65,Debit,ATM,ATM Withdrawal,Net Banking,Gandhinagar
T00001712,C100008,A200011,2026-05-11,3215.69,Debit,Fuel,Indian Oil,Credit Card,Gandhinagar
T00001713,C100008,A200011,2026-07-14,1475.14,Debit,Entertainment,PVR,Cash,Gandhinagar
T00001714,C100008,A200011,2026-02-03,1013.47,Debit,Education,Coursera,Net Banking,Gandhinagar
T00001715,C100008,A200011,2026-02-27,2503.23,Debit,Fuel,HP Petrol Pump,Net Banking,Gandhinagar
T00001716,C100008,A200011,2026-06-29,166.99,Debit,Food,Swiggy,Debit Card,Gandhinagar
T00001717,C100008,A200011,2026-03-25,1314.41,Debit,Food,Swiggy,NEFT,Gandhinagar
T00001718,C100008,A200011,2026-07-10,1944.85,Debit,Bills,Jio,Cash,Gandhinagar
T00001719,C100008,A200011,2026-03-10,1984.88,Debit,Other,Misc Merchant,Debit Card,Gandhinagar
T00001720,C100008,A200011,2026-02-27,430.9,Debit,Other,Misc Merchant,Cash,Gandhinagar
T00001721,C100008,A200011,2026-04-13,2063.13,Debit,Bills,Jio,UPI,Gandhinagar
T00001722,C100008,A200011,2026-03-07,3555.33,Debit,ATM,ATM Withdrawal,Cash,Gandhinagar
T00001723,C100008,A200011,2026-02-15,3477.27,Debit,Food,Cafe Coffee Day,UPI,Gandhinagar
T00001724,C100008,A200011,2026-04-21,1058.1,Debit,Other,Misc Merchant,NEFT,Gandhinagar
T00001725,C100008,A200011,2026-07-22,993.43,Debit,Fuel,Indian Oil,Net Banking,Gandhinagar
T00001726,C100008,A200011,2026-03-13,2936.49,Debit,Investment,Groww,Credit Card,Gandhinagar
T00001727,C100008,A200011,2026-07-04,5185.76,Debit,Other,Misc Merchant,Cash,Gandhinagar
T00001728,C100008,A200011,2026-05-28,22.31,Debit,Fuel,HP Petrol Pump,NEFT,Gandhinagar
T00001729,C100008,A200011,2026-04-01,3201.87,Debit,Fuel,HP Petrol Pump,Credit Card,Gandhinagar
T00001730,C100008,A200011,2026-04-08,4712.41,Debit,Food,Cafe Coffee Day,Debit Card,Gandhinagar
T00001731,C100008,A200011,2026-07-29,973.5,Debit,Transfer,P2P Transfer,Credit Card,Gandhinagar
T00001732,C100008,A200011,2026-03-24,879.47,Debit,Food,Swiggy,UPI,Gandhinagar
T00001733,C100008,A200011,2026-02-22,1234.89,Debit,Fuel,Indian Oil,Credit Card,Gandhinagar
T00001734,C100008,A200011,2026-03-24,886.06,Debit,Other,Misc Merchant,Credit Card,Gandhinagar
T00001735,C100008,A200011,2026-04-23,953.91,Debit,Entertainment,Spotify,Cash,Gandhinagar
T00001736,C100008,A200011,2026-06-09,1418.69,Debit,Other,Misc Merchant,Debit Card,Gandhinagar
T00001737,C100008,A200011,2026-03-24,3125.54,Debit,Rent,Landlord Transfer,Debit Card,Gandhinagar
T00001738,C100008,A200011,2026-03-22,415.61,Debit,Other,Misc Merchant,Cash,Gandhinagar
T00001739,C100008,A200011,2026-06-17,310.29,Debit,Travel,Ola,UPI,Gandhinagar
T00001740,C100008,A200011,2026-04-10,1110.47,Debit,Bills,Water Dept,Debit Card,Gandhinagar
T00001741,C100008,A200011,2026-04-16,6971.14,Debit,Fuel,Indian Oil,Debit Card,Gandhinagar
T00001742,C100008,A200011,2026-07-13,2734.42,Debit,Bills,Airtel,Cash,Gandhinagar
T00001743,C100008,A200011,2026-06-22,1694.14,Debit,Fuel,HP Petrol Pump,Net Banking,Gandhinagar
T00001744,C100008,A200011,2026-03-14,3764.38,Debit,ATM,ATM Withdrawal,Net Banking,Gandhinagar
T00001745,C100008,A200011,2026-06-10,118.02,Debit,Food,Zomato,UPI,Gandhinagar
T00001746,C100008,A200011,2026-07-31,2670.08,Debit,Entertainment,Spotify,NEFT,Gandhinagar
T00001747,C100008,A200011,2026-04-22,3095.04,Debit,Food,Swiggy,Net Banking,Gandhinagar
T00001748,C100008,A200011,2026-07-09,5599.85,Debit,Education,Coursera,UPI,Gandhinagar
T00001749,C100008,A200011,2026-06-28,4087.91,Debit,Other,Misc Merchant,Cash,Gandhinagar
T00001750,C100008,A200011,2026-06-10,2231.88,Debit,Fuel,HP Petrol Pump,Credit Card,Gandhinagar
T00001751,C100008,A200011,2026-04-04,549.13,Debit,Fuel,HP Petrol Pump,NEFT,Gandhinagar
T00001752,C100008,A200011,2026-02-09,250.84,Debit,Fuel,HP Petrol Pump,Debit Card,Gandhinagar
T00001753,C100008,A200011,2026-06-19,92.91,Debit,Entertainment,BookMyShow,Credit Card,Gandhinagar
T00001754,C100008,A200011,2026-02-28,357.58,Debit,Other,Misc Merchant,Cash,Gandhinagar
T00001755,C100008,A200011,2026-03-06,531.87,Debit,Other,Misc Merchant,Net Banking,Gandhinagar
T00001756,C100008,A200011,2026-07-15,109.04,Debit,Travel,Uber,Net Banking,Gandhinagar
T00001757,C100008,A200011,2026-02-04,519.29,Debit,Fuel,Indian Oil,Cash,Gandhinagar
T00001758,C100008,A200011,2026-04-22,1258.04,Debit,Fuel,HP Petrol Pump,UPI,Gandhinagar
T00001759,C100008,A200011,2026-06-21,2766.57,Debit,Food,Local Restaurant,Debit Card,Gandhinagar
T00001760,C100008,A200011,2026-06-23,1607.55,Debit,Fuel,HP Petrol Pump,NEFT,Gandhinagar
T00001761,C100008,A200011,2026-05-31,1735.91,Debit,ATM,ATM Withdrawal,Debit Card,Gandhinagar
T00001762,C100008,A200011,2026-04-18,249.17,Debit,Healthcare,Apollo Pharmacy,UPI,Gandhinagar
T00001763,C100008,A200011,2026-06-21,2321.35,Debit,Entertainment,Netflix,UPI,Gandhinagar
T00001764,C100008,A200011,2026-02-11,2088.9,Debit,Food,Swiggy,UPI,Gandhinagar
T00001765,C100008,A200011,2026-03-21,9672.3,Debit,Bills,Water Dept,NEFT,Gandhinagar
T00001766,C100008,A200011,2026-03-28,2423.25,Debit,Fuel,HP Petrol Pump,Net Banking,Gandhinagar
T00001767,C100008,A200011,2026-04-05,11087.74,Debit,Fuel,Indian Oil,NEFT,Gandhinagar
T00001768,C100008,A200011,2026-05-29,380.34,Debit,Education,College Fee,Cash,Gandhinagar
T00001769,C100008,A200011,2026-03-06,1047.62,Debit,Food,Swiggy,Net Banking,Gandhinagar
T00001770,C100008,A200011,2026-04-02,5073.01,Debit,ATM,ATM Withdrawal,Cash,Gandhinagar
T00001771,C100008,A200011,2026-03-31,1075.99,Debit,Bills,Jio,NEFT,Gandhinagar
T00001772,C100008,A200011,2026-05-21,2340.83,Debit,Bills,Electricity Board,Credit Card,Gandhinagar
T00001773,C100008,A200011,2026-02-08,3245.11,Debit,Travel,IRCTC,NEFT,Gandhinagar
T00001774,C100008,A200011,2026-03-02,3639.26,Debit,Entertainment,Spotify,Credit Card,Gandhinagar
T00001775,C100008,A200011,2026-05-14,901.02,Debit,Travel,IndiGo,Debit Card,Gandhinagar
T00001776,C100008,A200011,2026-07-17,2058.74,Debit,Entertainment,PVR,Net Banking,Gandhinagar
T00001777,C100008,A200011,2026-05-29,631.22,Debit,Fuel,Indian Oil,Debit Card,Gandhinagar
T00001778,C100008,A200011,2026-05-23,2658.14,Debit,Investment,SIP Auto-debit,Debit Card,Gandhinagar
T00001779,C100008,A200011,2026-04-11,504.98,Debit,Healthcare,1mg,Net Banking,Gandhinagar
T00001780,C100008,A200011,2026-04-12,563.16,Debit,Fuel,Indian Oil,NEFT,Gandhinagar
T00001781,C100008,A200011,2026-02-28,1774.83,Debit,Food,Swiggy,Credit Card,Gandhinagar
T00001782,C100008,A200011,2026-04-26,645.95,Debit,Bills,Airtel,UPI,Gandhinagar
T00001783,C100008,A200011,2026-05-09,4646.85,Debit,Other,Misc Merchant,Debit Card,Gandhinagar
T00001784,C100008,A200011,2026-03-02,983.8,Debit,Fuel,HP Petrol Pump,Cash,Gandhinagar
T00001785,C100008,A200011,2026-05-23,1383.34,Debit,Fuel,HP Petrol Pump,Net Banking,Gandhinagar
T00001786,C100008,A200011,2026-05-19,908.37,Debit,Fuel,Indian Oil,Debit Card,Gandhinagar
T00001787,C100008,A200011,2026-02-24,10713.66,Debit,Food,Swiggy,Cash,Gandhinagar
T00001788,C100008,A200011,2026-03-01,1679.26,Debit,Bills,Electricity Board,Net Banking,Gandhinagar
T00001789,C100008,A200011,2026-03-06,944.96,Debit,Education,Coursera,UPI,Gandhinagar
T00001790,C100008,A200011,2026-05-28,773.24,Debit,Entertainment,BookMyShow,Net Banking,Gandhinagar
T00001791,C100008,A200011,2026-03-22,1193.22,Debit,Bills,Water Dept,NEFT,Gandhinagar
T00001792,C100008,A200011,2026-07-22,184.95,Debit,Fuel,HP Petrol Pump,Net Banking,Gandhinagar
T00001793,C100008,A200011,2026-02-03,939.78,Debit,Food,Local Restaurant,Cash,Gandhinagar
T00001794,C100008,A200011,2026-05-05,1795.77,Debit,Food,Local Restaurant,Net Banking,Gandhinagar
T00001795,C100008,A200011,2026-03-16,2351.68,Debit,Entertainment,Netflix,NEFT,Gandhinagar
T00001796,C100008,A200011,2026-05-08,1885.47,Debit,Other,Misc Merchant,Cash,Gandhinagar
T00001797,C100008,A200011,2026-05-23,5449.61,Debit,Bills,Water Dept,Cash,Gandhinagar
T00001798,C100008,A200011,2026-04-22,19567.12,Debit,ATM,ATM Withdrawal,Debit Card,Gandhinagar
T00001799,C100008,A200011,2026-05-29,3495.73,Debit,Food,Swiggy,Net Banking,Gandhinagar
T00001800,C100008,A200011,2026-05-02,578.58,Debit,Travel,MakeMyTrip,Net Banking,Gandhinagar
T00001801,C100008,A200011,2026-07-12,1475.83,Debit,Fuel,HP Petrol Pump,NEFT,Gandhinagar
T00001802,C100008,A200011,2026-04-30,628.19,Debit,Travel,Uber,UPI,Gandhinagar
T00001803,C100008,A200011,2026-05-14,83.07,Debit,Bills,Water Dept,UPI,Gandhinagar
T00001804,C100008,A200011,2026-07-07,1435.98,Debit,Entertainment,Spotify,Credit Card,Gandhinagar
T00001805,C100008,A200011,2026-04-23,9036.77,Debit,Other,Misc Merchant,Net Banking,Gandhinagar
T00001806,C100008,A200011,2026-04-22,8450.37,Debit,ATM,ATM Withdrawal,Debit Card,Gandhinagar
T00001807,C100008,A200011,2026-08-01,1160.5,Debit,Education,Coursera,Cash,Gandhinagar
T00001808,C100008,A200011,2026-07-02,20.0,Debit,Entertainment,BookMyShow,Credit Card,Gandhinagar
T00001809,C100008,A200011,2026-03-02,1202.71,Debit,Food,Zomato,UPI,Gandhinagar
T00001810,C100008,A200011,2026-02-08,1934.63,Debit,Other,Misc Merchant,Cash,Gandhinagar
T00001811,C100008,A200011,2026-06-23,2449.16,Debit,Education,Coursera,NEFT,Gandhinagar
T00001812,C100008,A200011,2026-06-04,361.68,Debit,Travel,MakeMyTrip,UPI,Gandhinagar
T00001813,C100008,A200011,2026-04-08,577.21,Debit,Other,Misc Merchant,Net Banking,Gandhinagar
T00001814,C100008,A200011,2026-05-08,1071.44,Debit,Other,Misc Merchant,NEFT,Gandhinagar
T00001815,C100008,A200011,2026-06-12,1934.04,Debit,Other,Misc Merchant,Net Banking,Gandhinagar
T00001816,C100008,A200011,2026-03-04,1585.62,Debit,Entertainment,Netflix,UPI,Gandhinagar
T00001817,C100008,A200011,2026-02-28,15249.11,Debit,Fuel,HP Petrol Pump,Debit Card,Gandhinagar
T00001818,C100008,A200011,2026-03-30,2976.62,Debit,Entertainment,Spotify,UPI,Gandhinagar
T00001819,C100008,A200011,2026-07-31,65439.61,Credit,Salary,Employer,NEFT,Gandhinagar
T00001820,C100008,A200011,2026-07-01,66189.5,Credit,Salary,Employer,NEFT,Gandhinagar
T00001821,C100008,A200011,2026-06-01,64518.48,Credit,Salary,Employer,NEFT,Gandhinagar
T00001822,C100008,A200011,2026-05-03,64711.46,Credit,Salary,Employer,NEFT,Gandhinagar
T00001823,C100008,A200011,2026-04-02,64642.87,Credit,Salary,Employer,NEFT,Gandhinagar
T00001824,C100008,A200011,2026-03-02,67247.23,Credit,Salary,Employer,NEFT,Gandhinagar
T00001825,C100009,A200012,2026-04-22,718.15,Debit,ATM,ATM Withdrawal,Net Banking,Bengaluru
T00001826,C100009,A200012,2026-05-04,125.66,Debit,Bills,Airtel,UPI,Bengaluru
T00001827,C100009,A200012,2026-06-29,1108.88,Debit,Travel,IRCTC,NEFT,Bengaluru
T00001828,C100009,A200012,2026-04-15,490.56,Debit,Food,Zomato,NEFT,Bengaluru
T00001829,C100009,A200012,2026-07-05,3158.57,Debit,Food,Zomato,UPI,Bengaluru
T00001830,C100009,A200012,2026-07-08,344.44,Debit,ATM,ATM Withdrawal,NEFT,Bengaluru
T00001831,C100009,A200012,2026-07-03,1248.42,Debit,Food,Cafe Coffee Day,Credit Card,Bengaluru
T00001832,C100009,A200012,2026-07-04,307.91,Debit,Shopping,Local Store,UPI,Bengaluru
T00001833,C100009,A200012,2026-06-17,1294.24,Debit,Shopping,Local Store,UPI,Bengaluru
T00001834,C100009,A200012,2026-02-10,1041.55,Debit,Travel,IndiGo,Credit Card,Bengaluru
T00001835,C100009,A200012,2026-06-03,150.79,Debit,ATM,ATM Withdrawal,Net Banking,Bengaluru
T00001836,C100009,A200012,2026-05-13,1587.8,Debit,Shopping,Local Store,NEFT,Bengaluru
T00001837,C100009,A200012,2026-05-28,814.57,Debit,Healthcare,Local Clinic,Cash,Bengaluru
T00001838,C100009,A200012,2026-04-07,479.4,Debit,Shopping,Local Store,UPI,Bengaluru
T00001839,C100009,A200012,2026-03-17,2673.69,Debit,Shopping,Flipkart,UPI,Bengaluru
T00001840,C100009,A200012,2026-04-24,1613.34,Debit,Rent,Landlord Transfer,Credit Card,Bengaluru
T00001841,C100009,A200012,2026-06-16,57.81,Debit,Healthcare,Local Clinic,NEFT,Bengaluru
T00001842,C100009,A200012,2026-03-02,105.42,Debit,Food,Swiggy,Cash,Bengaluru
T00001843,C100009,A200012,2026-07-04,4411.65,Debit,Fuel,HP Petrol Pump,Credit Card,Bengaluru
T00001844,C100009,A200012,2026-03-01,533.37,Debit,Shopping,Myntra,Debit Card,Bengaluru
T00001845,C100009,A200012,2026-03-16,675.88,Debit,Healthcare,Apollo Pharmacy,Credit Card,Bengaluru
T00001846,C100009,A200012,2026-07-05,835.51,Debit,Other,Misc Merchant,Cash,Bengaluru
T00001847,C100009,A200012,2026-04-27,2112.35,Debit,Rent,Landlord Transfer,Cash,Bengaluru
T00001848,C100009,A200012,2026-07-04,1602.17,Debit,Travel,MakeMyTrip,Net Banking,Bengaluru
T00001849,C100009,A200012,2026-06-06,334.93,Debit,ATM,ATM Withdrawal,NEFT,Bengaluru
T00001850,C100009,A200012,2026-02-14,1708.41,Debit,Healthcare,Local Clinic,Cash,Bengaluru
T00001851,C100009,A200012,2026-04-18,566.88,Debit,Bills,Water Dept,Credit Card,Bengaluru
T00001852,C100009,A200012,2026-06-25,1291.16,Debit,ATM,ATM Withdrawal,Net Banking,Bengaluru
T00001853,C100009,A200012,2026-06-16,66.61,Debit,Rent,Landlord Transfer,Debit Card,Bengaluru
T00001854,C100009,A200012,2026-02-12,564.21,Debit,Bills,Water Dept,Debit Card,Bengaluru
T00001855,C100009,A200012,2026-03-30,558.11,Debit,Shopping,Amazon,Net Banking,Bengaluru
T00001856,C100009,A200012,2026-04-13,4506.6,Debit,Shopping,Amazon,Debit Card,Bengaluru
T00001857,C100009,A200012,2026-03-21,195.06,Debit,Food,Swiggy,Debit Card,Bengaluru
T00001858,C100009,A200012,2026-04-26,424.22,Debit,Rent,Landlord Transfer,Cash,Bengaluru
T00001859,C100009,A200012,2026-06-18,416.15,Debit,Education,Udemy,Credit Card,Bengaluru
T00001860,C100009,A200012,2026-04-06,1346.15,Debit,Bills,Electricity Board,Credit Card,Bengaluru
T00001861,C100009,A200012,2026-06-17,490.54,Debit,Healthcare,Apollo Pharmacy,NEFT,Bengaluru
T00001862,C100009,A200012,2026-04-27,1716.9,Debit,Healthcare,Local Clinic,Credit Card,Bengaluru
T00001863,C100009,A200012,2026-05-31,119.17,Debit,Healthcare,1mg,Credit Card,Bengaluru
T00001864,C100009,A200012,2026-05-27,2205.07,Debit,Shopping,Local Store,NEFT,Bengaluru
T00001865,C100009,A200012,2026-06-16,525.36,Debit,Fuel,HP Petrol Pump,UPI,Bengaluru
T00001866,C100009,A200012,2026-05-14,376.83,Debit,ATM,ATM Withdrawal,Net Banking,Bengaluru
T00001867,C100009,A200012,2026-04-16,563.79,Debit,Bills,Water Dept,NEFT,Bengaluru
T00001868,C100009,A200012,2026-04-27,118.61,Debit,Shopping,Amazon,Cash,Bengaluru
T00001869,C100009,A200012,2026-06-01,41.54,Debit,Bills,Airtel,UPI,Bengaluru
T00001870,C100009,A200012,2026-06-22,658.41,Debit,ATM,ATM Withdrawal,NEFT,Bengaluru
T00001871,C100009,A200012,2026-04-13,61.16,Debit,Food,Local Restaurant,Cash,Bengaluru
T00001872,C100009,A200012,2026-03-12,313.25,Debit,Healthcare,Local Clinic,NEFT,Bengaluru
T00001873,C100009,A200012,2026-06-20,985.78,Debit,Shopping,Local Store,UPI,Bengaluru
T00001874,C100009,A200012,2026-07-22,548.52,Debit,Rent,Landlord Transfer,Debit Card,Bengaluru
T00001875,C100009,A200012,2026-04-06,259.23,Debit,Travel,Uber,NEFT,Bengaluru
T00001876,C100009,A200012,2026-04-24,725.23,Debit,Healthcare,1mg,Net Banking,Bengaluru
T00001877,C100009,A200012,2026-06-17,810.63,Debit,Travel,IRCTC,NEFT,Bengaluru
T00001878,C100009,A200012,2026-06-15,156.53,Debit,ATM,ATM Withdrawal,Cash,Bengaluru
T00001879,C100009,A200012,2026-02-14,2667.99,Debit,Shopping,Local Store,Net Banking,Bengaluru
T00001880,C100009,A200012,2026-04-07,46.26,Debit,Food,Swiggy,Net Banking,Bengaluru
T00001881,C100009,A200012,2026-07-19,694.64,Debit,ATM,ATM Withdrawal,NEFT,Bengaluru
T00001882,C100009,A200012,2026-05-17,1003.13,Debit,Shopping,Amazon,NEFT,Bengaluru
T00001883,C100009,A200012,2026-03-24,260.81,Debit,Healthcare,Apollo Pharmacy,Net Banking,Bengaluru
T00001884,C100009,A200012,2026-06-24,455.09,Debit,Bills,Water Dept,UPI,Bengaluru
T00001885,C100009,A200012,2026-07-06,489.75,Debit,Rent,Landlord Transfer,Cash,Bengaluru
T00001886,C100009,A200012,2026-02-09,502.48,Debit,Travel,MakeMyTrip,Debit Card,Bengaluru
T00001887,C100009,A200012,2026-05-21,518.16,Debit,ATM,ATM Withdrawal,Debit Card,Bengaluru
T00001888,C100009,A200012,2026-05-12,20.0,Debit,Rent,Landlord Transfer,NEFT,Bengaluru
T00001889,C100009,A200012,2026-07-02,771.87,Debit,Shopping,Amazon,Cash,Bengaluru
T00001890,C100009,A200012,2026-04-19,2224.4,Debit,Investment,Groww,Credit Card,Bengaluru
T00001891,C100009,A200012,2026-03-17,49.52,Debit,Shopping,Flipkart,Credit Card,Bengaluru
T00001892,C100009,A200012,2026-06-09,76.15,Debit,Shopping,Local Store,UPI,Bengaluru
T00001893,C100009,A200012,2026-02-16,275.53,Debit,Shopping,Amazon,Net Banking,Bengaluru
T00001894,C100009,A200012,2026-06-22,136.86,Debit,Transfer,P2P Transfer,Cash,Bengaluru
T00001895,C100009,A200012,2026-02-05,869.47,Debit,Transfer,P2P Transfer,Net Banking,Bengaluru
T00001896,C100009,A200012,2026-02-24,1270.58,Debit,Rent,Landlord Transfer,Credit Card,Bengaluru
T00001897,C100009,A200012,2026-02-20,169.13,Debit,Bills,Jio,Debit Card,Bengaluru
T00001898,C100009,A200012,2026-05-24,3426.73,Debit,Bills,Airtel,Net Banking,Bengaluru
T00001899,C100009,A200012,2026-07-24,2348.73,Debit,ATM,ATM Withdrawal,Debit Card,Bengaluru
T00001900,C100009,A200012,2026-04-19,20.0,Debit,Food,Swiggy,Cash,Bengaluru
T00001901,C100009,A200012,2026-05-10,880.37,Debit,ATM,ATM Withdrawal,Cash,Bengaluru
T00001902,C100009,A200012,2026-05-12,1696.58,Debit,Healthcare,1mg,Debit Card,Bengaluru
T00001903,C100009,A200012,2026-04-26,600.42,Debit,Healthcare,Local Clinic,Cash,Bengaluru
T00001904,C100009,A200012,2026-04-22,288.67,Debit,Other,Misc Merchant,Credit Card,Bengaluru
T00001905,C100009,A200012,2026-03-14,3575.42,Debit,Healthcare,Local Clinic,Net Banking,Bengaluru
T00001906,C100009,A200012,2026-02-20,781.45,Debit,Travel,Uber,NEFT,Bengaluru
T00001907,C100009,A200012,2026-05-03,589.73,Debit,Healthcare,1mg,Credit Card,Bengaluru
T00001908,C100009,A200012,2026-05-15,38.31,Debit,Fuel,Indian Oil,UPI,Bengaluru
T00001909,C100009,A200012,2026-04-18,938.95,Debit,Healthcare,Local Clinic,Net Banking,Bengaluru
T00001910,C100009,A200012,2026-05-02,3566.82,Debit,Bills,Electricity Board,Cash,Bengaluru
T00001911,C100009,A200012,2026-03-01,241.49,Debit,Food,Local Restaurant,UPI,Bengaluru
T00001912,C100009,A200012,2026-03-29,932.92,Debit,Food,Zomato,NEFT,Bengaluru
T00001913,C100009,A200012,2026-05-01,1800.77,Debit,Food,Zomato,Debit Card,Bengaluru
T00001914,C100009,A200012,2026-06-15,1765.38,Debit,Rent,Landlord Transfer,Debit Card,Bengaluru
T00001915,C100009,A200012,2026-07-06,224.76,Debit,Food,Local Restaurant,Cash,Bengaluru
T00001916,C100009,A200012,2026-05-13,640.19,Debit,Fuel,Indian Oil,Debit Card,Bengaluru
T00001917,C100009,A200012,2026-07-18,991.49,Debit,Rent,Landlord Transfer,Net Banking,Bengaluru
T00001918,C100009,A200012,2026-02-26,446.11,Debit,Healthcare,1mg,Debit Card,Bengaluru
T00001919,C100009,A200012,2026-05-03,408.15,Debit,Shopping,Flipkart,Net Banking,Bengaluru
T00001920,C100009,A200012,2026-05-20,136.76,Debit,Investment,Zerodha,NEFT,Bengaluru
T00001921,C100009,A200012,2026-05-13,1079.62,Debit,Rent,Landlord Transfer,NEFT,Bengaluru
T00001922,C100009,A200012,2026-03-22,1362.95,Debit,Shopping,Local Store,NEFT,Bengaluru
T00001923,C100009,A200012,2026-04-12,4066.48,Debit,Rent,Landlord Transfer,Net Banking,Bengaluru
T00001924,C100009,A200012,2026-04-17,2521.75,Debit,Food,Swiggy,Cash,Bengaluru
T00001925,C100009,A200012,2026-05-31,1362.14,Debit,Food,Local Restaurant,Debit Card,Bengaluru
T00001926,C100009,A200012,2026-05-16,579.58,Debit,Shopping,Amazon,Credit Card,Bengaluru
T00001927,C100009,A200012,2026-07-31,39702.04,Credit,Salary,Employer,NEFT,Bengaluru
T00001928,C100009,A200012,2026-07-02,39587.67,Credit,Salary,Employer,NEFT,Bengaluru
T00001929,C100009,A200012,2026-06-02,39245.54,Credit,Salary,Employer,NEFT,Bengaluru
T00001930,C100009,A200012,2026-05-02,38763.35,Credit,Salary,Employer,NEFT,Bengaluru
T00001931,C100009,A200012,2026-04-01,38760.91,Credit,Salary,Employer,NEFT,Bengaluru
T00001932,C100009,A200012,2026-03-02,39781.34,Credit,Salary,Employer,NEFT,Bengaluru
T00001933,C100010,A200013,2026-03-01,299.94,Debit,Fuel,HP Petrol Pump,UPI,Delhi
T00001934,C100010,A200013,2026-04-14,627.16,Debit,Travel,IndiGo,Credit Card,Delhi
T00001935,C100010,A200013,2026-03-23,2420.61,Debit,Travel,MakeMyTrip,NEFT,Delhi
T00001936,C100010,A200013,2026-07-18,2983.77,Debit,Fuel,HP Petrol Pump,Cash,Delhi
T00001937,C100010,A200013,2026-06-11,1125.62,Debit,Bills,Airtel,Credit Card,Delhi
T00001938,C100010,A200013,2026-06-15,1271.16,Debit,Entertainment,Netflix,UPI,Delhi
T00001939,C100010,A200013,2026-02-04,718.76,Debit,Travel,Uber,NEFT,Delhi
T00001940,C100010,A200013,2026-02-19,1978.34,Debit,Rent,Landlord Transfer,Debit Card,Delhi
T00001941,C100010,A200013,2026-05-05,275.75,Debit,ATM,ATM Withdrawal,Cash,Delhi
T00001942,C100010,A200013,2026-07-04,184.42,Debit,Bills,Water Dept,Debit Card,Delhi
T00001943,C100010,A200013,2026-06-15,1707.23,Debit,Education,Coursera,UPI,Delhi
T00001944,C100010,A200013,2026-04-15,1054.21,Debit,Shopping,Local Store,UPI,Delhi
T00001945,C100010,A200013,2026-04-13,2290.51,Debit,Bills,Electricity Board,Credit Card,Delhi
T00001946,C100010,A200013,2026-03-29,2137.62,Debit,Entertainment,Spotify,NEFT,Delhi
T00001947,C100010,A200013,2026-04-01,1389.45,Debit,Transfer,P2P Transfer,UPI,Delhi
T00001948,C100010,A200013,2026-02-20,90.97,Debit,Entertainment,BookMyShow,Net Banking,Delhi
T00001949,C100010,A200013,2026-02-06,1057.57,Debit,Shopping,Local Store,UPI,Delhi
T00001950,C100010,A200013,2026-04-21,105.27,Debit,Entertainment,Netflix,Net Banking,Delhi
T00001951,C100010,A200013,2026-06-10,619.03,Debit,Entertainment,Netflix,Cash,Delhi
T00001952,C100010,A200013,2026-04-20,622.19,Debit,Transfer,P2P Transfer,Debit Card,Delhi
T00001953,C100010,A200013,2026-05-26,2359.65,Debit,Bills,Water Dept,Debit Card,Delhi
T00001954,C100010,A200013,2026-03-31,1409.23,Debit,Other,Misc Merchant,UPI,Delhi
T00001955,C100010,A200013,2026-04-18,2039.93,Debit,Travel,Ola,Credit Card,Delhi
T00001956,C100010,A200013,2026-03-08,235.84,Debit,Entertainment,PVR,Cash,Delhi
T00001957,C100010,A200013,2026-06-22,3094.68,Debit,Healthcare,Local Clinic,UPI,Delhi
T00001958,C100010,A200013,2026-02-12,467.96,Debit,Education,Udemy,UPI,Delhi
T00001959,C100010,A200013,2026-02-15,748.95,Debit,Healthcare,Apollo Pharmacy,NEFT,Delhi
T00001960,C100010,A200013,2026-04-27,5503.87,Debit,Healthcare,Local Clinic,Net Banking,Delhi
T00001961,C100010,A200013,2026-07-15,2160.0,Debit,Healthcare,Local Clinic,Credit Card,Delhi
T00001962,C100010,A200013,2026-06-27,5374.19,Debit,Bills,Airtel,Net Banking,Delhi
T00001963,C100010,A200013,2026-06-15,656.95,Debit,Fuel,Indian Oil,UPI,Delhi
T00001964,C100010,A200013,2026-05-24,338.13,Debit,Entertainment,Netflix,Cash,Delhi
T00001965,C100010,A200013,2026-04-06,406.67,Debit,ATM,ATM Withdrawal,NEFT,Delhi
T00001966,C100010,A200013,2026-05-29,200.54,Debit,Entertainment,Netflix,NEFT,Delhi
T00001967,C100010,A200013,2026-06-01,68.71,Debit,Healthcare,Local Clinic,Credit Card,Delhi
T00001968,C100010,A200013,2026-03-11,909.29,Debit,Shopping,Amazon,Cash,Delhi
T00001969,C100010,A200013,2026-05-04,1059.48,Debit,Travel,Ola,UPI,Delhi
T00001970,C100010,A200013,2026-07-13,169.76,Debit,Bills,Jio,Debit Card,Delhi
T00001971,C100010,A200013,2026-05-10,1154.23,Debit,Entertainment,Spotify,Net Banking,Delhi
T00001972,C100010,A200013,2026-04-19,3399.2,Debit,ATM,ATM Withdrawal,Net Banking,Delhi
T00001973,C100010,A200013,2026-07-13,5866.81,Debit,Entertainment,Netflix,Debit Card,Delhi
T00001974,C100010,A200013,2026-04-20,1389.86,Debit,ATM,ATM Withdrawal,Debit Card,Delhi
T00001975,C100010,A200013,2026-05-10,117.62,Debit,Bills,Water Dept,NEFT,Delhi
T00001976,C100010,A200013,2026-06-15,201.75,Debit,Entertainment,PVR,NEFT,Delhi
T00001977,C100010,A200013,2026-05-24,507.33,Debit,Rent,Landlord Transfer,Credit Card,Delhi
T00001978,C100010,A200013,2026-07-20,1158.16,Debit,Healthcare,Apollo Pharmacy,UPI,Delhi
T00001979,C100010,A200013,2026-02-06,1506.51,Debit,Entertainment,Netflix,Credit Card,Delhi
T00001980,C100010,A200013,2026-02-23,1675.28,Debit,Entertainment,Netflix,UPI,Delhi
T00001981,C100010,A200013,2026-06-02,1270.75,Debit,Travel,IndiGo,Credit Card,Delhi
T00001982,C100010,A200013,2026-07-05,1060.63,Debit,Travel,Ola,Cash,Delhi
T00001983,C100010,A200013,2026-07-18,62.76,Debit,Healthcare,Local Clinic,NEFT,Delhi
T00001984,C100010,A200013,2026-07-23,998.37,Debit,Rent,Landlord Transfer,Credit Card,Delhi
T00001985,C100010,A200013,2026-05-31,1875.98,Debit,Entertainment,BookMyShow,Net Banking,Delhi
T00001986,C100010,A200013,2026-02-23,2149.88,Debit,Entertainment,Netflix,NEFT,Delhi
T00001987,C100010,A200013,2026-05-04,2001.43,Debit,Rent,Landlord Transfer,Credit Card,Delhi
T00001988,C100010,A200013,2026-07-27,288.29,Debit,Education,College Fee,Net Banking,Delhi
T00001989,C100010,A200013,2026-06-05,101.45,Debit,Fuel,Indian Oil,Credit Card,Delhi
T00001990,C100010,A200013,2026-07-04,1267.26,Debit,Education,Udemy,Cash,Delhi
T00001991,C100010,A200013,2026-03-21,1291.47,Debit,Healthcare,1mg,Net Banking,Delhi
T00001992,C100010,A200013,2026-07-25,2175.35,Debit,Entertainment,PVR,Debit Card,Delhi
T00001993,C100010,A200013,2026-07-02,188.22,Debit,Entertainment,BookMyShow,Debit Card,Delhi
T00001994,C100010,A200013,2026-06-01,2986.07,Debit,Entertainment,PVR,Debit Card,Delhi
T00001995,C100010,A200013,2026-06-28,765.05,Debit,Travel,MakeMyTrip,UPI,Delhi
T00001996,C100010,A200013,2026-05-19,122.64,Debit,Travel,MakeMyTrip,Debit Card,Delhi
T00001997,C100010,A200013,2026-03-13,64.01,Debit,ATM,ATM Withdrawal,UPI,Delhi
T00001998,C100010,A200013,2026-05-23,915.99,Debit,Education,Coursera,NEFT,Delhi
T00001999,C100010,A200013,2026-06-14,1202.69,Debit,Entertainment,Netflix,UPI,Delhi
T00002000,C100010,A200013,2026-07-01,2410.25,Debit,Entertainment,Netflix,UPI,Delhi
T00002001,C100010,A200013,2026-04-05,204.79,Debit,ATM,ATM Withdrawal,NEFT,Delhi
T00002002,C100010,A200013,2026-03-19,100.23,Debit,Education,Coursera,Cash,Delhi
T00002003,C100010,A200013,2026-03-24,786.02,Debit,Entertainment,Netflix,Cash,Delhi
T00002004,C100010,A200013,2026-04-15,1502.9,Debit,Education,Coursera,Net Banking,Delhi
T00002005,C100010,A200013,2026-04-19,1420.02,Debit,Shopping,Local Store,Credit Card,Delhi
T00002006,C100010,A200013,2026-02-06,1233.8,Debit,Entertainment,PVR,Net Banking,Delhi
T00002007,C100010,A200013,2026-04-27,227.31,Debit,ATM,ATM Withdrawal,Credit Card,Delhi
T00002008,C100010,A200013,2026-07-30,466.75,Debit,Entertainment,PVR,NEFT,Delhi
T00002009,C100010,A200013,2026-02-20,396.88,Debit,Rent,Landlord Transfer,NEFT,Delhi
T00002010,C100010,A200013,2026-03-04,627.96,Debit,Fuel,Indian Oil,Cash,Delhi
T00002011,C100010,A200013,2026-03-04,3308.7,Debit,Entertainment,BookMyShow,NEFT,Delhi
T00002012,C100010,A200013,2026-06-29,535.22,Debit,Fuel,HP Petrol Pump,Debit Card,Delhi
T00002013,C100010,A200013,2026-07-02,204.73,Debit,ATM,ATM Withdrawal,NEFT,Delhi
T00002014,C100010,A200013,2026-07-22,1729.54,Debit,Travel,Ola,Net Banking,Delhi
T00002015,C100010,A200013,2026-03-14,953.01,Debit,Entertainment,BookMyShow,Cash,Delhi
T00002016,C100010,A200013,2026-06-20,470.29,Debit,Travel,Uber,UPI,Delhi
T00002017,C100010,A200013,2026-05-24,388.51,Debit,Bills,Airtel,Net Banking,Delhi
T00002018,C100010,A200013,2026-03-06,1214.54,Debit,Entertainment,PVR,Net Banking,Delhi
T00002019,C100010,A200013,2026-08-01,1125.6,Debit,Education,Coursera,Cash,Delhi
T00002020,C100010,A200013,2026-02-12,137.89,Debit,Entertainment,BookMyShow,UPI,Delhi
T00002021,C100010,A200013,2026-07-17,618.89,Debit,Entertainment,Netflix,Net Banking,Delhi
T00002022,C100010,A200013,2026-07-09,367.02,Debit,ATM,ATM Withdrawal,Cash,Delhi
T00002023,C100010,A200013,2026-06-03,214.96,Debit,Transfer,P2P Transfer,NEFT,Delhi
T00002024,C100010,A200013,2026-03-31,535.33,Debit,ATM,ATM Withdrawal,Cash,Delhi
T00002025,C100010,A200013,2026-06-28,629.81,Debit,Fuel,HP Petrol Pump,NEFT,Delhi
T00002026,C100010,A200013,2026-07-31,69.11,Debit,Education,Coursera,Debit Card,Delhi
T00002027,C100010,A200013,2026-06-06,1511.85,Debit,Fuel,HP Petrol Pump,Net Banking,Delhi
T00002028,C100010,A200013,2026-06-16,995.98,Debit,Rent,Landlord Transfer,UPI,Delhi
T00002029,C100010,A200013,2026-04-30,614.61,Debit,Travel,Uber,Debit Card,Delhi
T00002030,C100010,A200013,2026-04-07,219.72,Debit,Bills,Jio,UPI,Delhi
T00002031,C100010,A200013,2026-06-04,1970.63,Debit,Entertainment,PVR,NEFT,Delhi
T00002032,C100010,A200013,2026-04-10,149.54,Debit,Travel,IRCTC,NEFT,Delhi
T00002033,C100010,A200013,2026-05-13,1580.24,Debit,Transfer,P2P Transfer,Credit Card,Delhi
T00002034,C100010,A200013,2026-04-26,653.62,Debit,Travel,Ola,UPI,Delhi
T00002035,C100010,A200013,2026-07-08,488.3,Debit,Bills,Electricity Board,Credit Card,Delhi
T00002036,C100010,A200013,2026-04-20,711.36,Debit,Shopping,Flipkart,Debit Card,Delhi
T00002037,C100010,A200013,2026-07-29,291.62,Debit,Travel,MakeMyTrip,Credit Card,Delhi
T00002038,C100010,A200013,2026-02-12,3589.94,Debit,Shopping,Amazon,NEFT,Delhi
T00002039,C100010,A200013,2026-05-04,2150.37,Debit,Education,Coursera,NEFT,Delhi
T00002040,C100010,A200013,2026-03-19,1280.0,Debit,Shopping,Myntra,Credit Card,Delhi
T00002041,C100010,A200013,2026-07-16,3520.74,Debit,Food,Zomato,Credit Card,Delhi
T00002042,C100010,A200013,2026-07-31,445.6,Debit,Entertainment,PVR,Credit Card,Delhi
T00002043,C100010,A200013,2026-05-31,128.58,Debit,Education,Coursera,Cash,Delhi
T00002044,C100010,A200013,2026-06-03,2316.63,Debit,Rent,Landlord Transfer,Credit Card,Delhi
T00002045,C100010,A200013,2026-03-21,20.0,Debit,Bills,Airtel,Credit Card,Delhi
T00002046,C100010,A200013,2026-05-23,724.05,Debit,Rent,Landlord Transfer,Net Banking,Delhi
T00002047,C100010,A200013,2026-02-13,430.05,Debit,Entertainment,BookMyShow,Debit Card,Delhi
T00002048,C100010,A200013,2026-07-26,131.46,Debit,ATM,ATM Withdrawal,Net Banking,Delhi
T00002049,C100010,A200013,2026-03-11,1500.94,Debit,ATM,ATM Withdrawal,Debit Card,Delhi
T00002050,C100010,A200013,2026-04-28,1137.64,Debit,Education,Udemy,NEFT,Delhi
T00002051,C100010,A200013,2026-07-26,1213.76,Debit,Entertainment,BookMyShow,UPI,Delhi
T00002052,C100010,A200013,2026-02-20,20.0,Debit,ATM,ATM Withdrawal,Net Banking,Delhi
T00002053,C100010,A200013,2026-07-04,393.86,Debit,Fuel,HP Petrol Pump,Credit Card,Delhi
T00002054,C100010,A200013,2026-06-02,20.0,Debit,Rent,Landlord Transfer,UPI,Delhi
T00002055,C100010,A200013,2026-03-27,1258.89,Debit,Entertainment,Netflix,Net Banking,Delhi
T00002056,C100010,A200013,2026-04-16,1406.21,Debit,Education,Udemy,NEFT,Delhi
T00002057,C100010,A200013,2026-02-13,2197.5,Debit,Healthcare,Local Clinic,Credit Card,Delhi
T00002058,C100010,A200013,2026-03-24,329.94,Debit,Entertainment,BookMyShow,Cash,Delhi
T00002059,C100010,A200013,2026-02-11,74.69,Debit,Shopping,Amazon,UPI,Delhi
T00002060,C100010,A200013,2026-06-20,4090.75,Debit,Other,Misc Merchant,NEFT,Delhi
T00002061,C100010,A200013,2026-06-26,100.57,Debit,Shopping,Amazon,Debit Card,Delhi
T00002062,C100010,A200013,2026-06-19,1056.22,Debit,Fuel,HP Petrol Pump,Credit Card,Delhi
T00002063,C100010,A200013,2026-02-15,1342.07,Debit,Entertainment,BookMyShow,NEFT,Delhi
T00002064,C100010,A200013,2026-07-28,2404.0,Debit,Entertainment,Netflix,Cash,Delhi
T00002065,C100010,A200013,2026-04-19,2927.54,Debit,Travel,IRCTC,NEFT,Delhi
T00002066,C100010,A200013,2026-02-08,3820.29,Debit,Travel,MakeMyTrip,UPI,Delhi
T00002067,C100010,A200013,2026-07-25,2408.94,Debit,ATM,ATM Withdrawal,Debit Card,Delhi
T00002068,C100010,A200013,2026-07-12,610.16,Debit,Education,Udemy,Credit Card,Delhi
T00002069,C100010,A200013,2026-02-27,74.28,Debit,Shopping,Local Store,Debit Card,Delhi
T00002070,C100010,A200013,2026-03-05,34.35,Debit,Entertainment,PVR,UPI,Delhi
T00002071,C100010,A200013,2026-06-18,901.37,Debit,Entertainment,Netflix,UPI,Delhi
T00002072,C100010,A200013,2026-05-15,742.24,Debit,Education,Coursera,Credit Card,Delhi
T00002073,C100010,A200013,2026-07-02,60.09,Debit,Entertainment,BookMyShow,UPI,Delhi
T00002074,C100010,A200013,2026-06-15,1203.2,Debit,Entertainment,BookMyShow,NEFT,Delhi
T00002075,C100010,A200013,2026-02-18,2017.9,Debit,Travel,Uber,Net Banking,Delhi
T00002076,C100010,A200013,2026-07-31,1742.21,Debit,Travel,MakeMyTrip,Cash,Delhi
T00002077,C100010,A200013,2026-03-25,90.5,Debit,Entertainment,PVR,Net Banking,Delhi
T00002078,C100010,A200013,2026-05-08,117.06,Debit,Entertainment,Spotify,Cash,Delhi
T00002079,C100010,A200013,2026-03-20,234.47,Debit,Education,Udemy,Debit Card,Delhi
T00002080,C100010,A200013,2026-05-27,384.03,Debit,Education,Coursera,Debit Card,Delhi
T00002081,C100010,A200013,2026-07-15,1005.69,Debit,Entertainment,PVR,Credit Card,Delhi
T00002082,C100010,A200013,2026-02-05,857.93,Debit,Fuel,HP Petrol Pump,UPI,Delhi
T00002083,C100010,A200013,2026-02-17,3127.39,Debit,Entertainment,PVR,Credit Card,Delhi
T00002084,C100010,A200013,2026-02-23,299.65,Debit,Fuel,HP Petrol Pump,Debit Card,Delhi
T00002085,C100010,A200013,2026-07-21,399.33,Debit,Bills,Jio,Credit Card,Delhi
T00002086,C100010,A200013,2026-03-09,1057.99,Debit,Education,Udemy,UPI,Delhi
T00002087,C100010,A200013,2026-06-18,961.23,Debit,Bills,Electricity Board,Credit Card,Delhi
T00002088,C100010,A200013,2026-03-06,585.74,Debit,Travel,MakeMyTrip,NEFT,Delhi
T00002089,C100010,A200013,2026-05-13,190.14,Debit,Healthcare,Local Clinic,NEFT,Delhi
T00002090,C100010,A200013,2026-04-20,2286.41,Debit,Shopping,Local Store,Cash,Delhi
T00002091,C100010,A200013,2026-05-02,683.02,Debit,ATM,ATM Withdrawal,Credit Card,Delhi
T00002092,C100010,A200013,2026-03-25,1160.12,Debit,Fuel,HP Petrol Pump,Cash,Delhi
T00002093,C100010,A200013,2026-06-11,925.78,Debit,Entertainment,BookMyShow,UPI,Delhi
T00002094,C100010,A200013,2026-03-09,2898.92,Debit,Entertainment,BookMyShow,Credit Card,Delhi
T00002095,C100010,A200013,2026-04-03,1187.61,Debit,Travel,IRCTC,Credit Card,Delhi
T00002096,C100010,A200013,2026-03-02,1728.19,Debit,Entertainment,PVR,NEFT,Delhi
T00002097,C100010,A200013,2026-03-18,170.73,Debit,Shopping,Myntra,NEFT,Delhi
T00002098,C100010,A200013,2026-03-13,623.53,Debit,ATM,ATM Withdrawal,NEFT,Delhi
T00002099,C100010,A200013,2026-04-01,22.43,Debit,Education,Udemy,UPI,Delhi
T00002100,C100010,A200013,2026-05-28,542.83,Debit,Healthcare,Apollo Pharmacy,UPI,Delhi
T00002101,C100010,A200013,2026-04-13,171.13,Debit,Entertainment,BookMyShow,Credit Card,Delhi
T00002102,C100010,A200013,2026-04-30,366.04,Debit,Bills,Airtel,Net Banking,Delhi
T00002103,C100010,A200013,2026-03-24,325.76,Debit,Entertainment,Spotify,NEFT,Delhi
T00002104,C100010,A200013,2026-05-14,88.21,Debit,Healthcare,Apollo Pharmacy,NEFT,Delhi
T00002105,C100010,A200013,2026-05-04,172.81,Debit,Healthcare,Apollo Pharmacy,Cash,Delhi
T00002106,C100010,A200013,2026-06-02,555.35,Debit,Other,Misc Merchant,Credit Card,Delhi
T00002107,C100010,A200013,2026-07-10,1306.64,Debit,Bills,Airtel,Credit Card,Delhi
T00002108,C100010,A200013,2026-05-07,634.0,Debit,Entertainment,PVR,Net Banking,Delhi
T00002109,C100010,A200013,2026-03-29,1130.91,Debit,Travel,Uber,Net Banking,Delhi
T00002110,C100010,A200013,2026-03-19,2440.54,Debit,Entertainment,Spotify,Credit Card,Delhi
T00002111,C100010,A200013,2026-05-25,1722.78,Debit,Entertainment,PVR,NEFT,Delhi
T00002112,C100010,A200013,2026-08-01,124.85,Debit,Other,Misc Merchant,Net Banking,Delhi
T00002113,C100010,A200013,2026-02-06,52.48,Debit,Entertainment,Netflix,NEFT,Delhi
T00002114,C100010,A200013,2026-05-29,1564.64,Debit,Shopping,Myntra,NEFT,Delhi
T00002115,C100010,A200013,2026-07-19,122.78,Debit,Bills,Jio,Debit Card,Delhi
T00002116,C100010,A200013,2026-06-16,779.68,Debit,Entertainment,Netflix,UPI,Delhi
T00002117,C100010,A200013,2026-05-17,1180.67,Debit,Education,Coursera,Debit Card,Delhi
T00002118,C100010,A200013,2026-04-25,342.85,Debit,ATM,ATM Withdrawal,UPI,Delhi
T00002119,C100010,A200013,2026-04-14,1752.64,Debit,Travel,Ola,Debit Card,Delhi
T00002120,C100010,A200013,2026-07-15,1163.94,Debit,Entertainment,BookMyShow,NEFT,Delhi
T00002121,C100010,A200013,2026-05-08,130.54,Debit,Fuel,Indian Oil,Debit Card,Delhi
T00002122,C100010,A200013,2026-06-18,20.0,Debit,ATM,ATM Withdrawal,NEFT,Delhi
T00002123,C100010,A200013,2026-02-07,1131.61,Debit,Rent,Landlord Transfer,UPI,Delhi
T00002124,C100010,A200013,2026-02-08,202.67,Debit,Healthcare,1mg,UPI,Delhi
T00002125,C100010,A200013,2026-02-15,2229.83,Debit,Shopping,Myntra,Credit Card,Delhi
T00002126,C100010,A200013,2026-03-29,364.59,Debit,ATM,ATM Withdrawal,Cash,Delhi
T00002127,C100010,A200013,2026-07-19,568.67,Debit,Travel,Ola,Credit Card,Delhi
T00002128,C100010,A200013,2026-02-08,1858.67,Debit,Healthcare,1mg,Credit Card,Delhi
T00002129,C100010,A200013,2026-02-10,1250.54,Debit,Fuel,Indian Oil,Credit Card,Delhi
T00002130,C100010,A200013,2026-05-03,1823.44,Debit,Entertainment,Spotify,UPI,Delhi
T00002131,C100010,A200013,2026-07-09,2802.0,Debit,Entertainment,Netflix,NEFT,Delhi
T00002132,C100010,A200013,2026-07-06,435.93,Debit,ATM,ATM Withdrawal,NEFT,Delhi
T00002133,C100010,A200013,2026-03-08,595.26,Debit,Travel,IRCTC,NEFT,Delhi
T00002134,C100010,A200013,2026-05-09,1763.94,Debit,Entertainment,Spotify,Cash,Delhi
T00002135,C100010,A200013,2026-02-24,1265.23,Debit,ATM,ATM Withdrawal,UPI,Delhi
T00002136,C100010,A200013,2026-07-27,1015.0,Debit,Shopping,Amazon,NEFT,Delhi
T00002137,C100010,A200013,2026-05-26,4262.35,Debit,Entertainment,PVR,Cash,Delhi
T00002138,C100010,A200013,2026-05-24,1102.37,Debit,Bills,Electricity Board,Cash,Delhi
T00002139,C100010,A200013,2026-05-07,1309.27,Debit,Entertainment,PVR,Debit Card,Delhi
T00002140,C100010,A200013,2026-05-09,1214.43,Debit,Fuel,HP Petrol Pump,NEFT,Delhi
T00002141,C100010,A200013,2026-07-05,1973.56,Debit,Shopping,Local Store,Cash,Delhi
T00002142,C100010,A200013,2026-05-26,2397.49,Debit,Shopping,Local Store,Debit Card,Delhi
T00002143,C100010,A200013,2026-04-18,1894.38,Debit,Education,Udemy,Cash,Delhi
T00002144,C100010,A200013,2026-06-26,1680.77,Debit,Fuel,HP Petrol Pump,Net Banking,Delhi
T00002145,C100010,A200013,2026-05-22,649.69,Debit,Bills,Water Dept,NEFT,Delhi
T00002146,C100010,A200013,2026-06-06,7613.03,Debit,Entertainment,BookMyShow,NEFT,Delhi
T00002147,C100010,A200013,2026-07-06,746.59,Debit,Other,Misc Merchant,UPI,Delhi
T00002148,C100010,A200013,2026-05-21,432.03,Debit,Travel,IRCTC,UPI,Delhi
T00002149,C100010,A200013,2026-07-11,2195.73,Debit,Bills,Electricity Board,UPI,Delhi
T00002150,C100010,A200013,2026-05-29,720.45,Debit,Rent,Landlord Transfer,Debit Card,Delhi
T00002151,C100010,A200013,2026-06-27,142.34,Debit,Entertainment,Spotify,NEFT,Delhi
T00002152,C100010,A200013,2026-02-06,406.44,Debit,Entertainment,PVR,Debit Card,Delhi
T00002153,C100010,A200013,2026-04-25,2355.44,Debit,Other,Misc Merchant,Debit Card,Delhi
T00002154,C100010,A200013,2026-03-31,627.93,Debit,Education,Coursera,NEFT,Delhi
T00002155,C100010,A200013,2026-06-22,307.93,Debit,ATM,ATM Withdrawal,NEFT,Delhi
T00002156,C100010,A200013,2026-02-24,812.85,Debit,Bills,Water Dept,UPI,Delhi
T00002157,C100010,A200013,2026-07-17,814.23,Debit,Healthcare,1mg,Debit Card,Delhi
T00002158,C100010,A200013,2026-03-27,133.74,Debit,Fuel,HP Petrol Pump,UPI,Delhi
T00002159,C100010,A200013,2026-05-07,866.81,Debit,Rent,Landlord Transfer,Credit Card,Delhi
T00002160,C100010,A200013,2026-05-11,745.39,Debit,ATM,ATM Withdrawal,NEFT,Delhi
T00002161,C100010,A200013,2026-04-02,1461.33,Debit,Travel,Uber,NEFT,Delhi
T00002162,C100010,A200013,2026-04-29,5416.92,Debit,ATM,ATM Withdrawal,NEFT,Delhi
T00002163,C100010,A200013,2026-06-23,183.29,Debit,Healthcare,Local Clinic,NEFT,Delhi
T00002164,C100010,A200013,2026-02-26,2759.68,Debit,Entertainment,Spotify,Credit Card,Delhi
T00002165,C100010,A200013,2026-07-06,38.8,Debit,Education,College Fee,Net Banking,Delhi
T00002166,C100010,A200013,2026-04-13,1708.34,Debit,Rent,Landlord Transfer,Net Banking,Delhi
T00002167,C100010,A200013,2026-07-15,147.07,Debit,Education,College Fee,UPI,Delhi
T00002168,C100010,A200013,2026-07-16,158.56,Debit,Entertainment,PVR,NEFT,Delhi
T00002169,C100010,A200013,2026-05-17,1155.56,Debit,Healthcare,Apollo Pharmacy,UPI,Delhi
T00002170,C100010,A200013,2026-03-29,1977.74,Debit,Bills,Water Dept,Cash,Delhi
T00002171,C100010,A200013,2026-03-02,530.82,Debit,Rent,Landlord Transfer,Debit Card,Delhi
T00002172,C100010,A200013,2026-06-05,836.08,Debit,Bills,Airtel,Net Banking,Delhi
T00002173,C100010,A200013,2026-07-09,102.26,Debit,Other,Misc Merchant,Credit Card,Delhi
T00002174,C100010,A200013,2026-04-12,1713.35,Debit,Transfer,P2P Transfer,Credit Card,Delhi
T00002175,C100010,A200013,2026-07-09,1401.45,Debit,Food,Zomato,Cash,Delhi
T00002176,C100010,A200013,2026-07-31,1432.48,Debit,Other,Misc Merchant,Cash,Delhi
T00002177,C100010,A200013,2026-02-27,431.61,Debit,Education,College Fee,Debit Card,Delhi
T00002178,C100010,A200013,2026-04-11,243.37,Debit,Fuel,HP Petrol Pump,Debit Card,Delhi
T00002179,C100010,A200013,2026-03-07,120.09,Debit,Entertainment,Netflix,NEFT,Delhi
T00002180,C100010,A200013,2026-04-11,1078.0,Debit,Education,Udemy,NEFT,Delhi
T00002181,C100010,A200013,2026-06-13,3710.66,Debit,Transfer,P2P Transfer,Debit Card,Delhi
T00002182,C100010,A200013,2026-02-08,3864.89,Debit,Food,Zomato,UPI,Delhi
T00002183,C100010,A200013,2026-04-08,464.45,Debit,Travel,IndiGo,Net Banking,Delhi
T00002184,C100010,A200013,2026-07-05,115.42,Debit,ATM,ATM Withdrawal,Cash,Delhi
T00002185,C100010,A200013,2026-03-08,4510.0,Debit,Shopping,Myntra,UPI,Delhi
T00002186,C100010,A200013,2026-05-22,1161.96,Debit,Food,Cafe Coffee Day,Debit Card,Delhi
T00002187,C100010,A200013,2026-03-15,337.21,Debit,Shopping,Flipkart,Credit Card,Delhi
T00002188,C100010,A200013,2026-06-22,2235.38,Debit,Entertainment,BookMyShow,Debit Card,Delhi
T00002189,C100010,A200013,2026-02-20,3197.22,Debit,Food,Cafe Coffee Day,Credit Card,Delhi
T00002190,C100010,A200013,2026-06-27,449.83,Debit,Travel,Uber,NEFT,Delhi
T00002191,C100010,A200013,2026-03-31,284.99,Debit,Fuel,HP Petrol Pump,Cash,Delhi
T00002192,C100010,A200013,2026-03-23,150.08,Debit,Travel,IRCTC,NEFT,Delhi
T00002193,C100010,A200013,2026-05-21,1854.75,Debit,Rent,Landlord Transfer,Cash,Delhi
T00002194,C100010,A200013,2026-05-05,3051.84,Debit,Entertainment,PVR,Net Banking,Delhi
T00002195,C100010,A200013,2026-04-15,598.15,Debit,Fuel,HP Petrol Pump,NEFT,Delhi
T00002196,C100010,A200013,2026-07-09,634.78,Debit,Other,Misc Merchant,NEFT,Delhi
T00002197,C100010,A200013,2026-05-31,2346.26,Debit,ATM,ATM Withdrawal,UPI,Delhi
T00002198,C100010,A200013,2026-02-12,265.44,Debit,Other,Misc Merchant,Net Banking,Delhi
T00002199,C100010,A200013,2026-02-13,438.41,Debit,Shopping,Myntra,Net Banking,Delhi
T00002200,C100010,A200013,2026-06-03,968.09,Debit,Bills,Jio,UPI,Delhi
T00002201,C100010,A200013,2026-04-25,1509.07,Debit,Other,Misc Merchant,Net Banking,Delhi
T00002202,C100010,A200013,2026-05-29,818.59,Debit,Bills,Electricity Board,Credit Card,Delhi
T00002203,C100010,A200013,2026-02-12,210.63,Debit,Travel,Ola,Cash,Delhi
T00002204,C100010,A200013,2026-02-15,775.38,Debit,Entertainment,BookMyShow,Credit Card,Delhi
T00002205,C100010,A200013,2026-05-14,240.2,Debit,Education,College Fee,Cash,Delhi
T00002206,C100010,A200013,2026-05-01,621.04,Debit,Entertainment,BookMyShow,UPI,Delhi
T00002207,C100010,A200013,2026-07-14,1903.12,Debit,Entertainment,Spotify,Credit Card,Delhi
T00002208,C100010,A200013,2026-05-22,998.46,Debit,Other,Misc Merchant,NEFT,Delhi
T00002209,C100010,A200013,2026-07-13,4082.51,Debit,Food,Local Restaurant,Net Banking,Delhi
T00002210,C100010,A200013,2026-07-24,36.5,Debit,Shopping,Myntra,Cash,Delhi
T00002211,C100010,A200013,2026-04-27,194.2,Debit,Other,Misc Merchant,Credit Card,Delhi
T00002212,C100010,A200013,2026-07-07,1438.97,Debit,Travel,MakeMyTrip,Cash,Delhi
T00002213,C100010,A200013,2026-02-23,2646.63,Debit,Travel,IndiGo,UPI,Delhi
T00002214,C100010,A200013,2026-03-06,98.06,Debit,Shopping,Amazon,Credit Card,Delhi
T00002215,C100010,A200013,2026-04-02,1035.36,Debit,Other,Misc Merchant,Cash,Delhi
T00002216,C100010,A200013,2026-07-14,36.65,Debit,ATM,ATM Withdrawal,NEFT,Delhi
T00002217,C100010,A200013,2026-05-22,3242.87,Debit,Entertainment,Spotify,Debit Card,Delhi
T00002218,C100010,A200013,2026-02-06,1047.13,Debit,Education,Udemy,UPI,Delhi
T00002219,C100010,A200013,2026-04-08,597.82,Debit,Investment,Zerodha,Credit Card,Delhi
T00002220,C100010,A200013,2026-06-09,2432.49,Debit,Bills,Water Dept,Credit Card,Delhi
T00002221,C100010,A200013,2026-06-12,531.13,Debit,Travel,IRCTC,NEFT,Delhi
T00002222,C100010,A200013,2026-03-16,680.49,Debit,Shopping,Amazon,Credit Card,Delhi
T00002223,C100010,A200013,2026-06-09,157.16,Debit,Education,Udemy,UPI,Delhi
T00002224,C100010,A200013,2026-05-13,187.39,Debit,Entertainment,Netflix,Net Banking,Delhi
T00002225,C100010,A200013,2026-05-03,2378.99,Debit,Education,Udemy,UPI,Delhi
T00002226,C100010,A200013,2026-07-31,676.32,Debit,Other,Misc Merchant,NEFT,Delhi
T00002227,C100010,A200013,2026-05-17,20.0,Debit,Other,Misc Merchant,Cash,Delhi
T00002228,C100010,A200013,2026-06-23,665.53,Debit,Entertainment,Netflix,Debit Card,Delhi
T00002229,C100010,A200013,2026-07-27,1963.88,Debit,Rent,Landlord Transfer,Net Banking,Delhi
T00002230,C100010,A200013,2026-02-27,2134.05,Debit,Other,Misc Merchant,Cash,Delhi
T00002231,C100010,A200013,2026-03-29,193.38,Debit,Travel,MakeMyTrip,UPI,Delhi
T00002232,C100010,A200013,2026-06-27,20.0,Debit,Rent,Landlord Transfer,Debit Card,Delhi
T00002233,C100010,A200013,2026-02-18,504.38,Debit,Travel,Ola,NEFT,Delhi
T00002234,C100010,A200013,2026-02-03,790.19,Debit,ATM,ATM Withdrawal,Credit Card,Delhi
T00002235,C100010,A200013,2026-02-09,20.0,Debit,Healthcare,Local Clinic,NEFT,Delhi
T00002236,C100010,A200013,2026-06-17,954.18,Debit,Entertainment,PVR,Credit Card,Delhi
T00002237,C100010,A200013,2026-06-23,299.66,Debit,Entertainment,Netflix,Net Banking,Delhi
T00002238,C100010,A200013,2026-02-26,759.64,Debit,Bills,Water Dept,Credit Card,Delhi
T00002239,C100010,A200013,2026-02-06,129.84,Debit,Other,Misc Merchant,Debit Card,Delhi
T00002240,C100010,A200013,2026-04-20,2097.81,Debit,Travel,IndiGo,Credit Card,Delhi
T00002241,C100010,A200013,2026-03-29,45.07,Debit,Entertainment,Netflix,UPI,Delhi
T00002242,C100010,A200013,2026-03-01,1043.04,Debit,Entertainment,Netflix,NEFT,Delhi
T00002243,C100010,A200013,2026-03-07,1394.51,Debit,ATM,ATM Withdrawal,Cash,Delhi
T00002244,C100010,A200013,2026-05-08,3087.63,Debit,Bills,Jio,Credit Card,Delhi
T00002245,C100010,A200013,2026-02-08,327.36,Debit,Transfer,P2P Transfer,NEFT,Delhi
T00002246,C100010,A200013,2026-02-14,279.22,Debit,Bills,Water Dept,NEFT,Delhi
T00002247,C100010,A200013,2026-06-27,1911.29,Debit,Entertainment,Netflix,Cash,Delhi
T00002248,C100010,A200013,2026-03-15,1589.98,Debit,Rent,Landlord Transfer,Net Banking,Delhi
T00002249,C100010,A200013,2026-07-27,529.5,Debit,ATM,ATM Withdrawal,UPI,Delhi
T00002250,C100010,A200013,2026-06-27,3157.22,Debit,Bills,Airtel,Net Banking,Delhi
T00002251,C100010,A200013,2026-03-15,1094.25,Debit,Rent,Landlord Transfer,Cash,Delhi
T00002252,C100010,A200013,2026-06-18,25.19,Debit,Healthcare,Local Clinic,Credit Card,Delhi
T00002253,C100010,A200013,2026-03-14,122.16,Debit,Bills,Electricity Board,Net Banking,Delhi
T00002254,C100010,A200013,2026-07-12,216.06,Debit,Other,Misc Merchant,UPI,Delhi
T00002255,C100010,A200013,2026-04-25,2377.95,Debit,Entertainment,Spotify,NEFT,Delhi
T00002256,C100010,A200013,2026-06-16,435.48,Debit,Transfer,P2P Transfer,UPI,Delhi
T00002257,C100010,A200013,2026-08-01,437.98,Debit,Entertainment,Netflix,UPI,Delhi
T00002258,C100010,A200013,2026-06-04,823.63,Debit,Education,Udemy,Debit Card,Delhi
T00002259,C100010,A200013,2026-06-26,506.87,Debit,Entertainment,PVR,Cash,Delhi
T00002260,C100010,A200013,2026-03-16,1051.13,Debit,Healthcare,Local Clinic,Net Banking,Delhi
T00002261,C100010,A200013,2026-07-28,1150.54,Debit,Transfer,P2P Transfer,NEFT,Delhi
T00002262,C100010,A200013,2026-04-01,300.78,Debit,Travel,IndiGo,NEFT,Delhi
T00002263,C100010,A200013,2026-07-18,1732.66,Debit,Entertainment,Netflix,UPI,Delhi
T00002264,C100010,A200013,2026-02-28,4703.36,Debit,Other,Misc Merchant,Debit Card,Delhi
T00002265,C100010,A200013,2026-06-03,1327.58,Debit,Rent,Landlord Transfer,Credit Card,Delhi
T00002266,C100010,A200013,2026-06-15,301.35,Debit,Travel,MakeMyTrip,NEFT,Delhi
T00002267,C100010,A200013,2026-05-01,2569.41,Debit,Fuel,Indian Oil,Credit Card,Delhi
T00002268,C100010,A200013,2026-03-19,1570.36,Debit,Rent,Landlord Transfer,UPI,Delhi
T00002269,C100010,A200013,2026-03-18,761.44,Debit,Entertainment,BookMyShow,UPI,Delhi
T00002270,C100010,A200013,2026-05-06,191.09,Debit,Entertainment,Spotify,Cash,Delhi
T00002271,C100010,A200013,2026-07-02,278.77,Debit,Entertainment,Spotify,Cash,Delhi
T00002272,C100010,A200013,2026-04-28,1286.88,Debit,Shopping,Flipkart,NEFT,Delhi
T00002273,C100010,A200013,2026-04-21,4177.25,Debit,Entertainment,BookMyShow,NEFT,Delhi
T00002274,C100010,A200013,2026-05-13,2444.88,Debit,ATM,ATM Withdrawal,Credit Card,Delhi
T00002275,C100010,A200013,2026-07-19,30.1,Debit,Bills,Electricity Board,NEFT,Delhi
T00002276,C100010,A200013,2026-03-22,1045.09,Debit,ATM,ATM Withdrawal,NEFT,Delhi
T00002277,C100010,A200013,2026-07-23,304.56,Debit,Healthcare,1mg,Debit Card,Delhi
T00002278,C100010,A200013,2026-04-28,3332.01,Debit,Entertainment,Netflix,Debit Card,Delhi
T00002279,C100010,A200013,2026-02-13,801.14,Debit,Education,College Fee,Net Banking,Delhi
T00002280,C100010,A200013,2026-02-04,221.96,Debit,Travel,Uber,Net Banking,Delhi
T00002281,C100010,A200013,2026-02-21,2341.49,Debit,Food,Swiggy,Net Banking,Delhi
T00002282,C100010,A200013,2026-04-28,543.87,Debit,Rent,Landlord Transfer,NEFT,Delhi
T00002283,C100010,A200013,2026-07-23,843.28,Debit,ATM,ATM Withdrawal,Cash,Delhi
T00002284,C100010,A200013,2026-05-18,342.44,Debit,Transfer,P2P Transfer,NEFT,Delhi
T00002285,C100010,A200013,2026-03-16,252.41,Debit,Entertainment,Spotify,Credit Card,Delhi
T00002286,C100010,A200013,2026-02-10,1308.63,Debit,Food,Cafe Coffee Day,Debit Card,Delhi
T00002287,C100010,A200013,2026-08-01,75964.61,Credit,Salary,Employer,NEFT,Delhi
T00002288,C100010,A200013,2026-07-02,76074.23,Credit,Salary,Employer,NEFT,Delhi
T00002289,C100010,A200013,2026-06-02,75909.36,Credit,Salary,Employer,NEFT,Delhi
T00002290,C100010,A200013,2026-05-01,78645.83,Credit,Salary,Employer,NEFT,Delhi
T00002291,C100010,A200013,2026-04-02,75777.61,Credit,Salary,Employer,NEFT,Delhi
T00002292,C100010,A200013,2026-03-02,75991.17,Credit,Salary,Employer,NEFT,Delhi
T00002293,C100011,A200014,2026-07-16,80.16,Debit,Shopping,Local Store,Credit Card,Ahmedabad
T00002294,C100011,A200014,2026-07-30,655.82,Debit,Entertainment,BookMyShow,NEFT,Ahmedabad
T00002295,C100011,A200014,2026-03-03,129.51,Debit,Bills,Water Dept,UPI,Ahmedabad
T00002296,C100011,A200014,2026-06-17,1977.32,Debit,Food,Zomato,NEFT,Ahmedabad
T00002297,C100011,A200014,2026-06-19,1057.42,Debit,Fuel,HP Petrol Pump,Debit Card,Ahmedabad
T00002298,C100011,A200014,2026-05-17,265.37,Debit,Travel,IRCTC,NEFT,Ahmedabad
T00002299,C100011,A200014,2026-06-08,1852.19,Debit,Fuel,HP Petrol Pump,Net Banking,Ahmedabad
T00002300,C100011,A200014,2026-05-29,175.09,Debit,Travel,Ola,Debit Card,Ahmedabad
T00002301,C100011,A200014,2026-05-23,85.97,Debit,Fuel,HP Petrol Pump,UPI,Ahmedabad
T00002302,C100011,A200014,2026-02-12,20.0,Debit,Travel,Uber,Credit Card,Ahmedabad
T00002303,C100011,A200014,2026-05-22,37.18,Debit,Food,Swiggy,Credit Card,Ahmedabad
T00002304,C100011,A200014,2026-03-10,605.57,Debit,Entertainment,BookMyShow,Debit Card,Ahmedabad
T00002305,C100011,A200014,2026-05-10,568.22,Debit,Transfer,P2P Transfer,Debit Card,Ahmedabad
T00002306,C100011,A200014,2026-05-17,1681.89,Debit,Bills,Electricity Board,UPI,Ahmedabad
T00002307,C100011,A200014,2026-02-25,20.0,Debit,Healthcare,1mg,UPI,Ahmedabad
T00002308,C100011,A200014,2026-07-21,247.67,Debit,Other,Misc Merchant,Credit Card,Ahmedabad
T00002309,C100011,A200014,2026-05-08,563.32,Debit,Fuel,Indian Oil,Net Banking,Ahmedabad
T00002310,C100011,A200014,2026-07-31,221.22,Debit,Entertainment,PVR,UPI,Ahmedabad
T00002311,C100011,A200014,2026-03-27,243.85,Debit,Food,Zomato,Credit Card,Ahmedabad
T00002312,C100011,A200014,2026-03-21,1082.51,Debit,Transfer,P2P Transfer,Net Banking,Ahmedabad
T00002313,C100011,A200014,2026-07-24,49.98,Debit,Healthcare,Apollo Pharmacy,Net Banking,Ahmedabad
T00002314,C100011,A200014,2026-04-26,2459.65,Debit,ATM,ATM Withdrawal,Debit Card,Ahmedabad
T00002315,C100011,A200014,2026-06-30,202.11,Debit,Transfer,P2P Transfer,Net Banking,Ahmedabad
T00002316,C100011,A200014,2026-04-16,1004.25,Debit,Fuel,Indian Oil,Net Banking,Ahmedabad
T00002317,C100011,A200014,2026-02-21,556.17,Debit,Transfer,P2P Transfer,Cash,Ahmedabad
T00002318,C100011,A200014,2026-04-10,20.0,Debit,Other,Misc Merchant,UPI,Ahmedabad
T00002319,C100011,A200014,2026-02-05,279.46,Debit,Fuel,Indian Oil,UPI,Ahmedabad
T00002320,C100011,A200014,2026-04-25,1016.53,Debit,Fuel,HP Petrol Pump,Debit Card,Ahmedabad
T00002321,C100011,A200014,2026-04-15,316.94,Debit,Entertainment,Spotify,NEFT,Ahmedabad
T00002322,C100011,A200014,2026-05-23,244.87,Debit,Travel,IRCTC,UPI,Ahmedabad
T00002323,C100011,A200014,2026-03-31,181.23,Debit,Bills,Water Dept,Cash,Ahmedabad
T00002324,C100011,A200014,2026-07-20,632.16,Debit,Food,Swiggy,Debit Card,Ahmedabad
T00002325,C100011,A200014,2026-04-05,855.08,Debit,Food,Local Restaurant,Credit Card,Ahmedabad
T00002326,C100011,A200014,2026-03-13,526.69,Debit,Transfer,P2P Transfer,Debit Card,Ahmedabad
T00002327,C100011,A200014,2026-06-23,1221.93,Debit,Education,Udemy,Debit Card,Ahmedabad
T00002328,C100011,A200014,2026-03-13,1070.58,Debit,Food,Zomato,NEFT,Ahmedabad
T00002329,C100011,A200014,2026-07-18,1076.43,Debit,Transfer,P2P Transfer,Debit Card,Ahmedabad
T00002330,C100011,A200014,2026-02-12,1423.87,Debit,Education,College Fee,Cash,Ahmedabad
T00002331,C100011,A200014,2026-04-23,56.51,Debit,Travel,Uber,Debit Card,Ahmedabad
T00002332,C100011,A200014,2026-07-31,286.44,Debit,Entertainment,Spotify,Net Banking,Ahmedabad
T00002333,C100011,A200014,2026-05-19,104.65,Debit,Bills,Airtel,Debit Card,Ahmedabad
T00002334,C100011,A200014,2026-03-22,930.2,Debit,Education,College Fee,Debit Card,Ahmedabad
T00002335,C100011,A200014,2026-03-28,895.08,Debit,Bills,Jio,Net Banking,Ahmedabad
T00002336,C100011,A200014,2026-03-28,860.98,Debit,Food,Local Restaurant,Cash,Ahmedabad
T00002337,C100011,A200014,2026-07-13,1166.38,Debit,Fuel,Indian Oil,Net Banking,Ahmedabad
T00002338,C100011,A200014,2026-06-20,722.54,Debit,Investment,SIP Auto-debit,NEFT,Ahmedabad
T00002339,C100011,A200014,2026-04-03,74.61,Debit,Education,Coursera,Debit Card,Ahmedabad
T00002340,C100011,A200014,2026-07-13,1689.54,Debit,Healthcare,Apollo Pharmacy,UPI,Ahmedabad
T00002341,C100011,A200014,2026-02-04,1268.43,Debit,Transfer,P2P Transfer,UPI,Ahmedabad
T00002342,C100011,A200014,2026-03-11,1485.14,Debit,ATM,ATM Withdrawal,Cash,Ahmedabad
T00002343,C100011,A200014,2026-07-24,284.53,Debit,Food,Cafe Coffee Day,Debit Card,Ahmedabad
T00002344,C100011,A200014,2026-07-29,792.64,Debit,Fuel,HP Petrol Pump,Cash,Ahmedabad
T00002345,C100011,A200014,2026-05-30,386.23,Debit,Transfer,P2P Transfer,NEFT,Ahmedabad
T00002346,C100011,A200014,2026-03-30,388.98,Debit,Education,Coursera,Net Banking,Ahmedabad
T00002347,C100011,A200014,2026-04-20,399.33,Debit,Bills,Electricity Board,NEFT,Ahmedabad
T00002348,C100011,A200014,2026-07-15,346.94,Debit,Travel,Uber,Debit Card,Ahmedabad
T00002349,C100011,A200014,2026-06-04,130.57,Debit,Travel,IRCTC,Debit Card,Ahmedabad
T00002350,C100011,A200014,2026-04-16,1602.94,Debit,Transfer,P2P Transfer,Net Banking,Ahmedabad
T00002351,C100011,A200014,2026-06-12,311.37,Debit,Food,Swiggy,NEFT,Ahmedabad
T00002352,C100011,A200014,2026-05-27,335.5,Debit,Travel,IndiGo,Cash,Ahmedabad
T00002353,C100011,A200014,2026-03-18,403.64,Debit,Transfer,P2P Transfer,Net Banking,Ahmedabad
T00002354,C100011,A200014,2026-05-30,1572.68,Debit,Education,Coursera,Credit Card,Ahmedabad
T00002355,C100011,A200014,2026-05-15,298.92,Debit,Fuel,HP Petrol Pump,Credit Card,Ahmedabad
T00002356,C100011,A200014,2026-07-10,1004.26,Debit,Food,Cafe Coffee Day,Cash,Ahmedabad
T00002357,C100011,A200014,2026-05-26,515.02,Debit,Fuel,Indian Oil,Cash,Ahmedabad
T00002358,C100011,A200014,2026-07-25,575.19,Debit,Food,Swiggy,NEFT,Ahmedabad
T00002359,C100011,A200014,2026-04-27,590.18,Debit,Fuel,Indian Oil,UPI,Ahmedabad
T00002360,C100011,A200014,2026-07-19,103.15,Debit,Food,Cafe Coffee Day,NEFT,Ahmedabad
T00002361,C100011,A200014,2026-06-01,149.93,Debit,Bills,Electricity Board,UPI,Ahmedabad
T00002362,C100011,A200014,2026-04-04,95.5,Debit,Transfer,P2P Transfer,UPI,Ahmedabad
T00002363,C100011,A200014,2026-07-12,1253.26,Debit,Transfer,P2P Transfer,Credit Card,Ahmedabad
T00002364,C100011,A200014,2026-05-24,991.74,Debit,Travel,IndiGo,Credit Card,Ahmedabad
T00002365,C100011,A200014,2026-03-28,2676.59,Debit,Transfer,P2P Transfer,Credit Card,Ahmedabad
T00002366,C100011,A200014,2026-06-18,833.76,Debit,Fuel,HP Petrol Pump,NEFT,Ahmedabad
T00002367,C100011,A200014,2026-06-22,484.76,Debit,Other,Misc Merchant,Credit Card,Ahmedabad
T00002368,C100011,A200014,2026-02-06,20.0,Debit,Food,Swiggy,Credit Card,Ahmedabad
T00002369,C100011,A200014,2026-05-03,20.0,Debit,Transfer,P2P Transfer,Cash,Ahmedabad
T00002370,C100011,A200014,2026-02-03,267.38,Debit,Travel,Uber,NEFT,Ahmedabad
T00002371,C100011,A200014,2026-04-02,289.24,Debit,Fuel,Indian Oil,UPI,Ahmedabad
T00002372,C100011,A200014,2026-05-24,792.15,Debit,Food,Swiggy,Cash,Ahmedabad
T00002373,C100011,A200014,2026-05-30,195.92,Debit,Food,Swiggy,UPI,Ahmedabad
T00002374,C100011,A200014,2026-07-26,91.96,Debit,Other,Misc Merchant,Net Banking,Ahmedabad
T00002375,C100011,A200014,2026-05-21,2659.15,Debit,Healthcare,Apollo Pharmacy,Credit Card,Ahmedabad
T00002376,C100011,A200014,2026-03-15,773.5,Debit,Healthcare,Local Clinic,NEFT,Ahmedabad
T00002377,C100011,A200014,2026-05-20,1892.02,Debit,Entertainment,Spotify,Cash,Ahmedabad
T00002378,C100011,A200014,2026-02-16,242.69,Debit,Transfer,P2P Transfer,Net Banking,Ahmedabad
T00002379,C100011,A200014,2026-07-25,1293.39,Debit,Food,Zomato,Credit Card,Ahmedabad
T00002380,C100011,A200014,2026-05-29,138.57,Debit,Fuel,Indian Oil,Cash,Ahmedabad
T00002381,C100011,A200014,2026-04-23,322.12,Debit,Education,Udemy,NEFT,Ahmedabad
T00002382,C100011,A200014,2026-05-02,68.67,Debit,Fuel,Indian Oil,Cash,Ahmedabad
T00002383,C100011,A200014,2026-02-18,126.58,Debit,Entertainment,PVR,Debit Card,Ahmedabad
T00002384,C100011,A200014,2026-06-15,58.14,Debit,Fuel,HP Petrol Pump,Debit Card,Ahmedabad
T00002385,C100011,A200014,2026-03-10,315.93,Debit,Transfer,P2P Transfer,NEFT,Ahmedabad
T00002386,C100011,A200014,2026-03-03,829.67,Debit,Healthcare,Apollo Pharmacy,Credit Card,Ahmedabad
T00002387,C100011,A200014,2026-05-17,142.52,Debit,Transfer,P2P Transfer,Net Banking,Ahmedabad
T00002388,C100011,A200014,2026-07-05,800.57,Debit,Travel,Uber,Debit Card,Ahmedabad
T00002389,C100011,A200014,2026-05-02,1038.4,Debit,Food,Local Restaurant,Credit Card,Ahmedabad
T00002390,C100011,A200014,2026-05-20,222.43,Debit,Transfer,P2P Transfer,UPI,Ahmedabad
T00002391,C100011,A200014,2026-07-05,639.33,Debit,Transfer,P2P Transfer,Credit Card,Ahmedabad
T00002392,C100011,A200014,2026-02-17,849.38,Debit,Fuel,Indian Oil,Net Banking,Ahmedabad
T00002393,C100011,A200014,2026-05-25,255.1,Debit,Entertainment,Netflix,Net Banking,Ahmedabad
T00002394,C100011,A200014,2026-03-16,184.45,Debit,Travel,Uber,Credit Card,Ahmedabad
T00002395,C100011,A200014,2026-07-05,266.19,Debit,Education,College Fee,Credit Card,Ahmedabad
T00002396,C100011,A200014,2026-04-05,660.15,Debit,Fuel,HP Petrol Pump,Debit Card,Ahmedabad
T00002397,C100011,A200014,2026-07-07,1122.21,Debit,Fuel,Indian Oil,UPI,Ahmedabad
T00002398,C100011,A200014,2026-04-13,526.63,Debit,Bills,Jio,Net Banking,Ahmedabad
T00002399,C100011,A200014,2026-02-19,666.17,Debit,Travel,Ola,UPI,Ahmedabad
T00002400,C100011,A200014,2026-02-08,1497.68,Debit,Fuel,Indian Oil,UPI,Ahmedabad
T00002401,C100011,A200014,2026-02-23,56.53,Debit,Fuel,Indian Oil,Credit Card,Ahmedabad
T00002402,C100011,A200014,2026-06-24,1357.11,Debit,Travel,MakeMyTrip,UPI,Ahmedabad
T00002403,C100011,A200014,2026-04-21,176.38,Debit,Transfer,P2P Transfer,Credit Card,Ahmedabad
T00002404,C100011,A200014,2026-05-16,2412.56,Debit,Fuel,HP Petrol Pump,NEFT,Ahmedabad
T00002405,C100011,A200014,2026-05-19,222.44,Debit,Education,Coursera,Credit Card,Ahmedabad
T00002406,C100011,A200014,2026-07-26,20.0,Debit,Food,Swiggy,Cash,Ahmedabad
T00002407,C100011,A200014,2026-07-13,162.38,Debit,Travel,Ola,Net Banking,Ahmedabad
T00002408,C100011,A200014,2026-07-06,234.28,Debit,Transfer,P2P Transfer,Net Banking,Ahmedabad
T00002409,C100011,A200014,2026-07-17,225.47,Debit,Travel,MakeMyTrip,Net Banking,Ahmedabad
T00002410,C100011,A200014,2026-03-17,2370.02,Debit,Entertainment,BookMyShow,UPI,Ahmedabad
T00002411,C100011,A200014,2026-04-22,715.94,Debit,Shopping,Myntra,NEFT,Ahmedabad
T00002412,C100011,A200014,2026-03-13,515.14,Debit,Fuel,HP Petrol Pump,Net Banking,Ahmedabad
T00002413,C100011,A200014,2026-02-27,164.46,Debit,Fuel,Indian Oil,Cash,Ahmedabad
T00002414,C100011,A200014,2026-02-12,804.34,Debit,Transfer,P2P Transfer,Cash,Ahmedabad
T00002415,C100011,A200014,2026-07-21,295.16,Debit,Education,Udemy,UPI,Ahmedabad
T00002416,C100011,A200014,2026-05-19,364.89,Debit,Travel,IndiGo,Net Banking,Ahmedabad
T00002417,C100011,A200014,2026-03-26,91.71,Debit,Entertainment,Netflix,Debit Card,Ahmedabad
T00002418,C100011,A200014,2026-06-21,792.43,Debit,Travel,IndiGo,Cash,Ahmedabad
T00002419,C100011,A200014,2026-04-11,224.89,Debit,Food,Zomato,Debit Card,Ahmedabad
T00002420,C100011,A200014,2026-04-29,854.32,Debit,Shopping,Amazon,Credit Card,Ahmedabad
T00002421,C100011,A200014,2026-05-02,1282.49,Debit,Fuel,HP Petrol Pump,Debit Card,Ahmedabad
T00002422,C100011,A200014,2026-07-26,65.91,Debit,Education,Udemy,Credit Card,Ahmedabad
T00002423,C100011,A200014,2026-05-02,343.12,Debit,Fuel,HP Petrol Pump,UPI,Ahmedabad
T00002424,C100011,A200014,2026-03-14,890.4,Debit,Entertainment,Netflix,Net Banking,Ahmedabad
T00002425,C100011,A200014,2026-07-10,79.95,Debit,Entertainment,Spotify,Debit Card,Ahmedabad
T00002426,C100011,A200014,2026-02-27,39.57,Debit,Education,Coursera,Credit Card,Ahmedabad
T00002427,C100011,A200014,2026-03-29,838.62,Debit,Travel,IRCTC,Debit Card,Ahmedabad
T00002428,C100011,A200014,2026-04-27,471.1,Debit,Food,Local Restaurant,Debit Card,Ahmedabad
T00002429,C100011,A200014,2026-06-11,394.53,Debit,Education,Coursera,Net Banking,Ahmedabad
T00002430,C100011,A200014,2026-05-23,781.13,Debit,Transfer,P2P Transfer,NEFT,Ahmedabad
T00002431,C100011,A200014,2026-02-17,746.8,Debit,Education,Udemy,NEFT,Ahmedabad
T00002432,C100011,A200014,2026-04-03,2106.05,Debit,Travel,Uber,Credit Card,Ahmedabad
T00002433,C100011,A200014,2026-06-03,374.85,Debit,Fuel,Indian Oil,Cash,Ahmedabad
T00002434,C100011,A200014,2026-03-29,442.3,Debit,Entertainment,BookMyShow,Debit Card,Ahmedabad
T00002435,C100011,A200014,2026-05-15,371.2,Debit,Healthcare,Apollo Pharmacy,Debit Card,Ahmedabad
T00002436,C100011,A200014,2026-05-25,610.94,Debit,Entertainment,Netflix,NEFT,Ahmedabad
T00002437,C100011,A200014,2026-04-22,92.74,Debit,Fuel,Indian Oil,Debit Card,Ahmedabad
T00002438,C100011,A200014,2026-05-09,657.02,Debit,Healthcare,Local Clinic,UPI,Ahmedabad
T00002439,C100011,A200014,2026-07-01,109.17,Debit,Bills,Electricity Board,Cash,Ahmedabad
T00002440,C100011,A200014,2026-06-15,20.0,Debit,Healthcare,Local Clinic,Cash,Ahmedabad
T00002441,C100011,A200014,2026-07-29,21.13,Debit,Fuel,HP Petrol Pump,UPI,Ahmedabad
T00002442,C100011,A200014,2026-04-28,1185.43,Debit,Fuel,Indian Oil,Debit Card,Ahmedabad
T00002443,C100011,A200014,2026-05-24,342.23,Debit,Transfer,P2P Transfer,NEFT,Ahmedabad
T00002444,C100011,A200014,2026-06-15,2355.4,Debit,Fuel,Indian Oil,Net Banking,Ahmedabad
T00002445,C100011,A200014,2026-04-14,20.0,Debit,Transfer,P2P Transfer,Net Banking,Ahmedabad
T00002446,C100011,A200014,2026-03-04,549.01,Debit,Transfer,P2P Transfer,Cash,Ahmedabad
T00002447,C100011,A200014,2026-03-07,1371.15,Debit,Fuel,Indian Oil,NEFT,Ahmedabad
T00002448,C100011,A200014,2026-02-23,1051.04,Debit,Entertainment,Netflix,Debit Card,Ahmedabad
T00002449,C100011,A200014,2026-07-20,20.0,Debit,Education,Udemy,Debit Card,Ahmedabad
T00002450,C100011,A200014,2026-03-08,61.94,Debit,Transfer,P2P Transfer,Debit Card,Ahmedabad
T00002451,C100011,A200014,2026-05-17,81.79,Debit,Fuel,HP Petrol Pump,Cash,Ahmedabad
T00002452,C100011,A200014,2026-06-15,1164.5,Debit,Fuel,Indian Oil,Credit Card,Ahmedabad
T00002453,C100011,A200014,2026-02-03,590.81,Debit,Fuel,Indian Oil,Credit Card,Ahmedabad
T00002454,C100011,A200014,2026-05-13,890.39,Debit,Investment,SIP Auto-debit,NEFT,Ahmedabad
T00002455,C100011,A200014,2026-02-07,210.16,Debit,Healthcare,Local Clinic,Cash,Ahmedabad
T00002456,C100011,A200014,2026-05-22,489.42,Debit,Education,Udemy,NEFT,Ahmedabad
T00002457,C100011,A200014,2026-03-31,610.15,Debit,Healthcare,Local Clinic,UPI,Ahmedabad
T00002458,C100011,A200014,2026-06-30,3403.81,Debit,Entertainment,Netflix,UPI,Ahmedabad
T00002459,C100011,A200014,2026-07-22,542.22,Debit,Healthcare,1mg,Net Banking,Ahmedabad
T00002460,C100011,A200014,2026-06-15,855.08,Debit,Bills,Water Dept,UPI,Ahmedabad
T00002461,C100011,A200014,2026-06-15,189.97,Debit,Transfer,P2P Transfer,Cash,Ahmedabad
T00002462,C100011,A200014,2026-02-14,106.63,Debit,ATM,ATM Withdrawal,Cash,Ahmedabad
T00002463,C100011,A200014,2026-02-23,868.41,Debit,Investment,Zerodha,Net Banking,Ahmedabad
T00002464,C100011,A200014,2026-04-14,36.79,Debit,Fuel,HP Petrol Pump,Credit Card,Ahmedabad
T00002465,C100011,A200014,2026-02-17,70.78,Debit,Fuel,HP Petrol Pump,Debit Card,Ahmedabad
T00002466,C100011,A200014,2026-04-03,149.84,Debit,Fuel,Indian Oil,Cash,Ahmedabad
T00002467,C100011,A200014,2026-02-28,1510.51,Debit,Investment,SIP Auto-debit,Credit Card,Ahmedabad
T00002468,C100011,A200014,2026-03-23,1092.77,Debit,Shopping,Flipkart,Net Banking,Ahmedabad
T00002469,C100011,A200014,2026-02-16,248.94,Debit,Education,Udemy,Cash,Ahmedabad
T00002470,C100011,A200014,2026-04-03,560.55,Debit,Education,Coursera,Debit Card,Ahmedabad
T00002471,C100011,A200014,2026-03-30,2321.83,Debit,Food,Swiggy,UPI,Ahmedabad
T00002472,C100011,A200014,2026-04-05,640.86,Debit,Food,Cafe Coffee Day,Credit Card,Ahmedabad
T00002473,C100011,A200014,2026-05-26,928.01,Debit,Fuel,HP Petrol Pump,Credit Card,Ahmedabad
T00002474,C100011,A200014,2026-04-02,652.49,Debit,Fuel,Indian Oil,Cash,Ahmedabad
T00002475,C100011,A200014,2026-04-05,550.46,Debit,Transfer,P2P Transfer,Net Banking,Ahmedabad
T00002476,C100011,A200014,2026-07-26,861.54,Debit,Travel,Ola,UPI,Ahmedabad
T00002477,C100011,A200014,2026-03-23,20.0,Debit,ATM,ATM Withdrawal,Credit Card,Ahmedabad
T00002478,C100011,A200014,2026-03-09,206.21,Debit,Transfer,P2P Transfer,NEFT,Ahmedabad
T00002479,C100011,A200014,2026-07-30,851.57,Debit,ATM,ATM Withdrawal,NEFT,Ahmedabad
T00002480,C100011,A200014,2026-04-20,668.68,Debit,Rent,Landlord Transfer,Debit Card,Ahmedabad
T00002481,C100011,A200014,2026-05-05,521.55,Debit,Healthcare,1mg,Credit Card,Ahmedabad
T00002482,C100011,A200014,2026-07-04,20.0,Debit,Transfer,P2P Transfer,Credit Card,Ahmedabad
T00002483,C100011,A200014,2026-02-03,457.12,Debit,Entertainment,PVR,UPI,Ahmedabad
T00002484,C100011,A200014,2026-03-12,305.12,Debit,Fuel,Indian Oil,Debit Card,Ahmedabad
T00002485,C100011,A200014,2026-05-11,61.66,Debit,Healthcare,Local Clinic,Debit Card,Ahmedabad
T00002486,C100011,A200014,2026-03-14,917.96,Debit,Transfer,P2P Transfer,Net Banking,Ahmedabad
T00002487,C100011,A200014,2026-02-14,1319.46,Debit,Food,Local Restaurant,Debit Card,Ahmedabad
T00002488,C100011,A200014,2026-02-28,1518.93,Debit,Food,Zomato,Net Banking,Ahmedabad
T00002489,C100011,A200014,2026-04-19,1106.85,Debit,Healthcare,1mg,Net Banking,Ahmedabad
T00002490,C100011,A200014,2026-08-01,78.95,Debit,Healthcare,Local Clinic,Debit Card,Ahmedabad
T00002491,C100011,A200014,2026-08-01,27213.32,Credit,Salary,Employer,NEFT,Ahmedabad
T00002492,C100011,A200014,2026-07-01,27353.17,Credit,Salary,Employer,NEFT,Ahmedabad
T00002493,C100011,A200014,2026-05-31,27333.2,Credit,Salary,Employer,NEFT,Ahmedabad
T00002494,C100011,A200014,2026-05-03,26693.98,Credit,Salary,Employer,NEFT,Ahmedabad
T00002495,C100011,A200014,2026-04-01,26249.55,Credit,Salary,Employer,NEFT,Ahmedabad
T00002496,C100011,A200014,2026-03-03,26312.06,Credit,Salary,Employer,NEFT,Ahmedabad
T00002497,C100012,A200015,2026-07-17,265.86,Debit,Travel,MakeMyTrip,Credit Card,Surat
T00002498,C100012,A200015,2026-04-23,5589.32,Debit,Other,Misc Merchant,Cash,Surat
T00002499,C100012,A200015,2026-03-01,2514.94,Debit,Entertainment,Spotify,Debit Card,Surat
T00002500,C100012,A200015,2026-03-09,496.18,Debit,ATM,ATM Withdrawal,Net Banking,Surat
T00002501,C100012,A200015,2026-02-17,28.9,Debit,Investment,Groww,Debit Card,Surat
T00002502,C100012,A200015,2026-06-08,155.65,Debit,Other,Misc Merchant,Net Banking,Surat
T00002503,C100012,A200015,2026-07-23,670.21,Debit,Rent,Landlord Transfer,Net Banking,Surat
T00002504,C100012,A200015,2026-06-05,2052.01,Debit,Rent,Landlord Transfer,Net Banking,Surat
T00002505,C100012,A200015,2026-05-21,2440.07,Debit,Rent,Landlord Transfer,Credit Card,Surat
T00002506,C100012,A200015,2026-07-25,2749.28,Debit,Investment,Groww,Net Banking,Surat
T00002507,C100012,A200015,2026-03-15,1340.68,Debit,Healthcare,Local Clinic,NEFT,Surat
T00002508,C100012,A200015,2026-07-11,381.81,Debit,Food,Zomato,NEFT,Surat
T00002509,C100012,A200015,2026-03-08,1608.46,Debit,Entertainment,Spotify,NEFT,Surat
T00002510,C100012,A200015,2026-03-30,657.46,Debit,Rent,Landlord Transfer,UPI,Surat
T00002511,C100012,A200015,2026-03-04,2196.78,Debit,Education,Coursera,UPI,Surat
T00002512,C100012,A200015,2026-05-16,25.68,Debit,Food,Local Restaurant,Cash,Surat
T00002513,C100012,A200015,2026-07-30,1184.09,Debit,Other,Misc Merchant,Net Banking,Surat
T00002514,C100012,A200015,2026-02-06,1825.12,Debit,Investment,Groww,NEFT,Surat
T00002515,C100012,A200015,2026-04-22,1196.92,Debit,Rent,Landlord Transfer,NEFT,Surat
T00002516,C100012,A200015,2026-05-26,778.39,Debit,Other,Misc Merchant,UPI,Surat
T00002517,C100012,A200015,2026-07-19,79.76,Debit,Investment,Groww,Cash,Surat
T00002518,C100012,A200015,2026-06-26,1164.65,Debit,Entertainment,Spotify,Credit Card,Surat
T00002519,C100012,A200015,2026-03-13,833.82,Debit,Food,Swiggy,Debit Card,Surat
T00002520,C100012,A200015,2026-07-21,324.03,Debit,ATM,ATM Withdrawal,Net Banking,Surat
T00002521,C100012,A200015,2026-04-15,1325.58,Debit,Healthcare,Local Clinic,NEFT,Surat
T00002522,C100012,A200015,2026-03-16,270.8,Debit,Other,Misc Merchant,Cash,Surat
T00002523,C100012,A200015,2026-02-14,2447.28,Debit,Other,Misc Merchant,Net Banking,Surat
T00002524,C100012,A200015,2026-04-20,1088.34,Debit,Food,Local Restaurant,UPI,Surat
T00002525,C100012,A200015,2026-03-19,513.35,Debit,Healthcare,Local Clinic,Cash,Surat
T00002526,C100012,A200015,2026-04-21,420.34,Debit,Rent,Landlord Transfer,Debit Card,Surat
T00002527,C100012,A200015,2026-05-29,693.9,Debit,Other,Misc Merchant,Net Banking,Surat
T00002528,C100012,A200015,2026-03-08,368.27,Debit,Healthcare,Apollo Pharmacy,UPI,Surat
T00002529,C100012,A200015,2026-07-04,60.78,Debit,Healthcare,Local Clinic,Cash,Surat
T00002530,C100012,A200015,2026-05-02,1779.04,Debit,Investment,Zerodha,UPI,Surat
T00002531,C100012,A200015,2026-06-06,2583.46,Debit,Investment,Groww,Net Banking,Surat
T00002532,C100012,A200015,2026-07-11,1492.48,Debit,Investment,Groww,Net Banking,Surat
T00002533,C100012,A200015,2026-04-18,1104.37,Debit,Food,Zomato,Debit Card,Surat
T00002534,C100012,A200015,2026-03-11,420.39,Debit,Investment,Groww,Debit Card,Surat
T00002535,C100012,A200015,2026-06-22,322.31,Debit,Transfer,P2P Transfer,UPI,Surat
T00002536,C100012,A200015,2026-02-28,400.67,Debit,ATM,ATM Withdrawal,Debit Card,Surat
T00002537,C100012,A200015,2026-02-13,20.75,Debit,Rent,Landlord Transfer,Debit Card,Surat
T00002538,C100012,A200015,2026-06-26,29.73,Debit,Food,Cafe Coffee Day,Debit Card,Surat
T00002539,C100012,A200015,2026-03-10,1236.72,Debit,Education,Coursera,UPI,Surat
T00002540,C100012,A200015,2026-04-19,4247.29,Debit,ATM,ATM Withdrawal,Cash,Surat
T00002541,C100012,A200015,2026-06-29,898.48,Debit,ATM,ATM Withdrawal,Cash,Surat
T00002542,C100012,A200015,2026-04-16,860.03,Debit,Investment,Groww,Debit Card,Surat
T00002543,C100012,A200015,2026-04-20,886.9,Debit,Food,Zomato,NEFT,Surat
T00002544,C100012,A200015,2026-06-12,199.92,Debit,ATM,ATM Withdrawal,Credit Card,Surat
T00002545,C100012,A200015,2026-02-03,373.95,Debit,Rent,Landlord Transfer,Net Banking,Surat
T00002546,C100012,A200015,2026-03-20,655.37,Debit,ATM,ATM Withdrawal,Credit Card,Surat
T00002547,C100012,A200015,2026-05-30,5449.16,Debit,Education,College Fee,Debit Card,Surat
T00002548,C100012,A200015,2026-06-15,2472.35,Debit,ATM,ATM Withdrawal,Cash,Surat
T00002549,C100012,A200015,2026-02-15,2525.34,Debit,Investment,Groww,UPI,Surat
T00002550,C100012,A200015,2026-06-04,478.55,Debit,Other,Misc Merchant,Credit Card,Surat
T00002551,C100012,A200015,2026-02-09,20.0,Debit,ATM,ATM Withdrawal,UPI,Surat
T00002552,C100012,A200015,2026-06-23,159.05,Debit,Healthcare,Apollo Pharmacy,NEFT,Surat
T00002553,C100012,A200015,2026-05-04,448.9,Debit,Investment,Groww,Credit Card,Surat
T00002554,C100012,A200015,2026-05-03,2815.12,Debit,Other,Misc Merchant,Debit Card,Surat
T00002555,C100012,A200015,2026-06-21,85.54,Debit,Investment,SIP Auto-debit,UPI,Surat
T00002556,C100012,A200015,2026-02-19,1636.56,Debit,Rent,Landlord Transfer,Net Banking,Surat
T00002557,C100012,A200015,2026-04-30,279.02,Debit,Food,Zomato,NEFT,Surat
T00002558,C100012,A200015,2026-02-26,1012.78,Debit,Other,Misc Merchant,Cash,Surat
T00002559,C100012,A200015,2026-02-16,1755.2,Debit,Healthcare,Local Clinic,Cash,Surat
T00002560,C100012,A200015,2026-06-07,996.01,Debit,Healthcare,Apollo Pharmacy,Net Banking,Surat
T00002561,C100012,A200015,2026-05-05,278.53,Debit,Investment,Groww,Credit Card,Surat
T00002562,C100012,A200015,2026-03-14,605.05,Debit,Investment,SIP Auto-debit,NEFT,Surat
T00002563,C100012,A200015,2026-07-17,20.0,Debit,Entertainment,PVR,Debit Card,Surat
T00002564,C100012,A200015,2026-07-09,810.15,Debit,Other,Misc Merchant,Net Banking,Surat
T00002565,C100012,A200015,2026-06-30,2086.61,Debit,Other,Misc Merchant,UPI,Surat
T00002566,C100012,A200015,2026-05-23,1212.17,Debit,Rent,Landlord Transfer,NEFT,Surat
T00002567,C100012,A200015,2026-02-04,47.48,Debit,Other,Misc Merchant,Net Banking,Surat
T00002568,C100012,A200015,2026-03-03,61.43,Debit,Other,Misc Merchant,Net Banking,Surat
T00002569,C100012,A200015,2026-02-18,2121.66,Debit,Other,Misc Merchant,NEFT,Surat
T00002570,C100012,A200015,2026-05-07,830.43,Debit,Healthcare,1mg,Debit Card,Surat
T00002571,C100012,A200015,2026-05-16,6014.99,Debit,Investment,SIP Auto-debit,NEFT,Surat
T00002572,C100012,A200015,2026-07-22,323.53,Debit,Rent,Landlord Transfer,NEFT,Surat
T00002573,C100012,A200015,2026-02-21,1019.53,Debit,Investment,Zerodha,Net Banking,Surat
T00002574,C100012,A200015,2026-04-14,663.2,Debit,Rent,Landlord Transfer,UPI,Surat
T00002575,C100012,A200015,2026-07-05,2596.99,Debit,Food,Cafe Coffee Day,Cash,Surat
T00002576,C100012,A200015,2026-06-28,1792.61,Debit,Other,Misc Merchant,UPI,Surat
T00002577,C100012,A200015,2026-02-12,2199.41,Debit,ATM,ATM Withdrawal,Debit Card,Surat
T00002578,C100012,A200015,2026-02-04,62.11,Debit,Education,Udemy,UPI,Surat
T00002579,C100012,A200015,2026-03-13,127.01,Debit,Other,Misc Merchant,Credit Card,Surat
T00002580,C100012,A200015,2026-06-08,1747.57,Debit,Rent,Landlord Transfer,Net Banking,Surat
T00002581,C100012,A200015,2026-05-05,674.02,Debit,Investment,SIP Auto-debit,Net Banking,Surat
T00002582,C100012,A200015,2026-05-27,525.03,Debit,Investment,Groww,Net Banking,Surat
T00002583,C100012,A200015,2026-03-26,2911.76,Debit,Healthcare,Local Clinic,Net Banking,Surat
T00002584,C100012,A200015,2026-05-11,1198.87,Debit,Investment,Zerodha,Debit Card,Surat
T00002585,C100012,A200015,2026-05-27,5532.3,Debit,ATM,ATM Withdrawal,Cash,Surat
T00002586,C100012,A200015,2026-04-16,112.68,Debit,ATM,ATM Withdrawal,NEFT,Surat
T00002587,C100012,A200015,2026-05-24,386.88,Debit,ATM,ATM Withdrawal,Debit Card,Surat
T00002588,C100012,A200015,2026-03-09,547.68,Debit,Rent,Landlord Transfer,UPI,Surat
T00002589,C100012,A200015,2026-07-03,2646.79,Debit,Travel,Uber,Debit Card,Surat
T00002590,C100012,A200015,2026-04-25,1066.5,Debit,Other,Misc Merchant,Credit Card,Surat
T00002591,C100012,A200015,2026-07-02,5613.23,Debit,Rent,Landlord Transfer,UPI,Surat
T00002592,C100012,A200015,2026-06-06,174.34,Debit,ATM,ATM Withdrawal,NEFT,Surat
T00002593,C100012,A200015,2026-05-02,401.25,Debit,Healthcare,Local Clinic,Debit Card,Surat
T00002594,C100012,A200015,2026-05-30,899.9,Debit,Other,Misc Merchant,NEFT,Surat
T00002595,C100012,A200015,2026-07-14,735.5,Debit,Food,Swiggy,Debit Card,Surat
T00002596,C100012,A200015,2026-02-20,2221.72,Debit,Travel,IRCTC,Credit Card,Surat
T00002597,C100012,A200015,2026-03-30,266.21,Debit,Other,Misc Merchant,NEFT,Surat
T00002598,C100012,A200015,2026-03-20,243.33,Debit,Travel,MakeMyTrip,Debit Card,Surat
T00002599,C100012,A200015,2026-04-26,3452.85,Debit,Healthcare,1mg,Cash,Surat
T00002600,C100012,A200015,2026-05-26,1699.86,Debit,Food,Cafe Coffee Day,Debit Card,Surat
T00002601,C100012,A200015,2026-03-17,779.27,Debit,Education,Coursera,UPI,Surat
T00002602,C100012,A200015,2026-06-18,20.0,Debit,Investment,Groww,Debit Card,Surat
T00002603,C100012,A200015,2026-03-14,3418.17,Debit,Food,Cafe Coffee Day,UPI,Surat
T00002604,C100012,A200015,2026-07-31,449.99,Debit,Other,Misc Merchant,NEFT,Surat
T00002605,C100012,A200015,2026-04-17,23.63,Debit,Food,Cafe Coffee Day,Debit Card,Surat
T00002606,C100012,A200015,2026-02-18,1938.31,Debit,Investment,Zerodha,Credit Card,Surat
T00002607,C100012,A200015,2026-04-07,183.28,Debit,Other,Misc Merchant,Cash,Surat
T00002608,C100012,A200015,2026-06-01,571.11,Debit,ATM,ATM Withdrawal,Cash,Surat
T00002609,C100012,A200015,2026-05-21,1754.23,Debit,Healthcare,1mg,NEFT,Surat
T00002610,C100012,A200015,2026-05-06,1176.62,Debit,Rent,Landlord Transfer,Credit Card,Surat
T00002611,C100012,A200015,2026-06-22,144.07,Debit,Investment,SIP Auto-debit,NEFT,Surat
T00002612,C100012,A200015,2026-04-30,942.39,Debit,ATM,ATM Withdrawal,Net Banking,Surat
T00002613,C100012,A200015,2026-02-14,6850.31,Debit,Healthcare,Local Clinic,Cash,Surat
T00002614,C100012,A200015,2026-03-09,850.83,Debit,Investment,SIP Auto-debit,Cash,Surat
T00002615,C100012,A200015,2026-04-04,399.69,Debit,Food,Swiggy,UPI,Surat
T00002616,C100012,A200015,2026-04-26,1553.5,Debit,ATM,ATM Withdrawal,UPI,Surat
T00002617,C100012,A200015,2026-05-05,1300.86,Debit,Food,Cafe Coffee Day,Credit Card,Surat
T00002618,C100012,A200015,2026-06-02,359.23,Debit,ATM,ATM Withdrawal,Cash,Surat
T00002619,C100012,A200015,2026-06-24,3563.99,Debit,Investment,SIP Auto-debit,Debit Card,Surat
T00002620,C100012,A200015,2026-06-04,995.38,Debit,Rent,Landlord Transfer,Net Banking,Surat
T00002621,C100012,A200015,2026-07-01,648.89,Debit,Investment,SIP Auto-debit,Credit Card,Surat
T00002622,C100012,A200015,2026-04-24,459.96,Debit,Investment,Groww,NEFT,Surat
T00002623,C100012,A200015,2026-03-02,341.19,Debit,Healthcare,1mg,Credit Card,Surat
T00002624,C100012,A200015,2026-04-08,1456.07,Debit,ATM,ATM Withdrawal,Debit Card,Surat
T00002625,C100012,A200015,2026-02-15,2698.96,Debit,Food,Zomato,Debit Card,Surat
T00002626,C100012,A200015,2026-05-12,962.48,Debit,Other,Misc Merchant,Net Banking,Surat
T00002627,C100012,A200015,2026-06-11,1577.31,Debit,Rent,Landlord Transfer,Cash,Surat
T00002628,C100012,A200015,2026-06-17,5703.98,Debit,Rent,Landlord Transfer,Debit Card,Surat
T00002629,C100012,A200015,2026-02-09,256.95,Debit,Other,Misc Merchant,Cash,Surat
T00002630,C100012,A200015,2026-06-07,160.62,Debit,Other,Misc Merchant,Debit Card,Surat
T00002631,C100012,A200015,2026-05-13,1959.02,Debit,Food,Swiggy,Cash,Surat
T00002632,C100012,A200015,2026-07-03,846.81,Debit,Investment,SIP Auto-debit,Cash,Surat
T00002633,C100012,A200015,2026-05-24,120.61,Debit,Investment,SIP Auto-debit,Net Banking,Surat
T00002634,C100012,A200015,2026-04-14,173.84,Debit,Other,Misc Merchant,NEFT,Surat
T00002635,C100012,A200015,2026-05-07,1388.24,Debit,Food,Zomato,Net Banking,Surat
T00002636,C100012,A200015,2026-03-10,2890.55,Debit,ATM,ATM Withdrawal,Debit Card,Surat
T00002637,C100012,A200015,2026-06-18,567.06,Debit,Other,Misc Merchant,Cash,Surat
T00002638,C100012,A200015,2026-06-10,1689.5,Debit,Rent,Landlord Transfer,Cash,Surat
T00002639,C100012,A200015,2026-05-28,2137.53,Debit,Education,College Fee,Net Banking,Surat
T00002640,C100012,A200015,2026-05-08,1785.0,Debit,Fuel,HP Petrol Pump,Net Banking,Surat
T00002641,C100012,A200015,2026-02-14,3695.19,Debit,Entertainment,Spotify,Cash,Surat
T00002642,C100012,A200015,2026-02-27,797.9,Debit,Healthcare,Apollo Pharmacy,Net Banking,Surat
T00002643,C100012,A200015,2026-06-27,1214.09,Debit,Other,Misc Merchant,NEFT,Surat
T00002644,C100012,A200015,2026-07-15,1823.01,Debit,Investment,Zerodha,Debit Card,Surat
T00002645,C100012,A200015,2026-07-26,2732.91,Debit,Entertainment,Netflix,Cash,Surat
T00002646,C100012,A200015,2026-07-30,440.36,Debit,Investment,Zerodha,Net Banking,Surat
T00002647,C100012,A200015,2026-07-17,1604.08,Debit,Healthcare,Local Clinic,Cash,Surat
T00002648,C100012,A200015,2026-02-23,903.51,Debit,Investment,SIP Auto-debit,NEFT,Surat
T00002649,C100012,A200015,2026-04-14,343.2,Debit,Other,Misc Merchant,Net Banking,Surat
T00002650,C100012,A200015,2026-05-15,1253.45,Debit,Other,Misc Merchant,Credit Card,Surat
T00002651,C100012,A200015,2026-07-12,42.35,Debit,Healthcare,Apollo Pharmacy,Credit Card,Surat
T00002652,C100012,A200015,2026-04-20,364.85,Debit,Entertainment,PVR,Net Banking,Surat
T00002653,C100012,A200015,2026-03-02,20.0,Debit,Investment,Zerodha,Credit Card,Surat
T00002654,C100012,A200015,2026-02-11,751.64,Debit,Investment,SIP Auto-debit,Net Banking,Surat
T00002655,C100012,A200015,2026-04-27,4049.38,Debit,Healthcare,1mg,Debit Card,Surat
T00002656,C100012,A200015,2026-06-08,1011.52,Debit,Investment,SIP Auto-debit,Debit Card,Surat
T00002657,C100012,A200015,2026-07-11,447.85,Debit,Healthcare,1mg,Cash,Surat
T00002658,C100012,A200015,2026-06-30,167.77,Debit,Rent,Landlord Transfer,Net Banking,Surat
T00002659,C100012,A200015,2026-06-13,340.05,Debit,ATM,ATM Withdrawal,Credit Card,Surat
T00002660,C100012,A200015,2026-07-19,891.96,Debit,Entertainment,PVR,NEFT,Surat
T00002661,C100012,A200015,2026-07-20,507.61,Debit,Rent,Landlord Transfer,NEFT,Surat
T00002662,C100012,A200015,2026-03-07,4037.46,Debit,Other,Misc Merchant,NEFT,Surat
T00002663,C100012,A200015,2026-07-17,971.83,Debit,Healthcare,Apollo Pharmacy,NEFT,Surat
T00002664,C100012,A200015,2026-07-21,345.76,Debit,Other,Misc Merchant,Debit Card,Surat
T00002665,C100012,A200015,2026-03-19,20.0,Debit,Rent,Landlord Transfer,UPI,Surat
T00002666,C100012,A200015,2026-04-26,524.69,Debit,ATM,ATM Withdrawal,Net Banking,Surat
T00002667,C100012,A200015,2026-03-30,70.23,Debit,Other,Misc Merchant,NEFT,Surat
T00002668,C100012,A200015,2026-02-20,1478.11,Debit,Other,Misc Merchant,Net Banking,Surat
T00002669,C100012,A200015,2026-05-30,798.22,Debit,Investment,Zerodha,Net Banking,Surat
T00002670,C100012,A200015,2026-04-03,1986.99,Debit,ATM,ATM Withdrawal,Credit Card,Surat
T00002671,C100012,A200015,2026-06-29,44.79,Debit,Food,Local Restaurant,Debit Card,Surat
T00002672,C100012,A200015,2026-03-06,2467.46,Debit,Other,Misc Merchant,Cash,Surat
T00002673,C100012,A200015,2026-05-24,684.09,Debit,Other,Misc Merchant,Cash,Surat
T00002674,C100012,A200015,2026-06-04,29.17,Debit,Rent,Landlord Transfer,NEFT,Surat
T00002675,C100012,A200015,2026-06-23,1367.03,Debit,Food,Zomato,Net Banking,Surat
T00002676,C100012,A200015,2026-06-22,2507.82,Debit,Investment,Groww,Net Banking,Surat
T00002677,C100012,A200015,2026-02-06,176.65,Debit,Food,Swiggy,UPI,Surat
T00002678,C100012,A200015,2026-03-30,1971.1,Debit,Other,Misc Merchant,Net Banking,Surat
T00002679,C100012,A200015,2026-02-24,1157.39,Debit,Education,College Fee,Debit Card,Surat
T00002680,C100012,A200015,2026-04-12,1380.78,Debit,Investment,Groww,Debit Card,Surat
T00002681,C100012,A200015,2026-06-02,480.58,Debit,Other,Misc Merchant,UPI,Surat
T00002682,C100012,A200015,2026-04-19,382.76,Debit,Other,Misc Merchant,Cash,Surat
T00002683,C100012,A200015,2026-02-13,74.76,Debit,Other,Misc Merchant,Credit Card,Surat
T00002684,C100012,A200015,2026-06-27,1462.19,Debit,Rent,Landlord Transfer,UPI,Surat
T00002685,C100012,A200015,2026-02-09,138.4,Debit,ATM,ATM Withdrawal,Net Banking,Surat
T00002686,C100012,A200015,2026-04-15,55.37,Debit,Food,Swiggy,Cash,Surat
T00002687,C100012,A200015,2026-05-25,644.26,Debit,Other,Misc Merchant,NEFT,Surat
T00002688,C100012,A200015,2026-05-20,2085.73,Debit,Food,Local Restaurant,Cash,Surat
T00002689,C100012,A200015,2026-03-17,3868.84,Debit,Investment,Zerodha,Debit Card,Surat
T00002690,C100012,A200015,2026-02-20,53.19,Debit,Investment,Groww,UPI,Surat
T00002691,C100012,A200015,2026-03-04,164.47,Debit,Investment,SIP Auto-debit,Credit Card,Surat
T00002692,C100012,A200015,2026-05-03,1772.35,Debit,Investment,Zerodha,Debit Card,Surat
T00002693,C100012,A200015,2026-03-18,780.86,Debit,ATM,ATM Withdrawal,UPI,Surat
T00002694,C100012,A200015,2026-02-22,787.46,Debit,Rent,Landlord Transfer,Net Banking,Surat
T00002695,C100012,A200015,2026-02-08,1727.62,Debit,Food,Local Restaurant,Credit Card,Surat
T00002696,C100012,A200015,2026-06-23,24.38,Debit,Investment,SIP Auto-debit,Net Banking,Surat
T00002697,C100012,A200015,2026-04-26,3637.09,Debit,Healthcare,Apollo Pharmacy,Debit Card,Surat
T00002698,C100012,A200015,2026-07-04,922.98,Debit,Food,Local Restaurant,Net Banking,Surat
T00002699,C100012,A200015,2026-02-26,5253.64,Debit,Rent,Landlord Transfer,Credit Card,Surat
T00002700,C100012,A200015,2026-03-22,1995.45,Debit,Food,Swiggy,Credit Card,Surat
T00002701,C100012,A200015,2026-03-26,78.12,Debit,Entertainment,BookMyShow,Net Banking,Surat
T00002702,C100012,A200015,2026-04-12,3452.19,Debit,Investment,Groww,Debit Card,Surat
T00002703,C100012,A200015,2026-06-12,116.76,Debit,Investment,Groww,Net Banking,Surat
T00002704,C100012,A200015,2026-06-05,404.8,Debit,Other,Misc Merchant,NEFT,Surat
T00002705,C100012,A200015,2026-06-09,406.46,Debit,ATM,ATM Withdrawal,Cash,Surat
T00002706,C100012,A200015,2026-07-11,211.26,Debit,Other,Misc Merchant,Credit Card,Surat
T00002707,C100012,A200015,2026-03-23,2176.49,Debit,Rent,Landlord Transfer,Debit Card,Surat
T00002708,C100012,A200015,2026-05-06,1707.24,Debit,Other,Misc Merchant,NEFT,Surat
T00002709,C100012,A200015,2026-05-12,1340.79,Debit,Investment,Zerodha,NEFT,Surat
T00002710,C100012,A200015,2026-04-23,670.46,Debit,Rent,Landlord Transfer,Net Banking,Surat
T00002711,C100012,A200015,2026-04-11,2456.02,Debit,Investment,SIP Auto-debit,Debit Card,Surat
T00002712,C100012,A200015,2026-05-15,3274.45,Debit,Other,Misc Merchant,UPI,Surat
T00002713,C100012,A200015,2026-02-11,515.61,Debit,Other,Misc Merchant,Net Banking,Surat
T00002714,C100012,A200015,2026-05-09,467.36,Debit,ATM,ATM Withdrawal,NEFT,Surat
T00002715,C100012,A200015,2026-06-03,1249.2,Debit,Bills,Water Dept,Credit Card,Surat
T00002716,C100012,A200015,2026-07-01,1598.8,Debit,Other,Misc Merchant,Debit Card,Surat
T00002717,C100012,A200015,2026-07-09,194.36,Debit,Food,Swiggy,Debit Card,Surat
T00002718,C100012,A200015,2026-03-06,293.68,Debit,Other,Misc Merchant,UPI,Surat
T00002719,C100012,A200015,2026-03-31,3042.21,Debit,Investment,Groww,Cash,Surat
T00002720,C100012,A200015,2026-05-03,965.69,Debit,Food,Zomato,Debit Card,Surat
T00002721,C100012,A200015,2026-04-06,531.54,Debit,Rent,Landlord Transfer,UPI,Surat
T00002722,C100012,A200015,2026-05-17,2746.32,Debit,ATM,ATM Withdrawal,NEFT,Surat
T00002723,C100012,A200015,2026-04-06,551.09,Debit,Investment,Groww,Cash,Surat
T00002724,C100012,A200015,2026-06-21,601.17,Debit,Investment,Groww,Credit Card,Surat
T00002725,C100012,A200015,2026-04-14,633.34,Debit,Travel,IndiGo,UPI,Surat
T00002726,C100012,A200015,2026-02-04,911.07,Debit,Food,Swiggy,Net Banking,Surat
T00002727,C100012,A200015,2026-03-18,1245.49,Debit,Investment,Groww,Credit Card,Surat
T00002728,C100012,A200015,2026-07-07,869.48,Debit,Education,Coursera,Net Banking,Surat
T00002729,C100012,A200015,2026-02-15,5275.43,Debit,Investment,Zerodha,Credit Card,Surat
T00002730,C100012,A200015,2026-02-05,445.12,Debit,Healthcare,Local Clinic,Debit Card,Surat
T00002731,C100012,A200015,2026-04-15,97.2,Debit,Other,Misc Merchant,NEFT,Surat
T00002732,C100012,A200015,2026-03-13,1789.31,Debit,Healthcare,1mg,Cash,Surat
T00002733,C100012,A200015,2026-04-09,2425.89,Debit,ATM,ATM Withdrawal,Cash,Surat
T00002734,C100012,A200015,2026-03-19,672.47,Debit,Food,Cafe Coffee Day,Credit Card,Surat
T00002735,C100012,A200015,2026-03-29,231.39,Debit,Bills,Water Dept,Credit Card,Surat
T00002736,C100012,A200015,2026-05-25,743.74,Debit,Investment,Groww,Net Banking,Surat
T00002737,C100012,A200015,2026-06-14,1514.3,Debit,Investment,Groww,UPI,Surat
T00002738,C100012,A200015,2026-03-16,68.0,Debit,Food,Local Restaurant,NEFT,Surat
T00002739,C100012,A200015,2026-04-19,196.88,Debit,ATM,ATM Withdrawal,UPI,Surat
T00002740,C100012,A200015,2026-02-20,995.12,Debit,Investment,Zerodha,Credit Card,Surat
T00002741,C100012,A200015,2026-02-28,1794.36,Debit,Other,Misc Merchant,Cash,Surat
T00002742,C100012,A200015,2026-02-19,73.42,Debit,Food,Zomato,Credit Card,Surat
T00002743,C100012,A200015,2026-03-29,185.47,Debit,Healthcare,Local Clinic,Credit Card,Surat
T00002744,C100012,A200015,2026-04-17,1647.81,Debit,Rent,Landlord Transfer,UPI,Surat
T00002745,C100012,A200015,2026-05-09,321.14,Debit,Travel,IRCTC,Cash,Surat
T00002746,C100012,A200015,2026-05-17,3185.03,Debit,Healthcare,Local Clinic,Debit Card,Surat
T00002747,C100012,A200015,2026-04-19,864.62,Debit,Healthcare,1mg,Cash,Surat
T00002748,C100012,A200015,2026-02-22,2222.0,Debit,Food,Local Restaurant,Cash,Surat
T00002749,C100012,A200015,2026-02-18,533.7,Debit,Food,Cafe Coffee Day,NEFT,Surat
T00002750,C100012,A200015,2026-05-03,3585.97,Debit,Rent,Landlord Transfer,Credit Card,Surat
T00002751,C100012,A200015,2026-07-06,143.52,Debit,Investment,Zerodha,UPI,Surat
T00002752,C100012,A200015,2026-03-22,2449.88,Debit,Investment,Groww,Credit Card,Surat
T00002753,C100012,A200015,2026-07-13,3442.56,Debit,Food,Zomato,Cash,Surat
T00002754,C100012,A200015,2026-04-19,1639.72,Debit,Other,Misc Merchant,Debit Card,Surat
T00002755,C100012,A200015,2026-07-30,51222.76,Credit,Salary,Employer,NEFT,Surat
T00002756,C100012,A200015,2026-07-02,53698.01,Credit,Salary,Employer,NEFT,Surat
T00002757,C100012,A200015,2026-05-31,52715.82,Credit,Salary,Employer,NEFT,Surat
T00002758,C100012,A200015,2026-05-03,52475.57,Credit,Salary,Employer,NEFT,Surat
T00002759,C100012,A200015,2026-04-01,51124.52,Credit,Salary,Employer,NEFT,Surat
T00002760,C100012,A200015,2026-03-04,51739.88,Credit,Salary,Employer,NEFT,Surat
T00002761,C100013,A200016,2026-03-13,2337.31,Debit,Investment,Zerodha,UPI,Hyderabad
T00002762,C100013,A200016,2026-07-23,297.5,Debit,Investment,Zerodha,Cash,Hyderabad
T00002763,C100013,A200016,2026-06-20,13164.92,Debit,Other,Misc Merchant,NEFT,Hyderabad
T00002764,C100013,A200016,2026-06-07,5282.65,Debit,Healthcare,1mg,Cash,Hyderabad
T00002765,C100013,A200016,2026-02-22,316.79,Debit,Rent,Landlord Transfer,Credit Card,Hyderabad
T00002766,C100013,A200016,2026-04-30,3905.98,Debit,Rent,Landlord Transfer,Net Banking,Hyderabad
T00002767,C100013,A200016,2026-05-24,2103.73,Debit,Healthcare,Local Clinic,Credit Card,Hyderabad
T00002768,C100013,A200016,2026-05-04,2699.77,Debit,Education,College Fee,UPI,Hyderabad
T00002769,C100013,A200016,2026-03-14,4879.56,Debit,Healthcare,1mg,Debit Card,Hyderabad
T00002770,C100013,A200016,2026-07-18,2094.59,Debit,Entertainment,BookMyShow,NEFT,Hyderabad
T00002771,C100013,A200016,2026-04-30,1069.28,Debit,Education,College Fee,NEFT,Hyderabad
T00002772,C100013,A200016,2026-05-13,24.57,Debit,Other,Misc Merchant,NEFT,Hyderabad
T00002773,C100013,A200016,2026-04-15,1638.49,Debit,Shopping,Flipkart,UPI,Hyderabad
T00002774,C100013,A200016,2026-03-13,2054.34,Debit,Shopping,Flipkart,Net Banking,Hyderabad
T00002775,C100013,A200016,2026-02-28,597.64,Debit,Food,Local Restaurant,Cash,Hyderabad
T00002776,C100013,A200016,2026-03-19,3692.43,Debit,Bills,Water Dept,Debit Card,Hyderabad
T00002777,C100013,A200016,2026-02-27,4222.22,Debit,Other,Misc Merchant,Cash,Hyderabad
T00002778,C100013,A200016,2026-02-26,2378.65,Debit,ATM,ATM Withdrawal,NEFT,Hyderabad
T00002779,C100013,A200016,2026-04-26,3021.23,Debit,ATM,ATM Withdrawal,Net Banking,Hyderabad
T00002780,C100013,A200016,2026-06-06,2073.99,Debit,Other,Misc Merchant,NEFT,Hyderabad
T00002781,C100013,A200016,2026-03-17,1143.77,Debit,Bills,Jio,Debit Card,Hyderabad
T00002782,C100013,A200016,2026-07-07,273.25,Debit,Rent,Landlord Transfer,Credit Card,Hyderabad
T00002783,C100013,A200016,2026-04-25,596.95,Debit,Investment,SIP Auto-debit,Net Banking,Hyderabad
T00002784,C100013,A200016,2026-03-20,432.17,Debit,Other,Misc Merchant,Net Banking,Hyderabad
T00002785,C100013,A200016,2026-07-21,1113.42,Debit,Fuel,Indian Oil,NEFT,Hyderabad
T00002786,C100013,A200016,2026-04-09,694.36,Debit,Other,Misc Merchant,Cash,Hyderabad
T00002787,C100013,A200016,2026-06-08,2462.02,Debit,Healthcare,Apollo Pharmacy,NEFT,Hyderabad
T00002788,C100013,A200016,2026-07-23,539.61,Debit,Education,College Fee,Credit Card,Hyderabad
T00002789,C100013,A200016,2026-04-06,98.77,Debit,Other,Misc Merchant,UPI,Hyderabad
T00002790,C100013,A200016,2026-06-06,5402.18,Debit,Entertainment,Netflix,Credit Card,Hyderabad
T00002791,C100013,A200016,2026-02-16,5441.57,Debit,Other,Misc Merchant,NEFT,Hyderabad
T00002792,C100013,A200016,2026-05-10,2305.26,Debit,ATM,ATM Withdrawal,NEFT,Hyderabad
T00002793,C100013,A200016,2026-05-21,404.04,Debit,Entertainment,BookMyShow,Cash,Hyderabad
T00002794,C100013,A200016,2026-04-28,755.72,Debit,Bills,Jio,Cash,Hyderabad
T00002795,C100013,A200016,2026-02-11,4173.8,Debit,Food,Swiggy,Debit Card,Hyderabad
T00002796,C100013,A200016,2026-07-31,1552.38,Debit,Transfer,P2P Transfer,Debit Card,Hyderabad
T00002797,C100013,A200016,2026-02-18,3189.32,Debit,Entertainment,Netflix,UPI,Hyderabad
T00002798,C100013,A200016,2026-04-13,1742.82,Debit,Other,Misc Merchant,NEFT,Hyderabad
T00002799,C100013,A200016,2026-04-13,812.22,Debit,Entertainment,BookMyShow,Net Banking,Hyderabad
T00002800,C100013,A200016,2026-04-13,312.39,Debit,Other,Misc Merchant,Cash,Hyderabad
T00002801,C100013,A200016,2026-06-29,92.94,Debit,Other,Misc Merchant,Net Banking,Hyderabad
T00002802,C100013,A200016,2026-06-14,2716.27,Debit,Rent,Landlord Transfer,Debit Card,Hyderabad
T00002803,C100013,A200016,2026-03-08,854.22,Debit,ATM,ATM Withdrawal,Credit Card,Hyderabad
T00002804,C100013,A200016,2026-06-04,536.8,Debit,Travel,Uber,UPI,Hyderabad
T00002805,C100013,A200016,2026-04-07,614.23,Debit,Other,Misc Merchant,Net Banking,Hyderabad
T00002806,C100013,A200016,2026-07-21,3101.87,Debit,Other,Misc Merchant,Credit Card,Hyderabad
T00002807,C100013,A200016,2026-05-25,659.25,Debit,Shopping,Flipkart,UPI,Hyderabad
T00002808,C100013,A200016,2026-04-30,3377.68,Debit,Other,Misc Merchant,Credit Card,Hyderabad
T00002809,C100013,A200016,2026-07-11,1146.88,Debit,ATM,ATM Withdrawal,Net Banking,Hyderabad
T00002810,C100013,A200016,2026-05-12,608.91,Debit,Entertainment,Spotify,Cash,Hyderabad
T00002811,C100013,A200016,2026-07-16,368.13,Debit,Entertainment,Netflix,Credit Card,Hyderabad
T00002812,C100013,A200016,2026-04-03,646.06,Debit,Fuel,HP Petrol Pump,Cash,Hyderabad
T00002813,C100013,A200016,2026-07-23,65.53,Debit,Entertainment,Netflix,Debit Card,Hyderabad
T00002814,C100013,A200016,2026-02-12,492.34,Debit,ATM,ATM Withdrawal,UPI,Hyderabad
T00002815,C100013,A200016,2026-02-17,314.78,Debit,Education,Coursera,Credit Card,Hyderabad
T00002816,C100013,A200016,2026-06-12,666.7,Debit,Other,Misc Merchant,NEFT,Hyderabad
T00002817,C100013,A200016,2026-04-28,2850.19,Debit,Rent,Landlord Transfer,UPI,Hyderabad
T00002818,C100013,A200016,2026-03-20,1260.78,Debit,Transfer,P2P Transfer,UPI,Hyderabad
T00002819,C100013,A200016,2026-07-08,2478.94,Debit,Other,Misc Merchant,Cash,Hyderabad
T00002820,C100013,A200016,2026-04-02,2964.12,Debit,Entertainment,PVR,Debit Card,Hyderabad
T00002821,C100013,A200016,2026-05-22,517.84,Debit,Other,Misc Merchant,Net Banking,Hyderabad
T00002822,C100013,A200016,2026-07-23,1107.3,Debit,Other,Misc Merchant,UPI,Hyderabad
T00002823,C100013,A200016,2026-04-10,2000.69,Debit,Other,Misc Merchant,Cash,Hyderabad
T00002824,C100013,A200016,2026-05-24,2116.23,Debit,Other,Misc Merchant,Cash,Hyderabad
T00002825,C100013,A200016,2026-05-21,1925.1,Debit,Other,Misc Merchant,NEFT,Hyderabad
T00002826,C100013,A200016,2026-06-09,1079.61,Debit,Education,College Fee,NEFT,Hyderabad
T00002827,C100013,A200016,2026-07-07,85.71,Debit,Shopping,Local Store,Credit Card,Hyderabad
T00002828,C100013,A200016,2026-07-26,808.44,Debit,Other,Misc Merchant,Net Banking,Hyderabad
T00002829,C100013,A200016,2026-06-16,4124.73,Debit,Investment,Groww,Debit Card,Hyderabad
T00002830,C100013,A200016,2026-04-07,171.22,Debit,ATM,ATM Withdrawal,Debit Card,Hyderabad
T00002831,C100013,A200016,2026-02-16,2618.45,Debit,Food,Zomato,Credit Card,Hyderabad
T00002832,C100013,A200016,2026-03-10,268.19,Debit,Healthcare,1mg,UPI,Hyderabad
T00002833,C100013,A200016,2026-04-24,1471.65,Debit,Shopping,Myntra,Credit Card,Hyderabad
T00002834,C100013,A200016,2026-03-02,3636.24,Debit,Food,Cafe Coffee Day,Debit Card,Hyderabad
T00002835,C100013,A200016,2026-07-25,9475.3,Debit,Shopping,Amazon,NEFT,Hyderabad
T00002836,C100013,A200016,2026-02-20,2856.47,Debit,Fuel,Indian Oil,Cash,Hyderabad
T00002837,C100013,A200016,2026-04-27,1708.47,Debit,ATM,ATM Withdrawal,Net Banking,Hyderabad
T00002838,C100013,A200016,2026-05-26,696.3,Debit,Fuel,Indian Oil,Debit Card,Hyderabad
T00002839,C100013,A200016,2026-05-13,1006.43,Debit,ATM,ATM Withdrawal,NEFT,Hyderabad
T00002840,C100013,A200016,2026-05-20,2189.17,Debit,Food,Zomato,Net Banking,Hyderabad
T00002841,C100013,A200016,2026-06-10,6725.52,Debit,Healthcare,1mg,Credit Card,Hyderabad
T00002842,C100013,A200016,2026-06-16,462.34,Debit,Entertainment,BookMyShow,Cash,Hyderabad
T00002843,C100013,A200016,2026-02-28,1560.54,Debit,Other,Misc Merchant,UPI,Hyderabad
T00002844,C100013,A200016,2026-03-01,2478.33,Debit,Rent,Landlord Transfer,Credit Card,Hyderabad
T00002845,C100013,A200016,2026-06-06,2324.72,Debit,Entertainment,BookMyShow,Debit Card,Hyderabad
T00002846,C100013,A200016,2026-06-16,79.73,Debit,Rent,Landlord Transfer,UPI,Hyderabad
T00002847,C100013,A200016,2026-06-30,1675.17,Debit,Shopping,Amazon,Credit Card,Hyderabad
T00002848,C100013,A200016,2026-05-19,3131.24,Debit,Other,Misc Merchant,UPI,Hyderabad
T00002849,C100013,A200016,2026-04-30,188.87,Debit,ATM,ATM Withdrawal,Cash,Hyderabad
T00002850,C100013,A200016,2026-07-30,1585.12,Debit,Entertainment,Spotify,NEFT,Hyderabad
T00002851,C100013,A200016,2026-02-27,226.11,Debit,Transfer,P2P Transfer,Debit Card,Hyderabad
T00002852,C100013,A200016,2026-07-07,574.45,Debit,Food,Zomato,Credit Card,Hyderabad
T00002853,C100013,A200016,2026-06-17,759.43,Debit,Shopping,Local Store,Cash,Hyderabad
T00002854,C100013,A200016,2026-04-08,381.95,Debit,Other,Misc Merchant,UPI,Hyderabad
T00002855,C100013,A200016,2026-02-28,1317.64,Debit,Other,Misc Merchant,Cash,Hyderabad
T00002856,C100013,A200016,2026-06-30,934.47,Debit,Rent,Landlord Transfer,NEFT,Hyderabad
T00002857,C100013,A200016,2026-07-19,1201.55,Debit,Other,Misc Merchant,UPI,Hyderabad
T00002858,C100013,A200016,2026-03-21,6317.32,Debit,Rent,Landlord Transfer,Debit Card,Hyderabad
T00002859,C100013,A200016,2026-07-29,4863.9,Debit,Rent,Landlord Transfer,UPI,Hyderabad
T00002860,C100013,A200016,2026-03-06,2277.19,Debit,Education,College Fee,Debit Card,Hyderabad
T00002861,C100013,A200016,2026-05-04,1161.98,Debit,Other,Misc Merchant,Credit Card,Hyderabad
T00002862,C100013,A200016,2026-06-28,95.6,Debit,Entertainment,BookMyShow,Debit Card,Hyderabad
T00002863,C100013,A200016,2026-03-16,1586.75,Debit,Healthcare,Local Clinic,Cash,Hyderabad
T00002864,C100013,A200016,2026-02-03,6020.48,Debit,Healthcare,Apollo Pharmacy,Credit Card,Hyderabad
T00002865,C100013,A200016,2026-04-10,4681.31,Debit,Food,Local Restaurant,UPI,Hyderabad
T00002866,C100013,A200016,2026-02-18,119.4,Debit,Food,Cafe Coffee Day,NEFT,Hyderabad
T00002867,C100013,A200016,2026-06-16,971.17,Debit,Education,Coursera,Debit Card,Hyderabad
T00002868,C100013,A200016,2026-06-01,1124.54,Debit,Healthcare,Apollo Pharmacy,Net Banking,Hyderabad
T00002869,C100013,A200016,2026-02-24,1478.37,Debit,Education,Coursera,NEFT,Hyderabad
T00002870,C100013,A200016,2026-07-18,407.71,Debit,Other,Misc Merchant,Net Banking,Hyderabad
T00002871,C100013,A200016,2026-04-05,2793.83,Debit,Healthcare,Local Clinic,Debit Card,Hyderabad
T00002872,C100013,A200016,2026-02-20,1192.81,Debit,Investment,SIP Auto-debit,Credit Card,Hyderabad
T00002873,C100013,A200016,2026-03-06,467.23,Debit,Transfer,P2P Transfer,Net Banking,Hyderabad
T00002874,C100013,A200016,2026-03-19,834.07,Debit,Healthcare,1mg,Cash,Hyderabad
T00002875,C100013,A200016,2026-02-27,489.09,Debit,Healthcare,Local Clinic,Cash,Hyderabad
T00002876,C100013,A200016,2026-04-24,359.63,Debit,Food,Cafe Coffee Day,UPI,Hyderabad
T00002877,C100013,A200016,2026-07-10,115.28,Debit,Rent,Landlord Transfer,Net Banking,Hyderabad
T00002878,C100013,A200016,2026-02-21,313.52,Debit,ATM,ATM Withdrawal,UPI,Hyderabad
T00002879,C100013,A200016,2026-04-23,2976.0,Debit,Rent,Landlord Transfer,UPI,Hyderabad
T00002880,C100013,A200016,2026-05-30,1736.77,Debit,Travel,MakeMyTrip,Net Banking,Hyderabad
T00002881,C100013,A200016,2026-04-28,25.52,Debit,Other,Misc Merchant,Net Banking,Hyderabad
T00002882,C100013,A200016,2026-07-04,285.6,Debit,Other,Misc Merchant,Debit Card,Hyderabad
T00002883,C100013,A200016,2026-06-23,1503.19,Debit,Other,Misc Merchant,UPI,Hyderabad
T00002884,C100013,A200016,2026-04-20,693.12,Debit,Other,Misc Merchant,NEFT,Hyderabad
T00002885,C100013,A200016,2026-07-07,569.26,Debit,Rent,Landlord Transfer,Credit Card,Hyderabad
T00002886,C100013,A200016,2026-03-10,3744.33,Debit,ATM,ATM Withdrawal,UPI,Hyderabad
T00002887,C100013,A200016,2026-08-01,3638.44,Debit,Entertainment,PVR,NEFT,Hyderabad
T00002888,C100013,A200016,2026-04-12,908.73,Debit,Healthcare,1mg,Net Banking,Hyderabad
T00002889,C100013,A200016,2026-07-20,2122.75,Debit,Rent,Landlord Transfer,NEFT,Hyderabad
T00002890,C100013,A200016,2026-02-13,345.36,Debit,Rent,Landlord Transfer,Credit Card,Hyderabad
T00002891,C100013,A200016,2026-05-16,1060.85,Debit,Other,Misc Merchant,Cash,Hyderabad
T00002892,C100013,A200016,2026-07-30,518.69,Debit,Food,Local Restaurant,NEFT,Hyderabad
T00002893,C100013,A200016,2026-07-19,1550.25,Debit,Food,Zomato,Debit Card,Hyderabad
T00002894,C100013,A200016,2026-06-07,755.11,Debit,Shopping,Local Store,NEFT,Hyderabad
T00002895,C100013,A200016,2026-04-30,1017.16,Debit,ATM,ATM Withdrawal,Debit Card,Hyderabad
T00002896,C100013,A200016,2026-04-18,166.25,Debit,Bills,Water Dept,Net Banking,Hyderabad
T00002897,C100013,A200016,2026-02-19,1028.1,Debit,Education,Udemy,Credit Card,Hyderabad
T00002898,C100013,A200016,2026-04-15,5020.31,Debit,Rent,Landlord Transfer,Cash,Hyderabad
T00002899,C100013,A200016,2026-04-10,58.52,Debit,Entertainment,Spotify,Credit Card,Hyderabad
T00002900,C100013,A200016,2026-04-26,2517.94,Debit,Rent,Landlord Transfer,Cash,Hyderabad
T00002901,C100013,A200016,2026-06-28,3914.87,Debit,Food,Cafe Coffee Day,UPI,Hyderabad
T00002902,C100013,A200016,2026-06-14,1810.16,Debit,Investment,SIP Auto-debit,Cash,Hyderabad
T00002903,C100013,A200016,2026-03-01,394.49,Debit,Transfer,P2P Transfer,Net Banking,Hyderabad
T00002904,C100013,A200016,2026-02-28,3947.41,Debit,Fuel,Indian Oil,Credit Card,Hyderabad
T00002905,C100013,A200016,2026-03-17,8390.91,Debit,ATM,ATM Withdrawal,Net Banking,Hyderabad
T00002906,C100013,A200016,2026-02-14,2202.3,Debit,Other,Misc Merchant,UPI,Hyderabad
T00002907,C100013,A200016,2026-06-18,2236.68,Debit,ATM,ATM Withdrawal,Debit Card,Hyderabad
T00002908,C100013,A200016,2026-03-27,4360.33,Debit,Healthcare,1mg,Credit Card,Hyderabad
T00002909,C100013,A200016,2026-06-15,435.24,Debit,Fuel,Indian Oil,UPI,Hyderabad
T00002910,C100013,A200016,2026-07-25,948.18,Debit,Bills,Jio,Net Banking,Hyderabad
T00002911,C100013,A200016,2026-02-23,4427.89,Debit,ATM,ATM Withdrawal,Debit Card,Hyderabad
T00002912,C100013,A200016,2026-07-04,2658.2,Debit,Investment,Zerodha,UPI,Hyderabad
T00002913,C100013,A200016,2026-07-04,4422.25,Debit,Fuel,HP Petrol Pump,UPI,Hyderabad
T00002914,C100013,A200016,2026-05-19,2903.59,Debit,Transfer,P2P Transfer,UPI,Hyderabad
T00002915,C100013,A200016,2026-07-29,283.88,Debit,Healthcare,Local Clinic,Net Banking,Hyderabad
T00002916,C100013,A200016,2026-06-29,3912.93,Debit,ATM,ATM Withdrawal,UPI,Hyderabad
T00002917,C100013,A200016,2026-07-02,2103.76,Debit,Other,Misc Merchant,Net Banking,Hyderabad
T00002918,C100013,A200016,2026-05-21,997.24,Debit,ATM,ATM Withdrawal,Debit Card,Hyderabad
T00002919,C100013,A200016,2026-03-22,5746.64,Debit,Bills,Airtel,Cash,Hyderabad
T00002920,C100013,A200016,2026-07-12,794.04,Debit,Entertainment,PVR,Net Banking,Hyderabad
T00002921,C100013,A200016,2026-06-17,489.46,Debit,ATM,ATM Withdrawal,Cash,Hyderabad
T00002922,C100013,A200016,2026-06-18,3871.25,Debit,Other,Misc Merchant,NEFT,Hyderabad
T00002923,C100013,A200016,2026-03-14,5704.83,Debit,Food,Cafe Coffee Day,Debit Card,Hyderabad
T00002924,C100013,A200016,2026-04-07,998.57,Debit,Fuel,HP Petrol Pump,Credit Card,Hyderabad
T00002925,C100013,A200016,2026-03-24,4310.79,Debit,Other,Misc Merchant,NEFT,Hyderabad
T00002926,C100013,A200016,2026-03-07,1742.69,Debit,Other,Misc Merchant,NEFT,Hyderabad
T00002927,C100013,A200016,2026-03-06,5086.68,Debit,Transfer,P2P Transfer,Net Banking,Hyderabad
T00002928,C100013,A200016,2026-04-09,919.82,Debit,Shopping,Local Store,NEFT,Hyderabad
T00002929,C100013,A200016,2026-02-25,516.96,Debit,ATM,ATM Withdrawal,Credit Card,Hyderabad
T00002930,C100013,A200016,2026-04-22,1058.55,Debit,Entertainment,PVR,Debit Card,Hyderabad
T00002931,C100013,A200016,2026-04-12,2010.65,Debit,Education,Coursera,Net Banking,Hyderabad
T00002932,C100013,A200016,2026-07-12,2966.71,Debit,Other,Misc Merchant,Debit Card,Hyderabad
T00002933,C100013,A200016,2026-04-18,2018.24,Debit,Other,Misc Merchant,Credit Card,Hyderabad
T00002934,C100013,A200016,2026-03-17,2602.63,Debit,Healthcare,Local Clinic,Credit Card,Hyderabad
T00002935,C100013,A200016,2026-03-29,2316.56,Debit,Fuel,HP Petrol Pump,NEFT,Hyderabad
T00002936,C100013,A200016,2026-05-02,2542.99,Debit,Rent,Landlord Transfer,Cash,Hyderabad
T00002937,C100013,A200016,2026-06-08,624.11,Debit,Other,Misc Merchant,Cash,Hyderabad
T00002938,C100013,A200016,2026-02-10,207.48,Debit,Other,Misc Merchant,UPI,Hyderabad
T00002939,C100013,A200016,2026-04-05,4834.38,Debit,Other,Misc Merchant,Cash,Hyderabad
T00002940,C100013,A200016,2026-06-21,4852.09,Debit,Food,Swiggy,Credit Card,Hyderabad
T00002941,C100013,A200016,2026-05-07,1658.18,Debit,Entertainment,Netflix,NEFT,Hyderabad
T00002942,C100013,A200016,2026-03-06,1231.29,Debit,Entertainment,BookMyShow,Debit Card,Hyderabad
T00002943,C100013,A200016,2026-04-10,890.78,Debit,Other,Misc Merchant,Debit Card,Hyderabad
T00002944,C100013,A200016,2026-04-07,413.08,Debit,Rent,Landlord Transfer,Cash,Hyderabad
T00002945,C100013,A200016,2026-02-26,933.4,Debit,Food,Cafe Coffee Day,UPI,Hyderabad
T00002946,C100013,A200016,2026-03-23,2306.07,Debit,Healthcare,Apollo Pharmacy,Debit Card,Hyderabad
T00002947,C100013,A200016,2026-03-13,1441.72,Debit,Shopping,Flipkart,NEFT,Hyderabad
T00002948,C100013,A200016,2026-05-24,1799.14,Debit,Other,Misc Merchant,Debit Card,Hyderabad
T00002949,C100013,A200016,2026-04-16,314.92,Debit,Other,Misc Merchant,NEFT,Hyderabad
T00002950,C100013,A200016,2026-07-06,727.29,Debit,ATM,ATM Withdrawal,NEFT,Hyderabad
T00002951,C100013,A200016,2026-05-23,6183.0,Debit,Food,Cafe Coffee Day,NEFT,Hyderabad
T00002952,C100013,A200016,2026-07-24,2766.89,Debit,ATM,ATM Withdrawal,Credit Card,Hyderabad
T00002953,C100013,A200016,2026-07-30,1281.36,Debit,Food,Cafe Coffee Day,Credit Card,Hyderabad
T00002954,C100013,A200016,2026-03-04,200.73,Debit,Fuel,Indian Oil,Cash,Hyderabad
T00002955,C100013,A200016,2026-06-12,1267.42,Debit,Other,Misc Merchant,Net Banking,Hyderabad
T00002956,C100013,A200016,2026-06-20,981.96,Debit,ATM,ATM Withdrawal,Debit Card,Hyderabad
T00002957,C100013,A200016,2026-04-03,157.49,Debit,Food,Local Restaurant,NEFT,Hyderabad
T00002958,C100013,A200016,2026-05-31,3383.93,Debit,ATM,ATM Withdrawal,Credit Card,Hyderabad
T00002959,C100013,A200016,2026-07-31,88274.44,Credit,Salary,Employer,NEFT,Hyderabad
T00002960,C100013,A200016,2026-07-02,86370.38,Credit,Salary,Employer,NEFT,Hyderabad
T00002961,C100013,A200016,2026-06-01,88389.72,Credit,Salary,Employer,NEFT,Hyderabad
T00002962,C100013,A200016,2026-05-03,85648.65,Credit,Salary,Employer,NEFT,Hyderabad
T00002963,C100013,A200016,2026-04-02,86056.61,Credit,Salary,Employer,NEFT,Hyderabad
T00002964,C100013,A200016,2026-03-04,85967.07,Credit,Salary,Employer,NEFT,Hyderabad
T00002965,C100014,A200017,2026-07-09,4231.39,Debit,Other,Misc Merchant,Cash,Chennai
T00002966,C100014,A200017,2026-03-27,6126.08,Debit,Rent,Landlord Transfer,Cash,Chennai
T00002967,C100014,A200017,2026-05-29,3094.48,Debit,Travel,Uber,Cash,Chennai
T00002968,C100014,A200017,2026-04-30,2588.93,Debit,Travel,MakeMyTrip,Credit Card,Chennai
T00002969,C100014,A200017,2026-07-23,5656.99,Debit,Healthcare,Local Clinic,Cash,Chennai
T00002970,C100014,A200017,2026-03-02,2794.8,Debit,Entertainment,Netflix,UPI,Chennai
T00002971,C100014,A200017,2026-04-28,1979.9,Debit,Transfer,P2P Transfer,NEFT,Chennai
T00002972,C100014,A200017,2026-07-09,1200.73,Debit,Healthcare,Apollo Pharmacy,NEFT,Chennai
T00002973,C100014,A200017,2026-07-01,256.17,Debit,Education,Udemy,Debit Card,Chennai
T00002974,C100014,A200017,2026-04-07,1457.1,Debit,Bills,Electricity Board,UPI,Chennai
T00002975,C100014,A200017,2026-03-12,1241.79,Debit,Travel,Uber,Net Banking,Chennai
T00002976,C100014,A200017,2026-02-18,3294.3,Debit,Other,Misc Merchant,UPI,Chennai
T00002977,C100014,A200017,2026-02-20,3440.58,Debit,Entertainment,BookMyShow,Credit Card,Chennai
T00002978,C100014,A200017,2026-05-10,3145.68,Debit,Healthcare,Local Clinic,Credit Card,Chennai
T00002979,C100014,A200017,2026-04-15,1943.35,Debit,Entertainment,PVR,Net Banking,Chennai
T00002980,C100014,A200017,2026-03-20,2025.5,Debit,Other,Misc Merchant,Debit Card,Chennai
T00002981,C100014,A200017,2026-06-07,974.94,Debit,Education,College Fee,Debit Card,Chennai
T00002982,C100014,A200017,2026-03-04,786.08,Debit,Fuel,Indian Oil,Debit Card,Chennai
T00002983,C100014,A200017,2026-05-08,982.19,Debit,Rent,Landlord Transfer,Net Banking,Chennai
T00002984,C100014,A200017,2026-02-21,12452.62,Debit,Other,Misc Merchant,Net Banking,Chennai
T00002985,C100014,A200017,2026-06-02,692.7,Debit,Other,Misc Merchant,Cash,Chennai
T00002986,C100014,A200017,2026-04-15,9098.37,Debit,Entertainment,BookMyShow,Debit Card,Chennai
T00002987,C100014,A200017,2026-07-08,1615.37,Debit,Other,Misc Merchant,UPI,Chennai
T00002988,C100014,A200017,2026-04-19,3013.1,Debit,Fuel,HP Petrol Pump,UPI,Chennai
T00002989,C100014,A200017,2026-04-10,3289.8,Debit,Other,Misc Merchant,Cash,Chennai
T00002990,C100014,A200017,2026-06-30,9350.43,Debit,Shopping,Local Store,Cash,Chennai
T00002991,C100014,A200017,2026-02-08,3345.9,Debit,Fuel,HP Petrol Pump,NEFT,Chennai
T00002992,C100014,A200017,2026-03-16,9132.89,Debit,Healthcare,1mg,UPI,Chennai
T00002993,C100014,A200017,2026-03-21,450.89,Debit,Travel,Uber,Debit Card,Chennai
T00002994,C100014,A200017,2026-06-03,1030.13,Debit,Fuel,Indian Oil,Cash,Chennai
T00002995,C100014,A200017,2026-04-18,8433.64,Debit,Shopping,Amazon,Debit Card,Chennai
T00002996,C100014,A200017,2026-02-07,3443.49,Debit,Fuel,HP Petrol Pump,Debit Card,Chennai
T00002997,C100014,A200017,2026-02-24,54.03,Debit,Fuel,Indian Oil,Debit Card,Chennai
T00002998,C100014,A200017,2026-05-05,4207.66,Debit,Healthcare,1mg,Cash,Chennai
T00002999,C100014,A200017,2026-06-19,2357.52,Debit,Bills,Electricity Board,Net Banking,Chennai
T00003000,C100014,A200017,2026-05-22,1795.4,Debit,Food,Zomato,Debit Card,Chennai
